page,row_y,cusip,numeric_ordinal_on_row,numeric_text,x_start,diagnostic_boundary
5969,62.761,149754-AN-3,1,"6,821,046",342.160,native PDF coordinate evidence; not yet assigned to accounting columns
5969,62.761,149754-AN-3,2,5.000,666.280,native PDF coordinate evidence; not yet assigned to accounting columns
5969,62.761,149754-AN-3,3,0.000,694.720,native PDF coordinate evidence; not yet assigned to accounting columns
5969,62.761,149754-AN-3,4,"63,802",941.800,native PDF coordinate evidence; not yet assigned to accounting columns
5969,70.801,12643H-AM-2,1,"8,059,574",316.840,native PDF coordinate evidence; not yet assigned to accounting columns
5969,70.801,12643H-AM-2,2,"8,395,714",342.160,native PDF coordinate evidence; not yet assigned to accounting columns
5969,70.801,12643H-AM-2,3,"7,931,837",391.360,native PDF coordinate evidence; not yet assigned to accounting columns
5969,70.801,12643H-AM-2,4,"8,107,314",468.160,native PDF coordinate evidence; not yet assigned to accounting columns
5969,70.801,12643H-AM-2,5,"29,798",555.280,native PDF coordinate evidence; not yet assigned to accounting columns
5969,70.801,12643H-AM-2,6,4.001,666.280,native PDF coordinate evidence; not yet assigned to accounting columns
5969,70.801,12643H-AM-2,7,5.144,695.080,native PDF coordinate evidence; not yet assigned to accounting columns
5969,70.801,12643H-AM-2,8,"27,995",736.600,native PDF coordinate evidence; not yet assigned to accounting columns
5969,70.801,12643H-AM-2,9,"335,218",813.760,native PDF coordinate evidence; not yet assigned to accounting columns
5969,70.801,12643H-AM-2,10,"56,057",941.800,native PDF coordinate evidence; not yet assigned to accounting columns
5969,78.841,12633P-EA-8,1,"1,925,000",342.160,native PDF coordinate evidence; not yet assigned to accounting columns
5969,78.841,12633P-EA-8,2,19,391.360,native PDF coordinate evidence; not yet assigned to accounting columns
5969,78.841,12633P-EA-8,3,6.500,666.280,native PDF coordinate evidence; not yet assigned to accounting columns
5969,78.841,12633P-EA-8,4,0.000,694.720,native PDF coordinate evidence; not yet assigned to accounting columns
5969,78.841,12633P-EA-8,5,"13,153",941.920,native PDF coordinate evidence; not yet assigned to accounting columns
5969,86.881,12633P-DS-0,1,"6,411,293",342.160,native PDF coordinate evidence; not yet assigned to accounting columns
5969,86.881,12633P-DS-0,2,5.500,666.400,native PDF coordinate evidence; not yet assigned to accounting columns
5969,86.881,12633P-DS-0,3,0.000,694.720,native PDF coordinate evidence; not yet assigned to accounting columns
5969,86.881,12633P-DS-0,4,"41,658",941.800,native PDF coordinate evidence; not yet assigned to accounting columns
5969,94.921,12633P-DE-1,1,"1,807,810",366.520,native PDF coordinate evidence; not yet assigned to accounting columns
5969,94.921,12633P-DE-1,2,18,391.360,native PDF coordinate evidence; not yet assigned to accounting columns
5969,94.921,12633P-DE-1,3,5.500,666.400,native PDF coordinate evidence; not yet assigned to accounting columns
5969,94.921,12633P-DE-1,4,0.000,694.720,native PDF coordinate evidence; not yet assigned to accounting columns
5969,94.921,12633P-DE-1,5,"12,815",941.800,native PDF coordinate evidence; not yet assigned to accounting columns
5969,102.961,12587P-CU-2,1,"943,284",372.160,native PDF coordinate evidence; not yet assigned to accounting columns
5969,102.961,12587P-CU-2,2,6.500,666.280,native PDF coordinate evidence; not yet assigned to accounting columns
5969,102.961,12587P-CU-2,3,0.000,694.720,native PDF coordinate evidence; not yet assigned to accounting columns
5969,102.961,12587P-CU-2,4,"8,428",921.400,native PDF coordinate evidence; not yet assigned to accounting columns
5969,111.001,12587P-CE-8,1,"4,390,000",342.160,native PDF coordinate evidence; not yet assigned to accounting columns
5969,111.001,12587P-CE-8,2,6.500,666.280,native PDF coordinate evidence; not yet assigned to accounting columns
5969,111.001,12587P-CE-8,3,0.000,694.720,native PDF coordinate evidence; not yet assigned to accounting columns
5969,111.001,12587P-CE-8,4,"39,364",921.400,native PDF coordinate evidence; not yet assigned to accounting columns
5969,119.041,12587P-CD-0,1,"1,201,435",342.160,native PDF coordinate evidence; not yet assigned to accounting columns
5969,119.041,12587P-CD-0,2,6.500,666.280,native PDF coordinate evidence; not yet assigned to accounting columns
5969,119.041,12587P-CD-0,3,0.000,694.720,native PDF coordinate evidence; not yet assigned to accounting columns
5969,119.041,12587P-CD-0,4,"10,773",941.680,native PDF coordinate evidence; not yet assigned to accounting columns
5969,127.081,12587P-BU-3,1,"2,025,000",342.160,native PDF coordinate evidence; not yet assigned to accounting columns
5969,127.081,12587P-BU-3,2,6.000,666.160,native PDF coordinate evidence; not yet assigned to accounting columns
5969,127.081,12587P-BU-3,3,0.000,694.720,native PDF coordinate evidence; not yet assigned to accounting columns
5969,127.081,12587P-BU-3,4,"17,689",941.680,native PDF coordinate evidence; not yet assigned to accounting columns
5969,135.121,12587P-AZ-3,1,"527,451",372.040,native PDF coordinate evidence; not yet assigned to accounting columns
5969,135.121,12587P-AZ-3,2,6.000,666.160,native PDF coordinate evidence; not yet assigned to accounting columns
5969,135.121,12587P-AZ-3,3,0.000,694.720,native PDF coordinate evidence; not yet assigned to accounting columns
5969,135.121,12587P-AZ-3,4,"4,590",944.439,native PDF coordinate evidence; not yet assigned to accounting columns
5969,143.161,12587P-AX-8,1,"545,000",371.920,native PDF coordinate evidence; not yet assigned to accounting columns
5969,143.161,12587P-AX-8,2,6.000,666.160,native PDF coordinate evidence; not yet assigned to accounting columns
5969,143.161,12587P-AX-8,3,0.000,694.720,native PDF coordinate evidence; not yet assigned to accounting columns
5969,143.161,12587P-AX-8,4,"4,761",921.400,native PDF coordinate evidence; not yet assigned to accounting columns
5969,151.201,12587P-AW-0,1,"256,287",371.920,native PDF coordinate evidence; not yet assigned to accounting columns
5969,151.201,12587P-AW-0,2,6.000,666.160,native PDF coordinate evidence; not yet assigned to accounting columns
5969,151.201,12587P-AW-0,3,0.000,694.720,native PDF coordinate evidence; not yet assigned to accounting columns
5969,151.201,12587P-AW-0,4,"2,239",944.560,native PDF coordinate evidence; not yet assigned to accounting columns
5969,159.241,125879-JG-2,1,"387,579",371.920,native PDF coordinate evidence; not yet assigned to accounting columns
5969,159.241,125879-JG-2,2,5.500,666.400,native PDF coordinate evidence; not yet assigned to accounting columns
5969,159.241,125879-JG-2,3,0.000,694.720,native PDF coordinate evidence; not yet assigned to accounting columns
5969,159.241,125879-JG-2,4,"3,498",944.439,native PDF coordinate evidence; not yet assigned to accounting columns
5969,167.281,045442-AA-8,1,"231,989",372.040,native PDF coordinate evidence; not yet assigned to accounting columns
5969,167.281,045442-AA-8,2,5.900,666.400,native PDF coordinate evidence; not yet assigned to accounting columns
5969,167.281,045442-AA-8,3,0.000,694.720,native PDF coordinate evidence; not yet assigned to accounting columns
5969,167.281,045442-AA-8,4,"2,179",921.400,native PDF coordinate evidence; not yet assigned to accounting columns
5969,175.321,000778-BR-0,1,"1,858,569",342.160,native PDF coordinate evidence; not yet assigned to accounting columns
5969,175.321,000778-BR-0,2,5.250,666.520,native PDF coordinate evidence; not yet assigned to accounting columns
5969,175.321,000778-BR-0,3,0.000,694.720,native PDF coordinate evidence; not yet assigned to accounting columns
5969,175.321,000778-BR-0,4,"16,745",941.800,native PDF coordinate evidence; not yet assigned to accounting columns
5969,183.361,000778-BM-1,1,"1,531,263",342.160,native PDF coordinate evidence; not yet assigned to accounting columns
5969,183.361,000778-BM-1,2,4.750,666.400,native PDF coordinate evidence; not yet assigned to accounting columns
5969,183.361,000778-BM-1,3,0.000,694.720,native PDF coordinate evidence; not yet assigned to accounting columns
5969,183.361,000778-BM-1,4,"13,637",941.800,native PDF coordinate evidence; not yet assigned to accounting columns
5969,191.401,000000-00-0,1,"395,041",321.880,native PDF coordinate evidence; not yet assigned to accounting columns
5969,191.401,000000-00-0,2,"400,320",371.920,native PDF coordinate evidence; not yet assigned to accounting columns
5969,191.401,000000-00-0,3,"406,057",421.000,native PDF coordinate evidence; not yet assigned to accounting columns
5969,191.401,000000-00-0,4,"400,320",473.320,native PDF coordinate evidence; not yet assigned to accounting columns
5969,191.401,000000-00-0,5,"29,040",635.200,native PDF coordinate evidence; not yet assigned to accounting columns
5969,191.401,000000-00-0,6,6.548,666.400,native PDF coordinate evidence; not yet assigned to accounting columns
5969,191.401,000000-00-0,7,6.916,694.840,native PDF coordinate evidence; not yet assigned to accounting columns
5969,191.401,000000-00-0,8,"1,221",769.360,native PDF coordinate evidence; not yet assigned to accounting columns
5969,191.401,000000-00-0,9,"26,529",785.800,native PDF coordinate evidence; not yet assigned to accounting columns
5969,191.401,000000-00-0,10,"230,710",939.280,native PDF coordinate evidence; not yet assigned to accounting columns
5969,199.441,000000-00-0,1,"329,201",321.880,native PDF coordinate evidence; not yet assigned to accounting columns
5969,199.441,000000-00-0,2,"333,600",371.920,native PDF coordinate evidence; not yet assigned to accounting columns
5969,199.441,000000-00-0,3,"337,312",421.240,native PDF coordinate evidence; not yet assigned to accounting columns
5969,199.441,000000-00-0,4,"333,600",473.320,native PDF coordinate evidence; not yet assigned to accounting columns
5969,199.441,000000-00-0,5,"24,200",635.200,native PDF coordinate evidence; not yet assigned to accounting columns
5969,199.441,000000-00-0,6,6.048,666.280,native PDF coordinate evidence; not yet assigned to accounting columns
5969,199.441,000000-00-0,7,6.394,695.080,native PDF coordinate evidence; not yet assigned to accounting columns
5969,199.441,000000-00-0,8,940,774.400,native PDF coordinate evidence; not yet assigned to accounting columns
5969,199.441,000000-00-0,9,"20,497",785.800,native PDF coordinate evidence; not yet assigned to accounting columns
5969,199.441,000000-00-0,10,"192,167",939.280,native PDF coordinate evidence; not yet assigned to accounting columns
5969,207.481,000000-00-0,1,"790,082",321.640,native PDF coordinate evidence; not yet assigned to accounting columns
5969,207.481,000000-00-0,2,"800,641",371.680,native PDF coordinate evidence; not yet assigned to accounting columns
5969,207.481,000000-00-0,3,"807,266",420.880,native PDF coordinate evidence; not yet assigned to accounting columns
5969,207.481,000000-00-0,4,"800,641",440.560,native PDF coordinate evidence; not yet assigned to accounting columns
5969,207.481,000000-00-0,5,"58,080",634.960,native PDF coordinate evidence; not yet assigned to accounting columns
5969,207.481,000000-00-0,6,5.598,666.520,native PDF coordinate evidence; not yet assigned to accounting columns
5969,207.481,000000-00-0,7,6.275,694.960,native PDF coordinate evidence; not yet assigned to accounting columns
5969,207.481,000000-00-0,8,"2,087",769.239,native PDF coordinate evidence; not yet assigned to accounting columns
5969,207.481,000000-00-0,9,"45,715",785.800,native PDF coordinate evidence; not yet assigned to accounting columns
5969,207.481,000000-00-0,10,"461,003",939.280,native PDF coordinate evidence; not yet assigned to accounting columns
5969,215.521,000000-00-0,1,"25,032,524",287.920,native PDF coordinate evidence; not yet assigned to accounting columns
5969,215.521,000000-00-0,2,"31,012,222",364.600,native PDF coordinate evidence; not yet assigned to accounting columns
5969,215.521,000000-00-0,3,"31,023,014",413.680,native PDF coordinate evidence; not yet assigned to accounting columns
5969,215.521,000000-00-0,4,"30,591,572",466.000,native PDF coordinate evidence; not yet assigned to accounting columns
5969,215.521,000000-00-0,5,"109,574",552.760,native PDF coordinate evidence; not yet assigned to accounting columns
5969,215.521,000000-00-0,6,"3,636,287",614.680,native PDF coordinate evidence; not yet assigned to accounting columns
5969,215.521,000000-00-0,7,2.772,666.400,native PDF coordinate evidence; not yet assigned to accounting columns
5969,215.521,000000-00-0,8,4.570,694.960,native PDF coordinate evidence; not yet assigned to accounting columns
5969,215.521,000000-00-0,9,"155,216",764.440,native PDF coordinate evidence; not yet assigned to accounting columns
5969,215.521,000000-00-0,10,"950,528",813.760,native PDF coordinate evidence; not yet assigned to accounting columns
5969,215.521,000000-00-0,11,"883,746",939.280,native PDF coordinate evidence; not yet assigned to accounting columns
5969,223.561,000000-00-0,1,"1,908,907",287.920,native PDF coordinate evidence; not yet assigned to accounting columns
5969,223.561,000000-00-0,2,"2,021,563",342.160,native PDF coordinate evidence; not yet assigned to accounting columns
5969,223.561,000000-00-0,3,"2,082,559",416.320,native PDF coordinate evidence; not yet assigned to accounting columns
5969,223.561,000000-00-0,4,"2,021,563",468.400,native PDF coordinate evidence; not yet assigned to accounting columns
5969,223.561,000000-00-0,5,"144,005",632.680,native PDF coordinate evidence; not yet assigned to accounting columns
5969,223.561,000000-00-0,6,7.223,666.520,native PDF coordinate evidence; not yet assigned to accounting columns
5969,223.561,000000-00-0,7,7.553,695.080,native PDF coordinate evidence; not yet assigned to accounting columns
5969,223.561,000000-00-0,8,"4,098",769.360,native PDF coordinate evidence; not yet assigned to accounting columns
5969,223.561,000000-00-0,9,"154,523",813.880,native PDF coordinate evidence; not yet assigned to accounting columns
5969,223.561,000000-00-0,10,"1,919,631",921.400,native PDF coordinate evidence; not yet assigned to accounting columns
5969,231.601,000000-00-0,1,"1,667,112",287.920,native PDF coordinate evidence; not yet assigned to accounting columns
5969,231.601,000000-00-0,2,"1,765,499",342.160,native PDF coordinate evidence; not yet assigned to accounting columns
5969,231.601,000000-00-0,3,"1,803,141",391.360,native PDF coordinate evidence; not yet assigned to accounting columns
5969,231.601,000000-00-0,4,"1,765,499",468.400,native PDF coordinate evidence; not yet assigned to accounting columns
5969,231.601,000000-00-0,5,"125,765",632.680,native PDF coordinate evidence; not yet assigned to accounting columns
5969,231.601,000000-00-0,6,6.223,666.520,native PDF coordinate evidence; not yet assigned to accounting columns
5969,231.601,000000-00-0,7,6.509,694.960,native PDF coordinate evidence; not yet assigned to accounting columns
5969,231.601,000000-00-0,8,"3,096",769.360,native PDF coordinate evidence; not yet assigned to accounting columns
5969,231.601,000000-00-0,9,"117,564",813.520,native PDF coordinate evidence; not yet assigned to accounting columns
5969,231.601,000000-00-0,10,"1,675,062",921.400,native PDF coordinate evidence; not yet assigned to accounting columns
5969,239.641,000000-00-0,1,"20,759,999",287.920,native PDF coordinate evidence; not yet assigned to accounting columns
5969,239.641,000000-00-0,2,"21,985,175",364.480,native PDF coordinate evidence; not yet assigned to accounting columns
5969,239.641,000000-00-0,3,"22,221,527",391.360,native PDF coordinate evidence; not yet assigned to accounting columns
5969,239.641,000000-00-0,4,"21,985,175",465.880,native PDF coordinate evidence; not yet assigned to accounting columns
5969,239.641,000000-00-0,5,"1,566,104",614.680,native PDF coordinate evidence; not yet assigned to accounting columns
5969,239.641,000000-00-0,6,5.973,666.520,native PDF coordinate evidence; not yet assigned to accounting columns
5969,239.641,000000-00-0,7,6.112,694.840,native PDF coordinate evidence; not yet assigned to accounting columns
5969,239.641,000000-00-0,8,"273,072",764.440,native PDF coordinate evidence; not yet assigned to accounting columns
5969,239.641,000000-00-0,9,"1,424,411",785.800,native PDF coordinate evidence; not yet assigned to accounting columns
5969,239.641,000000-00-0,10,"21,035,425",932.200,native PDF coordinate evidence; not yet assigned to accounting columns
5969,247.681,BCC0YF-7J-1,1,10,342.160,native PDF coordinate evidence; not yet assigned to accounting columns
5969,247.681,BCC0YF-7J-1,2,5.290,666.520,native PDF coordinate evidence; not yet assigned to accounting columns
5969,247.681,BCC0YF-7J-1,3,0.000,694.720,native PDF coordinate evidence; not yet assigned to accounting columns
5969,255.721,94987V-AL-5,1,"1,897,746",287.920,native PDF coordinate evidence; not yet assigned to accounting columns
5969,255.721,94987V-AL-5,2,"2,640,342",367.120,native PDF coordinate evidence; not yet assigned to accounting columns
5969,255.721,94987V-AL-5,3,"1,386,294",391.360,native PDF coordinate evidence; not yet assigned to accounting columns
5969,255.721,94987V-AL-5,4,"1,578,386",468.160,native PDF coordinate evidence; not yet assigned to accounting columns
5969,255.721,94987V-AL-5,5,"(136,441)",550.240,native PDF coordinate evidence; not yet assigned to accounting columns
5969,255.721,94987V-AL-5,6,4.147,666.400,native PDF coordinate evidence; not yet assigned to accounting columns
5969,255.721,94987V-AL-5,7,3.485,695.080,native PDF coordinate evidence; not yet assigned to accounting columns
5969,255.721,94987V-AL-5,8,"9,124",769.480,native PDF coordinate evidence; not yet assigned to accounting columns
5969,255.721,94987V-AL-5,9,"120,506",813.520,native PDF coordinate evidence; not yet assigned to accounting columns
5969,263.761,94987U-AG-8,1,"2,122,399",317.080,native PDF coordinate evidence; not yet assigned to accounting columns
5969,263.761,94987U-AG-8,2,"2,285,848",342.160,native PDF coordinate evidence; not yet assigned to accounting columns
5969,263.761,94987U-AG-8,3,"2,233,173",416.320,native PDF coordinate evidence; not yet assigned to accounting columns
5969,263.761,94987U-AG-8,4,"2,109,507",468.280,native PDF coordinate evidence; not yet assigned to accounting columns
5969,263.761,94987U-AG-8,5,"(14,807)",552.520,native PDF coordinate evidence; not yet assigned to accounting columns
5969,263.761,94987U-AG-8,6,5.870,666.280,native PDF coordinate evidence; not yet assigned to accounting columns
5969,263.761,94987U-AG-8,7,7.880,694.720,native PDF coordinate evidence; not yet assigned to accounting columns
5969,263.761,94987U-AG-8,8,"11,182",766.720,native PDF coordinate evidence; not yet assigned to accounting columns
5969,263.761,94987U-AG-8,9,"154,647",813.640,native PDF coordinate evidence; not yet assigned to accounting columns
5969,263.761,94987U-AG-8,10,3,954.280,native PDF coordinate evidence; not yet assigned to accounting columns
5969,271.801,94987F-AJ-5,1,"738,101",321.520,native PDF coordinate evidence; not yet assigned to accounting columns
5969,271.801,94987F-AJ-5,2,"806,999",371.920,native PDF coordinate evidence; not yet assigned to accounting columns
5969,271.801,94987F-AJ-5,3,"806,030",420.880,native PDF coordinate evidence; not yet assigned to accounting columns
5969,271.801,94987F-AJ-5,4,"713,859",473.320,native PDF coordinate evidence; not yet assigned to accounting columns
5969,271.801,94987F-AJ-5,5,"(15,146)",552.640,native PDF coordinate evidence; not yet assigned to accounting columns
5969,271.801,94987F-AJ-5,6,6.022,666.400,native PDF coordinate evidence; not yet assigned to accounting columns
5969,271.801,94987F-AJ-5,7,9.657,694.960,native PDF coordinate evidence; not yet assigned to accounting columns
5969,271.801,94987F-AJ-5,8,"4,050",769.360,native PDF coordinate evidence; not yet assigned to accounting columns
5969,271.801,94987F-AJ-5,9,"52,535",785.800,native PDF coordinate evidence; not yet assigned to accounting columns
5969,271.801,94987F-AJ-5,10,"9,898",921.400,native PDF coordinate evidence; not yet assigned to accounting columns
5969,279.841,94986L-AK-0,1,5,386.800,native PDF coordinate evidence; not yet assigned to accounting columns
5969,279.841,94986L-AK-0,2,6.000,666.160,native PDF coordinate evidence; not yet assigned to accounting columns
5969,279.841,94986L-AK-0,3,0.000,694.720,native PDF coordinate evidence; not yet assigned to accounting columns
5969,287.881,94986K-AA-4,1,"397,600",321.640,native PDF coordinate evidence; not yet assigned to accounting columns
5969,287.881,94986K-AA-4,2,"427,772",371.920,native PDF coordinate evidence; not yet assigned to accounting columns
5969,287.881,94986K-AA-4,3,"389,343",421.360,native PDF coordinate evidence; not yet assigned to accounting columns
5969,287.881,94986K-AA-4,4,"406,320",473.320,native PDF coordinate evidence; not yet assigned to accounting columns
5969,287.881,94986K-AA-4,5,"17,769",555.040,native PDF coordinate evidence; not yet assigned to accounting columns
5969,287.881,94986K-AA-4,6,"4,411",574.720,native PDF coordinate evidence; not yet assigned to accounting columns
5969,287.881,94986K-AA-4,7,6.037,666.280,native PDF coordinate evidence; not yet assigned to accounting columns
5969,287.881,94986K-AA-4,8,5.011,694.840,native PDF coordinate evidence; not yet assigned to accounting columns
5969,287.881,94986K-AA-4,9,"2,152",769.480,native PDF coordinate evidence; not yet assigned to accounting columns
5969,287.881,94986K-AA-4,10,"27,843",785.800,native PDF coordinate evidence; not yet assigned to accounting columns
5969,287.881,94986K-AA-4,11,4,954.280,native PDF coordinate evidence; not yet assigned to accounting columns
5969,295.921,94985Q-AB-0,1,"338,614",321.760,native PDF coordinate evidence; not yet assigned to accounting columns
5969,295.921,94985Q-AB-0,2,"399,036",372.040,native PDF coordinate evidence; not yet assigned to accounting columns
5969,295.921,94985Q-AB-0,3,"319,931",421.240,native PDF coordinate evidence; not yet assigned to accounting columns
5969,295.921,94985Q-AB-0,4,"319,931",473.440,native PDF coordinate evidence; not yet assigned to accounting columns
5969,295.921,94985Q-AB-0,5,"(38,289)",512.800,native PDF coordinate evidence; not yet assigned to accounting columns
5969,295.921,94985Q-AB-0,6,"15,423",534.760,native PDF coordinate evidence; not yet assigned to accounting columns
5969,295.921,94985Q-AB-0,7,5.122,666.520,native PDF coordinate evidence; not yet assigned to accounting columns
5969,295.921,94985Q-AB-0,8,9.139,695.080,native PDF coordinate evidence; not yet assigned to accounting columns
5969,295.921,94985Q-AB-0,9,"1,703",769.239,native PDF coordinate evidence; not yet assigned to accounting columns
5969,295.921,94985Q-AB-0,10,"21,120",785.800,native PDF coordinate evidence; not yet assigned to accounting columns
5969,295.921,94985Q-AB-0,11,63,921.400,native PDF coordinate evidence; not yet assigned to accounting columns
5969,303.961,94985J-CA-6,1,"221,449",287.920,native PDF coordinate evidence; not yet assigned to accounting columns
5969,303.961,94985J-CA-6,2,"259,421",372.160,native PDF coordinate evidence; not yet assigned to accounting columns
5969,303.961,94985J-CA-6,3,"243,196",421.240,native PDF coordinate evidence; not yet assigned to accounting columns
5969,303.961,94985J-CA-6,4,"227,877",473.200,native PDF coordinate evidence; not yet assigned to accounting columns
5969,303.961,94985J-CA-6,5,"2,668",534.760,native PDF coordinate evidence; not yet assigned to accounting columns
5969,303.961,94985J-CA-6,6,6.000,666.160,native PDF coordinate evidence; not yet assigned to accounting columns
5969,303.961,94985J-CA-6,7,8.276,694.840,native PDF coordinate evidence; not yet assigned to accounting columns
5969,303.961,94985J-CA-6,8,"1,297",769.360,native PDF coordinate evidence; not yet assigned to accounting columns
5969,303.961,94985J-CA-6,9,"15,563",785.800,native PDF coordinate evidence; not yet assigned to accounting columns
5969,312.001,94985J-BU-3,1,"29,934",324.520,native PDF coordinate evidence; not yet assigned to accounting columns
5969,312.001,94985J-BU-3,2,"33,769",342.160,native PDF coordinate evidence; not yet assigned to accounting columns
5969,312.001,94985J-BU-3,3,"29,955",391.360,native PDF coordinate evidence; not yet assigned to accounting columns
5969,312.001,94985J-BU-3,4,"30,085",475.720,native PDF coordinate evidence; not yet assigned to accounting columns
5969,312.001,94985J-BU-3,5,151,562.600,native PDF coordinate evidence; not yet assigned to accounting columns
5969,312.001,94985J-BU-3,6,4.346,666.520,native PDF coordinate evidence; not yet assigned to accounting columns
5969,312.001,94985J-BU-3,7,6.604,694.840,native PDF coordinate evidence; not yet assigned to accounting columns
5969,312.001,94985J-BU-3,8,25,776.920,native PDF coordinate evidence; not yet assigned to accounting columns
5969,312.001,94985J-BU-3,9,949,785.800,native PDF coordinate evidence; not yet assigned to accounting columns
5969,312.001,94985J-BU-3,10,364,949.360,native PDF coordinate evidence; not yet assigned to accounting columns
5969,320.041,94985G-BF-2,1,"3,845",426.160,native PDF coordinate evidence; not yet assigned to accounting columns
5969,320.041,94985G-BF-2,2,"3,845",478.360,native PDF coordinate evidence; not yet assigned to accounting columns
5969,320.041,94985G-BF-2,3,207,522.640,native PDF coordinate evidence; not yet assigned to accounting columns
5969,320.041,94985G-BF-2,4,0.250,666.400,native PDF coordinate evidence; not yet assigned to accounting columns
5969,320.041,94985G-BF-2,5,0.000,694.720,native PDF coordinate evidence; not yet assigned to accounting columns
5969,320.041,94985G-BF-2,6,981,823.480,native PDF coordinate evidence; not yet assigned to accounting columns
5969,328.081,94985A-AB-5,1,"529,924",287.920,native PDF coordinate evidence; not yet assigned to accounting columns
5969,328.081,94985A-AB-5,2,"551,302",372.040,native PDF coordinate evidence; not yet assigned to accounting columns
5969,328.081,94985A-AB-5,3,"526,013",421.120,native PDF coordinate evidence; not yet assigned to accounting columns
5969,328.081,94985A-AB-5,4,"525,355",473.680,native PDF coordinate evidence; not yet assigned to accounting columns
5969,328.081,94985A-AB-5,5,"(4,569)",555.280,native PDF coordinate evidence; not yet assigned to accounting columns
5969,328.081,94985A-AB-5,6,6.756,666.280,native PDF coordinate evidence; not yet assigned to accounting columns
5969,328.081,94985A-AB-5,7,5.711,694.840,native PDF coordinate evidence; not yet assigned to accounting columns
5969,328.081,94985A-AB-5,8,"3,104",769.360,native PDF coordinate evidence; not yet assigned to accounting columns
5969,328.081,94985A-AB-5,9,"32,843",785.800,native PDF coordinate evidence; not yet assigned to accounting columns
5969,328.081,94985A-AB-5,10,8,954.159,native PDF coordinate evidence; not yet assigned to accounting columns
5969,336.121,94985A-AA-7,1,"627,000",321.520,native PDF coordinate evidence; not yet assigned to accounting columns
5969,336.121,94985A-AA-7,2,"652,295",372.160,native PDF coordinate evidence; not yet assigned to accounting columns
5969,336.121,94985A-AA-7,3,"622,373",421.240,native PDF coordinate evidence; not yet assigned to accounting columns
5969,336.121,94985A-AA-7,4,"621,594",473.440,native PDF coordinate evidence; not yet assigned to accounting columns
5969,336.121,94985A-AA-7,5,"(5,406)",555.160,native PDF coordinate evidence; not yet assigned to accounting columns
5969,336.121,94985A-AA-7,6,6.756,666.280,native PDF coordinate evidence; not yet assigned to accounting columns
5969,336.121,94985A-AA-7,7,5.711,694.840,native PDF coordinate evidence; not yet assigned to accounting columns
5969,336.121,94985A-AA-7,8,"3,673",769.360,native PDF coordinate evidence; not yet assigned to accounting columns
5969,336.121,94985A-AA-7,9,"38,859",785.800,native PDF coordinate evidence; not yet assigned to accounting columns
5969,336.121,94985A-AA-7,10,10,921.400,native PDF coordinate evidence; not yet assigned to accounting columns
5969,344.161,94984N-AA-0,1,"434,359",287.920,native PDF coordinate evidence; not yet assigned to accounting columns
5969,344.161,94984N-AA-0,2,"435,543",372.280,native PDF coordinate evidence; not yet assigned to accounting columns
5969,344.161,94984N-AA-0,3,"436,478",421.120,native PDF coordinate evidence; not yet assigned to accounting columns
5969,344.161,94984N-AA-0,4,"427,947",473.440,native PDF coordinate evidence; not yet assigned to accounting columns
5969,344.161,94984N-AA-0,5,"(3,337)",555.280,native PDF coordinate evidence; not yet assigned to accounting columns
5969,344.161,94984N-AA-0,6,6.729,666.400,native PDF coordinate evidence; not yet assigned to accounting columns
5969,344.161,94984N-AA-0,7,6.631,694.840,native PDF coordinate evidence; not yet assigned to accounting columns
5969,344.161,94984N-AA-0,8,"2,442",769.600,native PDF coordinate evidence; not yet assigned to accounting columns
5969,344.161,94984N-AA-0,9,"32,083",785.800,native PDF coordinate evidence; not yet assigned to accounting columns
5969,344.161,94984N-AA-0,10,220,949.360,native PDF coordinate evidence; not yet assigned to accounting columns
5969,352.201,94984N-AA-0,1,"599,603",321.880,native PDF coordinate evidence; not yet assigned to accounting columns
5969,352.201,94984N-AA-0,2,"654,553",372.160,native PDF coordinate evidence; not yet assigned to accounting columns
5969,352.201,94984N-AA-0,3,"655,959",421.360,native PDF coordinate evidence; not yet assigned to accounting columns
5969,352.201,94984N-AA-0,4,"588,557",473.320,native PDF coordinate evidence; not yet assigned to accounting columns
5969,352.201,94984N-AA-0,5,"(6,807)",554.920,native PDF coordinate evidence; not yet assigned to accounting columns
5969,352.201,94984N-AA-0,6,6.729,666.400,native PDF coordinate evidence; not yet assigned to accounting columns
5969,352.201,94984N-AA-0,7,10.369,692.440,native PDF coordinate evidence; not yet assigned to accounting columns
5969,352.201,94984N-AA-0,8,"3,671",769.239,native PDF coordinate evidence; not yet assigned to accounting columns
5969,352.201,94984N-AA-0,9,"48,201",785.800,native PDF coordinate evidence; not yet assigned to accounting columns
5969,352.201,94984N-AA-0,10,550,949.360,native PDF coordinate evidence; not yet assigned to accounting columns
5969,360.241,94984M-AM-6,1,"398,153",321.880,native PDF coordinate evidence; not yet assigned to accounting columns
5969,360.241,94984M-AM-6,2,"455,657",372.040,native PDF coordinate evidence; not yet assigned to accounting columns
5969,360.241,94984M-AM-6,3,"429,874",421.240,native PDF coordinate evidence; not yet assigned to accounting columns
5969,360.241,94984M-AM-6,4,"420,940",473.440,native PDF coordinate evidence; not yet assigned to accounting columns
5969,360.241,94984M-AM-6,5,"13,271",555.160,native PDF coordinate evidence; not yet assigned to accounting columns
5969,360.241,94984M-AM-6,6,6.497,666.400,native PDF coordinate evidence; not yet assigned to accounting columns
5969,360.241,94984M-AM-6,7,6.648,694.840,native PDF coordinate evidence; not yet assigned to accounting columns
5969,360.241,94984M-AM-6,8,"2,467",769.360,native PDF coordinate evidence; not yet assigned to accounting columns
5969,360.241,94984M-AM-6,9,"32,231",785.800,native PDF coordinate evidence; not yet assigned to accounting columns
5969,360.241,94984M-AM-6,10,17,921.400,native PDF coordinate evidence; not yet assigned to accounting columns
5969,375.121,94984G-AA-5,1,"404,604",321.760,native PDF coordinate evidence; not yet assigned to accounting columns
5969,375.121,94984G-AA-5,2,"482,245",372.160,native PDF coordinate evidence; not yet assigned to accounting columns
5969,375.121,94984G-AA-5,3,"460,355",421.240,native PDF coordinate evidence; not yet assigned to accounting columns
5969,375.121,94984G-AA-5,4,"423,286",473.440,native PDF coordinate evidence; not yet assigned to accounting columns
5969,375.121,94984G-AA-5,5,"(4,198)",555.160,native PDF coordinate evidence; not yet assigned to accounting columns
5969,375.121,94984G-AA-5,6,6.767,666.160,native PDF coordinate evidence; not yet assigned to accounting columns
5969,375.121,94984G-AA-5,7,8.718,694.720,native PDF coordinate evidence; not yet assigned to accounting columns
5969,375.121,94984G-AA-5,8,"2,719",769.360,native PDF coordinate evidence; not yet assigned to accounting columns
5969,375.121,94984G-AA-5,9,"34,311",785.800,native PDF coordinate evidence; not yet assigned to accounting columns
5969,375.121,94984G-AA-5,10,11,921.400,native PDF coordinate evidence; not yet assigned to accounting columns
5969,390.001,94984D-AB-0,1,"444,859",287.920,native PDF coordinate evidence; not yet assigned to accounting columns
5969,390.001,94984D-AB-0,2,"463,065",371.920,native PDF coordinate evidence; not yet assigned to accounting columns
5969,390.001,94984D-AB-0,3,"452,969",421.360,native PDF coordinate evidence; not yet assigned to accounting columns
5969,390.001,94984D-AB-0,4,"466,160",440.560,native PDF coordinate evidence; not yet assigned to accounting columns
5969,390.001,94984D-AB-0,5,"(1,572)",555.160,native PDF coordinate evidence; not yet assigned to accounting columns
5969,390.001,94984D-AB-0,6,6.468,666.280,native PDF coordinate evidence; not yet assigned to accounting columns
5969,390.001,94984D-AB-0,7,5.614,694.960,native PDF coordinate evidence; not yet assigned to accounting columns
5969,390.001,94984D-AB-0,8,"2,496",769.480,native PDF coordinate evidence; not yet assigned to accounting columns
5969,390.001,94984D-AB-0,9,"32,387",785.800,native PDF coordinate evidence; not yet assigned to accounting columns
5969,390.001,94984D-AB-0,10,275,949.360,native PDF coordinate evidence; not yet assigned to accounting columns
5969,398.041,94984D-AB-0,1,"22,700",287.920,native PDF coordinate evidence; not yet assigned to accounting columns
5969,398.041,94984D-AB-0,2,"24,343",342.160,native PDF coordinate evidence; not yet assigned to accounting columns
5969,398.041,94984D-AB-0,3,"23,813",391.360,native PDF coordinate evidence; not yet assigned to accounting columns
5969,398.041,94984D-AB-0,4,"23,515",475.960,native PDF coordinate evidence; not yet assigned to accounting columns
5969,398.041,94984D-AB-0,5,(150),560.080,native PDF coordinate evidence; not yet assigned to accounting columns
5969,398.041,94984D-AB-0,6,6.468,666.280,native PDF coordinate evidence; not yet assigned to accounting columns
5969,398.041,94984D-AB-0,7,7.220,694.960,native PDF coordinate evidence; not yet assigned to accounting columns
5969,398.041,94984D-AB-0,8,131,774.280,native PDF coordinate evidence; not yet assigned to accounting columns
5969,398.041,94984D-AB-0,9,"1,703",818.439,native PDF coordinate evidence; not yet assigned to accounting columns
5969,398.041,94984D-AB-0,10,15,921.400,native PDF coordinate evidence; not yet assigned to accounting columns
5969,406.081,94983R-AD-6,1,"659,477",321.760,native PDF coordinate evidence; not yet assigned to accounting columns
5969,406.081,94983R-AD-6,2,"682,544",372.040,native PDF coordinate evidence; not yet assigned to accounting columns
5969,406.081,94983R-AD-6,3,"660,164",420.880,native PDF coordinate evidence; not yet assigned to accounting columns
5969,406.081,94983R-AD-6,4,"685,302",473.320,native PDF coordinate evidence; not yet assigned to accounting columns
5969,406.081,94983R-AD-6,5,(921),560.200,native PDF coordinate evidence; not yet assigned to accounting columns
5969,406.081,94983R-AD-6,6,6.673,666.280,native PDF coordinate evidence; not yet assigned to accounting columns
5969,406.081,94983R-AD-6,7,5.667,694.840,native PDF coordinate evidence; not yet assigned to accounting columns
5969,406.081,94983R-AD-6,8,"3,795",769.480,native PDF coordinate evidence; not yet assigned to accounting columns
5969,406.081,94983R-AD-6,9,"45,595",785.800,native PDF coordinate evidence; not yet assigned to accounting columns
5969,406.081,94983R-AD-6,10,28,921.400,native PDF coordinate evidence; not yet assigned to accounting columns
5969,414.121,94983R-AD-6,1,"285,191",321.760,native PDF coordinate evidence; not yet assigned to accounting columns
5969,414.121,94983R-AD-6,2,"319,659",372.040,native PDF coordinate evidence; not yet assigned to accounting columns
5969,414.121,94983R-AD-6,3,"309,178",421.000,native PDF coordinate evidence; not yet assigned to accounting columns
5969,414.121,94983R-AD-6,4,"286,081",440.560,native PDF coordinate evidence; not yet assigned to accounting columns
5969,414.121,94983R-AD-6,5,"(4,010)",555.040,native PDF coordinate evidence; not yet assigned to accounting columns
5969,414.121,94983R-AD-6,6,6.673,666.280,native PDF coordinate evidence; not yet assigned to accounting columns
5969,414.121,94983R-AD-6,7,10.816,692.200,native PDF coordinate evidence; not yet assigned to accounting columns
5969,414.121,94983R-AD-6,8,"1,777",736.600,native PDF coordinate evidence; not yet assigned to accounting columns
5969,414.121,94983R-AD-6,9,"21,169",785.800,native PDF coordinate evidence; not yet assigned to accounting columns
5969,414.121,94983R-AD-6,10,115,949.239,native PDF coordinate evidence; not yet assigned to accounting columns
5970,60.361,23332S-AB-5,1,"2,479,500",342.160,native PDF coordinate evidence; not yet assigned to accounting columns
5970,60.361,23332S-AB-5,2,8.350,666.400,native PDF coordinate evidence; not yet assigned to accounting columns
5970,60.361,23332S-AB-5,3,0.000,694.720,native PDF coordinate evidence; not yet assigned to accounting columns
5970,60.361,23332S-AB-5,4,"16,077",941.560,native PDF coordinate evidence; not yet assigned to accounting columns
5970,68.401,23332S-AA-7,1,5,336.640,native PDF coordinate evidence; not yet assigned to accounting columns
5970,68.401,23332S-AA-7,2,"959,862",372.040,native PDF coordinate evidence; not yet assigned to accounting columns
5970,68.401,23332S-AA-7,3,8.350,666.400,native PDF coordinate evidence; not yet assigned to accounting columns
5970,68.401,23332S-AA-7,4,0.000,694.720,native PDF coordinate evidence; not yet assigned to accounting columns
5970,68.401,23332S-AA-7,5,"6,224",944.439,native PDF coordinate evidence; not yet assigned to accounting columns
5970,76.441,23303P-AD-2,1,6,336.520,native PDF coordinate evidence; not yet assigned to accounting columns
5970,76.441,23303P-AD-2,2,"5,900,000",342.160,native PDF coordinate evidence; not yet assigned to accounting columns
5970,76.441,23303P-AD-2,3,1,435.880,native PDF coordinate evidence; not yet assigned to accounting columns
5970,76.441,23303P-AD-2,4,1,488.080,native PDF coordinate evidence; not yet assigned to accounting columns
5970,76.441,23303P-AD-2,5,8.750,666.280,native PDF coordinate evidence; not yet assigned to accounting columns
5970,76.441,23303P-AD-2,6,0.000,694.720,native PDF coordinate evidence; not yet assigned to accounting columns
5970,76.441,23303P-AD-2,7,"45,783",941.920,native PDF coordinate evidence; not yet assigned to accounting columns
5970,84.481,23303M-AB-3,1,5,336.640,native PDF coordinate evidence; not yet assigned to accounting columns
5970,84.481,23303M-AB-3,2,"4,540,000",342.160,native PDF coordinate evidence; not yet assigned to accounting columns
5970,84.481,23303M-AB-3,3,5,436.000,native PDF coordinate evidence; not yet assigned to accounting columns
5970,84.481,23303M-AB-3,4,5,440.560,native PDF coordinate evidence; not yet assigned to accounting columns
5970,84.481,23303M-AB-3,5,9.000,666.280,native PDF coordinate evidence; not yet assigned to accounting columns
5970,84.481,23303M-AB-3,6,0.000,694.720,native PDF coordinate evidence; not yet assigned to accounting columns
5970,84.481,23303M-AB-3,7,"44,008",941.800,native PDF coordinate evidence; not yet assigned to accounting columns
5970,92.521,23303M-AA-5,1,7,336.520,native PDF coordinate evidence; not yet assigned to accounting columns
5970,92.521,23303M-AA-5,2,"7,024,965",342.160,native PDF coordinate evidence; not yet assigned to accounting columns
5970,92.521,23303M-AA-5,3,7,435.880,native PDF coordinate evidence; not yet assigned to accounting columns
5970,92.521,23303M-AA-5,4,7,488.080,native PDF coordinate evidence; not yet assigned to accounting columns
5970,92.521,23303M-AA-5,5,8.000,666.160,native PDF coordinate evidence; not yet assigned to accounting columns
5970,92.521,23303M-AA-5,6,0.000,694.720,native PDF coordinate evidence; not yet assigned to accounting columns
5970,92.521,23303M-AA-5,7,"68,095",941.800,native PDF coordinate evidence; not yet assigned to accounting columns
5970,100.561,22546H-AC-1,1,"1,200,000",342.160,native PDF coordinate evidence; not yet assigned to accounting columns
5970,100.561,22546H-AC-1,2,10.000,654.640,native PDF coordinate evidence; not yet assigned to accounting columns
5970,100.561,22546H-AC-1,3,0.000,694.720,native PDF coordinate evidence; not yet assigned to accounting columns
5970,100.561,22546H-AC-1,4,"7,327",921.400,native PDF coordinate evidence; not yet assigned to accounting columns
5970,108.601,22546H-AB-3,1,"1,700,000",366.520,native PDF coordinate evidence; not yet assigned to accounting columns
5970,108.601,22546H-AB-3,2,10.000,654.640,native PDF coordinate evidence; not yet assigned to accounting columns
5970,108.601,22546H-AB-3,3,0.000,694.720,native PDF coordinate evidence; not yet assigned to accounting columns
5970,108.601,22546H-AB-3,4,"10,380",941.680,native PDF coordinate evidence; not yet assigned to accounting columns
5970,116.641,22546G-AC-3,1,"1,890,000",342.160,native PDF coordinate evidence; not yet assigned to accounting columns
5970,116.641,22546G-AC-3,2,10.000,654.640,native PDF coordinate evidence; not yet assigned to accounting columns
5970,116.641,22546G-AC-3,3,0.000,694.720,native PDF coordinate evidence; not yet assigned to accounting columns
5970,116.641,22546G-AC-3,4,"11,601",941.560,native PDF coordinate evidence; not yet assigned to accounting columns
5970,124.681,22546G-AB-5,1,"2,650,000",342.160,native PDF coordinate evidence; not yet assigned to accounting columns
5970,124.681,22546G-AB-5,2,10.000,654.640,native PDF coordinate evidence; not yet assigned to accounting columns
5970,124.681,22546G-AB-5,3,0.000,694.720,native PDF coordinate evidence; not yet assigned to accounting columns
5970,124.681,22546G-AB-5,4,"16,267",941.680,native PDF coordinate evidence; not yet assigned to accounting columns
5970,132.721,22546F-AC-5,1,"800,000",371.560,native PDF coordinate evidence; not yet assigned to accounting columns
5970,132.721,22546F-AC-5,2,10.000,654.640,native PDF coordinate evidence; not yet assigned to accounting columns
5970,132.721,22546F-AC-5,3,0.000,694.720,native PDF coordinate evidence; not yet assigned to accounting columns
5970,132.721,22546F-AC-5,4,"4,963",944.439,native PDF coordinate evidence; not yet assigned to accounting columns
5970,140.761,22546F-AB-7,1,"1,700,000",366.520,native PDF coordinate evidence; not yet assigned to accounting columns
5970,140.761,22546F-AB-7,2,10.000,654.640,native PDF coordinate evidence; not yet assigned to accounting columns
5970,140.761,22546F-AB-7,3,0.000,694.720,native PDF coordinate evidence; not yet assigned to accounting columns
5970,140.761,22546F-AB-7,4,"10,547",941.800,native PDF coordinate evidence; not yet assigned to accounting columns
5970,148.801,22545T-AC-6,1,"2,250,000",342.160,native PDF coordinate evidence; not yet assigned to accounting columns
5970,148.801,22545T-AC-6,2,10.000,654.640,native PDF coordinate evidence; not yet assigned to accounting columns
5970,148.801,22545T-AC-6,3,0.000,694.720,native PDF coordinate evidence; not yet assigned to accounting columns
5970,148.801,22545T-AC-6,4,"14,111",941.680,native PDF coordinate evidence; not yet assigned to accounting columns
5970,156.841,22545T-AB-8,1,"4,550,000",342.160,native PDF coordinate evidence; not yet assigned to accounting columns
5970,156.841,22545T-AB-8,2,10.000,654.640,native PDF coordinate evidence; not yet assigned to accounting columns
5970,156.841,22545T-AB-8,3,0.000,694.720,native PDF coordinate evidence; not yet assigned to accounting columns
5970,156.841,22545T-AB-8,4,"28,536",941.920,native PDF coordinate evidence; not yet assigned to accounting columns
5970,164.881,22545N-AA-3,1,"2,303,732",367.120,native PDF coordinate evidence; not yet assigned to accounting columns
5970,164.881,22545N-AA-3,2,6.000,666.160,native PDF coordinate evidence; not yet assigned to accounting columns
5970,164.881,22545N-AA-3,3,0.000,694.720,native PDF coordinate evidence; not yet assigned to accounting columns
5970,164.881,22545N-AA-3,4,"20,124",941.920,native PDF coordinate evidence; not yet assigned to accounting columns
5970,172.921,22545J-AC-8,1,"1,100,000",366.520,native PDF coordinate evidence; not yet assigned to accounting columns
5970,172.921,22545J-AC-8,2,6.500,666.280,native PDF coordinate evidence; not yet assigned to accounting columns
5970,172.921,22545J-AC-8,3,0.000,694.720,native PDF coordinate evidence; not yet assigned to accounting columns
5970,172.921,22545J-AC-8,4,"7,053",921.400,native PDF coordinate evidence; not yet assigned to accounting columns
5970,180.961,22545J-AB-0,1,"2,300,000",342.160,native PDF coordinate evidence; not yet assigned to accounting columns
5970,180.961,22545J-AB-0,2,6.500,666.280,native PDF coordinate evidence; not yet assigned to accounting columns
5970,180.961,22545J-AB-0,3,0.000,694.720,native PDF coordinate evidence; not yet assigned to accounting columns
5970,180.961,22545J-AB-0,4,"14,746",941.800,native PDF coordinate evidence; not yet assigned to accounting columns
5970,189.001,22542K-AC-8,1,"3,000,000",342.160,native PDF coordinate evidence; not yet assigned to accounting columns
5970,189.001,22542K-AC-8,2,6.500,666.280,native PDF coordinate evidence; not yet assigned to accounting columns
5970,189.001,22542K-AC-8,3,0.000,694.720,native PDF coordinate evidence; not yet assigned to accounting columns
5970,189.001,22542K-AC-8,4,"19,562",941.920,native PDF coordinate evidence; not yet assigned to accounting columns
5970,197.041,22542K-AB-0,1,"6,250,000",342.160,native PDF coordinate evidence; not yet assigned to accounting columns
5970,197.041,22542K-AB-0,2,1,435.880,native PDF coordinate evidence; not yet assigned to accounting columns
5970,197.041,22542K-AB-0,3,6.500,666.280,native PDF coordinate evidence; not yet assigned to accounting columns
5970,197.041,22542K-AB-0,4,0.000,694.720,native PDF coordinate evidence; not yet assigned to accounting columns
5970,197.041,22542K-AB-0,5,"40,755",941.920,native PDF coordinate evidence; not yet assigned to accounting columns
5970,205.081,22542K-AA-2,1,"10,327,410",364.360,native PDF coordinate evidence; not yet assigned to accounting columns
5970,205.081,22542K-AA-2,2,1,435.880,native PDF coordinate evidence; not yet assigned to accounting columns
5970,205.081,22542K-AA-2,3,5.500,666.400,native PDF coordinate evidence; not yet assigned to accounting columns
5970,205.081,22542K-AA-2,4,0.000,694.720,native PDF coordinate evidence; not yet assigned to accounting columns
5970,205.081,22542K-AA-2,5,"67,343",941.920,native PDF coordinate evidence; not yet assigned to accounting columns
5970,213.121,22542C-AD-4,1,"2,000,000",342.160,native PDF coordinate evidence; not yet assigned to accounting columns
5970,213.121,22542C-AD-4,2,6.500,666.280,native PDF coordinate evidence; not yet assigned to accounting columns
5970,213.121,22542C-AD-4,3,0.000,694.720,native PDF coordinate evidence; not yet assigned to accounting columns
5970,213.121,22542C-AD-4,4,"13,116",941.680,native PDF coordinate evidence; not yet assigned to accounting columns
5970,221.161,22542C-AC-6,1,"5,900,000",342.160,native PDF coordinate evidence; not yet assigned to accounting columns
5970,221.161,22542C-AC-6,2,1,435.880,native PDF coordinate evidence; not yet assigned to accounting columns
5970,221.161,22542C-AC-6,3,6.500,666.280,native PDF coordinate evidence; not yet assigned to accounting columns
5970,221.161,22542C-AC-6,4,0.000,694.720,native PDF coordinate evidence; not yet assigned to accounting columns
5970,221.161,22542C-AC-6,5,"38,693",941.920,native PDF coordinate evidence; not yet assigned to accounting columns
5970,229.201,22542C-AA-0,1,"3,298,408",342.160,native PDF coordinate evidence; not yet assigned to accounting columns
5970,229.201,22542C-AA-0,2,5.500,666.400,native PDF coordinate evidence; not yet assigned to accounting columns
5970,229.201,22542C-AA-0,3,0.000,694.720,native PDF coordinate evidence; not yet assigned to accounting columns
5970,229.201,22542C-AA-0,4,"21,631",941.800,native PDF coordinate evidence; not yet assigned to accounting columns
5970,237.241,225411-AR-8,1,"1,300,000",342.160,native PDF coordinate evidence; not yet assigned to accounting columns
5970,237.241,225411-AR-8,2,6.500,666.280,native PDF coordinate evidence; not yet assigned to accounting columns
5970,237.241,225411-AR-8,3,0.000,694.720,native PDF coordinate evidence; not yet assigned to accounting columns
5970,237.241,225411-AR-8,4,"8,624",921.400,native PDF coordinate evidence; not yet assigned to accounting columns
5970,245.281,225411-AQ-0,1,"3,600,000",342.160,native PDF coordinate evidence; not yet assigned to accounting columns
5970,245.281,225411-AQ-0,2,6.500,666.280,native PDF coordinate evidence; not yet assigned to accounting columns
5970,245.281,225411-AQ-0,3,0.000,694.720,native PDF coordinate evidence; not yet assigned to accounting columns
5970,245.281,225411-AQ-0,4,"23,883",941.920,native PDF coordinate evidence; not yet assigned to accounting columns
5970,253.321,225411-AP-2,1,"254,539",372.280,native PDF coordinate evidence; not yet assigned to accounting columns
5970,253.321,225411-AP-2,2,5.500,666.400,native PDF coordinate evidence; not yet assigned to accounting columns
5970,253.321,225411-AP-2,3,0.000,694.720,native PDF coordinate evidence; not yet assigned to accounting columns
5970,253.321,225411-AP-2,4,"1,689",921.400,native PDF coordinate evidence; not yet assigned to accounting columns
5970,261.361,225411-AG-2,1,"3,000,000",342.160,native PDF coordinate evidence; not yet assigned to accounting columns
5970,261.361,225411-AG-2,2,30,391.360,native PDF coordinate evidence; not yet assigned to accounting columns
5970,261.361,225411-AG-2,3,6.500,666.280,native PDF coordinate evidence; not yet assigned to accounting columns
5970,261.361,225411-AG-2,4,0.000,694.720,native PDF coordinate evidence; not yet assigned to accounting columns
5970,261.361,225411-AG-2,5,"28,041",941.800,native PDF coordinate evidence; not yet assigned to accounting columns
5970,269.401,225411-AF-4,1,"1,765,459",342.160,native PDF coordinate evidence; not yet assigned to accounting columns
5970,269.401,225411-AF-4,2,18,391.360,native PDF coordinate evidence; not yet assigned to accounting columns
5970,269.401,225411-AF-4,3,6.500,666.280,native PDF coordinate evidence; not yet assigned to accounting columns
5970,269.401,225411-AF-4,4,0.000,694.720,native PDF coordinate evidence; not yet assigned to accounting columns
5970,269.401,225411-AF-4,5,"16,502",941.800,native PDF coordinate evidence; not yet assigned to accounting columns
5970,277.441,18977B-BL-9,1,"248,896",371.920,native PDF coordinate evidence; not yet assigned to accounting columns
5970,277.441,18977B-BL-9,2,6.500,666.280,native PDF coordinate evidence; not yet assigned to accounting columns
5970,277.441,18977B-BL-9,3,0.000,694.720,native PDF coordinate evidence; not yet assigned to accounting columns
5970,277.441,18977B-BL-9,4,"2,282",944.439,native PDF coordinate evidence; not yet assigned to accounting columns
5970,285.481,18977B-AG-1,1,"52,967",342.160,native PDF coordinate evidence; not yet assigned to accounting columns
5970,285.481,18977B-AG-1,2,6.500,666.280,native PDF coordinate evidence; not yet assigned to accounting columns
5970,285.481,18977B-AG-1,3,0.000,694.720,native PDF coordinate evidence; not yet assigned to accounting columns
5970,285.481,18977B-AG-1,4,482,949.360,native PDF coordinate evidence; not yet assigned to accounting columns
5970,293.521,18977A-AP-3,1,"588,551",371.920,native PDF coordinate evidence; not yet assigned to accounting columns
5970,293.521,18977A-AP-3,2,6.000,666.160,native PDF coordinate evidence; not yet assigned to accounting columns
5970,293.521,18977A-AP-3,3,0.000,694.720,native PDF coordinate evidence; not yet assigned to accounting columns
5970,293.521,18977A-AP-3,4,"3,485",944.439,native PDF coordinate evidence; not yet assigned to accounting columns
5970,301.561,18977A-AN-8,1,"538,263",372.040,native PDF coordinate evidence; not yet assigned to accounting columns
5970,301.561,18977A-AN-8,2,6.000,666.160,native PDF coordinate evidence; not yet assigned to accounting columns
5970,301.561,18977A-AN-8,3,0.000,694.720,native PDF coordinate evidence; not yet assigned to accounting columns
5970,301.561,18977A-AN-8,4,"3,187",921.400,native PDF coordinate evidence; not yet assigned to accounting columns
5970,309.601,18977A-AF-5,1,"2,230,000",342.160,native PDF coordinate evidence; not yet assigned to accounting columns
5970,309.601,18977A-AF-5,2,6.000,666.160,native PDF coordinate evidence; not yet assigned to accounting columns
5970,309.601,18977A-AF-5,3,0.000,694.720,native PDF coordinate evidence; not yet assigned to accounting columns
5970,309.601,18977A-AF-5,4,"13,363",941.920,native PDF coordinate evidence; not yet assigned to accounting columns
5970,317.641,18977A-AA-6,1,"869,236",371.920,native PDF coordinate evidence; not yet assigned to accounting columns
5970,317.641,18977A-AA-6,2,6.000,666.160,native PDF coordinate evidence; not yet assigned to accounting columns
5970,317.641,18977A-AA-6,3,0.000,694.720,native PDF coordinate evidence; not yet assigned to accounting columns
5970,317.641,18977A-AA-6,4,"10,480",941.680,native PDF coordinate evidence; not yet assigned to accounting columns
5970,325.681,18976V-AS-2,1,"252,714",372.040,native PDF coordinate evidence; not yet assigned to accounting columns
5970,325.681,18976V-AS-2,2,6.500,666.280,native PDF coordinate evidence; not yet assigned to accounting columns
5970,325.681,18976V-AS-2,3,0.000,694.720,native PDF coordinate evidence; not yet assigned to accounting columns
5970,325.681,18976V-AS-2,4,"2,335",944.560,native PDF coordinate evidence; not yet assigned to accounting columns
5970,333.721,14975Y-AC-1,1,"5,200,000",342.160,native PDF coordinate evidence; not yet assigned to accounting columns
5970,333.721,14975Y-AC-1,2,7.500,666.280,native PDF coordinate evidence; not yet assigned to accounting columns
5970,333.721,14975Y-AC-1,3,0.000,694.720,native PDF coordinate evidence; not yet assigned to accounting columns
5970,333.721,14975Y-AC-1,4,"31,347",941.920,native PDF coordinate evidence; not yet assigned to accounting columns
5970,341.761,14975X-AC-3,1,"7,100,000",366.520,native PDF coordinate evidence; not yet assigned to accounting columns
5970,341.761,14975X-AC-3,2,7.500,666.280,native PDF coordinate evidence; not yet assigned to accounting columns
5970,341.761,14975X-AC-3,3,0.000,694.720,native PDF coordinate evidence; not yet assigned to accounting columns
5970,341.761,14975X-AC-3,4,"42,801",941.800,native PDF coordinate evidence; not yet assigned to accounting columns
5970,349.801,14975X-AB-5,1,"3,770,000",342.160,native PDF coordinate evidence; not yet assigned to accounting columns
5970,349.801,14975X-AB-5,2,7.500,666.280,native PDF coordinate evidence; not yet assigned to accounting columns
5970,349.801,14975X-AB-5,3,0.000,694.720,native PDF coordinate evidence; not yet assigned to accounting columns
5970,349.801,14975X-AB-5,4,"22,726",941.920,native PDF coordinate evidence; not yet assigned to accounting columns
5970,357.841,14975X-AA-7,1,"1,576,902",342.160,native PDF coordinate evidence; not yet assigned to accounting columns
5970,357.841,14975X-AA-7,2,6.250,666.400,native PDF coordinate evidence; not yet assigned to accounting columns
5970,357.841,14975X-AA-7,3,0.000,694.720,native PDF coordinate evidence; not yet assigned to accounting columns
5970,357.841,14975X-AA-7,4,"9,506",921.400,native PDF coordinate evidence; not yet assigned to accounting columns
5970,365.881,14975W-AA-9,1,"15,000,000",364.120,native PDF coordinate evidence; not yet assigned to accounting columns
5970,365.881,14975W-AA-9,2,2,436.000,native PDF coordinate evidence; not yet assigned to accounting columns
5970,365.881,14975W-AA-9,3,9.600,666.280,native PDF coordinate evidence; not yet assigned to accounting columns
5970,365.881,14975W-AA-9,4,0.000,694.720,native PDF coordinate evidence; not yet assigned to accounting columns
5970,365.881,14975W-AA-9,5,"168,979",939.280,native PDF coordinate evidence; not yet assigned to accounting columns
5970,373.921,14975T-AA-6,1,"2,477,683",342.160,native PDF coordinate evidence; not yet assigned to accounting columns
5970,373.921,14975T-AA-6,2,6.500,666.280,native PDF coordinate evidence; not yet assigned to accounting columns
5970,373.921,14975T-AA-6,3,0.000,694.720,native PDF coordinate evidence; not yet assigned to accounting columns
5970,373.921,14975T-AA-6,4,"15,305",941.920,native PDF coordinate evidence; not yet assigned to accounting columns
5970,381.961,14975A-AD-1,1,"2,390,000",342.160,native PDF coordinate evidence; not yet assigned to accounting columns
5970,381.961,14975A-AD-1,2,0.000,666.160,native PDF coordinate evidence; not yet assigned to accounting columns
5970,381.961,14975A-AD-1,3,0.000,694.720,native PDF coordinate evidence; not yet assigned to accounting columns
5970,381.961,14975A-AD-1,4,"15,136",941.800,native PDF coordinate evidence; not yet assigned to accounting columns
5970,390.001,14975A-AA-7,1,"3,103,391",342.160,native PDF coordinate evidence; not yet assigned to accounting columns
5970,390.001,14975A-AA-7,2,5.500,666.400,native PDF coordinate evidence; not yet assigned to accounting columns
5970,390.001,14975A-AA-7,3,0.000,694.720,native PDF coordinate evidence; not yet assigned to accounting columns
5970,390.001,14975A-AA-7,4,"19,655",941.920,native PDF coordinate evidence; not yet assigned to accounting columns
5970,398.041,149754-BE-2,1,"14,940,384",364.600,native PDF coordinate evidence; not yet assigned to accounting columns
5970,398.041,149754-BE-2,2,6.000,666.160,native PDF coordinate evidence; not yet assigned to accounting columns
5970,398.041,149754-BE-2,3,0.000,694.720,native PDF coordinate evidence; not yet assigned to accounting columns
5970,398.041,149754-BE-2,4,"95,834",921.400,native PDF coordinate evidence; not yet assigned to accounting columns
5970,406.081,149754-AZ-6,1,"1,547,728",342.160,native PDF coordinate evidence; not yet assigned to accounting columns
5970,406.081,149754-AZ-6,2,5.050,666.400,native PDF coordinate evidence; not yet assigned to accounting columns
5970,406.081,149754-AZ-6,3,0.000,694.720,native PDF coordinate evidence; not yet assigned to accounting columns
5970,406.081,149754-AZ-6,4,"13,812",941.800,native PDF coordinate evidence; not yet assigned to accounting columns
5970,414.121,149754-AQ-6,1,"406,798",371.800,native PDF coordinate evidence; not yet assigned to accounting columns
5970,414.121,149754-AQ-6,2,5.000,666.280,native PDF coordinate evidence; not yet assigned to accounting columns
5970,414.121,149754-AQ-6,3,0.000,694.720,native PDF coordinate evidence; not yet assigned to accounting columns
5970,414.121,149754-AQ-6,4,"3,766",921.400,native PDF coordinate evidence; not yet assigned to accounting columns
5971,60.361,784205-AB-2,1,"2,500,000",342.160,native PDF coordinate evidence; not yet assigned to accounting columns
5971,60.361,784205-AB-2,2,7.750,666.280,native PDF coordinate evidence; not yet assigned to accounting columns
5971,60.361,784205-AB-2,3,0.000,694.720,native PDF coordinate evidence; not yet assigned to accounting columns
5971,60.361,784205-AB-2,4,"24,773",941.920,native PDF coordinate evidence; not yet assigned to accounting columns
5971,68.401,76117E-AA-7,1,"2,102,503",316.840,native PDF coordinate evidence; not yet assigned to accounting columns
5971,68.401,76117E-AA-7,2,"5,869,140",342.160,native PDF coordinate evidence; not yet assigned to accounting columns
5971,68.401,76117E-AA-7,3,"1,986,241",391.360,native PDF coordinate evidence; not yet assigned to accounting columns
5971,68.401,76117E-AA-7,4,"1,730,615",468.160,native PDF coordinate evidence; not yet assigned to accounting columns
5971,68.401,76117E-AA-7,5,"(60,779)",552.520,native PDF coordinate evidence; not yet assigned to accounting columns
5971,68.401,76117E-AA-7,6,4.346,666.520,native PDF coordinate evidence; not yet assigned to accounting columns
5971,68.401,76117E-AA-7,7,6.528,694.960,native PDF coordinate evidence; not yet assigned to accounting columns
5971,68.401,76117E-AA-7,8,"4,397",769.480,native PDF coordinate evidence; not yet assigned to accounting columns
5971,68.401,76117E-AA-7,9,"254,583",813.880,native PDF coordinate evidence; not yet assigned to accounting columns
5971,68.401,76117E-AA-7,10,2,954.280,native PDF coordinate evidence; not yet assigned to accounting columns
5971,76.441,74951P-DZ-8,1,"4,649",326.800,native PDF coordinate evidence; not yet assigned to accounting columns
5971,76.441,74951P-DZ-8,2,"206,608",371.680,native PDF coordinate evidence; not yet assigned to accounting columns
5971,76.441,74951P-DZ-8,3,"2,469",426.160,native PDF coordinate evidence; not yet assigned to accounting columns
5971,76.441,74951P-DZ-8,4,"2,469",478.360,native PDF coordinate evidence; not yet assigned to accounting columns
5971,76.441,74951P-DZ-8,5,"(2,181)",515.080,native PDF coordinate evidence; not yet assigned to accounting columns
5971,76.441,74951P-DZ-8,6,4.467,666.400,native PDF coordinate evidence; not yet assigned to accounting columns
5971,76.441,74951P-DZ-8,7,0.000,694.720,native PDF coordinate evidence; not yet assigned to accounting columns
5971,76.441,74951P-DZ-8,8,"10,405",785.800,native PDF coordinate evidence; not yet assigned to accounting columns
5971,76.441,74951P-DZ-8,9,"20,880",941.680,native PDF coordinate evidence; not yet assigned to accounting columns
5971,84.481,70070A-AA-3,1,"5,920,972",367.120,native PDF coordinate evidence; not yet assigned to accounting columns
5971,84.481,70070A-AA-3,2,1,435.880,native PDF coordinate evidence; not yet assigned to accounting columns
5971,84.481,70070A-AA-3,3,5.192,666.520,native PDF coordinate evidence; not yet assigned to accounting columns
5971,84.481,70070A-AA-3,4,0.000,694.720,native PDF coordinate evidence; not yet assigned to accounting columns
5971,84.481,70070A-AA-3,5,"53,460",941.920,native PDF coordinate evidence; not yet assigned to accounting columns
5971,92.521,70069X-AD-0,1,"3,030,627",342.160,native PDF coordinate evidence; not yet assigned to accounting columns
5971,92.521,70069X-AD-0,2,15.000,654.640,native PDF coordinate evidence; not yet assigned to accounting columns
5971,92.521,70069X-AD-0,3,0.000,694.720,native PDF coordinate evidence; not yet assigned to accounting columns
5971,92.521,70069X-AD-0,4,"44,813",941.920,native PDF coordinate evidence; not yet assigned to accounting columns
5971,100.561,700699-AB-7,1,"1,278,436",342.160,native PDF coordinate evidence; not yet assigned to accounting columns
5971,100.561,700699-AB-7,2,5.000,666.280,native PDF coordinate evidence; not yet assigned to accounting columns
5971,100.561,700699-AB-7,3,0.000,694.720,native PDF coordinate evidence; not yet assigned to accounting columns
5971,100.561,700699-AB-7,4,"11,716",941.560,native PDF coordinate evidence; not yet assigned to accounting columns
5971,108.601,656058-AU-8,1,10,342.160,native PDF coordinate evidence; not yet assigned to accounting columns
5971,108.601,656058-AU-8,2,11.354,654.640,native PDF coordinate evidence; not yet assigned to accounting columns
5971,108.601,656058-AU-8,3,0.000,694.720,native PDF coordinate evidence; not yet assigned to accounting columns
5971,116.641,656058-AS-3,1,"6,300,000",342.160,native PDF coordinate evidence; not yet assigned to accounting columns
5971,116.641,656058-AS-3,2,10.354,654.640,native PDF coordinate evidence; not yet assigned to accounting columns
5971,116.641,656058-AS-3,3,0.000,694.720,native PDF coordinate evidence; not yet assigned to accounting columns
5971,116.641,656058-AS-3,4,"145,051",939.400,native PDF coordinate evidence; not yet assigned to accounting columns
5971,124.681,65537V-AC-0,1,"3,100,000",342.160,native PDF coordinate evidence; not yet assigned to accounting columns
5971,124.681,65537V-AC-0,2,8.250,666.400,native PDF coordinate evidence; not yet assigned to accounting columns
5971,124.681,65537V-AC-0,3,0.000,694.720,native PDF coordinate evidence; not yet assigned to accounting columns
5971,124.681,65537V-AC-0,4,"30,960",941.800,native PDF coordinate evidence; not yet assigned to accounting columns
5971,132.721,65537V-AB-2,1,"4,850,000",342.160,native PDF coordinate evidence; not yet assigned to accounting columns
5971,132.721,65537V-AB-2,2,8.250,666.400,native PDF coordinate evidence; not yet assigned to accounting columns
5971,132.721,65537V-AB-2,3,0.000,694.720,native PDF coordinate evidence; not yet assigned to accounting columns
5971,132.721,65537V-AB-2,4,"48,437",941.920,native PDF coordinate evidence; not yet assigned to accounting columns
5971,140.761,65536A-AC-7,1,"6,420,000",342.160,native PDF coordinate evidence; not yet assigned to accounting columns
5971,140.761,65536A-AC-7,2,8.835,666.400,native PDF coordinate evidence; not yet assigned to accounting columns
5971,140.761,65536A-AC-7,3,0.000,694.720,native PDF coordinate evidence; not yet assigned to accounting columns
5971,140.761,65536A-AC-7,4,"67,486",941.680,native PDF coordinate evidence; not yet assigned to accounting columns
5971,148.801,65536A-AB-9,1,"9,700,000",342.160,native PDF coordinate evidence; not yet assigned to accounting columns
5971,148.801,65536A-AB-9,2,8.835,666.400,native PDF coordinate evidence; not yet assigned to accounting columns
5971,148.801,65536A-AB-9,3,0.000,694.720,native PDF coordinate evidence; not yet assigned to accounting columns
5971,148.801,65536A-AB-9,4,"101,965",939.280,native PDF coordinate evidence; not yet assigned to accounting columns
5971,156.841,63860M-AA-6,1,"262,556",372.040,native PDF coordinate evidence; not yet assigned to accounting columns
5971,156.841,63860M-AA-6,2,8.000,666.160,native PDF coordinate evidence; not yet assigned to accounting columns
5971,156.841,63860M-AA-6,3,0.000,694.720,native PDF coordinate evidence; not yet assigned to accounting columns
5971,156.841,63860M-AA-6,4,"2,545",944.560,native PDF coordinate evidence; not yet assigned to accounting columns
5971,164.881,63860J-AA-3,1,"276,863",371.800,native PDF coordinate evidence; not yet assigned to accounting columns
5971,164.881,63860J-AA-3,2,9.790,666.400,native PDF coordinate evidence; not yet assigned to accounting columns
5971,164.881,63860J-AA-3,3,0.000,694.720,native PDF coordinate evidence; not yet assigned to accounting columns
5971,164.881,63860J-AA-3,4,"2,992",944.560,native PDF coordinate evidence; not yet assigned to accounting columns
5971,172.921,63859S-AA-6,1,"802,628",371.800,native PDF coordinate evidence; not yet assigned to accounting columns
5971,172.921,63859S-AA-6,2,8.750,666.280,native PDF coordinate evidence; not yet assigned to accounting columns
5971,172.921,63859S-AA-6,3,0.000,694.720,native PDF coordinate evidence; not yet assigned to accounting columns
5971,172.921,63859S-AA-6,4,"8,144",921.400,native PDF coordinate evidence; not yet assigned to accounting columns
5971,180.961,57646E-AH-2,1,"214,634",372.040,native PDF coordinate evidence; not yet assigned to accounting columns
5971,180.961,57646E-AH-2,2,8.000,666.160,native PDF coordinate evidence; not yet assigned to accounting columns
5971,180.961,57646E-AH-2,3,0.000,694.720,native PDF coordinate evidence; not yet assigned to accounting columns
5971,180.961,57646E-AH-2,4,"2,068",921.400,native PDF coordinate evidence; not yet assigned to accounting columns
5971,189.001,57645H-AA-1,1,"6,852,346",342.160,native PDF coordinate evidence; not yet assigned to accounting columns
5971,189.001,57645H-AA-1,2,1,435.880,native PDF coordinate evidence; not yet assigned to accounting columns
5971,189.001,57645H-AA-1,3,7.750,666.280,native PDF coordinate evidence; not yet assigned to accounting columns
5971,189.001,57645H-AA-1,4,0.000,694.720,native PDF coordinate evidence; not yet assigned to accounting columns
5971,189.001,57645H-AA-1,5,"68,630",941.680,native PDF coordinate evidence; not yet assigned to accounting columns
5971,197.041,57644F-AA-6,1,15,334.120,native PDF coordinate evidence; not yet assigned to accounting columns
5971,197.041,57644F-AA-6,2,"417,358",371.920,native PDF coordinate evidence; not yet assigned to accounting columns
5971,197.041,57644F-AA-6,3,6.750,666.280,native PDF coordinate evidence; not yet assigned to accounting columns
5971,197.041,57644F-AA-6,4,0.000,694.720,native PDF coordinate evidence; not yet assigned to accounting columns
5971,197.041,57644F-AA-6,5,"4,003",921.400,native PDF coordinate evidence; not yet assigned to accounting columns
5971,205.081,576441-AA-7,1,"7,803,509",342.160,native PDF coordinate evidence; not yet assigned to accounting columns
5971,205.081,576441-AA-7,2,1,435.880,native PDF coordinate evidence; not yet assigned to accounting columns
5971,205.081,576441-AA-7,3,7.750,666.280,native PDF coordinate evidence; not yet assigned to accounting columns
5971,205.081,576441-AA-7,4,0.000,694.720,native PDF coordinate evidence; not yet assigned to accounting columns
5971,205.081,576441-AA-7,5,"59,961",941.920,native PDF coordinate evidence; not yet assigned to accounting columns
5971,213.121,55311W-AA-5,1,"956,673",371.920,native PDF coordinate evidence; not yet assigned to accounting columns
5971,213.121,55311W-AA-5,2,10,391.360,native PDF coordinate evidence; not yet assigned to accounting columns
5971,213.121,55311W-AA-5,3,4.500,666.400,native PDF coordinate evidence; not yet assigned to accounting columns
5971,213.121,55311W-AA-5,4,0.000,694.720,native PDF coordinate evidence; not yet assigned to accounting columns
5971,213.121,55311W-AA-5,5,"8,081",921.400,native PDF coordinate evidence; not yet assigned to accounting columns
5971,221.161,55275Y-AB-3,1,"494,905",372.160,native PDF coordinate evidence; not yet assigned to accounting columns
5971,221.161,55275Y-AB-3,2,4.846,666.400,native PDF coordinate evidence; not yet assigned to accounting columns
5971,221.161,55275Y-AB-3,3,0.000,694.720,native PDF coordinate evidence; not yet assigned to accounting columns
5971,221.161,55275Y-AB-3,4,"1,720",921.400,native PDF coordinate evidence; not yet assigned to accounting columns
5971,229.201,55275X-AB-5,1,"50,000,000",364.120,native PDF coordinate evidence; not yet assigned to accounting columns
5971,229.201,55275X-AB-5,2,5,436.000,native PDF coordinate evidence; not yet assigned to accounting columns
5971,229.201,55275X-AB-5,3,0.000,666.160,native PDF coordinate evidence; not yet assigned to accounting columns
5971,229.201,55275X-AB-5,4,0.000,694.720,native PDF coordinate evidence; not yet assigned to accounting columns
5971,229.201,55275X-AB-5,5,"173,819",939.280,native PDF coordinate evidence; not yet assigned to accounting columns
5971,237.241,55275X-AA-7,1,"1,465,800",342.160,native PDF coordinate evidence; not yet assigned to accounting columns
5971,237.241,55275X-AA-7,2,6.346,666.400,native PDF coordinate evidence; not yet assigned to accounting columns
5971,237.241,55275X-AA-7,3,0.000,694.720,native PDF coordinate evidence; not yet assigned to accounting columns
5971,237.241,55275X-AA-7,4,"5,096",921.400,native PDF coordinate evidence; not yet assigned to accounting columns
5971,245.281,55271S-AD-6,1,"12,522,000",364.480,native PDF coordinate evidence; not yet assigned to accounting columns
5971,245.281,55271S-AD-6,2,1,435.880,native PDF coordinate evidence; not yet assigned to accounting columns
5971,245.281,55271S-AD-6,3,6.346,666.400,native PDF coordinate evidence; not yet assigned to accounting columns
5971,245.281,55271S-AD-6,4,0.000,694.720,native PDF coordinate evidence; not yet assigned to accounting columns
5971,245.281,55271S-AD-6,5,"89,766",941.680,native PDF coordinate evidence; not yet assigned to accounting columns
5971,253.321,55271S-AA-2,1,"8,188,184",342.160,native PDF coordinate evidence; not yet assigned to accounting columns
5971,253.321,55271S-AA-2,2,1,435.880,native PDF coordinate evidence; not yet assigned to accounting columns
5971,253.321,55271S-AA-2,3,4.846,666.400,native PDF coordinate evidence; not yet assigned to accounting columns
5971,253.321,55271S-AA-2,4,0.000,694.720,native PDF coordinate evidence; not yet assigned to accounting columns
5971,253.321,55271S-AA-2,5,"58,698",941.800,native PDF coordinate evidence; not yet assigned to accounting columns
5971,261.361,54240C-AA-8,1,"1,855,107",342.160,native PDF coordinate evidence; not yet assigned to accounting columns
5971,261.361,54240C-AA-8,2,6.000,666.160,native PDF coordinate evidence; not yet assigned to accounting columns
5971,261.361,54240C-AA-8,3,0.000,694.720,native PDF coordinate evidence; not yet assigned to accounting columns
5971,261.361,54240C-AA-8,4,"12,325",921.400,native PDF coordinate evidence; not yet assigned to accounting columns
5971,269.401,542393-AA-1,1,"1,421,286",342.160,native PDF coordinate evidence; not yet assigned to accounting columns
5971,269.401,542393-AA-1,2,5.780,666.280,native PDF coordinate evidence; not yet assigned to accounting columns
5971,269.401,542393-AA-1,3,0.000,694.720,native PDF coordinate evidence; not yet assigned to accounting columns
5971,269.401,542393-AA-1,4,"9,228",944.439,native PDF coordinate evidence; not yet assigned to accounting columns
5971,277.441,507238-AL-7,1,"11,563,400",364.360,native PDF coordinate evidence; not yet assigned to accounting columns
5971,277.441,507238-AL-7,2,"1,162",425.920,native PDF coordinate evidence; not yet assigned to accounting columns
5971,277.441,507238-AL-7,3,10.354,654.640,native PDF coordinate evidence; not yet assigned to accounting columns
5971,277.441,507238-AL-7,4,0.000,694.720,native PDF coordinate evidence; not yet assigned to accounting columns
5971,277.441,507238-AL-7,5,"271,335",939.520,native PDF coordinate evidence; not yet assigned to accounting columns
5971,285.481,41809Q-AA-7,1,"2,143,102",342.160,native PDF coordinate evidence; not yet assigned to accounting columns
5971,285.481,41809Q-AA-7,2,7.000,666.160,native PDF coordinate evidence; not yet assigned to accounting columns
5971,285.481,41809Q-AA-7,3,0.000,694.720,native PDF coordinate evidence; not yet assigned to accounting columns
5971,285.481,41809Q-AA-7,4,"20,367",941.800,native PDF coordinate evidence; not yet assigned to accounting columns
5971,293.521,41809P-AA-9,1,"5,478,946",342.160,native PDF coordinate evidence; not yet assigned to accounting columns
5971,293.521,41809P-AA-9,2,1,435.880,native PDF coordinate evidence; not yet assigned to accounting columns
5971,293.521,41809P-AA-9,3,6.750,666.280,native PDF coordinate evidence; not yet assigned to accounting columns
5971,293.521,41809P-AA-9,4,0.000,694.720,native PDF coordinate evidence; not yet assigned to accounting columns
5971,293.521,41809P-AA-9,5,"51,534",921.400,native PDF coordinate evidence; not yet assigned to accounting columns
5971,301.561,418094-AA-6,1,"5,537,639",367.120,native PDF coordinate evidence; not yet assigned to accounting columns
5971,301.561,418094-AA-6,2,1,435.880,native PDF coordinate evidence; not yet assigned to accounting columns
5971,301.561,418094-AA-6,3,6.750,666.280,native PDF coordinate evidence; not yet assigned to accounting columns
5971,301.561,418094-AA-6,4,0.000,694.720,native PDF coordinate evidence; not yet assigned to accounting columns
5971,301.561,418094-AA-6,5,5,828.520,native PDF coordinate evidence; not yet assigned to accounting columns
5971,301.561,418094-AA-6,6,"52,287",941.920,native PDF coordinate evidence; not yet assigned to accounting columns
5971,309.601,418093-AE-0,1,"113,198",321.640,native PDF coordinate evidence; not yet assigned to accounting columns
5971,309.601,418093-AE-0,2,"1,613,753",342.160,native PDF coordinate evidence; not yet assigned to accounting columns
5971,309.601,418093-AE-0,3,(926),520.240,native PDF coordinate evidence; not yet assigned to accounting columns
5971,309.601,418093-AE-0,4,"(88,703)",552.520,native PDF coordinate evidence; not yet assigned to accounting columns
5971,309.601,418093-AE-0,5,6.250,666.400,native PDF coordinate evidence; not yet assigned to accounting columns
5971,309.601,418093-AE-0,6,0.000,694.720,native PDF coordinate evidence; not yet assigned to accounting columns
5971,309.601,418093-AE-0,7,"64,675",785.800,native PDF coordinate evidence; not yet assigned to accounting columns
5971,309.601,418093-AE-0,8,"14,059",941.920,native PDF coordinate evidence; not yet assigned to accounting columns
5971,317.641,41164J-AB-0,1,"5,160,000",342.160,native PDF coordinate evidence; not yet assigned to accounting columns
5971,317.641,41164J-AB-0,2,1,435.880,native PDF coordinate evidence; not yet assigned to accounting columns
5971,317.641,41164J-AB-0,3,8.350,666.400,native PDF coordinate evidence; not yet assigned to accounting columns
5971,317.641,41164J-AB-0,4,0.000,694.720,native PDF coordinate evidence; not yet assigned to accounting columns
5971,317.641,41164J-AB-0,5,"51,986",941.800,native PDF coordinate evidence; not yet assigned to accounting columns
5971,325.681,41164J-AA-2,1,"10,800,000",364.000,native PDF coordinate evidence; not yet assigned to accounting columns
5971,325.681,41164J-AA-2,2,1,435.880,native PDF coordinate evidence; not yet assigned to accounting columns
5971,325.681,41164J-AA-2,3,8.350,666.400,native PDF coordinate evidence; not yet assigned to accounting columns
5971,325.681,41164J-AA-2,4,0.000,694.720,native PDF coordinate evidence; not yet assigned to accounting columns
5971,325.681,41164J-AA-2,5,"108,808",939.039,native PDF coordinate evidence; not yet assigned to accounting columns
5971,333.721,41164H-AB-4,1,"168,738",321.520,native PDF coordinate evidence; not yet assigned to accounting columns
5971,333.721,41164H-AB-4,2,"7,829,422",367.120,native PDF coordinate evidence; not yet assigned to accounting columns
5971,333.721,41164H-AB-4,3,1,435.880,native PDF coordinate evidence; not yet assigned to accounting columns
5971,333.721,41164H-AB-4,4,"(168,738)",534.760,native PDF coordinate evidence; not yet assigned to accounting columns
5971,333.721,41164H-AB-4,5,8.350,666.400,native PDF coordinate evidence; not yet assigned to accounting columns
5971,333.721,41164H-AB-4,6,0.000,694.720,native PDF coordinate evidence; not yet assigned to accounting columns
5971,333.721,41164H-AB-4,7,"21,792",736.600,native PDF coordinate evidence; not yet assigned to accounting columns
5971,333.721,41164H-AB-4,8,"168,738",813.400,native PDF coordinate evidence; not yet assigned to accounting columns
5971,341.761,41164C-AB-5,1,"2,138,000",342.160,native PDF coordinate evidence; not yet assigned to accounting columns
5971,341.761,41164C-AB-5,2,8.350,666.400,native PDF coordinate evidence; not yet assigned to accounting columns
5971,341.761,41164C-AB-5,3,0.000,694.720,native PDF coordinate evidence; not yet assigned to accounting columns
5971,341.761,41164C-AB-5,4,"21,609",941.800,native PDF coordinate evidence; not yet assigned to accounting columns
5971,349.801,41164C-AA-7,1,"1,259,776",342.160,native PDF coordinate evidence; not yet assigned to accounting columns
5971,349.801,41164C-AA-7,2,8.350,666.400,native PDF coordinate evidence; not yet assigned to accounting columns
5971,349.801,41164C-AA-7,3,0.000,694.720,native PDF coordinate evidence; not yet assigned to accounting columns
5971,349.801,41164C-AA-7,4,"12,733",941.920,native PDF coordinate evidence; not yet assigned to accounting columns
5971,357.841,41162F-AD-6,1,"2,347,500",342.160,native PDF coordinate evidence; not yet assigned to accounting columns
5971,357.841,41162F-AD-6,2,8.350,666.400,native PDF coordinate evidence; not yet assigned to accounting columns
5971,357.841,41162F-AD-6,3,0.000,694.720,native PDF coordinate evidence; not yet assigned to accounting columns
5971,357.841,41162F-AD-6,4,"23,726",941.920,native PDF coordinate evidence; not yet assigned to accounting columns
5971,365.881,41162F-AC-8,1,"1,785,000",342.160,native PDF coordinate evidence; not yet assigned to accounting columns
5971,365.881,41162F-AC-8,2,8.350,666.400,native PDF coordinate evidence; not yet assigned to accounting columns
5971,365.881,41162F-AC-8,3,0.000,694.720,native PDF coordinate evidence; not yet assigned to accounting columns
5971,365.881,41162F-AC-8,4,"18,041",941.680,native PDF coordinate evidence; not yet assigned to accounting columns
5971,373.921,41162F-AB-0,1,"1,945,483",367.120,native PDF coordinate evidence; not yet assigned to accounting columns
5971,373.921,41162F-AB-0,2,8.350,666.400,native PDF coordinate evidence; not yet assigned to accounting columns
5971,373.921,41162F-AB-0,3,0.000,694.720,native PDF coordinate evidence; not yet assigned to accounting columns
5971,373.921,41162F-AB-0,4,"19,663",941.800,native PDF coordinate evidence; not yet assigned to accounting columns
5971,381.961,41161D-AB-6,1,"469,183",371.920,native PDF coordinate evidence; not yet assigned to accounting columns
5971,381.961,41161D-AB-6,2,8.350,666.400,native PDF coordinate evidence; not yet assigned to accounting columns
5971,381.961,41161D-AB-6,3,0.000,694.720,native PDF coordinate evidence; not yet assigned to accounting columns
5971,381.961,41161D-AB-6,4,"4,522",944.560,native PDF coordinate evidence; not yet assigned to accounting columns
5971,390.001,361596-AA-7,1,"1,579,123",342.160,native PDF coordinate evidence; not yet assigned to accounting columns
5971,390.001,361596-AA-7,2,5.500,666.400,native PDF coordinate evidence; not yet assigned to accounting columns
5971,390.001,361596-AA-7,3,0.000,694.720,native PDF coordinate evidence; not yet assigned to accounting columns
5971,390.001,361596-AA-7,4,"14,127",941.800,native PDF coordinate evidence; not yet assigned to accounting columns
5971,398.041,29442Q-AB-3,1,"1,284,972",342.160,native PDF coordinate evidence; not yet assigned to accounting columns
5971,398.041,29442Q-AB-3,2,13,391.360,native PDF coordinate evidence; not yet assigned to accounting columns
5971,398.041,29442Q-AB-3,3,6.414,666.400,native PDF coordinate evidence; not yet assigned to accounting columns
5971,398.041,29442Q-AB-3,4,0.000,694.720,native PDF coordinate evidence; not yet assigned to accounting columns
5971,398.041,29442Q-AB-3,5,"12,573",941.920,native PDF coordinate evidence; not yet assigned to accounting columns
5971,406.081,23334M-AA-8,1,"1,225,000",342.160,native PDF coordinate evidence; not yet assigned to accounting columns
5971,406.081,23334M-AA-8,2,8.350,666.400,native PDF coordinate evidence; not yet assigned to accounting columns
5971,406.081,23334M-AA-8,3,0.000,694.720,native PDF coordinate evidence; not yet assigned to accounting columns
5971,406.081,23334M-AA-8,4,"12,226",941.920,native PDF coordinate evidence; not yet assigned to accounting columns
5971,414.121,23332S-AC-3,1,"18,160,000",364.000,native PDF coordinate evidence; not yet assigned to accounting columns
5971,414.121,23332S-AC-3,2,0.000,666.160,native PDF coordinate evidence; not yet assigned to accounting columns
5971,414.121,23332S-AC-3,3,0.000,694.720,native PDF coordinate evidence; not yet assigned to accounting columns
5971,414.121,23332S-AC-3,4,"117,748",939.160,native PDF coordinate evidence; not yet assigned to accounting columns
5972,79.561,Q0286*-AG-2,1,"2,046,656",316.720,native PDF coordinate evidence; not yet assigned to accounting columns
5972,79.561,Q0286*-AG-2,2,"2,113,171",342.160,native PDF coordinate evidence; not yet assigned to accounting columns
5972,79.561,Q0286*-AG-2,3,"2,134,734",416.320,native PDF coordinate evidence; not yet assigned to accounting columns
5972,79.561,Q0286*-AG-2,4,"2,113,171",468.160,native PDF coordinate evidence; not yet assigned to accounting columns
5972,79.561,Q0286*-AG-2,5,"66,515",635.080,native PDF coordinate evidence; not yet assigned to accounting columns
5972,79.561,Q0286*-AG-2,6,8.548,666.400,native PDF coordinate evidence; not yet assigned to accounting columns
5972,79.561,Q0286*-AG-2,7,8.735,694.960,native PDF coordinate evidence; not yet assigned to accounting columns
5972,79.561,Q0286*-AG-2,8,"10,038",766.720,native PDF coordinate evidence; not yet assigned to accounting columns
5972,79.561,Q0286*-AG-2,9,"73,404",785.800,native PDF coordinate evidence; not yet assigned to accounting columns
5972,79.561,Q0286*-AG-2,10,"525,377",939.520,native PDF coordinate evidence; not yet assigned to accounting columns
5972,93.241,Q0286*-AF-4,1,"4,093,613",316.840,native PDF coordinate evidence; not yet assigned to accounting columns
5972,93.241,Q0286*-AF-4,2,"4,226,652",367.120,native PDF coordinate evidence; not yet assigned to accounting columns
5972,93.241,Q0286*-AF-4,3,"4,266,581",391.360,native PDF coordinate evidence; not yet assigned to accounting columns
5972,93.241,Q0286*-AF-4,4,"4,226,652",468.520,native PDF coordinate evidence; not yet assigned to accounting columns
5972,93.241,Q0286*-AF-4,5,"133,040",632.680,native PDF coordinate evidence; not yet assigned to accounting columns
5972,93.241,Q0286*-AF-4,6,7.548,666.400,native PDF coordinate evidence; not yet assigned to accounting columns
5972,93.241,Q0286*-AF-4,7,7.716,694.720,native PDF coordinate evidence; not yet assigned to accounting columns
5972,93.241,Q0286*-AF-4,8,"17,729",736.600,native PDF coordinate evidence; not yet assigned to accounting columns
5972,93.241,Q0286*-AF-4,9,"129,722",813.760,native PDF coordinate evidence; not yet assigned to accounting columns
5972,93.241,Q0286*-AF-4,10,"1,049,974",921.400,native PDF coordinate evidence; not yet assigned to accounting columns
5972,106.921,Q0286*-AE-7,1,"5,230,710",316.720,native PDF coordinate evidence; not yet assigned to accounting columns
5972,106.921,Q0286*-AE-7,2,"5,400,705",342.160,native PDF coordinate evidence; not yet assigned to accounting columns
5972,106.921,Q0286*-AE-7,3,"5,449,262",416.440,native PDF coordinate evidence; not yet assigned to accounting columns
5972,106.921,Q0286*-AE-7,4,"5,400,705",468.280,native PDF coordinate evidence; not yet assigned to accounting columns
5972,106.921,Q0286*-AE-7,5,"169,994",632.800,native PDF coordinate evidence; not yet assigned to accounting columns
5972,106.921,Q0286*-AE-7,6,5.548,666.520,native PDF coordinate evidence; not yet assigned to accounting columns
5972,106.921,Q0286*-AE-7,7,5.690,694.960,native PDF coordinate evidence; not yet assigned to accounting columns
5972,106.921,Q0286*-AE-7,8,"16,653",736.600,native PDF coordinate evidence; not yet assigned to accounting columns
5972,106.921,Q0286*-AE-7,9,"122,060",813.520,native PDF coordinate evidence; not yet assigned to accounting columns
5972,106.921,Q0286*-AE-7,10,"1,339,439",921.400,native PDF coordinate evidence; not yet assigned to accounting columns
5972,120.601,Q0286*-AD-9,1,"10,006,642",314.080,native PDF coordinate evidence; not yet assigned to accounting columns
5972,120.601,Q0286*-AD-9,2,"10,331,851",364.360,native PDF coordinate evidence; not yet assigned to accounting columns
5972,120.601,Q0286*-AD-9,3,"10,409,154",413.680,native PDF coordinate evidence; not yet assigned to accounting columns
5972,120.601,Q0286*-AD-9,4,"10,331,851",465.760,native PDF coordinate evidence; not yet assigned to accounting columns
5972,120.601,Q0286*-AD-9,5,"325,209",632.920,native PDF coordinate evidence; not yet assigned to accounting columns
5972,120.601,Q0286*-AD-9,6,5.448,666.520,native PDF coordinate evidence; not yet assigned to accounting columns
5972,120.601,Q0286*-AD-9,7,5.589,695.080,native PDF coordinate evidence; not yet assigned to accounting columns
5972,120.601,Q0286*-AD-9,8,"31,283",736.600,native PDF coordinate evidence; not yet assigned to accounting columns
5972,120.601,Q0286*-AD-9,9,"229,329",814.000,native PDF coordinate evidence; not yet assigned to accounting columns
5972,120.601,Q0286*-AD-9,10,"2,562,212",921.400,native PDF coordinate evidence; not yet assigned to accounting columns
5972,134.281,Q0286*-AC-1,1,"8,414,765",316.720,native PDF coordinate evidence; not yet assigned to accounting columns
5972,134.281,Q0286*-AC-1,2,"8,688,239",342.160,native PDF coordinate evidence; not yet assigned to accounting columns
5972,134.281,Q0286*-AC-1,3,"8,732,523",416.320,native PDF coordinate evidence; not yet assigned to accounting columns
5972,134.281,Q0286*-AC-1,4,"8,688,239",468.280,native PDF coordinate evidence; not yet assigned to accounting columns
5972,134.281,Q0286*-AC-1,5,"273,474",632.800,native PDF coordinate evidence; not yet assigned to accounting columns
5972,134.281,Q0286*-AC-1,6,5.298,666.520,native PDF coordinate evidence; not yet assigned to accounting columns
5972,134.281,Q0286*-AC-1,7,5.258,695.080,native PDF coordinate evidence; not yet assigned to accounting columns
5972,134.281,Q0286*-AC-1,8,"25,583",736.600,native PDF coordinate evidence; not yet assigned to accounting columns
5972,134.281,Q0286*-AC-1,9,"187,575",813.520,native PDF coordinate evidence; not yet assigned to accounting columns
5972,134.281,Q0286*-AC-1,10,"2,154,346",921.400,native PDF coordinate evidence; not yet assigned to accounting columns
5972,147.961,Q0286*-AB-3,1,"100,728,598",311.680,native PDF coordinate evidence; not yet assigned to accounting columns
5972,147.961,Q0286*-AB-3,2,"104,002,207",361.840,native PDF coordinate evidence; not yet assigned to accounting columns
5972,147.961,Q0286*-AB-3,3,"104,293,621",411.280,native PDF coordinate evidence; not yet assigned to accounting columns
5972,147.961,Q0286*-AB-3,4,"104,002,207",440.560,native PDF coordinate evidence; not yet assigned to accounting columns
5972,147.961,Q0286*-AB-3,5,"3,273,609",614.680,native PDF coordinate evidence; not yet assigned to accounting columns
5972,147.961,Q0286*-AB-3,6,4.748,666.400,native PDF coordinate evidence; not yet assigned to accounting columns
5972,147.961,Q0286*-AB-3,7,4.723,695.080,native PDF coordinate evidence; not yet assigned to accounting columns
5972,147.961,Q0286*-AB-3,8,"274,457",764.560,native PDF coordinate evidence; not yet assigned to accounting columns
5972,147.961,Q0286*-AB-3,9,"2,013,958",785.800,native PDF coordinate evidence; not yet assigned to accounting columns
5972,147.961,Q0286*-AB-3,10,"25,776,910",931.839,native PDF coordinate evidence; not yet assigned to accounting columns
5972,161.641,Q0286*-AA-5,1,"6,941,543",316.960,native PDF coordinate evidence; not yet assigned to accounting columns
5972,161.641,Q0286*-AA-5,2,"7,167,139",342.160,native PDF coordinate evidence; not yet assigned to accounting columns
5972,161.641,Q0286*-AA-5,3,"7,187,085",391.360,native PDF coordinate evidence; not yet assigned to accounting columns
5972,161.641,Q0286*-AA-5,4,"7,167,139",468.160,native PDF coordinate evidence; not yet assigned to accounting columns
5972,161.641,Q0286*-AA-5,5,"225,595",633.040,native PDF coordinate evidence; not yet assigned to accounting columns
5972,161.641,Q0286*-AA-5,6,4.478,666.400,native PDF coordinate evidence; not yet assigned to accounting columns
5972,161.641,Q0286*-AA-5,7,4.463,695.080,native PDF coordinate evidence; not yet assigned to accounting columns
5972,161.641,Q0286*-AA-5,8,"17,839",736.600,native PDF coordinate evidence; not yet assigned to accounting columns
5972,161.641,Q0286*-AA-5,9,"130,962",813.640,native PDF coordinate evidence; not yet assigned to accounting columns
5972,161.641,Q0286*-AA-5,10,"775,328",939.400,native PDF coordinate evidence; not yet assigned to accounting columns
5972,175.321,N2115K-AB-4,1,"2,451,741",316.840,native PDF coordinate evidence; not yet assigned to accounting columns
5972,175.321,N2115K-AB-4,2,"3,111,670",342.160,native PDF coordinate evidence; not yet assigned to accounting columns
5972,175.321,N2115K-AB-4,3,"3,114,906",391.360,native PDF coordinate evidence; not yet assigned to accounting columns
5972,175.321,N2115K-AB-4,4,"2,927,459",468.640,native PDF coordinate evidence; not yet assigned to accounting columns
5972,175.321,N2115K-AB-4,5,"(43,430)",552.880,native PDF coordinate evidence; not yet assigned to accounting columns
5972,175.321,N2115K-AB-4,6,"345,007",632.680,native PDF coordinate evidence; not yet assigned to accounting columns
5972,175.321,N2115K-AB-4,7,3.100,666.280,native PDF coordinate evidence; not yet assigned to accounting columns
5972,175.321,N2115K-AB-4,8,4.045,695.080,native PDF coordinate evidence; not yet assigned to accounting columns
5972,175.321,N2115K-AB-4,9,"4,555",769.600,native PDF coordinate evidence; not yet assigned to accounting columns
5972,175.321,N2115K-AB-4,10,"102,432",813.760,native PDF coordinate evidence; not yet assigned to accounting columns
5972,175.321,N2115K-AB-4,11,"324,763",939.520,native PDF coordinate evidence; not yet assigned to accounting columns
5972,183.361,N2115K-AA-6,1,"7,100,350",287.920,native PDF coordinate evidence; not yet assigned to accounting columns
5972,183.361,N2115K-AA-6,2,"8,846,710",342.160,native PDF coordinate evidence; not yet assigned to accounting columns
5972,183.361,N2115K-AA-6,3,"8,849,169",391.360,native PDF coordinate evidence; not yet assigned to accounting columns
5972,183.361,N2115K-AA-6,4,"8,608,974",468.160,native PDF coordinate evidence; not yet assigned to accounting columns
5972,183.361,N2115K-AA-6,5,"(38,771)",552.520,native PDF coordinate evidence; not yet assigned to accounting columns
5972,183.361,N2115K-AA-6,6,"1,018,688",627.280,native PDF coordinate evidence; not yet assigned to accounting columns
5972,183.361,N2115K-AA-6,7,2.730,666.400,native PDF coordinate evidence; not yet assigned to accounting columns
5972,183.361,N2115K-AA-6,8,4.225,695.200,native PDF coordinate evidence; not yet assigned to accounting columns
5972,183.361,N2115K-AA-6,9,"11,405",736.600,native PDF coordinate evidence; not yet assigned to accounting columns
5972,183.361,N2115K-AA-6,10,"258,905",813.760,native PDF coordinate evidence; not yet assigned to accounting columns
5972,183.361,N2115K-AA-6,11,"25,593",921.400,native PDF coordinate evidence; not yet assigned to accounting columns
5972,191.401,G8962C-AB-1,1,"7,577,721",287.920,native PDF coordinate evidence; not yet assigned to accounting columns
5972,191.401,G8962C-AB-1,2,"9,433,962",367.240,native PDF coordinate evidence; not yet assigned to accounting columns
5972,191.401,G8962C-AB-1,3,"9,440,920",416.320,native PDF coordinate evidence; not yet assigned to accounting columns
5972,191.401,G8962C-AB-1,4,"9,373,945",468.640,native PDF coordinate evidence; not yet assigned to accounting columns
5972,191.401,G8962C-AB-1,5,"373,502",552.880,native PDF coordinate evidence; not yet assigned to accounting columns
5972,191.401,G8962C-AB-1,6,"697,572",632.680,native PDF coordinate evidence; not yet assigned to accounting columns
5972,191.401,G8962C-AB-1,7,4.723,666.520,native PDF coordinate evidence; not yet assigned to accounting columns
5972,191.401,G8962C-AB-1,8,7.801,694.720,native PDF coordinate evidence; not yet assigned to accounting columns
5972,191.401,G8962C-AB-1,9,"12,664",736.600,native PDF coordinate evidence; not yet assigned to accounting columns
5972,191.401,G8962C-AB-1,10,"495,338",813.880,native PDF coordinate evidence; not yet assigned to accounting columns
5972,191.401,G8962C-AB-1,11,"8,182,580",921.400,native PDF coordinate evidence; not yet assigned to accounting columns
5972,199.441,BCC372-QN-4,1,"4,627,226",316.840,native PDF coordinate evidence; not yet assigned to accounting columns
5972,199.441,BCC372-QN-4,2,"5,595,687",342.160,native PDF coordinate evidence; not yet assigned to accounting columns
5972,199.441,BCC372-QN-4,3,"5,647,459",416.320,native PDF coordinate evidence; not yet assigned to accounting columns
5972,199.441,BCC372-QN-4,4,"5,584,050",468.400,native PDF coordinate evidence; not yet assigned to accounting columns
5972,199.441,BCC372-QN-4,5,(845),560.200,native PDF coordinate evidence; not yet assigned to accounting columns
5972,199.441,BCC372-QN-4,6,"397,677",632.560,native PDF coordinate evidence; not yet assigned to accounting columns
5972,199.441,BCC372-QN-4,7,6.723,666.400,native PDF coordinate evidence; not yet assigned to accounting columns
5972,199.441,BCC372-QN-4,8,6.789,694.840,native PDF coordinate evidence; not yet assigned to accounting columns
5972,199.441,BCC372-QN-4,9,"21,270",736.600,native PDF coordinate evidence; not yet assigned to accounting columns
5972,199.441,BCC372-QN-4,10,"404,948",813.760,native PDF coordinate evidence; not yet assigned to accounting columns
5972,199.441,BCC372-QN-4,11,"4,713,449",921.400,native PDF coordinate evidence; not yet assigned to accounting columns
5972,207.481,BCC35K-WR-0,1,"4,548,057",316.840,native PDF coordinate evidence; not yet assigned to accounting columns
5972,207.481,BCC35K-WR-0,2,"5,875,510",342.160,native PDF coordinate evidence; not yet assigned to accounting columns
5972,207.481,BCC35K-WR-0,3,"5,897,875",391.360,native PDF coordinate evidence; not yet assigned to accounting columns
5972,207.481,BCC35K-WR-0,4,"5,631,393",468.520,native PDF coordinate evidence; not yet assigned to accounting columns
5972,207.481,BCC35K-WR-0,5,"11,725",555.160,native PDF coordinate evidence; not yet assigned to accounting columns
5972,207.481,BCC35K-WR-0,6,"668,838",632.440,native PDF coordinate evidence; not yet assigned to accounting columns
5972,207.481,BCC35K-WR-0,7,3.422,666.640,native PDF coordinate evidence; not yet assigned to accounting columns
5972,207.481,BCC35K-WR-0,8,5.249,695.200,native PDF coordinate evidence; not yet assigned to accounting columns
5972,207.481,BCC35K-WR-0,9,"36,303",736.600,native PDF coordinate evidence; not yet assigned to accounting columns
5972,207.481,BCC35K-WR-0,10,"217,096",813.520,native PDF coordinate evidence; not yet assigned to accounting columns
5972,207.481,BCC35K-WR-0,11,"806,981",939.160,native PDF coordinate evidence; not yet assigned to accounting columns
5972,215.521,BCC353-MH-1,1,"1,361,690",287.920,native PDF coordinate evidence; not yet assigned to accounting columns
5972,215.521,BCC353-MH-1,2,"1,762,653",342.160,native PDF coordinate evidence; not yet assigned to accounting columns
5972,215.521,BCC353-MH-1,3,"1,775,607",391.360,native PDF coordinate evidence; not yet assigned to accounting columns
5972,215.521,BCC353-MH-1,4,"1,698,850",468.160,native PDF coordinate evidence; not yet assigned to accounting columns
5972,215.521,BCC353-MH-1,5,"13,935",534.760,native PDF coordinate evidence; not yet assigned to accounting columns
5972,215.521,BCC353-MH-1,6,"202,463",632.800,native PDF coordinate evidence; not yet assigned to accounting columns
5972,215.521,BCC353-MH-1,7,3.826,666.400,native PDF coordinate evidence; not yet assigned to accounting columns
5972,215.521,BCC353-MH-1,8,5.143,695.080,native PDF coordinate evidence; not yet assigned to accounting columns
5972,215.521,BCC353-MH-1,9,"14,612",736.600,native PDF coordinate evidence; not yet assigned to accounting columns
5972,215.521,BCC353-MH-1,10,"74,239",785.800,native PDF coordinate evidence; not yet assigned to accounting columns
5972,215.521,BCC353-MH-1,11,"822,727",939.400,native PDF coordinate evidence; not yet assigned to accounting columns
5972,223.561,BCC34S-N9-4,1,"27,269,179",287.920,native PDF coordinate evidence; not yet assigned to accounting columns
5972,223.561,BCC34S-N9-4,2,"27,647,937",364.480,native PDF coordinate evidence; not yet assigned to accounting columns
5972,223.561,BCC34S-N9-4,3,"27,482,160",413.560,native PDF coordinate evidence; not yet assigned to accounting columns
5972,223.561,BCC34S-N9-4,4,"27,536,422",466.120,native PDF coordinate evidence; not yet assigned to accounting columns
5972,223.561,BCC34S-N9-4,5,"32,720",555.280,native PDF coordinate evidence; not yet assigned to accounting columns
5972,223.561,BCC34S-N9-4,6,"234,523",633.040,native PDF coordinate evidence; not yet assigned to accounting columns
5972,223.561,BCC34S-N9-4,7,3.903,666.520,native PDF coordinate evidence; not yet assigned to accounting columns
5972,223.561,BCC34S-N9-4,8,4.906,694.960,native PDF coordinate evidence; not yet assigned to accounting columns
5972,223.561,BCC34S-N9-4,9,"23,980",736.600,native PDF coordinate evidence; not yet assigned to accounting columns
5972,223.561,BCC34S-N9-4,10,"181,292",813.640,native PDF coordinate evidence; not yet assigned to accounting columns
5972,223.561,BCC34S-N9-4,11,"486,981",939.280,native PDF coordinate evidence; not yet assigned to accounting columns
5972,231.601,BCC33R-C3-2,1,"3,989,289",316.960,native PDF coordinate evidence; not yet assigned to accounting columns
5972,231.601,BCC33R-C3-2,2,"5,170,449",342.160,native PDF coordinate evidence; not yet assigned to accounting columns
5972,231.601,BCC33R-C3-2,3,"5,173,101",391.360,native PDF coordinate evidence; not yet assigned to accounting columns
5972,231.601,BCC33R-C3-2,4,"4,947,852",468.520,native PDF coordinate evidence; not yet assigned to accounting columns
5972,231.601,BCC33R-C3-2,5,"38,012",555.160,native PDF coordinate evidence; not yet assigned to accounting columns
5972,231.601,BCC33R-C3-2,6,"589,178",632.560,native PDF coordinate evidence; not yet assigned to accounting columns
5972,231.601,BCC33R-C3-2,7,3.116,666.280,native PDF coordinate evidence; not yet assigned to accounting columns
5972,231.601,BCC33R-C3-2,8,4.368,694.960,native PDF coordinate evidence; not yet assigned to accounting columns
5972,231.601,BCC33R-C3-2,9,"34,012",736.600,native PDF coordinate evidence; not yet assigned to accounting columns
5972,231.601,BCC33R-C3-2,10,"182,966",813.520,native PDF coordinate evidence; not yet assigned to accounting columns
5972,231.601,BCC33R-C3-2,11,"304,234",939.639,native PDF coordinate evidence; not yet assigned to accounting columns
5972,239.641,BCC33J-RW-0,1,"6,491,221",316.840,native PDF coordinate evidence; not yet assigned to accounting columns
5972,239.641,BCC33J-RW-0,2,"8,020,216",342.160,native PDF coordinate evidence; not yet assigned to accounting columns
5972,239.641,BCC33J-RW-0,3,"8,025,577",391.360,native PDF coordinate evidence; not yet assigned to accounting columns
5972,239.641,BCC33J-RW-0,4,"7,822,477",468.280,native PDF coordinate evidence; not yet assigned to accounting columns
5972,239.641,BCC33J-RW-0,5,"11,415",555.160,native PDF coordinate evidence; not yet assigned to accounting columns
5972,239.641,BCC33J-RW-0,6,"558,129",632.800,native PDF coordinate evidence; not yet assigned to accounting columns
5972,239.641,BCC33J-RW-0,7,4.923,666.640,native PDF coordinate evidence; not yet assigned to accounting columns
5972,239.641,BCC33J-RW-0,8,5.234,695.200,native PDF coordinate evidence; not yet assigned to accounting columns
5972,239.641,BCC33J-RW-0,9,"50,973",736.600,native PDF coordinate evidence; not yet assigned to accounting columns
5972,239.641,BCC33J-RW-0,10,"436,161",813.520,native PDF coordinate evidence; not yet assigned to accounting columns
5972,239.641,BCC33J-RW-0,11,"6,980,216",921.400,native PDF coordinate evidence; not yet assigned to accounting columns
5972,247.681,BCC33H-03-7,1,"5,736,098",316.720,native PDF coordinate evidence; not yet assigned to accounting columns
5972,247.681,BCC33H-03-7,2,"7,277,628",342.160,native PDF coordinate evidence; not yet assigned to accounting columns
5972,247.681,BCC33H-03-7,3,"7,294,348",416.320,native PDF coordinate evidence; not yet assigned to accounting columns
5972,247.681,BCC33H-03-7,4,"6,945,697",468.400,native PDF coordinate evidence; not yet assigned to accounting columns
5972,247.681,BCC33H-03-7,5,"37,676",555.040,native PDF coordinate evidence; not yet assigned to accounting columns
5972,247.681,BCC33H-03-7,6,"498,763",632.680,native PDF coordinate evidence; not yet assigned to accounting columns
5972,247.681,BCC33H-03-7,7,4.973,666.520,native PDF coordinate evidence; not yet assigned to accounting columns
5972,247.681,BCC33H-03-7,8,5.884,694.960,native PDF coordinate evidence; not yet assigned to accounting columns
5972,247.681,BCC33H-03-7,9,"16,518",766.720,native PDF coordinate evidence; not yet assigned to accounting columns
5972,247.681,BCC33H-03-7,10,"399,829",813.880,native PDF coordinate evidence; not yet assigned to accounting columns
5972,247.681,BCC33H-03-7,11,"116,909",939.280,native PDF coordinate evidence; not yet assigned to accounting columns
5972,255.721,BCC328-9D-7,1,"1,354,408",316.840,native PDF coordinate evidence; not yet assigned to accounting columns
5972,255.721,BCC328-9D-7,2,"1,762,653",342.160,native PDF coordinate evidence; not yet assigned to accounting columns
5972,255.721,BCC328-9D-7,3,"1,762,853",391.360,native PDF coordinate evidence; not yet assigned to accounting columns
5972,255.721,BCC328-9D-7,4,"1,700,387",468.040,native PDF coordinate evidence; not yet assigned to accounting columns
5972,255.721,BCC328-9D-7,5,"12,142",555.280,native PDF coordinate evidence; not yet assigned to accounting columns
5972,255.721,BCC328-9D-7,6,"202,526",632.800,native PDF coordinate evidence; not yet assigned to accounting columns
5972,255.721,BCC328-9D-7,7,2.872,666.400,native PDF coordinate evidence; not yet assigned to accounting columns
5972,255.721,BCC328-9D-7,8,4.906,694.960,native PDF coordinate evidence; not yet assigned to accounting columns
5972,255.721,BCC328-9D-7,9,"9,140",769.360,native PDF coordinate evidence; not yet assigned to accounting columns
5972,255.721,BCC328-9D-7,10,"55,671",785.800,native PDF coordinate evidence; not yet assigned to accounting columns
5972,255.721,BCC328-9D-7,11,"307,959",939.520,native PDF coordinate evidence; not yet assigned to accounting columns
5972,263.761,BCC307-MS-3,1,"1,924,133",316.960,native PDF coordinate evidence; not yet assigned to accounting columns
5972,263.761,BCC307-MS-3,2,"2,425,876",342.160,native PDF coordinate evidence; not yet assigned to accounting columns
5972,263.761,BCC307-MS-3,3,"2,429,391",416.440,native PDF coordinate evidence; not yet assigned to accounting columns
5972,263.761,BCC307-MS-3,4,"2,345,387",468.520,native PDF coordinate evidence; not yet assigned to accounting columns
5972,263.761,BCC307-MS-3,5,"3,952",557.920,native PDF coordinate evidence; not yet assigned to accounting columns
5972,263.761,BCC307-MS-3,6,"167,384",632.560,native PDF coordinate evidence; not yet assigned to accounting columns
5972,263.761,BCC307-MS-3,7,5.273,666.520,native PDF coordinate evidence; not yet assigned to accounting columns
5972,263.761,BCC307-MS-3,8,5.716,694.840,native PDF coordinate evidence; not yet assigned to accounting columns
5972,263.761,BCC307-MS-3,9,"16,465",736.600,native PDF coordinate evidence; not yet assigned to accounting columns
5972,263.761,BCC307-MS-3,10,"140,248",813.640,native PDF coordinate evidence; not yet assigned to accounting columns
5972,263.761,BCC307-MS-3,11,"2,113,150",921.400,native PDF coordinate evidence; not yet assigned to accounting columns
5972,271.801,BCC307-MR-5,1,"3,272,335",317.080,native PDF coordinate evidence; not yet assigned to accounting columns
5972,271.801,BCC307-MR-5,2,"4,043,127",342.160,native PDF coordinate evidence; not yet assigned to accounting columns
5972,271.801,BCC307-MR-5,3,"4,045,973",416.320,native PDF coordinate evidence; not yet assigned to accounting columns
5972,271.801,BCC307-MR-5,4,"3,931,052",468.520,native PDF coordinate evidence; not yet assigned to accounting columns
5972,271.801,BCC307-MR-5,5,"9,264",557.800,native PDF coordinate evidence; not yet assigned to accounting columns
5972,271.801,BCC307-MR-5,6,"280,756",632.560,native PDF coordinate evidence; not yet assigned to accounting columns
5972,271.801,BCC307-MR-5,7,4.923,666.640,native PDF coordinate evidence; not yet assigned to accounting columns
5972,271.801,BCC307-MR-5,8,5.446,695.080,native PDF coordinate evidence; not yet assigned to accounting columns
5972,271.801,BCC307-MR-5,9,"25,697",736.600,native PDF coordinate evidence; not yet assigned to accounting columns
5972,271.801,BCC307-MR-5,10,"219,876",813.520,native PDF coordinate evidence; not yet assigned to accounting columns
5972,271.801,BCC307-MR-5,11,"3,518,949",921.400,native PDF coordinate evidence; not yet assigned to accounting columns
5972,279.841,BCC2QV-HN-1,1,"5,377,126",316.720,native PDF coordinate evidence; not yet assigned to accounting columns
5972,279.841,BCC2QV-HN-1,2,"6,660,377",342.160,native PDF coordinate evidence; not yet assigned to accounting columns
5972,279.841,BCC2QV-HN-1,3,"6,660,381",391.360,native PDF coordinate evidence; not yet assigned to accounting columns
5972,279.841,BCC2QV-HN-1,4,"6,476,664",468.160,native PDF coordinate evidence; not yet assigned to accounting columns
5972,279.841,BCC2QV-HN-1,5,"41,525",534.760,native PDF coordinate evidence; not yet assigned to accounting columns
5972,279.841,BCC2QV-HN-1,6,"465,760",632.560,native PDF coordinate evidence; not yet assigned to accounting columns
5972,279.841,BCC2QV-HN-1,7,5.223,666.640,native PDF coordinate evidence; not yet assigned to accounting columns
5972,279.841,BCC2QV-HN-1,8,6.638,694.840,native PDF coordinate evidence; not yet assigned to accounting columns
5972,279.841,BCC2QV-HN-1,9,"14,848",736.600,native PDF coordinate evidence; not yet assigned to accounting columns
5972,279.841,BCC2QV-HN-1,10,"383,113",813.640,native PDF coordinate evidence; not yet assigned to accounting columns
5972,279.841,BCC2QV-HN-1,11,"5,649,310",921.400,native PDF coordinate evidence; not yet assigned to accounting columns
5972,287.881,BCC0XQ-SW-6,1,"4,050,000",342.160,native PDF coordinate evidence; not yet assigned to accounting columns
5972,287.881,BCC0XQ-SW-6,2,0.000,666.160,native PDF coordinate evidence; not yet assigned to accounting columns
5972,287.881,BCC0XQ-SW-6,3,0.000,694.720,native PDF coordinate evidence; not yet assigned to accounting columns
5972,287.881,BCC0XQ-SW-6,4,"95,625",921.400,native PDF coordinate evidence; not yet assigned to accounting columns
5972,295.921,BCC0WA-QH-7,1,"411,192",321.760,native PDF coordinate evidence; not yet assigned to accounting columns
5972,295.921,BCC0WA-QH-7,2,"8,373,497",342.160,native PDF coordinate evidence; not yet assigned to accounting columns
5972,295.921,BCC0WA-QH-7,3,"(217,550)",510.280,native PDF coordinate evidence; not yet assigned to accounting columns
5972,295.921,BCC0WA-QH-7,4,"(193,642)",550.360,native PDF coordinate evidence; not yet assigned to accounting columns
5972,295.921,BCC0WA-QH-7,5,10.354,654.640,native PDF coordinate evidence; not yet assigned to accounting columns
5972,295.921,BCC0WA-QH-7,6,0.000,694.720,native PDF coordinate evidence; not yet assigned to accounting columns
5972,295.921,BCC0WA-QH-7,7,"411,192",813.640,native PDF coordinate evidence; not yet assigned to accounting columns
5972,295.921,BCC0WA-QH-7,8,"168,990",939.280,native PDF coordinate evidence; not yet assigned to accounting columns
5972,303.961,93935M-AA-4,1,"5,117,609",342.160,native PDF coordinate evidence; not yet assigned to accounting columns
5972,303.961,93935M-AA-4,2,8.500,666.280,native PDF coordinate evidence; not yet assigned to accounting columns
5972,303.961,93935M-AA-4,3,0.000,694.720,native PDF coordinate evidence; not yet assigned to accounting columns
5972,303.961,93935M-AA-4,4,"52,154",921.400,native PDF coordinate evidence; not yet assigned to accounting columns
5972,312.001,92933V-AB-6,1,"12,965,956",364.600,native PDF coordinate evidence; not yet assigned to accounting columns
5972,312.001,92933V-AB-6,2,7.500,666.280,native PDF coordinate evidence; not yet assigned to accounting columns
5972,312.001,92933V-AB-6,3,0.000,694.720,native PDF coordinate evidence; not yet assigned to accounting columns
5972,312.001,92933V-AB-6,4,"90,148",941.800,native PDF coordinate evidence; not yet assigned to accounting columns
5972,320.041,92933U-AA-0,1,"4,922,464",367.240,native PDF coordinate evidence; not yet assigned to accounting columns
5972,320.041,92933U-AA-0,2,6.750,666.280,native PDF coordinate evidence; not yet assigned to accounting columns
5972,320.041,92933U-AA-0,3,0.000,694.720,native PDF coordinate evidence; not yet assigned to accounting columns
5972,320.041,92933U-AA-0,4,"34,366",941.920,native PDF coordinate evidence; not yet assigned to accounting columns
5972,328.081,92932L-AB-9,1,"3,000,000",342.160,native PDF coordinate evidence; not yet assigned to accounting columns
5972,328.081,92932L-AB-9,2,7.143,666.400,native PDF coordinate evidence; not yet assigned to accounting columns
5972,328.081,92932L-AB-9,3,0.000,694.720,native PDF coordinate evidence; not yet assigned to accounting columns
5972,328.081,92932L-AB-9,4,"21,791",941.800,native PDF coordinate evidence; not yet assigned to accounting columns
5972,336.121,83613U-AB-4,1,"1,990,810",287.920,native PDF coordinate evidence; not yet assigned to accounting columns
5972,336.121,83613U-AB-4,2,"25,577,415",364.600,native PDF coordinate evidence; not yet assigned to accounting columns
5972,336.121,83613U-AB-4,3,3,436.000,native PDF coordinate evidence; not yet assigned to accounting columns
5972,336.121,83613U-AB-4,4,"(1,605,447)",545.200,native PDF coordinate evidence; not yet assigned to accounting columns
5972,336.121,83613U-AB-4,5,6.500,666.280,native PDF coordinate evidence; not yet assigned to accounting columns
5972,336.121,83613U-AB-4,6,0.000,694.720,native PDF coordinate evidence; not yet assigned to accounting columns
5972,336.121,83613U-AB-4,7,"27,709",736.600,native PDF coordinate evidence; not yet assigned to accounting columns
5972,336.121,83613U-AB-4,8,"1,605,447",785.800,native PDF coordinate evidence; not yet assigned to accounting columns
5972,344.161,83613U-AA-6,1,"1,840,000",342.160,native PDF coordinate evidence; not yet assigned to accounting columns
5972,344.161,83613U-AA-6,2,8.250,666.400,native PDF coordinate evidence; not yet assigned to accounting columns
5972,344.161,83613U-AA-6,3,0.000,694.720,native PDF coordinate evidence; not yet assigned to accounting columns
5972,344.161,83613U-AA-6,4,"18,435",941.920,native PDF coordinate evidence; not yet assigned to accounting columns
5972,352.201,83613T-AB-7,1,"3,600,000",342.160,native PDF coordinate evidence; not yet assigned to accounting columns
5972,352.201,83613T-AB-7,2,8.250,666.400,native PDF coordinate evidence; not yet assigned to accounting columns
5972,352.201,83613T-AB-7,3,0.000,694.720,native PDF coordinate evidence; not yet assigned to accounting columns
5972,352.201,83613T-AB-7,4,"36,068",941.680,native PDF coordinate evidence; not yet assigned to accounting columns
5972,360.241,83610Q-AA-8,1,"92,523",342.160,native PDF coordinate evidence; not yet assigned to accounting columns
5972,360.241,83610Q-AA-8,2,4.703,666.400,native PDF coordinate evidence; not yet assigned to accounting columns
5972,360.241,83610Q-AA-8,3,0.000,694.720,native PDF coordinate evidence; not yet assigned to accounting columns
5972,360.241,83610Q-AA-8,4,814,949.239,native PDF coordinate evidence; not yet assigned to accounting columns
5972,368.281,82001R-AD-9,1,"469,872",371.920,native PDF coordinate evidence; not yet assigned to accounting columns
5972,368.281,82001R-AD-9,2,5,436.000,native PDF coordinate evidence; not yet assigned to accounting columns
5972,368.281,82001R-AD-9,3,5.920,666.520,native PDF coordinate evidence; not yet assigned to accounting columns
5972,368.281,82001R-AD-9,4,0.000,694.720,native PDF coordinate evidence; not yet assigned to accounting columns
5972,368.281,82001R-AD-9,5,"(2,318)",785.800,native PDF coordinate evidence; not yet assigned to accounting columns
5972,368.281,82001R-AD-9,6,"4,802",921.400,native PDF coordinate evidence; not yet assigned to accounting columns
5972,381.961,80382S-CY-2,1,"3,924,353",367.360,native PDF coordinate evidence; not yet assigned to accounting columns
5972,381.961,80382S-CY-2,2,39,433.600,native PDF coordinate evidence; not yet assigned to accounting columns
5972,381.961,80382S-CY-2,3,7.500,666.280,native PDF coordinate evidence; not yet assigned to accounting columns
5972,381.961,80382S-CY-2,4,0.000,694.720,native PDF coordinate evidence; not yet assigned to accounting columns
5972,381.961,80382S-CY-2,5,"41,512",941.920,native PDF coordinate evidence; not yet assigned to accounting columns
5972,390.001,80382S-CX-4,1,29,334.240,native PDF coordinate evidence; not yet assigned to accounting columns
5972,390.001,80382S-CX-4,2,638,381.760,native PDF coordinate evidence; not yet assigned to accounting columns
5972,390.001,80382S-CX-4,3,(29),522.760,native PDF coordinate evidence; not yet assigned to accounting columns
5972,390.001,80382S-CX-4,4,4.500,666.400,native PDF coordinate evidence; not yet assigned to accounting columns
5972,390.001,80382S-CX-4,5,0.000,694.720,native PDF coordinate evidence; not yet assigned to accounting columns
5972,390.001,80382S-CX-4,6,29,826.120,native PDF coordinate evidence; not yet assigned to accounting columns
5972,390.001,80382S-CX-4,7,6,954.159,native PDF coordinate evidence; not yet assigned to accounting columns
5972,398.041,80382S-CG-1,1,206,287.920,native PDF coordinate evidence; not yet assigned to accounting columns
5972,398.041,80382S-CG-1,2,"110,125",371.800,native PDF coordinate evidence; not yet assigned to accounting columns
5972,398.041,80382S-CG-1,3,5.250,666.520,native PDF coordinate evidence; not yet assigned to accounting columns
5972,398.041,80382S-CG-1,4,0.000,694.720,native PDF coordinate evidence; not yet assigned to accounting columns
5972,398.041,80382S-CG-1,5,"1,066",921.400,native PDF coordinate evidence; not yet assigned to accounting columns
5972,406.081,80382S-AP-3,1,"5,800",326.560,native PDF coordinate evidence; not yet assigned to accounting columns
5972,406.081,80382S-AP-3,2,"5,420",376.960,native PDF coordinate evidence; not yet assigned to accounting columns
5972,406.081,80382S-AP-3,3,"5,562",426.160,native PDF coordinate evidence; not yet assigned to accounting columns
5972,406.081,80382S-AP-3,4,"5,800",478.120,native PDF coordinate evidence; not yet assigned to accounting columns
5972,406.081,80382S-AP-3,5,7.750,666.280,native PDF coordinate evidence; not yet assigned to accounting columns
5972,406.081,80382S-AP-3,6,0.000,694.720,native PDF coordinate evidence; not yet assigned to accounting columns
5972,406.081,80382S-AP-3,7,963,823.600,native PDF coordinate evidence; not yet assigned to accounting columns
5972,406.081,80382S-AP-3,8,73,921.400,native PDF coordinate evidence; not yet assigned to accounting columns
5972,414.121,80382Q-AW-2,1,"276,383",371.920,native PDF coordinate evidence; not yet assigned to accounting columns
5972,414.121,80382Q-AW-2,2,3,436.000,native PDF coordinate evidence; not yet assigned to accounting columns
5972,414.121,80382Q-AW-2,3,7.500,666.280,native PDF coordinate evidence; not yet assigned to accounting columns
5972,414.121,80382Q-AW-2,4,0.000,694.720,native PDF coordinate evidence; not yet assigned to accounting columns
5972,414.121,80382Q-AW-2,5,"3,018",921.400,native PDF coordinate evidence; not yet assigned to accounting columns
6276,64.561,42806M-AG-4,1,"9,425,000",382.360,native PDF coordinate evidence; not yet assigned to accounting columns
6276,64.561,42806M-AG-4,2,"10,000,000",425.920,native PDF coordinate evidence; not yet assigned to accounting columns
6276,64.561,42806M-AG-4,3,"9,645,402",453.760,native PDF coordinate evidence; not yet assigned to accounting columns
6276,64.561,42806M-AG-4,4,"9,810,345",517.840,native PDF coordinate evidence; not yet assigned to accounting columns
6276,64.561,42806M-AG-4,5,"21,855",605.080,native PDF coordinate evidence; not yet assigned to accounting columns
6276,64.561,42806M-AG-4,6,"21,855",687.160,native PDF coordinate evidence; not yet assigned to accounting columns
6276,64.561,42806M-AG-4,7,"9,832,200",760.240,native PDF coordinate evidence; not yet assigned to accounting columns
6276,64.561,42806M-AG-4,8,"(407,200)",840.880,native PDF coordinate evidence; not yet assigned to accounting columns
6276,64.561,42806M-AG-4,9,"(407,200)",880.840,native PDF coordinate evidence; not yet assigned to accounting columns
6276,64.561,42806M-AG-4,10,"58,800",930.400,native PDF coordinate evidence; not yet assigned to accounting columns
6276,78.241,31809K-AB-9,1,"79,417",389.680,native PDF coordinate evidence; not yet assigned to accounting columns
6276,78.241,31809K-AB-9,2,"79,417",407.560,native PDF coordinate evidence; not yet assigned to accounting columns
6276,78.241,31809K-AB-9,3,"76,365",480.040,native PDF coordinate evidence; not yet assigned to accounting columns
6276,78.241,31809K-AB-9,4,"77,319",498.640,native PDF coordinate evidence; not yet assigned to accounting columns
6276,78.241,31809K-AB-9,5,"2,098",607.480,native PDF coordinate evidence; not yet assigned to accounting columns
6276,78.241,31809K-AB-9,6,"2,098",689.560,native PDF coordinate evidence; not yet assigned to accounting columns
6276,78.241,31809K-AB-9,7,"79,417",767.560,native PDF coordinate evidence; not yet assigned to accounting columns
6276,78.241,31809K-AB-9,8,"3,690",904.360,native PDF coordinate evidence; not yet assigned to accounting columns
6276,91.921,31809K-AA-1,1,"244,960",387.400,native PDF coordinate evidence; not yet assigned to accounting columns
6276,91.921,31809K-AA-1,2,"244,960",407.560,native PDF coordinate evidence; not yet assigned to accounting columns
6276,91.921,31809K-AA-1,3,"244,180",477.640,native PDF coordinate evidence; not yet assigned to accounting columns
6276,91.921,31809K-AA-1,4,"244,470",522.880,native PDF coordinate evidence; not yet assigned to accounting columns
6276,91.921,31809K-AA-1,5,490,612.520,native PDF coordinate evidence; not yet assigned to accounting columns
6276,91.921,31809K-AA-1,6,490,694.600,native PDF coordinate evidence; not yet assigned to accounting columns
6276,91.921,31809K-AA-1,7,"244,960",765.280,native PDF coordinate evidence; not yet assigned to accounting columns
6276,91.921,31809K-AA-1,8,"7,483",904.360,native PDF coordinate evidence; not yet assigned to accounting columns
6276,105.601,30605Y-AB-7,1,"526,718",387.160,native PDF coordinate evidence; not yet assigned to accounting columns
6276,105.601,30605Y-AB-7,2,"526,718",433.720,native PDF coordinate evidence; not yet assigned to accounting columns
6276,105.601,30605Y-AB-7,3,"526,663",477.640,native PDF coordinate evidence; not yet assigned to accounting columns
6276,105.601,30605Y-AB-7,4,"526,598",522.880,native PDF coordinate evidence; not yet assigned to accounting columns
6276,105.601,30605Y-AB-7,5,120,612.400,native PDF coordinate evidence; not yet assigned to accounting columns
6276,105.601,30605Y-AB-7,6,120,694.480,native PDF coordinate evidence; not yet assigned to accounting columns
6276,105.601,30605Y-AB-7,7,"526,718",765.039,native PDF coordinate evidence; not yet assigned to accounting columns
6276,105.601,30605Y-AB-7,8,"13,186",930.400,native PDF coordinate evidence; not yet assigned to accounting columns
6276,119.281,30332Y-AD-3,1,"22,222",390.040,native PDF coordinate evidence; not yet assigned to accounting columns
6276,119.281,30332Y-AD-3,2,"22,222",436.600,native PDF coordinate evidence; not yet assigned to accounting columns
6276,119.281,30332Y-AD-3,3,"22,218",453.760,native PDF coordinate evidence; not yet assigned to accounting columns
6276,119.281,30332Y-AD-3,4,"22,222",525.520,native PDF coordinate evidence; not yet assigned to accounting columns
6276,119.281,30332Y-AD-3,5,"22,222",767.920,native PDF coordinate evidence; not yet assigned to accounting columns
6276,119.281,30332Y-AD-3,6,618,937.839,native PDF coordinate evidence; not yet assigned to accounting columns
6276,132.961,30332Y-AB-7,1,"21,374",389.800,native PDF coordinate evidence; not yet assigned to accounting columns
6276,132.961,30332Y-AB-7,2,"21,374",436.360,native PDF coordinate evidence; not yet assigned to accounting columns
6276,132.961,30332Y-AB-7,3,"20,178",479.920,native PDF coordinate evidence; not yet assigned to accounting columns
6276,132.961,30332Y-AB-7,4,"20,384",498.640,native PDF coordinate evidence; not yet assigned to accounting columns
6276,132.961,30332Y-AB-7,5,991,612.520,native PDF coordinate evidence; not yet assigned to accounting columns
6276,132.961,30332Y-AB-7,6,991,694.600,native PDF coordinate evidence; not yet assigned to accounting columns
6276,132.961,30332Y-AB-7,7,"21,374",767.680,native PDF coordinate evidence; not yet assigned to accounting columns
6276,132.961,30332Y-AB-7,8,940,938.080,native PDF coordinate evidence; not yet assigned to accounting columns
6276,146.641,30332Y-AA-9,1,"104,151",387.160,native PDF coordinate evidence; not yet assigned to accounting columns
6276,146.641,30332Y-AA-9,2,"104,151",433.720,native PDF coordinate evidence; not yet assigned to accounting columns
6276,146.641,30332Y-AA-9,3,"97,142",453.760,native PDF coordinate evidence; not yet assigned to accounting columns
6276,146.641,30332Y-AA-9,4,"98,558",498.640,native PDF coordinate evidence; not yet assigned to accounting columns
6276,146.641,30332Y-AA-9,5,"5,593",607.720,native PDF coordinate evidence; not yet assigned to accounting columns
6276,146.641,30332Y-AA-9,6,"5,593",663.400,native PDF coordinate evidence; not yet assigned to accounting columns
6276,146.641,30332Y-AA-9,7,"104,151",765.039,native PDF coordinate evidence; not yet assigned to accounting columns
6276,146.641,30332Y-AA-9,8,"3,073",904.360,native PDF coordinate evidence; not yet assigned to accounting columns
6276,160.321,14856J-AA-2,1,"631,545",387.400,native PDF coordinate evidence; not yet assigned to accounting columns
6276,160.321,14856J-AA-2,2,"631,545",407.560,native PDF coordinate evidence; not yet assigned to accounting columns
6276,160.321,14856J-AA-2,3,"631,539",477.760,native PDF coordinate evidence; not yet assigned to accounting columns
6276,160.321,14856J-AA-2,4,"631,711",522.520,native PDF coordinate evidence; not yet assigned to accounting columns
6276,160.321,14856J-AA-2,5,(166),609.760,native PDF coordinate evidence; not yet assigned to accounting columns
6276,160.321,14856J-AA-2,6,(166),663.400,native PDF coordinate evidence; not yet assigned to accounting columns
6276,160.321,14856J-AA-2,7,"631,545",765.280,native PDF coordinate evidence; not yet assigned to accounting columns
6276,160.321,14856J-AA-2,8,"8,311",904.360,native PDF coordinate evidence; not yet assigned to accounting columns
6276,174.001,14856C-AA-7,1,"857,902",387.280,native PDF coordinate evidence; not yet assigned to accounting columns
6276,174.001,14856C-AA-7,2,"877,021",433.600,native PDF coordinate evidence; not yet assigned to accounting columns
6276,174.001,14856C-AA-7,3,"882,024",477.640,native PDF coordinate evidence; not yet assigned to accounting columns
6276,174.001,14856C-AA-7,4,"879,481",522.640,native PDF coordinate evidence; not yet assigned to accounting columns
6276,174.001,14856C-AA-7,5,"(2,460)",604.960,native PDF coordinate evidence; not yet assigned to accounting columns
6276,174.001,14856C-AA-7,6,"(2,460)",687.040,native PDF coordinate evidence; not yet assigned to accounting columns
6276,174.001,14856C-AA-7,7,"877,021",743.920,native PDF coordinate evidence; not yet assigned to accounting columns
6276,174.001,14856C-AA-7,8,"(19,119)",824.440,native PDF coordinate evidence; not yet assigned to accounting columns
6276,174.001,14856C-AA-7,9,"(19,119)",864.400,native PDF coordinate evidence; not yet assigned to accounting columns
6276,174.001,14856C-AA-7,10,"32,961",930.639,native PDF coordinate evidence; not yet assigned to accounting columns
6276,187.681,14856C-AA-7,1,"657,034",387.280,native PDF coordinate evidence; not yet assigned to accounting columns
6276,187.681,14856C-AA-7,2,"657,034",433.840,native PDF coordinate evidence; not yet assigned to accounting columns
6276,187.681,14856C-AA-7,3,"658,485",477.640,native PDF coordinate evidence; not yet assigned to accounting columns
6276,187.681,14856C-AA-7,4,"657,771",522.520,native PDF coordinate evidence; not yet assigned to accounting columns
6276,187.681,14856C-AA-7,5,(737),583.480,native PDF coordinate evidence; not yet assigned to accounting columns
6276,187.681,14856C-AA-7,6,(737),663.400,native PDF coordinate evidence; not yet assigned to accounting columns
6276,187.681,14856C-AA-7,7,"657,034",765.160,native PDF coordinate evidence; not yet assigned to accounting columns
6276,187.681,14856C-AA-7,8,"9,302",933.160,native PDF coordinate evidence; not yet assigned to accounting columns
6276,201.361,14855M-AA-6,1,"204,164",387.280,native PDF coordinate evidence; not yet assigned to accounting columns
6276,201.361,14855M-AA-6,2,"204,164",433.840,native PDF coordinate evidence; not yet assigned to accounting columns
6276,201.361,14855M-AA-6,3,"196,319",477.640,native PDF coordinate evidence; not yet assigned to accounting columns
6276,201.361,14855M-AA-6,4,"197,813",522.640,native PDF coordinate evidence; not yet assigned to accounting columns
6276,201.361,14855M-AA-6,5,"6,351",607.480,native PDF coordinate evidence; not yet assigned to accounting columns
6276,201.361,14855M-AA-6,6,"6,351",689.560,native PDF coordinate evidence; not yet assigned to accounting columns
6276,201.361,14855M-AA-6,7,"204,164",765.160,native PDF coordinate evidence; not yet assigned to accounting columns
6276,201.361,14855M-AA-6,8,"1,062",904.360,native PDF coordinate evidence; not yet assigned to accounting columns
6276,215.041,14855M-AA-6,1,"7,705,755",382.240,native PDF coordinate evidence; not yet assigned to accounting columns
6276,215.041,14855M-AA-6,2,"8,330,546",428.920,native PDF coordinate evidence; not yet assigned to accounting columns
6276,215.041,14855M-AA-6,3,"8,010,464",453.760,native PDF coordinate evidence; not yet assigned to accounting columns
6276,215.041,14855M-AA-6,4,"8,071,412",498.640,native PDF coordinate evidence; not yet assigned to accounting columns
6276,215.041,14855M-AA-6,5,"28,506",604.960,native PDF coordinate evidence; not yet assigned to accounting columns
6276,215.041,14855M-AA-6,6,"28,506",687.040,native PDF coordinate evidence; not yet assigned to accounting columns
6276,215.041,14855M-AA-6,7,"8,099,919",760.240,native PDF coordinate evidence; not yet assigned to accounting columns
6276,215.041,14855M-AA-6,8,"(394,164)",824.440,native PDF coordinate evidence; not yet assigned to accounting columns
6276,215.041,14855M-AA-6,9,"(394,164)",864.400,native PDF coordinate evidence; not yet assigned to accounting columns
6276,215.041,14855M-AA-6,10,"73,438",930.639,native PDF coordinate evidence; not yet assigned to accounting columns
6276,228.721,12510H-BA-7,1,"604,166",387.040,native PDF coordinate evidence; not yet assigned to accounting columns
6276,228.721,12510H-BA-7,2,"604,166",433.600,native PDF coordinate evidence; not yet assigned to accounting columns
6276,228.721,12510H-BA-7,3,"583,020",477.640,native PDF coordinate evidence; not yet assigned to accounting columns
6276,228.721,12510H-BA-7,4,"573,739",522.880,native PDF coordinate evidence; not yet assigned to accounting columns
6276,228.721,12510H-BA-7,5,"20,471",604.960,native PDF coordinate evidence; not yet assigned to accounting columns
6276,228.721,12510H-BA-7,6,"20,471",687.040,native PDF coordinate evidence; not yet assigned to accounting columns
6276,228.721,12510H-BA-7,7,"604,166",743.920,native PDF coordinate evidence; not yet assigned to accounting columns
6276,228.721,12510H-BA-7,8,"14,708",930.400,native PDF coordinate evidence; not yet assigned to accounting columns
6276,242.401,12510H-AT-7,1,"288,750",387.160,native PDF coordinate evidence; not yet assigned to accounting columns
6276,242.401,12510H-AT-7,2,"288,750",433.720,native PDF coordinate evidence; not yet assigned to accounting columns
6276,242.401,12510H-AT-7,3,"279,197",477.640,native PDF coordinate evidence; not yet assigned to accounting columns
6276,242.401,12510H-AT-7,4,"281,070",522.520,native PDF coordinate evidence; not yet assigned to accounting columns
6276,242.401,12510H-AT-7,5,"7,680",607.240,native PDF coordinate evidence; not yet assigned to accounting columns
6276,242.401,12510H-AT-7,6,"7,680",689.320,native PDF coordinate evidence; not yet assigned to accounting columns
6276,242.401,12510H-AT-7,7,"288,750",765.039,native PDF coordinate evidence; not yet assigned to accounting columns
6276,242.401,12510H-AT-7,8,"8,244",933.160,native PDF coordinate evidence; not yet assigned to accounting columns
6276,249.241,12510H-AE-0,1,"95,000",389.680,native PDF coordinate evidence; not yet assigned to accounting columns
6276,249.241,12510H-AE-0,2,"95,000",407.560,native PDF coordinate evidence; not yet assigned to accounting columns
6276,249.241,12510H-AE-0,3,"94,540",453.760,native PDF coordinate evidence; not yet assigned to accounting columns
6276,249.241,12510H-AE-0,4,"85,071",498.640,native PDF coordinate evidence; not yet assigned to accounting columns
6276,249.241,12510H-AE-0,5,354,612.640,native PDF coordinate evidence; not yet assigned to accounting columns
6276,249.241,12510H-AE-0,6,354,694.720,native PDF coordinate evidence; not yet assigned to accounting columns
6276,249.241,12510H-AE-0,7,"95,000",767.560,native PDF coordinate evidence; not yet assigned to accounting columns
6276,249.241,12510H-AE-0,8,"1,795",904.360,native PDF coordinate evidence; not yet assigned to accounting columns
6276,256.081,04546K-AA-6,1,"1,371,942",382.360,native PDF coordinate evidence; not yet assigned to accounting columns
6276,256.081,04546K-AA-6,2,"1,371,942",428.920,native PDF coordinate evidence; not yet assigned to accounting columns
6276,256.081,04546K-AA-6,3,"1,346,761",453.760,native PDF coordinate evidence; not yet assigned to accounting columns
6276,256.081,04546K-AA-6,4,"1,348,226",517.840,native PDF coordinate evidence; not yet assigned to accounting columns
6276,256.081,04546K-AA-6,5,"23,716",604.960,native PDF coordinate evidence; not yet assigned to accounting columns
6276,256.081,04546K-AA-6,6,"23,716",687.040,native PDF coordinate evidence; not yet assigned to accounting columns
6276,256.081,04546K-AA-6,7,"1,371,942",760.240,native PDF coordinate evidence; not yet assigned to accounting columns
6276,256.081,04546K-AA-6,8,"15,595",904.360,native PDF coordinate evidence; not yet assigned to accounting columns
6276,269.761,00255U-AA-3,1,"1,213,695",382.360,native PDF coordinate evidence; not yet assigned to accounting columns
6276,269.761,00255U-AA-3,2,"1,276,096",428.680,native PDF coordinate evidence; not yet assigned to accounting columns
6276,269.761,00255U-AA-3,3,"1,276,074",453.760,native PDF coordinate evidence; not yet assigned to accounting columns
6276,269.761,00255U-AA-3,4,"1,278,354",517.840,native PDF coordinate evidence; not yet assigned to accounting columns
6276,269.761,00255U-AA-3,5,"2,002",607.480,native PDF coordinate evidence; not yet assigned to accounting columns
6276,269.761,00255U-AA-3,6,"2,002",689.560,native PDF coordinate evidence; not yet assigned to accounting columns
6276,269.761,00255U-AA-3,7,"1,280,356",760.120,native PDF coordinate evidence; not yet assigned to accounting columns
6276,269.761,00255U-AA-3,8,"(66,661)",824.440,native PDF coordinate evidence; not yet assigned to accounting columns
6276,269.761,00255U-AA-3,9,"(66,661)",864.400,native PDF coordinate evidence; not yet assigned to accounting columns
6276,269.761,00255U-AA-3,10,"38,961",930.520,native PDF coordinate evidence; not yet assigned to accounting columns
6276,283.441,00255U-AA-3,1,"1,078,889",382.000,native PDF coordinate evidence; not yet assigned to accounting columns
6276,283.441,00255U-AA-3,2,"1,078,889",407.560,native PDF coordinate evidence; not yet assigned to accounting columns
6276,283.441,00255U-AA-3,3,"1,078,871",472.240,native PDF coordinate evidence; not yet assigned to accounting columns
6276,283.441,00255U-AA-3,4,"1,080,798",498.640,native PDF coordinate evidence; not yet assigned to accounting columns
6276,283.441,00255U-AA-3,5,"(1,909)",604.960,native PDF coordinate evidence; not yet assigned to accounting columns
6276,283.441,00255U-AA-3,6,"(1,909)",687.040,native PDF coordinate evidence; not yet assigned to accounting columns
6276,283.441,00255U-AA-3,7,"1,078,889",759.880,native PDF coordinate evidence; not yet assigned to accounting columns
6276,283.441,00255U-AA-3,8,"14,749",930.639,native PDF coordinate evidence; not yet assigned to accounting columns
6276,297.121,00111L-AC-3,1,"762,661",387.040,native PDF coordinate evidence; not yet assigned to accounting columns
6276,297.121,00111L-AC-3,2,"762,661",433.600,native PDF coordinate evidence; not yet assigned to accounting columns
6276,297.121,00111L-AC-3,3,"762,539",477.760,native PDF coordinate evidence; not yet assigned to accounting columns
6276,297.121,00111L-AC-3,4,"762,574",522.760,native PDF coordinate evidence; not yet assigned to accounting columns
6276,297.121,00111L-AC-3,5,88,614.800,native PDF coordinate evidence; not yet assigned to accounting columns
6276,297.121,00111L-AC-3,6,88,696.880,native PDF coordinate evidence; not yet assigned to accounting columns
6276,297.121,00111L-AC-3,7,"762,661",743.920,native PDF coordinate evidence; not yet assigned to accounting columns
6276,297.121,00111L-AC-3,8,"57,276",930.520,native PDF coordinate evidence; not yet assigned to accounting columns
6276,303.961,00109B-AB-1,1,"30,300",389.680,native PDF coordinate evidence; not yet assigned to accounting columns
6276,303.961,00109B-AB-1,2,"30,300",407.560,native PDF coordinate evidence; not yet assigned to accounting columns
6276,303.961,00109B-AB-1,3,"30,283",453.760,native PDF coordinate evidence; not yet assigned to accounting columns
6276,303.961,00109B-AB-1,4,"30,289",498.640,native PDF coordinate evidence; not yet assigned to accounting columns
6276,303.961,00109B-AB-1,5,11,614.800,native PDF coordinate evidence; not yet assigned to accounting columns
6276,303.961,00109B-AB-1,6,11,696.880,native PDF coordinate evidence; not yet assigned to accounting columns
6276,303.961,00109B-AB-1,7,"30,300",767.560,native PDF coordinate evidence; not yet assigned to accounting columns
6276,303.961,00109B-AB-1,8,724,938.080,native PDF coordinate evidence; not yet assigned to accounting columns
6276,317.641,00109B-AA-3,1,"2,561,575",382.360,native PDF coordinate evidence; not yet assigned to accounting columns
6276,317.641,00109B-AA-3,2,"2,561,575",428.920,native PDF coordinate evidence; not yet assigned to accounting columns
6276,317.641,00109B-AA-3,3,"2,474,011",453.760,native PDF coordinate evidence; not yet assigned to accounting columns
6276,317.641,00109B-AA-3,4,"2,502,726",517.840,native PDF coordinate evidence; not yet assigned to accounting columns
6276,317.641,00109B-AA-3,5,"50,275",605.080,native PDF coordinate evidence; not yet assigned to accounting columns
6276,317.641,00109B-AA-3,6,"50,275",687.160,native PDF coordinate evidence; not yet assigned to accounting columns
6276,317.641,00109B-AA-3,7,"2,561,575",760.240,native PDF coordinate evidence; not yet assigned to accounting columns
6276,317.641,00109B-AA-3,8,"40,074",930.520,native PDF coordinate evidence; not yet assigned to accounting columns
6276,331.321,00038P-AA-8,1,"159,754",387.400,native PDF coordinate evidence; not yet assigned to accounting columns
6276,331.321,00038P-AA-8,2,"159,754",407.560,native PDF coordinate evidence; not yet assigned to accounting columns
6276,331.321,00038P-AA-8,3,"158,112",477.520,native PDF coordinate evidence; not yet assigned to accounting columns
6276,331.321,00038P-AA-8,4,"158,757",522.640,native PDF coordinate evidence; not yet assigned to accounting columns
6276,331.321,00038P-AA-8,5,996,612.520,native PDF coordinate evidence; not yet assigned to accounting columns
6276,331.321,00038P-AA-8,6,996,694.600,native PDF coordinate evidence; not yet assigned to accounting columns
6276,331.321,00038P-AA-8,7,"159,754",765.280,native PDF coordinate evidence; not yet assigned to accounting columns
6276,331.321,00038P-AA-8,8,"2,284",933.160,native PDF coordinate evidence; not yet assigned to accounting columns
6276,362.041,L0009*-AB-4,1,"29,528,562",380.080,native PDF coordinate evidence; not yet assigned to accounting columns
6276,362.041,L0009*-AB-4,2,"29,328,917",407.560,native PDF coordinate evidence; not yet assigned to accounting columns
6276,362.041,L0009*-AB-4,3,"29,328,917",470.320,native PDF coordinate evidence; not yet assigned to accounting columns
6276,362.041,L0009*-AB-4,4,"28,988,470",515.200,native PDF coordinate evidence; not yet assigned to accounting columns
6276,362.041,L0009*-AB-4,5,"540,092",706.360,native PDF coordinate evidence; not yet assigned to accounting columns
6276,362.041,L0009*-AB-4,6,"29,528,562",757.960,native PDF coordinate evidence; not yet assigned to accounting columns
6276,362.041,L0009*-AB-4,7,"81,266",930.400,native PDF coordinate evidence; not yet assigned to accounting columns
6276,375.721,02300A-AA-8,1,"268,000,000",363.880,native PDF coordinate evidence; not yet assigned to accounting columns
6276,375.721,02300A-AA-8,2,"268,000,000",423.520,native PDF coordinate evidence; not yet assigned to accounting columns
6276,375.721,02300A-AA-8,3,"268,000,000",467.320,native PDF coordinate evidence; not yet assigned to accounting columns
6276,375.721,02300A-AA-8,4,"268,000,000",743.920,native PDF coordinate evidence; not yet assigned to accounting columns
6276,375.721,02300A-AA-8,5,"3,986,842",904.360,native PDF coordinate evidence; not yet assigned to accounting columns
6276,406.441,G8292@-AA-9,1,100.0000,259.240,native PDF coordinate evidence; not yet assigned to accounting columns
6276,406.441,G8292@-AA-9,2,"2,731,492",363.880,native PDF coordinate evidence; not yet assigned to accounting columns
6276,406.441,G8292@-AA-9,3,"2,731,492",429.040,native PDF coordinate evidence; not yet assigned to accounting columns
6276,406.441,G8292@-AA-9,4,"2,731,492",453.760,native PDF coordinate evidence; not yet assigned to accounting columns
6276,406.441,G8292@-AA-9,5,"2,731,492",760.360,native PDF coordinate evidence; not yet assigned to accounting columns
6276,406.441,G8292@-AA-9,6,"76,664",930.400,native PDF coordinate evidence; not yet assigned to accounting columns
6276,420.121,000000-00-0,1,"(43,277)",928.120,native PDF coordinate evidence; not yet assigned to accounting columns
6276,426.961,000000-00-0,1,"1,075",904.360,native PDF coordinate evidence; not yet assigned to accounting columns
6276,440.641,000000-00-0,1,"1,174,861",922.839,native PDF coordinate evidence; not yet assigned to accounting columns
6312,72.481,04020E-AA-5,1,"4,500,000",448.720,native PDF coordinate evidence; not yet assigned to accounting columns
6312,72.481,04020E-AA-5,2,"4,590,720",489.640,native PDF coordinate evidence; not yet assigned to accounting columns
6312,72.481,04020E-AA-5,3,"4,585,152",529.720,native PDF coordinate evidence; not yet assigned to accounting columns
6312,72.481,04020E-AA-5,4,"4,585,152",555.040,native PDF coordinate evidence; not yet assigned to accounting columns
6312,72.481,04020E-AA-5,5,"(5,568)",661.840,native PDF coordinate evidence; not yet assigned to accounting columns
6312,72.481,04020E-AA-5,6,"(5,568)",741.760,native PDF coordinate evidence; not yet assigned to accounting columns
6312,72.481,04020E-AA-5,7,"277,813",934.239,native PDF coordinate evidence; not yet assigned to accounting columns
6312,72.481,04020E-AA-5,8,"188,913",974.200,native PDF coordinate evidence; not yet assigned to accounting columns
6312,86.161,03770D-AE-3,1,"39,375,000",446.440,native PDF coordinate evidence; not yet assigned to accounting columns
6312,86.161,03770D-AE-3,2,"39,339,563",487.480,native PDF coordinate evidence; not yet assigned to accounting columns
6312,86.161,03770D-AE-3,3,"39,351,152",527.320,native PDF coordinate evidence; not yet assigned to accounting columns
6312,86.161,03770D-AE-3,4,"39,351,152",571.600,native PDF coordinate evidence; not yet assigned to accounting columns
6312,86.161,03770D-AE-3,5,"11,589",661.840,native PDF coordinate evidence; not yet assigned to accounting columns
6312,86.161,03770D-AE-3,6,"11,589",741.760,native PDF coordinate evidence; not yet assigned to accounting columns
6312,86.161,03770D-AE-3,7,"2,414,289",929.560,native PDF coordinate evidence; not yet assigned to accounting columns
6312,99.841,03666H-AG-6,1,"34,170,000",446.200,native PDF coordinate evidence; not yet assigned to accounting columns
6312,99.841,03666H-AG-6,2,"34,487,074",487.120,native PDF coordinate evidence; not yet assigned to accounting columns
6312,99.841,03666H-AG-6,3,"34,856,185",527.080,native PDF coordinate evidence; not yet assigned to accounting columns
6312,99.841,03666H-AG-6,4,"34,457,451",571.600,native PDF coordinate evidence; not yet assigned to accounting columns
6312,99.841,03666H-AG-6,5,"(29,622)",659.560,native PDF coordinate evidence; not yet assigned to accounting columns
6312,99.841,03666H-AG-6,6,"(29,622)",739.480,native PDF coordinate evidence; not yet assigned to accounting columns
6312,99.841,03666H-AG-6,7,"398,733",854.560,native PDF coordinate evidence; not yet assigned to accounting columns
6312,99.841,03666H-AG-6,8,"398,733",894.520,native PDF coordinate evidence; not yet assigned to accounting columns
6312,99.841,03666H-AG-6,9,"1,208,095",929.320,native PDF coordinate evidence; not yet assigned to accounting columns
6312,99.841,03666H-AG-6,10,"259,123",974.560,native PDF coordinate evidence; not yet assigned to accounting columns
6312,149.881,78467V-60-8,1,"26,404,223",487.360,native PDF coordinate evidence; not yet assigned to accounting columns
6312,149.881,78467V-60-8,2,"27,053,888",526.960,native PDF coordinate evidence; not yet assigned to accounting columns
6312,149.881,78467V-60-8,3,"26,404,223",571.600,native PDF coordinate evidence; not yet assigned to accounting columns
6312,149.881,78467V-60-8,4,"649,665",854.439,native PDF coordinate evidence; not yet assigned to accounting columns
6312,149.881,78467V-60-8,5,"649,665",894.400,native PDF coordinate evidence; not yet assigned to accounting columns
6312,149.881,78467V-60-8,6,"(11,900)",934.120,native PDF coordinate evidence; not yet assigned to accounting columns
6312,163.561,464288-51-3,1,"124,249,591",484.960,native PDF coordinate evidence; not yet assigned to accounting columns
6312,163.561,464288-51-3,2,"129,062,577",515.080,native PDF coordinate evidence; not yet assigned to accounting columns
6312,163.561,464288-51-3,3,"124,249,591",569.200,native PDF coordinate evidence; not yet assigned to accounting columns
6312,163.561,464288-51-3,4,"4,812,986",849.400,native PDF coordinate evidence; not yet assigned to accounting columns
6312,163.561,464288-51-3,5,"4,812,986",889.360,native PDF coordinate evidence; not yet assigned to accounting columns
6312,163.561,464288-51-3,6,"(22,717)",934.239,native PDF coordinate evidence; not yet assigned to accounting columns
6312,177.241,46138G-50-8,1,"102,440,207",475.120,native PDF coordinate evidence; not yet assigned to accounting columns
6312,177.241,46138G-50-8,2,"104,431,920",524.680,native PDF coordinate evidence; not yet assigned to accounting columns
6312,177.241,46138G-50-8,3,"102,440,207",568.840,native PDF coordinate evidence; not yet assigned to accounting columns
6312,177.241,46138G-50-8,4,"1,991,713",849.400,native PDF coordinate evidence; not yet assigned to accounting columns
6312,177.241,46138G-50-8,5,"1,991,713",889.360,native PDF coordinate evidence; not yet assigned to accounting columns
6312,177.241,46138G-50-8,6,"(100,321)",914.920,native PDF coordinate evidence; not yet assigned to accounting columns
6312,199.921,28655*-AB-5,1,"1,155,994",428.320,native PDF coordinate evidence; not yet assigned to accounting columns
6312,199.921,28655*-AB-5,2,"1,155,994",489.760,native PDF coordinate evidence; not yet assigned to accounting columns
6312,199.921,28655*-AB-5,3,"1,155,994",529.720,native PDF coordinate evidence; not yet assigned to accounting columns
6312,199.921,28655*-AB-5,4,"1,155,994",555.040,native PDF coordinate evidence; not yet assigned to accounting columns
6312,199.921,28655*-AB-5,5,"27,679",936.760,native PDF coordinate evidence; not yet assigned to accounting columns
6312,213.601,28655*-AA-7,1,"1,806,570",448.600,native PDF coordinate evidence; not yet assigned to accounting columns
6312,213.601,28655*-AA-7,2,"1,806,570",489.280,native PDF coordinate evidence; not yet assigned to accounting columns
6312,213.601,28655*-AA-7,3,"1,806,570",529.240,native PDF coordinate evidence; not yet assigned to accounting columns
6312,213.601,28655*-AA-7,4,"1,806,570",573.520,native PDF coordinate evidence; not yet assigned to accounting columns
6312,213.601,28655*-AA-7,5,"43,047",936.880,native PDF coordinate evidence; not yet assigned to accounting columns
6312,227.281,00273*-AA-8,1,"98,400,000",446.200,native PDF coordinate evidence; not yet assigned to accounting columns
6312,227.281,00273*-AA-8,2,"98,400,000",486.880,native PDF coordinate evidence; not yet assigned to accounting columns
6312,227.281,00273*-AA-8,3,"98,400,000",526.840,native PDF coordinate evidence; not yet assigned to accounting columns
6312,227.281,00273*-AA-8,4,"98,400,000",571.120,native PDF coordinate evidence; not yet assigned to accounting columns
6312,227.281,00273*-AA-8,5,"2,935,600",929.439,native PDF coordinate evidence; not yet assigned to accounting columns
6312,227.281,00273*-AA-8,6,"336,501",974.320,native PDF coordinate evidence; not yet assigned to accounting columns
6312,240.961,00233*-AA-7,1,"5,698,332",428.320,native PDF coordinate evidence; not yet assigned to accounting columns
6312,240.961,00233*-AA-7,2,"5,255,315",475.120,native PDF coordinate evidence; not yet assigned to accounting columns
6312,240.961,00233*-AA-7,3,"5,698,332",529.720,native PDF coordinate evidence; not yet assigned to accounting columns
6312,240.961,00233*-AA-7,4,"5,698,332",555.040,native PDF coordinate evidence; not yet assigned to accounting columns
6312,240.961,00233*-AA-7,5,"(137,665)",640.000,native PDF coordinate evidence; not yet assigned to accounting columns
6312,240.961,00233*-AA-7,6,"(137,665)",719.920,native PDF coordinate evidence; not yet assigned to accounting columns
6312,240.961,00233*-AA-7,7,"580,682",813.520,native PDF coordinate evidence; not yet assigned to accounting columns
6312,240.961,00233*-AA-7,8,"580,682",894.280,native PDF coordinate evidence; not yet assigned to accounting columns
6312,240.961,00233*-AA-7,9,"371,374",934.360,native PDF coordinate evidence; not yet assigned to accounting columns
6312,240.961,00233*-AA-7,10,"129,789",974.320,native PDF coordinate evidence; not yet assigned to accounting columns
6312,263.641,L1304@-AA-4,1,"172,972,087",443.800,native PDF coordinate evidence; not yet assigned to accounting columns
6312,263.641,L1304@-AA-4,2,"172,972,087",475.120,native PDF coordinate evidence; not yet assigned to accounting columns
6312,263.641,L1304@-AA-4,3,"172,972,087",515.080,native PDF coordinate evidence; not yet assigned to accounting columns
6312,263.641,L1304@-AA-4,4,"172,972,087",568.720,native PDF coordinate evidence; not yet assigned to accounting columns
6312,263.641,L1304@-AA-4,5,"1,720,392",929.439,native PDF coordinate evidence; not yet assigned to accounting columns
6312,285.361,G7741@-AC-4,1,"710,957,677",443.680,native PDF coordinate evidence; not yet assigned to accounting columns
6312,285.361,G7741@-AC-4,2,"710,957,677",475.120,native PDF coordinate evidence; not yet assigned to accounting columns
6312,285.361,G7741@-AC-4,3,"710,957,677",515.080,native PDF coordinate evidence; not yet assigned to accounting columns
6312,285.361,G7741@-AC-4,4,"710,957,677",568.600,native PDF coordinate evidence; not yet assigned to accounting columns
6312,285.361,G7741@-AC-4,5,"2,418,728",929.320,native PDF coordinate evidence; not yet assigned to accounting columns
6312,299.041,G7741@-AC-4,1,"1,327,839,430",439.120,native PDF coordinate evidence; not yet assigned to accounting columns
6312,299.041,G7741@-AC-4,2,"1,327,839,430",479.800,native PDF coordinate evidence; not yet assigned to accounting columns
6312,299.041,G7741@-AC-4,3,"1,327,839,430",519.760,native PDF coordinate evidence; not yet assigned to accounting columns
6312,299.041,G7741@-AC-4,4,"1,327,839,430",555.040,native PDF coordinate evidence; not yet assigned to accounting columns
6312,299.041,G7741@-AC-4,5,"4,236,109",929.439,native PDF coordinate evidence; not yet assigned to accounting columns
6312,312.721,G7741@-AC-4,1,"5,292,517",428.320,native PDF coordinate evidence; not yet assigned to accounting columns
6312,312.721,G7741@-AC-4,2,"5,292,517",489.760,native PDF coordinate evidence; not yet assigned to accounting columns
6312,312.721,G7741@-AC-4,3,"5,292,517",529.720,native PDF coordinate evidence; not yet assigned to accounting columns
6312,312.721,G7741@-AC-4,4,"5,292,517",555.040,native PDF coordinate evidence; not yet assigned to accounting columns
6312,312.721,G7741@-AC-4,5,66,946.600,native PDF coordinate evidence; not yet assigned to accounting columns
6312,326.401,G7741@-AC-4,1,"9,884,715",448.840,native PDF coordinate evidence; not yet assigned to accounting columns
6312,326.401,G7741@-AC-4,2,"9,884,715",489.520,native PDF coordinate evidence; not yet assigned to accounting columns
6312,326.401,G7741@-AC-4,3,"9,884,715",529.480,native PDF coordinate evidence; not yet assigned to accounting columns
6312,326.401,G7741@-AC-4,4,"9,884,715",555.040,native PDF coordinate evidence; not yet assigned to accounting columns
6312,326.401,G7741@-AC-4,5,124,944.320,native PDF coordinate evidence; not yet assigned to accounting columns
6312,340.081,L1304@-AB-2,1,"653,450,107",443.920,native PDF coordinate evidence; not yet assigned to accounting columns
6312,340.081,L1304@-AB-2,2,"653,450,107",475.120,native PDF coordinate evidence; not yet assigned to accounting columns
6312,340.081,L1304@-AB-2,3,"653,450,107",515.080,native PDF coordinate evidence; not yet assigned to accounting columns
6312,340.081,L1304@-AB-2,4,"653,450,107",568.840,native PDF coordinate evidence; not yet assigned to accounting columns
6312,340.081,L1304@-AB-2,5,"6,499,260",929.439,native PDF coordinate evidence; not yet assigned to accounting columns
6312,361.801,G8868K-AD-4,1,"148,757,652",443.920,native PDF coordinate evidence; not yet assigned to accounting columns
6312,361.801,G8868K-AD-4,2,"148,763,413",475.120,native PDF coordinate evidence; not yet assigned to accounting columns
6312,361.801,G8868K-AD-4,3,"148,747,531",515.080,native PDF coordinate evidence; not yet assigned to accounting columns
6312,361.801,G8868K-AD-4,4,"148,747,531",568.840,native PDF coordinate evidence; not yet assigned to accounting columns
6312,361.801,G8868K-AD-4,5,"(15,882)",659.320,native PDF coordinate evidence; not yet assigned to accounting columns
6312,361.801,G8868K-AD-4,6,"(15,882)",739.240,native PDF coordinate evidence; not yet assigned to accounting columns
6312,361.801,G8868K-AD-4,7,"4,366,203",929.439,native PDF coordinate evidence; not yet assigned to accounting columns
6312,361.801,G8868K-AD-4,8,"355,510",974.439,native PDF coordinate evidence; not yet assigned to accounting columns
6312,383.521,G8868K-AD-4,1,"51,493,034",446.680,native PDF coordinate evidence; not yet assigned to accounting columns
6312,383.521,G8868K-AD-4,2,"51,495,028",487.240,native PDF coordinate evidence; not yet assigned to accounting columns
6312,383.521,G8868K-AD-4,3,"51,493,034",527.320,native PDF coordinate evidence; not yet assigned to accounting columns
6312,383.521,G8868K-AD-4,4,"51,493,034",571.600,native PDF coordinate evidence; not yet assigned to accounting columns
6312,383.521,G8868K-AD-4,5,"(1,994)",661.960,native PDF coordinate evidence; not yet assigned to accounting columns
6312,383.521,G8868K-AD-4,6,"(1,994)",741.880,native PDF coordinate evidence; not yet assigned to accounting columns
6312,383.521,G8868K-AD-4,7,"169,156",934.239,native PDF coordinate evidence; not yet assigned to accounting columns
6312,383.521,G8868K-AD-4,8,"123,061",974.200,native PDF coordinate evidence; not yet assigned to accounting columns
6312,405.241,G8868K-AD-4,1,"824,637",453.880,native PDF coordinate evidence; not yet assigned to accounting columns
6312,405.241,G8868K-AD-4,2,"825,411",494.560,native PDF coordinate evidence; not yet assigned to accounting columns
6312,405.241,G8868K-AD-4,3,"824,637",534.520,native PDF coordinate evidence; not yet assigned to accounting columns
6312,405.241,G8868K-AD-4,4,"825,349",579.040,native PDF coordinate evidence; not yet assigned to accounting columns
6312,405.241,G8868K-AD-4,5,(63),669.280,native PDF coordinate evidence; not yet assigned to accounting columns
6312,405.241,G8868K-AD-4,6,(63),749.200,native PDF coordinate evidence; not yet assigned to accounting columns
6312,405.241,G8868K-AD-4,7,(711),835.000,native PDF coordinate evidence; not yet assigned to accounting columns
6312,405.241,G8868K-AD-4,8,(711),874.960,native PDF coordinate evidence; not yet assigned to accounting columns
6312,405.241,G8868K-AD-4,9,"1,971",979.120,native PDF coordinate evidence; not yet assigned to accounting columns
6312,426.961,92778*-AA-5,1,3,468.760,native PDF coordinate evidence; not yet assigned to accounting columns
6312,426.961,92778*-AA-5,2,3,475.120,native PDF coordinate evidence; not yet assigned to accounting columns
6312,426.961,92778*-AA-5,3,3,515.080,native PDF coordinate evidence; not yet assigned to accounting columns
6312,426.961,92778*-AA-5,4,3,593.680,native PDF coordinate evidence; not yet assigned to accounting columns
6312,440.641,11044M-AA-4,1,"250,771",453.760,native PDF coordinate evidence; not yet assigned to accounting columns
6312,440.641,11044M-AA-4,2,"237,595",494.800,native PDF coordinate evidence; not yet assigned to accounting columns
6312,440.641,11044M-AA-4,3,"250,771",534.400,native PDF coordinate evidence; not yet assigned to accounting columns
6312,440.641,11044M-AA-4,4,"250,771",578.680,native PDF coordinate evidence; not yet assigned to accounting columns
6312,440.641,11044M-AA-4,5,"13,176",661.720,native PDF coordinate evidence; not yet assigned to accounting columns
6312,440.641,11044M-AA-4,6,"13,176",741.640,native PDF coordinate evidence; not yet assigned to accounting columns
6312,440.641,11044M-AA-4,7,"6,770",939.039,native PDF coordinate evidence; not yet assigned to accounting columns
6312,440.641,11044M-AA-4,8,"2,605",979.239,native PDF coordinate evidence; not yet assigned to accounting columns
