insight_id,insight,evidence_backing,why_it_matters,boundary,evidence_page,next_proof
CFEI-001,"The thesis is a capital-routing system, not a single-theme story.","The synthesis, publication register, answer queue, and 519-company template separate source, wrapper, destination, use, output, risk, and claim boundary.","Prevents collapsing the work into vague labels such as private credit, AI infrastructure, bank replacement, or capex.",The full chain is not proven for every company or sector.,capital-flow-research-sprint-answer-synthesis-pass-1.md,Apply the chain to lane-specific extraction batches.
CFEI-002,"Private credit reaches named real-economy borrowers, not only abstract asset-manager AUM.",The Ares borrower expansion normalizes 83 holder/source-taxonomized rows across nine borrower cases and adds a 9-row same-period control.,Borrower-level schedules and crosswalks move the evidence from platform-scale to destination proof.,Holder fair value is not total borrower debt or total facility size.,capital-flow-ares-borrower-holder-expansion-pass-1.md,"Find borrower credit agreements, facility sizes, and lender allocations."
CFEI-003,"The visible private-credit borrower use case is mixed, not pure growth capex.","The use-of-proceeds pass separates acquisition finance, repayment or termination, sponsor buyout competition, M&A/consolidation, continued-growth facilities, incremental commitments, and transaction-only leads.",Corrects the weak thesis that every private-credit borrower row is productive growth capex.,"Exact use still needs agreements, proxies, funds-flow records, rating reports, or capex schedules.",capital-flow-use-of-proceeds-classification-pass-1.md,Upgrade borrower rows with transaction documents and source/use tables.
CFEI-004,"Bank replacement is real in selected cases, but broad bank displacement is not proven.","The bank-role pass classifies Auctane/Stamps.com as confirmed takeout, Medallia as repayment evidence with incomplete lender map, Guidehouse as a secondary lead, and Atwell as unresolved.","Gives a sharper claim: specific takeout can happen, while banks may remain elsewhere in the stack.",Do not claim banks disappeared from corporate lending or from every borrower relationship.,capital-flow-bank-role-after-private-credit-pass-1.md,Resolve Atwell and map post-close bank roles for confirmed cases.
CFEI-005,"Vehicle-stack proof upgrades holder rows, but stops short of ultimate-source allocation.","The vehicle capital-stack pass ties ARCC, FSK, OBDC, GSBD, and GSPCC borrower rows to assets, debt, equity/net assets, leverage, and asset coverage.",Shows the balance-sheet wrapper behind visible borrower exposure.,"It does not identify which shareholder, noteholder, bank facility, CLO/SPV, or subscription dollar funded a specific borrower loan.",capital-flow-vehicle-capital-stack-decomposition-pass-1.md,"Add shareholder, noteholder, lender, CLO/SPV, and subscription-source evidence."
CFEI-006,URI is the strongest repeated-period fleet capital-to-output proxy.,"The URI durability pass extracts 210 rows across 10 periods and 21 metrics including rental revenue, fleet productivity, OEC growth, OCF, fleet cash investment, liquidity, AR collateral coverage, and ABL draw intensity.",Shows how capital can be absorbed into reusable fleet assets and monetized through recurring rental revenue and cash flow.,"It is not asset-class ROIC, legal borrowing-base availability, or proof that specific instruments funded specific fleet purchases.",capital-flow-uri-fleet-capital-durability-pass-1.md,"Build a true return bridge from OEC to revenue, margin, capex, and sale proceeds."
CFEI-007,URI's Yak/Matting acquisition is one of the most concrete source-to-asset insights.,"Yak evidence includes 1.100B USD base purchase price, 1.158B USD acquisition-date fair value, 353M USD 2023 adjusted revenue, 171M USD adjusted EBITDA, about 600000 mats, 127M USD acquired rental-equipment fair value, 828M USD goodwill, and funding through senior notes plus ABL drawings.",Converts Matting from a category label into acquisition economics and funding-chain evidence.,"It does not prove ongoing URI Matting margin, OEC, capex, utilization, or ROIC.",capital-flow-uri-yak-matting-acquisition-economics-pass-1.md,"Find post-acquisition Matting revenue, EBITDA, OEC, capex, utilization, or ROIC."
CFEI-008,"Sterling is a backlog/acquisition execution platform, not a clean project-finance vehicle.","Sterling evidence includes a 1.500B USD revolver, 600M USD L/C sublimit, 646.306M USD Q2 2026 net contract-liability timing, RPO growth from 2.055081B USD to 4.233618B USD, positive OCF less capex, debt/RPO compression, and 2.56B USD of acquired backlog visibility.","Explains why the wrapper is revolver, L/C, surety, working-capital, and acquisition flexibility rather than project-level debt.","It does not prove project-owner source-of-funds, actual post-reset L/C usage, bonded backlog, project margin, cancellation economics, or source-to-project allocation.",capital-flow-sterling-backlog-credit-platform-conversion-pass-1.md,"Find post-reset L/C outstanding, bonded backlog, project-owner funding, and acquired backlog burn."
CFEI-009,Cheniere is the strongest energy physical-output bridge; ET is still company-level.,"Cheniere evidence includes FY 2025 cargo reconciliation, Q2 2026 cargo reconciliation, contracted anticipated production, entity debt buckets, and growth-capex/equity-funded split; ET has EBITDA, DCF, growth capex, credit facility, note refinancing, and named capacity additions.",Energy infrastructure evidence is no longer only financing capacity; Cheniere links entity funding and contracted production to physical cargo output.,"Neither company is yet project-and-cash-grade for named assets, trains, waterfalls, customer economics, or returns.",capital-flow-energy-project-source-use-return-pass-1.md,Build named-project source/use/return rows for ET and Cheniere.
CFEI-010,"Power/grid demand becomes investable evidence only when it enters tariffs, dockets, resource plans, approvals, and recovery mechanisms.","The AEP/Duke docket pass captures large-load tariff mechanics, customer-obligation sequencing, generation-resource path, Anderson County approval, and resource-plan evidence.","Creates a stronger filter than management commentary: demand must move into legal, operational, and recovery channels before it becomes capital formation.","Company-level load or capex claims remain weak without jurisdiction, status, dollars/MW, recovery mechanism, and who-pays-first fields.",capital-flow-aep-duke-regulatory-docket-extraction-pass.md,"Normalize project status, approved capital, pending capital, recovery mechanism, and in-service status."
CFEI-011,"The publication layer is usable, but almost every sentence needs a boundary.","The publication register has 15 rows, with 14 publication-ready-bounded claims and 1 internal-only claim for insurance/retirement capital.","Creates a writing-control system with approved sentence, proof level, evidence route, boundary, forbidden sentence, conditions, contrary-role check, and next proof.",Publication-ready does not mean complete thesis proof.,capital-flow-publication-ready-claim-register-pass-1.md,Keep promotion tied to proof level and update after every source pass.
CFEI-012,"The research can scale operationally across 519 companies, but not yet empirically.","The all-company template gives every company a lane, role, likely wrapper, source availability, proof level, denominator need, next document, safe claim, and do-not-claim boundary; 71 rows are selected lane-queue candidates.",Changes the project from case studies into a repeatable extraction system.,"The template is queue control, not source-grade proof that all companies fit the thesis.",capital-flow-all-company-extraction-template-pass-1.md,Run lane-specific primary-source extraction batches and refresh proof levels.
CFEI-013,FPL now shows the strongest regulated recovery bridge in the power/grid pilot.,"FPL Distribution Inspection now links 193199 actual projects, 61.5M USD AP-1 actual cost, 38.320627M USD final expenditures, 22.263219M USD final additions to plant, 10.481240M USD equity component, 2.278910M USD debt component, 3.182821M USD depreciation, 15.942971M USD final recoverable expense, aggregate SPPCRC clause revenue of 804.620369M USD, and Form 8A capital-structure support.","FPL is the first power/grid target where a selected category can be shown with output, cost, plant addition, recoverable expense, final recovery, factor authorization, WACC context, component attribution, aggregate clause revenue, capital-structure support, and FPL-wide cash/earnings context together.","It still does not prove Distribution Inspection customer receipts, source-of-funds allocation, full project-level asset IDs, or project-level IRR.",capital-flow-fpl-distribution-inspection-receipts-financing-boundary-pass-1.md,"Find category customer receipts, source-of-funds allocation, workpaper interpretation, and AP-1 row-level project IDs."
CFEI-014,"Debt/refinancing is now a five-mechanism bridge lane, not a generic denominator queue.","The lane has five bounded follow-through bridges: Wheaton company-level Antamina stream funding, Matador borrowing-base source/use/output, Liberty Broadband holdco collateral restructuring, PBF refining liquidity, and Devon merger-period allocation.",This converts the debt/refinancing pilot from open denominator rows into mechanism-specific answers with explicit boundaries.,"None of the five bridges proves asset-level return, stream-level return, refinery-level return, shareholder realization, realized synergy, or dollar-level source/use allocation.",capital-flow-debt-refinancing-use-return-frontier-pass-1.md,"Extract treasury funds-flow, facility size, lender allocation, covenant/pricing detail, asset-level output/cash, and debt-service economics for each bridge."
CFEI-015,The five debt/refinancing bridges now have an executable upgrade queue.,"The debt/refinancing bridge upgrade queue has 20 rows: four each for Wheaton, Matador, Liberty Broadband, PBF, and Devon, with action type, target source, fields to extract, pass test, hold/disproof test, and next artifact.",Turns the broad next-work instruction into source-level execution so stronger return claims can be proven or rejected.,The queue is not proof; it is the evidence acquisition and extraction plan for the next proof layer.,capital-flow-debt-refinancing-bridge-upgrade-queue-pass-1.md,"Run the queue starting with Wheaton Antamina cash receipts, Matador source/use allocation, Liberty LTV support, PBF ABL/note economics, and Devon treasury funds-flow."
CFEI-016,"Matador now passes aggregate source/use reconciliation, but not source-specific allocation.","The Matador source-specific use allocation pass shows 1.407674B USD of OCF plus 661.672M USD of net financing equals 2.069346B USD, matching 2.057908B USD of net investing use plus an 11.438M USD cash/restricted-cash increase.",This is the first executed debt/refi upgrade-queue row and clarifies the next proof standard: aggregate reconciliation is useful but not enough for asset-return claims.,"It does not prove that a specific borrowing or note issuance funded a specific acquisition, well program, note purchase, or asset-level cash return.",capital-flow-matador-source-specific-use-allocation-pass-1.md,"Find borrowing notices, senior-note use-of-proceeds, BLM acquisition closing statement, note purchase economics, and asset cash contribution."
CFEI-017,"Devon now passes statement-level treasury funds-flow reconciliation, but not dollar-level allocation.","The Devon treasury funds-flow pass shows 6.451B USD of visible first-half sources equals 6.451B USD of visible first-half uses, separating cash sources/uses from non-cash merger stock consideration, assumed liabilities, assumed debt, and exchange offers.",This turns Devon's qualitative allocation language into a reconciled cash-flow envelope while preserving the boundary between cash allocation and return proof.,"It does not prove daily source priority, exact funding for the BLM lease acquisition, debt-repayment economics, asset-level return, realized synergy, or financing causality.",capital-flow-devon-treasury-funds-flow-pass-1.md,"Find daily treasury funds-flow, BLM lease-sale payment records, repayment notices, Coterra realized synergy, and asset-level cash contribution."
CFEI-018,"PBF note refinancing mechanics are visible, but refinancing value creation is still open.","The PBF note-refinancing economics pass shows 500.0M USD of 2034 7.25% notes, 492.1M USD of net proceeds, 801.6M USD of 2028 6.00% notes redeemed, 301.6M USD of gross principal reduction, 7.9M USD of deferred financing costs and other net, 2.2M USD loss on extinguishment, and about 11.846M USD of simple annual coupon relief.",This is the first PBF upgrade-queue execution and turns a named source/use bridge into measured debt-service mechanics with an explicit economics boundary.,"It does not prove refinancing NPV, after-tax benefit, ABL exit, recurring cash-return quality, or refinery-level return.",capital-flow-pbf-note-refinancing-economics-pass-1.md,"Find redemption settlement detail, pro forma interest, fee amortization, tax treatment, ABL availability, and insurance-normalized recurring cash flow."
CFEI-019,"Liberty Broadband debenture retirement mechanics are visible, but settlement value creation is still open.","The Liberty debenture settlement economics pass shows all outstanding 2053 exchangeable debentures were put back and retired for 966M USD including accrued interest, funded with Margin Loan Facility proceeds and restricted cash; total debt fell by 523M USD, and the rollforward reconciles a 956M USD debenture retirement against a 74M USD margin-loan increase and a new 359M USD Charter loan.",This turns a holdco restructuring bridge into a measured debt-retirement and funding-context answer while preserving the shareholder-realization boundary.,"It does not prove favorable settlement economics, tax outcome, contractual LTV cushion, final merger value, or shareholder cash realization.",capital-flow-liberty-debenture-settlement-economics-pass-1.md,"Find debenture settlement statement, fair-value rollforward, accrued-interest detail, margin-loan LTV certificate, Charter loan agreement, and final merger funds-flow."
CFEI-020,"Matador debt-service quality is proxy-visible, but pricing and covenant cushion remain open.","The Matador debt-service quality pass shows a 3.25B USD borrowing base, 2.75B USD elected commitments, 939M USD Credit Agreement borrowings, 53.8M USD letters of credit, about 1.7572B USD simple unused elected commitment after LCs, current-ratio and debt-to-EBITDA covenant thresholds, compliance status, 112.344M USD first-half interest expense, and 2028-to-2034 note refinancing math.","This upgrades Matador from source/use reconciliation to a financing-quality proxy while keeping exact spread, cushion, and asset-return proof separate.","It does not prove exact SOFR spread, lender-level pricing, covenant cushion, reserve collateral sufficiency, cash interest, source-specific use, or asset-level return.",capital-flow-matador-debt-service-quality-pass-1.md,"Find pricing grid, covenant compliance certificate, borrowing-base certificate, reserve report, cash interest schedule, and asset cash contribution."
CFEI-021,"PBF cash-flow quality is insurance-bounded at company level, but recurring refinery return is still open.","The PBF insurance-normalized cash-flow pass shows 1.2651B USD of reported first-half operating cash flow, 356.5M USD of total visible insurance proceeds, 111.3M USD of operating insurance proceeds, 245.2M USD of investing insurance proceeds, 1.1538B USD of operating-insurance-adjusted OCF, 476.5M USD of PP&E spending, 242.4M USD of deferred turnaround spending, and 90.9M USD of cash interest.","This answers the next PBF cash-quality gate after the refinancing mechanics pass: the company-level cash proxy remains strong after removing operating insurance proceeds, but the proof still stops before refinery-level recurring return.","It does not prove business-interruption normalization, outage-adjusted refinery margin, refinery-level cash contribution, ABL exit, pro forma debt-service economics, or refinancing value creation.",capital-flow-pbf-insurance-normalized-cash-flow-pass-1.md,"Find insurance recovery categories, outage-by-refinery detail, adjusted OCF reconciliation, refinery-level margin/capex/cash contribution, ABL availability, and pro forma debt-service schedule."
CFEI-022,"Devon debt/payout resilience is proxy-visible in the reported period, but full-cycle sustainability is not proven.","The Devon debt/payout sustainability pass shows 5.329B USD of first-half OCF, 2.157B USD of capex, a 3.172B USD simple post-capex cash proxy, 521M USD of dividends, 266M USD of buybacks, 500M USD of debt repayments, 262M USD of interest based on debt outstanding, 4.0B USD of liquidity, no quarter-end revolver or commercial-paper borrowings, and an 18.1% funded-debt-to-capitalization ratio versus a 65% covenant limit.",This upgrades Devon from statement-level source/use reconciliation to a same-period debt-service and payout-quality proxy.,"It does not prove full-cycle shareholder-return sustainability, commodity-stress resilience, make-whole economics, pro forma debt-service value creation, exact source priority, asset-level return, or realized Coterra synergy.",capital-flow-devon-debt-payout-sustainability-pass-1.md,"Find commodity-price stress case, pro forma debt-service schedule after July 2026 Term Loan retirement, make-whole calculation, treasury cash ledger, asset contribution, and Coterra realized synergy."
CFEI-023,"Wheaton Antamina now has stream-level economics proxy evidence, but full PMPA return remains unproven.","The Wheaton Antamina PMPA economics pass shows the 4.300B USD Antamina PMPA cash outflow, 67.50% attributable-payable-production term, 20.00% delivery payment formula, 277.563M USD H1 2026 Antamina revenue, 55.340M USD cost of sales excluding depletion, 51.322M USD depletion, 170.901M USD profit, 222.223M USD operating cash flow, 4.708329B USD assets, and a rough 10.34% annualized OCF/upfront-payment proxy.","This is the first debt/refi target with named asset-level stream revenue, cost, depletion, profit, operating cash flow, and asset-base evidence in one source-backed table.","It does not prove delivered-ounce schedule, reserve-life sufficiency, tax allocation, financing-cost allocation, debt-service waterfall, lender allocation, IRR, NPV, or full PMPA return.",capital-flow-wheaton-antamina-pmpa-economics-pass-1.md,"Find delivered ounces, Antamina reserve/mine-life support, tax/depletion method, debt-service allocation, PMPA agreement, and discounted cash-flow model."
CFEI-024,"Wheaton Antamina now has a pre-tax pre-interest net cash-return proxy, but after-tax/post-financing return is still open.","The Wheaton Antamina net cash-return pass shows 222.223M USD H1 2026 Antamina operating cash flow, 51.322M USD depletion, 170.901M USD profit after depletion, 4.708329B USD Antamina assets, company finance costs of 32.502M USD, company income tax expense of 210.876M USD, 10.336% mechanical annualized OCF/upfront-payment proxy, and 7.949% mechanical annualized profit/upfront-payment proxy.",This upgrades the Wheaton case from gross stream economics to a bounded net-cash-return proxy while preventing false allocation of company-level tax and interest to Antamina.,"It does not prove Antamina-specific income tax, Antamina-specific interest expense, debt-service waterfall, lender allocation, reserve-life sufficiency, IRR, NPV, or full PMPA return.",capital-flow-wheaton-antamina-net-cash-return-pass-1.md,"Find Antamina tax allocation, debt-service schedule, lender allocation, reserve/mine-life support, delivered-ounce schedule, and full PMPA return model."
CFEI-025,"Energy Transfer has company-level source/use/output/cash-proxy evidence, but named-project cash realization remains unproven.","The Energy Transfer project cash-realization pass shows Q2 2026 adjusted EBITDA of 5.07B USD, DCF of 2.59B USD, growth capex of 1.10B USD, FY2026 growth-capex guidance of 5.6B-5.9B USD, 3.76B USD unused Five-Year Credit Facility availability, 68.393B USD long-term debt context, 3.00B USD senior-note refinancing, 1.60B USD senior-note redemptions, a 3.01x leverage covenant clue, Nederland capacity additions, Lone Star capacity, and y-grade agreement capacity.",This directly answers how money is moving for ET at the company level while preserving the named-project proof boundary.,"It does not prove project cost, exact source-to-project allocation, customer cash, tariff billing volume, utilization, project EBITDA, DCF contribution, debt service, or return.",capital-flow-energy-transfer-project-cash-realization-pass-1.md,"Find Nederland and Lone Star project schedules, shipper/customer contracts, tariff billing volumes, terminal utilization, project EBITDA bridge, and debt-service allocation."
CFEI-026,"United Rentals has fleet cash-yield proxy evidence, but fleet-class cash yield and ROIC remain unproven.","The URI fleet cash-yield source target pass shows Q2 2026 OEC of 23.8B USD, H1 2026 rental-equipment purchase payments of 2.720B USD, gross rental capex of 2.931B USD, net fleet cash investment of 2.040B USD after 680M USD of equipment-sale proceeds, Q2 owned-equipment rentals of 2.991B USD, H1 owned-rental share of 78.1%, Q2 rental revenue/OEC of 16.2%, adjusted EBITDA/OEC of 8.6%, H1 Specialty gross margin of 43.1% versus General Rentals at 34.8%, H1 OCF/gross rental capex of 112.8%, H1 OCF/net fleet cash investment of 162.0%, and AR collateral-pool coverage of 125.8%.","This gives the cleanest current answer to how money moves through the rental-fleet model: into fleet, into owned-rental output, through disposal proceeds and cash coverage, and against collateralized funding support.","It does not prove growth-versus-replacement capex, fleet-class OEC, true utilization, segment operating profit, legal borrowing-base availability, reserves, advance rates, source-to-purchase allocation, or ROIC.",capital-flow-uri-fleet-cash-yield-source-target-pass-1.md,"Find fleet category OEC, utilization, growth/replacement capex, segment operating profit, borrowing-base certificates, collateral reports, reserves, advance rates, and source-to-purchase allocation."
CFEI-027,"Cheniere has strong LNG source/use/output/customer-demand evidence, but train-level cash waterfall remains unproven.","The Cheniere project cash-waterfall source target pass shows FY2025 revenue of 19.98B USD, FY2025 DCF of 5.29B USD, Q2 2026 revenue of 5.73B USD, Q2 adjusted EBITDA of 1.80B USD, Q2 DCF of 1.17B USD, company/DOE Q2 cargo match at 184 cargoes, Q2 DOE volume of 640991.63 MMCF, about 90% contracted SPL/CCL production, about 15 years weighted-average SPA/IPM life, CPC Taiwan SPA volume up to 1.2 mtpa, CCL Stage 3 94.1% completion, Train 6 substantial completion, growth capital, equity-funded growth capital, entity debt buckets, 29.0B USD debt-plus-interest denominator, and 290.6B USD estimated executed-SPA revenue denominator.",This gives the strongest current LNG answer to how money moves: through entity debt/equity/cash into trains and terminals that produce externally verifiable cargoes under long-duration customer contracts.,"It does not prove train cost, debt draw, restricted cash, SPA economics, cargo-to-contract attribution, revenue, EBITDA, distribution, debt-service coverage, or project return.",capital-flow-cheniere-project-cash-waterfall-source-target-pass-1.md,"Find SPL/CQP/CCH indentures, facility agreements, restricted-account schedules, train capex, SPA economics, cargo mapping, entity EBITDA bridge, distribution restrictions, and debt-service waterfall."
CFEI-028,"PBF has pro forma debt-service and refinery-cash proxy evidence, but refinancing value creation and refinery-level return remain unproven.","The PBF pro forma debt-service and refinery-cash pass shows 500.0M USD of 2034 notes, 492.1M USD of net proceeds, redemption of 801.6M USD of 2028 notes, at least 309.5M USD of available-cash bridge before accrued interest, 301.6M USD of gross senior-note principal reduction, about 11.846M USD of simple annual coupon relief, 7.9M USD of deferred financing costs, 2.2M USD extinguishment loss, H1 2026 revolver borrowings of 1.100B USD and repayments of 1.200B USD, zero quarter-end revolver balance, 1.2651B USD reported OCF, 1.1538B USD operating-insurance-adjusted OCF, 718.9M USD of PP&E plus deferred turnaround spending, about 12.7x insurance-adjusted OCF/cash-interest coverage, 156.7M barrels of throughput, and 2.9263B USD of gross refining margin excluding special items.",This answers how money moved in the refinancing and whether same-period company cash can support a debt-service comparison.,"It does not prove refinancing NPV, after-tax economics, accrued-interest settlement, fee amortization, ABL legal availability, borrowing-base cushion, recurring outage-normalized refinery cash, refinery-level contribution, or refinery-level return.",capital-flow-pbf-pro-forma-debt-service-refinery-cash-pass-1.md,"Find redemption settlement, pro forma interest schedule, fee amortization, tax effects, liquidity opportunity cost, ABL availability, borrowing-base certificate, outage normalization, and refinery-level cash contribution."
CFEI-029,"Matador has aggregate source/use plus borrowing-base and output/cash context, but source-specific asset cash remains unproven.","The Matador source-specific asset-cash pass shows 1.407674B USD of first-half operating cash flow, 541.0M USD net Credit Agreement borrowings, 28.0M USD net San Mateo borrowings, 227.421M USD net senior-note funding, a 2.069346B USD source envelope matching 2.057908B USD of net investing use plus an 11.438M USD cash/restricted-cash increase, 745.343M USD development capex, 1.228834B USD oil-and-gas property acquisitions, a named 1.160B USD BLM Acquisition, 3.25B USD borrowing base, 2.75B USD elected commitments, 1.7572B USD simple unused commitment after LCs, 112.344M USD interest expense, 215631 BOE/d production, and 1.186392B USD Q2 revenue.",This answers how money moved at aggregate level while identifying the exact proof gap between company cash-flow reconciliation and asset-level return.,"It does not prove borrowing notices, lender allocations, reserve values, BLM funds-flow, source-to-acquisition allocation, well/asset contribution, LOE, cash margin, cash interest, or asset-level return.",capital-flow-matador-source-specific-asset-cash-pass-1.md,"Find borrowing notices, lender schedule, reserve report, BLM closing statement, acquisition funds-flow, asset-area production, LOE, cash margin, cash-interest schedule, and asset contribution."
CFEI-030,"Devon has same-period source/use/cash-coverage and Coterra contribution proxy evidence, but source priority and stress-tested asset contribution remain unproven.","The Devon source-priority stress FCF pass shows 6.451B USD of H1 2026 visible sources matching 6.451B USD of visible uses, including 5.329B USD of OCF, 581M USD Coterra merger cash, 425M USD cash/restricted-cash drawdown, 2.157B USD capex, 2.919B USD property/equipment acquisitions, 500M USD debt repayment, 787M USD dividends plus buybacks, 3.172B USD OCF-less-capex proxy, 4.0B USD liquidity, Q2 production of 1,359 MBoe/d, and Coterra post-close revenue/net earnings of 1.3B USD/230M USD.","This answers how Devon's reported-period cash moved through treasury allocation while preserving the next proof standard for source priority, commodity stress, and asset contribution.","It does not prove exact source priority, Permian lease funds-flow, commodity-stress FCF, realized Coterra synergy, LOE/cash margin, debt-economics value, or asset-level return.",capital-flow-devon-source-priority-stress-fcf-pass-1.md,"Find treasury ledger, closing funds-flow, commodity-price sensitivity, hedge/price-realization schedule, LOE/cash-margin by asset, Coterra synergy realization, and pro forma debt-service schedule."
CFEI-031,"Liberty Broadband has holdco collateral/liquidity restructuring evidence with LTV context, but final merger/shareholder realization remains unproven.","The Liberty LTV merger shareholder-realization pass shows a 5.507B USD Charter investment, 864M USD Margin Loan Facility debt, 359M USD Charter Loan Facility debt, a 359M USD Charter loan advanced to repay margin-loan borrowings, a 966M USD debenture settlement funded with Margin Loan Facility proceeds and restricted cash, 1.239B USD of debt borrowings, 1.771B USD of debt repayments, a 523M USD total debt reduction, 595M USD of Charter share monetization, 19.1M Charter shares in collateral accounts, 2.7B USD disclosed collateral-account value, a simple 32.0% margin-debt/disclosed-collateral ratio, and a 50% LTV support trigger.",This answers how money moved through Liberty's holdco restructuring while separating collateral/liquidity mechanics from actual shareholder realization.,"It does not prove contractual LTV, restricted-cash split, Charter loan full economics, debenture settlement economics, merger funds-flow, tax outcome, debt close treatment, or final shareholder proceeds.",capital-flow-liberty-ltv-merger-shareholder-realization-pass-1.md,"Find LTV certificate, Margin Loan Agreement definitions, Charter Loan Facility agreement, restricted-cash rollforward, debenture settlement statement, tax treatment, final merger close funds-flow, and shareholder consideration bridge."
CFEI-032,"MasTec has backlog-to-revenue/cash-proxy evidence, but project-owner funding, retainage, margin, and cash collection remain unproven.","The MasTec project cash-collection pass shows 21.4B USD of Q2 2026 backlog, 7.8B USD of Clean Energy and Infrastructure backlog, 6.3B USD of Power Delivery backlog, 4.374B USD of Q2 revenue, 384.2M USD of Q2 adjusted EBITDA, 120.322M USD of H1 operating cash flow, 188.312M USD of H1 capex, negative 67.990M USD simple OCF less capex, 760.912M USD of contract liabilities, 72 DSO, 1.7B USD liquidity, 1.8x leverage, 2.573839B USD of long-term debt including finance leases, and physical-output context from FY 2025.","This answers how project demand moves through MasTec at proxy level: backlog turns into revenue, EBITDA, contract timing, and cash-flow context.","It does not prove project-owner funding, signed/non-cancellable backlog, retainage, receivable aging, project margin, backlog-cohort cash collection, or source-to-project credit allocation.",capital-flow-mastec-project-cash-collection-pass-1.md,"Find backlog aging, project-owner budgets, customer award contracts, retainage/receivable aging, segment margin, contract asset/liability roll-forward, and project cash collection schedules."
CFEI-033,"Apollo/Athene has liability-channel, invested-asset, and spread-earnings evidence, but statutory asset-income and credit-quality proof remain missing.","The Apollo/Athene statutory cash-return pass shows 22.069B USD of Q2 2026 retirement-services gross inflows, 17.095B USD of Athene-attributable inflows, 11.928B USD of net flows, 413.598B USD of gross invested assets, 314.090B USD of net invested assets, 20.396B USD of gross alternative investments, 877M USD of spread-related earnings, 302.1B USD of direct-origination AUM, 282.7B USD of asset-backed-finance AUM, 392.2B USD of Athene Accounts AUM, 292.414B USD of FY2025 net invested assets, 3.5B USD of net floating-rate assets, 8.6B USD of capital available to deploy, and liability-stickiness context.",This answers how retirement/insurance capital moves into Apollo/Athene invested-asset and credit-lane capacity at channel level while preserving the statutory proof requirement.,"It does not prove statutory entity holdings, Schedule D/BA asset income, NAIC designations, realized gains/losses, impairments, rating migration, liability-cost spread, cash receipts, or borrower destinations.",capital-flow-apollo-athene-statutory-cash-return-pass-1.md,"Find Athene legal-entity statutory filings, Schedule D/BA, investment income schedules, realized gain/loss schedules, impairments, NAIC designation distributions, RBC/capital notes, liability cost schedules, and borrower-level holdings."
CFEI-034,"KKR/Global Atlantic has insurance balance-sheet, asset-income, and credit-quality proxy evidence, but statutory vehicle-to-borrower allocation remains unproven.","The KKR/Global Atlantic borrower-allocation pass shows 220B USD of Global Atlantic AUM, 164B USD of credit AUM, 62B USD of Ivy/sponsored reinsurance vehicle AUM, 189.204380B USD of insurance investments, 205.499130B USD of insurance policy liabilities, 88.056662B USD of AFS fixed maturities, 48.754106B USD of mortgage and other loan receivables net, 4.028186B USD of six-month insurance net investment income, 3.351757B USD of six-month fixed-maturity investment income, 1.541995B USD of six-month loan investment income, 671.094M USD of loan allowance, 296.4M USD of past-due/foreclosure non-income-producing mortgage loans, LTV bucket evidence, and 9.2B USD of FHLB pledged assets.",This answers how insurance-linked capital moves into a visible Global Atlantic balance-sheet investment base with income and credit-quality proxy evidence.,"It does not prove statutory legal-entity schedules, Schedule D/BA holdings, NAIC designations, vehicle-to-borrower allocation, borrower facility use, cash receipts, repayment performance, or liability-cost spread.",capital-flow-kkr-global-atlantic-borrower-allocation-pass-1.md,"Find Global Atlantic statutory filings, Schedule D/BA, NAIC designation schedules, statutory investment income, borrower/facility schedules, FHLB collateral files, liability-cost/spread schedules, and repayment/cash receipt evidence."
CFEI-035,"Blackstone has credit and insurance channel scale plus borrower candidate evidence, but borrower-use and cash-return proof remain incomplete.","The Blackstone credit borrower-use cash pass shows 469.3B USD of Credit & Insurance AUM, 318.241B USD of fee-earning AUM, 31.0B USD of Q2 inflows, 143.0B USD of LTM inflows, 13.3B USD of direct-lending inflows, 1.0B USD of BCRED equity raised, 9.9B USD of infrastructure and asset-based credit inflows, 7.5B USD of insurance SMA inflows, 12.7B USD of quarterly deployed capital, 3.9% LTM private-credit net return, 373.242M USD of segment distributable earnings, a 13.364295B USD BXSL portfolio base, largest BXSL industry destinations, and borrower candidates including Auctane/Stamps.com, Guidehouse, and Medallia.","This answers how Blackstone capital moves through credit/insurance channels, vehicles, industry exposures, and borrower candidates while preserving the borrower cash-return proof gap.","It does not prove source vehicle funding, lender allocations, borrower facility use, interest income by borrower, repayment/cash flow, credit quality, allocation method, or residual bank role.",capital-flow-blackstone-credit-borrower-use-cash-pass-1.md,"Find BXSL and BCRED schedules of investments, N-PORT schedules, insurance SMA holdings, borrower credit agreements, lender allocation schedules, payoff letters, borrower financials, interest income, repayments, non-accruals, and bank-role evidence."
CFEI-036,"Plains has tariff route/rate commercial evidence for a specific movement path, but committed-volume, billing, realized-revenue, and segment-cash proof remain missing.","The Plains tariff volume cash pass shows Texas RRC tariff TX 3.6.0, effective 2026-07-01, for the Karnes County to Cactus III Crude Pipeline Hobson Terminal route at a 178.98 cents-per-barrel base rate, with negotiated-rate and FERC-index escalation mechanics. It also preserves Cactus III acquisition/control context: capacity above 600000 barrels per day, 55% and 45% EPIC/Cactus III stake acquisitions with assumed debt, 2.016B USD purchase-accounting consideration, 2.737B USD of property and equipment acquired, and Plains operator-of-record status.","This answers how Plains money movement can be described at tariff-route, rate, asset-capacity, and acquisition/control level while preserving the cash-realization gap.","It does not prove shipper identity, committed volume, billing volume, realized route revenue, contract duration, Cactus III EBITDA/cash, debt-service, or asset return.",capital-flow-plains-tariff-volume-cash-pass-1.md,"Find committed shipper contracts, open-season results, route throughput, tariff billing records, realized revenue, contract tenor, Cactus III contribution, debt-service, and project return schedules."
CFEI-037,The completed 16-row execution queue now has a single ranked money-movement answer layer.,"The executed money-movement synthesis pass ranks the 16 completed queue rows and normalizes each into who controls money, source of money, movement mechanism, destination, cash-back channel, proof grade, missing proof, and next source. It groups the cases into named asset/project cash proxies, insurance/private-credit routing, corporate treasury/refinancing allocation, and tariff/commercial route evidence.","This answers the user's big-picture question in one place: who is investing where, how money moves, into what, and what proof remains missing before full cash-return claims are safe.",It does not add new primary evidence and does not convert proxy or boundary rows into full asset-level cash-return proof.,capital-flow-executed-money-movement-synthesis-pass-1.md,"Use the synthesis to create the next source-acquisition work order, prioritizing Wheaton Antamina, FPL Distribution Inspection, Cheniere train waterfall, URI fleet cash yield, and Sterling project cash collection."
CFEI-038,The executed money-movement synthesis now has a ranked cash-return source work order.,"The cash-return source work order pass adds 16 rows, one for each executed money-movement case. It identifies the decisive source package, source route or local base, extraction fields, upgrade target, pass test, hold/disproof test, next artifact, and safe claim for Wheaton, FPL, Cheniere, URI, Sterling, Energy Transfer, Apollo/Athene, KKR/Global Atlantic, Ares, Blackstone, Matador, Devon, PBF, MasTec, Liberty, and Plains.",This turns the big-picture answer into an executable proof-acquisition program instead of another narrative summary.,"It does not prove new cash returns; it defines the documents and extraction tests required to upgrade, hold, or disprove each row.",capital-flow-cash-return-source-work-order-pass-1.md,"Execute the first source work-order row for Wheaton Antamina, while monitoring the time-gated FPL source path."
CFEI-039,"Wheaton Antamina remains the strongest named cash-return proxy, but the full PMPA return source test still holds.","The Wheaton Antamina full return source test adds 16 rows executing CFCRSWO-001. It confirms the 4.300B USD Antamina PMPA payment, same-period bank-debt funding context, 1.500B USD term loan, 472.000M USD revolver debt, 33.750% Antamina silver production interest, 67.500% payable-production entitlement, 20.000% delivery payment formula, life-of-mine language, 277.563M USD H1 2026 Antamina revenue, 55.340M USD cash cost, 51.322M USD depletion, 170.901M USD profit, 222.223M USD OCF, 4.708329B USD asset denominator, and bounded annualized return proxies.",This executes the highest-ranked proof hunt and shows the system can test a top case without inflating a proxy into full return proof.,"It does not prove delivered-ounce cash receipts, Antamina-specific tax, Antamina-specific interest, debt-service waterfall, lender allocation, reserve-life sufficiency, IRR, NPV, or full PMPA return.",capital-flow-wheaton-antamina-full-return-source-test-pass-1.md,"Find Antamina delivery/cash receipt support, tax/interest allocation, debt-service schedule, lender allocation, reserve-life support, and PMPA valuation model."
CFEI-040,"FPL Distribution Inspection remains the strongest regulated recovery bridge, but category customer receipts and funding allocation still hold.","The FPL Distribution Inspection customer receipt source test adds 16 rows executing CFCRSWO-002. It confirms 193199 actual projects, 61.500000M USD AP-1 actual cost, 38.320627M USD final expenditures, 22.263219M USD final additions to plant, 15.942971M USD final recoverable expense, 10.481240M USD equity component grossed up for taxes, 2.278910M USD debt component, 3.182821M USD depreciation, 804.620369M USD aggregate SPPCRC clause revenue, 65.318726M USD aggregate true-up collected/refunded, 2026 rate-factor authority, Form 8A capital-structure support, and FPL-wide cash context.",This executes the second-ranked proof hunt and confirms that the regulated recovery bridge is strong but still below realized category cash proof.,"It does not prove Distribution Inspection-specific customer receipts, billing determinant allocation, source-of-funds allocation, project IRR, or earned shareholder return.",capital-flow-fpl-distribution-inspection-customer-receipt-source-test-pass-1.md,"Monitor/fetch the 2027 SPPCRC actual/estimated filing and find billing determinant workpapers, category allocation workpapers, receipt support, and financing source evidence."
CFEI-041,"Cheniere remains the strongest LNG source/use/output/customer-demand bridge, but train-level cash-waterfall proof still holds.","The Cheniere train cash-waterfall source test adds 16 rows executing CFCRSWO-003. It confirms FY 2025 revenue of 19.98B USD, FY 2025 DCF of 5.29B USD, Q2 2026 revenue of 5.73B USD, Q2 adjusted EBITDA of 1.80B USD, Q2 DCF of 1.17B USD, FY 2025 company cargoes of 670 versus 674 DOE vessel rows, Q2 2026 company/DOE cargo match at 184 cargoes, Q2 DOE volume of 640991.63 MMCF, about 90% contracted anticipated SPL/CCL production, about 15 years weighted-average SPA/IPM life, CPC Taiwan SPA volume up to 1.2 mtpa, CCL Stage 3 94.1% completion, Train 6 substantial completion, growth-capital and equity-funded growth-capital context, and entity debt/contract denominators.",This executes the third-ranked proof hunt and confirms that Cheniere is the strongest energy infrastructure bridge while keeping train/entity cash-waterfall proof separate.,"It does not prove train-level cost, debt draw, restricted cash, SPA price, cargo attribution, revenue, EBITDA, distributions, debt-service coverage, or project return.",capital-flow-cheniere-train-cash-waterfall-source-test-pass-1.md,"Find SPL/CQP/CCH indentures and facility agreements, train capex, restricted-account schedules, SPA price formulas, cargo-to-contract mapping, entity EBITDA, distributions, debt-service waterfall, and project-return support."
CFEI-042,"URI has the cleanest operating-company fleet cash-conversion bridge, but fleet-class cash-yield and ROIC proof still hold.","The URI fleet cash-yield source test adds 16 rows executing CFCRSWO-004. It confirms Q2 2026 OEC of 23.8B USD, H1 2026 rental-equipment purchase payments of 2.720B USD, H1 gross rental capex of 2.931B USD, H1 rental-equipment sale proceeds of 680M USD, H1 net fleet cash investment of 2.040B USD, Q2 owned-equipment rentals of 2.991B USD, H1 owned-rental share of 78.1%, Q2 rental revenue/OEC of 16.2%, Q2 adjusted EBITDA/OEC of 8.6%, Specialty gross margin of 43.1% versus General Rentals at 34.8%, Specialty gross-profit/average-segment-asset proxy of 26.4% versus 14.7%, OCF/gross rental capex of 112.8%, OCF/net fleet cash investment of 162.0%, and AR collateral-pool coverage of 125.8%.",This executes the fourth-ranked proof hunt and gives the clearest company/fleet operating cash-conversion answer so far.,"It does not prove growth/replacement capex, fleet-class OEC, true utilization, rate/time/mix, segment operating profit, legal borrowing-base availability, reserves, advance rates, source-to-purchase allocation, or ROIC.",capital-flow-uri-fleet-cash-yield-source-test-pass-1.md,"Find fleet-class OEC, average OEC, utilization, growth/replacement capex, rate/time/mix decomposition, segment operating profit, borrowing-base certificates, reserves, advance rates, legal availability, source-to-purchase allocation, and ROIC support."
CFEI-043,"Sterling has strong backlog-to-company-cash proxy evidence, but project cash-collection proof still holds.","The Sterling project cash-collection source test adds 16 rows executing CFCRSWO-005. It confirms RPO growth from 2055.081M USD in Q3 2024 to 4233.618M USD in Q2 2026, Q2 contract liabilities of 802.601M USD, Q2 contract assets of 156.295M USD, Q2 net contract-liability timing of 646.306M USD, Q2 OCF less capex of 112.436M USD, H1 OCF less capex of 258.375M USD, Q2 debt/RPO of 6.7%, a July 2026 1.500B USD revolver, 600M USD L/C sublimit, 50M USD swing-line, 8.0x L/C sublimit increase, L/C capacity equal to 40.0% of the revolver, bid-bond range of 5% to 10%, performance/payment bond potential up to 100% of construction cost, 74.0% RPO expected within twelve months, 22.9% unsigned-award share of combined backlog, 2.56B USD acquired signed-plus-unsigned contribution, 45.6% acquired share of combined backlog, 250.8M USD Q2 acquisition revenue contribution, Q2 total debt of 285.305M USD, Q2 cash of 464.451M USD, and total debt about 0.32x FY 2026 adjusted EBITDA guide midpoint.",This executes the fifth-ranked proof hunt and separates project-execution cash proxy from named project cash collection.,"It does not prove named owner funding, project margin, retainage collection, bonded backlog, actual L/C usage, source-to-project allocation, or project return.",capital-flow-sterling-project-cash-collection-source-test-pass-1.md,"Find named project awards, owner funding records, signed contract schedules, retainage collection, project margin, bonded backlog, L/C/surety usage, source-to-project allocation, and project-return support."
CFEI-044,"Energy Transfer has strong company-level source/use/output/cash-proxy evidence, but named-project cash realization still holds.","The Energy Transfer named-project cash source test adds 16 rows executing CFCRSWO-006. It confirms Q2 2026 adjusted EBITDA of 5.07B USD, Q2 DCF of 2.59B USD, Q2 growth capex of 1.10B USD, Q2 maintenance capex of 307M USD, FY 2026 growth-capex guidance of 5.6B-5.9B USD, 3.76B USD unused Five-Year Credit Facility availability, 68.393B USD long-term debt context, 3.00B USD January 2026 senior notes, 1.60B USD note redemption/refinancing evidence, 3.01x partnership leverage ratio, Nederland 240000 bpd ethane capacity, Nederland 55000 bpd LPG capacity, Lone Star Express more than 90000 bpd incremental NGL takeaway, about 300000 bpd long-term y-grade agreements into the 2030s, 13% NGL transportation growth, and 25% NGL export growth.",This executes the sixth-ranked proof hunt and separates company-level project proxy from named-project cash realization.,"It does not prove named project cost, source-to-project allocation, shipper/customer cash, tariff billing volume, utilization, project EBITDA, DCF contribution, debt-service allocation, or project return.",capital-flow-energy-transfer-named-project-cash-source-test-pass-1.md,"Find project capital schedules, shipper/customer contracts, tariff billing volumes, utilization, project EBITDA, DCF contribution, debt-service allocation, and project-return support."
CFEI-045,"The first six cash-return source tests now form a ranked proof ladder, not a completed return thesis.","The cash-return source test status pass synthesizes six executed work-order rows: Wheaton Antamina, FPL Distribution Inspection, URI fleet, Cheniere LNG, Sterling backlog, and Energy Transfer projects. It ranks Wheaton closest to named asset cash-return proof, FPL as strongest regulated recovery bridge, URI as cleanest operating-company cash conversion, Cheniere as strongest LNG output/customer-demand bridge, Sterling as strongest backlog-to-company-cash proxy, and Energy Transfer as strongest company-level midstream project proxy.",This converts the user's big-picture question into a decision layer: which cases are closest to true cash proof and what source unlocks each.,It does not prove full asset/project cash return for any of the six cases.,capital-flow-cash-return-source-test-status-pass-1.md,"Use the status pass to choose the next source hunt: Wheaton cash receipts, FPL category receipts, URI fleet-class OEC/utilization, Cheniere/ET project waterfalls, or Sterling owner funding and collection."
CFEI-046,The first six tested cases now have an explicit money-movement proof graph with beneficiary and payback boundaries.,"The money-movement proof graph pass adds 6 rows for Wheaton Antamina, FPL Distribution Inspection, URI fleet, Cheniere LNG, Sterling backlog, and Energy Transfer projects. Each row shows money source, route, funded asset/project/use, cash-back channel, payback beneficiary, current proof grade, binding gap, and next unlock source.","This is the clearest current answer to the operating question: who controls the money, where it moves, what it funds, how cash might come back, and who would benefit if the cash channel is proven.",It does not prove full asset/project cash return; it keeps every row at proxy or bridge grade until the missing source package is found.,capital-flow-money-movement-proof-graph-pass-1.md,"Expand the proof graph to all 16 executed money-movement rows, then build the repeated missing-source index."
CFEI-047,The executed money-movement set now has an all-16 proof graph with payback beneficiaries.,"The all-16 money-movement proof graph expands the six-case proof graph to every executed synthesis row. It groups the set into 6 asset/project cash-proxy routes, 4 insurance/private-credit routing routes, 5 treasury/refinancing allocation routes, and 1 tariff/commercial route. Each row names who controls the money, the source, movement mechanism, funded use, cash-back channel, beneficiary/payback path, proof grade, binding gap, and next unlock source.","This is the broadest current answer to who is investing where, how the money moves, into what, and who may get paid back.",It does not prove full asset/project cash return; beneficiary/payback paths remain bounded by the missing evidence in each row.,capital-flow-all-16-money-movement-proof-graph-pass-1.md,"Build a repeated missing-source index across customer receipts, debt-service waterfalls, borrower cash flow, project EBITDA, statutory schedules, and billing support."
CFEI-048,The money-movement graph now has a repeated missing-source index that shows what to fetch next.,The repeated missing-source index adds 12 rows across the all-16 proof graph. It identifies the recurring blockers: customer receipts and billing support; source-to-use allocation; project or asset cash contribution; debt-service waterfalls; borrower facility documents; statutory investment schedules; contract pricing and customer obligations; physical-output attribution; collateral certificates; working-capital collection; transaction closing funds-flow; and return-model support.,This turns the broad graph into a practical source-acquisition strategy: pursue document families that unlock multiple rows instead of chasing isolated company gaps.,It does not prove new cash returns; it prioritizes the missing source packages needed before cash-return claims can be upgraded.,capital-flow-repeated-missing-source-index-pass-1.md,"Convert the top repeated blockers into a source-acquisition work order, starting with customer receipts and billing support."
CFEI-049,The repeated missing-source index is now an executable work order.,"The repeated missing-source work order adds 12 rows, one for each recurring source family. Each row has a priority, affected proof-graph rows, first action, source route, fields to extract, pass test, hold/disproof test, next artifact, and safe claim. The first recommended row is customer receipts and billing support because it touches FPL, Sterling, Energy Transfer, MasTec, and Plains.","This converts the big-picture proof gaps into an execution plan that can start testing whether visible demand, recovery, tariff, and backlog evidence became cash.",It does not acquire the documents or prove new cash return; it defines what would count as upgrade versus hold.,capital-flow-repeated-missing-source-work-order-pass-1.md,Execute CFRMSWO-001 as a customer receipts and billing support source-route pass.
CFEI-050,The first repeated missing-source work order has been executed and all five customer-receipt rows hold.,"The customer receipts billing source route pass adds 5 rows for FPL Distribution Inspection, Sterling backlog, Energy Transfer projects, MasTec backlog, and Plains tariff route. It confirms that FPL has aggregate SPPCRC revenue and true-up mechanics; Sterling and MasTec have backlog/revenue/contract-timing proxies; Energy Transfer has company DCF/EBITDA and named capacity additions; and Plains has tariff route/rate evidence.","This starts testing whether visible recovery, backlog, tariff, and project-demand evidence became cash, instead of only listing that customer receipts are missing.","It does not prove named category receipts, project collection, route billing, backlog-cohort cash realization, or realized customer cash for any of the five rows.",capital-flow-customer-receipts-billing-source-route-pass-1.md,"Pursue FPL billing determinants, Sterling/MasTec retainage and project collections, and ET/Plains shipper billing or move to CFRMSWO-002 source-to-use allocation."
CFEI-051,The source-to-use allocation work order is executed with a mixed boundary result.,"The source-to-use allocation pass adds 6 rows for FPL Distribution Inspection, Energy Transfer projects, Matador borrowing base, Devon treasury allocation, PBF refinancing, and Liberty Broadband holdco. PBF and Liberty have transaction-level source/use mechanics with boundaries; Matador and Devon have aggregate source/use reconciliations; FPL and Energy Transfer remain allocation holds.",This answers whether current local evidence can assign specific capital sources to specific uses instead of relying on broad liquidity or treasury capacity.,"It does not prove full named source-to-use allocation across the set, and it does not convert aggregate reconciliations or transaction mechanics into asset/project cash-return proof.",capital-flow-source-to-use-allocation-work-order-pass-1.md,"Move to CFRMSWO-003 project or asset cash contribution, while preserving the source-allocation holds for FPL, ET, Matador, Devon, PBF, and Liberty."
CFEI-052,"The project/asset cash contribution source route pass finds partials, but no full contribution proof.","The project/asset cash contribution pass adds 7 rows for Cheniere, Energy Transfer, Matador, Devon, PBF, MasTec, and Plains. Devon has an acquired-business contribution proxy, and PBF has a refinery-cash/debt-service proxy. Cheniere, Energy Transfer, Matador, MasTec, and Plains remain below standalone train, project, asset-area, backlog-cohort, or route cash-contribution proof.",This tests whether funded assets or projects generated attributable cash themselves rather than only showing company-level cash.,"It does not prove standalone project EBITDA, DCF, cash contribution, route revenue, asset-area cash margin, or refinery-level return across the affected rows.",capital-flow-project-asset-cash-contribution-source-route-pass-1.md,Move to CFRMSWO-004 debt-service waterfalls and lender allocation.
CFEI-053,"The debt-service waterfall source route pass finds partial debt mechanics, but no full payback allocation.","The debt-service waterfall pass adds 7 rows for Wheaton, Cheniere, Energy Transfer, Matador, PBF, Liberty Broadband, and Plains. PBF, Liberty Broadband, and Matador show partial debt/payback mechanics. Wheaton, Cheniere, and Energy Transfer show financing or entity/company debt context. Plains remains a tariff-route hold.","This tests whether asset, project, route, or transaction cash can be tied to creditor payback rather than inferred from the broad capital stack.","It does not prove asset/project debt-service waterfalls, lender allocations, restricted-account routing, route debt service, or final capital-provider payback across the affected rows.",capital-flow-debt-service-waterfall-source-route-pass-1.md,Move to CFRMSWO-005 borrower facility documents and lender schedules.
CFEI-054,"The borrower facility document source route pass finds two partials, but no full facility/lender proof.","The borrower facility pass adds 4 rows for KKR/Global Atlantic, Ares borrower exposure, Blackstone credit channel, and Matador borrowing base. Ares/Frontline has borrower-destination, arranger-role, holder-dollar, commitment, and instrument-marker evidence. Matador has agreement-grade reserve-based facility and bank-lender group evidence. KKR/Global Atlantic and Blackstone remain below statutory vehicle-to-borrower or vehicle-to-facility allocation proof.","This tests whether channel or holder exposure can be tied to facility size, use of proceeds, lender share, borrower cash generation, repayment route, and bank role.","It does not prove full borrower facility size, lender allocation, use of proceeds, borrower financials, debt-service coverage, repayment evidence, or bank replacement across the affected rows.",capital-flow-borrower-facility-document-source-route-pass-1.md,Move to CFRMSWO-006 statutory investment schedules and asset-income detail.
CFEI-055,The insurance statutory asset-income source route pass keeps both rows at hold status.,"The statutory asset-income pass adds 2 rows for Apollo/Athene and KKR/Global Atlantic. Apollo/Athene has liability-channel, invested-asset, direct-origination, ABF, alternatives, and spread-earnings proxy evidence. KKR/Global Atlantic has public-company insurance investment base, asset-class income, allowance, LTV, past-due, and FHLB pledged-asset proxy evidence. Neither reaches statutory legal-entity Schedule D/BA, NAIC, realized gain/loss, impairment, or liability-cost spread proof.",This tests whether insurance liability capital can be mapped into statutory holdings and risk-adjusted asset income rather than only platform AUM or public-company investment totals.,"It does not prove statutory legal-entity holdings, Schedule D/BA asset income, NAIC credit quality, realized gains/losses, impairments, liability-cost spread, borrower destination, or asset-level cash return.",capital-flow-insurance-statutory-asset-income-source-route-pass-1.md,"Move to CFRMSWO-007 contract pricing, customer obligation, and tenor evidence."
CFEI-056,"The contract pricing obligation source route pass finds four partials, but no full customer obligation proof.","The contract pricing obligation pass adds 6 rows for Cheniere, Sterling, Energy Transfer, Ares borrower exposure, MasTec, and Plains. Cheniere has contracted-output and tenor proxy evidence. Sterling has backlog obligation and risk-bucket proxy evidence. Energy Transfer has long-term commercial-demand proxy evidence. Plains has tariff-rate and term-agreement mechanic proxy evidence. Ares and MasTec remain below borrower-agreement or customer-contract proof.","This tests whether visible demand, backlog, shipper demand, borrower exposure, or LNG output is legally durable and economically meaningful.","It does not prove full price economics, committed customer cash, non-cancellable obligations, minimum-volume terms, funded-award status, borrower agreement economics, or realized contract cash across the affected rows.",capital-flow-contract-pricing-obligation-source-route-pass-1.md,Move to CFRMSWO-008 physical output and utilization attribution.
CFEI-057,"The output utilization attribution source route pass finds three partials, but no full output-attribution proof.","The output utilization attribution pass adds 5 rows for Cheniere, United Rentals, Energy Transfer, Matador, and Plains. Cheniere has terminal cargo reconciliation evidence. United Rentals has company-fleet OEC, rental revenue/OEC, adjusted EBITDA/OEC, capex, sale-proceeds, and fleet-productivity proxy evidence. Energy Transfer has named capacity additions and company volume-growth evidence. Matador and Plains remain below asset-area production or route throughput attribution proof.","This tests whether reported output can be assigned to the funded asset, project, route, fleet, or reserve base instead of staying at aggregate company level.","It does not prove full asset/project/route-level output attribution, utilization, billing volume, revenue, cash contribution, or return across the affected rows.",capital-flow-output-utilization-attribution-source-route-pass-1.md,"Move to CFRMSWO-009 collateral, borrowing-base, and availability certificates."
CFEI-058,"The collateral availability certificate source route pass finds two partials, but no full legal availability proof.","The collateral availability certificate pass adds 4 rows for United Rentals, KKR/Global Atlantic, Matador, and Liberty Broadband. Matador has agreement-grade borrowing-base reaffirmation, elected commitments, borrowings, LCs, simple unused elected commitment, and Collateral Coverage Minimum mechanics. Liberty has pledged Charter-share collateral, disclosed collateral-account value, simple LTV math, and LTV-trigger mechanics. United Rentals and KKR/Global Atlantic remain below ABL/AR or FHLB/statutory collateral availability proof.",This tests whether reported collateral or credit capacity is legally available and quantified instead of only appearing as collateral support context.,"It does not prove full legal availability, eligible collateral, advance rates, reserve deductions, covenant cushion, FHLB collateral availability, or final collateral-backed payback across the affected rows.",capital-flow-collateral-availability-certificate-source-route-pass-1.md,"Move to CFRMSWO-010 retainage, receivable aging, and working-capital collection."
CFEI-059,"The working-capital collection source route pass finds one partial, but no full collection proof.","The working-capital collection pass adds 3 rows for FPL Distribution Inspection, Sterling backlog, and MasTec backlog. FPL has partial aggregate recovery collection mechanics through SPPCRC aggregate clause revenue and true-up collected/refunded lines. Sterling has retainage and contract-timing proxy evidence but no retainage collection history. MasTec has DSO and contract-liability proxy evidence but no receivable aging or backlog-cohort collection proof.","This tests whether recovery, backlog, project revenue, retainage, receivables, or contract assets have been billed or collected in cash.","It does not prove named category receipts, receivable aging, retainage collection, backlog-cohort cash collection, customer collection records, or project-level cash realization across the affected rows.",capital-flow-working-capital-collection-source-route-pass-1.md,"Move to CFRMSWO-011 acquisition, refinancing, or merger closing funds-flow."
CFEI-060,"The transaction funds-flow source route pass finds five partials, but no full closing funds-flow proof.","The transaction funds-flow pass adds 5 rows for Matador, Devon, PBF, Liberty Broadband, and Plains. Matador has aggregate acquisition funds-use evidence. Devon has statement-level treasury and merger funds-flow evidence. PBF has note-refinancing settlement mechanics. Liberty has debenture-retirement funds-flow evidence. Plains has Cactus III acquisition/control accounting evidence. None reaches final closing funds-flow proof.","This tests whether acquisition, refinancing, merger, redemption, settlement, tax, fee, assumed-debt, and final cash-use mechanics reconcile.","It does not prove final closing funds-flow, exact source priority, fee and tax treatment, settlement allocation, debt-close treatment, asset-level cash contribution, or final economic outcome across the affected rows.",capital-flow-transaction-funds-flow-source-route-pass-1.md,"Move to CFRMSWO-012 IRR, NPV, ROIC, reserve-life, or return-model support."
CFEI-061,"The return model source route pass completes the 12-row repeated missing-source work order, but no row reaches full return-model proof.","The return-model pass adds 6 rows for Wheaton Antamina, FPL Distribution Inspection, United Rentals, Energy Transfer, Matador, and Plains. Wheaton has partial named asset cash/profit yield proxies. FPL has partial regulated earned-return component evidence. United Rentals has partial fleet and segment return proxies. Energy Transfer, Matador, and Plains remain below named-project, reserve-backed, or route/asset return-model proof.",This completes execution of CFRMSWO-001 through CFRMSWO-012 and shows which final return claims remain unsafe.,"It does not prove full IRR, NPV, ROIC, reserve-life sufficiency, earned shareholder return, project contribution, debt-service-adjusted return, or asset-level investment return across the affected rows.",capital-flow-return-model-source-route-pass-1.md,Build a consolidated source-route execution status page and rank the next source-acquisition packages.
CFEI-062,The completed repeated missing-source work order now has a consolidated execution status and next-source ranking.,"The source-route execution status pass consolidates CFRMSWO-001 through CFRMSWO-012 into 12 source-family status rows. Across 60 affected source-route rows, 28 reached partial/proxy status and 32 remained holds. The pass ranks the next external source packages: customer receipts and collections first, project/asset cash contribution second, debt-service/source-allocation third, statutory/borrower facility proof fourth, and return-model support fifth.",This turns the completed work order into an operating map for the next source-acquisition cycle.,It does not prove full asset/project cash return; it shows where the proof improved and where it still fails.,capital-flow-source-route-execution-status-pass-1.md,"Build the next source acquisition queue from the top-ranked package: customer receipts, billing determinants, receivable aging, and collection schedules."
CFEI-063,The completed source-route status now has a ranked next-source acquisition queue.,"The next-source acquisition queue pass converts the completed source-route status into 5 ranked acquisition packages. The first-ranked package is customer receipts, billing determinants, receivable aging, and collection schedules; the remaining packages cover project/asset cash contribution, debt-service/source allocation, statutory or borrower facility proof, and return-model support.","This turns status into an executable acquisition plan for answering who invests where, how money moves, what it funds, and whether cash comes back.",It does not acquire the documents or prove full cash return; it defines the next source packages and pass/hold tests.,capital-flow-next-source-acquisition-queue-pass-1.md,Execute CFNSAQ-001 as the customer receipts and collection source-acquisition pass.
CFEI-064,The first next-source acquisition row confirms customer receipts remain the main blocker.,"The CFNSAQ-001 customer receipts acquisition pass tests FPL, Sterling, MasTec, Energy Transfer, and Plains against the current local source set. FPL reaches partial aggregate recovery-collection status through SPPCRC aggregate clause revenue and true-up collection/refund mechanics. Sterling and MasTec remain timing or working-capital proxy cases. Energy Transfer and Plains remain below named shipper/customer billing, route revenue, or realized project cash.","This directly tests the user's central question at the payer layer: who pays cash into the funded asset or route, and is that cash visible enough to connect back to the capital flow?",It does not prove full named customer receipts for any target case; it produces one aggregate collection partial and four receipt holds.,capital-flow-cfnsaq-001-customer-receipts-acquisition-pass-1.md,"Fetch the FPL 2027 SPPCRC actual/estimated source if available, otherwise move to CFNSAQ-002 project/asset cash contribution."
CFEI-065,The second next-source acquisition row keeps project/asset contribution mostly at hold status.,"The CFNSAQ-002 project/asset cash contribution pass tests Cheniere, Energy Transfer, Matador, PBF, MasTec, and Plains against the current local source set. PBF reaches partial refinery cash proxy status. Cheniere, Energy Transfer, Matador, MasTec, and Plains remain below named train, project, asset-area, backlog-cohort, or route cash contribution proof.",This tests whether company cash proxies can be attached to the actual funded asset or project rather than remaining at consolidated-company level.,It does not prove full project/asset cash contribution for any target case; it produces one partial proxy and five holds.,capital-flow-cfnsaq-002-project-asset-cash-contribution-pass-1.md,"Move to CFNSAQ-003 for debt-service, lender allocation, source-to-use ledgers, and transaction close support."
CFEI-066,The third next-source acquisition row improves routing/payback visibility but not full capital-provider payback proof.,"The CFNSAQ-003 debt-service and lender allocation pass tests Wheaton, Cheniere, Energy Transfer, Matador, PBF, Liberty Broadband, Devon, and Plains against the current local source set. Matador, PBF, Liberty Broadband, and Devon reach partial routing/payback status. Wheaton, Cheniere, Energy Transfer, and Plains remain below named waterfall, debt-service allocation, or lender payback proof.","This tests the payback side of the user's money-movement question: whether source cash and repayments can be tied to named instruments, lenders, holders, or funded uses.",It does not prove full capital-provider payback from a named asset or project for any target case; it produces four partials and four holds.,capital-flow-cfnsaq-003-debt-service-lender-allocation-pass-1.md,"Move to CFNSAQ-004 for statutory legal-entity schedules, borrower facility files, and collateral availability."
CFEI-067,The fourth next-source acquisition row shows facility and collateral mechanics without legal-availability proof.,"The CFNSAQ-004 statutory, facility, and collateral pass tests Apollo/Athene, KKR/Global Atlantic, Ares/Frontline, Blackstone, Matador, United Rentals, and Liberty Broadband against the current local source set. Ares/Frontline, Matador, United Rentals, and Liberty Broadband reach partial facility or collateral mechanics status. Apollo/Athene, KKR/Global Atlantic, and Blackstone remain below statutory legal-entity or vehicle-to-borrower proof.","This tests whether balance-sheet capital, borrower facilities, and collateral support can be converted into legal-entity or certificate-grade source evidence.","It does not prove statutory legal-entity holdings, borrower use-of-proceeds cash paths, or certificate-level collateral availability for any target case.",capital-flow-cfnsaq-004-statutory-facility-collateral-pass-1.md,"Move to CFNSAQ-005 for return model support: IRR, NPV, ROIC, reserve life, and earned return."
CFEI-068,The fifth next-source acquisition row completes the queue with partial return proxies but no full return proof.,"The CFNSAQ-005 return model support pass tests Wheaton Antamina, FPL Distribution Inspection, United Rentals, Energy Transfer, Matador, and Plains against the current local source set. Wheaton, FPL, and United Rentals reach partial return-proxy status. Energy Transfer, Matador, and Plains remain below named project, reserve-backed, or route/asset return-model proof.","This tests the final investment-return layer after source, use, output, cash, and payback evidence are considered.","It does not prove full IRR, NPV, ROIC, reserve-life sufficiency, earned shareholder return, or financed asset-level cash return for any target case.",capital-flow-cfnsaq-005-return-model-support-pass-1.md,Build a consolidated execution synthesis across CFNSAQ-001 through CFNSAQ-005.
CFEI-069,The executed next-source acquisition queue now has a 16-case money-movement answer map.,"The CFNSAQ execution synthesis consolidates CFNSAQ-001 through CFNSAQ-005 into 16 recurring cases. Each row identifies the apparent capital provider or investor, the instrument or channel, where the money moves from, what it funds, what cash-back evidence exists, the strongest current status, executed queue evidence, missing proof, and the next decisive source.","This is the first compact answer surface for the user's big-picture question: who is investing where, how money moves, into what, and what cash comes back.","It does not prove full asset-level cash return, full customer receipts, full lender payback, or full IRR/NPV/ROIC for any case.",capital-flow-cfnsaq-execution-synthesis-pass-1.md,Convert the synthesis into a concise publication-safe answer brief.
CFEI-070,The executed CFNSAQ synthesis now has a publication-safe answer brief.,"The CFNSAQ publication-safe answer brief converts the 16-case synthesis into 8 safe answer rows covering the overall answer, Wheaton Antamina, FPL Distribution Inspection, operating conversion cases, energy and midstream boundaries, debt/refinancing mechanics, insurance/private-credit boundaries, and the upgrade rule. It also names do-not-say boundaries and decisive proof sources: receipts, billing, lender waterfalls, legal-entity schedules, collateral certificates, and return models.","This gives the front-door answer to who invests where, how money moves, what it funds, and what cash comes back without overstating the current proof.",It does not prove full asset-level cash return for any row; it is publication-safe synthesis language and a source-acquisition control.,capital-flow-cfnsaq-publication-safe-answer-brief-pass-1.md,"Run the next decisive source acquisition pass, starting with FPL customer billing/receipt support or URI collateral availability support."
CFEI-071,The named cash proof route is now an explicit source locator.,"The named cash proof source locator turns the missing proof stack into 8 document-family rows: customer receipts and billing, collateral availability certificates, debt waterfalls and payback, project or asset cash contribution, legal-entity statutory schedules, borrower facility use of proceeds, return models, and transaction funds-flow/source-use ledgers. The first public targets are FPL billing and receipt support, URI borrowing-base/collateral availability support, and Wheaton Antamina debt-waterfall plus return-model support.","This answers how to find out whether capital can be tied all the way through to named cash proof instead of stopping at AUM, backlog, capex, liquidity, route rates, or company EBITDA.",It does not itself acquire the missing documents or upgrade any case to full named cash proof.,capital-flow-named-cash-proof-source-locator-pass-1.md,"Execute the FPL billing determinant and category receipt search, then the URI borrowing-base certificate/collateral availability search."
CFEI-072,The first named-cash proof chase confirms FPL still lacks category receipt proof.,"The FPL billing determinant and category receipt proof chase checks the local SPPCRC packet for customer-cash evidence. It confirms aggregate 2025 SPPCRC clause revenue of 804.620369M USD, monthly aggregate revenue timing, approved 2026 rate-class factor authority, jurisdictional allocation mechanics, Distribution Inspection category recovery/component evidence, and a 16.579976M USD final over-recovery carry-forward request for 2027 factors. It does not find normalized billing determinants or a Distribution Inspection category receipt ledger.","This is the first execution of the named-cash-proof method against the closest public target. It narrows the missing proof from a generic receipts gap to specific billing determinant, rate-class usage, category allocation, and customer receipt workpapers.","It does not prove Distribution Inspection-specific billed revenue, collected customer cash, source-of-funds allocation, or earned project return.",capital-flow-fpl-billing-determinant-category-receipt-proof-chase-pass-1.md,"Pursue PSC 2027 SPPCRC filing attachments, billing determinant schedules, category allocation workpapers, and Form 2A-to-category revenue reconciliation."
CFEI-073,The second named-cash proof chase confirms URI has strong collateral proxies but no populated borrowing-base certificate.,"The URI borrowing-base collateral availability proof chase checks local SEC filings and targeted public sources. It confirms July 2025 ABL availability of approximately 2.428B USD, a May 31 2025 borrowing-base certificate delivery condition, a 1.000B USD minimum closing Combined Availability condition, Q2 2026 implied combined ABL plus AR availability of about 2.887B USD, 37.0% ABL draw intensity, 125.8% AR collateral-pool coverage, rental equipment NBV of 17.350B USD, and OEC of 23.8B USD. It does not find populated borrowing-base certificate values.","This executes the second named-cash-proof target and separates stated facility size, disclosed availability, and certificate-grade legal availability.","It does not prove eligible collateral, NOLV appraisal values, reserves, L/C schedules, Combined Borrowing Base, Combined Availability, or facility funding of specific fleet purchases.",capital-flow-uri-borrowing-base-collateral-availability-proof-chase-pass-1.md,"Pursue rating-agency collateral coverage detail, future 8-K certificate/collateral exhibits, lender availability schedules, or later filings that split ABL and AR availability."
CFEI-074,The third named-cash proof chase keeps Wheaton Antamina as the strongest named asset proxy but below full return proof.,"The Wheaton Antamina debt-waterfall return proof chase checks local 6-K evidence and targeted public sources. It confirms the 4.300B USD named PMPA cash use, company-level funding mix, Bank of Montreal administrative-agent term-loan context, BHP's 33.75% payable silver stream until 100M ounces then 22.5% for life of mine, a 90.0% payable factor, a 20.0% ongoing cash payment formula, H1 2026 Antamina stream economics, and reserve-life context through 2036. It does not find delivered-ounce receipts, Antamina-specific tax or interest allocation, lender-level debt service, repayment waterfall, IRR, or NPV.",This executes the third named-cash target and shows what the strongest current named asset case still lacks before it can become full cash-return proof.,"It does not prove full PMPA return, after-tax return, lender payback, debt-service coverage, reserve-backed delivery curve, IRR, or NPV.",capital-flow-wheaton-antamina-debt-waterfall-return-proof-chase-pass-1.md,"Pursue delivered-ounce schedules, PMPA closing funds-flow, term loan/lender schedule, repayment waterfall, reserve report, delivery curve, and source-backed PMPA return model."
CFEI-075,The fourth named-cash proof chase confirms energy infrastructure still stops at project-cash proxy.,"The energy midstream project cash contribution proof chase checks Cheniere and Energy Transfer against local project-cash artifacts and targeted public sources. Cheniere has Q2 2026 revenue of 5.73B USD, adjusted EBITDA of 1.80B USD, DCF of 1.17B USD, raised 2026 EBITDA guidance of 7.90B-8.40B USD, DOE/company Q2 cargo match at 184 cargoes, 640991.63 MMCF Q2 DOE volume, about 90% contracted SPL/CCL production, and about 15 years weighted-average SPA/IPM life. Energy Transfer has Q2 2026 adjusted EBITDA of 5.07B USD, DCF of 2.59B USD, growth capex of 1.10B USD, 5.6B-5.9B USD FY2026 growth-capex guidance, Nederland and Lone Star capacity additions, and long-term y-grade agreement markers.",This executes the fourth named-cash target and separates high-quality infrastructure output/cash proxies from actual named project contribution proof.,"It does not prove train, terminal, pipeline, export, or fractionation project revenue, customer/shipper billing, project EBITDA/DCF, debt-service allocation, DSCR, IRR, or return.",capital-flow-energy-midstream-project-cash-contribution-proof-chase-pass-1.md,"Pursue Cheniere entity/train waterfalls and Energy Transfer Nederland/Lone Star project revenue, shipper billing, EBITDA/DCF contribution, and debt-service allocation."
CFEI-076,The fifth named-cash proof chase finds public statutory routes but not insurance legal-entity proof.,"The insurance legal-entity statutory proof chase checks Apollo/Athene and KKR/Global Atlantic against local statutory source-route artifacts and targeted public sources. It finds public statutory filing routes for Athene and Global Atlantic and confirms Apollo/Athene liability-channel and spread proxies plus KKR/Global Atlantic public-company asset-income and credit-quality proxies. It does not extract Schedule D/BA issuer holdings, NAIC designations, statutory investment income, realized gains/losses, impairments, liability-cost spread, FHLB collateral economics, or borrower/facility destination by legal entity.",This executes the fifth named-cash target and turns the insurance/private-credit problem into a concrete statutory file acquisition task.,"It does not prove statutory legal-entity holdings, borrower allocation, liability-funded asset income, risk-adjusted spread, collateral availability, or asset-level cash return.",capital-flow-insurance-legal-entity-statutory-proof-chase-pass-1.md,"Acquire Athene and Global Atlantic statutory statement files, then extract Schedule D/BA, investment income, realized gain/loss, impairment, NAIC designation, liability-cost, and FHLB collateral schedules."
CFEI-077,The sixth named-cash proof chase makes Ares/Frontline the strongest borrower-facility marker but not full named cash proof.,"The Ares Frontline borrower facility use-proceeds proof chase checks local holder schedules, Ares borrower proof artifacts, and targeted public sources. It confirms Frontline operating-borrower context, Bain sponsor transaction context, Ares lead arranger/bookrunner role, 198.675M USD of latest Q2 2026 visible holder fair value, 76.6927M USD of Q1 2026 Ares-managed holder context, 54.300M USD of visible unfunded commitments, first-lien senior secured markers, SOFR plus 4.75%-5.00% pricing context, March 2032 maturity cluster, and a broad continued-growth use clue.",This executes the sixth named-cash target and separates real borrower/facility evidence from the legal and cash documents required for end-to-end proof.,"It does not prove total facility size, Ares-funded allocation, full lender group, exact use of proceeds, borrower cash generation, debt-service coverage, repayment, payoff, collateral package, covenant terms, or residual bank role.",capital-flow-ares-frontline-borrower-facility-use-proceeds-proof-chase-pass-1.md,"Pursue Frontline credit agreement or amendment, lender allocation schedule, debt commitment letter, funds-flow memorandum, sponsor financing memorandum, rating-agency capital-structure report, borrower financials, collateral package, UCC/security agreement support, and payoff or bank-facility termination evidence."
CFEI-078,The seventh named-cash proof chase finds three strong return proxies but no full named return model.,"The return model named cash proof chase checks Wheaton Antamina, FPL Distribution Inspection, and United Rentals against local return-route artifacts and targeted public sources. Wheaton has a 4.300B USD PMPA cash-use anchor, delivery mechanics, H1 2026 stream economics, and reserve-life context. FPL has Distribution Inspection cost, recovery component, capital-structure, and weighted-cost mechanics. URI has OEC, rental revenue, fleet productivity, EBITDA, and OCF/capex coverage. All three remain below full return proof.","This executes the seventh named-cash target and separates bounded return proxies from actual IRR, NPV, ROIC, earned-return, or lifecycle cash-yield evidence.","It does not prove delivered-ounce receipts, category customer receipts, source-to-purchase allocation, tax allocation, interest allocation, debt-service waterfall, reserve-backed delivery curve, earned ROE, lifecycle fleet ROIC, full IRR, full NPV, or asset-level cash return.",capital-flow-return-model-named-cash-proof-chase-pass-1.md,"Pursue Wheaton delivery/reserve/IRR support, FPL billing determinant and earned-return workpapers, and URI fleet-class ROIC, borrowing-base certificate, and source-to-purchase allocation support."
CFEI-079,The eighth named-cash proof chase covers transaction funds-flow and keeps all four cases below closing-ledger proof.,"The transaction funds-flow named cash proof chase checks PBF, Matador, Devon, and Liberty Broadband against local transaction-route artifacts and targeted public sources. PBF has 500.0M USD 2034 notes, 492.1M USD net proceeds, 801.6M USD 2028 note redemption, and available-cash bridge evidence. Matador has the 1.160B USD BLM Acquisition context and more than 200M USD of borrowings associated with the Federal lease sale repaid from cash-flow generation. Devon has H1 2026 statement-level sources and uses of 6.451B USD. Liberty Broadband has 966M USD debenture-retirement evidence using Margin Loan Facility proceeds and restricted cash.",This executes the eighth named-cash target and completes chase coverage for all eight named proof layers.,"It does not prove final closing funds-flow, exact source priority, fee and tax treatment, settlement allocation, cash-on-hand split, debt-close treatment, post-transaction liquidity effect, asset-level cash contribution, or final economic return.",capital-flow-transaction-funds-flow-named-cash-proof-chase-pass-1.md,"Pursue redemption settlements, closing statements, borrowing notices, funds-flow memoranda, treasury ledgers, payoff letters, LTV certificates, and post-transaction liquidity or asset-return schedules."
CFEI-080,The named cash proof execution matrix ranks the closest proof candidates and their decisive missing documents.,"The named cash proof execution status matrix consolidates the eight named-cash proof chases into an 8 row ranked matrix. It ranks Wheaton Antamina first as the strongest named asset return proxy, FPL Distribution Inspection second as the strongest regulated recovery proxy, PBF third as the cleanest transaction source/use proxy, United Rentals fourth as the strongest collateral and fleet-cash proxy, Ares/Frontline fifth as the strongest private-credit borrower marker, Cheniere sixth as the strongest energy output cash proxy, Matador seventh as the best acquisition borrowing paydown proxy, and Apollo/Athene plus KKR/Global Atlantic eighth as the highest-value statutory legal-entity targets.",This converts proof-chase output into an acquisition program with decisive document targets for each ranked case.,"It does not promote any case to full named cash proof; receipts, billing determinants, lender waterfalls, credit agreements, closing statements, legal-entity schedules, collateral certificates, and return models remain required.",capital-flow-named-cash-proof-execution-status-matrix-pass-1.md,"Run acquisition passes against the top three upgrade candidates first: Wheaton Antamina delivery/debt/return support, FPL billing/receipt/earned-return workpapers, and PBF redemption settlement/source-use bridge."
CFEI-081,The top-three acquisition packet improves PBF but still finds no full named cash proof.,"The top-three named cash source acquisition packet executes against Wheaton Antamina, FPL Distribution Inspection, and PBF refinancing. Wheaton gains first-delivery timing and production-profile context but still lacks delivered-ounce receipts, lender waterfall, tax/interest allocation, and IRR/NPV. FPL confirms the PSC SPPCRC factor and revenue-requirement route but still lacks Distribution Inspection billing determinants and category receipt support. PBF improves to completed-redemption-visible status because its Q2 2026 10-Q says all 801.6M USD of 2028 notes were redeemed on June 25 2026 using 2034 note proceeds and available cash.",This turns the ranked matrix into a concrete source acquisition packet and identifies PBF as the closest next settlement-document pull.,"It does not prove full named cash proof for any top-three case; settlement ledgers, receipts, billing determinants, lender waterfalls, and return models remain missing.",capital-flow-top-three-named-cash-source-acquisition-packet-pass-1.md,"Pull PBF trustee redemption settlement and accrued-interest support first, then Wheaton delivered-ounce/lender waterfall support and FPL billing determinant/category receipt workpapers."
CFEI-082,"PBF is upgraded to completed-redemption source/use visible, but still below settlement-ledger proof.","The PBF redemption settlement bridge consolidates PBF's Q2 2026 filing, note-economics pass, insurance-normalized cash pass, and pro forma debt-service/refinery-cash pass. It confirms 500.0M USD of 2034 7.25% senior notes, 492.1M USD of net proceeds after initial purchasers' discount and offering expenses, redemption of all 801.6M USD of 2028 6.00% senior notes on June 25 2026 using the new-note proceeds and available cash, a minimum 309.5M USD available-cash bridge before accrued interest, 301.6M USD principal reduction, 11.846M USD simple annual coupon relief, 7.9M USD deferred financing costs and other net, 2.2M USD loss on extinguishment, and company cash support around the refinancing period.","This is the closest current source/use upgrade because the debt destination is now completed, not merely planned or conditional.","It does not prove trustee settlement, exact accrued-interest cash, final cash-on-hand split, fee amortization, tax treatment, ABL availability effect, refinancing NPV, or refinery-level return.",capital-flow-pbf-redemption-settlement-bridge-pass-1.md,"Pull trustee redemption settlement, accrued-interest schedule, treasury cash bridge, debt issuance cost rollforward, tax treatment, ABL availability support, and refinery-level cash contribution."
CFEI-083,"Wheaton Antamina improves to post-close production visible, but delivered-cash receipt proof remains missing.","The Wheaton Antamina production receipt bridge checks the next delivery/receipt target after the top-three acquisition packet. Public Q2 2026 materials show Antamina produced 2.3M attributable silver ounces in Q2 2026, up 56% year over year, with the increase primarily driven by the newly acquired BHP Antamina PMPA that raised Wheaton's Antamina silver production share from 33.75% to 67.5% effective April 1 2026. The bridge also preserves the 4.300B USD PMPA payment, 20% ongoing payment formula, 90% payable factor, H1 2026 Antamina stream economics, and debt-channel context.",This upgrades Wheaton from first-delivery timing context to actual post-close production evidence tied to the BHP PMPA share increase.,"It does not prove delivered ounces, sold ounces, invoices, settlement cash, realized price, BHP PMPA-only ounce separation, tax allocation, interest allocation, lender waterfall, IRR, or NPV.",capital-flow-wheaton-antamina-production-receipt-bridge-pass-1.md,"Pull Antamina delivered/sold ounce tables, BHP PMPA-only ounce separation, invoice or settlement support, realized price bridge, 20% payment reconciliation, lender waterfall, and reserve-backed IRR/NPV model."
CFEI-084,FPL category receipt proof remains blocked at billing determinants and category receipt workpapers.,"The FPL category receipt workpaper bridge checks the next PSC/workpaper target after the top-three acquisition packet. It confirms the legal SPPCRC route and required file family: annual cost recovery proceedings, final true-up, estimated true-up, projected costs, proposed factors, program/project detail, and separate subaccounts. The local FPL packet already shows 193199 Distribution Inspection projects, 61.500000M USD actual cost, 38.320627M USD final expenditures, 22.263219M USD plant additions, 15.942971M USD final recoverable amount, 804.620369M USD aggregate SPPCRC clause revenue, 65.318726M USD true-up collected/refunded, 16.579976M USD final over-recovery, and factor authority.","This narrows FPL's next source need to billing determinant, rate-class usage, category allocation, subaccount, and receipt workpapers rather than another aggregate recovery filing.","It does not prove Distribution Inspection-specific billing determinants, billed customer revenue, collected cash, source-of-funds allocation, actual earned ROE, or project-level return.",capital-flow-fpl-category-receipt-workpaper-bridge-pass-1.md,"Pull FPL SPPCRC billing determinant workpapers, revenue-requirement-to-factor calculations, Distribution Inspection category allocation support, customer billed/collected revenue support, subaccount ledgers, source-of-funds allocation, and earned-return workpapers."
CFEI-085,URI remains the strongest collateral/fleet-cash proxy but not certificate-grade return proof.,"The URI collateral fleet return bridge joins the borrowing-base/collateral trail to the fleet-return trail. It confirms July 2025 ABL availability of about 2.428B USD, a May 31 2025 borrowing-base certificate delivery condition, a 1.000B USD minimum closing Combined Availability condition, Q2 2026 implied ABL plus AR availability of about 2.887B USD, 37.0% ABL draw intensity, 125.8% AR collateral-pool coverage, 17.350B USD rental equipment NBV, 23.8B USD OEC, 3.849B USD Q2 rental revenue, H1 OCF coverage of 112.8% of gross rental capex and 162.0% of net fleet cash investment, 11.8% company ROIC, and a 26.4% Specialty gross-profit/assets proxy.",This consolidates URI as the best public collateral/fleet cash proxy and makes the decisive certificate-plus-return source package explicit.,"It does not prove populated borrowing-base certificate values, eligible collateral, NOLV, reserves, L/C schedules, source-to-purchase allocation, fleet-class utilization, lifecycle ROIC, IRR, NPV, or named cash return.",capital-flow-uri-collateral-fleet-return-bridge-pass-1.md,"Pull URI borrowing-base certificate, collateral availability report, eligible rental-equipment NBV/NOLV schedule, reserve and L/C schedule, source-to-purchase allocation, fleet-class utilization/rate/time/mix, and lifecycle return model."
CFEI-086,Ares/Frontline improves to acquisition-facility-role visible but not borrower cash waterfall proof.,"The Ares Frontline facility cash waterfall bridge adds the Q1 2025 public Ares acquisition-facility clue to the existing Q2 2026 continued-growth clue. Ares served as lead arranger and bookrunner for a senior secured credit facility supporting Bain Capital's acquisition of Frontline and later Bain's continued growth plans. Local SEC holder schedules show 198.675M USD of latest Q2 2026 visible Frontline funded fair value, 76.6927M USD of Q1 2026 Ares-managed holder context, 54.300M USD of visible unfunded commitments, first-lien senior secured markers, SOFR plus 4.75%-5.00% pricing context, selected PIK rows, and a March 2032 maturity cluster.",This sharpens Ares/Frontline from generic borrower marker to acquisition-facility-role visible while keeping the proof boundary strict.,"It does not prove total facility size, Ares-funded allocation, full lender group, use-of-proceeds funds-flow, collateral package, borrower EBITDA, free cash flow, debt-service receipts, repayment, payoff, covenant terms, or bank replacement.",capital-flow-ares-frontline-facility-cash-waterfall-bridge-pass-1.md,"Pull Frontline credit agreement, lender allocation schedule, acquisition debt commitment letter, closing funds-flow memorandum, prior debt payoff evidence, collateral/security/UCC package, borrower financials, and interest/principal receipt schedule."
CFEI-087,Cheniere improves to entity-waterfall-mechanics visible but not train cash proof.,"The Cheniere entity DSCR waterfall bridge adds public-route evidence that SPL and CCH cash received is deposited into collateral-trustee controlled reserve accounts for project liabilities and restricted payments, and that distributions generally require debt-service reserves plus historical and projected DSCR of at least 1.25:1.00. The pass preserves Q2 2026 revenue of 5.73B USD, adjusted EBITDA of 1.80B USD, DCF of 1.17B USD, 184 exported LNG cargoes, 672 TBtu of exports, DOE-aligned cargo evidence, about 90% contracted anticipated SPL/CCL production, about 15 years weighted-average SPA/IPM life, CPC Taiwan volume up to 1.2 mtpa, Train 6 substantial completion, funding-mix evidence, and entity debt buckets.",This upgrades Cheniere from contracted LNG output bridge visible to entity-waterfall-mechanics visible while keeping train-level cash proof separate.,"It does not prove train-level customer receipts, SPA invoice cash, cargo-to-contract revenue, restricted-account balances, actual DSCR calculations, entity distributions, debt-service coverage, project EBITDA/DCF, IRR, NPV, or return.",capital-flow-cheniere-entity-dscr-waterfall-bridge-pass-1.md,"Pull SPL/CCH trustee reports, restricted-account schedules, debt-service reserve balances, DSCR certificates, restricted-payment schedules, cargo-to-contract revenue attribution, train/entity EBITDA and DCF, SPA invoice/receipt support, and project finance return models."
CFEI-088,Energy Transfer Nederland improves to committed-capacity visible but not project cash proof.,"The Energy Transfer Nederland contract cash bridge adds the June 2026 public Nederland expansion evidence to the existing ET project-cash trail. Public material says the Nederland NGL Export Terminal expansion is fully subscribed and 100% of the 240000 bpd ethane export capacity is committed under long-term agreements into the 2040s. The same route preserves 55000 bpd of additional LPG capacity, expanded Mont Belvieu-to-Nederland pipeline capacity, two additional NGL ship docks, Lone Star Express upgrades with more than 90000 bpd of incremental Permian NGL takeaway, about 300000 bpd of y-grade transportation/fractionation agreements into the 2030s, Q2 2026 adjusted EBITDA of 5.07B USD, DCF of 2.59B USD, growth capex of 1.10B USD, and funding-wrapper evidence.",This upgrades ET from named-capacity/company-cash proxy visible to Nederland committed-capacity visible while keeping named-project cash proof separate.,"It does not prove customer/shipper identity, rates, take-or-pay economics, billing volume, utilization, project cost, funding allocation, project revenue, EBITDA, DCF contribution, debt-service allocation, DSCR, IRR, NPV, or named-project cash return.",capital-flow-energy-transfer-nederland-contract-cash-bridge-pass-1.md,"Pull Nederland customer contracts, shipper commitment summaries, tariff/fee schedules, project capital schedule, utilization and throughput reports, project revenue, EBITDA, DCF contribution, source-to-project allocation, debt-service allocation, DSCR, IRR, NPV, and cash receipt records."
CFEI-089,Matador improves to asset-use inventory visible but not reserve-backed asset cash proof.,"The Matador BLM borrowing-base asset cash bridge joins 3.25B USD borrowing base, 2.75B USD elected commitments, 939M USD borrowings, 53.8M USD letters of credit, 2.154B USD H1 draws, 1.613B USD H1 repayments, 750M USD senior-note issuance, 1.407674B USD H1 OCF, 745.343M USD development capex, 1.228834B USD oil-and-gas acquisitions, a May 2026 Federal lease acquisition of 5154 net undeveloped acres, nine or more prospective formations, over 141 net operated locations, and over 200M USD of borrowing repayment context associated with the Federal lease sale.","This upgrades Matador from aggregate source/use reconciliation to asset-use inventory visible with a lease-borrowing paydown clue, which is closer to named cash proof but still below it.","It does not prove BLM closing funds-flow, borrowing notices, lender allocation, reserve values, well-level production, LOE, realized pricing, cash margin, debt-service allocation, IRR, NPV, or asset-level return.",capital-flow-matador-blm-borrowing-base-asset-cash-bridge-pass-1.md,"Pull BLM closing funds-flow, borrowing notices, lender schedule, reserve report or engineering deck, well-level production, asset-area LOE, realized pricing, cash margin, debt service, IRR, NPV, and payback support."
CFEI-090,"Matador's public source route is mapped, but named cash proof is not publicly available yet.","The Matador named cash proof source availability pass checks BLM, ePlanning, Matador, SEC amendment, and credit-agreement routes. It confirms BLM May 2026 sale-results routing, aggregate BLM sale receipts of about 4.007944870B USD, the Pecos ePlanning Sale Results category, Matador's 5154 net-acre asset inventory, the 200M+ lease-borrowing repayment clue, 3.25B USD borrowing base, 2.75B USD elected commitments, and reserve-report/collateral certificate mechanics.",This converts the next step from generic research into a document-acquisition verdict: we know where the proof should live and which public layers fail to expose it.,"It does not find BLM parcel-level closing funds-flow, borrowing notices, lender allocation, populated borrowing-base certificate, reserve values, asset cash margin, debt service, IRR, NPV, or payback.",capital-flow-matador-named-cash-proof-source-availability-pass-1.md,"Download or request BLM sale results and parcel award records; search NFLSS; pull Matador credit-agreement exhibits; treat borrowing notices, reserve reports, certificates, closing funds-flow, and asset cash-margin schedules as non-public until surfaced."
CFEI-091,"FPL's current PSC docket improves the named receipt route, but cash-all-the-way-through is still not found.","The FPL 2026 docket billing receipt source availability pass checks current PSC Docket 20260010-EI and finds 138 filing records, FPL petition DN 02558-2026, Pankratz project/program testimony DN 02559-2026, Epperson factor testimony DN 02560-2026, amended Form 4P/Form 5P support DN 03227-2026, aggregate 1.000979763B USD SPPCRC clause revenue, projected sales and billed-kW factor support, and discovery/response routes.","This is the cleanest public-path answer to whether named receipts can be found for FPL: the route exists and the factor/billing-base support is visible, but the decisive receipt and source/use/return schedules are still missing.","It does not prove Distribution Inspection-specific billing determinants, billed or collected customer cash, category receipt ledger, source-of-funds allocation, legal-entity funding waterfall, collateral/funding certificate, earned ROE, IRR, NPV, payback, or full named cash return.",capital-flow-fpl-2026-docket-billing-receipt-source-availability-pass-1.md,"Pull non-confidential discovery responses, POD attachments, confidentiality indexes, Form 4P/Form 5P workpapers, actual billed/collected SPPCRC support, Distribution Inspection subaccount ledger, source-of-funds schedules, and earned-return workpapers."
CFEI-092,"FPL's discovery/audit path is visible, but the public PDFs sampled are still route evidence rather than named cash proof.","The FPL 2026 discovery audit receipt proof route pass checks staff and Panama City discovery requests, FPL response/objection notices, and the FPL SPPCRC audit report in Docket 20260010-EI. It records DN 02990-2026, 03047-2026, 03261-2026, 03396-2026, 03451-2026, 03417-2026, 03676-2026, 03825-2026, 04149-2026, 04150-2026, 04505-2026, 04795-2026, 05040-2026, and 05260-2026. The audit report states no confidential workpapers were associated with that audit.","This narrows the acquisition map: the decisive material likely sits in actual served responses, POD attachments, confidentiality indexes, hearing exhibits, or later staff workpapers, not in the public notices themselves.","It does not prove billing determinants, billed or collected customer receipts, Distribution Inspection category allocation, source-of-funds allocation, legal-entity waterfall, collateral/funding certificate, earned ROE, IRR, NPV, payback, or full named cash return.",capital-flow-fpl-2026-discovery-audit-receipt-proof-route-pass-1.md,"Pull actual FPL discovery responses, POD productions, confidentiality indexes, non-confidential appendices, hearing exhibits, staff recommendations, and any later factor-order record that incorporates discovery-derived schedules."
CFEI-093,"FPL's PSC public API route is exhausted at metadata and visible PDFs, not named cash proof.","The FPL PSC API document access boundary pass identifies the PSC app's PSCDocketFilingsDetails and DocketDetailsByDocumentNumber endpoints. It confirms 138 filing records for Docket 20260010-EI and document-number lookup for DN 03417-2026 returning document id 467097, description, file metadata, and public PDF link. It also checks sampled request notices, response notices, confidential inventories, and the FPL audit workpaper route.","This adds a stop rule: repeated public API probing should not be confused with source acquisition. The next upgrade requires actual discovery packages, POD attachments, confidentiality indexes, hearing exhibits, staff workpapers, a records request, or party-file material.","It does not prove hidden attachments, served answers, produced workpapers, billing determinants, billed or collected receipts, category allocation, source-of-funds allocation, legal-entity waterfall, collateral/funding certificate, earned ROE, IRR, NPV, payback, or full named cash return.",capital-flow-fpl-psc-api-document-access-boundary-pass-1.md,"Stop re-querying the same public endpoints; pursue actual served discovery responses, POD productions, docket-specific confidentiality indexes, hearing exhibits, staff recommendations, public-records request output, or intervenor files."
CFEI-094,"Wheaton Antamina improves to combined-stream cumulative received/sold and cash-flow evidence, but BHP-only receipt proof still holds.","The Wheaton Antamina cumulative received/sold cashflow pass uses the Q2 2026 MD&A mineral-stream table to extract the combined Antamina Glencore/BHP row: 67.50% attributable production, 20% production payment, 5.200000B USD upfront consideration paid to June 30 2026, 1.171862B USD cash flow generated to date, 56.718M silver ounces received and sold to date, and 1.412M Q2 PBND. It also keeps the existing Q2 production and H1 Antamina stream economics in the bridge.","This is a real bounded upgrade because Antamina now has source-reported cumulative units received/sold and cash flow generated for the named combined stream, not merely production or contract terms.","It does not isolate the BHP PMPA from the legacy Glencore stream and does not prove BHP-only delivered ounces, invoices, settlement cash, realized price, tax allocation, interest allocation, lender waterfall, IRR, NPV, payback, or full PMPA return.",capital-flow-wheaton-antamina-cumulative-received-sold-cashflow-pass-1.md,"Pull BHP PMPA-only delivery and sales schedules, Glencore/BHP split, invoice/settlement records, cash receipt timing, PBND rollforward, realized price support, tax/interest allocation, debt-service schedule, and source-backed return model."
CFEI-095,"BHP confirms receipt and liability treatment for Wheaton's Antamina stream proceeds, but named use remains unallocated.","The BHP Antamina streaming proceeds/use boundary pass extends the Wheaton Antamina money path to the recipient side. BHP's FY2026 Annual Report says BHP received 4.300B USD from Wheaton on April 2 2026, records 4.300B USD as proceeds from streaming arrangement liability, reports 41M USD of settlements of streaming arrangement liability, classifies the stream as an IFRS 9 other financial liability at amortised cost, and says settlement occurs through metal credits with no minimum or fixed delivery requirements.",This moves the graph from one-sided payer/use evidence to a two-sided transaction bridge: Wheaton paid and BHP received/accounted for the stream proceeds.,"It does not prove BHP's named use of proceeds, debt repayment trace, capex allocation, dividend or buyback allocation, Antamina reinvestment, delivery settlement ledger, IRR, NPV, payback, or full cash-all-the-way-through.",capital-flow-bhp-antamina-streaming-proceeds-use-boundary-pass-1.md,"Pull BHP treasury source/use schedule, debt repayment trace, capital allocation memo, streaming liability rollforward, metal-credit delivery ledger, 20% spot-price settlement support, Antamina production forecast, reserve/resource model, discount rate, and liability valuation model."
CFEI-096,"Named cash proof now has a 12-gate promotion matrix, and no case should pass while any gate is proxy-only.","The named cash proof requirements matrix converts the cash-all-the-way-through standard into 12 gates: payer cash out, recipient cash receipt, legal-entity booking, source-to-use allocation, debt waterfall and lender allocation, billing and customer receipts, collateral availability, project or asset cash contribution, settlement and delivery ledger, return model, working-capital collection, and full joined proof.",This turns the big-picture question into an execution rule: the next pass should not ask whether a company looks interesting; it should ask which exact missing proof gate blocks promotion and what document family can clear it.,"It does not itself acquire new primary proof, and it does not promote Wheaton/BHP Antamina, FPL, PBF, URI, Ares/Frontline, Cheniere, Matador, or insurance statutory cases to full named cash proof.",capital-flow-named-cash-proof-requirements-matrix-pass-1.md,"Run the Antamina proof package acquisition first, then FPL billing/receipt workpapers, then PBF redemption settlement support; promote only if a named row joins source, recipient, legal entity, use, receipt or settlement, payback/legal availability, and return."
CFEI-097,"Antamina remains the lead named-cash candidate after acquisition, but full proof still breaks at use, settlement, waterfall, and return.","The Antamina proof package acquisition pass checks current public BHP, Wheaton, SEC, and counsel sources. It confirms Wheaton payer cash out, BHP recipient receipt, legal channel, delivery obligation, metal-credit settlement mechanic, first delivery timing and occurrence, combined stream cash-back proxy, and Wheaton financing channel including the 1.500B USD term facility route.",This is the first clean application of the 12-gate requirements matrix to one named case: it shows exactly which gates are found and which gates still block promotion.,"It does not prove BHP use of proceeds, PMPA-only invoice or settlement cash, lender-level debt waterfall, Antamina-specific tax or interest allocation, IRR, NPV, payback, or full cash-all-the-way-through.",capital-flow-antamina-proof-package-acquisition-pass-1.md,"Acquire BHP treasury source/use support, full or sufficient PMPA legal extracts, PMPA-only metal-credit ledger, Wheaton term-loan agreement and lender schedule, borrowing notices, repayment waterfall, and source-backed Antamina return model."
CFEI-098,"PBF refinancing now has a tighter public settlement cash proxy, but not trustee settlement or refinancing-value proof.","The PBF proof package acquisition pass uses SEC 8-K, 10-Q, and indenture evidence to bridge 500.0M USD of 2034 notes, 492.1M USD of net proceeds, 801.6M USD of 2028 note principal redeemed, 2028 note interest dates and 30/360 convention, an about 17.368M USD derived accrued-interest proxy, an about 818.968M USD total redemption cash proxy, and an about 326.868M USD available-cash bridge proxy.",This is the cleanest transaction-cash tightening so far: it turns the PBF case from principal-only redemption evidence into a bounded principal-plus-accrued-interest settlement proxy.,"It does not prove trustee settlement cash, paying-agent transfer, exact available-cash source, fee amortization, tax treatment, ABL availability, after-tax NPV, or refinery-level return.",capital-flow-pbf-proof-package-acquisition-pass-1.md,"Acquire trustee redemption statement, paying-agent confirmation, exact accrued-interest cash, treasury source/use ledger, fee amortization, tax treatment, pro forma debt-service/NPV model, ABL borrowing-base certificate, and refinery-level normalized cash contribution."
CFEI-099,"FPL has the clearest public regulated-recovery route, but named customer-cash proof is still missing.","The FPL proof package acquisition pass checks the current PSC SPPCRC route and confirms live public PDF access for petition DN 02558-2026, Pankratz program testimony DN 02559-2026, Epperson factor support DN 02560-2026, amended factor support DN 03227-2026, audit report DN 03417-2026, and later response/objection route DN 05260-2026. Local extraction already records 1.000979763B USD aggregate SPPCRC clause revenue and Distribution Inspection category cost/recovery proxies including 193199 projects, 61.5M USD actual cost, 38.320627M USD final expenditures, and 22.263219M USD final additions to plant.","This gives the best current answer to whether receipts/billing can be found publicly: the route and proxies are strong, but the decisive named-cash package is still absent from the public layer.","It does not prove Distribution Inspection-specific billed or collected customer cash, category receipt allocation, source-of-funds allocation, legal-entity funding waterfall, collateral or funding certificate, earned return, IRR, NPV, payback, or full named cash return.",capital-flow-fpl-proof-package-acquisition-pass-1.md,"Acquire actual FPL discovery answers and POD productions, non-confidential Form 4P/Form 5P appendices, confidentiality indexes, billed/collected SPPCRC revenue by rate class/month, Distribution Inspection category allocation ledger, legal-entity funding schedule, and earned-return workpapers."
CFEI-100,"The next named-cash work is source-package acquisition, not broader screening.","The named cash proof decisive source request packet converts the current proof gaps into 12 request-grade rows: FPL customer receipts, FPL earned return, Wheaton/BHP PMPA settlement cash, Wheaton lender waterfall, Wheaton return model, PBF trustee settlement, PBF value model, URI collateral availability, URI fleet-class return, Ares/Frontline borrower cash, insurance legal-entity cash, and energy project cash waterfalls.","This turns the big-picture question into an operational acquisition program: each row names likely controllers, decisive source packages, promotion tests, hold tests, and the next action.",It does not acquire new primary source documents and does not promote any case to full cash-all-the-way-through proof.,capital-flow-named-cash-proof-decisive-source-request-packet-pass-1.md,"Execute the FPL records-request checklist first, then PBF/Wheaton trustee and lender packages, then URI certificate and return-model support."
CFEI-101,"The sprint's final takeaway is strong but bounded: the map is proven, the full named cash loop is not.","The named cash proof wrap-up insights pass consolidates the requirements matrix, execution status matrix, decisive source request packet, FPL proof package, Antamina proof package, PBF proof package, and the broader evidence-backed insights into 12 final takeaways. It identifies the core routing thesis, strongest partial bridges, recurring missing source families, safe claims, do-not-say boundaries, and next acquisition path.","This is the right wrap-up level: the research can now say who the strongest candidates are, where money appears to move, which cash/proxy evidence exists, and which documents must be acquired next.","It does not promote any case to full named-cash proof and does not replace the need for actual receipts, settlement ledgers, debt waterfalls, legal-entity schedules, collateral certificates, source-to-use ledgers, or return models.",capital-flow-named-cash-proof-wrapup-insights-pass-1.md,"Use the wrap-up as the sprint conclusion and start the next phase with targeted FPL records/POD workpapers, Wheaton/PBF lender and trustee packages, URI certificates, and insurance statutory schedules."
CFEI-102,"The controlling end-to-end goal is now explicit: map the big routers, then prove selected named cash loops.","The big-money named-cash end-to-end goal pass defines two layers: a big-money-player map for BlackRock, Blackstone, Apollo/Athene, KKR/Global Atlantic, Brookfield, Ares, Carlyle, and comparison channels; and a named-cash proof layer that requires source, wrapper, instrument, recipient, use, output, receipt/settlement, payback/legal availability, and return.","This gives the next phase a single objective instead of scattered artifact creation: first explain who controls the money and where it is going, then prove or hold selected examples with documents.",It does not itself acquire new primary documents and does not prove a full named cash loop.,capital-flow-big-money-named-cash-end-to-end-goal-pass-1.md,"Build the big-money-player map, attach named proof chases to each router/lane, and execute FPL, Wheaton/PBF, URI, and insurance source packages."
CFEI-103,"The seven big money routers are mapped, but the map supports bridge claims rather than full cash-loop proof.","The big-money player map covers BlackRock, Blackstone, Apollo/Athene, KKR/Global Atlantic, Brookfield, Ares, Carlyle, and comparison channels. Each row identifies money source, main wrappers, destination lanes, best named proof chase, current proof level, missing proof, and safe claim.",This connects the macro capital-routing question to the named-cash proof program: every big router now has an assigned proof lane and a concrete missing-document boundary.,"It does not prove platform dollars funded a specific borrower/project or that cash returned through receipts, settlement, waterfall, legal entity, collateral certificate, or return model.",capital-flow-big-money-player-map-pass-1.md,"Build the destination-lane map next, then attach one best named proof chase to each platform/lane."
CFEI-104,The destination lanes show what the real economy is absorbing from the big routers.,"The big-money destination lane map groups the routers into 10 lanes: private credit/direct lending, insurance and retirement yield, data centers and AI power, infrastructure and real assets, private companies and rollups, fleet and collateral systems, secondaries and private-market liquidity, wealth alternatives, regulated recovery, and refinancing/debt reshaping. Each lane names main routers, money sources, funded assets/uses, operating beneficiaries, best named proof chase, proof level, missing proof, decisive document family, and safe claim.","This flips the analysis from platform identity to economic destination, which is the right unit for finding operating beneficiaries and proof-rich cases.","It does not prove full named cash loops inside the lanes; each lane still needs receipts, settlement ledgers, debt waterfalls, legal-entity schedules, collateral certificates, project cash, or return models.",capital-flow-big-money-destination-lane-map-pass-1.md,Select one best platform-lane proof chase next and build the source-package tracker for it.
CFEI-105,The big-money maps now have an execution queue: one best named proof chase per platform or comparison lane.,"The platform proof chase matrix adds 12 rows connecting BlackRock/HPS, Blackstone, Apollo/Athene, KKR/Global Atlantic, Brookfield, Ares, Carlyle, FPL, PBF, URI, Wheaton/BHP Antamina, and energy project channels to specific named proof chases and decisive document families.","This turns the broad question from 'who is investing where' into an executable proof plan: borrower credit files, statutory legal-entity schedules, project waterfalls, billing receipts, trustee settlements, collateral certificates, and return models.",It still does not prove full cash loops; the matrix selects the cases and documents required to prove or hold them.,capital-flow-platform-proof-chase-matrix-pass-1.md,"Execute the highest-leverage source package first: Ares/Frontline borrower cash, FPL billing receipts, Antamina settlement/waterfall, or one BlackRock/HPS named borrower case."
CFEI-106,The seven big-money routers now have a router-specific source acquisition queue.,"The big-money platform source acquisition queue ranks Ares/Frontline, Apollo/Athene, KKR/Global Atlantic, Blackstone, BlackRock/HPS, Brookfield, Carlyle/AlpInvest, and comparison proof patterns by the first document package that could move each from map evidence to named cash proof.","This makes the next step operational: choose whether to pursue the nearest borrower-cash proof route, the highest-value insurance statutory route, or a platform-specific private-credit/project route.","It does not acquire the controlled documents and does not prove platform dollars reached named cash receipts, legal-entity income, collateral availability, debt waterfalls, or returns.",capital-flow-big-money-platform-source-acquisition-queue-pass-1.md,Start with Ares/Frontline facility documents for nearest borrower proof or Apollo/Athene statutory schedules for highest-value insurance-liability proof.
CFEI-107,Ares/Frontline public-source acquisition improves route confidence but confirms the decisive documents are still missing.,"The Ares/Frontline public source acquisition attempt checks Bain, Sterling, Kirkland, Ares/PRNewswire, SEC holder schedules, and public web routes. It confirms the sponsor transaction, completed sale, Ares lead-arranger/bookrunner role, and holder-schedule visibility, but does not find the credit agreement, lender schedule, funds-flow, borrower receipt, collateral package, borrower financials, repayment ledger, payoff letter, or bank-role proof.",This tells us the nearest private-credit borrower chase is probably a controlled-document request rather than a simple public extraction.,"It does not prove facility size, Ares-funded allocation, use of proceeds, borrower cash generation, debt-service receipts, repayment, payoff, collateral, or bank replacement.",capital-flow-ares-frontline-public-source-acquisition-attempt-pass-1.md,Move Ares/Frontline to controlled-document request status and pursue Apollo/Athene statutory schedules as the next public-source-heavy route.
CFEI-108,"Apollo/Athene now has one core statutory source acquired locally, but extraction is still pending.","The Apollo/Athene statutory source acquisition pass uses the official Athene statutory filings page and downloads the year-end 2025 Athene Annuity and Life Company statutory statement locally. The file is about 212M and pypdf reports 9,612 pages, making targeted Schedule D/BA and investment-income extraction the next required step.",This is the first concrete move from insurance-channel proxy evidence toward legal-entity statutory proof for one of the major capital routers.,"It does not yet prove Schedule D/BA holdings, NAIC designations, statutory investment income, realized gains/losses, impairments, liability-cost spread, borrower destination, or asset-level cash return.",capital-flow-apollo-athene-statutory-source-acquisition-pass-1.md,"Build a targeted parser/page-range locator for Schedule D, Schedule BA, investment income, liabilities, capital/surplus, and credit-quality pages."
CFEI-109,The Athene statutory source is now schedule-located for targeted extraction.,"The Apollo/Athene statutory schedule locator uses the PDF outline and targeted page reads to identify proof zones in the 9,612-page Athene Annuity and Life Company 2025 statutory statement: assets page 3, liabilities page 4, summary operations page 5, cash flow page 6, net investment income page 18, IMR/AVR pages 99-100, Schedule BA/D verification pages 450-452, Schedule BA detail starting at 5813, and Schedule D detail starting at 5836.","This changes the next step from vague 'parse the statutory PDF' work into precise schedule extraction ranges for holdings, income, credit quality, liabilities, and spread work.",It still does not extract the holdings or prove legal-entity asset cash return; it only locates the pages/ranges to extract.,capital-flow-apollo-athene-statutory-schedule-locator-pass-1.md,"Build the targeted Schedule D/BA and investment-income parser for pages 3-6, 18, 99-100, 450-452, 5813-5835, and 5836-6336."
CFEI-110,Apollo/Athene now has summary statutory extraction for one legal entity.,"The Apollo/Athene statutory compact extraction pass extracts 30 rows from compact Athene Annuity and Life Company pages: 158.852395199B USD Schedule D bonds, 84.664838463B USD first-lien mortgage loans, 17.387119006B USD Schedule BA net admitted assets, 110.615749220B USD life reserves, 64.259784362B USD deposit-type contract liabilities, 12.732699320B USD net investment income, 20.789852294B USD net cash from operations, 85.388493720B USD issuer-credit obligations, 73.463901477B USD asset-backed securities, and 72.140293824B USD consideration for bond/stock disposals.","This is the first real statutory bridge from Apollo/Athene insurance liabilities to legal-entity assets, investment income, cash flow, and statutory asset-risk reserves.","It remains summary proof only; issuer-level Schedule D/BA holdings, NAIC designations by holding, borrower destinations, liability-cost spread, and asset-level cash return are still pending.",capital-flow-apollo-athene-statutory-compact-extraction-pass-1.md,"Extract Schedule D issuer-credit obligations, Schedule D asset-backed securities, Schedule BA holdings, and legal-entity spread bridge next."
CFEI-111,Athene statutory detail pages can produce named CUSIP and issuer rows.,"The Apollo/Athene statutory detail sample extraction pulls named rows from Schedule BA Part 1, Schedule BA Part 2, Schedule D issuer-credit obligations, and Schedule D asset-backed securities. Sample rows include AP Aristotle, AP Chia, AP Pistachio, 1211 Avenue of the Americas, Ashford Hospitality Trust, Morgan Stanley Capital I Trust, AP Grange, Ace Credit Fund, U.S. Treasury bonds, and GNMA securities with cost, fair value, book value, NAIC designation, income or interest received, impairment, acquisition, and maturity fields where visible.","This proves the statutory source can move beyond summary lines into named holding-level extraction, which is essential for tracing insurance liabilities into actual assets.","It is still only a sample; the full Schedule D/BA population, borrower matching, liability-cost spread, and asset-level return model are not complete.",capital-flow-apollo-athene-statutory-detail-sample-extraction-pass-1.md,"Build the broader Schedule D/BA parser for the located page ranges and normalize issuer/CUSIP, asset class, NAIC, income, impairment, acquisition, and maturity fields."
CFEI-112,The Athene statutory parser prototype generates repeatable named holding rows after the CUSIP-marker row-start correction.,"The Apollo/Athene statutory parser prototype script extracts 72 rows from selected Schedule BA and Schedule D detail pages: 8 Schedule BA Part 1 rows, 14 Schedule BA Part 2 rows, 25 Schedule D issuer-credit rows, and 25 Schedule D ABS rows, with 63 rows carrying detected NAIC designations.",This moves the statutory work from hand-picked examples toward repeatable legal-entity holding extraction and proves that marker-bearing statutory identifiers can be parsed as row starts.,"It is still a prototype: Schedule BA wrapping, subtotal boundaries, numeric column normalization, full-range final reconciliation, borrower matching, liability-cost spread, and asset-level return are pending.",capital-flow-apollo-athene-statutory-parser-prototype-pass-1.md,Use the corrected row-start logic in full-range Schedule D reconciliation and then move to income/proceeds matching.
CFEI-113,The Athene statutory parser now has a first normalized Schedule D sample.,"The Schedule D normalized sample produces 50 rows from selected Athene statutory issuer-credit and ABS pages, separating parser row, schedule, page, CUSIP, issuer or description, NAIC designation, asset-type guess, cost/value fields, income and received-interest signals, acquisition date, maturity date, status, and boundary.","This moves Apollo/Athene from raw named-holding extraction toward analyzable legal-entity asset rows, which is required before liability-source, asset-income, and return-spread work can be joined.","The numeric fields remain positional parser output; full Schedule D population, reconciliation to verification totals, borrower matching, liability-cost spread, and asset-level cash return remain pending.",capital-flow-apollo-athene-statutory-schedule-d-normalized-sample-pass-1.md,Run the normalized parser across the full Schedule D ranges and reconcile to statutory Schedule D verification totals.
CFEI-114,The Athene statutory parser now runs across the full located Schedule D issuer-credit and ABS ranges with corrected row starts.,"The full-range Schedule D parser produces 8,648 rows from Athene statutory pages 5836-6027: 3,418 issuer-credit rows and 5,230 ABS rows, with 8,495 rows carrying detected NAIC designations and 8,648 rows carrying maturity-date parser output.",This is the first near-complete legal-entity holdings table for the Apollo/Athene insurance channel and gives the named-cash proof lane a concrete portfolio population.,"The rows are near-reconciled but not final accounting proof; residual book-value differences, income/proceeds joins, liability-cost spread, borrower mapping, and asset-level cash return remain open.",capital-flow-apollo-athene-statutory-schedule-d-full-range-parser-pass-1.md,"Explain the remaining combined book-value gap and join holdings to investment income, disposals, impairments, and liability-cost schedules."
CFEI-115,The Athene Schedule D parser is now near-reconciled on book value after blank-column and row-start corrections.,"The reconciliation diagnostic compares parser book-value sums to compact statutory references: issuer-credit covers 99.7306% of the 85.388493720B USD reference, ABS covers 99.9956% of the 73.463901477B USD reference, and combined Section 1 plus Section 2 covers 99.8531% of the 158.852395201B USD total bonds reference.","This changes Apollo/Athene from a loose named-holding extraction into a near-reconciled legal-entity portfolio map, which is the foundation for asking who Athene funds and what cash comes back.","Near-reconciled book value is not named cash proof. It does not yet prove income by holding, proceeds, realized gains/losses, borrower receipts, liability-cost spread, or asset-level returns.",capital-flow-apollo-athene-statutory-schedule-d-reconciliation-diagnostic-pass-1.md,"Run residual page/subtotal diagnostics and then join Schedule D rows to statutory investment income, disposal, impairment, and liability schedules."
CFEI-116,The Athene Schedule D correction worklist is now residual and mostly ABS-focused after the row-start correction.,"The Schedule D page diagnostic creates 192 page rows. It now flags 12 high-priority column-correction pages, 26 medium-priority pages, and 154 coverage-visible pages. The worst pages remain ABS pages 5970, 5971, 5917, 5937, 5939, 5969, 5972, 5927, 5916, 5941, 5962, and 5940.","The largest Section 1 failure is fixed, so the remaining work can focus on final tie-out and ABS residual pages rather than broad row recovery.",The page diagnostic still does not prove Schedule D final accounting totals or cash returns; it only prioritizes residual inspection.,capital-flow-apollo-athene-statutory-schedule-d-page-diagnostic-pass-1.md,"Explain the residual 233.299496M USD combined book-value gap and test whether it is subtotal treatment, excluded sections, PDF extraction loss, or field shifts."
CFEI-117,The Athene Schedule D parser failure mode has been partially corrected: blank numeric columns are now preserved in ABS rows.,"The high-priority page inspection now samples 59 rows from the remaining worst ABS pages. It finds 47 rows with repeated blank-column dot markers, 11 control rows with parser book value, and 1 row requiring further row-level inspection.","This confirms the first parser correction worked partially and gives the next correction a tighter target: remaining high-priority rows, row boundaries, subtotals, and Section 1 issuer-credit gaps.",The inspection does not reconcile Schedule D; it only explains the remaining failure mode and supplies regression samples.,capital-flow-apollo-athene-statutory-schedule-d-high-priority-page-inspection-pass-1.md,Add remaining row-boundary/subtotal correction and rerun the full-range parser plus reconciliation diagnostics.
CFEI-118,The Athene Schedule D parser blank-column ABS correction was a partial intermediate improvement.,"The blank-column parser correction preserved empty statutory numeric columns in ABS rows. At that point, it kept the full-range row count at 7,829 while improving ABS book-value reference coverage from 86.5142% to 86.9519% and combined Section 1 plus Section 2 coverage from 74.8984% to 75.1009%. A later row-start correction supersedes these as current totals.",This was the first actual parser-quality improvement after the diagnostic phase and proved the correction loop could move reconciliation metrics.,"This row is historical correction evidence, not the current reconciliation state and not spread, borrower, or asset-return proof.",capital-flow-apollo-athene-statutory-schedule-d-blank-column-parser-correction-pass-1.md,Use the later row-start correction and residual reconciliation diagnostics as the current Schedule D proof path.
CFEI-119,The Athene Schedule D parser now recognizes statutory CUSIP marker row starts and reaches near-reconciled book-value coverage.,"The row-start CUSIP marker correction captures identifiers with @, #, and * characters, increasing full Schedule D rows from 7,829 to 8,648. Section 1 issuer-credit rows rise from 2,705 to 3,418, Section 1 book-value coverage rises from 64.9049% to 99.7306%, Section 2 coverage reaches 99.9956%, and combined Section 1 plus Section 2 coverage reaches 99.8531%.",This is the biggest Apollo/Athene upgrade so far: the insurance legal-entity holdings map is now close enough to support residual tie-out and then income/proceeds/spread work.,"It is still not full named cash proof. The remaining gap, income by holding, disposal proceeds, realized gains/losses, impairments, liability-cost spread, borrower receipt, and return model are not yet tied through.",capital-flow-apollo-athene-statutory-schedule-d-row-start-cusip-marker-correction-pass-1.md,"Explain the remaining 233.299496M USD combined book-value gap, then join holdings to investment income, disposal/proceeds, realized gain/loss, impairment, liability, and spread schedules."
CFEI-120,"The Athene Schedule D residual gap is now small and diagnostic, not a broad parser failure.","The residual gap diagnostic shows combined Section 1 plus Section 2 parser book value of 158.619095705B USD against a 158.852395201B USD statutory reference, a 233.299496M USD shortfall and 99.8531% coverage. Section 1 accounts for 230.071453M USD of the gap; Section 2 is short by only 3.228039M USD. Raw row-like candidates total much more apparent book value than the residual gap, so blind fallback parsing would likely double-count continuation or tranche text.","This moves Apollo/Athene from parser repair into final tie-out discipline: the legal-entity holdings base is close, but the remaining promotion decision depends on duplicate, continuation, subtotal, and tolerance review.","Near-reconciled Schedule D book value still does not prove holding-level income, proceeds, realized gains/losses, impairments, liability-cost spread, borrower receipt, or asset-level returns.",capital-flow-apollo-athene-statutory-schedule-d-residual-gap-diagnostic-pass-1.md,"Inspect largest residual candidates, define final reconciliation tolerance, and then join holdings to investment income, disposal/proceeds, realized gain/loss, impairment, and liability-cost schedules."
CFEI-121,"Athene now has a legal-entity income/cash bridge, not just an asset map.","The legal-entity income/cash bridge shows 12.732699320B USD of net investment income against a 270.261704399B USD core invested asset base, 12.281980822B USD of cash-flow net investment income against summary net investment income for 96.4601% cash-flow support, 13.601183683B USD collected gross investment income against 14.010808604B USD earned gross investment income for 97.0764% collected-versus-earned support, and 54.035221430B USD of bond sale/maturity/repayment proceeds against the Schedule D bond base.",This moves the Apollo/Athene case from “who owns what” toward “what cash and income came back at legal-entity level.” It is a necessary bridge before liability-cost spread and borrower-level cash proof.,"This is still category/entity-level evidence. It does not prove income by CUSIP, borrower receipt, disposal proceeds by holding, realized gains/losses by holding, liability cost, spread, IRR, NPV, or asset-level return.",capital-flow-apollo-athene-statutory-legal-entity-income-cash-bridge-pass-1.md,"Extract Schedule D Part 4 disposal rows, normalize page 18 income categories, extract Schedule BA income, and find liability-cost/credited-rate schedules."
CFEI-122,Athene now has a named Schedule D disposal/proceeds worklist.,"The Schedule D disposal/proceeds parser extracts 7,655 named rows: 6,250 from Schedule D Part 4 and 1,405 from Schedule D Part 5. The combined first-pass consideration sum is 72.807523483B USD versus the 72.140293824B USD statutory disposal consideration reference, or 100.9249% coverage.","This moves Apollo/Athene from entity-level proceeds to named cash-back candidates: CUSIP, issuer, disposal date, purchaser or disposition type, consideration, book-at-disposal, realized gain/loss, and interest/dividend fields.","The parser is near-reconciled but not final. Consideration, Part 4/Part 5 subtotal treatment, gain/loss fields, purchaser labels, holding matches, borrower receipt, and return proof remain open.",capital-flow-apollo-athene-statutory-schedule-d-disposal-proceeds-parser-pass-1.md,"Reconcile consideration and gain/loss totals, classify disposition types, and match disposal rows to year-end holdings by CUSIP/issuer."
CFEI-123,"The capital-flow project now has a single end-to-end proof goal: prove named money movement, not just broad capital themes.","The meaty end-to-end goal workplan defines a 10-row proof system covering the controlling goal, BlackRock, Blackstone, Apollo/Athene, KKR/Global Atlantic, Brookfield, Ares, Carlyle, operating-asset chases, and claim control.","This keeps the work aimed at who supplied or controlled money, which wrapper moved it, which named destination absorbed it, what cash came back, and which documents prove or fail to prove the links.","This is a goal and workplan artifact, not proof that any platform has completed source-use-receipt-waterfall-return evidence.",capital-flow-meaty-end-to-end-goal-and-proof-workplan-pass-1.md,"Execute the Apollo/Athene statutory prototype by matching Schedule D holdings to disposal/proceeds rows by CUSIP, then reconcile income, consideration, gain/loss, liability cost, and return boundaries."
CFEI-124,Athene now has a CUSIP-level cash-back workbench linking year-end holdings to disposal/proceeds candidates.,"The CUSIP cashback match joins 8,648 Schedule D holding rows and 7,655 disposal/proceeds rows into 10,801 unique CUSIP rows. Excluding the placeholder identifier bucket, 3,485 CUSIP-like rows appear in both holdings and disposal/proceeds output, with 27.512853248B USD of same-CUSIP matched consideration and 68.251655221B USD of headline disposal consideration.",This is the first Apollo/Athene bridge from legal-entity holdings and entity-level proceeds to named CUSIP cash-back candidates.,"This is still a reconciliation workbench. It does not prove lot-level continuity, income by CUSIP, liability-cost spread, borrower receipt, or final asset-level return.",capital-flow-apollo-athene-statutory-cusip-cashback-match-pass-1.md,"Rank the highest-dollar same-CUSIP bridge rows and reconcile consideration, book value, gain/loss, disposition type, interest, and liability-cost context."
CFEI-125,Athene high-dollar CUSIP proceeds need disposition classification before cash-return claims.,"The high-dollar inspection ranks the top 100 ex-placeholder CUSIP proceeds rows, representing 23.817173163B USD of disposal consideration. It classifies 34 rows as tier-1 same-CUSIP cash candidates with 7.690348231B USD of consideration, 7 same-CUSIP rows as noncash or transfer holds, and 59 rows as disposal-only or no-year-end-holding rows.","This separates clean cash-back proof candidates from tax-free exchanges, paydowns needing reconciliation, security withdrawals, direct/private transfers, and disposal-only rows.","The classification is a ranked inspection worklist, not final lot-level continuity, borrower cash, liability-cost spread, or asset-level return proof.",capital-flow-apollo-athene-statutory-cusip-cashback-high-dollar-inspection-pass-1.md,"Inspect tier-1 same-CUSIP rows starting with SVF II Finco Cayman, AP Aristotle, Eliant, Turbin Finance Trust, and AMAPS, then reconcile consideration, book value, gain/loss, interest, and disposition economics."
CFEI-126,The first Athene row-level proof packet shows that gross consideration overstates cash-like proceeds when tax-free exchanges are mixed into the same CUSIP.,"The packet inspects five tier-1 same-CUSIP candidates, linking five year-end holding rows to fifteen disposal/proceeds rows. The selected rows have 3.851152934B USD of gross disposal consideration but only 1.569389612B USD of cash-like consideration after row-level tax-free exchange holds are separated.",This is the first proof-control step that prevents high-dollar Schedule D consideration from being promoted as cash return without disposition-level classification.,"The packet is still a reconciliation workbench. It does not prove lot-level continuity, final realized gain/loss, borrower receipt, liability-cost spread, or asset-level return.",capital-flow-apollo-athene-statutory-cusip-row-proof-packet-pass-1.md,"Manually inspect PDF rows for 00264#-AB-3, 28655*-AA-7, and 02300A-AA-8, then reconcile consideration, book value, gain/loss, interest, and disposition economics."
CFEI-127,"The selected Aristotle, Eliant, and AMAPS Athene CUSIP rows are present in the raw statutory PDF text; the blocker is column semantics, not missing source rows.","The raw-text inspection finds all 9 selected source rows across 3 CUSIPs and 8 pages, with 0 missing rows and 4 short numeric-stream or column-semantics holds.",This moves the Apollo/Athene prototype from aggregate workbench matching into row-level source validation while preserving the boundary around gain/loss and cash-return interpretation.,"Raw text confirms row availability but does not prove final statutory column labels, realized gain/loss, borrower receipt, liability-cost spread, or asset-level return.",capital-flow-apollo-athene-statutory-cusip-raw-text-inspection-pass-1.md,"Perform page-specific column inspection for pages 6279, 6137, 6276, 6334, and 6312 before promoting any CUSIP cash-back row."
CFEI-128,"Selected Athene disposal-row consideration is confirmed, but realized gain/loss remains a parser-correction hold.","The CUSIP column interpretation pass interprets 6 selected Aristotle, Eliant, and AMAPS disposal/proceeds rows. It confirms parser consideration for all 6 rows, identifies 1.402283884B USD of safe cash-like consideration, flags 4 gain/loss rows as holds, and identifies 1 noncash exchange hold.",This upgrades the Apollo/Athene prototype from raw row existence to selected consideration evidence while preventing shifted gain/loss fields from becoming false return claims.,"This does not prove final realized gain/loss, full parser correction, borrower cash receipt, liability-cost spread, or asset-level return.",capital-flow-apollo-athene-statutory-cusip-column-interpretation-pass-1.md,Apply schedule-layout gain/loss handling back to the full disposal parser and rerun Part 4/Part 5 reconciliation diagnostics.
CFEI-129,Athene disposal parser consideration remains stable while unsafe realized-gain/loss promotion is blocked.,"The safe gain/loss correction preserves 7,655 disposal/proceeds rows and 72.807523483B USD of combined consideration versus the 72.140293824B USD statutory reference, or 100.9249% coverage. It adds disposition class and cash-likeness fields, classifies 7,396 rows as cash-like candidates and 259 rows as noncash/transfer holds, and moves the selected row-packet realized-gain/loss aggregate from shifted-token noise to -18 USD of independently visible safe gain/loss.",This keeps the Apollo/Athene prototype from turning consideration-like tokens into false return evidence while preserving the named proceeds worklist.,"This is parser-quality control and consideration classification, not final realized-return, borrower-cash, liability-spread, IRR, NPV, or ROIC proof.",capital-flow-apollo-athene-statutory-disposal-parser-safe-gainloss-correction-pass-1.md,Run full Schedule D gain/loss reconciliation or continue selected-row PDF/column inspection for cash-like consideration candidates.
CFEI-130,Athene now has a full-universe named cash-like proceeds summary.,"The safe cash-like proceeds summary splits 7,655 corrected disposal/proceeds rows and 72.807523483B USD of parser consideration into 57.909402803B USD of cash-like candidates and 14.898120680B USD of noncash/transfer holds. It also ranks the top 50 cash-like CUSIPs at 10.876822674B USD and identifies 19.636559453B USD of same-CUSIP cash-like consideration excluding placeholder identifiers.","This is the first Apollo/Athene full-universe move from statutory asset holdings and proceeds parsing into named cash-back targeting: AP Aristotle, Concord Music Royalties, PK Airfinance, AOP Finance Partners, SoftBank Vision Fund II, Eliant, AA Infrastructure Fund, VMC Finance, and AMAPS become row-level proof candidates.","It does not prove borrower receipt, source-of-funds allocation, lot-level continuity, liability-cost spread, realized return, IRR, NPV, ROIC, or platform profit.",capital-flow-apollo-athene-statutory-safe-cashlike-proceeds-summary-pass-1.md,Build the next row-level proof packet for highest-dollar same-CUSIP cash-like candidates and a separate disposal-only resolution pass for high-dollar disposal-only candidates.
CFEI-131,Athene now has a same-CUSIP row proof packet for the highest-dollar safe cash-like candidates.,"The safe cash-like same-CUSIP row proof packet selects 10 same-CUSIP candidates from the corrected full-universe proceeds summary. It preserves 26 source detail rows: 10 year-end holding rows and 16 disposal/proceeds rows. Selected disposal consideration totals 2.943066208B USD, selected cash-like disposal consideration totals 2.930192972B USD, selected noncash/transfer holds total 12.873236M USD, and selected disposal interest/dividends received total 93.704267M USD.","This moves Apollo/Athene from ranked named proceeds candidates into row-level proof packets where holdings, disposals, pages, dates, disposition labels, book values, consideration, and cash-likeness can be inspected CUSIP by CUSIP.","It does not prove lot-level continuity, borrower receipt, source-of-funds allocation, liability-cost spread, realized return, IRR, NPV, ROIC, or platform profit.",capital-flow-apollo-athene-statutory-safe-cashlike-same-cusip-row-proof-packet-pass-1.md,"Inspect the clean same-CUSIP PDF rows for Eliant, AMAPS, Concord Music Royalties, MF1 2025-B2, and Treasury CUSIPs, while resolving mixed AP Aristotle and AA Infrastructure rows separately."
CFEI-132,Clean Athene same-CUSIP cash-like candidates now have raw statutory row support.,The raw text inspection covers 8 clean same-CUSIP candidates from the safe cash-like row packet and finds all 19 selected source rows across 14 pages: 8 year-end holding rows and 11 disposal/proceeds rows. Seventeen rows are inspection-ready and two rows are found but held for short numeric-stream column review.,This moves Apollo/Athene from row-packet construction to source-row availability. The next blocker is not missing statutory rows; it is page-specific column interpretation and borrower/issuer mapping.,"Raw text availability does not prove final column semantics, realized gain/loss, lot-level continuity, borrower receipt, use of proceeds, liability-cost spread, IRR, NPV, ROIC, or platform profit.",capital-flow-apollo-athene-statutory-safe-cashlike-same-cusip-raw-text-inspection-pass-1.md,"Inspect pages 6276 and 6312 for column layout, then map clean non-Treasury issuers to borrower/use and liability-cost support."
CFEI-133,"The two short Athene same-CUSIP rows are sparse rows, not missing-source failures.","The page-specific column review covers the two short numeric-stream rows on Athene statutory pages 6312 and 6276. It supports 269.806570M USD of interpreted consideration and 4.029889M USD of interpreted interest/dividends across Eliant 28655*-AA-7 and AMAPS 02300A-AA-8, while keeping gain/loss blank/held for both rows.","This removes the last raw-text inspection blocker inside the clean same-CUSIP cash-like packet: all selected clean rows now have source-row availability, and the two sparse rows have promotable consideration and interest fields.","It does not prove borrower receipt, use of proceeds, lot-level continuity, source-of-funds allocation, liability-cost spread, realized return, IRR, NPV, ROIC, or platform profit.",capital-flow-apollo-athene-statutory-safe-cashlike-column-review-pass-1.md,Map clean non-Treasury same-CUSIP issuers to borrower/use evidence and then connect liability-cost support.
CFEI-134,Athene same-CUSIP cash-like proceeds now map to concrete issuer and destination lanes.,"The issuer/borrower map covers 10 selected same-CUSIP proceeds candidates with 2.930192972B USD of Athene cash-like consideration. Seven non-Treasury operating or wrapper rows carry 2.378326037B USD, while three Treasury rows carry 551.866935M USD and are classified as sovereign reserve/liquidity assets. Mapped lanes include Apollo-related private credit/finance vehicles, AMAPS structured credit, Concord music-royalty ABS, MF1 real estate credit, AA Infrastructure, and U.S. Treasury rows.","This moves the Apollo/Athene prototype from named proceeds rows to economic routing: it now distinguishes private borrower/wrapper chases from liquidity assets and names the document packages needed for borrower receipt, use, remittance, and return proof.","Issuer/wrapper mapping does not prove borrower receipt, borrower use, source-of-funds allocation, lot-level continuity, debt waterfall, liability-cost spread, IRR, NPV, ROIC, or platform profit.",capital-flow-apollo-athene-statutory-safe-cashlike-issuer-borrower-map-pass-1.md,"Prioritize Concord public use/remittance evidence, AMAPS collateral/waterfall documents, and Eliant/AP Aristotle private issuer documents."
CFEI-135,Concord is upgraded from Athene named proceeds to borrower/wrapper-and-use-proxy-visible status.,"The Concord source acquisition packet ties Athene same-CUSIP cash-like consideration of 229.053398M USD for Concord Music Royalties CUSIP 20633K-AN-8 to public Concord and KBRA evidence for a 1.765B USD music-royalty ABS issuance, collateral backed by more than 1.3M music copyrights, Apollo-affiliate structuring/syndication involvement, proceeds used to repay/refinance prior Concord ABS debt and a variable funding note, and later KBRA timely-interest evidence.",This is the first Apollo/Athene same-CUSIP candidate with a public borrower/wrapper/use/debt-service proxy chain beyond the statutory row itself.,"It does not prove Athene-specific allocation, trade settlement, trustee remittance, borrower receipt, exact cash waterfall, liability-cost spread, IRR, NPV, ROIC, or platform profit.",capital-flow-apollo-athene-concord-named-cash-source-acquisition-pass-1.md,"Acquire Concord offering memorandum, indenture/amendment, trustee remittance reports, Series 2022-1 payoff ledger, Athene trade/allocation support, and liability-cost evidence."
CFEI-136,Concord is now request-ready for cash-all-the-way-through proof documents.,"The Concord controlled-document request packet creates 8 request rows covering offering memorandum, indenture/supplements, trustee remittance reports, Series 2022-1 payoff ledger, collateral catalog and royalty tape, Athene allocation/trade support, liability-cost/spread support, and rating surveillance full reports. The packet carries forward Athene Concord cash-like consideration of 229.053398M USD, Concord issuance of 1.765B USD, Concord repayment/reference amounts of 1.65B USD and 100M USD, and KBRA Series 2022-1 redemption reference of 1.750B USD.",This turns the strongest Apollo/Athene public borrower/wrapper route into an executable proof acquisition program with promotion tests and hold tests for every cash-loop link.,"It does not prove the requested documents have been obtained, Athene allocation, trade settlement, trustee remittance, payoff cash allocation, royalty collections, liability-cost spread, IRR, NPV, ROIC, or platform profit.",capital-flow-apollo-athene-concord-controlled-document-request-packet-pass-1.md,"Execute acquisition attempts for rating surveillance reports, indenture/supplements, trustee remittance reports, Concord/Apollo transaction documents, and Athene allocation/liability-cost support."
CFEI-137,"Concord public document routes are partly located, but full proof remains access-controlled.","The Concord public document acquisition attempt tests all 8 controlled-document families. It finds 3 located/access-controlled routes for offering memorandum, indenture/supplement materials, and KBRA full reports; 2 public proxy improvements for use-of-proceeds and collateral; and 3 not-found-public rows for trustee remittance, Athene allocation/trade support, and liability-cost/spread support. No row upgrades to Athene receipt or return-model proof.","This proves the next Concord step is not broad screening. The document routes are specific enough to pursue access-controlled sources first, while keeping Athene receipt and final return on hold.","It does not prove the offering circular, indenture, trustee reports, payoff ledger, collateral tape, Athene allocation, Athene receipt, liability-cost spread, IRR, NPV, ROIC, or platform profit.",capital-flow-apollo-athene-concord-public-document-acquisition-attempt-pass-1.md,"Pursue DealX offering/indenture access, KBRA premium reports, trustee/remittance reports, and Athene allocation/liability-cost support."
CFEI-138,The big-money current-state execution brief converts the broad goal into the next ranked proof sequence.,"The brief consolidates the goal memo, big-money player map, destination lane map, platform proof chase matrix, named-cash proof stack, and Apollo/Athene statutory work into 9 rows covering Apollo/Athene, Ares, Blackstone, KKR/Global Atlantic, BlackRock/HPS, Brookfield, Carlyle/AlpInvest, comparison lanes, and the overall project state.","It prevents the project from drifting back into broad theme research. The next pass is explicit: finish Apollo/Athene as the public statutory prototype, then use that architecture to chase Ares, Blackstone, BlackRock/HPS, KKR/Global Atlantic, Brookfield, and Carlyle.","It is an execution-control brief, not new primary evidence and not full named-cash proof. Receipts, settlement ledgers, debt waterfalls, legal-entity schedules, collateral certificates, borrower cash records, and return models remain decisive missing documents.",capital-flow-big-money-current-state-execution-brief-pass-1.md,"Run Apollo/Athene statutory CUSIP cash-back and named issuer proof prototype, then package controlled document chases for Concord, AMAPS, and Ares/Frontline."
CFEI-139,"AMAPS upgrades from mapped issuer evidence to Apollo/Athene wrapper-and-alignment evidence, but remains below full named-cash proof.","The AMAPS source acquisition pass ties Athene statutory evidence for AMAPS 1 CUSIP 02300A-AA-8 to public Apollo and Apollo/Athene sources: 268.000000M USD of Athene same-CUSIP cash-like consideration, 1.917500000B USD year-end book value, 48.871440M USD year-end interest income, 3.986842M USD disposal interest/dividends, Apollo AMAPS product/collateral/alignment text, 2.550B USD AMAPS 1 public concentration, AMAPS 5 rating analog, private-letter-rating context, and AMAPS 1 LEI identity.","AMAPS is a high-value platform-wrapper case inside the Apollo/Athene prototype. It shows how insurance-yield capital can be routed through an Apollo structured-credit wrapper, while making clear that pooled collateral prevents borrower-level proof from public summary documents alone.","It does not prove AMAPS 1 collateral tape, underlying borrower receipt, trustee remittance, Athene allocation, liability-cost spread, payment waterfall, IRR, NPV, ROIC, or final asset-level return.",capital-flow-apollo-athene-amaps-named-cash-source-acquisition-pass-1.md,"Pursue AMAPS 1 offering memorandum, tranche supplement, full rating rationale, collateral tape, trustee/remittance reports, Athene allocation records, statutory subsidiary reconciliation, and liability-cost/spread support."
CFEI-140,"The AMAPS proof route is now request-ready, with nine controlled document families required for collateral, remittance, allocation, waterfall, and return proof.","The AMAPS controlled-document request packet creates 9 request rows and 10 diagnostics. It starts from Athene AMAPS 1 CUSIP 02300A-AA-8, 268.000000M USD same-CUSIP cash-like consideration, 1.917500000B USD year-end book value, 48.871440M USD interest income, 3.986842M USD disposal interest/dividends, Apollo AMAPS wrapper/alignment evidence, and Apollo/Athene 2.550B USD public AMAPS 1 concentration.","It converts AMAPS from broad wrapper research into a precise acquisition package. The next work is no longer to describe AMAPS generally; it is to get AMAPS 1-specific offering, rating, collateral, trustee, Athene allocation, and return documents.","The packet does not prove the requested documents have been obtained and does not prove AMAPS 1 collateral tape, underlying borrower receipt, trustee remittance, Athene allocation, liability spread, payment waterfall performance, IRR, NPV, ROIC, or platform profit.",capital-flow-apollo-athene-amaps-controlled-document-request-packet-pass-1.md,"Execute AMAPS public/acquired-source attempts for full rating rationale reports, offering memorandum, tranche supplement, collateral tape, trustee/remittance reports, waterfall/LTV support, allocation/custodian records, subsidiary reconciliation, and liability-cost return support."
CFEI-141,"The first AMAPS public document acquisition attempt found an access-controlled AMAPS 1 route and AMAPS 4/5 analogs, but no full AMAPS 1 named-cash proof.","The AMAPS public acquisition attempt tests all 9 controlled document families. It records 1 located/access-controlled DealX AMAPS 1 ABS route, 3 public proxy or analog rows for collateral/waterfall/rating context, 1 public consolidated exposure row for the 2.550B USD Apollo/Athene AMAPS 1 concentration, 4 not-found-public rows, and 0 full named-cash proof upgrades.","This changes the next work from broad AMAPS searching to access-controlled acquisition. DealX, rating-agency, trustee/collateral administrator, and Apollo/Athene allocation channels are now the concrete routes.","It does not prove AMAPS 1 offering contents, tranche purchase support, collateral tape, trustee remittance, Athene allocation/trade support, subsidiary reconciliation, liability-cost spread, payment waterfall performance, IRR, NPV, ROIC, or platform profit.",capital-flow-apollo-athene-amaps-public-document-acquisition-attempt-pass-1.md,"Pursue DealX AMAPS 1 ABS documents, AMAPS 1 full rating/private-letter-rating support, trustee/remittance reports, and Apollo/Athene allocation, custodian, subsidiary reconciliation, and liability-cost records."
CFEI-142,"The Apollo/Athene named issuer prototype now shows exactly where public statutory proof stops: legal-entity cash-realization bridge and named issuer/wrapper evidence, not full cash-loop proof.","The synthesis consolidates the Athene statutory extraction stack, the 10-row issuer/borrower map, Concord source/request/public-attempt packets, and AMAPS source/request/public-attempt packets into 6 rows. Concord is strongest on borrower/wrapper/use proxy. AMAPS is strongest on Apollo/Athene platform-wrapper alignment. Both have public-route attempts with 0 full named-cash proof upgrades.","This turns Apollo/Athene from a pile of statutory parses into a reusable proof architecture. It shows what can be done publicly and what requires controlled receipts, remittance reports, waterfalls, allocation/custodian records, subsidiary reconciliation, liability-cost support, and return models.","It does not prove borrower receipt, trustee remittance, Athene allocation, subsidiary reconciliation, liability-adjusted spread, IRR, NPV, ROIC, cash-on-cash return, or platform profit for Concord, AMAPS, or the broader Apollo/Athene portfolio.",capital-flow-apollo-athene-named-issuer-prototype-synthesis-pass-1.md,"Reuse the Apollo/Athene statutory proof architecture on KKR/Global Atlantic; also rank AP Aristotle, Eliant, AA Infrastructure, and MF1 for the next Apollo/Athene source-acquisition packet."
CFEI-143,KKR/Global Atlantic is ready for statutory source acquisition using the Apollo/Athene proof architecture.,"The KKR/Global Atlantic statutory template consolidates local Q2 2026 evidence for 220B USD Global Atlantic AUM, 164B USD credit AUM, 62B USD Ivy/sponsored reinsurance vehicle AUM, 189.204380B USD insurance investments, 205.499130B USD insurance policy liabilities, 88.056662B USD AFS fixed maturities, 48.754106B USD mortgage and other loan receivables, 4.028186B USD six-month insurance net investment income, credit allowances, LTV buckets, and 9.2B USD FHLB pledged assets. It also identifies Global Atlantic official statutory routes for U.S. and Bermuda legal entities.","This converts KKR/Global Atlantic from proxy evidence into an executable statutory acquisition target. The next work can reuse the Athene source acquisition, schedule locator, Schedule D/BA parser, income/proceeds bridge, issuer map, and named proof packet pattern.","It is a template and source-route pass, not downloaded statutory proof. It does not prove Global Atlantic Schedule D/BA holdings, NAIC designations, borrower allocation, cash receipts, liability-cost spread, FHLB liability economics, or asset-level return.",capital-flow-kkr-global-atlantic-statutory-template-pass-1.md,"Execute Global Atlantic statutory source acquisition for Q4 2025 U.S. annual statements, Q2 2026 U.S. quarterlies, and FY 2025 Bermuda reinsurer reports."
CFEI-144,"KKR/Global Atlantic statutory source acquisition is now local-file ready, not merely route planned.","The source acquisition pass acquired 10 official Global Atlantic statutory filings locally: 4 Q4 2025 U.S. annual statutory statements, 4 Q2 2026 U.S. quarterly statutory statements, and 2 FY 2025 Bermuda statutory financial statements. All 10 files have visible PDF headers and page-count probes; download holds are 0.","This moves KKR/Global Atlantic into the same proof architecture as Apollo/Athene. The next pass can search actual legal-entity filings for Schedule D/BA holdings, investment income, sales/maturities/proceeds, liability context, FHLB/funds-withheld economics, and named borrower allocation.","Source acquisition proves document availability only. It does not yet parse Global Atlantic schedules or prove named holdings, cash receipts, borrower allocation, liability-cost spread, FHLB liability economics, debt waterfalls, collateral certificates, or asset-level return.",capital-flow-kkr-global-atlantic-statutory-source-acquisition-pass-1.md,"Run the Global Atlantic statutory schedule locator across the 10 local filings, then adapt the Apollo/Athene Schedule D/BA parser and legal-entity income bridge."
CFEI-145,KKR/Global Atlantic statutory filings are now schedule-located for targeted extraction.,"The Global Atlantic statutory schedule locator creates 38 locator rows across the 10 locally acquired PDFs. It covers 1,226 available PDF pages through 38 targeted page/range probes, including 26 annual locator rows, 4 quarterly locator rows, 8 Bermuda locator rows, 9 Schedule D rows, 0 Schedule BA rows, and 8 cash/income rows.","This identifies the concrete pages needed to move KKR/Global Atlantic from acquired PDFs to actual legal-entity extraction: assets, liabilities, cash flow, net investment income, Schedule D issuer-credit/ABS holdings, acquisitions, disposals, funds-withheld/reinsurance, Schedule E, and Bermuda investment notes.","This is a locator, not a parser. It does not prove named Schedule D/BA holdings, NAIC designations, borrower allocation, cash receipts, liability-cost spread, funds-withheld economics, FHLB liability economics, debt waterfalls, collateral certificates, or asset-level return.",capital-flow-kkr-global-atlantic-statutory-schedule-locator-pass-1.md,"Run Global Atlantic statutory compact extraction, starting with Accordia Q4 2025 Schedule D pages 220-270, net investment income page 15, cash flow page 6, and Bermuda investment-note pages."
CFEI-146,Accordia Q4 2025 gives KKR/Global Atlantic a compact legal-entity bridge plus first named Schedule D destination samples.,"The Accordia compact extraction produces 17 summary rows, 30 Schedule D named security samples, and 15 diagnostic rows. Extracted statutory values include 7.318322163B USD of Schedule D bond net admitted assets, 1.151480925B USD first-lien mortgage loans, 339.923533M USD Schedule BA other invested assets, 236.260959M USD cash/equivalents/short-term investments, 5.933274992B USD life reserves, 258.307445M USD deposit-type liabilities, 4.183653692B USD funds held under coinsurance, 549.713557M USD statutory net investment income, and 546.289441M USD cash-flow net investment income.","This is the first KKR/Global Atlantic pass that moves beyond official routes and page locations into actual legal-entity money movement: liabilities and coinsurance/funds-held routes fund an asset base that produces investment income and cash-flow support, while Schedule D samples show named securities such as Arthur J. Gallagher, Ashtead, Asurion, Ausgrid, BHP Billiton Finance, Baltimore Gas and Electric, Bank of America, and Blackstone Secured Lending Fund.","This remains compact bridge evidence. It does not prove full Schedule D position values by CUSIP, holding-level income, sale/redemption/disposal proceeds by CUSIP, borrower receipt/use, liability-cost spread, FHLB/funds-withheld economic waterfall, collateral certificates, or asset-level return.",capital-flow-kkr-global-atlantic-accordia-compact-extraction-pass-1.md,"Build the full Accordia Schedule D parser for pages 220-270 and reconcile owned bonds, acquisitions, disposals, same-year acquisition/disposal rows, income, and proceeds."
CFEI-147,Accordia Schedule D is now parsed into a raw named-security universe for KKR/Global Atlantic.,"The corrected Accordia Schedule D parser creates 1,968 CUSIP-level rows from pages 218-270: 994 owned issuer-credit rows, 92 owned ABS rows, 4 common-stock rows, 493 acquired rows, 275 sold/redeemed/disposed rows, and 110 same-year acquired/disposed rows. 1,934 rows carry numeric tokens and all 1,968 rows carry at least one date field from the raw statutory text.","This materially upgrades the KKR/Global Atlantic insurance-capital lane from legal-entity totals and named samples to an actual raw named-security universe. It now includes the early issuer-credit pages and the full located ABS section, making the destination side of the money path visible at CUSIP/issuer level before final column reconciliation.","This is a raw parser, not final cash proof. Numeric tokens are preserved but not yet assigned to actual cost, par, fair value, book value, consideration, realized gain/loss, interest income, or interest received columns. It does not prove borrower receipt/use, liability-cost spread, funds-withheld waterfall, FHLB economics, collateral certificates, or return.",capital-flow-kkr-global-atlantic-accordia-schedule-d-parser-pass-1.md,"Run Accordia Schedule D column reconciliation by schedule part, then reconcile owned rows to the 7.318322163B USD Schedule D bond base and disposal rows to cash-flow/income/proceeds fields."
CFEI-148,Accordia Schedule D column reconciliation is quantified but still on hold.,"The first column reconciliation pass creates 1,086 owned Schedule D reconciliation rows. A first-four-token candidate map covers 1,065 rows and holds 21 rows for review. Candidate book/adjusted carrying value sums to 6.409765632B USD versus the 7.318322163B USD statutory Schedule D bond target, leaving a -908.556531M USD variance and 87.585180% coverage.","This narrows the precise blocker between named-security parsing and cash proof. The CUSIP/issuer universe exists, and many rows can be candidate-mapped, but the statutory columns cannot yet be treated as final until held rows and page-column geometry are resolved.","This is candidate column mapping only. It does not prove final actual cost, par, fair value, book value, consideration, realized gain/loss, interest income, interest received, borrower use, liability spread, waterfall, collateral certificate, or return.",capital-flow-kkr-global-atlantic-accordia-schedule-d-column-reconciliation-pass-1.md,Build Accordia Schedule D held-row column geometry and rerun reconciliation against the 7.318322163B USD statutory bond base.
CFEI-149,"The capital-flow project now has a single plain-English meaty goal: prove selected money paths from source to cash return, not just map large platforms.",The big-picture meaty end-to-end goal pass creates 12 structured control rows and a front-door memo. It defines the proof chain as capital source -> big-money platform -> legal wrapper -> instrument -> named destination -> use of proceeds -> operating output or asset ownership -> receipt/settlement/income/billing/repayment -> waterfall/legal availability -> return.,"This keeps the big platform work honest. BlackRock, Blackstone, Apollo/Athene, KKR/Global Atlantic, Brookfield, Ares, and Carlyle can be mapped broadly, but promoted proof now requires named receipts, settlement, debt waterfalls, legal-entity schedules, collateral certificates, and return evidence.",This is goal-control evidence only. It does not prove that any selected platform or named case has a complete source-use-receipt-waterfall-return loop.,capital-flow-big-picture-meaty-end-to-end-goal-pass-1.md,Run the next named-cash proof stack against Accordia Schedule D held-row column geometry and Ares/Frontline decisive source documents.
CFEI-150,"Accordia Schedule D column reconciliation is now localized to held-row geometry and high-dollar spot checks, not an undefined parser problem.","The held-row column geometry pass creates 46 geometry rows and 20 diagnostic rows. It identifies 21 held reconciliation rows: 3 short-token fragments and 18 long-token rows, including 3 rows with page/section-total signatures and 9 rows with possible embedded-security patterns. Held rows carry 231.751265M USD of first-four candidate book value, while extra token groups contain 6.622705761B USD of non-promoted book-like values, including 7 values above 50M USD.","This narrows the KKR/Global Atlantic proof blocker. The named-security universe and candidate column map exist, but blindly adding later token groups would mix embedded rows with page or section totals and could create false book-value proof.","This is a geometry diagnostic only. It does not promote extra token groups to actual cost, par, fair value, book value, consideration, gain/loss, income, proceeds, liability spread, waterfall, collateral certificate, or return proof.",capital-flow-kkr-global-atlantic-accordia-schedule-d-held-row-column-geometry-pass-1.md,"Run source-page column extraction or manual geometry for held rows on pages 219, 240, and 246, then rerun reconciliation against the 7.318322163B USD statutory bond base."
CFEI-151,Accordia owned Schedule D bonds are now near-reconciled at source-page coordinate-column level.,"The coordinate owned-bond reconciliation pass creates 1,165 owned-bond rows and 17 diagnostic rows from Accordia Schedule D pages 218-240 and 242-247. It extracts 1,007 issuer-credit rows, 158 ABS rows, 1,086 standard CUSIP-like rows, and 79 statutory private-marker CUSIP rows. Coordinate book value sums to 7.318321094B USD versus the 7.318322163B USD statutory Schedule D bond target, leaving only a -1,069 USD variance and 99.999985% coverage. The private-marker CUSIP rows carry 908.555462M USD of book value.",This materially upgrades KKR/Global Atlantic from token-level parser hold to near-reconciled statutory owned-bond baseline. It explains the prior 908.556531M USD gap: private-marker CUSIPs were present in the source PDF but not cleanly promoted by the raw parser.,"This is owned-bond column reconciliation, not full named-cash proof. It does not prove issuer-level income, disposal proceeds, borrower receipt/use, liability-cost spread, funds-held waterfall, FHLB economics, collateral certificates, or return.",capital-flow-kkr-global-atlantic-accordia-schedule-d-coordinate-owned-bond-reconciliation-pass-1.md,"Use the coordinate-owned-bond table as the owned-bond baseline, then join it to investment income, disposal/proceeds, liability context, and selected issuer cash-back rows."
CFEI-152,Accordia owned Schedule D bonds now have row-level statutory interest-received evidence.,"The owned-bond income bridge creates 20 bridge rows, 40 ranked detail rows, and 13 diagnostic rows. It joins the 7.318321094B USD coordinate owned-bond baseline to 229.507957M USD of statutory interest received during the year and 156.198987M USD of interest due/accrued. Interest received equals 37.930604% of legal-entity gross investment income, 41.750463% of summary net investment income, and 3.136074% of coordinate owned-bond book value. Statutory private-marker rows contribute 37.427454M USD of received interest.","This upgrades KKR/Global Atlantic from a named destination/book-value map to a legal-entity cash-back proxy bridge. We can now say named owned bonds produced statutory interest-received rows inside Accordia, while still keeping the borrower/use/waterfall/return proof boundary intact.","This is statutory interest-received evidence, not full named-cash proof. It does not prove borrower receipt/use, trustee remittance, liability-cost spread, funds-held waterfall, FHLB economics, collateral certificates, IRR, NPV, ROIC, or platform profit.",capital-flow-kkr-global-atlantic-accordia-owned-bond-income-bridge-pass-1.md,"Run accordia-owned-bond-income-proceeds-cusip-match: join top CUSIPs to disposal/proceeds rows, issuer/wrapper sources, liability-cost context, and controlled-document request paths where public proof stops."
CFEI-153,Accordia top owned-bond interest rows now have same-CUSIP acquisition and disposal continuity flags.,"The income/proceeds CUSIP match pass creates 40 match rows, 10 same-CUSIP event rows, and 21 diagnostic rows from the top Accordia owned-bond interest-received rows. Ten top rows have same-CUSIP current-year events: 7 acquisition-context rows and 3 disposal/proceeds-candidate rows. The top 40 rows carry 63.974606M USD of interest received; matched-event rows carry 13.851356M USD, including 4.868177M USD on disposal-candidate rows. Full named cash proof upgrades remain 0.","This moves the KKR/Global Atlantic work from broad income bridge to a named proceeds worklist. Intel, Commonwealth Edison, and Orange now surface as same-CUSIP disposal-coordinate extraction targets, while Wells Fargo, Oracle, Bell Canada, Qualcomm, TotalEnergies, Amgen, and Home Depot surface as acquisition-context rows.","This is same-CUSIP continuity evidence only. Raw event tokens are not reconciled consideration, settlement cash, gain/loss, borrower receipt/use, trustee remittance, liability-cost spread, funds-held waterfall, collateral certificates, IRR, NPV, ROIC, or KKR platform profit.",capital-flow-kkr-global-atlantic-accordia-owned-bond-income-proceeds-cusip-match-pass-1.md,"Run Accordia disposal coordinate column extraction for matched CUSIPs on pages 261-263, then reconcile consideration, book value, gain/loss, and interest/dividend fields before any proceeds claim."
CFEI-154,The capital-flow research is ready to become a detailed theme and subtheme writeup for non-specialist readers.,"The detailed theme and subtheme synthesis converts the multi-day capital-flow proof stack into a self-contained explainer. It defines the proof chain, explains key terms, names eight subthemes, summarizes KKR/Global Atlantic Accordia evidence, separates safe claims from forbidden overclaims, and gives a writing-ready structure around capital routing, insurance credit, physical infrastructure, private credit, public proof limits, and the proof ladder.","This makes the research usable for writing without requiring the reader to understand statutory filings, Schedule D, CUSIPs, legal wrappers, disposal columns, or proof levels in advance. It also preserves the core discipline: strong theme evidence is not the same as full named-cash proof.","This is synthesis and writing-control evidence. It does not add a new primary source and does not prove full source-to-use-to-receipt-to-waterfall-to-return cash loops across BlackRock, Blackstone, Apollo/Athene, KKR/Global Atlantic, Brookfield, Ares, or Carlyle.",capital-flow-detailed-theme-and-subtheme-synthesis-pass-1.md,"Use this synthesis as the drafting base, then attach platform-specific exhibits for Accordia, Apollo/Athene, Ares/Frontline, power/grid, infrastructure, and comparison proof lanes."
CFEI-155,The capital-flow theme/subtheme report is now written as a polished long-form draft.,"The long-form report converts the synthesis into a reader-facing narrative. It opens with the capital-routing thesis, defines the proof ladder, explains eight themes and subthemes, uses KKR/Global Atlantic Accordia as the lead evidence case, compares platform-specific proof routes, and separates safe claims from unsafe claims. The lead Accordia evidence remains 7.318321094B USD owned-bond book, 229.507957M USD statutory interest received, and selected same-CUSIP disposal columns for Intel, Commonwealth Edison, and Orange.","This gives the user a detailed writing base that assumes no background knowledge while preserving the proof discipline from the research stack. It is suitable for theme/subtheme drafting, investor-style narrative development, or internal research synthesis.","This is a writing artifact, not a new primary source. It does not prove full named-cash loops, settlement receipts, debt waterfalls, collateral certificates, liability-cost spreads, IRR, NPV, ROIC, or platform profit across the big-money platforms.",capital-flow-long-form-theme-subtheme-report-pass-1.md,"Use the report as the main draft, then attach exhibits from Accordia, Apollo/Athene, Ares/Frontline, infrastructure/power, and comparison proof lanes."
CFEI-156,The capital-flow writing package now has executive-summary and exhibit-ready tables.,"The theme package with exhibits converts the long-form report into a practical writing packet: executive summary, proof ladder, theme/subtheme table, platform proof-route table, KKR/Global Atlantic Accordia lead-case exhibit, do-not-overclaim box, final writing spine, and one-paragraph final draft. The lead exhibit keeps the core numbers visible: 7.318321094B USD owned-bond book, 229.507957M USD statutory interest received, 40 top interest rows tested, 10 same-CUSIP events, 3 disposal candidates, and 1.552579M USD of selected disposal consideration.","This gives the user a compact source packet for drafting detailed themes and subthemes without losing the evidence boundaries. It also makes the strongest case, Accordia, directly usable as an exhibit."",This is a writing/exhibit package only. It is not a new primary source and does not prove bank settlement, borrower use, debt waterfalls, collateral certificates, liability-cost spreads, IRR, NPV, ROIC, platform profit", or full named-cash proof.,capital-flow-theme-package-with-exhibits-pass-1.md,Use this as the main drafting packet; next technical proof step is Accordia matched-disposal owned-interest proof packet or Ares/Frontline borrower facility document chase.
CFEI-157,The broader annual-report corpus now has a ranked theme opportunity map beyond the current capital-flow writing package.,"The annual-report theme opportunity map organizes the local corpus into 12 diggable theme families: power/grid/data-center load; insurance/retirement/private-credit engines; asset-backed collateral and securitization; private-credit borrower facilities; capital-intensive infrastructure and energy; regulated recovery/customer funding; streaming/resource finance; acquisition finance/rollups/backlog conversion; refinancing/debt reshaping; wealth alternatives/secondaries/private-market liquidity; working capital/inventory/receivables; and the operating-return frontier. Each row names the plain-English money question, best current evidence pages, best cases, current proof level, missing documents, next extraction, safe claim, and overclaim boundary.","This gives the next-theme selection process a concrete operating map instead of a brainstorm. It shows that power/grid/data-center load is the best next fresh dig because it connects utility capex, customer/load obligations, regulated recovery, contractors, equipment beneficiaries, and a plausible public receipt route.",This is synthesis and prioritization evidence only. It does not add a new primary source and does not prove full source-to-use-to-receipt-to-waterfall-to-return cash loops in any theme.,capital-flow-annual-report-theme-opportunity-map-pass-1.md,"Run capital-flow-power-grid-data-center-customer-cash-map-pass-1, then use the opportunity map to choose the next collateral, private-credit borrower, or infrastructure project extraction."
CFEI-158,The top-ranked power/grid/data-center theme is now expanded into a customer-cash map.,"The power/grid data-center customer-cash map creates 10 nodes covering FPL SPPCRC regulated recovery, AEP Ohio large data-center tariff mechanics, AEP load and capital plan, Duke secured ESAs, Duke Anderson County, Sterling and MasTec contractor beneficiary routes, turbine and equipment procurement, named hyperscaler/customer contract gaps, asset-manager infrastructure platform routes, and outside denominator validation. The map joins local FPL, AEP/Duke, power-grid pilot, contractor, and theme-opportunity evidence into one source-to-customer-cash workbench.","This turns the broad AI/power-grid theme into a document chase: customer obligation, utility capital, project/procurement, contractor/supplier payment, rate recovery or billing, collected cash, and earned return. It names FPL as the best receipt route and AEP/Duke as the best data-center load-to-capital route.,This is synthesis and routing evidence. It does not prove named customer receipts, project-level billing, contractor cash collection, debt waterfalls", or asset-level returns.,capital-flow-power-grid-data-center-customer-cash-map-pass-1.md,"Run capital-flow-power-grid-customer-contract-receipt-workbench-pass-1 against FPL billing workpapers, AEP Ohio tariff/ESA records, Duke ESA/project filings, Sterling/MasTec customer funding records, and equipment supplier procurement evidence."
CFEI-159,The power/grid data-center theme now has a contract and receipt proof workbench.,"The power/grid customer contract receipt workbench creates 12 proof-target rows. It prioritizes FPL SPPCRC docket inventory, FPL Distribution Inspection category receipts, FPL billing determinant math, AEP Ohio data-center tariff obligations, AEP load-to-capital allocation, Duke secured ESA cash route, Duke Anderson County project return route, NextEra/Meta contracted projects, Sterling project-owner cash collection, MasTec backlog cash conversion, turbine/equipment supplier cash route, and outside denominator validation. Each row names current evidence, decisive document needed, exact fields, pass test, hold/fail test, and next action.","This turns the top-ranked annual-report theme into an executable document chase rather than a narrative theme. The best first move is FPL docket inventory and billing determinant workpaper mapping; the best second move is AEP Ohio executed or redacted customer obligation evidence; the best third move is Duke ESA and Anderson County project cash support.,This is workbench and proof-planning evidence only. It does not prove named customer receipts, executed customer payment obligations, project billing, contractor collections, supplier cash, debt waterfalls", or asset-level returns.,capital-flow-power-grid-customer-contract-receipt-workbench-pass-1.md,"Run the FPL SPPCRC docket inventory and billing determinant workpaper map, then follow with AEP Ohio large-load customer obligation and Duke ESA/Anderson County extraction."
CFEI-160,FPL SPPCRC is now narrowed to a docket and billing-workpaper map for customer-cash proof.,"The FPL SPPCRC docket billing workpaper map creates 10 filing-family rows: current docket inventory, petition control, project/program support, factor workpaper route, amended factor route, aggregate clause revenue, final true-up baseline, Distribution Inspection category recovery, discovery/response route, and named-cash proof verdict. It preserves key numbers: 804.620369M USD 2025 final SPPCRC clause revenue, 1.000979763B USD 2026 actual/estimated aggregate clause revenue route, 729.233535M USD final revenue requirements, 65.318726M USD true-up collected/refunded line, 16.579976M USD final over-recovery including interest, 15.942971M USD Distribution Inspection final amount, 38.500000M USD 2025 Distribution Inspection expenditures, and 58.131189M USD 2025 additions to plant.","This turns the best power/grid receipt candidate into a concrete extraction path. The next proof move is not another broad utility memo; it is Form 4P/Form 5P billing-base extraction and reconciliation against aggregate clause revenue and Distribution Inspection category recovery.,This is a docket/workpaper map only. It does not prove Distribution Inspection-specific billing determinants, billed revenue, collected customer cash, category allocation, source-of-funds, regulatory subaccount cash", or earned return.,capital-flow-fpl-sppcrc-docket-billing-workpaper-map-pass-1.md,"Run capital-flow-fpl-sppcrc-form-4p-5p-billing-base-extraction-pass-1 and reconcile rate-class factors, projected sales/billed kW, total SPPCRC cost by class, and Form 2 revenue totals."
CFEI-161,FPL Form 4P and Form 5P now provide projected billing-base and factor math for SPPCRC customer charges.,"The Form 4P/5P billing-base extraction creates 16 rows: 14 rate classes, one total row, and one amended-filing control row. The extraction covers projected sales at meter, projected avg 12 CP and GCP demand, demand loss expansion, projected generation demand, allocation percentages, demand/customer-related costs, energy-related costs, total SPPCRC cost by class, billed kW where applicable, and SPP factors. The total projected sales at meter are 128.430086092B kWh; demand/customer-related costs are 61.506076M USD; energy-related costs are 797.738317M USD; and the total projected SPPCRC cost pool is 859.244393M USD.","This upgrades FPL from factor-route visible to projected billing-base and rate-class factor math visible. It gives the next reconciliation base for testing whether factor math can bridge to aggregate clause revenue and, later, category allocation for Distribution Inspection.,This is projected billing-base evidence only. It does not prove actual customer usage, billed revenue, collected cash, Distribution Inspection-specific receipts, source-of-funds allocation, regulatory subaccount cash", or earned return. The amended DN 03227-2026 Form 4P/5P support is source-visible but not local in this extraction.,capital-flow-fpl-sppcrc-form-4p-5p-billing-base-extraction-pass-1.md,Fetch or locate DN 03227-2026 and run amended Form 4P/5P comparison; then reconcile current factor basis to Form 2 aggregate revenue and Distribution Inspection category recovery.
CFEI-162,FPL DN 03227-2026 corrects the 2027 SPPCRC Form 4P/5P allocation and factor math without changing total requested recovery.,"The amended Form 4P/5P comparison fetches DN 02560-2026 and DN 03227-2026 into the local source packet and creates 15 comparison rows across 14 rate classes plus total. The amended filing states that demand rates for 2027 SPPCRC factors were slightly overstated due to an inadvertent formula error in load-factor calculations, affecting retail separation factors and rate-class allocations but not total costs. The corrected total projected recovery pool remains 1.104884879B USD. Corrected demand factors fall materially for several classes: GSD1/GSDT1/HLFT1/GSD1-EV moves from 2.76 to 1.98 USD/kW; GSLD1/GSLDT1/CS1/CST1/HLFT2/GSLD-1EV from 2.49 to 1.98 USD/kW; GSLD2/GSLDT2/CS2/CST2/HLFT3/GSLD-2EV from 2.40 to 1.82 USD/kW; CILC D/CILC G from 2.37 to 1.83 USD/kW; and MET from 3.26 to 2.37 USD/kW.","This resolves the amended-factor source gap and establishes the corrected 2027 rate-class factor basis for the next FPL reconciliation. It also shows why corrected factors matter: total recovery can stay constant while customer-class allocation changes.,This is corrected projected factor evidence only. It does not prove actual billed revenue, collected customer cash, Distribution Inspection-specific receipts, category allocation, source-of-funds, regulatory subaccount cash", or earned return.,capital-flow-fpl-sppcrc-amended-form-4p-5p-comparison-pass-1.md,Run capital-flow-fpl-sppcrc-2027-factor-to-category-reconciliation-pass-1 to test whether corrected rate-class factor math can be reconciled to projected aggregate revenue and Distribution Inspection category recovery.
CFEI-163,FPL corrected 2027 SPPCRC factors reconcile to total projected recovery and a visible Distribution Inspection category amount.,"The factor-to-category reconciliation creates 12 rows tying Form 1P projected revenue requirement of 1.138572247B USD, current-period over-recovery of 17.107391M USD, prior-period final over-recovery of 16.579976M USD, and Form 1P jurisdictional recovery of 1.104884879B USD to corrected Form 5P. Corrected Form 5P splits the same pool into 76.334573M USD of 4CP demand-related costs and 1.028550306B USD of GNCP demand/customer and energy-related costs. Distribution Inspection is quantified as 4.140413M USD O&M plus 28.099573M USD capital, or 32.239986M USD projected category recovery.","This narrows the FPL receipt chase from broad rate recovery to a specific missing join: category allocation or billing/receipt support that ties Distribution Inspection to rate-class charges and collected cash.,This is total-recovery and category-recovery evidence only. It does not prove billed revenue, collected customer cash, Distribution Inspection-specific receipts by rate class, source-of-funds allocation, regulatory subaccount cash, earned ROE", or project return.,capital-flow-fpl-sppcrc-2027-factor-to-category-reconciliation-pass-1.md,"Find category allocation workpapers, billing determinants by rate class/month, actual billed SPPCRC revenue, collected SPPCRC revenue, regulatory subaccount/source-of-funds schedules, and earned-return workpapers."
CFEI-164,The broader annual-report theme map is now an executable next-dig queue.,"The annual-report next-dig queue creates 10 ranked theme rows across insurance/statutory asset-income, asset-backed collateral, private-credit borrower facilities, infrastructure and energy, regulated recovery, streaming/resource finance, acquisition/backlog conversion, refinancing, wealth alternatives/secondaries, and working capital. Each row names lead cases, the plain-English money question, current evidence, decisive source package, pass test, hold/fail test, next artifact, and why it should or should not be pursued next.","This turns the user's broader theme question into an operating backlog. It also re-centers the next non-FPL dig on big-money players through insurance/statutory named asset-income proof because that route can get below AUM into legal entities, named assets, income, proceeds, and spread economics.",This is a synthesis and execution-control artifact only. It does not add new primary evidence and does not prove any full source-use-receipt-waterfall-return chain across the ranked themes.,capital-flow-annual-report-next-dig-queue-pass-1.md,Run capital-flow-insurance-statutory-named-asset-income-next-dig-pass-1 as the next non-FPL big-money platform proof route.
CFEI-165,The top non-FPL annual-report dig is now scoped as insurance statutory named-asset income proof.,"The insurance statutory named-asset income next-dig pass creates 8 ranked routes across Apollo/Athene, KKR/Global Atlantic/Accordia, Blackstone insurance channel, Brookfield Wealth Solutions, BlackRock/HPS, Ares insurance-adjacent credit, Carlyle/AlpInvest secondaries, and a reusable cross-platform statutory template. It preserves the strongest current evidence: Athene has a near-reconciled 158.619095705B USD parsed Schedule D bond base, 12.732699320B USD statutory net investment income, 12.281980822B USD cash-flow net investment income, 13.601183683B USD collected gross investment income, 54.035221430B USD bond proceeds, and named Concord/AMAPS issuer routes; Accordia has a 7.318321094B USD owned-bond book and 229.507957M USD of owned-bond interest received.","This moves the broader theme work back to the big-money platform question without overclaiming. The next proof move is an Apollo-vs-KKR named asset selection pass, not a platform AUM summary.,This is a ranked proof route and synthesis artifact. It does not add new primary evidence and does not prove borrower receipt, trustee remittance, liability-cost spread, funds-held waterfall, collateral, IRR, NPV, ROIC", or final asset-level return.,capital-flow-insurance-statutory-named-asset-income-next-dig-pass-1.md,Run capital-flow-apollo-kkr-statutory-named-asset-selection-pass-1 to choose the next named CUSIP/issuer proof chase.
CFEI-166,Apollo/Athene now leads the statutory named-asset proof chase, with KKR/Accordia as the comparison lane.,"The Apollo KKR statutory named asset selection pass creates 12 rows: 6 Apollo/Athene named proceeds candidates, 5 KKR/Accordia interest/proceeds candidates, and 1 cross-platform verdict. Apollo/Athene leads with AP Aristotle, AMAPS 1, Concord Music Royalties, Eliant, AA Infrastructure Fund 2, and MF1 2025-B2 because those rows combine legal-entity cash/income evidence, same-CUSIP cash-like proceeds, and issuer/wrapper mapping. KKR/Accordia contributes the private-marker 90231*-AA-0 row, Intel, Orange, Wells Fargo, and LA Community College District as owned-interest and disposal/acquisition-continuity tests.,This converts the statutory theme into a named row-level proof queue. The next work is no longer which platform is interesting; it is which CUSIP/issuer row should receive raw row inspection, source acquisition, waterfall search, liability-cost join, and return model."",This is a selection and proof-routing artifact only. It does not prove borrower receipt, trustee remittance, legal-entity allocation, liability-cost spread, collateral waterfall, IRR, NPV, ROIC, or final platform return.",capital-flow-apollo-kkr-statutory-named-asset-selection-pass-1.md,Run the Apollo/Athene row-level proof packet for AP Aristotle AMAPS and Concord, then run Accordia disposal-coordinate extraction for Intel and Orange.
CFEI-167,Apollo/Athene now has a three-target row-level proof packet for AP Aristotle AMAPS and Concord.,"The Apollo Athene row-level proof packet creates 4 rows: AP Aristotle, AMAPS 1 LLC, Concord Music Royalties, and a three-target verdict. AP Aristotle shows 300.834391M USD year-end book value, 776.032348M USD cash-like consideration, 6.588486M USD noncash hold consideration, and 11.701981M USD disposal interest/dividends, but remains mixed because of tax-free exchange evidence. AMAPS shows 1.917500000B USD year-end book/fair value, 48.871440M USD year-end interest income, 268.000000M USD cash-like consideration, and 3.986842M USD disposal interest/dividends. Concord shows 215.167585M USD year-end book value, 229.053398M USD cash-like consideration, public 1.765B USD ABS issuance, more than 1.3M music copyrights, Apollo-affiliate structuring, and refinancing-use proxy.","This is the first named-row execution packet after the Apollo-vs-KKR selection. It separates three proof roles: AP Aristotle as high-dollar mixed paydown, AMAPS as platform-wrapper alignment, and Concord as borrower/wrapper/use proxy."",This remains below full named cash proof. It does not prove borrower receipt, trustee remittance, Athene allocation, liability-cost spread, collateral cash flow, IRR, NPV, ROIC, or final platform return.",capital-flow-apollo-athene-row-level-proof-packet-pass-1.md,Run AP Aristotle mixed-row resolution first, then AMAPS 1 and Concord controlled-document packets.
CFEI-168,AP Aristotle is now split into cash-like and noncash buckets for proof-targeting.,"The Aristotle mixed-row resolution creates 6 rows. It keeps two Schedule D Part 4 rows as cash-like consideration candidates: 250.704550M USD Paydown and 525.327798M USD Various, for 776.032348M USD total. It excludes the Schedule D Part 5 Interest Capitalization / Tax Free Exchange row of 6.588486M USD from the cash-like bucket. It keeps gain/loss on hold and treats the year-end holding row as context with 300.834391M USD book value and 28.317574M USD interest/received-field evidence.",This cleans up the largest Apollo/Athene candidate before source acquisition. The next proof step is AP Aristotle source acquisition not a cash-return claim.,This is cash/noncash classification and proof-targeting only. It does not prove bank settlement borrower receipt borrower use noteholder remittance Athene allocation lot-level continuity liability-cost spread realized gain/loss IRR NPV ROIC or platform profit.,capital-flow-apollo-athene-aristotle-mixed-row-resolution-pass-1.md,Run capital-flow-apollo-athene-aristotle-source-acquisition-packet-pass-1 to chase note documents paydown support counterparty records allocation/custodian support liability-cost schedule and return model.
CFEI-169,The annual-report corpus has a broader theme map beyond named-cash capital-flow proof.,"The broader theme expansion map creates 10 ranked theme rows across power scarcity and grid reliability, capital allocation and private markets, healthcare access and care delivery, industrial access and uptime infrastructure, built-environment upkeep, internet software and digital control layers, value retail and pressured-consumer behavior, working capital and inventory stress, acquisition rollup and backlog conversion, and debt reshaping and refinancing.",This lets the writing branch into bigger annual-report themes while preserving the named-cash capital-flow lane as evidence discipline. It separates best writing themes from best evidence themes and recommends a theme writing architecture pass as the next synthesis move.,This is synthesis and prioritization only. It does not add new primary evidence or prove full source-use-receipt-waterfall-return chains across the theme set.,annual-report-broader-theme-expansion-map-pass-1.md,Run annual-report-theme-writing-architecture-pass-1 to turn the broad theme map into a detailed writing spine with thesis subthemes company examples evidence boundaries and next research paths.
CFEI-170,The broader annual-report themes now have a writing architecture.,"The theme writing architecture creates 10 rows that turn each broad theme into a reader hook, company-example set, evidence package, chapter role, proof boundary, and next writing or research step. It separates seven reader-friendly chapters from proof-heavy exhibit themes and states the main thesis: annual reports show the economy being reorganized around scarce operating control points.",This turns the research from a list of possible digs into a practical essay plan. It keeps the capital-flow proof chain as the discipline under the broader operating themes.,This is writing architecture and synthesis only. It does not add new primary evidence and does not prove every bottleneck converts into durable cash or investment return.,annual-report-theme-writing-architecture-pass-1.md,Run annual-report-long-form-draft-pass-1 to turn the architecture into a full readable draft with seven main themes proof boxes company examples safe claims open questions and final takeaway.
CFEI-171,The broader annual-report themes now have a long-form draft.,"The long-form draft creates 14 section rows and a reader-facing essay around annual reports as maps of economic bottlenecks. It covers power scarcity, capital platforms, healthcare access, industrial uptime, built-environment upkeep, digital control, value retail, working-capital quality, acquisition/backlog conversion, and refinancing. It preserves proof boxes and explicit overclaim boundaries.",This moves the project from architecture to draftable prose while keeping the capital-flow proof chain underneath the broader operating themes.,This is a synthesis draft only. It does not add new primary evidence and does not prove full source-use-receipt-waterfall-return chains or final investment returns across the theme set.,annual-report-long-form-draft-pass-1.md,Review the draft and choose the first final essay chapter or convert the draft into a polished publication-ready version.
CFEI-172,The draft now has a chapter-selection and polish plan.,"The draft review ranks 10 chapter candidates and selects power scarcity/grid reliability as the first publication-ready chapter because it has the strongest mix of reader hook, company examples, annual-report metrics, and public proof routes. It places capital allocation/private markets second as the financing/proof anchor and industrial access/uptime third as the operating bottleneck follow-on.",This turns draft review into an executable polish sequence instead of a vague editorial choice. The next move is a polished power scarcity chapter with a compact evidence table and proof ladder from load to contract to recovery to cash.,This is a writing decision and synthesis artifact only. It does not add new primary evidence or prove that power projects have customer-cash project-return or earned-return evidence.,annual-report-draft-review-chapter-selection-pass-1.md,Run annual-report-power-scarcity-chapter-polish-pass-1 with company evidence table proof ladder safe claims and overclaim boundaries.
CFEI-173,The first polished annual-report chapter is power scarcity and grid reliability.,"The power scarcity chapter polish creates 11 rows that explain the bottleneck, proof ladder, and company examples across Constellation, Vistra, NRG, Exelon, Duke, AEP, NextEra/FPL, Sterling, and MasTec.",This moves the broader annual-report work from theme map to a publication-ready chapter spine while preserving the named-cash proof boundary.,This is still a synthesis and writing artifact. It does not prove full named customer receipts legal-entity cash movement debt waterfalls collateral certificates or project-level return models.,annual-report-power-scarcity-chapter-polish-pass-1.md,Polish the second chapter on capital allocation and private-market platforms as the financing/proof anchor.
CFEI-174,The second polished annual-report chapter explains capital platforms as money-routing infrastructure.,"The capital-platform chapter polish creates 11 rows across BlackRock, Blackstone, Apollo/Athene, KKR/Global Atlantic, Brookfield, Ares, and Carlyle. It separates capital sources, platform intake, allocation wrappers, destination classes, named assets or borrowers, and cash proof.",This answers the big-picture money-flow question at platform level while keeping the stricter named-cash proof standard visible.,This is still a synthesis and writing artifact. It does not prove borrower receipt settlement cash customer receipts legal-entity waterfalls collateral certificates or asset-level return by itself.,annual-report-capital-platforms-chapter-polish-pass-1.md,Polish the third chapter on industrial access and uptime infrastructure.
CFEI-175,The third polished annual-report chapter explains industrial access as uptime infrastructure.,"The industrial uptime chapter polish creates 11 rows across United Rentals, Fastenal, WESCO, W.W. Grainger, Applied Industrial, MSC Industrial, Watsco, Sterling, and MasTec. It separates need visibility, access visibility, conversion visibility, durability visibility, and named-cash proof.",This broadens the annual-report package from power and capital routing into the physical operating layer that keeps projects factories contractors and facilities moving.,This is still a synthesis and writing artifact. It does not prove named project collection fleet-class ROIC customer-level cash receipts borrowing-base collateral values retainage release or project-level margin.,annual-report-industrial-uptime-chapter-polish-pass-1.md,Polish the fourth chapter on healthcare access and care delivery.
CFEI-176,The fourth polished annual-report chapter explains healthcare access as burden-transfer infrastructure.,"The healthcare access chapter polish creates 11 rows across UnitedHealth, Cigna, DaVita, Option Care, Addus, BrightSpring, and Enhabit. It separates demand visibility, access visibility, reimbursement visibility, operating conversion visibility, and trust/cash proof.",This adds the human and institutional bottleneck chapter: who organizes care payment pharmacy routing recurring treatment home support and skilled delivery under cost and labor pressure.,This is still a synthesis and writing artifact. It does not prove durable reimbursement patient outcomes care quality denial fairness service-line cash conversion receivable collection or trust.,annual-report-healthcare-access-chapter-polish-pass-1.md,Polish the fifth chapter on built-environment upkeep.
CFEI-177,The fifth polished annual-report chapter explains built-environment upkeep as shelter-burden infrastructure.,"The built-environment chapter polish creates 11 rows across Home Depot, Lowe's, Builders FirstSource, Sherwin-Williams, West Fraser, Ferguson, and Core & Main. It separates burden visibility, channel visibility, demand-lane visibility, conversion visibility, and cash/return proof.",This adds the housing-and-infrastructure chapter: expensive shelter and aging assets redirect spending toward upkeep repair replacement Pro workflow coatings lumber waterworks and civic infrastructure.,This is still a synthesis and writing artifact. It does not prove project-level receipts branch-level cash conversion inventory turns by category acquisition returns mill-level ROIC contractor cohort profitability or municipal funding realization.,annual-report-built-environment-chapter-polish-pass-1.md,Polish the sixth chapter on digital control layers.
CFEI-178,The sixth polished annual-report chapter explains digital control layers as trust infrastructure.,"The digital control chapter polish creates 11 rows across Cloudflare, Akamai, Fastly, Zscaler, Fortinet, DigitalOcean, and Roblox. It separates activity visibility, control-point visibility, demand visibility, conversion visibility, and durable-control proof.",This adds the digital bottleneck chapter: online work commerce AI traffic security developer infrastructure and participatory worlds need systems that allow block route secure execute and govern interactions.,This is still a synthesis and writing artifact. It does not prove durable operating leverage product-level cash conversion workload-level profitability AI traffic monetization customer-level retention safety-governance adequacy or long-cycle renewal economics.,annual-report-digital-control-chapter-polish-pass-1.md,Polish the seventh chapter on value retail and pressured consumer behavior.
CFEI-179,The seventh polished annual-report chapter explains value retail as pressured-consumer regret management.,"The value retail chapter polish creates 11 rows across Costco, Walmart, Target, Dollar General, Dollar Tree, Burlington, and Ollie's. It separates pressure visibility, trip-job visibility, customer signal visibility, operating conversion visibility, and durable value proof.",This adds the consumer chapter: pressured households split the wallet by job instead of simply trading down to the cheapest store.,This is still a synthesis and writing artifact. It does not prove durable customer cohort quality channel-level cash conversion inventory-turn strength by category shrink control membership renewal quality advertising trust effects or long-term margin durability.,annual-report-value-retail-chapter-polish-pass-1.md,Package the polished chapter spines and proof boxes into a final annual-report theme synthesis.
CFEI-180,The annual-report theme package now has a final synthesis layer.,"The final theme synthesis package creates 12 rows that combine seven polished chapter spines with three proof boxes: working capital, acquisition/backlog conversion, and refinancing/debt reshaping.",This answers what the annual-report work found at package level and gives a reader-facing structure with proof boundaries.,This is still a synthesis and writing artifact. It is not final named-cash proof across every company project borrower receipt waterfall or return model.,annual-report-final-theme-synthesis-package-pass-1.md,Write the continuous reader-facing essay with exhibits from the package.
CFEI-181,The annual-report theme package now has a continuous reader-facing essay draft.,The reader-facing essay creates 14 rows and a continuous essay titled Annual Reports Are Maps Of Economic Bottlenecks. It integrates the seven polished chapters and three proof boxes into one readable argument.,This moves the package from chapter spines into publication-style prose while preserving explicit proof boundaries.,This is still synthesis writing. It is not complete named-cash proof across every company borrower project receipt waterfall or return model.,annual-report-reader-facing-essay-pass-1.md,Create the exhibit package for the reader-facing essay.
CFEI-182,The reader-facing essay now has a compact exhibit package.,"The reader exhibit package creates 8 rows and seven reusable exhibits: whole map, money-flow ladder, chapter proof table, three proof boxes, overclaim guardrail, reader roadmap, and final one-page thesis.",This gives the essay practical tables and boxes for publication review without weakening the proof boundaries.,This is still synthesis writing. It does not add new primary evidence or upgrade any theme to complete named-cash proof.,annual-report-reader-exhibit-package-pass-1.md,Run final review and publication-readiness pass for the essay plus exhibits.
CFEI-183,The annual-report essay package is publication-ready with boundaries.,"The publication-readiness review creates 12 rows that review package status, opening thesis, exhibit placement, seven chapters, proof boxes, and final verdict.",This converts the essay and exhibits into safe-claim and forbidden-claim publication controls.,This is still synthesis review. It does not add new primary evidence or complete named-cash proof.,annual-report-publication-readiness-review-pass-1.md,Format the final article and source-note package.
CFEI-184,The annual-report package now has a final article and source-note handoff.,"The final article source-note package creates 14 rows and a reader-facing draft with title, subtitle, seven themes, proof boxes, exhibits, source notes, safe article claim, and final boundary.",This turns the annual-report theme work into a publishable writing base while keeping the named-cash proof boundary visible.,This is still synthesis writing. It does not add new primary evidence or prove every source-to-receipt-to-return chain.,annual-report-final-article-source-note-package-pass-1.md,Create final formatted publication draft or continue separate named-cash deep dives.
CFEI-185,The annual-report package now has a clean final publication draft.,"The final publication draft creates 14 control rows and a finished reader-facing article with title, subtitle, whole-map exhibit, seven theme sections, money-flow ladder, chapter proof table, proof boxes, overclaim guardrail, source notes, and final boundary.",This gives the broader annual-report theme work a direct reader-review artifact rather than another planning memo.,This remains a bounded synthesis. It is not a stock recommendation or complete named-cash proof.,annual-report-final-publication-draft-pass-1.md,Reader review citation polishing or separate named-cash deep dives.
CFEI-186,The final annual-report draft now has a public citation polish map.,"The public citation polish pass creates 12 rows that map article claims to internal support, public citation needs, boundaries, reader-review uses, and external-release next actions.",This tells the user what can be reviewed now and what must receive public source citations before external release.,This is still citation control. It does not add new primary evidence or replace company filings tariffs statutory schedules or source documents.,annual-report-public-citation-polish-pass-1.md,Reader review the final draft or attach public source citations for external release.
CFEI-187,The final annual-report draft now has a public citation acquisition queue.,"The public citation acquisition queue creates 14 rows that identify source packets for article framing, power, FPL regulated recovery, data-center load, capital platforms, statutory asset income, industrial uptime, healthcare access, built environment, digital control, value retail, proof boxes, external citation list, and overclaim review.",This turns citation polishing into an executable source-collection checklist for external publication.,This is still queue control. It does not fetch public sources or replace required primary filings dockets schedules and annual reports.,annual-report-public-citation-acquisition-queue-pass-1.md,Collect public source citations or soften unsupported company-specific claims before external release.
CFEI-188,The final annual-report draft now has a paragraph-level overclaim review.,"The paragraph overclaim review creates 24 rows that map draft areas to claim type, decision, required action, overclaim risk, internal reader-review status, external-publication status, and next action.",This gives the final draft an editorial gate: keep synthesis claims cite company-specific claims preserve boundaries and avoid recommendation language.,This is still editorial control. It does not add new primary evidence or make the article externally publishable without public citations.,annual-report-paragraph-overclaim-review-pass-1.md,Reader review the final draft or attach citations section by section.
CFEI-189,The final annual-report draft now has a human reader-review packet.,"The reader-review packet creates 16 rows that ask targeted questions about thesis clarity, theme coherence, money-flow explanation, proof boxes, citation priorities, boundaries, length, and final takeaway.",This turns the finished draft into a practical human-review handoff rather than another research artifact.,This is still reader-review control. It does not add new evidence citations or named-cash proof.,annual-report-reader-review-packet-pass-1.md,Use the reader-review packet to review the final draft.
CFEI-190,The annual-report article now has a first public citation source list.,"The public citation source list creates 25 rows with public URLs and local paths for capital-platform, FPL/power, data-center, backlog, and private-credit proof-box source packets.",This starts actual citation coverage for the highest-risk claims instead of only queuing citation work.,This is partial citation coverage. It does not complete public citation coverage for all seven themes or prove full named-cash chains.,annual-report-public-citation-source-list-pass-1.md,Expand citations for industrial healthcare built-environment digital-control and value-retail themes.
CFEI-191,The annual-report package now has a ranked review of other theme digs beyond the named-cash lane.,"The theme expansion next-dig review creates 14 rows across power/grid, insurance/statutory income, collateral, private-credit borrower facilities, infrastructure, healthcare, industrial uptime, built environment, digital control, value retail, working capital, acquisitions/backlog, refinancing, and wealth alternatives.",This separates article-ready themes from evidence-deepening themes and identifies which proof documents would turn each theme from narrative into cash-testable work.,This does not add new primary evidence or prove any theme has reached full source-use-receipt-waterfall-return proof.,annual-report-theme-expansion-next-dig-review-pass-1.md,Choose either writing polish or one deep proof lane: power/grid customer cash or insurance/statutory named asset income.
CFEI-192,The annual-report package now has a practical theme-selection work order.,"The theme-selection work order creates 8 rows that rank power/grid customer cash, insurance/statutory named asset income, asset-backed collateral, private-credit borrower facilities, infrastructure output, healthcare reimbursement, industrial uptime, and writing finalization.",This turns the many-theme map into a decision system: choose power/grid for strongest public proof insurance/statutory income for the big-money-player answer or final citation-gap closure for fastest article progress.,This does not prove new cash movement; it defines next executable proof choices and pass/hold tests.,annual-report-theme-selection-work-order-pass-1.md,Run power/grid customer cash proof work order or final reader draft citation-gap closure.
CFEI-193,The top annual-report research lane now has a power/grid customer-cash proof work order.,"The power/grid work order creates 8 rows across FPL customer receipts, AEP large-load obligations, Duke ESA/project recovery, Sterling/MasTec contractor cash conversion, turbine supplier cash route, NextEra/Meta named contract economics, outside denominators, and article claim control.",This executes the theme-selection decision by turning the power chapter into a cash-testable research lane with specific pass and hold gates.,This does not prove new customer receipts contractor collections supplier cash debt waterfalls or earned return.,annual-report-power-grid-customer-cash-proof-work-order-pass-1.md,Run FPL Distribution Inspection receipt chase first then AEP large-load obligation proof.
CFEI-194,The annual-report work now has a complete wrap-up synthesis and stopping point.,"The complete wrap-up synthesis creates 15 rows and a standalone memo that consolidates the final thesis, seven themes, three proof boxes, named-cash boundary, wrapped artifacts, future-work roadmap, and final article claim.",This closes the broad annual-report package as writing-ready with proof boundaries instead of continuing to expand proof lanes indefinitely.,This does not convert the article into full named-cash proof or external publication with complete public citations.,annual-report-complete-wrapup-synthesis-pass-1.md,Use the wrap-up as the final writing handoff; keep further proof digs separate.
CFEI-195,The extra themes from the 519-company scan now have a first-principles writeup.,"The extra-themes writeup creates 10 rows and a detailed plain-English companion across debt reshaping, acquisition/rollup finance, asset-backed collateral, capital-intensive buildout, government/public funding, water/civic infrastructure, energy logistics, electrification equipment, private-market liquidity, and bank coexistence/replacement.",This preserves the additional themes as proof machinery under the main article rather than losing them after the seven reader chapters.,This does not add new primary evidence or upgrade any extra theme to full cash-return proof.,annual-report-extra-themes-first-principles-writeup-pass-1.md,Use as wrap-up companion and evidence checklist for future deep dives.
CFEI-196,The annual-report package now has an all-sector coverage review for the 519-company folder.,"The all-sector coverage review creates 17 rows separating full packet coverage, full triage coverage, 50 deep company-analysis files, sector-by-sector coverage, societal theme gaps, and the recommended all-sector expansion pass.",This corrects the scope: the corpus covers 519 packets and 519 triage rows but the final article is a promoted-theme synthesis not equal deep analysis across every sector.,This does not itself add the missing sector chapters or prove full coverage of consumer services real estate materials labor and cultural themes.,annual-report-all-sector-theme-coverage-review-pass-1.md,Run annual-report-all-sector-theme-expansion-pass-1 if full sector breadth is required.
CFEI-197,The annual-report package now has an all-sector first-principles expansion companion.,"The all-sector expansion creates 12 rows across technology, services, industrial goods, consumer goods, basic materials, healthcare, energy, financials, real estate, utilities, labor, and trust.",This broadens the article beyond the strongest capital-flow clusters and gives every major sector a plain-English pressure mechanism proof boundary and writing use.,This is still synthesis from the existing folder not new primary evidence or full deep coverage of all 519 companies.,annual-report-all-sector-theme-expansion-pass-1.md,Use as the sector-breadth companion for final article writing.
CFEI-198,The annual-report package now has an executable undercovered-industry deep-dive work order.,"The work order creates 8 ranked rows for services/cultural consumption, consumer goods/household identity, basic materials/input scarcity, real estate/location scarcity, broad technology, healthcare devices/labs/drugstores, energy affordability/upstream/refining, and ordinary finance.",This turns the remaining broad-sector gaps into an end-to-end research goal with representative company packets first-principles questions extraction targets output requirements and proof boundaries.,This does not complete the deep dives or add new source extraction yet.,annual-report-undercovered-industry-deep-dive-work-order-pass-1.md,Execute annual-report-undercovered-industry-theme-synthesis-pass-1 from this queue.
CFEI-199,The annual-report package now has a broad end-to-end goal that separates theme synthesis from cash-proof verification.,"The broad-theme goal creates 9 rows covering the whole project goal, societal/cultural themes, industrial/physical systems, healthcare/human capacity, technology/control, finance/investment money movement, the cash-proof layer, the current remaining work, and the done definition.",This clarifies that the project is about social cultural industrial financial and investment themes across the 519-company folder while cash proof remains the hard evidence layer for specific money-movement claims.,This does not attach public citations replace primary source evidence or prove exact named-company cash movement.,annual-report-broad-theme-end-to-end-goal-pass-1.md,Use as the operating charter for citation hardening public-release formatting and optional named-cash appendix.
CFEI-200,The annual-report package now has a writing-ready synthesis for the undercovered industry themes.,"The undercovered-industry synthesis creates 8 rows and detailed sections for services/cultural consumption, consumer goods/household identity, basic materials/input scarcity, real estate/location scarcity, broad technology, healthcare medical infrastructure, energy affordability, and ordinary finance.",This executes the broad-theme goal by adding social cultural industrial healthcare technology energy real-estate and ordinary-finance breadth to the final annual-report thesis.,This is still article-grade synthesis not exact company-level cash movement receipt collection legal-entity allocation collateral performance debt waterfalls or investment return proof.,annual-report-undercovered-industry-theme-synthesis-pass-1.md,Use as the final integration companion for sector breadth.
CFEI-201,The annual-report package now has a final integrated 15-theme map.,"The integrated map creates 15 rows combining the 7 core chapter themes with 8 expansion themes across services, consumer goods, materials, real estate, broad technology, healthcare infrastructure, energy affordability, and ordinary finance.",This gives the final article one complete theme map that reflects the wider 519-company folder instead of only the strongest original evidence clusters.,This is a writing structure and bounded synthesis not proof that every company has been deeply analyzed or that every theme has named-cash proof.,annual-report-final-integrated-theme-map-pass-1.md,Use as the final article rewrite map.
CFEI-202,The annual-report package now has an integrated final publication draft using the full 15-theme map.,"The integrated final draft creates 20 control rows and a continuous article that combines the original seven core chapters with eight expansion sections covering services, consumer goods, materials, real estate, broad technology, healthcare infrastructure, energy affordability, and ordinary finance.",This converts the broader 519-company theme map into a reader-facing draft rather than leaving sector breadth in companion memos.,This remains a bounded synthesis and should not be used as a stock recommendation or complete named-cash proof.,annual-report-integrated-final-publication-draft-pass-1.md,Use as the current final reader draft.
CFEI-203,The integrated final publication draft now has a citation and overclaim gate.,"The gate creates 20 section-level rows covering the title, opening thesis, complete 15-theme map, seven core sections, eight expansion sections, proof rule, and final takeaway.",This marks the integrated draft ready for internal reader review while identifying the public citation package needed before external release.,This does not attach public citations or upgrade the draft to named-cash proof.,annual-report-integrated-draft-citation-overclaim-gate-pass-1.md,Use as reader-review and public-citation gate for the integrated draft.
CFEI-204,The integrated 15-theme article now has a public citation source queue.,"The citation queue creates 17 source-packet rows covering the opening map, all 15 article themes, and the final proof boundary.",This turns the integrated draft's external-publication gap into an executable citation attachment queue instead of another rewrite task.,This does not fetch or attach the public citations and does not upgrade the article to named-cash proof.,annual-report-integrated-15-theme-public-citation-queue-pass-1.md,Use as the next public source attachment work order.
CFEI-205,The integrated 15-theme article now has a source-note appendix.,"The source-note appendix creates 17 rows mapping each article theme to usable local synthesis anchors, local packet anchors, public source needs, citation refresh gaps, and proof boundaries.",This gives the integrated draft a practical source-note layer while making clear which broad-sector citations still need refresh before external publication.,This does not verify every old packet source pointer attach all public filings or upgrade any theme to named-cash proof.,annual-report-integrated-article-source-note-appendix-pass-1.md,Use as the internal source-note appendix and citation-refresh checklist.
CFEI-206,The integrated annual-report article now has a final handoff checklist.,"The handoff checklist creates 12 rows covering the broad goal, undercovered work order, undercovered synthesis, final integrated map, integrated draft, citation gate, public citation queue, source-note appendix, public citation gap, external-publication gap, optional named-cash appendix, and final stop condition.",This clarifies that the article is internally reader-ready and that further broad theme expansion is optional; the remaining required work for public release is citation attachment source refresh and public-release formatting.,This does not attach public citations or make the article externally publication-ready.,annual-report-integrated-article-final-handoff-checklist-pass-1.md,Use as the current stop-condition and handoff checklist.
CFEI-207,The integrated annual-report article now has a final reader edit for no-background clarity.,"The reader edit creates 8 rows and updates the integrated draft with a reader orientation plus first-principles bridges for power, capital platforms, industrial uptime, healthcare access, built-environment upkeep, digital control, value retail, and the eight expansion themes.",This makes the article easier to read without knowing the prior research history while preserving the difference between theme synthesis and named-cash proof.,This does not attach public citations make the article externally publication-ready or prove exact source-to-receipt-to-return cash movement.,annual-report-integrated-final-reader-edit-pass-1.md,Use as the final reader-edit record before citation attachment or optional named-cash appendix.
CFEI-208,The integrated annual-report article now has first public citation anchors attached to priority-1 sections.,"The priority-1 citation attachment pass creates 4 rows and adds source-anchor blocks to the integrated draft for power scarcity, capital platforms, and the final proof rule using 12 public sources from the existing citation source list.",This moves the article from purely internal reader-ready toward public-release hardening for the highest-risk sections.,This does not complete citation coverage for all 15 themes make the article externally publication-ready or prove exact source-to-receipt-to-return cash movement.,annual-report-integrated-priority1-citation-attachment-pass-1.md,Continue citation attachment for the remaining article sections.
CFEI-209,The integrated annual-report article now has public citation anchors attached to priority-2 sections.,"The priority-2 citation attachment pass creates 6 rows and adds source-anchor blocks to the integrated draft for industrial uptime, healthcare access, built-environment upkeep, digital control, and value retail.",Combined with priority-1 the article now has partial citation coverage for 8 of the 15 sections that need public hardening.,This does not complete citation coverage for the expansion themes make the article externally publication-ready or prove exact named-cash movement.,annual-report-integrated-priority2-citation-attachment-pass-1.md,Continue citation attachment for services consumer goods materials real estate broad technology medical infrastructure energy and ordinary finance.
CFEI-210,The integrated annual-report article now has representative public source anchors across all 15 themes.,"The priority-3 citation attachment pass creates 9 rows and adds source-anchor blocks to the remaining expansion sections: services/culture, consumer goods, materials, real estate, broad technology, healthcare infrastructure, energy, and ordinary finance.",Combined with priority-1 and priority-2 the article now has section-level public citation anchors for all 15 article themes plus the proof rule.,This does not complete sentence-level footnoting direct URL refresh for every investor page metric verification final formatting or exact named-cash proof.,annual-report-integrated-priority3-citation-attachment-pass-1.md,Run final citation formatting and overclaim audit before public release.
CFEI-211,The integrated annual-report article now has a final citation-readiness audit.,"The final citation-readiness audit creates 6 rows covering section-anchor citation coverage, direct URL refresh, metric verification gaps, named-cash proof boundaries, reader readiness, and public-release blockers.",This gives the article a concrete stop point: internally reader-ready and section-anchor cited but still needing final citation formatting and metric-level checks before public release.,This does not complete sentence-level footnoting metric verification final public formatting or named-cash proof.,annual-report-integrated-final-citation-readiness-audit-pass-1.md,Use as the stop-point audit before final public formatting.
CFEI-212,The integrated annual-report article now has a sentence-level metric-risk audit.,"The sentence metric audit creates 12 rows covering the 519 corpus count, 15 themes, 7 core themes, 8 expansion themes, 16 source-anchor blocks, named company examples, filing labels, synthesis claims, named metric risk, cash-proof claims, investment-advice risk, remaining blocker, and stop condition.",This confirms that the current article is low-risk on explicit numeric claims because its hard numbers are mostly structural project counts while company-specific operating claims are section-anchor cited.,This does not complete final citation formatting link verification immediately before release or named-cash proof.,annual-report-integrated-sentence-metric-audit-pass-1.md,Use as the metric-risk audit before final public formatting.
CFEI-213,The integrated annual-report article now has a final public-formatting pass and release-candidate state.,"The final public-formatting pass creates 6 rows covering the article body, source-anchor layer, metric-risk layer, proof-boundary layer, publication handoff, and final stop condition.",This marks the package as a release-candidate public draft: internally reader-ready section-anchor cited across all 15 themes plus the proof rule and metric-risk audited.,This does not mean the article has been externally published release-time links have been rechecked or exact named-cash proof has been completed.,annual-report-integrated-final-public-formatting-pass-1.md,Use as the release-candidate handoff before final link verification and publication.
CFEI-214,The integrated annual-report article now has a clean release-time link check.,"The link-check pass creates 5 rows covering all article URLs, SEC archive URLs, PSC/regulatory URLs, investor/company URLs, and the publication stop condition. After replacing the MasTec, Cigna, and Broadcom issue anchors, it checked 58 unique URLs and all 58 opened with HTTP 200.",This proves the release candidate has clean live-link coverage as of this check.,This does not mean the article is externally published that links cannot change later or that named-cash proof has been completed.,annual-report-integrated-release-link-check-pass-1.md,Use as clean link-check evidence and recheck immediately before external release.
CFEI-215,The annual-report project now has one integrated meaty end-to-end goal.,"The integrated goal pass creates 10 rows connecting the broad 519 company theme synthesis, company/sector evidence map, money-movement map, named-cash proof layer, safe-claim rules, and finish-line definitions.",This gives the project one front door: publish the broad first-principles article with proof boundaries while treating named-cash proof as the harder verification appendix or follow-on proof program.,This does not create new primary evidence prove every company in the folder or complete a full named-cash proof chain.,annual-report-integrated-meaty-end-to-end-goal-pass-1.md,Use as the controlling goal statement for final writeup and next proof decisions.
CFEI-216,The annual-report project now has a final front-door guide.,"The front-door pass now creates 12 rows and a read-this-first page that points to the main article, integrated goal, what-else theme map, big findings page, 15-theme map, link check, handoff checklist, capital-flow goal, and named-cash proof status matrix.","This makes the wrapped project usable: a reader can see what to open, what was found, what the work actually tells us, what is done, what is not proven, and whether the next move should be writing or targeted proof.",This does not add new primary evidence complete external publication or upgrade any named cash proof hold.,annual-report-final-project-front-door-pass-1.md,Use as the read-this-first page for the wrapped annual-report project.
CFEI-217,The annual-report project now has a final completion audit for the broad synthesis.,"The completion audit now creates 15 rows checking the integrated goal, broad scope, 519-company theme base, 15-theme map, reader-facing article, source anchors, link check, overclaim audit, named-cash proof status, stop point, what-else theme map, big findings page, all 15 expanded theme pages, the final expanded atlas wrap, and reader navigation to the completed atlas.","This supports a clean decision: broad theme expansion can stop and detailed theme/subtheme writing can begin from the completed atlas, while the what-else and big-findings pages give readers a plain-language entry before any named-cash proof appendix.",This does not complete external publication formatting final pre-release link recheck or full named-cash proof.,annual-report-final-completion-audit-pass-1.md,Use as the broad-project completion audit and stop point.
CFEI-218,The annual-report project now has a dedicated 15-theme first-principles deep dive.,"The deep-dive pass creates 15 rows and a standalone page giving each theme its own first-principles claim, subthemes, money path, safe claim, and proof boundary.",This answers the user-facing need for detailed theme/subtheme material instead of only a compressed final article or index of files.,This does not add new primary evidence replace source-anchor citation work or upgrade any exact money-movement claim to named-cash proof.,annual-report-15-theme-first-principles-deep-dive-pass-1.md,Use as the detailed theme/subtheme writing base.
CFEI-219,The annual-report project now has standalone no-background pages for each theme.,"The theme-pages pass creates an index with 15 rows and 15 separate theme pages. Each page now starts with a plain What This Is section and term definitions before moving into the core claim, subthemes, money path, social/industrial meaning, safe claim, overclaim warning, and proof needs.",This gives the writing work the missing depth and usability: each theme can be read independently by someone who does not already know the sector language.,This does not add new primary evidence complete venue-specific citation formatting or convert theme evidence into named-cash proof.,annual-report-theme-pages-index-pass-1.md,Use as the index for standalone no-background theme pages.
CFEI-220,The annual-report project now has a 75-row company-to-theme matrix.,"The company-to-theme matrix creates 75 rows across 15 themes, with 5 starting companies per theme and fields for subtheme, plain business description, money path, proof metric, disproof test, source anchor, and claim status.",This answers the practical question beneath the theme work: which companies should be read first what each one shows how the money moves and what evidence is still needed before stronger claims.,This does not prove every listed company replace primary filings or upgrade theme-level examples into full named-cash proof.,annual-report-company-to-theme-matrix-pass-1.md,Use as the company/example workbench under the theme pages.
CFEI-221,The annual-report project now has a theme evidence-depth scorecard.,"The scorecard creates 15 rows that summarize the 75 company-to-theme rows by source-visible count, theme-candidate count, queued-candidate count, readiness level, main gap, and next evidence job.",This separates writing-ready themes from company-proof-rich themes so the next work can focus on extraction instead of more high-level brainstorming.,This does not create new primary evidence or make all company examples equally proven.,annual-report-theme-evidence-depth-scorecard-pass-1.md,Use as the extraction-priority scorecard beneath the company-to-theme matrix.
CFEI-222,The annual-report project now has a 30-row theme extraction workbench.,"The workbench converts the company matrix and evidence-depth scorecard into 30 prioritized extraction tasks with source targets, fields to extract, supported claim, boundary, and expected output artifact.",This turns the remaining work into concrete source-pull tasks instead of more abstract theme discussion.,This does not mean the listed extraction tasks have been completed or that the workbench is primary evidence.,annual-report-theme-extraction-workbench-pass-1.md,Use as the next source-pull and extraction queue.
CFEI-223,BlackRock has been upgraded to platform-scale source-visible status in the annual-report capital-platform theme.,"The BlackRock extraction creates 12 rows covering FY2025 AUM, net inflows, revenue, adjusted operating margin, technology-services revenue, HPS client AUM, HPS fee-paying AUM, Q2 2026 AUM, Q2 inflows, H1 inflows, Q2 adjusted margin, and Preqin/private-market data workflow.",This fills the largest missing big-money platform row: BlackRock can now be used as the whole-portfolio infrastructure example alongside Blackstone Apollo/Athene KKR/Global Atlantic and Brookfield.,This does not prove named HPS borrower receipt use of proceeds collateral performance repayment or final asset-level return.,annual-report-blackrock-capital-platform-extraction-pass-1.md,Use as platform-scale BlackRock support while keeping HPS named-borrower proof open.
CFEI-224,Costco has been upgraded to source-visible status in the annual-report value-retail theme.,"The Costco extraction creates 12 rows covering FY2025 net sales, net sales growth, total revenue, membership fees, net income, Q3 2026 net sales, Q3 growth, total company comparable sales, adjusted comparable sales, digitally enabled comparable sales, customer mechanism, and business mechanism.",This gives the value-retail theme its first source-visible company case and supports Costco as the paid-access trusted-value example.,This does not prove the whole consumer is healthy unlimited membership pricing power category-level unit growth or full cash-quality proof.,annual-report-costco-value-retail-extraction-pass-1.md,Use as Costco value-access support while keeping renewal traffic inventory and cash-quality proof open.
CFEI-225,Walmart has been upgraded to source-visible status in the annual-report value-retail theme.,"The Walmart extraction creates 12 rows covering FY2026 revenue growth, adjusted profit growth, global eCommerce growth, Q1 2026 revenue growth, operating income growth, advertising growth, U.S. eCommerce growth, Walmart Connect growth, membership fee income growth, operating cash flow, free cash flow, and retail-ecosystem mechanism.",This gives value retail a second source-visible case and separates Walmart's basket-consolidation platform model from Costco's paid-access model.,This does not prove the whole consumer is healthy eCommerce cash quality advertising customer benefit or membership renewal durability.,annual-report-walmart-value-retail-extraction-pass-1.md,Use as Walmart retail-ecosystem support while keeping traffic basket margin and fulfillment economics open.
CFEI-226,Target has been upgraded to source-visible status in the annual-report value-retail theme.,"The Target extraction creates 12 rows covering FY2025 net sales decline, net sales, operating income decline, operating income, Q4 2025 non-merchandise sales growth, membership revenue growth, marketplace growth, same-day delivery growth, Q1 2026 net sales growth, comparable sales growth, digital comparable sales growth, and capex growth.",This gives value retail a third source-visible case and adds the pressured-middle repair pattern beside Costco's paid-access model and Walmart's basket-consolidation ecosystem.,"This does not prove the middle-income consumer is healthy, that Target's second-layer growth fixes the core basket, or that membership, delivery, marketplace, and digital growth have durable cash quality.",annual-report-target-discretionary-stress-extraction-pass-1.md,"Use as Target discretionary-stress support while keeping traffic, ticket, margin, shrink, inventory, renewal, fulfillment, and cash-quality proof open."
CFEI-227,Dollar General has been upgraded to source-visible status in the annual-report value-retail theme.,"The Dollar General extraction creates 12 rows covering fiscal 2025 store count, sales growth, sales, same-store sales growth, EPS growth, EPS, consumables sales mix, customer mechanism, operating mechanism, Q1 2026 traffic growth, gross-margin improvement, and gross margin.","This gives value retail a fourth source-visible case and adds the neighborhood replenishment/proximity pattern beside Costco paid access, Walmart basket consolidation, and Target pressured-middle repair.","This does not prove lower-income households are healthy, that consumables mix is high quality, or that traffic growth automatically converts into durable cash after shrink, labor, inventory, and working-capital costs.",annual-report-dollar-general-value-retail-extraction-pass-1.md,"Use as Dollar General proximity-value support while keeping traffic/ticket, consumables margin, shrink, labor, inventory turn, remodel productivity, operating cash flow, and free cash flow open."
CFEI-228,Burlington has been upgraded to source-visible status and completes the first-pass value-retail company packet.,"The Burlington extraction creates 12 rows covering fiscal 2025 store count, store-native sales mix, gross square feet, selling square feet, distribution centers, ABL commitment, remaining borrowing capacity, Q3 2025 sales and comp growth, Q4 2025 sales and comp growth, and Q1 2026 sales and comp growth.","This gives value retail five source-visible mechanisms: Costco paid-access trust, Walmart basket consolidation, Target pressured-middle repair, Dollar General proximity replenishment, and Burlington off-price bargain discovery.","This does not prove durable discretionary consumer health, permanent branded-inventory advantage, store productivity, inventory-to-cash quality, or long-term off-price margin durability.",annual-report-burlington-off-price-value-extraction-pass-1.md,"Use as Burlington off-price support while keeping traffic/ticket, merchandise margin, markdowns, inventory turn, shrink, new-store productivity, operating cash flow, free cash flow, and ABL borrowing-base proof open."
CFEI-229,UnitedHealth has been upgraded to source-visible status in the annual-report healthcare-access theme.,"The UnitedHealth extraction creates 12 rows covering FY2025 revenue, earnings from operations, net margin, adjusted EPS, Q1 2026 revenue, Q1 earnings from operations, Q1 net margin, Q1 adjusted EPS, Q2 2026 revenue, Q2 earnings from operations, 2026 adjusted EPS guidance, and expected operating cash flow.","This gives healthcare access its first source-visible company case and frames UnitedHealth as a healthcare control plane where premiums, claims, care delivery, pharmacy economics, data/workflow, regulation, trust, and operating cash flow interact.","This does not prove better care, fair access, painless claims, transparent pharmacy economics, patient outcomes, or full payer-to-provider cash collection.",annual-report-unitedhealth-healthcare-access-extraction-pass-1.md,"Use as UnitedHealth healthcare-control support while keeping medical care ratio, claims payable, receivables, Optum segment economics, care-delivery volume, pharmacy economics, and operating cash-flow bridge open."
CFEI-230,Cigna has been upgraded to source-visible status in the annual-report healthcare-access theme.,"The Cigna extraction creates 12 rows covering FY2025 total revenue growth, total revenues, shareholders net income, adjusted income from operations, adjusted income per share, Q4 2025 revenues and adjusted income from operations, Q1 2026 revenues, adjusted income from operations, debt-to-capitalization, Q2 2026 revenues, Q2 adjusted income from operations, and raised 2026 adjusted income outlook.",This gives healthcare access a second source-visible payer-side case and separates Cigna benefits/pharmacy routing from UnitedHealth broader care-delivery control-plane repair.,"This does not prove healthcare affordability, fair access, patient outcomes, transparent pharmacy-benefit economics, client retention durability, or full healthcare cash collection.",annual-report-cigna-healthcare-routing-extraction-pass-1.md,"Use as Cigna benefits/pharmacy routing support while keeping segment revenue and margin, premium revenue, pharmacy-service revenue, medical care ratio, claims payable, receivables, client retention, specialty pharmacy economics, operating cash flow, and free cash flow open."
CFEI-231,DaVita has been upgraded to source-visible status in the annual-report healthcare-access theme.,"The DaVita extraction creates 12 rows covering FY2025 revenue and operating income, Q4 operating cash flow, Q1 2026 revenue, operating income, operating cash flow, U.S. treatments per day, Q2 2026 revenue, operating income, operating cash flow, U.S. treatments per day, and risk-based kidney-care patients tied to annualized medical spend.",This gives healthcare access a third source-visible mechanism and adds the recurring dialysis care-site pattern beside UnitedHealth payer/control-plane evidence and Cigna benefits/pharmacy routing evidence.,"This does not prove care quality, patient outcomes, affordability, payer-mix durability, treatment-level cash receipts, site-level return, or risk-contract profitability.",annual-report-davita-care-site-extraction-pass-1.md,"Use as DaVita dialysis care-site support while keeping revenue per treatment, patient care cost per treatment, payer mix, center utilization, labor, receivables, capex, debt, free cash flow, and quality/outcome proof open."
CFEI-232,Addus has been upgraded to source-visible status in the annual-report healthcare-access theme.,"The Addus extraction creates 12 rows covering FY2025 revenue, net income, adjusted EBITDA, Q4 2025 revenue, net income, operating cash flow, Q1 2026 revenue, net income, adjusted EBITDA, operating cash flow, Q2 2026 revenue, net income, adjusted EBITDA, operating cash flow, and Q2 2026 personal-care, hospice, and home-health revenue mix.","This gives healthcare access a fourth source-visible mechanism and adds the aging-in-place home-care labor/reimbursement pattern beside UnitedHealth payer control, Cigna benefits/pharmacy routing, and DaVita dialysis care-site evidence.","This does not prove patient outcomes, caregiver adequacy, reimbursement-rate durability, acquisition returns, service-line cash collection, or branch-level free cash flow.",annual-report-addus-home-care-extraction-pass-1.md,"Use as Addus home-care support while keeping billable hours, visit volume, caregiver hiring and retention, wage pass-through, payer mix, receivables, collections, branch density, acquisition economics, free cash flow, and quality/outcome proof open."
CFEI-233,Option Care has been upgraded to source-visible status and completes the first-pass annual-report healthcare-access company packet.,"The Option Care extraction creates 12 rows covering Q4 2025 net revenue, revenue growth, cash-generation setup, Q1 2026 net revenue, GAAP net income, adjusted EBITDA, adjusted diluted EPS, expanded revolving-credit facility context, Q2 2026 net revenue, GAAP net income, adjusted EBITDA, adjusted diluted EPS, and upwardly updated 2026 guidance.","This gives healthcare access five source-visible mechanisms: UnitedHealth payer control, Cigna benefits/pharmacy routing, DaVita dialysis care sites, Addus home-care labor and reimbursement, and Option Care home and alternate-site infusion.","This does not prove patient outcomes, therapy-level margin, reimbursement durability, nurse capacity, drug-supply reliability, authorization quality, receivable collection, or working-capital cash conversion.",annual-report-option-care-infusion-extraction-pass-1.md,"Move from first-pass healthcare company coverage to a healthcare cash-quality bridge across medical costs, claims, receivables, treatment economics, billable hours, therapy mix, drug reimbursement, inventory, operating cash flow, free cash flow, quality, and outcomes."
CFEI-234,The healthcare-access first-pass company packet now has a cash-quality bridge.,"The healthcare cash-quality bridge creates 15 rows across UnitedHealth, Cigna, DaVita, Addus, and Option Care. It separates five company money paths, five currently visible evidence positions, and five missing-proof rows for claims, receivables, payer mix, treatment economics, billable hours, drug reimbursement, working capital, free cash flow, quality, and outcomes.","This turns healthcare access from a set of company examples into a mapped access-and-cash system: payer routing, pharmacy routing, dialysis treatment sites, home-care labor, and alternate-site infusion each have different cash weak points.","This bridge does not prove full cash conversion. It identifies the next primary-source fields needed before making strong claims about collections, reimbursement durability, patient outcomes, service-line margin, or free cash flow.",annual-report-healthcare-access-cash-quality-bridge-pass-1.md,"Build pass 2 with primary cash-quality fields: medical care ratio, claims payable, premium receivables, segment margins, revenue per treatment, patient-care cost, billable hours, reimbursement rates, drug inventory, receivables, operating cash flow, free cash flow, and quality/outcome measures."
CFEI-235,Cloudflare has been upgraded to source-visible status in the annual-report digital-control theme.,"The Cloudflare extraction creates 12 rows covering FY2025 revenue, RPO, gross profit/margin, operating cash flow, free cash flow, Q4 2025 revenue and growth, Q4 current RPO growth, Q1 2026 revenue and current RPO growth, Q1 operating cash flow and free cash flow, Q2 2026 revenue and growth, Q2 non-GAAP operating income, Q2 GAAP operating loss, Q2 operating cash flow, Q2 free cash flow, and Q2 current RPO growth.","This gives digital control its first source-visible company case and frames Cloudflare as protected edge control: traffic routing, application security, Zero Trust access, developer runtime, AI Gateway, and machine-traffic governance.","This does not prove durable GAAP profitability, permanent platform control, AI-agent monetization, retention quality, infrastructure-cost discipline, or clean software-like free-cash-flow conversion.",annual-report-cloudflare-digital-control-extraction-pass-1.md,"Use as Cloudflare edge-control support while keeping dollar-based retention, large-customer cohorts, RPO dollar movement, deferred revenue, product attachment, capex, infrastructure cost, stock compensation, operating-cash-flow bridge, and free-cash-flow conversion open."
CFEI-236,Akamai has been upgraded to source-visible status in the annual-report digital-control theme.,"The Akamai extraction creates 12 rows covering FY2025 revenue, GAAP operating income, GAAP net income, security revenue, delivery revenue, compute revenue, CIS revenue, operating cash flow, approximate capex, Guardicore/API security growth, Q4 revenue and cash flow, Q1 revenue and cash flow, a seven-year frontier model CIS commitment, Q2 revenue and cash flow, cash and marketable securities, and more than 2.8B USD of year-to-date multi-year CIS contracts.",This gives digital control a second source-visible company case and separates Cloudflare newer protected-edge control from Akamai incumbent delivery-to-security and distributed-cloud transition.,"This does not prove that legacy delivery drag is solved, CIS contracts become high-return cash, AI infrastructure demand automatically creates durable operating leverage, or the transition is complete.",annual-report-akamai-digital-control-extraction-pass-1.md,"Use as Akamai transition support while keeping delivery decline, security product growth, CIS backlog, contract ramp, deferred revenue/RPO, segment margins, capex split, infrastructure cost, customer concentration, stock compensation, operating-cash-flow bridge, and free-cash-flow conversion open."
CFEI-237,Zscaler has been upgraded to source-visible status in the annual-report digital-control theme.,"The Zscaler extraction creates 12 rows covering FY2025 revenue, operating cash flow, approximate free cash flow, FY2026 Q1 revenue, ARR, deferred revenue, operating cash flow, free cash flow, FY2026 Q2 revenue, ARR, cash flow, deferred revenue, liquidity, FY2026 Q3 revenue, ARR, net new ARR, RPO, deferred revenue, cash flow, non-GAAP operating margin, free-cash-flow margin, large-customer counts, and about 1T AI transactions processed in calendar 2025.","This gives digital control a third source-visible company case and separates Cloudflare traffic-edge control, Akamai delivery-to-security transition, and Zscaler Zero Trust access-policy control.","This does not prove permanent enterprise access control, GAAP profitability, AI-agent monetization, acquisition integration success, product-level profitability, or immunity from bundled security competition.",annual-report-zscaler-digital-control-extraction-pass-1.md,"Use as Zscaler Zero Trust support while keeping net retention, churn, ARR by product family, billings, current RPO, deferred revenue aging, large-customer expansion, GAAP loss bridge, stock compensation, acquisition integration, infrastructure cost, and free-cash-flow conversion open."
CFEI-238,Fortinet has been upgraded to source-visible status in the annual-report digital-control theme.,"The Fortinet extraction creates 12 rows covering FY2025 revenue, gross profit, GAAP operating income, GAAP net income, product revenue, service revenue, billings, operating cash flow, free cash flow, deferred revenue, cash and investments, Q4 revenue, product revenue, billings, Unified SASE billings growth, Q1 revenue, billings, cash flow, Q2 revenue, product revenue, billings, operating income, net income, cash flow, current deferred revenue, liquidity, and platform lanes including Unified SASE, AI Security, FortiGuard AI Services, OT Security, and Security Fabric.","This gives digital control a fourth source-visible company case and separates Cloudflare traffic-edge control, Akamai delivery-to-security transition, Zscaler Zero Trust access-policy control, and Fortinet hardware-attached security enforcement.","This does not prove permanent product-cycle strength, channel immunity, SASE dominance, AI-security monetization, renewal durability, product-level profitability, or full cash quality.",annual-report-fortinet-digital-control-extraction-pass-1.md,"Use as Fortinet hardware-attached security support while keeping renewal rates, billings split, deferred revenue roll-forward, distributor concentration, channel inventory, product/service gross margin, attachment evidence, customer concentration, operating-cash-flow bridge, stock compensation, and free-cash-flow conversion open."
CFEI-239,Roblox has been upgraded to source-visible status and completes the first-pass annual-report digital-control company packet.,"The Roblox extraction creates 12 rows covering FY2025 revenue, revenue growth, bookings, bookings growth, operating cash flow, DAUs, hours engaged, developer exchange fees, Q4 revenue, Q4 bookings, Q4 growth, DAU expansion, Q1 revenue, bookings, DAUs, hours, operating cash flow, free cash flow, Q2 revenue, bookings, DAUs, hours, operating cash flow, free cash flow, and the Q2 monetization warning tied to content mix and discovery changes.","This completes first-pass digital-control coverage across five mechanisms: Cloudflare traffic-edge control, Akamai delivery-to-security transition, Zscaler Zero Trust access-policy control, Fortinet hardware-attached security enforcement, and Roblox governed digital participation and virtual-economy control.","This does not prove clean cash conversion, durable monetization per hour, solved moderation risk, creator health, safety outcomes, or frictionless expansion from youth gaming into broad social infrastructure.",annual-report-roblox-digital-control-extraction-pass-1.md,"Build the digital-control cash-quality bridge across Cloudflare, Akamai, Zscaler, Fortinet, and Roblox, separating traffic control, delivery/security transition, access policy, hardware enforcement, and participatory-world governance from missing cash proof."
CFEI-240,The digital-control first-pass company packet now has a cash-quality bridge.,"The digital-control cash-quality bridge creates 15 rows across Cloudflare, Akamai, Zscaler, Fortinet, and Roblox. It separates five company money paths, five currently visible evidence positions, and five missing-proof rows for retention, RPO, deferred revenue, infrastructure cost, capex, stock compensation, contract ramp, segment margin, channel health, renewals, bookings quality, monetization per hour, creator payouts, moderation cost, safety friction, and free-cash-flow conversion.","This turns digital control from a set of company examples into a mapped control-and-cash system: protected edge, delivery/security transition, access policy, hardware enforcement, and governed digital participation each have different cash weak points.","This bridge does not prove final cash conversion. It identifies the next primary-source fields needed before making strong claims about retention quality, platform durability, product-level profitability, AI monetization, channel health, safety outcomes, or free-cash-flow quality.",annual-report-digital-control-cash-quality-bridge-pass-1.md,"Build pass 2 with primary cash-quality fields: net retention, current RPO, deferred revenue aging, product attachment, segment margins, infrastructure cost, stock compensation, capex, contract ramp, channel concentration, renewal rates, Robux recognition, creator payout ratio, safety/moderation cost, and operating-cash-flow to free-cash-flow bridges."
CFEI-241,Home Depot has been upgraded to source-visible status in the annual-report built-environment upkeep theme.,"The Home Depot extraction creates 12 rows covering FY2025 sales, sales growth, comparable sales, net earnings, adjusted EPS, adjusted operating margin, adjusted ROIC, Q3 sales and comps, GMS contribution, Q4 sales and comps, demand commentary, Q1 sales and comps, U.S. comps, adjusted EPS, SRS branches, delivery assets, and SRS cross-sell run rate.",This gives built-environment upkeep its first source-visible company case and frames Home Depot as housing upkeep plus Pro-trade distribution rather than ordinary retail.,"This does not prove healthy housing demand, recovered large-project demand, SRS/GMS acquisition return, branch-level profitability, or full repair/remodel cash quality.",annual-report-home-depot-built-environment-extraction-pass-1.md,"Use as Home Depot upkeep support while keeping ticket/transaction split, Pro versus DIY mix, large-ticket projects, inventory turns, gross margin drivers, operating cash flow, free cash flow, working capital, SRS/GMS margin, trade credit, delivery economics, and storm normalization open."
CFEI-242,Core & Main has been upgraded to source-visible status in the annual-report built-environment upkeep theme.,"The Core & Main extraction creates 12 rows covering FY2025 business definition, end markets, maintenance and replacement use, net sales, gross profit, gross margin, diluted EPS, adjusted EBITDA, operating cash flow, addressable market, national-scale position, private label, sourcing, pricing, value-added services, Q3/Q4/Q1 operating evidence, fiscal 2026 guidance, and aging-water, treatment-plant, smart-utility, geosynthetics, fusible HDPE, and fire-protection demand commentary.","This gives built-environment upkeep a second source-visible company case and expands the theme from household and Pro repair into civic waterworks, storm drainage, wastewater, fire protection, smart utility, and municipal infrastructure distribution.","This does not prove municipal receipts, funded project conversion, category-level cash return, acquisition success, branch-level profitability, receivable collection, inventory turns, or full working-capital cash quality.",annual-report-core-main-built-environment-extraction-pass-1.md,"Use as Core & Main civic-infrastructure support while keeping receivables, inventory, working-capital bridge, municipal funding, customer payment timing, product-category margin, acquisition contribution, branch economics, supplier rebates, vendor terms, debt, liquidity, and project-cadence proof open."
CFEI-243,Builders FirstSource has been upgraded to source-visible status in the annual-report built-environment upkeep theme.,"The Builders FirstSource extraction creates 12 rows covering FY2025 business identity, location scale, customer and demand engine, value-added strategy, net sales, adjusted EBITDA, adjusted EBITDA margin, Q4/Q1/Q2 operating evidence, housing pressure language, share growth, technology investment, commodity deflation, lower core organic sales, and Q2 adjusted EBITDA decline.","This gives built-environment upkeep a third source-visible company case and adds the upstream housing-production workflow layer: professional builder supply, prefabrication, value-added components, turnkey services, digital workflow, and labor-efficiency pressure.","This does not prove housing recovery, value-added margin durability, prefabrication adoption, software-like digital economics, customer payment quality, inventory cash conversion, or through-cycle return on capital.",annual-report-builders-firstsource-built-environment-extraction-pass-1.md,"Use as Builders FirstSource housing-production support while keeping product/category sales, value-added margin, repair/remodel versus new-construction split, housing-starts linkage, inventory turns, receivables, operating-cash-flow bridge, free cash flow, acquisition contribution, debt, liquidity, digital workflow monetization, and prefabrication proof open."
CFEI-244,Lowe's has been upgraded to source-visible status in the annual-report built-environment upkeep theme.,"The Lowe's extraction creates 12 rows covering FY2025 net sales, sales growth, comparable sales, net earnings, earnings decline, diluted EPS, Total Home pillars, Q3/Q4/Q1 sales and comparable sales, Q3 online growth, home-services and Pro growth, Q3 adjusted diluted EPS, Q4 diluted EPS, FBM and ADG acquisition-cost evidence, Q1 online growth, and store, branch, and distribution-center scale.","This gives built-environment upkeep a fourth source-visible company case and creates the direct Home Depot comparison: Lowe's shows home improvement thickening through Pro, online, home services, loyalty, branches, distribution, and acquisition-backed building-products expansion.","This does not prove healthy housing demand, full Pro-channel profitability, home-services margin, online cash quality, loyalty economics, acquisition return, or project-level cash collection.",annual-report-lowes-built-environment-extraction-pass-1.md,"Use as Lowe's home-improvement workflow support while keeping ticket/transaction split, Pro versus DIY mix, online margin and fulfillment cost, home-services revenue and margin, loyalty retention, inventory turns, gross margin drivers, operating cash flow, free cash flow, working capital, FBM/ADG transaction value and acquired contribution, customer financing, and repair versus remodel split open."
CFEI-245,Sherwin-Williams has been upgraded to source-visible status in the annual-report built-environment upkeep theme.,"The Sherwin-Williams extraction creates 12 rows covering FY2025 net sales, gross profit, gross margin, diluted EPS, adjusted diluted EPS, Paint Stores Group sales, store count, net operating cash, shareholder returns, same-store Paint Stores sales, Q1 and Q2 2026 sales growth, net income, EBITDA, pro-segment growth, Protective & Marine growth, commercial growth, residential repaint and property-maintenance growth, and the announced 8% price increase effective 2026-09-01.","This completes the built-environment five-company first pass. Sherwin-Williams adds the coatings, repaint, surface-renewal, contractor-access, controlled-distribution, raw-material, and pricing-power layer that Home Depot, Lowe's, Core & Main, and Builders FirstSource do not fully cover.","This does not prove housing recovery, contractor-level cash collection, branch-level profitability, price-increase durability, price-versus-volume quality, raw-material pass-through success, receivable quality, or segment-level free-cash-flow conversion.",annual-report-sherwin-williams-built-environment-extraction-pass-1.md,"Use as Sherwin-Williams coatings and surface-renewal support while keeping price/volume split, Paint Stores margin, receivables, inventory, raw-material cost, segment cash flow, operating-cash-flow bridge, free cash flow, acquisition contribution, contractor retention, and branch economics open."
CFEI-246,The built-environment first-pass company packet now has a cash-quality bridge.,"The built-environment cash-quality bridge creates 15 rows across Home Depot, Lowe's, Core & Main, Builders FirstSource, and Sherwin-Williams. It separates five company money paths, five currently visible evidence positions, and five missing-proof rows for ticket and transaction split, Pro versus DIY mix, online margin, home-services margin, receivables, inventory turns, working capital, municipal funding, branch economics, value-added margin, price versus volume, raw-material cost, operating cash flow, free cash flow, debt, liquidity, and acquisition returns.","This turns built-environment upkeep from a set of company examples into a mapped upkeep-and-cash system: home repair retail, service-widened home improvement, civic waterworks distribution, builder workflow and prefabrication, and coatings/surface renewal each have different cash weak points.","This bridge does not prove final cash conversion. It identifies the next primary-source fields needed before making strong claims about housing health, Pro profitability, municipal funding, branch-level cash, inventory quality, price durability, acquisition return, or free-cash-flow quality.",annual-report-built-environment-cash-quality-bridge-pass-1.md,"Build pass 2 with primary cash-quality fields: ticket/transaction split, Pro versus DIY mix, SRS/GMS economics, online and service margins, receivables, inventory turns, municipal funding, category margins, branch economics, price versus volume, raw-material pass-through, operating-cash-flow to free-cash-flow bridges, debt, liquidity, capex, and acquisition returns."
CFEI-247,JPMorgan has been upgraded to source-visible status in the annual-report ordinary-finance theme.,"The JPMorgan extraction creates 12 rows covering FY2025 total net revenue, net income, total assets, deposits, ROTCE, record revenue framing, dividend increases, annual risk framing, Q4 2025 source coverage, Q1 2026 record Markets revenue and continued Payments strength, Q2 2026 market-activity and investment-gain context, consumer-condition language, and regulatory-capital discussion.","This gives ordinary finance its first source-visible company case and frames JPMorgan as the broad bank-scale sensor for deposits, lending, cards, payments, markets, capital, credit, and consumer/business pressure.","This does not prove borrower-level repayment, card credit health, NIM durability, deposit stickiness, credit-loss quality, allowance adequacy, segment-level cash quality, or recurring market revenue.",annual-report-jpmorgan-ordinary-finance-extraction-pass-1.md,"Use as JPMorgan ordinary-finance support while keeping net interest income, NIM, average loans, average deposits, deposit cost, credit-card loans, purchase volume, delinquencies, net charge-offs, provision, allowance, CET1, payments volume, segment profitability, and capital-generation proof open."
CFEI-248,American Express has been upgraded to source-visible status in the annual-report ordinary-finance theme.,"The American Express extraction creates 12 rows covering FY2025 revenue, net income, EPS, billed business, FX-adjusted card-spending growth, net card fee revenue, new proprietary cards, fee-paying account mix, Millennial and Gen Z acquisition mix, Q1 2026 revenue, net income, EPS and U.S. consumer billed-business growth, Q2 2026 revenue, net income, EPS, U.S. consumer spend growth, raised revenue-growth guidance, reaffirmed EPS guidance, stable credit metrics, year-over-year provision decline, CET1 target range, Membership Model, closed-loop data, merchant relationships, fraud controls, and agentic-commerce positioning.","This gives ordinary finance a second source-visible company case and frames American Express as the premium card-spend, merchant-network, membership, fee-paying product, younger-cohort, rewards/data, and repayment-quality anchor next to JPMorgan bank scale.","This does not prove repayment quality, net merchant economics, rewards durability, benefit-cost control, customer lifetime value, delinquency quality, write-off quality, loan yield, or through-cycle premium-consumer health.",annual-report-amex-ordinary-finance-extraction-pass-1.md,"Use as American Express ordinary-finance support while keeping billed business by segment, discount revenue, average discount rate, card loans, receivables, delinquencies, net write-offs, provisions, reserve coverage, rewards cost, benefit cost, retention, CET1, segment profitability, and capital-generation proof open."
CFEI-249,Capital One has been upgraded to source-visible status in the annual-report ordinary-finance theme.,"The Capital One extraction creates 12 rows covering the official 2025 Annual Report source route, Q1 2026 net income, diluted EPS, adjusted EPS, total net revenue, pre-provision earnings, provision for credit losses, net charge-offs, loan reserve build, net interest margin, CET1 ratio, loans held for investment, Credit Card loans, Domestic Card loans, Consumer Banking loans, Auto loans, Commercial Banking loans, deposits, average deposits, interest-bearing deposit rate paid, Q2 2026 net income, Q2 EPS, Q2 revenue, Q2 adjusted EPS, Discover integration, and global payments provider framing.","This gives ordinary finance a third source-visible company case and adds the more credit-sensitive consumer-lending layer: card loans, auto loans, deposits, funding cost, charge-offs, provisions, reserve movement, capital, Discover integration, and payment-network expansion.","This does not prove consumer health, borrower repayment quality, acquisition return, charge-off normalization, reserve adequacy, deposit stickiness, payment-network economics, or loss-adjusted profitability.",annual-report-capital-one-ordinary-finance-extraction-pass-1.md,"Use as Capital One ordinary-finance support while keeping card-loan balances, purchase volume, NIM bridge, deposit cost, delinquencies, net charge-off rates, allowance, provision roll-forward, auto credit metrics, Discover economics, payment-network revenue, segment profitability, and capital-generation proof open."
CFEI-250,The annual-report project now has a consolidated what-else theme map across all 15 themes.,"The what-else theme map creates 15 rows covering each theme, its core bottleneck, plain-English question, money path, example companies, evidence strength, main subthemes, proof gap, and safe use.","This gives the broader annual-report work a single no-background map that explains what we found beyond the named-cash proof lane: power, capital, healthcare, upkeep, industrial uptime, digital control, household value, services, brands, inputs, real estate, technology, medical infrastructure, energy routes, and ordinary finance.","This does not convert every theme candidate into company-level proof or named-cash proof. Several themes still need extraction and all final cash claims still require receipts, billing, debt waterfalls, legal-entity schedules, collateral evidence, and return models.",annual-report-what-else-theme-map-pass-1.md,Use this as the broad writing map; use the evidence-depth scorecard and workbench to choose the next extraction targets.
CFEI-251,The annual-report project now has a plain-English big findings and takeaways page.,"The big findings pass creates 12 structured findings and a reader-facing page explaining demand versus supply, bottlenecks, power, capital platforms, healthcare access, physical upkeep, industrial uptime, digital control, consumer behavior, materials and energy, location scarcity, and ordinary finance.","This turns the broad theme map into a direct answer to what the research tells us, without assuming sector background or requiring the reader to open every individual theme page first.","This remains a synthesis artifact. It does not add new primary evidence, complete the weaker candidate-theme extractions, or prove exact named cash movement.",annual-report-big-findings-takeaways-pass-1.md,"Use this as the reader-facing takeaway layer, then choose either detailed theme essays or one named-cash proof chase."
CFEI-252,The annual-report project now has a unified linked reading hub.,"The linked reading hub creates 33 navigation rows and a readable page connecting the final front door, big findings page, what-else map, final 15-theme expanded atlas, prior HTML trend-site crosswalk, HTML integration workbench, first fifteen HTML-expanded theme pages, main article, completion audit, 15 theme pages, polished chapters, company matrix, evidence scorecard, workbench, company extraction packets, cash-quality bridges, named-cash proof lane, ledger, and insight register.","This fixes the usability gap: the project is no longer a pile of individually useful files, but a connected reading system organized by reader need.","This hub is navigation, not new primary evidence or proof that every linked artifact has the same evidence depth.",annual-report-linked-reading-hub-pass-1.md,Use as the main table of contents before writing or proof chasing.
CFEI-253,The older static HTML annual-report trend site now has a crosswalk into the newer 15-theme framework.,"The crosswalk maps 20 older HTML dynamics across a 684-page static site into the current annual-report framework: 15 newer themes, company evidence pages, proof boundaries, money-movement questions, and next integration steps.","This prevents the prior annual-report work from being stranded as separate HTML pages and shows how cultural, societal, consumer, industrial, financial, and investment observations fit into the current first-principles map.","This is a derived synthesis artifact. It preserves old-site observations and maps them to newer themes, but it does not add primary filings or prove exact named cash movement.",annual-report-html-trend-crosswalk-pass-1.md,"Use the crosswalk to deepen underdeveloped themes, especially services, consumer identity, broad technology, real estate, healthcare tools, and local information infrastructure."
CFEI-254,The annual-report project now has an HTML integration workbench for deepening the theme pages.,"The workbench creates 12 target theme rows that connect old HTML dynamics, current evidence depth, first-principles article points, company examples to pull next, proof fields needed, money movement to explain, safe claims, overclaims to avoid, and recommended output pages.","This converts the old-site crosswalk from a map into an execution queue, especially for services, consumer identity, broad technology, real estate, healthcare tools, industrial uptime, materials, and ordinary finance.",This is a derived workbench. It does not complete the company extractions or prove named cash movement.,annual-report-html-integration-workbench-pass-1.md,Use the workbench to write expanded no-background theme pages and then run targeted source extraction for the listed proof fields.
CFEI-255,The services and cultural consumption theme now has an HTML-expanded first-principles page.,"The expanded page creates 14 section rows that absorb the old HTML dynamics Addiction Dividend, Presence Premium, Local News Collapse, Ritual Economy, and Membership or Nothing into a deeper services/cultural consumption argument with money paths, company examples, proof fields, and overclaim boundaries.",This converts one of the weakest candidate-heavy themes into a much clearer article-ready theme while preserving the boundary that company-level source extraction is still needed.,"This is a synthesis expansion using existing local HTML and markdown work. It does not upgrade Marriott, Booking, McDonalds, Starbucks, MGM, Live Nation, Uber, or media examples to source-visible status.",annual-report-theme-services-cultural-consumption-html-expanded-pass-1.md,"Run company extraction for Marriott, Booking, McDonalds, Starbucks, and MGM using the proof ladder in the page."
CFEI-256,The consumer goods and household identity theme now has an HTML-expanded first-principles page.,"The expanded page creates 15 section rows that absorb the old HTML dynamics Ritual Economy, Pet Economy Mirror, Affordability Ceiling, Trust Market, and Addiction Dividend into a deeper consumer-goods argument with money paths, company examples, proof fields, and overclaim boundaries.","This turns a candidate-heavy theme into a clearer no-background explanation of how households defend routine, identity, pet care, trust, and small control under affordability pressure.","This is a synthesis expansion using existing local HTML and markdown work. It does not upgrade P&G, Colgate, Estee Lauder, Coca-Cola, Hasbro, Chewy, or other examples to source-visible status.",annual-report-theme-consumer-goods-household-identity-html-expanded-pass-1.md,"Run company extraction for P&G, Colgate, Estee Lauder, Coca-Cola, Hasbro, and optional Chewy using the proof ladder in the page."
CFEI-257,The broad technology theme now has an HTML-expanded first-principles page.,"The expanded page creates 15 section rows that absorb the old HTML dynamics AI Cultural Disintermediation, AI Infrastructure Toll, and Trust Market into a deeper broad-technology argument with money paths, company examples, proof fields, and overclaim boundaries.","This separates AI as physical infrastructure demand from AI as workflow authority and customer-relationship displacement, while keeping technology tied to compute, networks, security, trust, capex, and cash conversion.","This is a synthesis expansion using existing local HTML and markdown work. It does not upgrade Microsoft, NVIDIA, Broadcom, Cisco, ServiceNow, Dell, Supermicro, Oracle, or cybersecurity examples to source-visible status.",annual-report-theme-broad-technology-html-expanded-pass-1.md,"Run company extraction for Microsoft, NVIDIA, Broadcom, Cisco, and ServiceNow using the proof ladder in the page."
CFEI-258,The real estate and scarce locations theme now has an HTML-expanded first-principles page.,"The expanded page creates 15 section rows that absorb the old HTML dynamics Presence Premium, Grid Landlords, Gray Wave Dividend, Private Capital Colonization, and Spread Machine into a deeper real-estate argument with money paths, company examples, proof fields, and overclaim boundaries.","This turns a candidate-heavy theme into a clearer no-background explanation of real estate as a legal claim on scarce use of place, with proof centered on tenant cash, leases, debt, capex, replacement supply, and AFFO.","This is a synthesis expansion using existing local HTML and markdown work. It does not upgrade American Tower, Prologis, Equinix, Welltower, Realty Income, VICI, Simon, or Digital Realty to source-visible status.",annual-report-theme-real-estate-html-expanded-pass-1.md,"Run company extraction for American Tower, Prologis, Equinix, Welltower, and Realty Income using the proof ladder in the page."
CFEI-259,The healthcare tools and medical infrastructure theme now has an HTML-expanded first-principles page.,"The expanded page creates 15 section rows that absorb the old HTML dynamics Screening Revolution, Gray Wave Dividend, and Trust Market into a deeper healthcare-tools argument with money paths, company examples, proof fields, and overclaim boundaries.","This turns a candidate-heavy theme into a clearer no-background explanation of care infrastructure as the machinery that turns medical need into deliverable, reimbursable, and collectible events.","This is a synthesis expansion using existing local HTML and markdown work. It does not upgrade Abbott, Thermo Fisher, HCA, McKesson, Stryker, Exact Sciences, Labcorp, Quest, or Intuitive Surgical to source-visible status.",annual-report-theme-healthcare-tools-html-expanded-pass-1.md,"Run company extraction for Abbott, Thermo Fisher, HCA, McKesson, and Stryker using the proof ladder in the page."
CFEI-260,The industrial uptime theme now has an HTML-expanded first-principles page.,"The expanded page creates 16 section rows that absorb the old HTML dynamics Vertical Integration Ratchet, Workers Invisible Tax, Outage Anxiety Economy, and Commodity Whiplash Transfer into a deeper industrial-uptime argument with money paths, company examples, proof fields, and overclaim boundaries.","This deepens a medium-readiness theme by explaining industrial companies as paid continuity systems: the customer pays because stopping physical work is more expensive than keeping equipment, parts, labor, inventory, and support available.","This is a synthesis expansion using existing local HTML and markdown work. It does not upgrade Fastenal, WESCO, Grainger, Applied Industrial, MasTec, Sterling, Jacobs, or contractor/distributor examples to source-visible status beyond existing URI evidence.",annual-report-theme-industrial-uptime-html-expanded-pass-1.md,"Run company extraction for Fastenal, WESCO, Grainger, and Applied Industrial using the proof ladder in the page."
CFEI-261,The basic materials and input scarcity theme now has an HTML-expanded first-principles page.,"The expanded page creates 16 section rows that absorb the old HTML dynamics Commodity Whiplash Transfer, Vertical Integration Ratchet, and AI Infrastructure Toll into a deeper materials argument with money paths, company examples, proof fields, and overclaim boundaries.","This deepens a medium-readiness theme by explaining materials as the physical denominator under housing, power, food, AI, infrastructure, manufacturing, and energy buildout while separating scarcity from actual cash conversion.","This is a synthesis expansion using existing local HTML and markdown work. It does not upgrade Freeport, Nucor, Vulcan, CF Industries, Martin Marietta, Steel Dynamics, Dow, or Linde to source-visible status beyond existing evidence.",annual-report-theme-basic-materials-html-expanded-pass-1.md,"Run company extraction for Freeport, Nucor, Vulcan, CF Industries, Martin Marietta, Steel Dynamics, and optional Dow/Linde using the proof ladder in the page."
CFEI-262,The ordinary finance theme now has an HTML-expanded first-principles page.,"The expanded page creates 16 section rows that absorb the old HTML dynamics Cash Harvest, Spread Machine, Membership or Nothing, Affordability Ceiling, and Private Capital Colonization into a deeper finance argument with money paths, company examples, proof fields, and overclaim boundaries.","This deepens a medium-readiness theme by explaining finance as the daily promise system for time, risk transfer, payment access, stored value, credit losses, fees, claims, capital, and liquidity.","This is a synthesis expansion using existing local HTML and markdown work. It does not upgrade Progressive, Visa, Mastercard, Chubb, PayPal, BlackRock, Blackstone, KKR, Apollo, Ares, or other finance examples to source-visible status beyond existing JPMorgan, American Express, and Capital One evidence.",annual-report-theme-ordinary-finance-html-expanded-pass-1.md,"Run company extraction for Progressive, Visa, Mastercard, Chubb, PayPal, and the big asset-manager/private-capital names using the proof ladder in the page."
CFEI-263,The capital platforms theme now has an HTML-expanded first-principles page.,"The expanded page creates 16 section rows that absorb the old HTML dynamics Private Capital Colonization, Spread Machine, and Cash Harvest into a deeper capital-routing argument with source capital, wrappers, insurance float, private credit, origination, platform fees, legal entities, liquidity, named-cash proof levels, and next proof stacks.",This deepens a high-readiness but named-cash-bounded theme by explaining capital platforms as the routing layer between savings pools and real-economy borrowers or assets.,"This is a synthesis expansion using existing local HTML, markdown, statutory, BDC, and platform work. It does not prove asset-level cash returns for BlackRock, Blackstone, Apollo/Athene, KKR/Global Atlantic, Ares, Brookfield, Carlyle, Blue Owl, or related platforms without legal-entity schedules, borrower rows, collateral, waterfalls, receipts, and return models.",annual-report-theme-capital-platforms-html-expanded-pass-1.md,"Build named proof stacks for Apollo/Athene, KKR/Global Atlantic, Blackstone, BlackRock/HPS, Ares, and Brookfield using the source-wrapper-destination-cash ladder in the page."
CFEI-264,The power scarcity theme now has an HTML-expanded first-principles page.,"The expanded page creates 16 section rows that absorb the old HTML dynamics AI Infrastructure Toll, Outage Anxiety Economy, and Grid's New Landlords into a deeper power-scarcity argument with deliverable power, data-center load, reliability anxiety, regulated recovery, interconnection, contractors, equipment bottlenecks, ratepayer receipts, working capital, debt timing, and named-cash proof levels.","This turns one of the highest-readiness annual-report themes into a no-background explanation of how electricity demand becomes contracts, capital plans, construction, recovery, billing, cash collection, and investment return only if every physical and legal link holds.","This is a synthesis expansion using existing local HTML and markdown work. It does not prove project-level cash returns for NextEra/FPL, Duke, AEP, MasTec, Sterling, Eaton, Quanta, GE Vernova, utilities, contractors, equipment suppliers, generators, data centers, or midstream owners without billing determinants, receipts, legal-entity schedules, debt waterfalls, collateral support, and return models.",annual-report-theme-power-scarcity-html-expanded-pass-1.md,"Build one regulated utility recovery proof stack and one contractor conversion proof stack, starting with FPL or Duke plus MasTec, Sterling, Quanta, EMCOR, or Comfort Systems."
CFEI-265,The healthcare access theme now has an HTML-expanded first-principles page.,"The expanded page creates 16 section rows that absorb the old HTML dynamics Gray Wave Dividend, Screening Revolution, and Trust Market into a deeper healthcare-access argument with payer routing, pharmacy routing, aging-in-home care, labor capacity, recurring care density, diagnostics, trust, reimbursement, working capital, family burden, and cash-quality proof levels.","This turns a high-readiness annual-report theme into a no-background explanation of how medical need becomes authorized, staffed, delivered, billed, reimbursed, collected, and trusted care only if each operational and payment link holds.","This is a synthesis expansion using existing local HTML, markdown, company-packet, and cash-quality bridge work. It does not prove full cash quality, patient outcomes, denial fairness, labor adequacy, or service-line cash conversion without claims, receivables, payer mix, reimbursement, labor, drug-cost, quality, and outcome evidence.",annual-report-theme-healthcare-access-html-expanded-pass-1.md,"Run healthcare access cash-quality bridge pass 2 across UnitedHealth, Cigna, DaVita, Addus, and Option Care, extracting claims, receivables, payer mix, reimbursement, labor, drug cost, OCF, FCF, quality, and outcomes."
CFEI-266,The value retail theme now has an HTML-expanded first-principles page.,"The expanded page creates 16 section rows that absorb the old HTML dynamics Affordability Ceiling, Membership or Nothing, and Ritual Economy into a deeper value-retail argument with household regret reduction, price regret, trip regret, access regret, status regret, membership gates, routine spending, private label, inventory, shrink, retail media, and durable cash-conversion proof levels.","This turns a high-readiness annual-report theme into a no-background explanation of how household budget pressure becomes format choice, basket behavior, membership economics, inventory movement, margin, operating cash flow, and free cash flow only when the retailer solves a real shopping job without leaking economics.","This is a synthesis expansion using existing local HTML, markdown, company-packet, and chapter work. It does not prove durable customer cohorts, channel-level cash conversion, inventory quality by category, shrink control, membership renewal strength, advertising trust effects, or long-term margin durability without traffic/ticket, units, renewal, inventory, shrink, fulfillment, OCF, and FCF evidence.",annual-report-theme-value-retail-html-expanded-pass-1.md,"Run a value-retail cash-quality bridge across Costco, Walmart, Target, Dollar General, and Burlington, extracting traffic/ticket, units/price, renewal, private label, inventory, shrink, markdowns, fulfillment cost, retail media contribution, OCF, and FCF."
CFEI-267,The energy affordability and supply route theme now has an HTML-expanded first-principles page.,"The expanded page creates 16 section rows that absorb the old HTML dynamics Commodity Whiplash Transfer, Grid's New Landlords, Outage Anxiety Economy, and AI Infrastructure Toll into a deeper energy-route argument with upstream depletion, service capacity, midstream route control, refining conversion, LNG/NGL export optionality, commodity whiplash, power overlap, customer affordability, cycle risk, debt, maintenance, and named-cash proof levels.","This turns a high-readiness but cycle-sensitive annual-report theme into a no-background explanation of how raw energy becomes usable fuel, power, transport, heat, products, bills, cash flow, debt service, and return only when the physical route and commercial terms hold.","This is a synthesis expansion using existing local HTML, markdown, and energy cash-flow work. It does not prove durable project-level cash returns without contract terms, tariff billing volumes, cargo attribution, refining working capital, maintenance capex, debt waterfalls, entity cash, and through-cycle stress tests.",annual-report-theme-energy-affordability-route-html-expanded-pass-1.md,"Build one LNG cash-waterfall proof stack, one midstream route billing proof stack, and one refining cash-quality proof stack using Cheniere, Energy Transfer, ONEOK, Plains, Targa, Williams, PBF, or Valero."
CFEI-268,The built-environment upkeep theme now has an HTML-expanded first-principles page.,"The expanded page creates 16 section rows that absorb the old HTML dynamics Affordability Ceiling, Commodity Whiplash Transfer, Workers Invisible Tax, and Vertical Integration Ratchet into a deeper upkeep argument with repair demand, Pro channels, civic waterworks, embedded materials, local execution, controlled distribution, acquisition rollups, working capital, and cash-conversion proof levels.","This turns a high-readiness annual-report theme into a no-background explanation of how physical aging becomes repair orders, materials, labor, branch activity, invoices, receivables, operating cash flow, and free cash flow only if each operational and payment link holds.","This is a synthesis expansion using existing local HTML, markdown, company-packet, and cash-quality bridge work. It does not prove housing health, municipal funding, project-level receipts, branch-level profitability, Pro credit quality, acquisition return, or durable free cash flow without ticket, traffic, receivables, inventory, margin, funding, debt, and capex evidence.",annual-report-theme-built-environment-upkeep-html-expanded-pass-1.md,"Run built-environment cash-quality bridge pass 2 across Home Depot, Lowes, Core & Main, Builders FirstSource, and Sherwin-Williams, extracting ticket/transaction, Pro mix, municipal receipts, branch economics, inventory, receivables, price versus volume, raw-material pass-through, OCF, FCF, debt, capex, and acquisition return."
CFEI-269,The digital control theme now has an HTML-expanded first-principles page.,"The expanded page creates 16 section rows that absorb the old HTML dynamics AI Cultural Disintermediation, AI Infrastructure Toll, Trust Market, and Membership or Nothing into a deeper control-layer argument with identity, permission, cybersecurity, edge routing, AI-agent governance, infrastructure cost, platform gates, workflow control, virtual economies, retention, and free-cash-flow proof levels.","This completes the first fifteen old-HTML-expanded annual-report theme pages and gives digital control a no-background explanation of how online activity becomes allowed, blocked, routed, governed, billed, retained, and converted into cash only if cost-to-serve and renewal economics hold.","This is a synthesis expansion using existing local HTML, markdown, company-packet, and cash-quality bridge work. It does not prove durable digital cash quality without net retention, current RPO, deferred revenue roll-forward, product margin, infrastructure cost, capex, stock compensation, channel health, AI monetization, safety cost, and free-cash-flow evidence.",annual-report-theme-digital-control-html-expanded-pass-1.md,"Run digital-control cash-quality bridge pass 2 across Cloudflare, Akamai, Zscaler, Fortinet, and Roblox, extracting net retention, current RPO, deferred revenue, billings, product margin, infrastructure cost, capex, stock compensation, channel health, renewal rates, AI monetization, safety cost, creator payouts, OCF, and FCF."
CFEI-270,The annual-report project now has a completed 15-theme expanded atlas wrap page.,"The atlas completion page creates 15 structured rows, one for each old-HTML-expanded theme page, and groups the themes into physical capacity, human access and daily life, and control/capital/rule systems. It links every expanded page and states the core sentence, money path, proof boundary, and next proof job for each theme.",This closes the broad reader-facing annual-report atlas layer: the project now has a single page explaining what the 15 expanded themes say together and where broad synthesis ends before named-cash proof begins.,"This is a synthesis and navigation artifact. It does not add primary evidence and does not prove receipts, billing, legal-entity cash movement, borrower use of proceeds, debt waterfalls, collateral certificates, or final return models.",annual-report-15-theme-expanded-atlas-completion-pass-1.md,Use the atlas to choose one narrow named-cash case or one theme cash-quality bridge pass 2; do not restart broad theme expansion unless a new sector gap is identified.
