coordinate_row_id,schedule_part,page,row_y,cusip,cusip_marker_type,actual_cost,par_value,fair_value,book_adjusted_carrying_value,unrealized_valuation_change,current_year_amortization_accretion,current_year_otti,foreign_exchange_change,stated_rate,effective_rate,when_paid,interest_income_due_accrued,interest_received_during_year,acquired_date,maturity_date,payment_due_at_maturity,parser_match_status,parser_row_id,parser_money_token_count,boundary,next_action
CFKKRGACEDCOB-0001,Schedule D Part 1 Section 1 issuer-credit obligations owned,218,414.12,912810-RC-4,standard-cusip-like,402361,400000,345406,401704,,,,,3.625,3.592,,14500,,02/04/2014,08/15/2043,407250,matched-raw-parser-row,CFKKRGACEDP-0001,7,"coordinate-owned-bond row; reconciles source-page columns but does not prove cash receipt, borrower use, liability spread, waterfall, collateral certificate, or return","use coordinate columns to replace token-only owned-bond reconciliation, then join income/proceeds and liability context"
CFKKRGACEDCOB-0002,Schedule D Part 1 Section 1 issuer-credit obligations owned,218,406.08,912810-TB-4,standard-cusip-like,1899346,2000000,1106172,1909447,2611,,,,1.875,2.103,,37440,,01/11/2022,11/15/2051,2018750,matched-raw-parser-row,CFKKRGACEDP-0002,8,"coordinate-owned-bond row; reconciles source-page columns but does not prove cash receipt, borrower use, liability spread, waterfall, collateral certificate, or return","use coordinate columns to replace token-only owned-bond reconciliation, then join income/proceeds and liability context"
CFKKRGACEDCOB-0003,Schedule D Part 1 Section 1 issuer-credit obligations owned,218,398.04,912810-TG-3,standard-cusip-like,99008,105000,73400,99452,,,,,2.875,3.172,,,3019,07/20/2022,05/15/2052,106509,matched-raw-parser-row,CFKKRGACEDP-0003,6,"coordinate-owned-bond row; reconciles source-page columns but does not prove cash receipt, borrower use, liability spread, waterfall, collateral certificate, or return","use coordinate columns to replace token-only owned-bond reconciliation, then join income/proceeds and liability context"
CFKKRGACEDCOB-0004,Schedule D Part 1 Section 1 issuer-credit obligations owned,218,390.00,912810-TJ-7,standard-cusip-like,1746094,2000000,1433164,1762326,5169,,,,3.000,3.706,,59940,,09/26/2022,08/15/2052,2030000,matched-raw-parser-row,CFKKRGACEDP-0004,8,"coordinate-owned-bond row; reconciles source-page columns but does not prove cash receipt, borrower use, liability spread, waterfall, collateral certificate, or return","use coordinate columns to replace token-only owned-bond reconciliation, then join income/proceeds and liability context"
CFKKRGACEDCOB-0005,Schedule D Part 1 Section 1 issuer-credit obligations owned,218,381.96,912810-TW-8,standard-cusip-like,409578,400000,400172,409028,,,,,4.750,4.564,,2467,19000,02/27/2024,11/15/2043,409500,matched-raw-parser-row,CFKKRGACEDP-0005,7,"coordinate-owned-bond row; reconciles source-page columns but does not prove cash receipt, borrower use, liability spread, waterfall, collateral certificate, or return","use coordinate columns to replace token-only owned-bond reconciliation, then join income/proceeds and liability context"
CFKKRGACEDCOB-0006,Schedule D Part 1 Section 1 issuer-credit obligations owned,218,373.92,912828-YB-0,standard-cusip-like,887101,900000,840287,894965,,1334,,,1.625,1.785,,14625,,11/04/2019,08/15/2029,907313,matched-raw-parser-row,CFKKRGACEDP-0006,8,"coordinate-owned-bond row; reconciles source-page columns but does not prove cash receipt, borrower use, liability spread, waterfall, collateral certificate, or return","use coordinate columns to replace token-only owned-bond reconciliation, then join income/proceeds and liability context"
CFKKRGACEDCOB-0007,Schedule D Part 1 Section 1 issuer-credit obligations owned,218,365.88,91282C-FF-3,standard-cusip-like,50196,57000,53142,52109,,,,,2.750,4.250,,,1568,10/21/2022,08/15/2032,57784,matched-raw-parser-row,CFKKRGACEDP-0007,6,"coordinate-owned-bond row; reconciles source-page columns but does not prove cash receipt, borrower use, liability spread, waterfall, collateral certificate, or return","use coordinate columns to replace token-only owned-bond reconciliation, then join income/proceeds and liability context"
CFKKRGACEDCOB-0008,Schedule D Part 1 Section 1 issuer-credit obligations owned,218,357.84,91282C-GM-7,standard-cusip-like,149772,156000,151628,151300,,,,,3.500,3.990,,2062,5460,03/08/2023,02/15/2033,158730,matched-raw-parser-row,CFKKRGACEDP-0008,7,"coordinate-owned-bond row; reconciles source-page columns but does not prove cash receipt, borrower use, liability spread, waterfall, collateral certificate, or return","use coordinate columns to replace token-only owned-bond reconciliation, then join income/proceeds and liability context"
CFKKRGACEDCOB-0009,Schedule D Part 1 Section 1 issuer-credit obligations owned,218,349.80,91282C-PN-5,standard-cusip-like,645277,650000,643551,645310,,,,,3.500,3.661,,2000,,12/18/2025,11/30/2030,661375,matched-raw-parser-row,CFKKRGACEDP-1091,6,"coordinate-owned-bond row; reconciles source-page columns but does not prove cash receipt, borrower use, liability spread, waterfall, collateral certificate, or return","use coordinate columns to replace token-only owned-bond reconciliation, then join income/proceeds and liability context"
CFKKRGACEDCOB-0010,Schedule D Part 1 Section 1 issuer-credit obligations owned,218,324.72,268317-AK-0,standard-cusip-like,3305577,3000000,2678099,3248956,,(9417),,,4.875,4.226,,64594,146250,10/29/2020,01/22/2044,3073125,matched-raw-parser-row,CFKKRGACEDP-0010,8,"coordinate-owned-bond row; reconciles source-page columns but does not prove cash receipt, borrower use, liability spread, waterfall, collateral certificate, or return","use coordinate columns to replace token-only owned-bond reconciliation, then join income/proceeds and liability context"
CFKKRGACEDCOB-0011,Schedule D Part 1 Section 1 issuer-credit obligations owned,218,316.68,268317-AL-8,standard-cusip-like,5315600,4875000,4696890,5314283,,,,,6.000,5.499,,129188,292500,12/19/2014,01/22/2114,5021250,matched-raw-parser-row,CFKKRGACEDP-0011,15,"coordinate-owned-bond row; reconciles source-page columns but does not prove cash receipt, borrower use, liability spread, waterfall, collateral certificate, or return","use coordinate columns to replace token-only owned-bond reconciliation, then join income/proceeds and liability context"
CFKKRGACEDCOB-0012,Schedule D Part 1 Section 1 issuer-credit obligations owned,218,291.60,13063A-7D-0,standard-cusip-like,2140080,1500000,1747302,1932934,,(22395),,,7.300,4.453,,27375,109500,02/02/2016,10/01/2039,1554750,matched-raw-parser-row,CFKKRGACEDP-0012,8,"coordinate-owned-bond row; reconciles source-page columns but does not prove cash receipt, borrower use, liability spread, waterfall, collateral certificate, or return","use coordinate columns to replace token-only owned-bond reconciliation, then join income/proceeds and liability context"
CFKKRGACEDCOB-0013,Schedule D Part 1 Section 1 issuer-credit obligations owned,218,283.56,13063B-JC-7,standard-cusip-like,22779171,15000000,18381156,20758552,,(278752),,,7.600,4.113,,1140000,,10/29/2020,11/01/2040,15570000,matched-raw-parser-row,CFKKRGACEDP-0013,8,"coordinate-owned-bond row; reconciles source-page columns but does not prove cash receipt, borrower use, liability spread, waterfall, collateral certificate, or return","use coordinate columns to replace token-only owned-bond reconciliation, then join income/proceeds and liability context"
CFKKRGACEDCOB-0014,Schedule D Part 1 Section 1 issuer-credit obligations owned,218,276.72,167560-PL-9,standard-cusip-like,4345080,4000000,4152870,4222225,,(11889),,,5.720,5.126,,19067,228800,09/30/2013,12/01/2038,4114400,matched-raw-parser-row,CFKKRGACEDP-0014,8,"coordinate-owned-bond row; reconciles source-page columns but does not prove cash receipt, borrower use, liability spread, waterfall, collateral certificate, or return","use coordinate columns to replace token-only owned-bond reconciliation, then join income/proceeds and liability context"
CFKKRGACEDCOB-0015,Schedule D Part 1 Section 1 issuer-credit obligations owned,218,269.88,54438C-PA-4,standard-cusip-like,58147119,45830000,50886264,56626113,,(238058),,,6.750,5.026,,1288969,3093525,01/27/2023,08/01/2049,47376763,matched-raw-parser-row,CFKKRGACEDP-0015,8,"coordinate-owned-bond row; reconciles source-page columns but does not prove cash receipt, borrower use, liability spread, waterfall, collateral certificate, or return","use coordinate columns to replace token-only owned-bond reconciliation, then join income/proceeds and liability context"
CFKKRGACEDCOB-0016,Schedule D Part 1 Section 1 issuer-credit obligations owned,218,261.84,57582R-N9-3,standard-cusip-like,2814099,3905000,2313928,2905372,25514,,,,2.000,3.590,,19525,78100,03/30/2022,04/01/2050,3944050,matched-raw-parser-row,CFKKRGACEDP-0016,16,"coordinate-owned-bond row; reconciles source-page columns but does not prove cash receipt, borrower use, liability spread, waterfall, collateral certificate, or return","use coordinate columns to replace token-only owned-bond reconciliation, then join income/proceeds and liability context"
CFKKRGACEDCOB-0017,Schedule D Part 1 Section 1 issuer-credit obligations owned,218,236.76,02765U-CR-3,standard-cusip-like,310005,280000,286180,307571,,,,,6.053,5.179,,16948,,05/11/2023,02/15/2043,288474,matched-raw-parser-row,CFKKRGACEDP-0017,7,"coordinate-owned-bond row; reconciles source-page columns but does not prove cash receipt, borrower use, liability spread, waterfall, collateral certificate, or return","use coordinate columns to replace token-only owned-bond reconciliation, then join income/proceeds and liability context"
CFKKRGACEDCOB-0018,Schedule D Part 1 Section 1 issuer-credit obligations owned,218,228.72,02765U-EK-6,standard-cusip-like,4022424,2800000,3524603,3814738,,(20180),,,8.084,5.378,,85511,226352,03/25/2014,02/15/2050,2913176,matched-raw-parser-row,CFKKRGACEDP-0018,8,"coordinate-owned-bond row; reconciles source-page columns but does not prove cash receipt, borrower use, liability spread, waterfall, collateral certificate, or return","use coordinate columns to replace token-only owned-bond reconciliation, then join income/proceeds and liability context"
CFKKRGACEDCOB-0019,Schedule D Part 1 Section 1 issuer-credit obligations owned,218,220.68,072024-NV-0,standard-cusip-like,26912981,19015000,21739635,25657269,(186008),,,,7.043,4.468,,334807,1339226,05/11/2023,04/01/2050,8368855,matched-raw-parser-row,CFKKRGACEDP-0019,8,"coordinate-owned-bond row; reconciles source-page columns but does not prove cash receipt, borrower use, liability spread, waterfall, collateral certificate, or return","use coordinate columns to replace token-only owned-bond reconciliation, then join income/proceeds and liability context"
CFKKRGACEDCOB-0020,Schedule D Part 1 Section 1 issuer-credit obligations owned,218,212.64,072024-PY-2,standard-cusip-like,22374009,15830000,17939773,21452319,,(125550),,,6.907,4.487,,1093378,,05/11/2023,10/01/2050,16376689,matched-raw-parser-row,CFKKRGACEDP-0020,8,"coordinate-owned-bond row; reconciles source-page columns but does not prove cash receipt, borrower use, liability spread, waterfall, collateral certificate, or return","use coordinate columns to replace token-only owned-bond reconciliation, then join income/proceeds and liability context"
CFKKRGACEDCOB-0021,Schedule D Part 1 Section 1 issuer-credit obligations owned,218,204.60,13032U-D9-6,standard-cusip-like,1600000,1600000,1471315,1600000,,,,,4.353,4.353,,69648,,03/30/2022,06/01/2041,1634824,matched-raw-parser-row,CFKKRGACEDP-0021,7,"coordinate-owned-bond row; reconciles source-page columns but does not prove cash receipt, borrower use, liability spread, waterfall, collateral certificate, or return","use coordinate columns to replace token-only owned-bond reconciliation, then join income/proceeds and liability context"
CFKKRGACEDCOB-0022,Schedule D Part 1 Section 1 issuer-credit obligations owned,218,196.56,167593-H6-2,standard-cusip-like,5109700,5000000,4387823,5095614,,(2385),,,4.472,4.340,,111800,223600,12/20/2018,01/01/2049,5111800,matched-raw-parser-row,CFKKRGACEDP-0022,8,"coordinate-owned-bond row; reconciles source-page columns but does not prove cash receipt, borrower use, liability spread, waterfall, collateral certificate, or return","use coordinate columns to replace token-only owned-bond reconciliation, then join income/proceeds and liability context"
CFKKRGACEDCOB-0023,Schedule D Part 1 Section 1 issuer-credit obligations owned,218,188.52,167725-AC-4,standard-cusip-like,9901911,8083165,9073855,9238023,,(49647),,,6.899,5.478,,46471,557658,03/05/2015,12/01/2040,8361993,matched-raw-parser-row,CFKKRGACEDP-1596,10,"coordinate-owned-bond row; reconciles source-page columns but does not prove cash receipt, borrower use, liability spread, waterfall, collateral certificate, or return","use coordinate columns to replace token-only owned-bond reconciliation, then join income/proceeds and liability context"
CFKKRGACEDCOB-0024,Schedule D Part 1 Section 1 issuer-credit obligations owned,218,180.48,167736-YU-5,standard-cusip-like,7449860,5500000,5948263,6809131,,(60847),,,6.742,4.421,,61802,370810,02/03/2015,11/01/2040,5685405,matched-raw-parser-row,CFKKRGACEDP-0024,8,"coordinate-owned-bond row; reconciles source-page columns but does not prove cash receipt, borrower use, liability spread, waterfall, collateral certificate, or return","use coordinate columns to replace token-only owned-bond reconciliation, then join income/proceeds and liability context"
CFKKRGACEDCOB-0025,Schedule D Part 1 Section 1 issuer-credit obligations owned,218,173.64,20281P-CT-7,standard-cusip-like,5214265,4750000,4998389,5028218,,(13628),,,6.218,5.592,,24613,295355,09/30/2013,06/01/2039,4897678,matched-raw-parser-row,CFKKRGACEDP-1597,8,"coordinate-owned-bond row; reconciles source-page columns but does not prove cash receipt, borrower use, liability spread, waterfall, collateral certificate, or return","use coordinate columns to replace token-only owned-bond reconciliation, then join income/proceeds and liability context"
CFKKRGACEDCOB-0026,Schedule D Part 1 Section 1 issuer-credit obligations owned,218,165.60,235036-4X-5,standard-cusip-like,940116,935000,716269,939349,,,,,3.144,3.113,,29396,,10/29/2020,11/01/2045,949698,matched-raw-parser-row,CFKKRGACEDP-0026,7,"coordinate-owned-bond row; reconciles source-page columns but does not prove cash receipt, borrower use, liability spread, waterfall, collateral certificate, or return","use coordinate columns to replace token-only owned-bond reconciliation, then join income/proceeds and liability context"
CFKKRGACEDCOB-0027,Schedule D Part 1 Section 1 issuer-credit obligations owned,218,158.76,23503C-AN-7,standard-cusip-like,6168993,6835000,5901331,6201882,,13680,,,4.507,5.196,,51342,308053,03/30/2023,11/01/2051,1296476,matched-raw-parser-row,CFKKRGACEDP-0027,8,"coordinate-owned-bond row; reconciles source-page columns but does not prove cash receipt, borrower use, liability spread, waterfall, collateral certificate, or return","use coordinate columns to replace token-only owned-bond reconciliation, then join income/proceeds and liability context"
CFKKRGACEDCOB-0028,Schedule D Part 1 Section 1 issuer-credit obligations owned,218,150.72,38122N-D4-1,standard-cusip-like,11250000,11250000,9562574,11250000,,,,,3.487,3.487,,32691,392288,12/08/2021,06/01/2036,2851945,matched-raw-parser-row,CFKKRGACEDP-0028,7,"coordinate-owned-bond row; reconciles source-page columns but does not prove cash receipt, borrower use, liability spread, waterfall, collateral certificate, or return","use coordinate columns to replace token-only owned-bond reconciliation, then join income/proceeds and liability context"
CFKKRGACEDCOB-0029,Schedule D Part 1 Section 1 issuer-credit obligations owned,218,142.68,38122N-D5-8,standard-cusip-like,12150000,12150000,9457284,12150000,,,,,3.714,3.714,,37604,451251,12/08/2021,06/01/2041,2600445,matched-raw-parser-row,CFKKRGACEDP-0029,7,"coordinate-owned-bond row; reconciles source-page columns but does not prove cash receipt, borrower use, liability spread, waterfall, collateral certificate, or return","use coordinate columns to replace token-only owned-bond reconciliation, then join income/proceeds and liability context"
CFKKRGACEDCOB-0030,Schedule D Part 1 Section 1 issuer-credit obligations owned,218,134.64,38122N-D6-6,standard-cusip-like,18000000,18000000,13180138,18000000,,,,,4.214,4.214,,63210,758520,12/08/2021,06/01/2050,2008400,matched-raw-parser-row,CFKKRGACEDP-0030,7,"coordinate-owned-bond row; reconciles source-page columns but does not prove cash receipt, borrower use, liability spread, waterfall, collateral certificate, or return","use coordinate columns to replace token-only owned-bond reconciliation, then join income/proceeds and liability context"
CFKKRGACEDCOB-0031,Schedule D Part 1 Section 1 issuer-credit obligations owned,218,126.60,38611T-CR-6,standard-cusip-like,4476030,6000000,4217749,4550856,,26622,,,3.356,5.032,,50340,201360,01/27/2023,10/01/2052,3207578,matched-raw-parser-row,CFKKRGACEDP-0031,8,"coordinate-owned-bond row; reconciles source-page columns but does not prove cash receipt, borrower use, liability spread, waterfall, collateral certificate, or return","use coordinate columns to replace token-only owned-bond reconciliation, then join income/proceeds and liability context"
CFKKRGACEDCOB-0032,Schedule D Part 1 Section 1 issuer-credit obligations owned,218,119.76,389532-FW-7,standard-cusip-like,3450279,3185000,3537477,3366402,,(7605),,,6.707,6.109,,106809,213618,10/08/2013,07/01/2040,3291809,matched-raw-parser-row,CFKKRGACEDP-0032,8,"coordinate-owned-bond row; reconciles source-page columns but does not prove cash receipt, borrower use, liability spread, waterfall, collateral certificate, or return","use coordinate columns to replace token-only owned-bond reconciliation, then join income/proceeds and liability context"
CFKKRGACEDCOB-0033,Schedule D Part 1 Section 1 issuer-credit obligations owned,218,111.72,392274-X9-2,standard-cusip-like,2775985,3000000,2621346,2787102,,4222,,,4.000,4.457,,30000,120000,03/30/2023,10/01/2052,3060000,matched-raw-parser-row,CFKKRGACEDP-0033,8,"coordinate-owned-bond row; reconciles source-page columns but does not prove cash receipt, borrower use, liability spread, waterfall, collateral certificate, or return","use coordinate columns to replace token-only owned-bond reconciliation, then join income/proceeds and liability context"
CFKKRGACEDCOB-0034,Schedule D Part 1 Section 1 issuer-credit obligations owned,218,104.88,544495-WA-8,standard-cusip-like,1921194,1550000,1669650,1857864,,(6191),,,6.603,5.163,,51173,102347,09/30/2013,07/01/2050,1601173,matched-raw-parser-row,CFKKRGACEDP-0034,8,"coordinate-owned-bond row; reconciles source-page columns but does not prove cash receipt, borrower use, liability spread, waterfall, collateral certificate, or return","use coordinate columns to replace token-only owned-bond reconciliation, then join income/proceeds and liability context"
CFKKRGACEDCOB-0035,Schedule D Part 1 Section 1 issuer-credit obligations owned,218,96.84,59261A-2P-1,standard-cusip-like,2965000,2965000,2741061,2965000,,,,,5.175,5.175,,19606,153439,05/08/2020,11/15/2049,3041719,matched-raw-parser-row,CFKKRGACEDP-0035,7,"coordinate-owned-bond row; reconciles source-page columns but does not prove cash receipt, borrower use, liability spread, waterfall, collateral certificate, or return","use coordinate columns to replace token-only owned-bond reconciliation, then join income/proceeds and liability context"
CFKKRGACEDCOB-0036,Schedule D Part 1 Section 1 issuer-credit obligations owned,218,88.80,592643-AA-8,standard-cusip-like,35315234,25185000,29971792,33393700,,(223382),,,7.462,4.934,,1879305,,01/26/2017,10/01/2046,26124652,matched-raw-parser-row,CFKKRGACEDP-0036,8,"coordinate-owned-bond row; reconciles source-page columns but does not prove cash receipt, borrower use, liability spread, waterfall, collateral certificate, or return","use coordinate columns to replace token-only owned-bond reconciliation, then join income/proceeds and liability context"
CFKKRGACEDCOB-0037,Schedule D Part 1 Section 1 issuer-credit obligations owned,218,80.76,592643-EH-9,standard-cusip-like,7500000,7500000,6162005,7500000,,,,,3.562,3.562,,66788,267150,01/21/2022,10/01/2041,7633575,matched-raw-parser-row,CFKKRGACEDP-0037,7,"coordinate-owned-bond row; reconciles source-page columns but does not prove cash receipt, borrower use, liability spread, waterfall, collateral certificate, or return","use coordinate columns to replace token-only owned-bond reconciliation, then join income/proceeds and liability context"
CFKKRGACEDCOB-0038,Schedule D Part 1 Section 1 issuer-credit obligations owned,218,72.72,626207-YF-5,standard-cusip-like,5713363,3763000,4074193,5557725,,(28684),,,6.637,3.948,,62438,249750,08/12/2020,04/01/2057,3887875,matched-raw-parser-row,CFKKRGACEDP-1604,8,"coordinate-owned-bond row; reconciles source-page columns but does not prove cash receipt, borrower use, liability spread, waterfall, collateral certificate, or return","use coordinate columns to replace token-only owned-bond reconciliation, then join income/proceeds and liability context"
CFKKRGACEDCOB-0039,Schedule D Part 1 Section 1 issuer-credit obligations owned,218,64.68,626207-YM-0,standard-cusip-like,5703613,5125000,5591351,5612820,,(5265),,,6.655,5.926,,85267,341069,03/21/2014,04/01/2057,5295534,matched-raw-parser-row,CFKKRGACEDP-1605,8,"coordinate-owned-bond row; reconciles source-page columns but does not prove cash receipt, borrower use, liability spread, waterfall, collateral certificate, or return","use coordinate columns to replace token-only owned-bond reconciliation, then join income/proceeds and liability context"
CFKKRGACEDCOB-0040,Schedule D Part 1 Section 1 issuer-credit obligations owned,219,414.12,646136-XR-7,standard-cusip-like,1712665,1460000,1648017,1663669,,(9063),,,6.561,5.283,,95791,,10/29/2020,12/15/2040,1507895,matched-raw-parser-row,CFKKRGACEDP-0040,8,"coordinate-owned-bond row; reconciles source-page columns but does not prove cash receipt, borrower use, liability spread, waterfall, collateral certificate, or return","use coordinate columns to replace token-only owned-bond reconciliation, then join income/proceeds and liability context"
CFKKRGACEDCOB-0041,Schedule D Part 1 Section 1 issuer-credit obligations owned,219,406.08,64971P-KM-6,standard-cusip-like,3528530,4242500,3065266,3588550,,16831,,,3.000,4.030,,42425,127275,03/29/2022,03/01/2049,4306138,matched-raw-parser-row,CFKKRGACEDP-0041,8,"coordinate-owned-bond row; reconciles source-page columns but does not prove cash receipt, borrower use, liability spread, waterfall, collateral certificate, or return","use coordinate columns to replace token-only owned-bond reconciliation, then join income/proceeds and liability context"
CFKKRGACEDCOB-0042,Schedule D Part 1 Section 1 issuer-credit obligations owned,219,398.04,64971X-YB-8,standard-cusip-like,526090,675000,498935,536171,3007,,,,3.000,4.356,,20250,,06/23/2022,02/01/2051,685125,matched-raw-parser-row,CFKKRGACEDP-0042,8,"coordinate-owned-bond row; reconciles source-page columns but does not prove cash receipt, borrower use, liability spread, waterfall, collateral certificate, or return","use coordinate columns to replace token-only owned-bond reconciliation, then join income/proceeds and liability context"
CFKKRGACEDCOB-0043,Schedule D Part 1 Section 1 issuer-credit obligations owned,219,390.00,64972F-K8-8,standard-cusip-like,4077110,3440000,3546219,3923620,,(20279),,,5.952,4.686,,9100,204749,10/29/2020,06/15/2042,3542374,matched-raw-parser-row,CFKKRGACEDP-0043,8,"coordinate-owned-bond row; reconciles source-page columns but does not prove cash receipt, borrower use, liability spread, waterfall, collateral certificate, or return","use coordinate columns to replace token-only owned-bond reconciliation, then join income/proceeds and liability context"
CFKKRGACEDCOB-0044,Schedule D Part 1 Section 1 issuer-credit obligations owned,219,381.96,64990F-PX-6,standard-cusip-like,1719149,2217500,1654270,1756698,,11235,,,3.000,4.448,,66525,,06/23/2022,02/15/2049,2250763,matched-raw-parser-row,CFKKRGACEDP-0044,8,"coordinate-owned-bond row; reconciles source-page columns but does not prove cash receipt, borrower use, liability spread, waterfall, collateral certificate, or return","use coordinate columns to replace token-only owned-bond reconciliation, then join income/proceeds and liability context"
CFKKRGACEDCOB-0045,Schedule D Part 1 Section 1 issuer-credit obligations owned,219,373.92,64990K-FS-7,standard-cusip-like,3875,5000,5128,4090,,,,,3.000,7.688,,,,06/23/2022,03/15/2049,,matched-raw-parser-row,CFKKRGACEDP-0045,4,"coordinate-owned-bond row; reconciles source-page columns but does not prove cash receipt, borrower use, liability spread, waterfall, collateral certificate, or return","use coordinate columns to replace token-only owned-bond reconciliation, then join income/proceeds and liability context"
CFKKRGACEDCOB-0046,Schedule D Part 1 Section 1 issuer-credit obligations owned,219,365.88,64990K-FT-5,standard-cusip-like,4645993,5995000,4469007,4748039,,30257,,,3.000,4.446,,52956,179850,06/23/2022,03/15/2049,6084925,matched-raw-parser-row,CFKKRGACEDP-1092,12,"coordinate-owned-bond row; reconciles source-page columns but does not prove cash receipt, borrower use, liability spread, waterfall, collateral certificate, or return","use coordinate columns to replace token-only owned-bond reconciliation, then join income/proceeds and liability context"
CFKKRGACEDCOB-0047,Schedule D Part 1 Section 1 issuer-credit obligations owned,219,357.84,66285W-FB-7,standard-cusip-like,3161005,2500000,2751908,3121234,,(14349),,,6.718,4.904,,83975,167950,01/27/2023,01/01/2049,2583975,matched-raw-parser-row,CFKKRGACEDP-0047,8,"coordinate-owned-bond row; reconciles source-page columns but does not prove cash receipt, borrower use, liability spread, waterfall, collateral certificate, or return","use coordinate columns to replace token-only owned-bond reconciliation, then join income/proceeds and liability context"
CFKKRGACEDCOB-0048,Schedule D Part 1 Section 1 issuer-credit obligations owned,219,349.80,677632-PA-3,standard-cusip-like,20121330,22800000,18827463,20138926,1348,,,,4.800,5.441,,1094400,,04/23/2014,06/01/2111,23347200,matched-raw-parser-row,CFKKRGACEDP-0048,8,"coordinate-owned-bond row; reconciles source-page columns but does not prove cash receipt, borrower use, liability spread, waterfall, collateral certificate, or return","use coordinate columns to replace token-only owned-bond reconciliation, then join income/proceeds and liability context"
CFKKRGACEDCOB-0049,Schedule D Part 1 Section 1 issuer-credit obligations owned,219,342.96,677704-A6-5,standard-cusip-like,9837889,8585000,8120040,9833570,,,,,5.590,4.872,,39992,479902,02/04/2015,12/01/2114,8824951,matched-raw-parser-row,CFKKRGACEDP-0049,7,"coordinate-owned-bond row; reconciles source-page columns but does not prove cash receipt, borrower use, liability spread, waterfall, collateral certificate, or return","use coordinate columns to replace token-only owned-bond reconciliation, then join income/proceeds and liability context"
CFKKRGACEDCOB-0050,Schedule D Part 1 Section 1 issuer-credit obligations owned,219,334.92,717893-U3-3,standard-cusip-like,105279,150000,112874,108844,1200,,,,2.926,5.178,,2195,4389,11/15/2022,07/01/2045,152195,matched-raw-parser-row,CFKKRGACEDP-0050,8,"coordinate-owned-bond row; reconciles source-page columns but does not prove cash receipt, borrower use, liability spread, waterfall, collateral certificate, or return","use coordinate columns to replace token-only owned-bond reconciliation, then join income/proceeds and liability context"
CFKKRGACEDCOB-0051,Schedule D Part 1 Section 1 issuer-credit obligations owned,219,326.88,73358W-3L-6,standard-cusip-like,8559531,9000000,5723904,8569225,,3195,,,3.287,3.491,,123263,295830,12/12/2022,08/01/2069,1949764,matched-raw-parser-row,CFKKRGACEDP-0051,8,"coordinate-owned-bond row; reconciles source-page columns but does not prove cash receipt, borrower use, liability spread, waterfall, collateral certificate, or return","use coordinate columns to replace token-only owned-bond reconciliation, then join income/proceeds and liability context"
CFKKRGACEDCOB-0052,Schedule D Part 1 Section 1 issuer-credit obligations owned,219,318.84,73358W-EK-6,standard-cusip-like,22385680,22000000,20516670,22328006,,(7304),,,4.926,4.820,,1083720,,03/20/2020,10/01/2051,22541860,matched-raw-parser-row,CFKKRGACEDP-0052,8,"coordinate-owned-bond row; reconciles source-page columns but does not prove cash receipt, borrower use, liability spread, waterfall, collateral certificate, or return","use coordinate columns to replace token-only owned-bond reconciliation, then join income/proceeds and liability context"
CFKKRGACEDCOB-0053,Schedule D Part 1 Section 1 issuer-credit obligations owned,219,310.80,73358W-JA-3,standard-cusip-like,4637341,4395000,3688436,4610927,,(2834),,,4.458,4.186,,48982,195929,06/23/2022,10/01/2062,4492965,matched-raw-parser-row,CFKKRGACEDP-1617,8,"coordinate-owned-bond row; reconciles source-page columns but does not prove cash receipt, borrower use, liability spread, waterfall, collateral certificate, or return","use coordinate columns to replace token-only owned-bond reconciliation, then join income/proceeds and liability context"
CFKKRGACEDCOB-0054,Schedule D Part 1 Section 1 issuer-credit obligations owned,219,302.76,73358W-XQ-2,standard-cusip-like,18109094,16000000,14347853,17922913,,(18950),,,4.810,4.185,,162471,769600,10/29/2020,10/15/2065,16384800,matched-raw-parser-row,CFKKRGACEDP-0054,8,"coordinate-owned-bond row; reconciles source-page columns but does not prove cash receipt, borrower use, liability spread, waterfall, collateral certificate, or return","use coordinate columns to replace token-only owned-bond reconciliation, then join income/proceeds and liability context"
CFKKRGACEDCOB-0055,Schedule D Part 1 Section 1 issuer-credit obligations owned,219,294.72,79467B-CN-3,standard-cusip-like,3500000,3500000,3231326,3500000,,,,,4.787,4.787,,83773,167545,01/17/2019,01/01/2048,3583773,matched-raw-parser-row,CFKKRGACEDP-0055,7,"coordinate-owned-bond row; reconciles source-page columns but does not prove cash receipt, borrower use, liability spread, waterfall, collateral certificate, or return","use coordinate columns to replace token-only owned-bond reconciliation, then join income/proceeds and liability context"
CFKKRGACEDCOB-0056,Schedule D Part 1 Section 1 issuer-credit obligations owned,219,286.68,796247-DC-5,standard-cusip-like,2000000,2000000,1331058,2000000,,,,,3.242,3.242,,64840,,07/24/2020,06/01/2050,2000000,matched-raw-parser-row,CFKKRGACEDP-0056,7,"coordinate-owned-bond row; reconciles source-page columns but does not prove cash receipt, borrower use, liability spread, waterfall, collateral certificate, or return","use coordinate columns to replace token-only owned-bond reconciliation, then join income/proceeds and liability context"
CFKKRGACEDCOB-0057,Schedule D Part 1 Section 1 issuer-credit obligations owned,219,278.64,797400-FN-3,standard-cusip-like,7886970,7000000,7071020,7702223,,(16588),,,5.911,5.148,,103443,413770,09/30/2013,04/01/2048,7206885,matched-raw-parser-row,CFKKRGACEDP-0057,8,"coordinate-owned-bond row; reconciles source-page columns but does not prove cash receipt, borrower use, liability spread, waterfall, collateral certificate, or return","use coordinate columns to replace token-only owned-bond reconciliation, then join income/proceeds and liability context"
CFKKRGACEDCOB-0058,Schedule D Part 1 Section 1 issuer-credit obligations owned,219,271.80,79765R-TL-3,standard-cusip-like,12601675,10050000,11187530,12083198,,(37198),,,6.950,5.453,,116413,698475,10/09/2013,11/01/2050,10399238,matched-raw-parser-row,CFKKRGACEDP-0058,8,"coordinate-owned-bond row; reconciles source-page columns but does not prove cash receipt, borrower use, liability spread, waterfall, collateral certificate, or return","use coordinate columns to replace token-only owned-bond reconciliation, then join income/proceeds and liability context"
CFKKRGACEDCOB-0059,Schedule D Part 1 Section 1 issuer-credit obligations owned,219,264.96,837151-SV-2,standard-cusip-like,10581917,9515000,10253044,10527998,,(18504),,,6.454,5.639,,307049,614098,01/05/2023,01/01/2050,9822049,matched-raw-parser-row,CFKKRGACEDP-0059,8,"coordinate-owned-bond row; reconciles source-page columns but does not prove cash receipt, borrower use, liability spread, waterfall, collateral certificate, or return","use coordinate columns to replace token-only owned-bond reconciliation, then join income/proceeds and liability context"
CFKKRGACEDCOB-0060,Schedule D Part 1 Section 1 issuer-credit obligations owned,219,256.92,882667-AZ-1,standard-cusip-like,5191786,6500000,5206881,5292161,,34847,,,3.922,5.492,,,254930,12/07/2022,12/31/2049,404799,matched-raw-parser-row,CFKKRGACEDP-0060,7,"coordinate-owned-bond row; reconciles source-page columns but does not prove cash receipt, borrower use, liability spread, waterfall, collateral certificate, or return","use coordinate columns to replace token-only owned-bond reconciliation, then join income/proceeds and liability context"
CFKKRGACEDCOB-0061,Schedule D Part 1 Section 1 issuer-credit obligations owned,219,250.08,896035-DG-4,standard-cusip-like,388124,400000,360793,388338,,,,,4.125,4.280,,2108,16500,02/02/2024,05/15/2064,408250,matched-raw-parser-row,CFKKRGACEDP-0061,7,"coordinate-owned-bond row; reconciles source-page columns but does not prove cash receipt, borrower use, liability spread, waterfall, collateral certificate, or return","use coordinate columns to replace token-only owned-bond reconciliation, then join income/proceeds and liability context"
CFKKRGACEDCOB-0062,Schedule D Part 1 Section 1 issuer-credit obligations owned,219,242.04,913366-DF-4,standard-cusip-like,11388663,8280000,8844805,10427427,,(110528),,,6.583,4.135,,69648,545072,05/11/2023,05/15/2049,483229,matched-raw-parser-row,CFKKRGACEDP-0062,8,"coordinate-owned-bond row; reconciles source-page columns but does not prove cash receipt, borrower use, liability spread, waterfall, collateral certificate, or return","use coordinate columns to replace token-only owned-bond reconciliation, then join income/proceeds and liability context"
CFKKRGACEDCOB-0063,Schedule D Part 1 Section 1 issuer-credit obligations owned,219,234.00,913366-KD-1,standard-cusip-like,15000000,15000000,9474027,15000000,,,,,3.706,3.706,,71032,555900,02/27/2020,05/15/2120,15277950,matched-raw-parser-row,CFKKRGACEDP-0063,7,"coordinate-owned-bond row; reconciles source-page columns but does not prove cash receipt, borrower use, liability spread, waterfall, collateral certificate, or return","use coordinate columns to replace token-only owned-bond reconciliation, then join income/proceeds and liability context"
CFKKRGACEDCOB-0064,Schedule D Part 1 Section 1 issuer-credit obligations owned,219,225.96,91412G-HA-6,standard-cusip-like,57591731,65783000,54684928,57637593,3696,,,,4.858,5.551,,3195738,,04/23/2014,05/15/2112,67380869,matched-raw-parser-row,CFKKRGACEDP-0064,8,"coordinate-owned-bond row; reconciles source-page columns but does not prove cash receipt, borrower use, liability spread, waterfall, collateral certificate, or return","use coordinate columns to replace token-only owned-bond reconciliation, then join income/proceeds and liability context"
CFKKRGACEDCOB-0065,Schedule D Part 1 Section 1 issuer-credit obligations owned,219,217.92,946303-E5-9,standard-cusip-like,2000000,2000000,1448885,2000000,,,,,3.492,3.492,,69840,,07/17/2020,11/15/2050,2000000,matched-raw-parser-row,CFKKRGACEDP-0065,7,"coordinate-owned-bond row; reconciles source-page columns but does not prove cash receipt, borrower use, liability spread, waterfall, collateral certificate, or return","use coordinate columns to replace token-only owned-bond reconciliation, then join income/proceeds and liability context"
CFKKRGACEDCOB-0066,Schedule D Part 1 Section 1 issuer-credit obligations owned,219,211.08,95308R-XA-2,standard-cusip-like,3988793,4125000,3256058,3995576,1967,,,,3.500,3.660,,6417,144375,03/31/2022,12/15/2060,4197188,matched-raw-parser-row,CFKKRGACEDP-0066,67,"coordinate-owned-bond row; reconciles source-page columns but does not prove cash receipt, borrower use, liability spread, waterfall, collateral certificate, or return","use coordinate columns to replace token-only owned-bond reconciliation, then join income/proceeds and liability context"
CFKKRGACEDCOB-0067,Schedule D Part 1 Section 1 issuer-credit obligations owned,219,186.00,00151@-AA-3,statutory-private-marker-cusip,27000000,27000000,27000000,27000000,,,,,6.000,0.152,,261000,839980,03/31/2025,12/31/2056,,not-in-raw-parser-private-marker-or-geometry-row,,,"coordinate-owned-bond row; reconciles source-page columns but does not prove cash receipt, borrower use, liability spread, waterfall, collateral certificate, or return","use coordinate columns to replace token-only owned-bond reconciliation, then join income/proceeds and liability context"
CFKKRGACEDCOB-0068,Schedule D Part 1 Section 1 issuer-credit obligations owned,219,177.96,00151@-AB-1,statutory-private-marker-cusip,34134276,34134276,34134276,34134276,,,,,6.000,0.129,,329965,,11/21/2025,02/25/2056,,not-in-raw-parser-private-marker-or-geometry-row,,,"coordinate-owned-bond row; reconciles source-page columns but does not prove cash receipt, borrower use, liability spread, waterfall, collateral certificate, or return","use coordinate columns to replace token-only owned-bond reconciliation, then join income/proceeds and liability context"
CFKKRGACEDCOB-0069,Schedule D Part 1 Section 1 issuer-credit obligations owned,219,169.92,12789@-AA-8,statutory-private-marker-cusip,29165989,29186321,29186321,29186321,,,1343841,,4.800,4.857,,1384476,,11/21/2024,12/31/2054,29447052,not-in-raw-parser-private-marker-or-geometry-row,,,"coordinate-owned-bond row; reconciles source-page columns but does not prove cash receipt, borrower use, liability spread, waterfall, collateral certificate, or return","use coordinate columns to replace token-only owned-bond reconciliation, then join income/proceeds and liability context"
CFKKRGACEDCOB-0070,Schedule D Part 1 Section 1 issuer-credit obligations owned,219,161.88,12789@-AB-6,statutory-private-marker-cusip,2790173,2792117,2792117,2792287,,,,128685,4.850,4.907,,25579,133823,11/21/2024,12/31/2054,2817320,not-in-raw-parser-private-marker-or-geometry-row,,,"coordinate-owned-bond row; reconciles source-page columns but does not prove cash receipt, borrower use, liability spread, waterfall, collateral certificate, or return","use coordinate columns to replace token-only owned-bond reconciliation, then join income/proceeds and liability context"
CFKKRGACEDCOB-0071,Schedule D Part 1 Section 1 issuer-credit obligations owned,219,153.84,12789@-AC-4,statutory-private-marker-cusip,3025098,3027207,3027207,3027207,,,,139474,4.950,5.008,,28304,148083,11/21/2024,12/31/2054,3055095,not-in-raw-parser-private-marker-or-geometry-row,,,"coordinate-owned-bond row; reconciles source-page columns but does not prove cash receipt, borrower use, liability spread, waterfall, collateral certificate, or return","use coordinate columns to replace token-only owned-bond reconciliation, then join income/proceeds and liability context"
CFKKRGACEDCOB-0072,Schedule D Part 1 Section 1 issuer-credit obligations owned,219,145.80,12789@-AD-2,statutory-private-marker-cusip,3205881,3208115,3208115,3208321,,,,147850,5.100,5.160,,30905,161688,11/21/2024,12/31/2054,3238566,not-in-raw-parser-private-marker-or-geometry-row,,,"coordinate-owned-bond row; reconciles source-page columns but does not prove cash receipt, borrower use, liability spread, waterfall, collateral certificate, or return","use coordinate columns to replace token-only owned-bond reconciliation, then join income/proceeds and liability context"
CFKKRGACEDCOB-0073,Schedule D Part 1 Section 1 issuer-credit obligations owned,219,137.76,12789@-AE-0,statutory-private-marker-cusip,3427194,3429583,3429583,3429583,,,,157808,5.700,5.767,,36925,193191,11/21/2024,12/31/2054,3465965,not-in-raw-parser-private-marker-or-geometry-row,,,"coordinate-owned-bond row; reconciles source-page columns but does not prove cash receipt, borrower use, liability spread, waterfall, collateral certificate, or return","use coordinate columns to replace token-only owned-bond reconciliation, then join income/proceeds and liability context"
CFKKRGACEDCOB-0074,Schedule D Part 1 Section 1 issuer-credit obligations owned,219,129.72,362591-AA-7,standard-cusip-like,4715987,4715987,4715987,4716405,,,,,4.750,4.819,,42313,228365,10/02/2023,10/25/2063,4829859,matched-raw-parser-row,CFKKRGACEDP-0067,7,"coordinate-owned-bond row; reconciles source-page columns but does not prove cash receipt, borrower use, liability spread, waterfall, collateral certificate, or return","use coordinate columns to replace token-only owned-bond reconciliation, then join income/proceeds and liability context"
CFKKRGACEDCOB-0075,Schedule D Part 1 Section 1 issuer-credit obligations owned,219,121.68,362591-AB-5,standard-cusip-like,7138024,7138024,6886765,7138781,,,,,5.250,5.326,,70785,382033,10/02/2023,10/25/2063,7328520,matched-raw-parser-row,CFKKRGACEDP-0068,7,"coordinate-owned-bond row; reconciles source-page columns but does not prove cash receipt, borrower use, liability spread, waterfall, collateral certificate, or return","use coordinate columns to replace token-only owned-bond reconciliation, then join income/proceeds and liability context"
CFKKRGACEDCOB-0076,Schedule D Part 1 Section 1 issuer-credit obligations owned,219,113.64,362591-AC-3,standard-cusip-like,1523685,1523685,1521552,1523996,,,,,7.500,7.608,,21586,116498,10/02/2023,10/25/2063,1581776,matched-raw-parser-row,CFKKRGACEDP-0069,7,"coordinate-owned-bond row; reconciles source-page columns but does not prove cash receipt, borrower use, liability spread, waterfall, collateral certificate, or return","use coordinate columns to replace token-only owned-bond reconciliation, then join income/proceeds and liability context"
CFKKRGACEDCOB-0077,Schedule D Part 1 Section 1 issuer-credit obligations owned,219,105.60,362591-AD-1,standard-cusip-like,1099376,1099376,1088383,1099376,,,,,9.500,9.635,,19728,106472,10/02/2023,10/25/2063,1152467,matched-raw-parser-row,CFKKRGACEDP-0070,7,"coordinate-owned-bond row; reconciles source-page columns but does not prove cash receipt, borrower use, liability spread, waterfall, collateral certificate, or return","use coordinate columns to replace token-only owned-bond reconciliation, then join income/proceeds and liability context"
CFKKRGACEDCOB-0078,Schedule D Part 1 Section 1 issuer-credit obligations owned,219,97.56,36271M-AA-5,standard-cusip-like,35641361,35641361,35627104,35641361,,,,,6.250,6.341,,2270899,,01/15/2024,04/25/2056,36773717,matched-raw-parser-row,CFKKRGACEDP-1624,6,"coordinate-owned-bond row; reconciles source-page columns but does not prove cash receipt, borrower use, liability spread, waterfall, collateral certificate, or return","use coordinate columns to replace token-only owned-bond reconciliation, then join income/proceeds and liability context"
CFKKRGACEDCOB-0079,Schedule D Part 1 Section 1 issuer-credit obligations owned,219,89.52,36271M-AB-3,standard-cusip-like,3140000,3140000,3102006,3140000,,,,,8.500,8.623,,50414,272090,01/15/2024,04/25/2056,3275674,matched-raw-parser-row,CFKKRGACEDP-0072,7,"coordinate-owned-bond row; reconciles source-page columns but does not prove cash receipt, borrower use, liability spread, waterfall, collateral certificate, or return","use coordinate columns to replace token-only owned-bond reconciliation, then join income/proceeds and liability context"
CFKKRGACEDCOB-0080,Schedule D Part 1 Section 1 issuer-credit obligations owned,219,81.48,36271M-AC-1,standard-cusip-like,2524178,2524178,2478490,2524178,,,,,,10.651,,50063,270192,01/15/2024,04/25/2056,2658906,matched-raw-parser-row,CFKKRGACEDP-1625,20,"coordinate-owned-bond row; reconciles source-page columns but does not prove cash receipt, borrower use, liability spread, waterfall, collateral certificate, or return","use coordinate columns to replace token-only owned-bond reconciliation, then join income/proceeds and liability context"
CFKKRGACEDCOB-0081,Schedule D Part 1 Section 1 issuer-credit obligations owned,219,73.44,78486#-AA-3,statutory-private-marker-cusip,61250000,61250000,61250000,61250000,,,,,5.600,5.600,,552611,2305722,09/14/2021,04/30/2057,,not-in-raw-parser-private-marker-or-geometry-row,,,"coordinate-owned-bond row; reconciles source-page columns but does not prove cash receipt, borrower use, liability spread, waterfall, collateral certificate, or return","use coordinate columns to replace token-only owned-bond reconciliation, then join income/proceeds and liability context"
CFKKRGACEDCOB-0082,Schedule D Part 1 Section 1 issuer-credit obligations owned,220,397.08,00037B-AF-9,standard-cusip-like,50333,50000,50249,50319,,,,,3.800,3.468,,,,11/25/2025,04/03/2028,,matched-raw-parser-row,CFKKRGACEDP-1093,2,"coordinate-owned-bond row; reconciles source-page columns but does not prove cash receipt, borrower use, liability spread, waterfall, collateral certificate, or return","use coordinate columns to replace token-only owned-bond reconciliation, then join income/proceeds and liability context"
CFKKRGACEDCOB-0083,Schedule D Part 1 Section 1 issuer-credit obligations owned,220,389.04,00084D-BA-7,standard-cusip-like,50867,50000,50779,50767,,,,,6.339,4.118,,,,11/25/2025,09/18/2027,,matched-raw-parser-row,CFKKRGACEDP-1094,2,"coordinate-owned-bond row; reconciles source-page columns but does not prove cash receipt, borrower use, liability spread, waterfall, collateral certificate, or return","use coordinate columns to replace token-only owned-bond reconciliation, then join income/proceeds and liability context"
CFKKRGACEDCOB-0084,Schedule D Part 1 Section 1 issuer-credit obligations owned,220,381.00,00108W-AJ-9,standard-cusip-like,18103712,17916000,13846846,17975447,,(10640),,,4.150,4.072,,123919,743514,11/22/2022,05/01/2049,18287757,matched-raw-parser-row,CFKKRGACEDP-0076,8,"coordinate-owned-bond row; reconciles source-page columns but does not prove cash receipt, borrower use, liability spread, waterfall, collateral certificate, or return","use coordinate columns to replace token-only owned-bond reconciliation, then join income/proceeds and liability context"
CFKKRGACEDCOB-0085,Schedule D Part 1 Section 1 issuer-credit obligations owned,220,372.96,00115A-AM-1,standard-cusip-like,7197408,7200000,5368458,7198103,,,,,3.650,3.652,,65700,262800,03/30/2020,04/01/2050,7331400,matched-raw-parser-row,CFKKRGACEDP-0077,7,"coordinate-owned-bond row; reconciles source-page columns but does not prove cash receipt, borrower use, liability spread, waterfall, collateral certificate, or return","use coordinate columns to replace token-only owned-bond reconciliation, then join income/proceeds and liability context"
CFKKRGACEDCOB-0086,Schedule D Part 1 Section 1 issuer-credit obligations owned,220,364.92,00135T-AD-6,standard-cusip-like,532640,500000,531130,531604,,(1036),,,6.608,4.106,,9912,,11/25/2025,09/13/2029,,matched-raw-parser-row,CFKKRGACEDP-1860,8,"coordinate-owned-bond row; reconciles source-page columns but does not prove cash receipt, borrower use, liability spread, waterfall, collateral certificate, or return","use coordinate columns to replace token-only owned-bond reconciliation, then join income/proceeds and liability context"
CFKKRGACEDCOB-0087,Schedule D Part 1 Section 1 issuer-credit obligations owned,220,356.88,00205G-AD-9,standard-cusip-like,50083,50000,50066,50079,,,,,4.250,4.126,,,,11/25/2025,07/15/2027,,matched-raw-parser-row,CFKKRGACEDP-1096,2,"coordinate-owned-bond row; reconciles source-page columns but does not prove cash receipt, borrower use, liability spread, waterfall, collateral certificate, or return","use coordinate columns to replace token-only owned-bond reconciliation, then join income/proceeds and liability context"
CFKKRGACEDCOB-0088,Schedule D Part 1 Section 1 issuer-credit obligations owned,220,348.84,00206R-DJ-8,standard-cusip-like,89784,101750,84352,90524,,,,,4.500,5.356,,1425,4579,01/27/2023,03/09/2048,104039,matched-raw-parser-row,CFKKRGACEDP-0080,7,"coordinate-owned-bond row; reconciles source-page columns but does not prove cash receipt, borrower use, liability spread, waterfall, collateral certificate, or return","use coordinate columns to replace token-only owned-bond reconciliation, then join income/proceeds and liability context"
CFKKRGACEDCOB-0089,Schedule D Part 1 Section 1 issuer-credit obligations owned,220,340.80,00206R-DK-5,standard-cusip-like,19769000,20000000,16566536,19797005,4811,,,,4.550,4.622,,283111,910000,02/27/2020,03/09/2049,20455000,matched-raw-parser-row,CFKKRGACEDP-0081,8,"coordinate-owned-bond row; reconciles source-page columns but does not prove cash receipt, borrower use, liability spread, waterfall, collateral certificate, or return","use coordinate columns to replace token-only owned-bond reconciliation, then join income/proceeds and liability context"
CFKKRGACEDCOB-0090,Schedule D Part 1 Section 1 issuer-credit obligations owned,220,332.76,00206R-DR-0,standard-cusip-like,498002,504000,511147,498329,,,,,5.250,5.385,,13230,,03/25/2025,03/01/2037,517230,matched-raw-parser-row,CFKKRGACEDP-1861,8,"coordinate-owned-bond row; reconciles source-page columns but does not prove cash receipt, borrower use, liability spread, waterfall, collateral certificate, or return","use coordinate columns to replace token-only owned-bond reconciliation, then join income/proceeds and liability context"
CFKKRGACEDCOB-0091,Schedule D Part 1 Section 1 issuer-credit obligations owned,220,324.72,00206R-HK-1,standard-cusip-like,113383,121000,115413,113794,,,,,4.850,5.491,,1956,5869,01/21/2025,03/01/2039,123934,matched-raw-parser-row,CFKKRGACEDP-1862,8,"coordinate-owned-bond row; reconciles source-page columns but does not prove cash receipt, borrower use, liability spread, waterfall, collateral certificate, or return","use coordinate columns to replace token-only owned-bond reconciliation, then join income/proceeds and liability context"
CFKKRGACEDCOB-0092,Schedule D Part 1 Section 1 issuer-credit obligations owned,220,316.68,00206R-JK-9,standard-cusip-like,738575,880000,765427,741108,,2533,,,4.650,6.087,,40920,,05/19/2025,06/01/2044,900460,matched-raw-parser-row,CFKKRGACEDP-1099,3,"coordinate-owned-bond row; reconciles source-page columns but does not prove cash receipt, borrower use, liability spread, waterfall, collateral certificate, or return","use coordinate columns to replace token-only owned-bond reconciliation, then join income/proceeds and liability context"
CFKKRGACEDCOB-0093,Schedule D Part 1 Section 1 issuer-credit obligations owned,220,308.64,00206R-KA-9,standard-cusip-like,24318413,25700000,18085959,24157343,,(50744),,,3.650,3.681,,78171,938050,10/31/2022,06/01/2051,42155550,matched-raw-parser-row,CFKKRGACEDP-0085,8,"coordinate-owned-bond row; reconciles source-page columns but does not prove cash receipt, borrower use, liability spread, waterfall, collateral certificate, or return","use coordinate columns to replace token-only owned-bond reconciliation, then join income/proceeds and liability context"
CFKKRGACEDCOB-0094,Schedule D Part 1 Section 1 issuer-credit obligations owned,220,300.60,00206R-KJ-0,standard-cusip-like,5451282,7342000,4917161,5534247,,28964,,,3.500,5.182,,75663,253155,05/19/2025,09/15/2053,7470485,matched-raw-parser-row,CFKKRGACEDP-1100,3,"coordinate-owned-bond row; reconciles source-page columns but does not prove cash receipt, borrower use, liability spread, waterfall, collateral certificate, or return","use coordinate columns to replace token-only owned-bond reconciliation, then join income/proceeds and liability context"
CFKKRGACEDCOB-0095,Schedule D Part 1 Section 1 issuer-credit obligations owned,220,292.56,00206R-LJ-9,standard-cusip-like,7132106,9687000,6455147,7244533,,33810,,,3.550,5.232,,101256,343889,06/23/2022,09/15/2055,9858944,matched-raw-parser-row,CFKKRGACEDP-1863,10,"coordinate-owned-bond row; reconciles source-page columns but does not prove cash receipt, borrower use, liability spread, waterfall, collateral certificate, or return","use coordinate columns to replace token-only owned-bond reconciliation, then join income/proceeds and liability context"
CFKKRGACEDCOB-0096,Schedule D Part 1 Section 1 issuer-credit obligations owned,220,284.52,00206R-LV-2,standard-cusip-like,14570788,18801000,12408326,14782247,,45165,,,3.650,4.959,,202059,686237,12/12/2022,09/15/2059,19144118,matched-raw-parser-row,CFKKRGACEDP-0088,8,"coordinate-owned-bond row; reconciles source-page columns but does not prove cash receipt, borrower use, liability spread, waterfall, collateral certificate, or return","use coordinate columns to replace token-only owned-bond reconciliation, then join income/proceeds and liability context"
CFKKRGACEDCOB-0097,Schedule D Part 1 Section 1 issuer-credit obligations owned,220,276.48,00206R-MY-5,standard-cusip-like,326602,320000,328040,326426,,,,,5.375,5.103,,9938,,07/02/2025,08/15/2035,,matched-raw-parser-row,CFKKRGACEDP-1101,3,"coordinate-owned-bond row; reconciles source-page columns but does not prove cash receipt, borrower use, liability spread, waterfall, collateral certificate, or return","use coordinate columns to replace token-only owned-bond reconciliation, then join income/proceeds and liability context"
CFKKRGACEDCOB-0098,Schedule D Part 1 Section 1 issuer-credit obligations owned,220,268.44,002824-BH-2,standard-cusip-like,1961,2000,1884,1962,,,,,4.900,5.046,,,,09/04/2024,11/30/2046,2049,matched-raw-parser-row,CFKKRGACEDP-1627,8,"coordinate-owned-bond row; reconciles source-page columns but does not prove cash receipt, borrower use, liability spread, waterfall, collateral certificate, or return","use coordinate columns to replace token-only owned-bond reconciliation, then join income/proceeds and liability context"
CFKKRGACEDCOB-0099,Schedule D Part 1 Section 1 issuer-credit obligations owned,220,260.40,00287Y-AS-8,standard-cusip-like,1128383,1277000,1155540,1130348,1966,,,,4.700,5.686,,7836,30010,07/17/2025,05/14/2045,1307010,matched-raw-parser-row,CFKKRGACEDP-1102,3,"coordinate-owned-bond row; reconciles source-page columns but does not prove cash receipt, borrower use, liability spread, waterfall, collateral certificate, or return","use coordinate columns to replace token-only owned-bond reconciliation, then join income/proceeds and liability context"
CFKKRGACEDCOB-0100,Schedule D Part 1 Section 1 issuer-credit obligations owned,220,252.36,00287Y-AV-1,standard-cusip-like,1408564,1512000,1451302,1414043,,5479,,,4.300,5.113,,8488,65016,03/25/2025,05/14/2036,1544508,matched-raw-parser-row,CFKKRGACEDP-1103,3,"coordinate-owned-bond row; reconciles source-page columns but does not prove cash receipt, borrower use, liability spread, waterfall, collateral certificate, or return","use coordinate columns to replace token-only owned-bond reconciliation, then join income/proceeds and liability context"
CFKKRGACEDCOB-0101,Schedule D Part 1 Section 1 issuer-credit obligations owned,220,244.32,00287Y-BD-0,standard-cusip-like,26727454,24792000,22595413,26495079,,(49218),,,4.875,4.370,,1208610,,11/07/2024,11/14/2048,28264555,matched-raw-parser-row,CFKKRGACEDP-0093,8,"coordinate-owned-bond row; reconciles source-page columns but does not prove cash receipt, borrower use, liability spread, waterfall, collateral certificate, or return","use coordinate columns to replace token-only owned-bond reconciliation, then join income/proceeds and liability context"
CFKKRGACEDCOB-0102,Schedule D Part 1 Section 1 issuer-credit obligations owned,220,236.28,00287Y-CB-3,standard-cusip-like,9994140,10000000,8241955,9995091,,,,,4.250,4.253,,47222,425000,11/13/2019,11/21/2049,10212500,matched-raw-parser-row,CFKKRGACEDP-0094,7,"coordinate-owned-bond row; reconciles source-page columns but does not prove cash receipt, borrower use, liability spread, waterfall, collateral certificate, or return","use coordinate columns to replace token-only owned-bond reconciliation, then join income/proceeds and liability context"
CFKKRGACEDCOB-0103,Schedule D Part 1 Section 1 issuer-credit obligations owned,220,228.24,00287Y-DA-4,standard-cusip-like,8450985,8375000,7761987,8440871,,(2275),,,4.850,3.847,,18053,406188,05/14/2020,06/15/2044,,matched-raw-parser-row,CFKKRGACEDP-0095,7,"coordinate-owned-bond row; reconciles source-page columns but does not prove cash receipt, borrower use, liability spread, waterfall, collateral certificate, or return","use coordinate columns to replace token-only owned-bond reconciliation, then join income/proceeds and liability context"
CFKKRGACEDCOB-0104,Schedule D Part 1 Section 1 issuer-credit obligations owned,220,220.20,00287Y-DV-8,standard-cusip-like,3201332,3370000,3332220,3204856,,3525,,,5.350,5.789,,90148,,05/19/2025,03/15/2044,3460148,matched-raw-parser-row,CFKKRGACEDP-1104,3,"coordinate-owned-bond row; reconciles source-page columns but does not prove cash receipt, borrower use, liability spread, waterfall, collateral certificate, or return","use coordinate columns to replace token-only owned-bond reconciliation, then join income/proceeds and liability context"
CFKKRGACEDCOB-0105,Schedule D Part 1 Section 1 issuer-credit obligations owned,220,212.16,00287Y-DW-6,standard-cusip-like,18759496,19196000,18678532,18766840,7283,,,,5.400,5.557,,1036584,,01/21/2025,03/15/2054,19714292,matched-raw-parser-row,CFKKRGACEDP-1867,8,"coordinate-owned-bond row; reconciles source-page columns but does not prove cash receipt, borrower use, liability spread, waterfall, collateral certificate, or return","use coordinate columns to replace token-only owned-bond reconciliation, then join income/proceeds and liability context"
CFKKRGACEDCOB-0106,Schedule D Part 1 Section 1 issuer-credit obligations owned,220,204.12,007903-BG-1,standard-cusip-like,1359033,1500000,1278371,1365844,,2404,,,4.393,5.007,,65895,,02/16/2023,06/01/2052,1532948,matched-raw-parser-row,CFKKRGACEDP-0098,8,"coordinate-owned-bond row; reconciles source-page columns but does not prove cash receipt, borrower use, liability spread, waterfall, collateral certificate, or return","use coordinate columns to replace token-only owned-bond reconciliation, then join income/proceeds and liability context"
CFKKRGACEDCOB-0107,Schedule D Part 1 Section 1 issuer-credit obligations owned,220,196.08,007924-AJ-2,standard-cusip-like,50649,50000,50675,50629,,,,,5.500,4.908,,,,11/25/2025,04/11/2048,,matched-raw-parser-row,CFKKRGACEDP-1106,2,"coordinate-owned-bond row; reconciles source-page columns but does not prove cash receipt, borrower use, liability spread, waterfall, collateral certificate, or return","use coordinate columns to replace token-only owned-bond reconciliation, then join income/proceeds and liability context"
CFKKRGACEDCOB-0108,Schedule D Part 1 Section 1 issuer-credit obligations owned,220,188.04,007944-AG-6,standard-cusip-like,10030700,10000000,6901390,10026679,,,,,3.630,3.613,,121000,363000,10/25/2019,03/01/2049,,matched-raw-parser-row,CFKKRGACEDP-0100,6,"coordinate-owned-bond row; reconciles source-page columns but does not prove cash receipt, borrower use, liability spread, waterfall, collateral certificate, or return","use coordinate columns to replace token-only owned-bond reconciliation, then join income/proceeds and liability context"
CFKKRGACEDCOB-0109,Schedule D Part 1 Section 1 issuer-credit obligations owned,220,180.00,00817Y-AJ-7,standard-cusip-like,5539900,5000000,4304882,5396409,,(17871),,,4.500,3.829,,28750,225000,08/04/2016,05/15/2042,,matched-raw-parser-row,CFKKRGACEDP-0101,7,"coordinate-owned-bond row; reconciles source-page columns but does not prove cash receipt, borrower use, liability spread, waterfall, collateral certificate, or return","use coordinate columns to replace token-only owned-bond reconciliation, then join income/proceeds and liability context"
CFKKRGACEDCOB-0110,Schedule D Part 1 Section 1 issuer-credit obligations owned,220,171.96,00817Y-AZ-1,standard-cusip-like,2812695,3000000,2249470,2818461,,3269,,,3.875,4.284,,43917,116250,11/03/2022,08/15/2047,3058125,matched-raw-parser-row,CFKKRGACEDP-0102,8,"coordinate-owned-bond row; reconciles source-page columns but does not prove cash receipt, borrower use, liability spread, waterfall, collateral certificate, or return","use coordinate columns to replace token-only owned-bond reconciliation, then join income/proceeds and liability context"
CFKKRGACEDCOB-0111,Schedule D Part 1 Section 1 issuer-credit obligations owned,220,163.92,008513-AF-0,standard-cusip-like,52771,50000,52501,52750,,,,,5.600,4.853,,,1571,11/25/2025,06/15/2035,,matched-raw-parser-row,CFKKRGACEDP-1107,3,"coordinate-owned-bond row; reconciles source-page columns but does not prove cash receipt, borrower use, liability spread, waterfall, collateral certificate, or return","use coordinate columns to replace token-only owned-bond reconciliation, then join income/proceeds and liability context"
CFKKRGACEDCOB-0112,Schedule D Part 1 Section 1 issuer-credit obligations owned,220,155.88,009158-BA-3,standard-cusip-like,1109218,1100000,703877,1108261,,,,,2.800,2.757,,3936,30800,08/09/2021,05/15/2050,,matched-raw-parser-row,CFKKRGACEDP-0104,6,"coordinate-owned-bond row; reconciles source-page columns but does not prove cash receipt, borrower use, liability spread, waterfall, collateral certificate, or return","use coordinate columns to replace token-only owned-bond reconciliation, then join income/proceeds and liability context"
CFKKRGACEDCOB-0113,Schedule D Part 1 Section 1 issuer-credit obligations owned,220,147.84,009279-AC-4,standard-cusip-like,42014,50000,41098,42034,,,,,3.950,5.196,,,,11/25/2025,04/10/2047,50988,matched-raw-parser-row,CFKKRGACEDP-1108,2,"coordinate-owned-bond row; reconciles source-page columns but does not prove cash receipt, borrower use, liability spread, waterfall, collateral certificate, or return","use coordinate columns to replace token-only owned-bond reconciliation, then join income/proceeds and liability context"
CFKKRGACEDCOB-0114,Schedule D Part 1 Section 1 issuer-credit obligations owned,220,139.80,00973R-AF-0,standard-cusip-like,484825,500000,484043,485149,,,,,3.750,4.563,,8646,,11/25/2025,01/15/2030,509375,matched-raw-parser-row,CFKKRGACEDP-1871,8,"coordinate-owned-bond row; reconciles source-page columns but does not prove cash receipt, borrower use, liability spread, waterfall, collateral certificate, or return","use coordinate columns to replace token-only owned-bond reconciliation, then join income/proceeds and liability context"
CFKKRGACEDCOB-0115,Schedule D Part 1 Section 1 issuer-credit obligations owned,220,131.76,012725-AD-9,standard-cusip-like,18173305,16425000,15006919,17795665,,(46821),,,5.450,4.758,,74597,895163,05/11/2023,12/01/2044,16872581,matched-raw-parser-row,CFKKRGACEDP-0107,8,"coordinate-owned-bond row; reconciles source-page columns but does not prove cash receipt, borrower use, liability spread, waterfall, collateral certificate, or return","use coordinate columns to replace token-only owned-bond reconciliation, then join income/proceeds and liability context"
CFKKRGACEDCOB-0116,Schedule D Part 1 Section 1 issuer-credit obligations owned,220,123.72,01400E-AF-0,standard-cusip-like,414214,417000,423154,414303,,,,,5.750,5.798,,23978,,01/21/2025,12/06/2052,428989,matched-raw-parser-row,CFKKRGACEDP-1110,3,"coordinate-owned-bond row; reconciles source-page columns but does not prove cash receipt, borrower use, liability spread, waterfall, collateral certificate, or return","use coordinate columns to replace token-only owned-bond reconciliation, then join income/proceeds and liability context"
CFKKRGACEDCOB-0117,Schedule D Part 1 Section 1 issuer-credit obligations owned,220,115.68,015271-AX-7,standard-cusip-like,815266,1225000,750015,835089,7256,,,,3.000,5.294,,36750,,02/16/2023,05/18/2051,1243375,matched-raw-parser-row,CFKKRGACEDP-0109,8,"coordinate-owned-bond row; reconciles source-page columns but does not prove cash receipt, borrower use, liability spread, waterfall, collateral certificate, or return","use coordinate columns to replace token-only owned-bond reconciliation, then join income/proceeds and liability context"
CFKKRGACEDCOB-0118,Schedule D Part 1 Section 1 issuer-credit obligations owned,220,107.64,01626P-AN-6,standard-cusip-like,7591746,9450800,7059690,7647993,,31871,,,3.800,5.126,,155623,359130,11/07/2024,01/25/2050,18435340,matched-raw-parser-row,CFKKRGACEDP-0110,8,"coordinate-owned-bond row; reconciles source-page columns but does not prove cash receipt, borrower use, liability spread, waterfall, collateral certificate, or return","use coordinate columns to replace token-only owned-bond reconciliation, then join income/proceeds and liability context"
CFKKRGACEDCOB-0119,Schedule D Part 1 Section 1 issuer-credit obligations owned,220,99.60,01626P-AQ-9,standard-cusip-like,1804018,1680000,1205878,1791983,,(2898),,,3.625,3.233,,8120,60900,07/27/2021,05/13/2051,,matched-raw-parser-row,CFKKRGACEDP-1629,10,"coordinate-owned-bond row; reconciles source-page columns but does not prove cash receipt, borrower use, liability spread, waterfall, collateral certificate, or return","use coordinate columns to replace token-only owned-bond reconciliation, then join income/proceeds and liability context"
CFKKRGACEDCOB-0120,Schedule D Part 1 Section 1 issuer-credit obligations owned,220,91.56,01626P-AU-0,standard-cusip-like,660287,672000,688922,661156,,,,,5.267,5.516,,13666,17697,03/25/2025,02/12/2034,689697,matched-raw-parser-row,CFKKRGACEDP-1111,3,"coordinate-owned-bond row; reconciles source-page columns but does not prove cash receipt, borrower use, liability spread, waterfall, collateral certificate, or return","use coordinate columns to replace token-only owned-bond reconciliation, then join income/proceeds and liability context"
CFKKRGACEDCOB-0121,Schedule D Part 1 Section 1 issuer-credit obligations owned,220,83.52,01626P-AV-8,standard-cusip-like,10528634,11048000,10946249,10536117,7483,,,,5.617,5.959,,239607,620566,01/21/2025,02/12/2054,11358283,matched-raw-parser-row,CFKKRGACEDP-1112,3,"coordinate-owned-bond row; reconciles source-page columns but does not prove cash receipt, borrower use, liability spread, waterfall, collateral certificate, or return","use coordinate columns to replace token-only owned-bond reconciliation, then join income/proceeds and liability context"
CFKKRGACEDCOB-0122,Schedule D Part 1 Section 1 issuer-credit obligations owned,220,75.48,017175-AF-7,standard-cusip-like,34645,50000,33779,34672,,,,,3.250,5.494,,,,11/25/2025,08/15/2051,50813,matched-raw-parser-row,CFKKRGACEDP-1113,2,"coordinate-owned-bond row; reconciles source-page columns but does not prove cash receipt, borrower use, liability spread, waterfall, collateral certificate, or return","use coordinate columns to replace token-only owned-bond reconciliation, then join income/proceeds and liability context"
CFKKRGACEDCOB-0123,Schedule D Part 1 Section 1 issuer-credit obligations owned,220,67.44,01748T-AB-7,standard-cusip-like,48666,50000,48826,48696,,,,,3.500,4.259,,,,11/25/2025,10/01/2029,50875,matched-raw-parser-row,CFKKRGACEDP-1114,2,"coordinate-owned-bond row; reconciles source-page columns but does not prove cash receipt, borrower use, liability spread, waterfall, collateral certificate, or return","use coordinate columns to replace token-only owned-bond reconciliation, then join income/proceeds and liability context"
CFKKRGACEDCOB-0124,Schedule D Part 1 Section 1 issuer-credit obligations owned,220,59.40,020002-BC-4,standard-cusip-like,44659,55000,45338,44790,,,,,4.200,5.733,,,1155,06/26/2025,12/15/2046,56155,matched-raw-parser-row,CFKKRGACEDP-1115,2,"coordinate-owned-bond row; reconciles source-page columns but does not prove cash receipt, borrower use, liability spread, waterfall, collateral certificate, or return","use coordinate columns to replace token-only owned-bond reconciliation, then join income/proceeds and liability context"
CFKKRGACEDCOB-0125,Schedule D Part 1 Section 1 issuer-credit obligations owned,221,414.12,020002-BG-5,standard-cusip-like,6065,8000,6115,6085,,,,,3.850,5.709,,,,06/26/2025,08/10/2049,8154,matched-raw-parser-row,CFKKRGACEDP-1874,6,"coordinate-owned-bond row; reconciles source-page columns but does not prove cash receipt, borrower use, liability spread, waterfall, collateral certificate, or return","use coordinate columns to replace token-only owned-bond reconciliation, then join income/proceeds and liability context"
CFKKRGACEDCOB-0126,Schedule D Part 1 Section 1 issuer-credit obligations owned,221,406.08,02005N-BS-8,standard-cusip-like,5930908,5669000,5930577,5929962,,,,,6.700,5.876,,144544,,12/16/2025,02/14/2033,,matched-raw-parser-row,CFKKRGACEDP-1117,3,"coordinate-owned-bond row; reconciles source-page columns but does not prove cash receipt, borrower use, liability spread, waterfall, collateral certificate, or return","use coordinate columns to replace token-only owned-bond reconciliation, then join income/proceeds and liability context"
CFKKRGACEDCOB-0127,Schedule D Part 1 Section 1 issuer-credit obligations owned,221,398.04,02079K-AN-7,standard-cusip-like,122227,124000,116712,122229,,,,,5.300,5.388,,,,11/25/2025,05/15/2065,127286,matched-raw-parser-row,CFKKRGACEDP-1876,6,"coordinate-owned-bond row; reconciles source-page columns but does not prove cash receipt, borrower use, liability spread, waterfall, collateral certificate, or return","use coordinate columns to replace token-only owned-bond reconciliation, then join income/proceeds and liability context"
CFKKRGACEDCOB-0128,Schedule D Part 1 Section 1 issuer-credit obligations owned,221,390.00,02209S-BK-8,standard-cusip-like,14879700,15000000,12070528,14893121,2381,,,,4.450,4.498,,101979,667500,05/04/2020,05/06/2050,15333750,matched-raw-parser-row,CFKKRGACEDP-0120,8,"coordinate-owned-bond row; reconciles source-page columns but does not prove cash receipt, borrower use, liability spread, waterfall, collateral certificate, or return","use coordinate columns to replace token-only owned-bond reconciliation, then join income/proceeds and liability context"
CFKKRGACEDCOB-0129,Schedule D Part 1 Section 1 issuer-credit obligations owned,221,381.96,02209S-BL-6,standard-cusip-like,5014741,5669000,5018683,5017990,,3249,,,2.450,4.635,,56714,,12/16/2025,02/04/2032,5738445,matched-raw-parser-row,CFKKRGACEDP-1119,3,"coordinate-owned-bond row; reconciles source-page columns but does not prove cash receipt, borrower use, liability spread, waterfall, collateral certificate, or return","use coordinate columns to replace token-only owned-bond reconciliation, then join income/proceeds and liability context"
CFKKRGACEDCOB-0130,Schedule D Part 1 Section 1 issuer-credit obligations owned,221,373.92,023135-AQ-9,standard-cusip-like,2503290,1999000,1924224,2407953,,(16318),,,4.950,3.416,,49574,,05/07/2025,12/05/2044,2048475,matched-raw-parser-row,CFKKRGACEDP-1879,8,"coordinate-owned-bond row; reconciles source-page columns but does not prove cash receipt, borrower use, liability spread, waterfall, collateral certificate, or return","use coordinate columns to replace token-only owned-bond reconciliation, then join income/proceeds and liability context"
CFKKRGACEDCOB-0131,Schedule D Part 1 Section 1 issuer-credit obligations owned,221,365.88,023135-BJ-4,standard-cusip-like,11856811,11500000,9454500,11796385,,(9340),,,4.050,3.867,,166894,465750,06/08/2018,08/22/2047,11732875,matched-raw-parser-row,CFKKRGACEDP-0123,8,"coordinate-owned-bond row; reconciles source-page columns but does not prove cash receipt, borrower use, liability spread, waterfall, collateral certificate, or return","use coordinate columns to replace token-only owned-bond reconciliation, then join income/proceeds and liability context"
CFKKRGACEDCOB-0132,Schedule D Part 1 Section 1 issuer-credit obligations owned,221,357.84,023135-BM-7,standard-cusip-like,19912879,20000000,16050646,19924698,1311,,,,4.250,4.272,,304583,850000,06/08/2018,08/22/2057,20425000,matched-raw-parser-row,CFKKRGACEDP-0124,8,"coordinate-owned-bond row; reconciles source-page columns but does not prove cash receipt, borrower use, liability spread, waterfall, collateral certificate, or return","use coordinate columns to replace token-only owned-bond reconciliation, then join income/proceeds and liability context"
CFKKRGACEDCOB-0133,Schedule D Part 1 Section 1 issuer-credit obligations owned,221,349.80,025537-AP-6,standard-cusip-like,4901124,4380000,2932311,4835937,,(13696),,,3.250,2.655,,47450,142350,12/17/2020,03/01/2050,,matched-raw-parser-row,CFKKRGACEDP-0125,7,"coordinate-owned-bond row; reconciles source-page columns but does not prove cash receipt, borrower use, liability spread, waterfall, collateral certificate, or return","use coordinate columns to replace token-only owned-bond reconciliation, then join income/proceeds and liability context"
CFKKRGACEDCOB-0134,Schedule D Part 1 Section 1 issuer-credit obligations owned,221,341.76,025537-AX-9,standard-cusip-like,5966169,5669000,5958126,5964937,,(1232),,,5.625,4.731,,106294,,12/16/2025,03/01/2033,,matched-raw-parser-row,CFKKRGACEDP-1121,3,"coordinate-owned-bond row; reconciles source-page columns but does not prove cash receipt, borrower use, liability spread, waterfall, collateral certificate, or return","use coordinate columns to replace token-only owned-bond reconciliation, then join income/proceeds and liability context"
CFKKRGACEDCOB-0135,Schedule D Part 1 Section 1 issuer-credit obligations owned,221,333.72,025816-BF-5,standard-cusip-like,2406872,2450000,2113567,2416185,3646,,,,4.050,4.164,,7718,171781,11/16/2018,12/03/2042,2499613,matched-raw-parser-row,CFKKRGACEDP-1632,8,"coordinate-owned-bond row; reconciles source-page columns but does not prove cash receipt, borrower use, liability spread, waterfall, collateral certificate, or return","use coordinate columns to replace token-only owned-bond reconciliation, then join income/proceeds and liability context"
CFKKRGACEDCOB-0136,Schedule D Part 1 Section 1 issuer-credit obligations owned,221,325.68,025816-DN-6,standard-cusip-like,41703,39000,42613,41319,,,,,6.489,5.084,,,2531,01/21/2025,10/30/2031,,matched-raw-parser-row,CFKKRGACEDP-1122,2,"coordinate-owned-bond row; reconciles source-page columns but does not prove cash receipt, borrower use, liability spread, waterfall, collateral certificate, or return","use coordinate columns to replace token-only owned-bond reconciliation, then join income/proceeds and liability context"
CFKKRGACEDCOB-0137,Schedule D Part 1 Section 1 issuer-credit obligations owned,221,317.64,025932-AQ-7,standard-cusip-like,49157,50000,49194,49164,,,,,5.000,5.221,,,,11/25/2025,09/23/2035,51250,matched-raw-parser-row,CFKKRGACEDP-1123,2,"coordinate-owned-bond row; reconciles source-page columns but does not prove cash receipt, borrower use, liability spread, waterfall, collateral certificate, or return","use coordinate columns to replace token-only owned-bond reconciliation, then join income/proceeds and liability context"
CFKKRGACEDCOB-0138,Schedule D Part 1 Section 1 issuer-credit obligations owned,221,309.60,02665W-GF-2,standard-cusip-like,51623,50000,51402,51605,,,,,5.150,4.575,,1223,,11/25/2025,07/09/2032,51288,matched-raw-parser-row,CFKKRGACEDP-1124,2,"coordinate-owned-bond row; reconciles source-page columns but does not prove cash receipt, borrower use, liability spread, waterfall, collateral certificate, or return","use coordinate columns to replace token-only owned-bond reconciliation, then join income/proceeds and liability context"
CFKKRGACEDCOB-0139,Schedule D Part 1 Section 1 issuer-credit obligations owned,221,301.56,02666T-AG-2,standard-cusip-like,158624,153000,158432,158578,,,,,5.500,4.934,,3506,,11/25/2025,02/01/2034,,matched-raw-parser-row,CFKKRGACEDP-1883,6,"coordinate-owned-bond row; reconciles source-page columns but does not prove cash receipt, borrower use, liability spread, waterfall, collateral certificate, or return","use coordinate columns to replace token-only owned-bond reconciliation, then join income/proceeds and liability context"
CFKKRGACEDCOB-0140,Schedule D Part 1 Section 1 issuer-credit obligations owned,221,293.52,03027X-BD-1,standard-cusip-like,2755380,3000000,1973461,2780279,5568,,,,3.100,3.551,,93000,,03/30/2021,06/15/2050,3046500,matched-raw-parser-row,CFKKRGACEDP-1633,10,"coordinate-owned-bond row; reconciles source-page columns but does not prove cash receipt, borrower use, liability spread, waterfall, collateral certificate, or return","use coordinate columns to replace token-only owned-bond reconciliation, then join income/proceeds and liability context"
CFKKRGACEDCOB-0141,Schedule D Part 1 Section 1 issuer-credit obligations owned,221,285.48,03040W-AT-2,standard-cusip-like,8133600,8000000,6549520,8115410,,(3148),,,4.200,4.100,,112000,336000,03/08/2019,09/01/2048,,matched-raw-parser-row,CFKKRGACEDP-0133,7,"coordinate-owned-bond row; reconciles source-page columns but does not prove cash receipt, borrower use, liability spread, waterfall, collateral certificate, or return","use coordinate columns to replace token-only owned-bond reconciliation, then join income/proceeds and liability context"
CFKKRGACEDCOB-0142,Schedule D Part 1 Section 1 issuer-credit obligations owned,221,277.44,03040W-AZ-8,standard-cusip-like,3493299,4880000,3318570,3566027,,24611,,,3.250,5.165,,13217,158600,11/22/2022,06/01/2051,4959300,matched-raw-parser-row,CFKKRGACEDP-0134,8,"coordinate-owned-bond row; reconciles source-page columns but does not prove cash receipt, borrower use, liability spread, waterfall, collateral certificate, or return","use coordinate columns to replace token-only owned-bond reconciliation, then join income/proceeds and liability context"
CFKKRGACEDCOB-0143,Schedule D Part 1 Section 1 issuer-credit obligations owned,221,269.40,03073E-AN-5,standard-cusip-like,10007039,10500000,8922551,10023852,,12048,,,4.250,4.578,,148750,446250,11/14/2023,03/01/2045,10723125,matched-raw-parser-row,CFKKRGACEDP-0135,8,"coordinate-owned-bond row; reconciles source-page columns but does not prove cash receipt, borrower use, liability spread, waterfall, collateral certificate, or return","use coordinate columns to replace token-only owned-bond reconciliation, then join income/proceeds and liability context"
CFKKRGACEDCOB-0144,Schedule D Part 1 Section 1 issuer-credit obligations owned,221,261.36,03076C-AN-6,standard-cusip-like,52492,50000,52426,52418,,,,,5.700,3.903,,,1425,11/25/2025,12/15/2028,,matched-raw-parser-row,CFKKRGACEDP-1126,3,"coordinate-owned-bond row; reconciles source-page columns but does not prove cash receipt, borrower use, liability spread, waterfall, collateral certificate, or return","use coordinate columns to replace token-only owned-bond reconciliation, then join income/proceeds and liability context"
CFKKRGACEDCOB-0145,Schedule D Part 1 Section 1 issuer-credit obligations owned,221,253.32,031162-BE-9,standard-cusip-like,11465436,9000000,8540516,10995605,,(99186),,,4.950,3.130,,111375,445500,05/11/2023,10/01/2041,9222750,matched-raw-parser-row,CFKKRGACEDP-0137,8,"coordinate-owned-bond row; reconciles source-page columns but does not prove cash receipt, borrower use, liability spread, waterfall, collateral certificate, or return","use coordinate columns to replace token-only owned-bond reconciliation, then join income/proceeds and liability context"
CFKKRGACEDCOB-0146,Schedule D Part 1 Section 1 issuer-credit obligations owned,221,245.28,031162-BZ-2,standard-cusip-like,19806267,21751000,18614894,19983688,,45819,,,4.400,5.047,,159507,906026,05/19/2025,05/01/2045,22229522,matched-raw-parser-row,CFKKRGACEDP-1127,3,"coordinate-owned-bond row; reconciles source-page columns but does not prove cash receipt, borrower use, liability spread, waterfall, collateral certificate, or return","use coordinate columns to replace token-only owned-bond reconciliation, then join income/proceeds and liability context"
CFKKRGACEDCOB-0147,Schedule D Part 1 Section 1 issuer-credit obligations owned,221,237.24,031162-CD-0,standard-cusip-like,16136907,12782000,10940794,15678440,,(92804),,,4.563,3.115,,25922,583243,12/10/2020,06/15/2048,,matched-raw-parser-row,CFKKRGACEDP-0139,7,"coordinate-owned-bond row; reconciles source-page columns but does not prove cash receipt, borrower use, liability spread, waterfall, collateral certificate, or return","use coordinate columns to replace token-only owned-bond reconciliation, then join income/proceeds and liability context"
CFKKRGACEDCOB-0148,Schedule D Part 1 Section 1 issuer-credit obligations owned,221,229.20,031162-CF-5,standard-cusip-like,14536950,15000000,12847428,14508666,,4955,,,4.663,4.858,,31087,699450,01/05/2023,06/15/2051,15349725,matched-raw-parser-row,CFKKRGACEDP-0140,8,"coordinate-owned-bond row; reconciles source-page columns but does not prove cash receipt, borrower use, liability spread, waterfall, collateral certificate, or return","use coordinate columns to replace token-only owned-bond reconciliation, then join income/proceeds and liability context"
CFKKRGACEDCOB-0149,Schedule D Part 1 Section 1 issuer-credit obligations owned,221,221.16,031162-CY-4,standard-cusip-like,7928000,7928000,4728082,7928000,,,,,2.770,2.770,,73202,219606,08/12/2020,09/01/2053,8037803,matched-raw-parser-row,CFKKRGACEDP-0141,7,"coordinate-owned-bond row; reconciles source-page columns but does not prove cash receipt, borrower use, liability spread, waterfall, collateral certificate, or return","use coordinate columns to replace token-only owned-bond reconciliation, then join income/proceeds and liability context"
CFKKRGACEDCOB-0150,Schedule D Part 1 Section 1 issuer-credit obligations owned,221,213.12,031162-DF-4,standard-cusip-like,441401,583000,465160,442808,1407,,,,4.200,6.041,,12243,,05/19/2025,02/22/2052,595243,matched-raw-parser-row,CFKKRGACEDP-1128,3,"coordinate-owned-bond row; reconciles source-page columns but does not prove cash receipt, borrower use, liability spread, waterfall, collateral certificate, or return","use coordinate columns to replace token-only owned-bond reconciliation, then join income/proceeds and liability context"
CFKKRGACEDCOB-0151,Schedule D Part 1 Section 1 issuer-credit obligations owned,221,205.08,031162-DK-3,standard-cusip-like,2691583,2995000,2638113,2698624,8579,,,,4.875,5.585,,48669,409744,01/21/2025,03/01/2053,3068003,matched-raw-parser-row,CFKKRGACEDP-1887,8,"coordinate-owned-bond row; reconciles source-page columns but does not prove cash receipt, borrower use, liability spread, waterfall, collateral certificate, or return","use coordinate columns to replace token-only owned-bond reconciliation, then join income/proceeds and liability context"
CFKKRGACEDCOB-0152,Schedule D Part 1 Section 1 issuer-credit obligations owned,221,197.04,031162-DT-4,standard-cusip-like,2121448,2176000,2132205,2122358,,,,,5.650,5.832,,40640,122944,01/21/2025,03/02/2053,2237472,matched-raw-parser-row,CFKKRGACEDP-1888,8,"coordinate-owned-bond row; reconciles source-page columns but does not prove cash receipt, borrower use, liability spread, waterfall, collateral certificate, or return","use coordinate columns to replace token-only owned-bond reconciliation, then join income/proceeds and liability context"
CFKKRGACEDCOB-0153,Schedule D Part 1 Section 1 issuer-credit obligations owned,221,189.00,031162-DU-1,standard-cusip-like,696225,680000,664018,696237,,,,,5.750,5.596,,12925,,10/21/2025,03/02/2063,,matched-raw-parser-row,CFKKRGACEDP-1131,3,"coordinate-owned-bond row; reconciles source-page columns but does not prove cash receipt, borrower use, liability spread, waterfall, collateral certificate, or return","use coordinate columns to replace token-only owned-bond reconciliation, then join income/proceeds and liability context"
CFKKRGACEDCOB-0154,Schedule D Part 1 Section 1 issuer-credit obligations owned,221,180.96,032654-AK-1,standard-cusip-like,1066704,1000000,975784,1061119,,(1604),,,5.300,4.813,,26500,,06/23/2022,12/15/2045,,matched-raw-parser-row,CFKKRGACEDP-1635,10,"coordinate-owned-bond row; reconciles source-page columns but does not prove cash receipt, borrower use, liability spread, waterfall, collateral certificate, or return","use coordinate columns to replace token-only owned-bond reconciliation, then join income/proceeds and liability context"
CFKKRGACEDCOB-0155,Schedule D Part 1 Section 1 issuer-credit obligations owned,221,172.92,032654-BC-8,standard-cusip-like,8251103,8547000,8233657,8255871,4768,,,,5.300,5.540,,113248,452991,01/21/2025,04/01/2054,8773496,matched-raw-parser-row,CFKKRGACEDP-1892,8,"coordinate-owned-bond row; reconciles source-page columns but does not prove cash receipt, borrower use, liability spread, waterfall, collateral certificate, or return","use coordinate columns to replace token-only owned-bond reconciliation, then join income/proceeds and liability context"
CFKKRGACEDCOB-0156,Schedule D Part 1 Section 1 issuer-credit obligations owned,221,164.88,034863-AY-6,standard-cusip-like,7392225,7500000,5657674,7403683,,2245,,,3.950,4.033,,91344,296250,09/08/2020,09/10/2050,7648125,matched-raw-parser-row,CFKKRGACEDP-0148,8,"coordinate-owned-bond row; reconciles source-page columns but does not prove cash receipt, borrower use, liability spread, waterfall, collateral certificate, or return","use coordinate columns to replace token-only owned-bond reconciliation, then join income/proceeds and liability context"
CFKKRGACEDCOB-0157,Schedule D Part 1 Section 1 issuer-credit obligations owned,221,156.84,03522A-AJ-9,standard-cusip-like,460280,510000,471985,460873,,,,,4.900,5.712,,12495,,07/17/2025,02/01/2046,522495,matched-raw-parser-row,CFKKRGACEDP-1636,10,"coordinate-owned-bond row; reconciles source-page columns but does not prove cash receipt, borrower use, liability spread, waterfall, collateral certificate, or return","use coordinate columns to replace token-only owned-bond reconciliation, then join income/proceeds and liability context"
CFKKRGACEDCOB-0158,Schedule D Part 1 Section 1 issuer-credit obligations owned,221,148.80,03523T-BF-4,standard-cusip-like,79217,63000,81316,78481,,,,,8.200,5.530,,2382,2583,01/21/2025,01/15/2039,65583,matched-raw-parser-row,CFKKRGACEDP-1134,2,"coordinate-owned-bond row; reconciles source-page columns but does not prove cash receipt, borrower use, liability spread, waterfall, collateral certificate, or return","use coordinate columns to replace token-only owned-bond reconciliation, then join income/proceeds and liability context"
CFKKRGACEDCOB-0159,Schedule D Part 1 Section 1 issuer-credit obligations owned,221,140.76,03523T-BT-4,standard-cusip-like,2498000,2498000,2150469,2498000,,,,,4.439,4.439,,26181,110886,08/21/2017,10/06/2048,2498000,matched-raw-parser-row,CFKKRGACEDP-0151,7,"coordinate-owned-bond row; reconciles source-page columns but does not prove cash receipt, borrower use, liability spread, waterfall, collateral certificate, or return","use coordinate columns to replace token-only owned-bond reconciliation, then join income/proceeds and liability context"
CFKKRGACEDCOB-0160,Schedule D Part 1 Section 1 issuer-credit obligations owned,221,132.72,03523T-BV-9,standard-cusip-like,33900335,25000000,24974762,33345124,,(264220),,,5.550,3.352,,1387500,,11/20/2023,01/23/2049,51387500,matched-raw-parser-row,CFKKRGACEDP-0152,8,"coordinate-owned-bond row; reconciles source-page columns but does not prove cash receipt, borrower use, liability spread, waterfall, collateral certificate, or return","use coordinate columns to replace token-only owned-bond reconciliation, then join income/proceeds and liability context"
CFKKRGACEDCOB-0161,Schedule D Part 1 Section 1 issuer-credit obligations owned,221,124.68,03523T-BW-7,standard-cusip-like,7340409,7159000,7326530,7339138,,(1271),,,5.800,5.631,,182236,207611,01/21/2025,01/23/2059,,matched-raw-parser-row,CFKKRGACEDP-1893,7,"coordinate-owned-bond row; reconciles source-page columns but does not prove cash receipt, borrower use, liability spread, waterfall, collateral certificate, or return","use coordinate columns to replace token-only owned-bond reconciliation, then join income/proceeds and liability context"
CFKKRGACEDCOB-0162,Schedule D Part 1 Section 1 issuer-credit obligations owned,221,116.64,035240-AG-5,standard-cusip-like,3244429,3000000,2870836,3193106,,(8471),,,4.950,4.370,,68475,148500,10/29/2020,01/15/2042,3074250,matched-raw-parser-row,CFKKRGACEDP-0154,8,"coordinate-owned-bond row; reconciles source-page columns but does not prove cash receipt, borrower use, liability spread, waterfall, collateral certificate, or return","use coordinate columns to replace token-only owned-bond reconciliation, then join income/proceeds and liability context"
CFKKRGACEDCOB-0163,Schedule D Part 1 Section 1 issuer-credit obligations owned,221,108.60,035240-AN-0,standard-cusip-like,13117286,12900000,11420794,13092613,,(5131),,,4.600,4.491,,125273,593400,02/27/2020,04/15/2048,2966700,matched-raw-parser-row,CFKKRGACEDP-0155,8,"coordinate-owned-bond row; reconciles source-page columns but does not prove cash receipt, borrower use, liability spread, waterfall, collateral certificate, or return","use coordinate columns to replace token-only owned-bond reconciliation, then join income/proceeds and liability context"
CFKKRGACEDCOB-0164,Schedule D Part 1 Section 1 issuer-credit obligations owned,221,100.56,035242-AN-6,standard-cusip-like,360412,400000,370135,360883,,,,,4.900,5.726,,8167,9800,07/17/2025,02/01/2046,409800,matched-raw-parser-row,CFKKRGACEDP-1136,3,"coordinate-owned-bond row; reconciles source-page columns but does not prove cash receipt, borrower use, liability spread, waterfall, collateral certificate, or return","use coordinate columns to replace token-only owned-bond reconciliation, then join income/proceeds and liability context"
CFKKRGACEDCOB-0165,Schedule D Part 1 Section 1 issuer-credit obligations owned,221,92.52,036752-AD-5,standard-cusip-like,12464817,11925000,9907959,12384869,,(13316),,,4.375,4.102,,43477,521719,09/17/2019,12/01/2047,,matched-raw-parser-row,CFKKRGACEDP-0157,7,"coordinate-owned-bond row; reconciles source-page columns but does not prove cash receipt, borrower use, liability spread, waterfall, collateral certificate, or return","use coordinate columns to replace token-only owned-bond reconciliation, then join income/proceeds and liability context"
CFKKRGACEDCOB-0166,Schedule D Part 1 Section 1 issuer-credit obligations owned,221,84.48,036752-AM-5,standard-cusip-like,6950261,8055000,5293093,6956230,,4034,,,3.125,3.695,,32164,251719,08/08/2024,05/15/2050,16361719,matched-raw-parser-row,CFKKRGACEDP-0158,8,"coordinate-owned-bond row; reconciles source-page columns but does not prove cash receipt, borrower use, liability spread, waterfall, collateral certificate, or return","use coordinate columns to replace token-only owned-bond reconciliation, then join income/proceeds and liability context"
CFKKRGACEDCOB-0167,Schedule D Part 1 Section 1 issuer-credit obligations owned,221,76.44,036752-AS-2,standard-cusip-like,23691769,24999000,17880375,23650804,,(40965),,,3.600,3.531,,264989,449982,05/15/2025,03/15/2051,50897964,matched-raw-parser-row,CFKKRGACEDP-1137,3,"coordinate-owned-bond row; reconciles source-page columns but does not prove cash receipt, borrower use, liability spread, waterfall, collateral certificate, or return","use coordinate columns to replace token-only owned-bond reconciliation, then join income/proceeds and liability context"
CFKKRGACEDCOB-0168,Schedule D Part 1 Section 1 issuer-credit obligations owned,221,68.40,036752-AU-7,standard-cusip-like,3925196,4787000,3987043,3938191,12994,,,,4.550,5.882,,27831,217809,01/21/2025,05/15/2052,4895904,matched-raw-parser-row,CFKKRGACEDP-1138,3,"coordinate-owned-bond row; reconciles source-page columns but does not prove cash receipt, borrower use, liability spread, waterfall, collateral certificate, or return","use coordinate columns to replace token-only owned-bond reconciliation, then join income/proceeds and liability context"
CFKKRGACEDCOB-0169,Schedule D Part 1 Section 1 issuer-credit obligations owned,221,60.36,036752-AX-1,standard-cusip-like,3393930,3315000,3431628,3393262,,,,,6.100,5.922,,42690,202215,01/21/2025,10/15/2052,,matched-raw-parser-row,CFKKRGACEDP-1894,8,"coordinate-owned-bond row; reconciles source-page columns but does not prove cash receipt, borrower use, liability spread, waterfall, collateral certificate, or return","use coordinate columns to replace token-only owned-bond reconciliation, then join income/proceeds and liability context"
CFKKRGACEDCOB-0170,Schedule D Part 1 Section 1 issuer-credit obligations owned,222,414.12,03740L-AB-8,standard-cusip-like,4910,8000,4983,4936,,,,,2.900,5.783,,,,06/26/2025,08/23/2051,8116,matched-raw-parser-row,CFKKRGACEDP-1140,2,"coordinate-owned-bond row; reconciles source-page columns but does not prove cash receipt, borrower use, liability spread, waterfall, collateral certificate, or return","use coordinate columns to replace token-only owned-bond reconciliation, then join income/proceeds and liability context"
CFKKRGACEDCOB-0171,Schedule D Part 1 Section 1 issuer-credit obligations owned,222,406.08,03740L-AE-2,standard-cusip-like,5879,8000,6018,5896,,,,,3.900,5.861,,,,06/26/2025,02/28/2052,8156,matched-raw-parser-row,CFKKRGACEDP-1896,6,"coordinate-owned-bond row; reconciles source-page columns but does not prove cash receipt, borrower use, liability spread, waterfall, collateral certificate, or return","use coordinate columns to replace token-only owned-bond reconciliation, then join income/proceeds and liability context"
CFKKRGACEDCOB-0172,Schedule D Part 1 Section 1 issuer-credit obligations owned,222,398.04,03740M-AF-7,standard-cusip-like,109608,112000,111515,109635,,,,,5.750,5.905,,2147,3220,06/26/2025,03/01/2054,115220,matched-raw-parser-row,CFKKRGACEDP-1142,3,"coordinate-owned-bond row; reconciles source-page columns but does not prove cash receipt, borrower use, liability spread, waterfall, collateral certificate, or return","use coordinate columns to replace token-only owned-bond reconciliation, then join income/proceeds and liability context"
CFKKRGACEDCOB-0173,Schedule D Part 1 Section 1 issuer-credit obligations owned,222,390.00,03770D-AE-3,standard-cusip-like,52038,50000,51617,52013,,,,,6.550,5.751,,,,11/25/2025,03/15/2032,,matched-raw-parser-row,CFKKRGACEDP-1143,2,"coordinate-owned-bond row; reconciles source-page columns but does not prove cash receipt, borrower use, liability spread, waterfall, collateral certificate, or return","use coordinate columns to replace token-only owned-bond reconciliation, then join income/proceeds and liability context"
CFKKRGACEDCOB-0174,Schedule D Part 1 Section 1 issuer-credit obligations owned,222,381.96,037735-CV-7,standard-cusip-like,14864188,15369000,12875924,14794622,,9204,,,4.450,4.683,,56993,683921,03/24/2023,06/01/2045,15710960,matched-raw-parser-row,CFKKRGACEDP-0166,8,"coordinate-owned-bond row; reconciles source-page columns but does not prove cash receipt, borrower use, liability spread, waterfall, collateral certificate, or return","use coordinate columns to replace token-only owned-bond reconciliation, then join income/proceeds and liability context"
CFKKRGACEDCOB-0175,Schedule D Part 1 Section 1 issuer-credit obligations owned,222,373.92,037833-BX-7,standard-cusip-like,14881515,12750000,11713029,14495160,,(58674),,,4.650,3.659,,210800,592875,03/30/2023,02/23/2046,306975,matched-raw-parser-row,CFKKRGACEDP-0167,8,"coordinate-owned-bond row; reconciles source-page columns but does not prove cash receipt, borrower use, liability spread, waterfall, collateral certificate, or return","use coordinate columns to replace token-only owned-bond reconciliation, then join income/proceeds and liability context"
CFKKRGACEDCOB-0176,Schedule D Part 1 Section 1 issuer-credit obligations owned,222,365.88,037833-DG-2,standard-cusip-like,5424900,5000000,3971145,5360006,,(11260),,,3.750,3.279,,25000,187500,09/17/2019,11/13/2047,,matched-raw-parser-row,CFKKRGACEDP-0168,7,"coordinate-owned-bond row; reconciles source-page columns but does not prove cash receipt, borrower use, liability spread, waterfall, collateral certificate, or return","use coordinate columns to replace token-only owned-bond reconciliation, then join income/proceeds and liability context"
CFKKRGACEDCOB-0177,Schedule D Part 1 Section 1 issuer-credit obligations owned,222,357.84,037833-DQ-0,standard-cusip-like,8527024,8800000,5887185,8567052,6946,,,,2.950,3.109,,79322,259600,10/11/2019,09/11/2049,8929800,matched-raw-parser-row,CFKKRGACEDP-0169,8,"coordinate-owned-bond row; reconciles source-page columns but does not prove cash receipt, borrower use, liability spread, waterfall, collateral certificate, or return","use coordinate columns to replace token-only owned-bond reconciliation, then join income/proceeds and liability context"
CFKKRGACEDCOB-0178,Schedule D Part 1 Section 1 issuer-credit obligations owned,222,349.80,038222-AM-7,standard-cusip-like,7085600,6805000,5876732,7039191,,(6628),,,4.350,4.096,,74004,444026,08/01/2019,04/01/2047,6953009,matched-raw-parser-row,CFKKRGACEDP-0170,8,"coordinate-owned-bond row; reconciles source-page columns but does not prove cash receipt, borrower use, liability spread, waterfall, collateral certificate, or return","use coordinate columns to replace token-only owned-bond reconciliation, then join income/proceeds and liability context"
CFKKRGACEDCOB-0179,Schedule D Part 1 Section 1 issuer-credit obligations owned,222,341.76,038222-AP-0,standard-cusip-like,1100187,1100000,708756,1100298,,,,,2.750,2.748,,30250,,08/09/2021,06/01/2050,,matched-raw-parser-row,CFKKRGACEDP-0171,6,"coordinate-owned-bond row; reconciles source-page columns but does not prove cash receipt, borrower use, liability spread, waterfall, collateral certificate, or return","use coordinate columns to replace token-only owned-bond reconciliation, then join income/proceeds and liability context"
CFKKRGACEDCOB-0180,Schedule D Part 1 Section 1 issuer-credit obligations owned,222,333.72,03831W-AC-2,standard-cusip-like,52079,50000,51919,52049,,,,,5.375,4.557,,,1344,11/25/2025,12/01/2031,,matched-raw-parser-row,CFKKRGACEDP-1144,3,"coordinate-owned-bond row; reconciles source-page columns but does not prove cash receipt, borrower use, liability spread, waterfall, collateral certificate, or return","use coordinate columns to replace token-only owned-bond reconciliation, then join income/proceeds and liability context"
CFKKRGACEDCOB-0181,Schedule D Part 1 Section 1 issuer-credit obligations owned,222,325.68,03836W-AC-7,standard-cusip-like,16294724,16262000,13207381,16151491,,(28226),,,4.276,4.195,,115894,568366,05/15/2025,05/01/2049,25076922,matched-raw-parser-row,CFKKRGACEDP-1145,3,"coordinate-owned-bond row; reconciles source-page columns but does not prove cash receipt, borrower use, liability spread, waterfall, collateral certificate, or return","use coordinate columns to replace token-only owned-bond reconciliation, then join income/proceeds and liability context"
CFKKRGACEDCOB-0182,Schedule D Part 1 Section 1 issuer-credit obligations owned,222,317.64,03939A-AA-5,standard-cusip-like,84818,112000,83287,84872,,,,,3.635,5.436,,,2036,11/25/2025,06/30/2050,114036,matched-raw-parser-row,CFKKRGACEDP-1898,8,"coordinate-owned-bond row; reconciles source-page columns but does not prove cash receipt, borrower use, liability spread, waterfall, collateral certificate, or return","use coordinate columns to replace token-only owned-bond reconciliation, then join income/proceeds and liability context"
CFKKRGACEDCOB-0183,Schedule D Part 1 Section 1 issuer-credit obligations owned,222,309.60,039483-BQ-4,standard-cusip-like,13851836,13575000,11672971,13822526,,(5742),,,4.500,4.372,,179869,610875,06/23/2022,03/15/2049,,matched-raw-parser-row,CFKKRGACEDP-0175,7,"coordinate-owned-bond row; reconciles source-page columns but does not prove cash receipt, borrower use, liability spread, waterfall, collateral certificate, or return","use coordinate columns to replace token-only owned-bond reconciliation, then join income/proceeds and liability context"
CFKKRGACEDCOB-0184,Schedule D Part 1 Section 1 issuer-credit obligations owned,222,301.56,04041N-AA-0,standard-cusip-like,53183,50000,53400,53093,,,,,7.250,4.983,,,,11/25/2025,04/01/2030,,matched-raw-parser-row,CFKKRGACEDP-1147,2,"coordinate-owned-bond row; reconciles source-page columns but does not prove cash receipt, borrower use, liability spread, waterfall, collateral certificate, or return","use coordinate columns to replace token-only owned-bond reconciliation, then join income/proceeds and liability context"
CFKKRGACEDCOB-0185,Schedule D Part 1 Section 1 issuer-credit obligations owned,222,293.52,040555-CU-6,standard-cusip-like,4679386,4938000,3762469,4720849,6579,,,,3.750,4.066,,23661,185175,12/20/2018,05/15/2046,5030588,matched-raw-parser-row,CFKKRGACEDP-0177,8,"coordinate-owned-bond row; reconciles source-page columns but does not prove cash receipt, borrower use, liability spread, waterfall, collateral certificate, or return","use coordinate columns to replace token-only owned-bond reconciliation, then join income/proceeds and liability context"
CFKKRGACEDCOB-0186,Schedule D Part 1 Section 1 issuer-credit obligations owned,222,285.48,040555-CX-0,standard-cusip-like,16040871,14165000,11445707,15774143,,(47770),,,4.200,3.461,,224751,594930,11/20/2019,08/15/2048,,matched-raw-parser-row,CFKKRGACEDP-0178,7,"coordinate-owned-bond row; reconciles source-page columns but does not prove cash receipt, borrower use, liability spread, waterfall, collateral certificate, or return","use coordinate columns to replace token-only owned-bond reconciliation, then join income/proceeds and liability context"
CFKKRGACEDCOB-0187,Schedule D Part 1 Section 1 issuer-credit obligations owned,222,277.44,040555-CY-8,standard-cusip-like,3152935,3500000,2814673,3177240,7652,,,,4.250,4.922,,49583,148750,07/25/2022,03/01/2049,3574375,matched-raw-parser-row,CFKKRGACEDP-0179,8,"coordinate-owned-bond row; reconciles source-page columns but does not prove cash receipt, borrower use, liability spread, waterfall, collateral certificate, or return","use coordinate columns to replace token-only owned-bond reconciliation, then join income/proceeds and liability context"
CFKKRGACEDCOB-0188,Schedule D Part 1 Section 1 issuer-credit obligations owned,222,269.40,040555-DA-9,standard-cusip-like,9321223,11249000,7897647,9475236,,31067,,,3.500,4.439,,32810,406840,05/15/2025,12/01/2049,11953590,matched-raw-parser-row,CFKKRGACEDP-1639,14,"coordinate-owned-bond row; reconciles source-page columns but does not prove cash receipt, borrower use, liability spread, waterfall, collateral certificate, or return","use coordinate columns to replace token-only owned-bond reconciliation, then join income/proceeds and liability context"
CFKKRGACEDCOB-0189,Schedule D Part 1 Section 1 issuer-credit obligations owned,222,261.36,04316J-AE-9,standard-cusip-like,1545125,1565000,1537771,1545531,,,,,5.750,5.842,,89988,,01/21/2025,03/02/2053,1609994,matched-raw-parser-row,CFKKRGACEDP-1149,3,"coordinate-owned-bond row; reconciles source-page columns but does not prove cash receipt, borrower use, liability spread, waterfall, collateral certificate, or return","use coordinate columns to replace token-only owned-bond reconciliation, then join income/proceeds and liability context"
CFKKRGACEDCOB-0190,Schedule D Part 1 Section 1 issuer-credit obligations owned,222,253.32,04316J-AG-4,standard-cusip-like,2417115,2208000,2443245,2415038,,(2077),,,6.750,6.047,,56304,112016,05/19/2025,02/15/2054,,matched-raw-parser-row,CFKKRGACEDP-1900,6,"coordinate-owned-bond row; reconciles source-page columns but does not prove cash receipt, borrower use, liability spread, waterfall, collateral certificate, or return","use coordinate columns to replace token-only owned-bond reconciliation, then join income/proceeds and liability context"
CFKKRGACEDCOB-0191,Schedule D Part 1 Section 1 issuer-credit obligations owned,222,245.28,04316J-AN-9,standard-cusip-like,831511,830000,839223,831534,,,,,5.150,5.125,,28022,,07/02/2025,02/15/2035,,matched-raw-parser-row,CFKKRGACEDP-1151,3,"coordinate-owned-bond row; reconciles source-page columns but does not prove cash receipt, borrower use, liability spread, waterfall, collateral certificate, or return","use coordinate columns to replace token-only owned-bond reconciliation, then join income/proceeds and liability context"
CFKKRGACEDCOB-0192,Schedule D Part 1 Section 1 issuer-credit obligations owned,222,237.24,045054-AL-7,standard-cusip-like,49620,50000,49471,49629,,,,,4.250,4.462,,,,11/25/2025,11/01/2029,51063,matched-raw-parser-row,CFKKRGACEDP-1152,2,"coordinate-owned-bond row; reconciles source-page columns but does not prove cash receipt, borrower use, liability spread, waterfall, collateral certificate, or return","use coordinate columns to replace token-only owned-bond reconciliation, then join income/proceeds and liability context"
CFKKRGACEDCOB-0193,Schedule D Part 1 Section 1 issuer-credit obligations owned,222,229.20,045941-AA-9,standard-cusip-like,4211000,4211000,4371550,4211000,,,,,8.000,8.003,,12165,,12/10/2025,12/31/2032,4379440,matched-raw-parser-row,CFKKRGACEDP-1153,2,"coordinate-owned-bond row; reconciles source-page columns but does not prove cash receipt, borrower use, liability spread, waterfall, collateral certificate, or return","use coordinate columns to replace token-only owned-bond reconciliation, then join income/proceeds and liability context"
CFKKRGACEDCOB-0194,Schedule D Part 1 Section 1 issuer-credit obligations owned,222,221.16,04621W-AF-7,standard-cusip-like,52637,50000,52581,52550,,,,,6.125,4.052,,,,11/25/2025,09/15/2028,,matched-raw-parser-row,CFKKRGACEDP-1154,2,"coordinate-owned-bond row; reconciles source-page columns but does not prove cash receipt, borrower use, liability spread, waterfall, collateral certificate, or return","use coordinate columns to replace token-only owned-bond reconciliation, then join income/proceeds and liability context"
CFKKRGACEDCOB-0195,Schedule D Part 1 Section 1 issuer-credit obligations owned,222,213.12,04621X-AD-0,standard-cusip-like,55265,50000,54585,55219,,,,,6.750,5.159,,1275,,11/25/2025,02/15/2034,51688,matched-raw-parser-row,CFKKRGACEDP-1155,2,"coordinate-owned-bond row; reconciles source-page columns but does not prove cash receipt, borrower use, liability spread, waterfall, collateral certificate, or return","use coordinate columns to replace token-only owned-bond reconciliation, then join income/proceeds and liability context"
CFKKRGACEDCOB-0196,Schedule D Part 1 Section 1 issuer-credit obligations owned,222,205.08,046353-AU-2,standard-cusip-like,4612815,4700000,4097640,4624794,1887,,,,4.375,4.488,,76538,205625,02/26/2019,08/17/2048,4802813,matched-raw-parser-row,CFKKRGACEDP-0188,15,"coordinate-owned-bond row; reconciles source-page columns but does not prove cash receipt, borrower use, liability spread, waterfall, collateral certificate, or return","use coordinate columns to replace token-only owned-bond reconciliation, then join income/proceeds and liability context"
CFKKRGACEDCOB-0197,Schedule D Part 1 Section 1 issuer-credit obligations owned,222,197.04,04923#-AD-4,statutory-private-marker-cusip,6050522,6050522,6075553,6050522,,,,,6.038,2.242,,76108,466619,02/15/2018,01/15/2031,6084315,not-in-raw-parser-private-marker-or-geometry-row,,,"coordinate-owned-bond row; reconciles source-page columns but does not prove cash receipt, borrower use, liability spread, waterfall, collateral certificate, or return","use coordinate columns to replace token-only owned-bond reconciliation, then join income/proceeds and liability context"
CFKKRGACEDCOB-0198,Schedule D Part 1 Section 1 issuer-credit obligations owned,222,189.00,052113-AB-3,standard-cusip-like,50248,50000,50208,50240,,,,,4.350,4.133,,,,11/25/2025,08/01/2028,,matched-raw-parser-row,CFKKRGACEDP-1156,2,"coordinate-owned-bond row; reconciles source-page columns but does not prove cash receipt, borrower use, liability spread, waterfall, collateral certificate, or return","use coordinate columns to replace token-only owned-bond reconciliation, then join income/proceeds and liability context"
CFKKRGACEDCOB-0199,Schedule D Part 1 Section 1 issuer-credit obligations owned,222,180.96,052528-AT-3,standard-cusip-like,331095,333000,334854,331169,,,,,5.204,5.277,,4380,8665,08/13/2025,09/30/2035,341665,matched-raw-parser-row,CFKKRGACEDP-1157,3,"coordinate-owned-bond row; reconciles source-page columns but does not prove cash receipt, borrower use, liability spread, waterfall, collateral certificate, or return","use coordinate columns to replace token-only owned-bond reconciliation, then join income/proceeds and liability context"
CFKKRGACEDCOB-0200,Schedule D Part 1 Section 1 issuer-credit obligations owned,222,172.92,052528-AV-8,standard-cusip-like,1120102,1089000,1128277,1119295,,,,,5.816,5.436,,2287,31668,08/13/2025,06/18/2036,,matched-raw-parser-row,CFKKRGACEDP-1158,3,"coordinate-owned-bond row; reconciles source-page columns but does not prove cash receipt, borrower use, liability spread, waterfall, collateral certificate, or return","use coordinate columns to replace token-only owned-bond reconciliation, then join income/proceeds and liability context"
CFKKRGACEDCOB-0201,Schedule D Part 1 Section 1 issuer-credit obligations owned,222,164.88,052769-AJ-5,standard-cusip-like,51788,50000,51398,51775,,,,,5.300,4.819,,,1391,11/25/2025,06/15/2035,,matched-raw-parser-row,CFKKRGACEDP-1159,3,"coordinate-owned-bond row; reconciles source-page columns but does not prove cash receipt, borrower use, liability spread, waterfall, collateral certificate, or return","use coordinate columns to replace token-only owned-bond reconciliation, then join income/proceeds and liability context"
CFKKRGACEDCOB-0202,Schedule D Part 1 Section 1 issuer-credit obligations owned,222,156.84,053015-AG-8,standard-cusip-like,47681,50000,47774,47766,,,,,1.700,3.686,,,,11/25/2025,05/15/2028,50425,matched-raw-parser-row,CFKKRGACEDP-1160,2,"coordinate-owned-bond row; reconciles source-page columns but does not prove cash receipt, borrower use, liability spread, waterfall, collateral certificate, or return","use coordinate columns to replace token-only owned-bond reconciliation, then join income/proceeds and liability context"
CFKKRGACEDCOB-0203,Schedule D Part 1 Section 1 issuer-credit obligations owned,222,148.80,05329W-AT-9,standard-cusip-like,52215,50000,51848,52198,,,,,5.890,5.268,,,,11/25/2025,03/15/2035,,matched-raw-parser-row,CFKKRGACEDP-1161,2,"coordinate-owned-bond row; reconciles source-page columns but does not prove cash receipt, borrower use, liability spread, waterfall, collateral certificate, or return","use coordinate columns to replace token-only owned-bond reconciliation, then join income/proceeds and liability context"
CFKKRGACEDCOB-0204,Schedule D Part 1 Section 1 issuer-credit obligations owned,222,140.76,05348E-BB-4,standard-cusip-like,9484244,8300000,6883778,9298408,,(32340),,,4.150,3.348,,172225,344450,09/17/2019,07/01/2047,,matched-raw-parser-row,CFKKRGACEDP-0195,7,"coordinate-owned-bond row; reconciles source-page columns but does not prove cash receipt, borrower use, liability spread, waterfall, collateral certificate, or return","use coordinate columns to replace token-only owned-bond reconciliation, then join income/proceeds and liability context"
CFKKRGACEDCOB-0205,Schedule D Part 1 Section 1 issuer-credit obligations owned,222,132.72,053611-AN-9,standard-cusip-like,53227,50000,53114,53192,,,,,5.750,4.664,,,,11/25/2025,03/15/2033,,matched-raw-parser-row,CFKKRGACEDP-1162,2,"coordinate-owned-bond row; reconciles source-page columns but does not prove cash receipt, borrower use, liability spread, waterfall, collateral certificate, or return","use coordinate columns to replace token-only owned-bond reconciliation, then join income/proceeds and liability context"
CFKKRGACEDCOB-0206,Schedule D Part 1 Section 1 issuer-credit obligations owned,222,124.68,05369A-AT-8,standard-cusip-like,50212,50000,50046,50211,,,,,4.800,4.695,,1047,,11/25/2025,10/24/2030,,matched-raw-parser-row,CFKKRGACEDP-1163,2,"coordinate-owned-bond row; reconciles source-page columns but does not prove cash receipt, borrower use, liability spread, waterfall, collateral certificate, or return","use coordinate columns to replace token-only owned-bond reconciliation, then join income/proceeds and liability context"
CFKKRGACEDCOB-0207,Schedule D Part 1 Section 1 issuer-credit obligations owned,222,116.64,05379B-AQ-0,standard-cusip-like,14250147,12245000,10093769,13954138,,(51575),,,4.350,3.438,,44388,532658,09/17/2019,06/01/2048,,matched-raw-parser-row,CFKKRGACEDP-0198,7,"coordinate-owned-bond row; reconciles source-page columns but does not prove cash receipt, borrower use, liability spread, waterfall, collateral certificate, or return","use coordinate columns to replace token-only owned-bond reconciliation, then join income/proceeds and liability context"
CFKKRGACEDCOB-0208,Schedule D Part 1 Section 1 issuer-credit obligations owned,222,108.60,05401A-BC-4,standard-cusip-like,2855031,2884000,2858411,2855208,,,,,4.950,5.124,,43621,,12/16/2025,10/15/2032,2955379,matched-raw-parser-row,CFKKRGACEDP-1164,3,"coordinate-owned-bond row; reconciles source-page columns but does not prove cash receipt, borrower use, liability spread, waterfall, collateral certificate, or return","use coordinate columns to replace token-only owned-bond reconciliation, then join income/proceeds and liability context"
CFKKRGACEDCOB-0209,Schedule D Part 1 Section 1 issuer-credit obligations owned,222,100.56,05523R-AE-7,standard-cusip-like,3052916,3400000,2280310,3049460,,(2622),,,3.000,3.275,,30033,102000,08/05/2024,09/15/2050,6902000,matched-raw-parser-row,CFKKRGACEDP-0200,8,"coordinate-owned-bond row; reconciles source-page columns but does not prove cash receipt, borrower use, liability spread, waterfall, collateral certificate, or return","use coordinate columns to replace token-only owned-bond reconciliation, then join income/proceeds and liability context"
CFKKRGACEDCOB-0210,Schedule D Part 1 Section 1 issuer-credit obligations owned,222,92.52,05523R-AL-1,standard-cusip-like,299402,290000,300415,299071,,,,,5.300,4.824,,4056,7685,08/13/2025,03/26/2034,,matched-raw-parser-row,CFKKRGACEDP-1165,3,"coordinate-owned-bond row; reconciles source-page columns but does not prove cash receipt, borrower use, liability spread, waterfall, collateral certificate, or return","use coordinate columns to replace token-only owned-bond reconciliation, then join income/proceeds and liability context"
CFKKRGACEDCOB-0211,Schedule D Part 1 Section 1 issuer-credit obligations owned,222,84.48,05523U-AL-4,standard-cusip-like,2643302,2700000,2488899,2657357,1031,,,,4.750,4.868,,29925,128250,10/29/2020,10/07/2044,2764125,matched-raw-parser-row,CFKKRGACEDP-0202,8,"coordinate-owned-bond row; reconciles source-page columns but does not prove cash receipt, borrower use, liability spread, waterfall, collateral certificate, or return","use coordinate columns to replace token-only owned-bond reconciliation, then join income/proceeds and liability context"
CFKKRGACEDCOB-0212,Schedule D Part 1 Section 1 issuer-credit obligations owned,222,76.44,05526D-BK-0,standard-cusip-like,8055800,10000000,8470598,8219971,32489,,,,4.758,6.202,,151992,475800,04/09/2020,09/06/2049,10237900,matched-raw-parser-row,CFKKRGACEDP-0203,8,"coordinate-owned-bond row; reconciles source-page columns but does not prove cash receipt, borrower use, liability spread, waterfall, collateral certificate, or return","use coordinate columns to replace token-only owned-bond reconciliation, then join income/proceeds and liability context"
CFKKRGACEDCOB-0213,Schedule D Part 1 Section 1 issuer-credit obligations owned,222,68.40,05526D-BQ-7,standard-cusip-like,8000000,8000000,7252164,8000000,,,,,5.282,5.282,,104466,422560,03/30/2020,04/02/2050,8211280,matched-raw-parser-row,CFKKRGACEDP-0204,7,"coordinate-owned-bond row; reconciles source-page columns but does not prove cash receipt, borrower use, liability spread, waterfall, collateral certificate, or return","use coordinate columns to replace token-only owned-bond reconciliation, then join income/proceeds and liability context"
CFKKRGACEDCOB-0214,Schedule D Part 1 Section 1 issuer-credit obligations owned,222,60.36,055451-BF-4,standard-cusip-like,7929225,8053000,8029798,7931505,,2279,,,5.500,5.608,,139026,442915,01/21/2025,09/08/2053,8274458,matched-raw-parser-row,CFKKRGACEDP-1904,8,"coordinate-owned-bond row; reconciles source-page columns but does not prove cash receipt, borrower use, liability spread, waterfall, collateral certificate, or return","use coordinate columns to replace token-only owned-bond reconciliation, then join income/proceeds and liability context"
CFKKRGACEDCOB-0215,Schedule D Part 1 Section 1 issuer-credit obligations owned,223,414.12,057224-AZ-0,standard-cusip-like,5329681,5000000,4866483,5228720,,(10606),,,5.125,4.691,,75451,256250,09/30/2013,09/15/2040,5128125,matched-raw-parser-row,CFKKRGACEDP-0206,8,"coordinate-owned-bond row; reconciles source-page columns but does not prove cash receipt, borrower use, liability spread, waterfall, collateral certificate, or return","use coordinate columns to replace token-only owned-bond reconciliation, then join income/proceeds and liability context"
CFKKRGACEDCOB-0216,Schedule D Part 1 Section 1 issuer-credit obligations owned,223,406.08,05723K-AF-7,standard-cusip-like,9784653,9500000,7568348,9746090,,(7227),,,4.080,3.901,,17227,387600,01/13/2020,12/15/2047,,matched-raw-parser-row,CFKKRGACEDP-0207,7,"coordinate-owned-bond row; reconciles source-page columns but does not prove cash receipt, borrower use, liability spread, waterfall, collateral certificate, or return","use coordinate columns to replace token-only owned-bond reconciliation, then join income/proceeds and liability context"
CFKKRGACEDCOB-0217,Schedule D Part 1 Section 1 issuer-credit obligations owned,223,398.04,059165-EJ-5,standard-cusip-like,1325397,1820000,1394619,1332279,6883,,,,3.750,5.974,,34125,,05/15/2025,08/15/2047,1854125,matched-raw-parser-row,CFKKRGACEDP-1167,3,"coordinate-owned-bond row; reconciles source-page columns but does not prove cash receipt, borrower use, liability spread, waterfall, collateral certificate, or return","use coordinate columns to replace token-only owned-bond reconciliation, then join income/proceeds and liability context"
CFKKRGACEDCOB-0218,Schedule D Part 1 Section 1 issuer-credit obligations owned,223,390.00,059165-EK-2,standard-cusip-like,1199506,1440000,1180024,1205495,5201,,,,4.250,5.517,,18020,61200,11/07/2024,09/15/2048,1470600,matched-raw-parser-row,CFKKRGACEDP-0209,8,"coordinate-owned-bond row; reconciles source-page columns but does not prove cash receipt, borrower use, liability spread, waterfall, collateral certificate, or return","use coordinate columns to replace token-only owned-bond reconciliation, then join income/proceeds and liability context"
CFKKRGACEDCOB-0219,Schedule D Part 1 Section 1 issuer-credit obligations owned,223,381.96,059165-EL-0,standard-cusip-like,11909840,12000000,8124944,11922810,2138,,,,3.200,3.239,,113067,384000,09/09/2019,09/15/2049,12192000,matched-raw-parser-row,CFKKRGACEDP-0210,8,"coordinate-owned-bond row; reconciles source-page columns but does not prove cash receipt, borrower use, liability spread, waterfall, collateral certificate, or return","use coordinate columns to replace token-only owned-bond reconciliation, then join income/proceeds and liability context"
CFKKRGACEDCOB-0220,Schedule D Part 1 Section 1 issuer-credit obligations owned,223,373.92,06051G-FC-8,standard-cusip-like,7300865,6710000,6476587,7162979,,(17178),,,5.000,4.445,,149111,317750,05/19/2025,01/21/2044,6877750,matched-raw-parser-row,CFKKRGACEDP-1168,3,"coordinate-owned-bond row; reconciles source-page columns but does not prove cash receipt, borrower use, liability spread, waterfall, collateral certificate, or return","use coordinate columns to replace token-only owned-bond reconciliation, then join income/proceeds and liability context"
CFKKRGACEDCOB-0221,Schedule D Part 1 Section 1 issuer-credit obligations owned,223,365.88,06051G-FQ-7,standard-cusip-like,602906,625000,563270,607417,,,,,4.750,4.979,,29688,,08/27/2015,04/21/2045,639844,matched-raw-parser-row,CFKKRGACEDP-0212,7,"coordinate-owned-bond row; reconciles source-page columns but does not prove cash receipt, borrower use, liability spread, waterfall, collateral certificate, or return","use coordinate columns to replace token-only owned-bond reconciliation, then join income/proceeds and liability context"
CFKKRGACEDCOB-0222,Schedule D Part 1 Section 1 issuer-credit obligations owned,223,357.84,06051G-GG-8,standard-cusip-like,18409765,16625000,14464899,18089146,,(45568),,,4.443,3.825,,330340,738649,11/03/2022,01/20/2048,,matched-raw-parser-row,CFKKRGACEDP-0213,7,"coordinate-owned-bond row; reconciles source-page columns but does not prove cash receipt, borrower use, liability spread, waterfall, collateral certificate, or return","use coordinate columns to replace token-only owned-bond reconciliation, then join income/proceeds and liability context"
CFKKRGACEDCOB-0223,Schedule D Part 1 Section 1 issuer-credit obligations owned,223,349.80,06051G-HA-0,standard-cusip-like,4126128,4100000,3289924,4122514,,(1536),,,3.946,3.887,,71006,161786,10/29/2020,01/23/2049,,matched-raw-parser-row,CFKKRGACEDP-0214,7,"coordinate-owned-bond row; reconciles source-page columns but does not prove cash receipt, borrower use, liability spread, waterfall, collateral certificate, or return","use coordinate columns to replace token-only owned-bond reconciliation, then join income/proceeds and liability context"
CFKKRGACEDCOB-0224,Schedule D Part 1 Section 1 issuer-credit obligations owned,223,341.76,06051G-HS-1,standard-cusip-like,27047987,20000000,16820110,26129738,,(191211),,,4.330,2.568,,254989,866000,12/09/2020,03/15/2050,,matched-raw-parser-row,CFKKRGACEDP-0215,7,"coordinate-owned-bond row; reconciles source-page columns but does not prove cash receipt, borrower use, liability spread, waterfall, collateral certificate, or return","use coordinate columns to replace token-only owned-bond reconciliation, then join income/proceeds and liability context"
CFKKRGACEDCOB-0225,Schedule D Part 1 Section 1 issuer-credit obligations owned,223,333.72,06051G-JA-8,standard-cusip-like,24234466,25000000,20048230,24182742,,(24570),,,4.083,4.126,,1020750,,11/20/2023,03/20/2051,,matched-raw-parser-row,CFKKRGACEDP-0216,7,"coordinate-owned-bond row; reconciles source-page columns but does not prove cash receipt, borrower use, liability spread, waterfall, collateral certificate, or return","use coordinate columns to replace token-only owned-bond reconciliation, then join income/proceeds and liability context"
CFKKRGACEDCOB-0226,Schedule D Part 1 Section 1 issuer-credit obligations owned,223,325.68,06051G-MD-8,standard-cusip-like,1250055,1245000,1275749,1249993,,,,,5.518,5.460,,34350,,07/02/2025,10/25/2035,,matched-raw-parser-row,CFKKRGACEDP-1906,6,"coordinate-owned-bond row; reconciles source-page columns but does not prove cash receipt, borrower use, liability spread, waterfall, collateral certificate, or return","use coordinate columns to replace token-only owned-bond reconciliation, then join income/proceeds and liability context"
CFKKRGACEDCOB-0227,Schedule D Part 1 Section 1 issuer-credit obligations owned,223,317.64,06279J-AB-5,standard-cusip-like,49153,50000,49220,49263,,,,,2.029,4.428,,,,11/25/2025,09/30/2027,51178,matched-raw-parser-row,CFKKRGACEDP-1170,2,"coordinate-owned-bond row; reconciles source-page columns but does not prove cash receipt, borrower use, liability spread, waterfall, collateral certificate, or return","use coordinate columns to replace token-only owned-bond reconciliation, then join income/proceeds and liability context"
CFKKRGACEDCOB-0228,Schedule D Part 1 Section 1 issuer-credit obligations owned,223,309.60,06405L-AF-8,standard-cusip-like,89182,89000,89163,89138,,,,,4.587,4.037,,,,11/25/2025,04/20/2027,,matched-raw-parser-row,CFKKRGACEDP-1171,2,"coordinate-owned-bond row; reconciles source-page columns but does not prove cash receipt, borrower use, liability spread, waterfall, collateral certificate, or return","use coordinate columns to replace token-only owned-bond reconciliation, then join income/proceeds and liability context"
CFKKRGACEDCOB-0229,Schedule D Part 1 Section 1 issuer-credit obligations owned,223,301.56,06406Y-AB-8,standard-cusip-like,263083,250000,261718,262981,,,,,5.606,4.857,,6229,,11/25/2025,07/21/2039,,matched-raw-parser-row,CFKKRGACEDP-1908,8,"coordinate-owned-bond row; reconciles source-page columns but does not prove cash receipt, borrower use, liability spread, waterfall, collateral certificate, or return","use coordinate columns to replace token-only owned-bond reconciliation, then join income/proceeds and liability context"
CFKKRGACEDCOB-0230,Schedule D Part 1 Section 1 issuer-credit obligations owned,223,293.52,06407E-AG-0,standard-cusip-like,51010,50000,50952,50971,,,,,4.846,3.873,,,,11/25/2025,02/07/2028,51212,matched-raw-parser-row,CFKKRGACEDP-1173,2,"coordinate-owned-bond row; reconciles source-page columns but does not prove cash receipt, borrower use, liability spread, waterfall, collateral certificate, or return","use coordinate columns to replace token-only owned-bond reconciliation, then join income/proceeds and liability context"
CFKKRGACEDCOB-0231,Schedule D Part 1 Section 1 issuer-credit obligations owned,223,285.48,067316-AH-2,standard-cusip-like,2721320,2800000,2495191,2731468,,1532,,,5.300,5.492,,18962,148400,08/01/2018,05/15/2048,2874200,matched-raw-parser-row,CFKKRGACEDP-0222,8,"coordinate-owned-bond row; reconciles source-page columns but does not prove cash receipt, borrower use, liability spread, waterfall, collateral certificate, or return","use coordinate columns to replace token-only owned-bond reconciliation, then join income/proceeds and liability context"
CFKKRGACEDCOB-0232,Schedule D Part 1 Section 1 issuer-credit obligations owned,223,277.44,06738E-AJ-4,standard-cusip-like,1472361,1100000,1057223,1423766,,(11680),,,5.250,3.216,,57750,,08/09/2021,08/17/2045,1128875,matched-raw-parser-row,CFKKRGACEDP-0223,8,"coordinate-owned-bond row; reconciles source-page columns but does not prove cash receipt, borrower use, liability spread, waterfall, collateral certificate, or return","use coordinate columns to replace token-only owned-bond reconciliation, then join income/proceeds and liability context"
CFKKRGACEDCOB-0233,Schedule D Part 1 Section 1 issuer-credit obligations owned,223,269.40,06849R-AC-6,standard-cusip-like,1676085,1200000,1434932,1576405,,(22307),,,7.500,4.251,,26500,90000,05/11/2023,09/15/2038,1245000,matched-raw-parser-row,CFKKRGACEDP-0224,8,"coordinate-owned-bond row; reconciles source-page columns but does not prove cash receipt, borrower use, liability spread, waterfall, collateral certificate, or return","use coordinate columns to replace token-only owned-bond reconciliation, then join income/proceeds and liability context"
CFKKRGACEDCOB-0234,Schedule D Part 1 Section 1 issuer-credit obligations owned,223,261.36,07274N-AQ-6,standard-cusip-like,58050190,50711000,43199346,57184894,,(198408),,,4.875,3.967,,2472161,,08/09/2022,06/25/2048,60142081,matched-raw-parser-row,CFKKRGACEDP-0225,8,"coordinate-owned-bond row; reconciles source-page columns but does not prove cash receipt, borrower use, liability spread, waterfall, collateral certificate, or return","use coordinate columns to replace token-only owned-bond reconciliation, then join income/proceeds and liability context"
CFKKRGACEDCOB-0235,Schedule D Part 1 Section 1 issuer-credit obligations owned,223,253.32,07274N-BD-4,standard-cusip-like,3902509,4700000,3366642,4063439,,24784,,,3.600,4.796,,78020,169200,07/12/2018,07/15/2042,4728200,matched-raw-parser-row,CFKKRGACEDP-0226,8,"coordinate-owned-bond row; reconciles source-page columns but does not prove cash receipt, borrower use, liability spread, waterfall, collateral certificate, or return","use coordinate columns to replace token-only owned-bond reconciliation, then join income/proceeds and liability context"
CFKKRGACEDCOB-0236,Schedule D Part 1 Section 1 issuer-credit obligations owned,223,245.28,07274N-BH-5,standard-cusip-like,23451091,20967000,15771034,23304235,,(30549),,,4.700,4.094,,454401,985449,06/30/2020,07/15/2064,20801387,matched-raw-parser-row,CFKKRGACEDP-0227,8,"coordinate-owned-bond row; reconciles source-page columns but does not prove cash receipt, borrower use, liability spread, waterfall, collateral certificate, or return","use coordinate columns to replace token-only owned-bond reconciliation, then join income/proceeds and liability context"
CFKKRGACEDCOB-0237,Schedule D Part 1 Section 1 issuer-credit obligations owned,223,237.24,075887-AV-1,standard-cusip-like,11020352,9510000,9876584,10548721,,(54764),,,6.000,4.896,,72910,570600,05/11/2023,05/15/2039,9795300,matched-raw-parser-row,CFKKRGACEDP-0228,8,"coordinate-owned-bond row; reconciles source-page columns but does not prove cash receipt, borrower use, liability spread, waterfall, collateral certificate, or return","use coordinate columns to replace token-only owned-bond reconciliation, then join income/proceeds and liability context"
CFKKRGACEDCOB-0238,Schedule D Part 1 Section 1 issuer-credit obligations owned,223,229.20,075887-BX-6,standard-cusip-like,7005857,6442000,5613015,6937550,,(16219),,,4.669,4.093,,20887,300777,08/09/2021,06/06/2047,,matched-raw-parser-row,CFKKRGACEDP-0229,7,"coordinate-owned-bond row; reconciles source-page columns but does not prove cash receipt, borrower use, liability spread, waterfall, collateral certificate, or return","use coordinate columns to replace token-only owned-bond reconciliation, then join income/proceeds and liability context"
CFKKRGACEDCOB-0239,Schedule D Part 1 Section 1 issuer-credit obligations owned,223,221.16,075887-CK-3,standard-cusip-like,3044988,2976000,2230605,3029265,,(4906),,,3.794,3.565,,12859,112909,08/06/2024,05/20/2050,3823175,matched-raw-parser-row,CFKKRGACEDP-0230,8,"coordinate-owned-bond row; reconciles source-page columns but does not prove cash receipt, borrower use, liability spread, waterfall, collateral certificate, or return","use coordinate columns to replace token-only owned-bond reconciliation, then join income/proceeds and liability context"
CFKKRGACEDCOB-0240,Schedule D Part 1 Section 1 issuer-credit obligations owned,223,213.12,0778FP-AB-5,standard-cusip-like,25107722,23595000,18728976,24929442,,(41667),,,4.300,3.895,,1014585,,08/08/2024,07/29/2049,14389871,matched-raw-parser-row,CFKKRGACEDP-0231,8,"coordinate-owned-bond row; reconciles source-page columns but does not prove cash receipt, borrower use, liability spread, waterfall, collateral certificate, or return","use coordinate columns to replace token-only owned-bond reconciliation, then join income/proceeds and liability context"
CFKKRGACEDCOB-0241,Schedule D Part 1 Section 1 issuer-credit obligations owned,223,205.08,0778FP-AF-6,standard-cusip-like,3049200,3000000,2138611,3044431,,(1107),,,3.650,3.559,,31633,109500,03/30/2021,03/17/2051,,matched-raw-parser-row,CFKKRGACEDP-0232,7,"coordinate-owned-bond row; reconciles source-page columns but does not prove cash receipt, borrower use, liability spread, waterfall, collateral certificate, or return","use coordinate columns to replace token-only owned-bond reconciliation, then join income/proceeds and liability context"
CFKKRGACEDCOB-0242,Schedule D Part 1 Section 1 issuer-credit obligations owned,223,197.04,0778FP-AJ-8,standard-cusip-like,227828,332000,233752,229289,1460,,,,3.650,5.989,,4578,12118,01/21/2025,08/15/2052,338059,matched-raw-parser-row,CFKKRGACEDP-1910,5,"coordinate-owned-bond row; reconciles source-page columns but does not prove cash receipt, borrower use, liability spread, waterfall, collateral certificate, or return","use coordinate columns to replace token-only owned-bond reconciliation, then join income/proceeds and liability context"
CFKKRGACEDCOB-0243,Schedule D Part 1 Section 1 issuer-credit obligations owned,223,189.00,0778FP-AN-9,standard-cusip-like,18163526,19420000,18549471,18180937,,17411,,,5.550,6.024,,407173,1077810,01/21/2025,02/15/2054,19958905,matched-raw-parser-row,CFKKRGACEDP-1175,3,"coordinate-owned-bond row; reconciles source-page columns but does not prove cash receipt, borrower use, liability spread, waterfall, collateral certificate, or return","use coordinate columns to replace token-only owned-bond reconciliation, then join income/proceeds and liability context"
CFKKRGACEDCOB-0244,Schedule D Part 1 Section 1 issuer-credit obligations owned,223,180.96,084423-AT-9,standard-cusip-like,46491,50000,44986,46503,,,,,4.750,5.348,,,,11/25/2025,08/01/2044,51188,matched-raw-parser-row,CFKKRGACEDP-1176,2,"coordinate-owned-bond row; reconciles source-page columns but does not prove cash receipt, borrower use, liability spread, waterfall, collateral certificate, or return","use coordinate columns to replace token-only owned-bond reconciliation, then join income/proceeds and liability context"
CFKKRGACEDCOB-0245,Schedule D Part 1 Section 1 issuer-credit obligations owned,223,172.92,084659-AR-2,standard-cusip-like,6581122,6545000,5473637,6566931,,(9163),,,4.450,4.295,,134300,291253,11/07/2024,01/15/2049,10779626,matched-raw-parser-row,CFKKRGACEDP-0236,8,"coordinate-owned-bond row; reconciles source-page columns but does not prove cash receipt, borrower use, liability spread, waterfall, collateral certificate, or return","use coordinate columns to replace token-only owned-bond reconciliation, then join income/proceeds and liability context"
CFKKRGACEDCOB-0246,Schedule D Part 1 Section 1 issuer-credit obligations owned,223,164.88,084664-CQ-2,standard-cusip-like,14661676,12500000,10440914,14353180,,(56473),,,4.200,3.255,,198333,525000,01/13/2020,08/15/2048,,matched-raw-parser-row,CFKKRGACEDP-0237,7,"coordinate-owned-bond row; reconciles source-page columns but does not prove cash receipt, borrower use, liability spread, waterfall, collateral certificate, or return","use coordinate columns to replace token-only owned-bond reconciliation, then join income/proceeds and liability context"
CFKKRGACEDCOB-0247,Schedule D Part 1 Section 1 issuer-credit obligations owned,223,156.84,08652B-AB-5,standard-cusip-like,44885,50000,44970,44975,,,,,1.950,4.313,,,,11/25/2025,10/01/2030,50488,matched-raw-parser-row,CFKKRGACEDP-1177,2,"coordinate-owned-bond row; reconciles source-page columns but does not prove cash receipt, borrower use, liability spread, waterfall, collateral certificate, or return","use coordinate columns to replace token-only owned-bond reconciliation, then join income/proceeds and liability context"
CFKKRGACEDCOB-0248,Schedule D Part 1 Section 1 issuer-credit obligations owned,223,148.80,090572-AR-9,standard-cusip-like,49512,50000,49569,49547,,,,,3.300,4.076,,,,11/25/2025,03/15/2027,50825,matched-raw-parser-row,CFKKRGACEDP-1178,2,"coordinate-owned-bond row; reconciles source-page columns but does not prove cash receipt, borrower use, liability spread, waterfall, collateral certificate, or return","use coordinate columns to replace token-only owned-bond reconciliation, then join income/proceeds and liability context"
CFKKRGACEDCOB-0249,Schedule D Part 1 Section 1 issuer-credit obligations owned,223,140.76,09062X-AD-5,standard-cusip-like,3545256,2600000,2396452,3396341,,(30040),,,5.200,3.076,,39809,135200,09/16/2020,09/15/2045,,matched-raw-parser-row,CFKKRGACEDP-0240,7,"coordinate-owned-bond row; reconciles source-page columns but does not prove cash receipt, borrower use, liability spread, waterfall, collateral certificate, or return","use coordinate columns to replace token-only owned-bond reconciliation, then join income/proceeds and liability context"
CFKKRGACEDCOB-0250,Schedule D Part 1 Section 1 issuer-credit obligations owned,223,132.72,09062X-AG-8,standard-cusip-like,15832329,22691200,14682335,16193778,,131382,,,3.150,5.250,,119129,714773,02/10/2023,05/01/2050,46097173,matched-raw-parser-row,CFKKRGACEDP-0241,8,"coordinate-owned-bond row; reconciles source-page columns but does not prove cash receipt, borrower use, liability spread, waterfall, collateral certificate, or return","use coordinate columns to replace token-only owned-bond reconciliation, then join income/proceeds and liability context"
CFKKRGACEDCOB-0251,Schedule D Part 1 Section 1 issuer-credit obligations owned,223,124.68,09062X-AK-9,standard-cusip-like,2451024,2420000,1601563,2448135,,,,,3.250,3.181,,29712,78650,07/27/2021,02/15/2051,,matched-raw-parser-row,CFKKRGACEDP-0242,6,"coordinate-owned-bond row; reconciles source-page columns but does not prove cash receipt, borrower use, liability spread, waterfall, collateral certificate, or return","use coordinate columns to replace token-only owned-bond reconciliation, then join income/proceeds and liability context"
CFKKRGACEDCOB-0252,Schedule D Part 1 Section 1 issuer-credit obligations owned,223,116.64,092113-AS-8,standard-cusip-like,6097068,5000000,3743351,5957858,,(29016),,,3.875,2.755,,40903,193750,12/02/2020,10/15/2049,,matched-raw-parser-row,CFKKRGACEDP-1646,10,"coordinate-owned-bond row; reconciles source-page columns but does not prove cash receipt, borrower use, liability spread, waterfall, collateral certificate, or return","use coordinate columns to replace token-only owned-bond reconciliation, then join income/proceeds and liability context"
CFKKRGACEDCOB-0253,Schedule D Part 1 Section 1 issuer-credit obligations owned,223,108.60,09261X-AG-7,standard-cusip-like,47269,50000,47352,47355,,,,,2.850,4.934,,,,11/25/2025,09/30/2028,50713,matched-raw-parser-row,CFKKRGACEDP-1179,2,"coordinate-owned-bond row; reconciles source-page columns but does not prove cash receipt, borrower use, liability spread, waterfall, collateral certificate, or return","use coordinate columns to replace token-only owned-bond reconciliation, then join income/proceeds and liability context"
CFKKRGACEDCOB-0254,Schedule D Part 1 Section 1 issuer-credit obligations owned,223,100.56,09659D-AC-0,standard-cusip-like,85782,85000,85515,85769,,,,,4.146,3.921,,1351,,11/25/2025,08/01/2030,,matched-raw-parser-row,CFKKRGACEDP-1180,3,"coordinate-owned-bond row; reconciles source-page columns but does not prove cash receipt, borrower use, liability spread, waterfall, collateral certificate, or return","use coordinate columns to replace token-only owned-bond reconciliation, then join income/proceeds and liability context"
CFKKRGACEDCOB-0255,Schedule D Part 1 Section 1 issuer-credit obligations owned,223,92.52,097023-AX-3,standard-cusip-like,18033679,13525000,15262376,16497483,,(160256),,,6.875,4.631,,273787,929844,09/30/2013,03/15/2039,13989922,matched-raw-parser-row,CFKKRGACEDP-0246,8,"coordinate-owned-bond row; reconciles source-page columns but does not prove cash receipt, borrower use, liability spread, waterfall, collateral certificate, or return","use coordinate columns to replace token-only owned-bond reconciliation, then join income/proceeds and liability context"
CFKKRGACEDCOB-0256,Schedule D Part 1 Section 1 issuer-credit obligations owned,223,84.48,097023-BS-3,standard-cusip-like,1146872,1300000,924225,1159964,3670,,,,3.375,4.112,,43875,,08/07/2023,06/15/2046,1321938,matched-raw-parser-row,CFKKRGACEDP-0247,8,"coordinate-owned-bond row; reconciles source-page columns but does not prove cash receipt, borrower use, liability spread, waterfall, collateral certificate, or return","use coordinate columns to replace token-only owned-bond reconciliation, then join income/proceeds and liability context"
CFKKRGACEDCOB-0257,Schedule D Part 1 Section 1 issuer-credit obligations owned,223,76.44,097023-BZ-7,standard-cusip-like,4611156,4400000,3158825,4579668,,(5566),,,3.625,3.358,,53167,159500,10/11/2019,03/01/2048,,matched-raw-parser-row,CFKKRGACEDP-0248,7,"coordinate-owned-bond row; reconciles source-page columns but does not prove cash receipt, borrower use, liability spread, waterfall, collateral certificate, or return","use coordinate columns to replace token-only owned-bond reconciliation, then join income/proceeds and liability context"
CFKKRGACEDCOB-0258,Schedule D Part 1 Section 1 issuer-credit obligations owned,223,68.40,097023-CR-4,standard-cusip-like,8327550,8000000,5686132,8301132,,(4710),,,3.950,3.748,,131667,316000,09/17/2019,08/01/2059,8158000,matched-raw-parser-row,CFKKRGACEDP-0249,8,"coordinate-owned-bond row; reconciles source-page columns but does not prove cash receipt, borrower use, liability spread, waterfall, collateral certificate, or return","use coordinate columns to replace token-only owned-bond reconciliation, then join income/proceeds and liability context"
CFKKRGACEDCOB-0259,Schedule D Part 1 Section 1 issuer-credit obligations owned,223,60.36,099724-AH-9,standard-cusip-like,4794124,4875000,4097456,4807335,2186,,,,4.375,4.484,,62799,213281,06/27/2019,03/15/2045,4981641,matched-raw-parser-row,CFKKRGACEDP-0250,8,"coordinate-owned-bond row; reconciles source-page columns but does not prove cash receipt, borrower use, liability spread, waterfall, collateral certificate, or return","use coordinate columns to replace token-only owned-bond reconciliation, then join income/proceeds and liability context"
CFKKRGACEDCOB-0260,Schedule D Part 1 Section 1 issuer-credit obligations owned,224,414.12,100743-AN-3,standard-cusip-like,6179328,6224000,6262738,6180301,,,,,6.119,6.172,,170323,190423,05/19/2025,07/20/2053,5471429,matched-raw-parser-row,CFKKRGACEDP-1181,3,"coordinate-owned-bond row; reconciles source-page columns but does not prove cash receipt, borrower use, liability spread, waterfall, collateral certificate, or return","use coordinate columns to replace token-only owned-bond reconciliation, then join income/proceeds and liability context"
CFKKRGACEDCOB-0261,Schedule D Part 1 Section 1 issuer-credit obligations owned,224,406.08,101137-AU-1,standard-cusip-like,3938099,3045000,2738698,3838462,,(23871),,,4.700,3.092,,47705,143115,08/09/2021,03/01/2049,,matched-raw-parser-row,CFKKRGACEDP-0252,7,"coordinate-owned-bond row; reconciles source-page columns but does not prove cash receipt, borrower use, liability spread, waterfall, collateral certificate, or return","use coordinate columns to replace token-only owned-bond reconciliation, then join income/proceeds and liability context"
CFKKRGACEDCOB-0262,Schedule D Part 1 Section 1 issuer-credit obligations owned,224,398.04,10373Q-BN-9,standard-cusip-like,44412,72000,44534,44604,,,,,2.772,5.636,,,,08/13/2025,11/10/2050,72998,matched-raw-parser-row,CFKKRGACEDP-1182,2,"coordinate-owned-bond row; reconciles source-page columns but does not prove cash receipt, borrower use, liability spread, waterfall, collateral certificate, or return","use coordinate columns to replace token-only owned-bond reconciliation, then join income/proceeds and liability context"
CFKKRGACEDCOB-0263,Schedule D Part 1 Section 1 issuer-credit obligations owned,224,390.00,10373Q-BP-4,standard-cusip-like,2525273,2563000,1632692,2529106,,,,,2.939,3.014,,75327,,07/27/2021,06/04/2051,2600663,matched-raw-parser-row,CFKKRGACEDP-0254,7,"coordinate-owned-bond row; reconciles source-page columns but does not prove cash receipt, borrower use, liability spread, waterfall, collateral certificate, or return","use coordinate columns to replace token-only owned-bond reconciliation, then join income/proceeds and liability context"
CFKKRGACEDCOB-0264,Schedule D Part 1 Section 1 issuer-credit obligations owned,224,381.96,10373Q-BR-0,standard-cusip-like,53965,72000,54846,54240,,,,,3.060,5.440,,,1102,08/13/2025,06/17/2041,73102,matched-raw-parser-row,CFKKRGACEDP-1183,2,"coordinate-owned-bond row; reconciles source-page columns but does not prove cash receipt, borrower use, liability spread, waterfall, collateral certificate, or return","use coordinate columns to replace token-only owned-bond reconciliation, then join income/proceeds and liability context"
CFKKRGACEDCOB-0265,Schedule D Part 1 Section 1 issuer-credit obligations owned,224,373.92,110122-CR-7,standard-cusip-like,13547489,11048000,9037089,13328352,,(103372),,,4.250,2.743,,84778,469540,11/14/2023,10/26/2049,22565540,matched-raw-parser-row,CFKKRGACEDP-0256,8,"coordinate-owned-bond row; reconciles source-page columns but does not prove cash receipt, borrower use, liability spread, waterfall, collateral certificate, or return","use coordinate columns to replace token-only owned-bond reconciliation, then join income/proceeds and liability context"
CFKKRGACEDCOB-0266,Schedule D Part 1 Section 1 issuer-credit obligations owned,224,365.88,110122-DH-8,standard-cusip-like,4439829,5000000,4502986,4447475,7645,,,,4.625,5.595,,29549,115625,07/30/2025,05/15/2044,5115625,matched-raw-parser-row,CFKKRGACEDP-1184,3,"coordinate-owned-bond row; reconciles source-page columns but does not prove cash receipt, borrower use, liability spread, waterfall, collateral certificate, or return","use coordinate columns to replace token-only owned-bond reconciliation, then join income/proceeds and liability context"
CFKKRGACEDCOB-0267,Schedule D Part 1 Section 1 issuer-credit obligations owned,224,357.84,110122-DJ-4,standard-cusip-like,6351118,6100000,5761129,6314291,,(7628),,,5.000,4.708,,115222,305000,10/29/2020,08/15/2045,,matched-raw-parser-row,CFKKRGACEDP-0258,7,"coordinate-owned-bond row; reconciles source-page columns but does not prove cash receipt, borrower use, liability spread, waterfall, collateral certificate, or return","use coordinate columns to replace token-only owned-bond reconciliation, then join income/proceeds and liability context"
CFKKRGACEDCOB-0268,Schedule D Part 1 Section 1 issuer-credit obligations owned,224,349.80,110122-DK-1,standard-cusip-like,11969641,12000000,10184501,11974257,,,,,4.350,4.365,,66700,522000,11/22/2019,11/15/2047,12261000,matched-raw-parser-row,CFKKRGACEDP-0259,7,"coordinate-owned-bond row; reconciles source-page columns but does not prove cash receipt, borrower use, liability spread, waterfall, collateral certificate, or return","use coordinate columns to replace token-only owned-bond reconciliation, then join income/proceeds and liability context"
CFKKRGACEDCOB-0269,Schedule D Part 1 Section 1 issuer-credit obligations owned,224,341.76,110122-DL-9,standard-cusip-like,13786978,10865000,9438253,13489951,,(120837),,,4.550,2.763,,179891,494358,10/26/2023,02/20/2048,18409500,matched-raw-parser-row,CFKKRGACEDP-0260,8,"coordinate-owned-bond row; reconciles source-page columns but does not prove cash receipt, borrower use, liability spread, waterfall, collateral certificate, or return","use coordinate columns to replace token-only owned-bond reconciliation, then join income/proceeds and liability context"
CFKKRGACEDCOB-0270,Schedule D Part 1 Section 1 issuer-credit obligations owned,224,333.72,110122-EK-0,standard-cusip-like,14468320,14776000,14521309,14473347,5027,,,,5.550,5.697,,293858,805333,05/19/2025,02/22/2054,15186034,matched-raw-parser-row,CFKKRGACEDP-1915,8,"coordinate-owned-bond row; reconciles source-page columns but does not prove cash receipt, borrower use, liability spread, waterfall, collateral certificate, or return","use coordinate columns to replace token-only owned-bond reconciliation, then join income/proceeds and liability context"
CFKKRGACEDCOB-0271,Schedule D Part 1 Section 1 issuer-credit obligations owned,224,325.68,111021-AN-1,standard-cusip-like,8752226,8365000,6659426,8701688,,(11968),,,4.250,3.946,,52339,355513,08/06/2024,11/08/2049,4575200,matched-raw-parser-row,CFKKRGACEDP-0262,8,"coordinate-owned-bond row; reconciles source-page columns but does not prove cash receipt, borrower use, liability spread, waterfall, collateral certificate, or return","use coordinate columns to replace token-only owned-bond reconciliation, then join income/proceeds and liability context"
CFKKRGACEDCOB-0272,Schedule D Part 1 Section 1 issuer-credit obligations owned,224,317.64,11120V-AJ-2,standard-cusip-like,49418,50000,49327,49430,,,,,4.050,4.332,,1013,,11/25/2025,07/01/2030,51013,matched-raw-parser-row,CFKKRGACEDP-1186,2,"coordinate-owned-bond row; reconciles source-page columns but does not prove cash receipt, borrower use, liability spread, waterfall, collateral certificate, or return","use coordinate columns to replace token-only owned-bond reconciliation, then join income/proceeds and liability context"
CFKKRGACEDCOB-0273,Schedule D Part 1 Section 1 issuer-credit obligations owned,224,309.60,11133T-AE-3,standard-cusip-like,45592,50000,45463,45660,,,,,2.600,4.446,,,,11/25/2025,05/01/2031,50650,matched-raw-parser-row,CFKKRGACEDP-1187,2,"coordinate-owned-bond row; reconciles source-page columns but does not prove cash receipt, borrower use, liability spread, waterfall, collateral certificate, or return","use coordinate columns to replace token-only owned-bond reconciliation, then join income/proceeds and liability context"
CFKKRGACEDCOB-0274,Schedule D Part 1 Section 1 issuer-credit obligations owned,224,301.56,11135F-CL-3,standard-cusip-like,413651,405000,413695,413617,,,,,4.900,4.512,,9371,,12/16/2025,07/15/2032,,matched-raw-parser-row,CFKKRGACEDP-1189,3,"coordinate-owned-bond row; reconciles source-page columns but does not prove cash receipt, borrower use, liability spread, waterfall, collateral certificate, or return","use coordinate columns to replace token-only owned-bond reconciliation, then join income/proceeds and liability context"
CFKKRGACEDCOB-0275,Schedule D Part 1 Section 1 issuer-credit obligations owned,224,293.52,11135F-CS-8,standard-cusip-like,2493034,2364000,1785219,2480017,,(3021),,,3.750,3.449,,33490,88106,05/19/2025,02/15/2051,2408325,matched-raw-parser-row,CFKKRGACEDP-0266,8,"coordinate-owned-bond row; reconciles source-page columns but does not prove cash receipt, borrower use, liability spread, waterfall, collateral certificate, or return","use coordinate columns to replace token-only owned-bond reconciliation, then join income/proceeds and liability context"
CFKKRGACEDCOB-0276,Schedule D Part 1 Section 1 issuer-credit obligations owned,224,285.48,114259-AQ-7,standard-cusip-like,17441963,17242000,13812085,17343510,,(13444),,,4.273,4.165,,216932,736751,04/07/2020,03/15/2048,17610375,matched-raw-parser-row,CFKKRGACEDP-0267,8,"coordinate-owned-bond row; reconciles source-page columns but does not prove cash receipt, borrower use, liability spread, waterfall, collateral certificate, or return","use coordinate columns to replace token-only owned-bond reconciliation, then join income/proceeds and liability context"
CFKKRGACEDCOB-0277,Schedule D Part 1 Section 1 issuer-credit obligations owned,224,277.44,114259-AU-8,standard-cusip-like,9691162,8072000,6557356,9460353,,(39445),,,4.487,3.393,,117712,362191,09/10/2019,03/04/2049,,matched-raw-parser-row,CFKKRGACEDP-0268,7,"coordinate-owned-bond row; reconciles source-page columns but does not prove cash receipt, borrower use, liability spread, waterfall, collateral certificate, or return","use coordinate columns to replace token-only owned-bond reconciliation, then join income/proceeds and liability context"
CFKKRGACEDCOB-0278,Schedule D Part 1 Section 1 issuer-credit obligations owned,224,269.40,114259-AW-4,standard-cusip-like,22901,24000,23802,23015,,,,,4.866,5.620,,1168,,01/21/2025,08/05/2032,24584,matched-raw-parser-row,CFKKRGACEDP-1190,2,"coordinate-owned-bond row; reconciles source-page columns but does not prove cash receipt, borrower use, liability spread, waterfall, collateral certificate, or return","use coordinate columns to replace token-only owned-bond reconciliation, then join income/proceeds and liability context"
CFKKRGACEDCOB-0279,Schedule D Part 1 Section 1 issuer-credit obligations owned,224,261.36,114259-AY-0,standard-cusip-like,3687050,3450000,3591797,3684145,,(2765),,,6.415,5.916,,100208,221318,11/07/2024,07/18/2054,,matched-raw-parser-row,CFKKRGACEDP-0270,7,"coordinate-owned-bond row; reconciles source-page columns but does not prove cash receipt, borrower use, liability spread, waterfall, collateral certificate, or return","use coordinate columns to replace token-only owned-bond reconciliation, then join income/proceeds and liability context"
CFKKRGACEDCOB-0280,Schedule D Part 1 Section 1 issuer-credit obligations owned,224,253.32,115236-AG-6,standard-cusip-like,51891,50000,51721,51874,,,,,5.650,5.086,,,,11/25/2025,06/11/2034,,matched-raw-parser-row,CFKKRGACEDP-1191,3,"coordinate-owned-bond row; reconciles source-page columns but does not prove cash receipt, borrower use, liability spread, waterfall, collateral certificate, or return","use coordinate columns to replace token-only owned-bond reconciliation, then join income/proceeds and liability context"
CFKKRGACEDCOB-0281,Schedule D Part 1 Section 1 issuer-credit obligations owned,224,245.28,115637-AP-5,standard-cusip-like,2429284,2200000,1908819,2390632,,(6333),,,4.500,3.853,,99000,,05/08/2019,07/15/2045,,matched-raw-parser-row,CFKKRGACEDP-0272,7,"coordinate-owned-bond row; reconciles source-page columns but does not prove cash receipt, borrower use, liability spread, waterfall, collateral certificate, or return","use coordinate columns to replace token-only owned-bond reconciliation, then join income/proceeds and liability context"
CFKKRGACEDCOB-0282,Schedule D Part 1 Section 1 issuer-credit obligations owned,224,237.24,12189L-AA-9,standard-cusip-like,4643916,3854000,4082618,4452753,,(31248),,,5.750,4.253,,36934,221605,01/25/2019,05/01/2040,,matched-raw-parser-row,CFKKRGACEDP-0273,7,"coordinate-owned-bond row; reconciles source-page columns but does not prove cash receipt, borrower use, liability spread, waterfall, collateral certificate, or return","use coordinate columns to replace token-only owned-bond reconciliation, then join income/proceeds and liability context"
CFKKRGACEDCOB-0283,Schedule D Part 1 Section 1 issuer-credit obligations owned,224,229.20,12189L-AE-1,standard-cusip-like,3481470,3000000,3043060,3373699,,(17622),,,5.400,4.263,,13500,162000,01/25/2019,06/01/2041,,matched-raw-parser-row,CFKKRGACEDP-0274,7,"coordinate-owned-bond row; reconciles source-page columns but does not prove cash receipt, borrower use, liability spread, waterfall, collateral certificate, or return","use coordinate columns to replace token-only owned-bond reconciliation, then join income/proceeds and liability context"
CFKKRGACEDCOB-0284,Schedule D Part 1 Section 1 issuer-credit obligations owned,224,221.16,12189L-AP-6,standard-cusip-like,264130,282000,273884,264513,,,,,5.150,5.712,,4841,7262,05/19/2025,09/01/2043,289262,matched-raw-parser-row,CFKKRGACEDP-1192,3,"coordinate-owned-bond row; reconciles source-page columns but does not prove cash receipt, borrower use, liability spread, waterfall, collateral certificate, or return","use coordinate columns to replace token-only owned-bond reconciliation, then join income/proceeds and liability context"
CFKKRGACEDCOB-0285,Schedule D Part 1 Section 1 issuer-credit obligations owned,224,213.12,12189L-AW-1,standard-cusip-like,6875867,6700000,5644359,6836437,,(4828),,,4.150,3.995,,69513,278050,04/01/2016,04/01/2045,,matched-raw-parser-row,CFKKRGACEDP-0276,7,"coordinate-owned-bond row; reconciles source-page columns but does not prove cash receipt, borrower use, liability spread, waterfall, collateral certificate, or return","use coordinate columns to replace token-only owned-bond reconciliation, then join income/proceeds and liability context"
CFKKRGACEDCOB-0286,Schedule D Part 1 Section 1 issuer-credit obligations owned,224,205.08,12189L-AZ-4,standard-cusip-like,4509155,4738000,3800611,4546761,6196,,,,3.900,4.195,,76993,184782,12/20/2018,08/01/2046,4830391,matched-raw-parser-row,CFKKRGACEDP-0277,8,"coordinate-owned-bond row; reconciles source-page columns but does not prove cash receipt, borrower use, liability spread, waterfall, collateral certificate, or return","use coordinate columns to replace token-only owned-bond reconciliation, then join income/proceeds and liability context"
CFKKRGACEDCOB-0287,Schedule D Part 1 Section 1 issuer-credit obligations owned,224,197.04,12201P-AB-2,standard-cusip-like,20131,18000,20451,19870,,,,,7.200,5.054,,,1296,01/21/2025,08/15/2031,18648,matched-raw-parser-row,CFKKRGACEDP-1193,2,"coordinate-owned-bond row; reconciles source-page columns but does not prove cash receipt, borrower use, liability spread, waterfall, collateral certificate, or return","use coordinate columns to replace token-only owned-bond reconciliation, then join income/proceeds and liability context"
CFKKRGACEDCOB-0288,Schedule D Part 1 Section 1 issuer-credit obligations owned,224,189.00,124857-AN-3,standard-cusip-like,4460775,4500000,3123786,4471799,,,,,4.600,4.573,,95450,207000,10/29/2020,01/15/2045,4603500,matched-raw-parser-row,CFKKRGACEDP-0279,7,"coordinate-owned-bond row; reconciles source-page columns but does not prove cash receipt, borrower use, liability spread, waterfall, collateral certificate, or return","use coordinate columns to replace token-only owned-bond reconciliation, then join income/proceeds and liability context"
CFKKRGACEDCOB-0289,Schedule D Part 1 Section 1 issuer-credit obligations owned,224,180.96,12505B-AJ-9,standard-cusip-like,51007,50000,50715,50989,,,,,4.800,4.299,,,1420,11/25/2025,06/15/2030,,matched-raw-parser-row,CFKKRGACEDP-1194,3,"coordinate-owned-bond row; reconciles source-page columns but does not prove cash receipt, borrower use, liability spread, waterfall, collateral certificate, or return","use coordinate columns to replace token-only owned-bond reconciliation, then join income/proceeds and liability context"
CFKKRGACEDCOB-0290,Schedule D Part 1 Section 1 issuer-credit obligations owned,224,172.92,12513G-BK-4,standard-cusip-like,51109,50000,50990,51087,,,,,5.100,4.510,,,,11/25/2025,03/01/2030,,matched-raw-parser-row,CFKKRGACEDP-1195,2,"coordinate-owned-bond row; reconciles source-page columns but does not prove cash receipt, borrower use, liability spread, waterfall, collateral certificate, or return","use coordinate columns to replace token-only owned-bond reconciliation, then join income/proceeds and liability context"
CFKKRGACEDCOB-0291,Schedule D Part 1 Section 1 issuer-credit obligations owned,224,164.88,12541W-AA-8,standard-cusip-like,50198,50000,50162,50190,,,,,4.200,4.005,,,,11/25/2025,04/15/2028,,matched-raw-parser-row,CFKKRGACEDP-1196,2,"coordinate-owned-bond row; reconciles source-page columns but does not prove cash receipt, borrower use, liability spread, waterfall, collateral certificate, or return","use coordinate columns to replace token-only owned-bond reconciliation, then join income/proceeds and liability context"
CFKKRGACEDCOB-0292,Schedule D Part 1 Section 1 issuer-credit obligations owned,224,156.84,125523-AJ-9,standard-cusip-like,69797,75000,71865,70100,,,,,4.800,5.526,,1360,3600,11/12/2024,08/15/2038,76800,matched-raw-parser-row,CFKKRGACEDP-0283,7,"coordinate-owned-bond row; reconciles source-page columns but does not prove cash receipt, borrower use, liability spread, waterfall, collateral certificate, or return","use coordinate columns to replace token-only owned-bond reconciliation, then join income/proceeds and liability context"
CFKKRGACEDCOB-0293,Schedule D Part 1 Section 1 issuer-credit obligations owned,224,148.80,125523-AK-6,standard-cusip-like,11072015,11227700,10043652,11075915,1486,,,,4.900,4.966,,97951,476657,08/06/2024,12/15/2048,13785057,matched-raw-parser-row,CFKKRGACEDP-0284,8,"coordinate-owned-bond row; reconciles source-page columns but does not prove cash receipt, borrower use, liability spread, waterfall, collateral certificate, or return","use coordinate columns to replace token-only owned-bond reconciliation, then join income/proceeds and liability context"
CFKKRGACEDCOB-0294,Schedule D Part 1 Section 1 issuer-credit obligations owned,224,140.76,125523-BK-5,standard-cusip-like,1929278,1680000,1295967,1898956,,(7226),,,3.875,3.039,,13743,65100,07/27/2021,10/15/2047,,matched-raw-parser-row,CFKKRGACEDP-0285,7,"coordinate-owned-bond row; reconciles source-page columns but does not prove cash receipt, borrower use, liability spread, waterfall, collateral certificate, or return","use coordinate columns to replace token-only owned-bond reconciliation, then join income/proceeds and liability context"
CFKKRGACEDCOB-0295,Schedule D Part 1 Section 1 issuer-credit obligations owned,224,132.72,125523-CF-5,standard-cusip-like,32308582,35738000,31834701,32554037,,82413,,,4.800,5.531,,1715424,,11/22/2022,07/15/2046,36595712,matched-raw-parser-row,CFKKRGACEDP-0286,8,"coordinate-owned-bond row; reconciles source-page columns but does not prove cash receipt, borrower use, liability spread, waterfall, collateral certificate, or return","use coordinate columns to replace token-only owned-bond reconciliation, then join income/proceeds and liability context"
CFKKRGACEDCOB-0296,Schedule D Part 1 Section 1 issuer-credit obligations owned,224,124.68,125523-CQ-1,standard-cusip-like,1136706,1769000,1234693,1143217,6511,,,,3.400,6.190,,30073,,05/19/2025,03/15/2051,1799073,matched-raw-parser-row,CFKKRGACEDP-1197,3,"coordinate-owned-bond row; reconciles source-page columns but does not prove cash receipt, borrower use, liability spread, waterfall, collateral certificate, or return","use coordinate columns to replace token-only owned-bond reconciliation, then join income/proceeds and liability context"
CFKKRGACEDCOB-0297,Schedule D Part 1 Section 1 issuer-credit obligations owned,224,116.64,125523-CW-8,standard-cusip-like,6123520,6462000,6271005,6128353,,4833,,,5.600,5.982,,136707,361872,01/21/2025,02/15/2054,6642936,matched-raw-parser-row,CFKKRGACEDP-1198,3,"coordinate-owned-bond row; reconciles source-page columns but does not prove cash receipt, borrower use, liability spread, waterfall, collateral certificate, or return","use coordinate columns to replace token-only owned-bond reconciliation, then join income/proceeds and liability context"
CFKKRGACEDCOB-0298,Schedule D Part 1 Section 1 issuer-credit obligations owned,224,108.60,12572Q-AF-2,standard-cusip-like,1018770,1000000,1005259,1018733,,,,,5.300,5.134,,15606,,11/25/2025,09/15/2043,,matched-raw-parser-row,CFKKRGACEDP-1199,3,"coordinate-owned-bond row; reconciles source-page columns but does not prove cash receipt, borrower use, liability spread, waterfall, collateral certificate, or return","use coordinate columns to replace token-only owned-bond reconciliation, then join income/proceeds and liability context"
CFKKRGACEDCOB-0299,Schedule D Part 1 Section 1 issuer-credit obligations owned,224,100.56,12636Y-AE-2,standard-cusip-like,98128,94000,97674,98090,,,,,5.400,4.749,,,,11/25/2025,05/21/2034,,matched-raw-parser-row,CFKKRGACEDP-1200,2,"coordinate-owned-bond row; reconciles source-page columns but does not prove cash receipt, borrower use, liability spread, waterfall, collateral certificate, or return","use coordinate columns to replace token-only owned-bond reconciliation, then join income/proceeds and liability context"
CFKKRGACEDCOB-0300,Schedule D Part 1 Section 1 issuer-credit obligations owned,224,92.52,126408-HC-0,standard-cusip-like,5703212,5810000,4519054,5720942,2118,,,,3.950,4.050,,38249,229495,06/23/2016,05/01/2050,5924748,matched-raw-parser-row,CFKKRGACEDP-0291,8,"coordinate-owned-bond row; reconciles source-page columns but does not prove cash receipt, borrower use, liability spread, waterfall, collateral certificate, or return","use coordinate columns to replace token-only owned-bond reconciliation, then join income/proceeds and liability context"
CFKKRGACEDCOB-0301,Schedule D Part 1 Section 1 issuer-credit obligations owned,224,84.48,126408-HF-3,standard-cusip-like,1523355,1500000,1177790,1519745,,,,,3.800,3.707,,9500,57000,08/01/2019,11/01/2046,,matched-raw-parser-row,CFKKRGACEDP-0292,6,"coordinate-owned-bond row; reconciles source-page columns but does not prove cash receipt, borrower use, liability spread, waterfall, collateral certificate, or return","use coordinate columns to replace token-only owned-bond reconciliation, then join income/proceeds and liability context"
CFKKRGACEDCOB-0302,Schedule D Part 1 Section 1 issuer-credit obligations owned,224,76.44,12661P-AE-9,standard-cusip-like,5670933,5000000,4316282,5646866,,(17864),,,4.750,3.883,,42222,237500,08/06/2024,04/27/2052,10237500,matched-raw-parser-row,CFKKRGACEDP-0293,8,"coordinate-owned-bond row; reconciles source-page columns but does not prove cash receipt, borrower use, liability spread, waterfall, collateral certificate, or return","use coordinate columns to replace token-only owned-bond reconciliation, then join income/proceeds and liability context"
CFKKRGACEDCOB-0303,Schedule D Part 1 Section 1 issuer-credit obligations owned,224,68.40,126650-CN-8,standard-cusip-like,3514090,3000000,2715829,3402958,,(13940),,,5.125,4.096,,68760,153750,09/20/2016,07/20/2045,,matched-raw-parser-row,CFKKRGACEDP-0294,7,"coordinate-owned-bond row; reconciles source-page columns but does not prove cash receipt, borrower use, liability spread, waterfall, collateral certificate, or return","use coordinate columns to replace token-only owned-bond reconciliation, then join income/proceeds and liability context"
CFKKRGACEDCOB-0304,Schedule D Part 1 Section 1 issuer-credit obligations owned,224,60.36,126650-CZ-1,standard-cusip-like,12487760,10318000,9101577,12190837,,(55614),,,5.050,3.809,,138949,505000,10/21/2025,03/25/2048,326030,matched-raw-parser-row,CFKKRGACEDP-1201,3,"coordinate-owned-bond row; reconciles source-page columns but does not prove cash receipt, borrower use, liability spread, waterfall, collateral certificate, or return","use coordinate columns to replace token-only owned-bond reconciliation, then join income/proceeds and liability context"
CFKKRGACEDCOB-0305,Schedule D Part 1 Section 1 issuer-credit obligations owned,225,414.12,133434-AB-6,standard-cusip-like,198799,240000,210395,201787,2988,,,,3.302,5.568,,3654,3962,01/21/2025,01/15/2035,243962,matched-raw-parser-row,CFKKRGACEDP-1202,2,"coordinate-owned-bond row; reconciles source-page columns but does not prove cash receipt, borrower use, liability spread, waterfall, collateral certificate, or return","use coordinate columns to replace token-only owned-bond reconciliation, then join income/proceeds and liability context"
CFKKRGACEDCOB-0306,Schedule D Part 1 Section 1 issuer-credit obligations owned,225,406.08,133434-AD-2,standard-cusip-like,600000,600000,512879,600000,,,,,3.701,3.919,,22206,,05/08/2020,01/15/2039,611103,matched-raw-parser-row,CFKKRGACEDP-0297,7,"coordinate-owned-bond row; reconciles source-page columns but does not prove cash receipt, borrower use, liability spread, waterfall, collateral certificate, or return","use coordinate columns to replace token-only owned-bond reconciliation, then join income/proceeds and liability context"
CFKKRGACEDCOB-0307,Schedule D Part 1 Section 1 issuer-credit obligations owned,225,398.04,13607Q-FD-9,standard-cusip-like,50158,50000,50204,50150,,,,,4.243,4.054,,,,11/25/2025,09/08/2028,,matched-raw-parser-row,CFKKRGACEDP-1203,2,"coordinate-owned-bond row; reconciles source-page columns but does not prove cash receipt, borrower use, liability spread, waterfall, collateral certificate, or return","use coordinate columns to replace token-only owned-bond reconciliation, then join income/proceeds and liability context"
CFKKRGACEDCOB-0308,Schedule D Part 1 Section 1 issuer-credit obligations owned,225,390.00,136375-CZ-3,standard-cusip-like,1008183,1100000,655227,1017889,,2303,,,2.450,2.879,,26950,,08/09/2021,05/01/2050,1113475,matched-raw-parser-row,CFKKRGACEDP-0299,8,"coordinate-owned-bond row; reconciles source-page columns but does not prove cash receipt, borrower use, liability spread, waterfall, collateral certificate, or return","use coordinate columns to replace token-only owned-bond reconciliation, then join income/proceeds and liability context"
CFKKRGACEDCOB-0309,Schedule D Part 1 Section 1 issuer-credit obligations owned,225,381.96,14040H-DA-0,standard-cusip-like,1604111,1537000,1662077,1599243,,(4868),,,6.377,5.701,,98015,,03/25/2025,06/08/2034,,matched-raw-parser-row,CFKKRGACEDP-1204,3,"coordinate-owned-bond row; reconciles source-page columns but does not prove cash receipt, borrower use, liability spread, waterfall, collateral certificate, or return","use coordinate columns to replace token-only owned-bond reconciliation, then join income/proceeds and liability context"
CFKKRGACEDCOB-0310,Schedule D Part 1 Section 1 issuer-credit obligations owned,225,373.92,14040H-DN-2,standard-cusip-like,680918,680000,676825,680931,,,,,5.197,5.178,,10798,,10/21/2025,09/11/2036,,matched-raw-parser-row,CFKKRGACEDP-1205,3,"coordinate-owned-bond row; reconciles source-page columns but does not prove cash receipt, borrower use, liability spread, waterfall, collateral certificate, or return","use coordinate columns to replace token-only owned-bond reconciliation, then join income/proceeds and liability context"
CFKKRGACEDCOB-0311,Schedule D Part 1 Section 1 issuer-credit obligations owned,225,365.88,14149Y-AW-8,standard-cusip-like,2115360,2000000,1761112,2088091,(3423),,,,4.600,4.237,,92000,,06/08/2016,03/15/2043,2046000,matched-raw-parser-row,CFKKRGACEDP-0302,8,"coordinate-owned-bond row; reconciles source-page columns but does not prove cash receipt, borrower use, liability spread, waterfall, collateral certificate, or return","use coordinate columns to replace token-only owned-bond reconciliation, then join income/proceeds and liability context"
CFKKRGACEDCOB-0312,Schedule D Part 1 Section 1 issuer-credit obligations owned,225,357.84,141781-BC-7,standard-cusip-like,5803181,5729000,4755991,5780000,,(2346),,,4.100,4.022,,39148,234889,12/20/2018,11/01/2042,5846445,matched-raw-parser-row,CFKKRGACEDP-0303,8,"coordinate-owned-bond row; reconciles source-page columns but does not prove cash receipt, borrower use, liability spread, waterfall, collateral certificate, or return","use coordinate columns to replace token-only owned-bond reconciliation, then join income/proceeds and liability context"
CFKKRGACEDCOB-0313,Schedule D Part 1 Section 1 issuer-credit obligations owned,225,349.80,142339-AL-4,standard-cusip-like,43680,50000,43721,43763,,,,,2.200,4.543,,,,11/25/2025,03/01/2032,50550,matched-raw-parser-row,CFKKRGACEDP-1206,2,"coordinate-owned-bond row; reconciles source-page columns but does not prove cash receipt, borrower use, liability spread, waterfall, collateral certificate, or return","use coordinate columns to replace token-only owned-bond reconciliation, then join income/proceeds and liability context"
CFKKRGACEDCOB-0314,Schedule D Part 1 Section 1 issuer-credit obligations owned,225,341.76,14448C-AS-3,standard-cusip-like,37612235,36177000,26677218,37348582,,(47442),,,3.577,3.336,,1294051,,11/21/2022,04/05/2050,14579167,matched-raw-parser-row,CFKKRGACEDP-0305,8,"coordinate-owned-bond row; reconciles source-page columns but does not prove cash receipt, borrower use, liability spread, waterfall, collateral certificate, or return","use coordinate columns to replace token-only owned-bond reconciliation, then join income/proceeds and liability context"
CFKKRGACEDCOB-0315,Schedule D Part 1 Section 1 issuer-credit obligations owned,225,333.72,149123-CE-9,standard-cusip-like,15137525,15000000,13260085,15125934,,(1417),,,4.750,4.701,,91042,712500,01/30/2015,05/15/2064,15356250,matched-raw-parser-row,CFKKRGACEDP-0306,8,"coordinate-owned-bond row; reconciles source-page columns but does not prove cash receipt, borrower use, liability spread, waterfall, collateral certificate, or return","use coordinate columns to replace token-only owned-bond reconciliation, then join income/proceeds and liability context"
CFKKRGACEDCOB-0316,Schedule D Part 1 Section 1 issuer-credit obligations owned,225,325.68,15135U-AX-7,standard-cusip-like,35611,50000,34991,35633,,,,,3.750,5.926,,,,11/25/2025,02/15/2052,50938,matched-raw-parser-row,CFKKRGACEDP-1207,2,"coordinate-owned-bond row; reconciles source-page columns but does not prove cash receipt, borrower use, liability spread, waterfall, collateral certificate, or return","use coordinate columns to replace token-only owned-bond reconciliation, then join income/proceeds and liability context"
CFKKRGACEDCOB-0317,Schedule D Part 1 Section 1 issuer-credit obligations owned,225,317.64,15189W-AJ-9,standard-cusip-like,15400167,13879000,10953629,15185803,,(42234),,,4.100,3.462,,189680,569039,09/25/2020,09/01/2047,,matched-raw-parser-row,CFKKRGACEDP-0308,7,"coordinate-owned-bond row; reconciles source-page columns but does not prove cash receipt, borrower use, liability spread, waterfall, collateral certificate, or return","use coordinate columns to replace token-only owned-bond reconciliation, then join income/proceeds and liability context"
CFKKRGACEDCOB-0318,Schedule D Part 1 Section 1 issuer-credit obligations owned,225,309.60,15361G-AU-9,standard-cusip-like,5206698,4720000,4676755,5054143,,(16326),,,5.800,5.082,,45627,273760,09/30/2013,11/01/2039,4856880,matched-raw-parser-row,CFKKRGACEDP-0309,8,"coordinate-owned-bond row; reconciles source-page columns but does not prove cash receipt, borrower use, liability spread, waterfall, collateral certificate, or return","use coordinate columns to replace token-only owned-bond reconciliation, then join income/proceeds and liability context"
CFKKRGACEDCOB-0319,Schedule D Part 1 Section 1 issuer-credit obligations owned,225,301.56,161175-BA-1,standard-cusip-like,15668866,15500000,14591365,15641468,,(3899),,,6.484,6.399,,1005020,,11/02/2018,10/23/2045,16002510,matched-raw-parser-row,CFKKRGACEDP-0310,8,"coordinate-owned-bond row; reconciles source-page columns but does not prove cash receipt, borrower use, liability spread, waterfall, collateral certificate, or return","use coordinate columns to replace token-only owned-bond reconciliation, then join income/proceeds and liability context"
CFKKRGACEDCOB-0320,Schedule D Part 1 Section 1 issuer-credit obligations owned,225,293.52,161175-BL-7,standard-cusip-like,765793,1000000,824339,774457,4196,,,,5.375,7.513,,53750,,11/14/2023,05/01/2047,1026875,matched-raw-parser-row,CFKKRGACEDP-0311,8,"coordinate-owned-bond row; reconciles source-page columns but does not prove cash receipt, borrower use, liability spread, waterfall, collateral certificate, or return","use coordinate columns to replace token-only owned-bond reconciliation, then join income/proceeds and liability context"
CFKKRGACEDCOB-0321,Schedule D Part 1 Section 1 issuer-credit obligations owned,225,285.48,161175-BN-3,standard-cusip-like,7542031,6650000,5678786,7433112,,(19925),,,5.750,4.867,,95594,382375,10/10/2019,04/01/2048,,matched-raw-parser-row,CFKKRGACEDP-0312,7,"coordinate-owned-bond row; reconciles source-page columns but does not prove cash receipt, borrower use, liability spread, waterfall, collateral certificate, or return","use coordinate columns to replace token-only owned-bond reconciliation, then join income/proceeds and liability context"
CFKKRGACEDCOB-0322,Schedule D Part 1 Section 1 issuer-credit obligations owned,225,277.44,166754-AX-9,standard-cusip-like,50896,50000,50675,50878,,,,,4.750,4.297,,,,11/25/2025,05/15/2030,,matched-raw-parser-row,CFKKRGACEDP-1208,2,"coordinate-owned-bond row; reconciles source-page columns but does not prove cash receipt, borrower use, liability spread, waterfall, collateral certificate, or return","use coordinate columns to replace token-only owned-bond reconciliation, then join income/proceeds and liability context"
CFKKRGACEDCOB-0323,Schedule D Part 1 Section 1 issuer-credit obligations owned,225,269.40,166756-AW-6,standard-cusip-like,2290176,1680000,1530682,2214141,,(18064),,,4.950,2.922,,31416,83160,07/27/2021,08/15/2047,,matched-raw-parser-row,CFKKRGACEDP-0314,7,"coordinate-owned-bond row; reconciles source-page columns but does not prove cash receipt, borrower use, liability spread, waterfall, collateral certificate, or return","use coordinate columns to replace token-only owned-bond reconciliation, then join income/proceeds and liability context"
CFKKRGACEDCOB-0324,Schedule D Part 1 Section 1 issuer-credit obligations owned,225,261.36,169905-AH-9,standard-cusip-like,51344,50000,50997,51334,,,,,5.850,5.448,,1219,,11/25/2025,08/01/2034,,matched-raw-parser-row,CFKKRGACEDP-1209,2,"coordinate-owned-bond row; reconciles source-page columns but does not prove cash receipt, borrower use, liability spread, waterfall, collateral certificate, or return","use coordinate columns to replace token-only owned-bond reconciliation, then join income/proceeds and liability context"
CFKKRGACEDCOB-0325,Schedule D Part 1 Section 1 issuer-credit obligations owned,225,253.32,171340-AL-6,standard-cusip-like,6504183,7000000,5602802,6578959,,11489,,,3.950,4.383,,115208,276500,12/13/2018,08/01/2047,7138250,matched-raw-parser-row,CFKKRGACEDP-0316,8,"coordinate-owned-bond row; reconciles source-page columns but does not prove cash receipt, borrower use, liability spread, waterfall, collateral certificate, or return","use coordinate columns to replace token-only owned-bond reconciliation, then join income/proceeds and liability context"
CFKKRGACEDCOB-0326,Schedule D Part 1 Section 1 issuer-credit obligations owned,225,245.28,172967-AS-0,standard-cusip-like,8973256,7468000,8573888,8961423,,(1433),,,6.875,5.712,,193961,513425,03/25/2014,02/15/2098,7724713,matched-raw-parser-row,CFKKRGACEDP-0317,8,"coordinate-owned-bond row; reconciles source-page columns but does not prove cash receipt, borrower use, liability spread, waterfall, collateral certificate, or return","use coordinate columns to replace token-only owned-bond reconciliation, then join income/proceeds and liability context"
CFKKRGACEDCOB-0327,Schedule D Part 1 Section 1 issuer-credit obligations owned,225,237.24,172967-DR-9,standard-cusip-like,289501,275000,292517,289144,,,,,6.125,5.481,,5895,8422,08/13/2025,08/25/2036,283422,matched-raw-parser-row,CFKKRGACEDP-1210,3,"coordinate-owned-bond row; reconciles source-page columns but does not prove cash receipt, borrower use, liability spread, waterfall, collateral certificate, or return","use coordinate columns to replace token-only owned-bond reconciliation, then join income/proceeds and liability context"
CFKKRGACEDCOB-0328,Schedule D Part 1 Section 1 issuer-credit obligations owned,225,229.20,172967-HA-2,standard-cusip-like,625164,593000,660070,624645,,,,,6.675,6.175,,19791,,05/19/2025,09/13/2043,612791,matched-raw-parser-row,CFKKRGACEDP-1658,8,"coordinate-owned-bond row; reconciles source-page columns but does not prove cash receipt, borrower use, liability spread, waterfall, collateral certificate, or return","use coordinate columns to replace token-only owned-bond reconciliation, then join income/proceeds and liability context"
CFKKRGACEDCOB-0329,Schedule D Part 1 Section 1 issuer-credit obligations owned,225,221.16,172967-HS-3,standard-cusip-like,37012400,35575000,34561519,36722352,,(39817),,,5.300,5.016,,1885475,,05/11/2023,05/06/2044,36517738,matched-raw-parser-row,CFKKRGACEDP-0320,8,"coordinate-owned-bond row; reconciles source-page columns but does not prove cash receipt, borrower use, liability spread, waterfall, collateral certificate, or return","use coordinate columns to replace token-only owned-bond reconciliation, then join income/proceeds and liability context"
CFKKRGACEDCOB-0330,Schedule D Part 1 Section 1 issuer-credit obligations owned,225,213.12,172967-KR-1,standard-cusip-like,101938,120000,105407,102176,,,,,4.750,6.025,,,2850,06/26/2025,05/18/2046,122850,matched-raw-parser-row,CFKKRGACEDP-1212,2,"coordinate-owned-bond row; reconciles source-page columns but does not prove cash receipt, borrower use, liability spread, waterfall, collateral certificate, or return","use coordinate columns to replace token-only owned-bond reconciliation, then join income/proceeds and liability context"
CFKKRGACEDCOB-0331,Schedule D Part 1 Section 1 issuer-credit obligations owned,225,205.08,172967-PA-3,standard-cusip-like,6184766,5669000,6175352,6182500,,(2266),,,6.270,4.711,,43443,,12/16/2025,11/17/2033,,matched-raw-parser-row,CFKKRGACEDP-1213,3,"coordinate-owned-bond row; reconciles source-page columns but does not prove cash receipt, borrower use, liability spread, waterfall, collateral certificate, or return","use coordinate columns to replace token-only owned-bond reconciliation, then join income/proceeds and liability context"
CFKKRGACEDCOB-0332,Schedule D Part 1 Section 1 issuer-credit obligations owned,225,197.04,172967-PG-0,standard-cusip-like,1799058,1768000,1837997,1797885,,(1173),,,5.827,5.565,,59960,,08/13/2025,02/13/2035,,matched-raw-parser-row,CFKKRGACEDP-1940,8,"coordinate-owned-bond row; reconciles source-page columns but does not prove cash receipt, borrower use, liability spread, waterfall, collateral certificate, or return","use coordinate columns to replace token-only owned-bond reconciliation, then join income/proceeds and liability context"
CFKKRGACEDCOB-0333,Schedule D Part 1 Section 1 issuer-credit obligations owned,225,189.00,172967-PU-9,standard-cusip-like,760561,733000,768043,759754,,,,,6.020,5.503,,19244,,08/13/2025,01/24/2036,,matched-raw-parser-row,CFKKRGACEDP-1942,8,"coordinate-owned-bond row; reconciles source-page columns but does not prove cash receipt, borrower use, liability spread, waterfall, collateral certificate, or return","use coordinate columns to replace token-only owned-bond reconciliation, then join income/proceeds and liability context"
CFKKRGACEDCOB-0334,Schedule D Part 1 Section 1 issuer-credit obligations owned,225,180.96,172967-QH-7,standard-cusip-like,93234,91000,91891,93203,,,,,5.174,4.857,,1439,,10/21/2025,09/11/2036,,matched-raw-parser-row,CFKKRGACEDP-1216,2,"coordinate-owned-bond row; reconciles source-page columns but does not prove cash receipt, borrower use, liability spread, waterfall, collateral certificate, or return","use coordinate columns to replace token-only owned-bond reconciliation, then join income/proceeds and liability context"
CFKKRGACEDCOB-0335,Schedule D Part 1 Section 1 issuer-credit obligations owned,225,172.92,17327C-AR-4,standard-cusip-like,377074,370000,393190,376487,,,,,6.174,5.878,,22844,,01/21/2025,05/25/2034,,matched-raw-parser-row,CFKKRGACEDP-1217,3,"coordinate-owned-bond row; reconciles source-page columns but does not prove cash receipt, borrower use, liability spread, waterfall, collateral certificate, or return","use coordinate columns to replace token-only owned-bond reconciliation, then join income/proceeds and liability context"
CFKKRGACEDCOB-0336,Schedule D Part 1 Section 1 issuer-credit obligations owned,225,164.88,17327C-AY-9,standard-cusip-like,1622003,1710000,1703946,1622896,,,,,5.612,5.983,,47983,,05/19/2025,03/04/2056,,matched-raw-parser-row,CFKKRGACEDP-1218,3,"coordinate-owned-bond row; reconciles source-page columns but does not prove cash receipt, borrower use, liability spread, waterfall, collateral certificate, or return","use coordinate columns to replace token-only owned-bond reconciliation, then join income/proceeds and liability context"
CFKKRGACEDCOB-0337,Schedule D Part 1 Section 1 issuer-credit obligations owned,225,156.84,17327C-BA-0,standard-cusip-like,132084,130000,133046,132027,,,,,5.333,5.119,,1810,3466,08/13/2025,03/27/2036,,matched-raw-parser-row,CFKKRGACEDP-1219,3,"coordinate-owned-bond row; reconciles source-page columns but does not prove cash receipt, borrower use, liability spread, waterfall, collateral certificate, or return","use coordinate columns to replace token-only owned-bond reconciliation, then join income/proceeds and liability context"
CFKKRGACEDCOB-0338,Schedule D Part 1 Section 1 issuer-credit obligations owned,225,148.80,189054-AZ-2,standard-cusip-like,50678,50000,50582,50669,,,,,4.600,4.347,,,,11/25/2025,05/01/2032,,matched-raw-parser-row,CFKKRGACEDP-1220,2,"coordinate-owned-bond row; reconciles source-page columns but does not prove cash receipt, borrower use, liability spread, waterfall, collateral certificate, or return","use coordinate columns to replace token-only owned-bond reconciliation, then join income/proceeds and liability context"
CFKKRGACEDCOB-0339,Schedule D Part 1 Section 1 issuer-credit obligations owned,225,140.76,191216-CX-6,standard-cusip-like,1076317,1100000,682673,1078962,,,,,2.600,2.708,,2383,28600,08/09/2021,06/01/2050,1114300,matched-raw-parser-row,CFKKRGACEDP-0330,7,"coordinate-owned-bond row; reconciles source-page columns but does not prove cash receipt, borrower use, liability spread, waterfall, collateral certificate, or return","use coordinate columns to replace token-only owned-bond reconciliation, then join income/proceeds and liability context"
CFKKRGACEDCOB-0340,Schedule D Part 1 Section 1 issuer-credit obligations owned,225,132.72,191216-DL-1,standard-cusip-like,1159059,1100000,737999,1153058,,(1421),,,3.000,2.734,,33000,,08/09/2021,03/05/2051,1116500,matched-raw-parser-row,CFKKRGACEDP-0331,8,"coordinate-owned-bond row; reconciles source-page columns but does not prove cash receipt, borrower use, liability spread, waterfall, collateral certificate, or return","use coordinate columns to replace token-only owned-bond reconciliation, then join income/proceeds and liability context"
CFKKRGACEDCOB-0341,Schedule D Part 1 Section 1 issuer-credit obligations owned,225,124.68,191216-DT-4,standard-cusip-like,10070900,10000000,9729448,10072017,,,,,5.400,5.355,,72000,540000,08/07/2024,05/13/2064,,matched-raw-parser-row,CFKKRGACEDP-0332,6,"coordinate-owned-bond row; reconciles source-page columns but does not prove cash receipt, borrower use, liability spread, waterfall, collateral certificate, or return","use coordinate columns to replace token-only owned-bond reconciliation, then join income/proceeds and liability context"
CFKKRGACEDCOB-0342,Schedule D Part 1 Section 1 issuer-credit obligations owned,225,116.64,19123M-AF-0,standard-cusip-like,48649,50000,48742,48757,,,,,1.500,3.968,,,,11/25/2025,01/15/2027,50375,matched-raw-parser-row,CFKKRGACEDP-1221,2,"coordinate-owned-bond row; reconciles source-page columns but does not prove cash receipt, borrower use, liability spread, waterfall, collateral certificate, or return","use coordinate columns to replace token-only owned-bond reconciliation, then join income/proceeds and liability context"
CFKKRGACEDCOB-0343,Schedule D Part 1 Section 1 issuer-credit obligations owned,225,108.60,19416Q-EJ-5,standard-cusip-like,9927700,10000000,8489157,9944144,,2554,,,4.000,4.041,,151111,400000,07/12/2018,08/15/2045,10200000,matched-raw-parser-row,CFKKRGACEDP-0334,8,"coordinate-owned-bond row; reconciles source-page columns but does not prove cash receipt, borrower use, liability spread, waterfall, collateral certificate, or return","use coordinate columns to replace token-only owned-bond reconciliation, then join income/proceeds and liability context"
CFKKRGACEDCOB-0344,Schedule D Part 1 Section 1 issuer-credit obligations owned,225,100.56,195869-AL-6,standard-cusip-like,3645822,3000000,3104293,3404162,,(25497),,,6.375,4.842,,79688,191250,09/30/2013,08/01/2037,3095625,matched-raw-parser-row,CFKKRGACEDP-0335,8,"coordinate-owned-bond row; reconciles source-page columns but does not prove cash receipt, borrower use, liability spread, waterfall, collateral certificate, or return","use coordinate columns to replace token-only owned-bond reconciliation, then join income/proceeds and liability context"
CFKKRGACEDCOB-0345,Schedule D Part 1 Section 1 issuer-credit obligations owned,225,92.52,19828A-AC-1,standard-cusip-like,501954,504000,520779,502155,,,,,5.681,5.738,,14316,,03/25/2025,01/15/2034,518316,matched-raw-parser-row,CFKKRGACEDP-1222,3,"coordinate-owned-bond row; reconciles source-page columns but does not prove cash receipt, borrower use, liability spread, waterfall, collateral certificate, or return","use coordinate columns to replace token-only owned-bond reconciliation, then join income/proceeds and liability context"
CFKKRGACEDCOB-0346,Schedule D Part 1 Section 1 issuer-credit obligations owned,225,84.48,19828T-AG-1,standard-cusip-like,828274,840000,859622,829005,,,,,5.439,5.624,,20179,,03/25/2025,02/15/2035,862844,matched-raw-parser-row,CFKKRGACEDP-1223,3,"coordinate-owned-bond row; reconciles source-page columns but does not prove cash receipt, borrower use, liability spread, waterfall, collateral certificate, or return","use coordinate columns to replace token-only owned-bond reconciliation, then join income/proceeds and liability context"
CFKKRGACEDCOB-0347,Schedule D Part 1 Section 1 issuer-credit obligations owned,225,76.44,20030N-AY-7,standard-cusip-like,631410,500000,554924,591030,,(4733),,,6.550,4.711,,32750,,06/05/2015,07/01/2039,516375,matched-raw-parser-row,CFKKRGACEDP-0338,8,"coordinate-owned-bond row; reconciles source-page columns but does not prove cash receipt, borrower use, liability spread, waterfall, collateral certificate, or return","use coordinate columns to replace token-only owned-bond reconciliation, then join income/proceeds and liability context"
CFKKRGACEDCOB-0348,Schedule D Part 1 Section 1 issuer-credit obligations owned,225,68.40,20030N-BU-4,standard-cusip-like,2478150,2500000,1741408,2482829,,,,,3.400,3.447,,39194,85000,07/12/2016,07/15/2046,2542500,matched-raw-parser-row,CFKKRGACEDP-1661,8,"coordinate-owned-bond row; reconciles source-page columns but does not prove cash receipt, borrower use, liability spread, waterfall, collateral certificate, or return","use coordinate columns to replace token-only owned-bond reconciliation, then join income/proceeds and liability context"
CFKKRGACEDCOB-0349,Schedule D Part 1 Section 1 issuer-credit obligations owned,225,60.36,20030N-CE-9,standard-cusip-like,9557228,8491000,6268920,9444540,,(34216),,,3.999,3.228,,56593,339555,08/09/2022,11/01/2049,17321555,matched-raw-parser-row,CFKKRGACEDP-0340,8,"coordinate-owned-bond row; reconciles source-page columns but does not prove cash receipt, borrower use, liability spread, waterfall, collateral certificate, or return","use coordinate columns to replace token-only owned-bond reconciliation, then join income/proceeds and liability context"
CFKKRGACEDCOB-0350,Schedule D Part 1 Section 1 issuer-credit obligations owned,226,414.12,20030N-CM-1,standard-cusip-like,43654285,35510000,29621775,42886453,,(274004),,,4.700,3.243,,1668970,,08/06/2024,10/15/2048,50018445,matched-raw-parser-row,CFKKRGACEDP-0341,8,"coordinate-owned-bond row; reconciles source-page columns but does not prove cash receipt, borrower use, liability spread, waterfall, collateral certificate, or return","use coordinate columns to replace token-only owned-bond reconciliation, then join income/proceeds and liability context"
CFKKRGACEDCOB-0351,Schedule D Part 1 Section 1 issuer-credit obligations owned,226,406.08,20030N-CY-5,standard-cusip-like,174814,225000,175925,177377,,2269,,,3.250,5.449,,1219,7313,11/12/2024,11/01/2039,228656,matched-raw-parser-row,CFKKRGACEDP-0342,8,"coordinate-owned-bond row; reconciles source-page columns but does not prove cash receipt, borrower use, liability spread, waterfall, collateral certificate, or return","use coordinate columns to replace token-only owned-bond reconciliation, then join income/proceeds and liability context"
CFKKRGACEDCOB-0352,Schedule D Part 1 Section 1 issuer-credit obligations owned,226,398.04,20030N-CZ-2,standard-cusip-like,23938320,24000000,16114621,23949406,,2644,,,3.450,3.463,,345000,828000,11/07/2019,02/01/2050,24414000,matched-raw-parser-row,CFKKRGACEDP-0343,8,"coordinate-owned-bond row; reconciles source-page columns but does not prove cash receipt, borrower use, liability spread, waterfall, collateral certificate, or return","use coordinate columns to replace token-only owned-bond reconciliation, then join income/proceeds and liability context"
CFKKRGACEDCOB-0353,Schedule D Part 1 Section 1 issuer-credit obligations owned,226,390.00,20268J-AD-5,standard-cusip-like,25635000,25635000,19267509,25635000,,,,,3.817,3.817,,244622,978488,08/07/2019,10/01/2049,26124244,matched-raw-parser-row,CFKKRGACEDP-0344,7,"coordinate-owned-bond row; reconciles source-page columns but does not prove cash receipt, borrower use, liability spread, waterfall, collateral certificate, or return","use coordinate columns to replace token-only owned-bond reconciliation, then join income/proceeds and liability context"
CFKKRGACEDCOB-0354,Schedule D Part 1 Section 1 issuer-credit obligations owned,226,381.96,202712-BJ-3,standard-cusip-like,9373314,11640000,9551433,9598348,45412,,,,4.316,5.728,,238632,502382,05/28/2020,01/10/2048,11891191,matched-raw-parser-row,CFKKRGACEDP-0345,8,"coordinate-owned-bond row; reconciles source-page columns but does not prove cash receipt, borrower use, liability spread, waterfall, collateral certificate, or return","use coordinate columns to replace token-only owned-bond reconciliation, then join income/proceeds and liability context"
CFKKRGACEDCOB-0355,Schedule D Part 1 Section 1 issuer-credit obligations owned,226,373.92,202795-JP-6,standard-cusip-like,13892422,11490000,9003813,13609931,,(95276),,,4.000,2.673,,153200,459600,11/14/2023,03/01/2049,14667600,matched-raw-parser-row,CFKKRGACEDP-0346,8,"coordinate-owned-bond row; reconciles source-page columns but does not prove cash receipt, borrower use, liability spread, waterfall, collateral certificate, or return","use coordinate columns to replace token-only owned-bond reconciliation, then join income/proceeds and liability context"
CFKKRGACEDCOB-0356,Schedule D Part 1 Section 1 issuer-credit obligations owned,226,365.88,202795-JS-0,standard-cusip-like,3553017,4000000,2629651,3551843,,,,,3.000,3.369,,40000,120000,08/05/2024,03/01/2050,8120000,matched-raw-parser-row,CFKKRGACEDP-0347,7,"coordinate-owned-bond row; reconciles source-page columns but does not prove cash receipt, borrower use, liability spread, waterfall, collateral certificate, or return","use coordinate columns to replace token-only owned-bond reconciliation, then join income/proceeds and liability context"
CFKKRGACEDCOB-0357,Schedule D Part 1 Section 1 issuer-credit obligations owned,226,357.84,202795-JY-7,standard-cusip-like,20035402,19999000,18943810,20041083,1043,,,,5.300,5.285,,441645,1060000,01/03/2023,02/01/2053,20528974,matched-raw-parser-row,CFKKRGACEDP-1664,1,"coordinate-owned-bond row; reconciles source-page columns but does not prove cash receipt, borrower use, liability spread, waterfall, collateral certificate, or return","use coordinate columns to replace token-only owned-bond reconciliation, then join income/proceeds and liability context"
CFKKRGACEDCOB-0358,Schedule D Part 1 Section 1 issuer-credit obligations owned,226,349.80,205887-CE-0,standard-cusip-like,6308527,4486000,4021625,6081738,,(48537),,,5.400,3.166,,40374,242244,01/08/2021,11/01/2048,,matched-raw-parser-row,CFKKRGACEDP-0349,7,"coordinate-owned-bond row; reconciles source-page columns but does not prove cash receipt, borrower use, liability spread, waterfall, collateral certificate, or return","use coordinate columns to replace token-only owned-bond reconciliation, then join income/proceeds and liability context"
CFKKRGACEDCOB-0359,Schedule D Part 1 Section 1 issuer-credit obligations owned,226,341.76,207597-EP-6,standard-cusip-like,14968350,15000000,14240155,14971134,,,,,5.250,5.263,,363125,787500,01/03/2023,01/15/2053,15393750,matched-raw-parser-row,CFKKRGACEDP-0350,7,"coordinate-owned-bond row; reconciles source-page columns but does not prove cash receipt, borrower use, liability spread, waterfall, collateral certificate, or return","use coordinate columns to replace token-only owned-bond reconciliation, then join income/proceeds and liability context"
CFKKRGACEDCOB-0360,Schedule D Part 1 Section 1 issuer-credit obligations owned,226,333.72,20826F-AR-7,standard-cusip-like,14347000,10000000,10380938,13622402,,(127218),,,5.950,3.410,,175194,595000,10/11/2019,03/15/2046,,matched-raw-parser-row,CFKKRGACEDP-0351,7,"coordinate-owned-bond row; reconciles source-page columns but does not prove cash receipt, borrower use, liability spread, waterfall, collateral certificate, or return","use coordinate columns to replace token-only owned-bond reconciliation, then join income/proceeds and liability context"
CFKKRGACEDCOB-0361,Schedule D Part 1 Section 1 issuer-credit obligations owned,226,325.68,20826F-AV-8,standard-cusip-like,417657,566000,417682,419926,,2269,,,3.800,5.711,,21508,,01/21/2025,03/15/2052,576754,matched-raw-parser-row,CFKKRGACEDP-1944,8,"coordinate-owned-bond row; reconciles source-page columns but does not prove cash receipt, borrower use, liability spread, waterfall, collateral certificate, or return","use coordinate columns to replace token-only owned-bond reconciliation, then join income/proceeds and liability context"
CFKKRGACEDCOB-0362,Schedule D Part 1 Section 1 issuer-credit obligations owned,226,317.64,209111-FL-2,standard-cusip-like,2230785,2350000,1829412,2249552,,2919,,,3.875,4.179,,91063,,08/02/2018,06/15/2047,2395531,matched-raw-parser-row,CFKKRGACEDP-0353,8,"coordinate-owned-bond row; reconciles source-page columns but does not prove cash receipt, borrower use, liability spread, waterfall, collateral certificate, or return","use coordinate columns to replace token-only owned-bond reconciliation, then join income/proceeds and liability context"
CFKKRGACEDCOB-0363,Schedule D Part 1 Section 1 issuer-credit obligations owned,226,309.60,209111-FQ-1,standard-cusip-like,12041800,10000000,8211373,11862327,,(31280),,,4.500,3.523,,57500,450000,09/06/2019,05/15/2058,,matched-raw-parser-row,CFKKRGACEDP-0354,7,"coordinate-owned-bond row; reconciles source-page columns but does not prove cash receipt, borrower use, liability spread, waterfall, collateral certificate, or return","use coordinate columns to replace token-only owned-bond reconciliation, then join income/proceeds and liability context"
CFKKRGACEDCOB-0364,Schedule D Part 1 Section 1 issuer-credit obligations owned,226,301.56,209111-FT-5,standard-cusip-like,43478650,34041000,29579972,42253176,,(248703),,,4.650,3.141,,1582907,,01/08/2021,12/01/2048,,matched-raw-parser-row,CFKKRGACEDP-0355,7,"coordinate-owned-bond row; reconciles source-page columns but does not prove cash receipt, borrower use, liability spread, waterfall, collateral certificate, or return","use coordinate columns to replace token-only owned-bond reconciliation, then join income/proceeds and liability context"
CFKKRGACEDCOB-0365,Schedule D Part 1 Section 1 issuer-credit obligations owned,226,293.52,209111-FV-0,standard-cusip-like,8550774,9000000,7173535,8582156,9286,,,,4.125,4.438,,47438,371250,06/23/2022,05/15/2049,9185625,matched-raw-parser-row,CFKKRGACEDP-0356,8,"coordinate-owned-bond row; reconciles source-page columns but does not prove cash receipt, borrower use, liability spread, waterfall, collateral certificate, or return","use coordinate columns to replace token-only owned-bond reconciliation, then join income/proceeds and liability context"
CFKKRGACEDCOB-0366,Schedule D Part 1 Section 1 issuer-credit obligations owned,226,285.48,209111-FW-8,standard-cusip-like,19900600,20000000,14030461,19909598,2116,,,,3.700,3.724,,94556,740000,11/05/2019,11/15/2059,20370000,matched-raw-parser-row,CFKKRGACEDP-0357,8,"coordinate-owned-bond row; reconciles source-page columns but does not prove cash receipt, borrower use, liability spread, waterfall, collateral certificate, or return","use coordinate columns to replace token-only owned-bond reconciliation, then join income/proceeds and liability context"
CFKKRGACEDCOB-0367,Schedule D Part 1 Section 1 issuer-credit obligations owned,226,277.44,209111-FY-4,standard-cusip-like,25514251,20000000,15620177,24816370,,(145319),,,3.950,2.586,,197500,790000,12/07/2020,04/01/2050,,matched-raw-parser-row,CFKKRGACEDP-0358,7,"coordinate-owned-bond row; reconciles source-page columns but does not prove cash receipt, borrower use, liability spread, waterfall, collateral certificate, or return","use coordinate columns to replace token-only owned-bond reconciliation, then join income/proceeds and liability context"
CFKKRGACEDCOB-0368,Schedule D Part 1 Section 1 issuer-credit obligations owned,226,269.40,21036P-AT-5,standard-cusip-like,9208207,9325000,7805359,9227056,2726,,,,4.500,4.578,,60613,419625,03/23/2018,05/09/2047,9534813,matched-raw-parser-row,CFKKRGACEDP-0359,8,"coordinate-owned-bond row; reconciles source-page columns but does not prove cash receipt, borrower use, liability spread, waterfall, collateral certificate, or return","use coordinate columns to replace token-only owned-bond reconciliation, then join income/proceeds and liability context"
CFKKRGACEDCOB-0369,Schedule D Part 1 Section 1 issuer-credit obligations owned,226,261.36,21036P-BG-2,standard-cusip-like,3133770,3000000,2187948,3119693,,(3173),,,3.750,3.502,,18750,112500,03/30/2021,05/01/2050,,matched-raw-parser-row,CFKKRGACEDP-0360,7,"coordinate-owned-bond row; reconciles source-page columns but does not prove cash receipt, borrower use, liability spread, waterfall, collateral certificate, or return","use coordinate columns to replace token-only owned-bond reconciliation, then join income/proceeds and liability context"
CFKKRGACEDCOB-0370,Schedule D Part 1 Section 1 issuer-credit obligations owned,226,253.32,21036P-BP-2,standard-cusip-like,5695247,5669000,5699229,5695167,,,,,4.900,4.822,,46297,,12/16/2025,05/01/2033,,matched-raw-parser-row,CFKKRGACEDP-1225,3,"coordinate-owned-bond row; reconciles source-page columns but does not prove cash receipt, borrower use, liability spread, waterfall, collateral certificate, or return","use coordinate columns to replace token-only owned-bond reconciliation, then join income/proceeds and liability context"
CFKKRGACEDCOB-0371,Schedule D Part 1 Section 1 issuer-credit obligations owned,226,245.28,21871X-AR-0,standard-cusip-like,53300,50000,53086,53267,,,,,6.050,4.989,,,,11/25/2025,09/15/2033,,matched-raw-parser-row,CFKKRGACEDP-1226,2,"coordinate-owned-bond row; reconciles source-page columns but does not prove cash receipt, borrower use, liability spread, waterfall, collateral certificate, or return","use coordinate columns to replace token-only owned-bond reconciliation, then join income/proceeds and liability context"
CFKKRGACEDCOB-0372,Schedule D Part 1 Section 1 issuer-credit obligations owned,226,237.24,219350-BK-0,standard-cusip-like,5826019,4740000,4596873,5720705,,(27038),,,5.350,3.942,,32403,253590,08/06/2024,11/15/2048,4599840,matched-raw-parser-row,CFKKRGACEDP-0363,8,"coordinate-owned-bond row; reconciles source-page columns but does not prove cash receipt, borrower use, liability spread, waterfall, collateral certificate, or return","use coordinate columns to replace token-only owned-bond reconciliation, then join income/proceeds and liability context"
CFKKRGACEDCOB-0373,Schedule D Part 1 Section 1 issuer-credit obligations owned,226,229.20,219350-BP-9,standard-cusip-like,14630226,14500000,11173704,14615268,,(2996),,,3.900,3.848,,72258,565500,01/13/2020,11/15/2049,,matched-raw-parser-row,CFKKRGACEDP-0364,7,"coordinate-owned-bond row; reconciles source-page columns but does not prove cash receipt, borrower use, liability spread, waterfall, collateral certificate, or return","use coordinate columns to replace token-only owned-bond reconciliation, then join income/proceeds and liability context"
CFKKRGACEDCOB-0374,Schedule D Part 1 Section 1 issuer-credit obligations owned,226,221.16,219350-BQ-7,standard-cusip-like,21806289,21560000,19721385,21802378,,,,,5.450,5.386,,1175020,,06/23/2022,11/15/2079,22147510,matched-raw-parser-row,CFKKRGACEDP-0365,7,"coordinate-owned-bond row; reconciles source-page columns but does not prove cash receipt, borrower use, liability spread, waterfall, collateral certificate, or return","use coordinate columns to replace token-only owned-bond reconciliation, then join income/proceeds and liability context"
CFKKRGACEDCOB-0375,Schedule D Part 1 Section 1 issuer-credit obligations owned,226,213.12,22160K-AQ-8,standard-cusip-like,43545,50000,43397,43629,,,,,1.750,4.063,,,,11/25/2025,04/20/2032,50438,matched-raw-parser-row,CFKKRGACEDP-1227,2,"coordinate-owned-bond row; reconciles source-page columns but does not prove cash receipt, borrower use, liability spread, waterfall, collateral certificate, or return","use coordinate columns to replace token-only owned-bond reconciliation, then join income/proceeds and liability context"
CFKKRGACEDCOB-0376,Schedule D Part 1 Section 1 issuer-credit obligations owned,226,205.08,222793-AB-7,standard-cusip-like,51387,50000,51544,51371,,,,,5.375,4.840,,1015,,11/25/2025,02/15/2032,,matched-raw-parser-row,CFKKRGACEDP-1228,2,"coordinate-owned-bond row; reconciles source-page columns but does not prove cash receipt, borrower use, liability spread, waterfall, collateral certificate, or return","use coordinate columns to replace token-only owned-bond reconciliation, then join income/proceeds and liability context"
CFKKRGACEDCOB-0377,Schedule D Part 1 Section 1 issuer-credit obligations owned,226,197.04,224044-BY-2,standard-cusip-like,1034820,1000000,798487,1025951,,(1005),,,4.700,4.480,,2089,47000,01/07/2015,12/15/2042,1023500,matched-raw-parser-row,CFKKRGACEDP-0368,8,"coordinate-owned-bond row; reconciles source-page columns but does not prove cash receipt, borrower use, liability spread, waterfall, collateral certificate, or return","use coordinate columns to replace token-only owned-bond reconciliation, then join income/proceeds and liability context"
CFKKRGACEDCOB-0378,Schedule D Part 1 Section 1 issuer-credit obligations owned,226,189.00,225313-AN-5,standard-cusip-like,1990900,2000000,1411432,1992730,,,,,2.811,2.841,,56220,,01/11/2021,01/11/2041,2028110,matched-raw-parser-row,CFKKRGACEDP-0369,7,"coordinate-owned-bond row; reconciles source-page columns but does not prove cash receipt, borrower use, liability spread, waterfall, collateral certificate, or return","use coordinate columns to replace token-only owned-bond reconciliation, then join income/proceeds and liability context"
CFKKRGACEDCOB-0379,Schedule D Part 1 Section 1 issuer-credit obligations owned,226,180.96,225313-AQ-8,standard-cusip-like,106163,101000,107267,105988,,,,,6.251,5.482,,2999,,08/13/2025,01/10/2035,,matched-raw-parser-row,CFKKRGACEDP-1229,2,"coordinate-owned-bond row; reconciles source-page columns but does not prove cash receipt, borrower use, liability spread, waterfall, collateral certificate, or return","use coordinate columns to replace token-only owned-bond reconciliation, then join income/proceeds and liability context"
CFKKRGACEDCOB-0380,Schedule D Part 1 Section 1 issuer-credit obligations owned,226,172.92,22535W-AN-7,standard-cusip-like,729485,696000,734574,728492,,,,,5.862,5.207,,19493,,08/13/2025,01/09/2036,,matched-raw-parser-row,CFKKRGACEDP-1230,3,"coordinate-owned-bond row; reconciles source-page columns but does not prove cash receipt, borrower use, liability spread, waterfall, collateral certificate, or return","use coordinate columns to replace token-only owned-bond reconciliation, then join income/proceeds and liability context"
CFKKRGACEDCOB-0381,Schedule D Part 1 Section 1 issuer-credit obligations owned,226,164.88,22822V-AM-3,standard-cusip-like,1350440,1000000,906108,1305922,,(9011),,,5.200,3.275,,52000,,09/10/2020,02/15/2049,,matched-raw-parser-row,CFKKRGACEDP-0372,7,"coordinate-owned-bond row; reconciles source-page columns but does not prove cash receipt, borrower use, liability spread, waterfall, collateral certificate, or return","use coordinate columns to replace token-only owned-bond reconciliation, then join income/proceeds and liability context"
CFKKRGACEDCOB-0382,Schedule D Part 1 Section 1 issuer-credit obligations owned,226,156.84,22822V-AP-6,standard-cusip-like,6070621,6000000,4511076,6050431,,(14953),,,4.000,3.724,,30667,240000,08/08/2024,11/15/2049,12240000,matched-raw-parser-row,CFKKRGACEDP-0373,8,"coordinate-owned-bond row; reconciles source-page columns but does not prove cash receipt, borrower use, liability spread, waterfall, collateral certificate, or return","use coordinate columns to replace token-only owned-bond reconciliation, then join income/proceeds and liability context"
CFKKRGACEDCOB-0383,Schedule D Part 1 Section 1 issuer-credit obligations owned,226,148.80,22822V-AQ-4,standard-cusip-like,49323344,41019000,31941788,48357679,,(205138),,,4.150,3.086,,1702289,,01/08/2021,07/01/2050,,matched-raw-parser-row,CFKKRGACEDP-0374,7,"coordinate-owned-bond row; reconciles source-page columns but does not prove cash receipt, borrower use, liability spread, waterfall, collateral certificate, or return","use coordinate columns to replace token-only owned-bond reconciliation, then join income/proceeds and liability context"
CFKKRGACEDCOB-0384,Schedule D Part 1 Section 1 issuer-credit obligations owned,226,140.76,22822V-BG-5,standard-cusip-like,279013,281000,283996,279116,,,,,5.200,5.297,,4871,7306,07/02/2025,09/01/2034,288306,matched-raw-parser-row,CFKKRGACEDP-1231,3,"coordinate-owned-bond row; reconciles source-page columns but does not prove cash receipt, borrower use, liability spread, waterfall, collateral certificate, or return","use coordinate columns to replace token-only owned-bond reconciliation, then join income/proceeds and liability context"
CFKKRGACEDCOB-0385,Schedule D Part 1 Section 1 issuer-credit obligations owned,226,132.72,22966R-AK-2,standard-cusip-like,50200,50000,50202,50201,,,,,5.125,5.069,,,,11/25/2025,11/01/2035,,matched-raw-parser-row,CFKKRGACEDP-1232,2,"coordinate-owned-bond row; reconciles source-page columns but does not prove cash receipt, borrower use, liability spread, waterfall, collateral certificate, or return","use coordinate columns to replace token-only owned-bond reconciliation, then join income/proceeds and liability context"
CFKKRGACEDCOB-0386,Schedule D Part 1 Section 1 issuer-credit obligations owned,226,124.68,231021-AW-6,standard-cusip-like,52087,50000,51858,52068,,,,,5.150,4.521,,,,11/25/2025,02/20/2034,,matched-raw-parser-row,CFKKRGACEDP-1233,2,"coordinate-owned-bond row; reconciles source-page columns but does not prove cash receipt, borrower use, liability spread, waterfall, collateral certificate, or return","use coordinate columns to replace token-only owned-bond reconciliation, then join income/proceeds and liability context"
CFKKRGACEDCOB-0387,Schedule D Part 1 Section 1 issuer-credit obligations owned,226,116.64,23204H-BM-9,standard-cusip-like,6000000,6000000,6019241,6000000,,,,,7.393,6.126,,3647,482731,06/25/2014,06/26/2029,6091875,matched-raw-parser-row,CFKKRGACEDP-0378,7,"coordinate-owned-bond row; reconciles source-page columns but does not prove cash receipt, borrower use, liability spread, waterfall, collateral certificate, or return","use coordinate columns to replace token-only owned-bond reconciliation, then join income/proceeds and liability context"
CFKKRGACEDCOB-0388,Schedule D Part 1 Section 1 issuer-credit obligations owned,226,108.60,23291K-AK-1,standard-cusip-like,9828102,9825000,7110135,9828269,,,,,3.400,3.398,,42684,334050,10/30/2019,11/15/2049,9992025,matched-raw-parser-row,CFKKRGACEDP-0379,7,"coordinate-owned-bond row; reconciles source-page columns but does not prove cash receipt, borrower use, liability spread, waterfall, collateral certificate, or return","use coordinate columns to replace token-only owned-bond reconciliation, then join income/proceeds and liability context"
CFKKRGACEDCOB-0389,Schedule D Part 1 Section 1 issuer-credit obligations owned,226,100.56,23311V-AJ-6,standard-cusip-like,510785,500000,509778,510103,,,,,5.625,4.003,,12969,,11/25/2025,07/15/2027,,matched-raw-parser-row,CFKKRGACEDP-1946,8,"coordinate-owned-bond row; reconciles source-page columns but does not prove cash receipt, borrower use, liability spread, waterfall, collateral certificate, or return","use coordinate columns to replace token-only owned-bond reconciliation, then join income/proceeds and liability context"
CFKKRGACEDCOB-0390,Schedule D Part 1 Section 1 issuer-credit obligations owned,226,92.52,233853-AU-4,standard-cusip-like,186768,187000,192274,186803,,,,,5.500,5.517,,10285,,01/21/2025,09/20/2033,192143,matched-raw-parser-row,CFKKRGACEDP-1235,3,"coordinate-owned-bond row; reconciles source-page columns but does not prove cash receipt, borrower use, liability spread, waterfall, collateral certificate, or return","use coordinate columns to replace token-only owned-bond reconciliation, then join income/proceeds and liability context"
CFKKRGACEDCOB-0391,Schedule D Part 1 Section 1 issuer-credit obligations owned,226,84.48,235851-AV-4,standard-cusip-like,18804300,19000000,11655150,18829232,,4912,,,2.600,2.650,,123500,494000,09/29/2020,10/01/2050,19247000,matched-raw-parser-row,CFKKRGACEDP-0382,8,"coordinate-owned-bond row; reconciles source-page columns but does not prove cash receipt, borrower use, liability spread, waterfall, collateral certificate, or return","use coordinate columns to replace token-only owned-bond reconciliation, then join income/proceeds and liability context"
CFKKRGACEDCOB-0392,Schedule D Part 1 Section 1 issuer-credit obligations owned,226,76.44,240019-BV-0,standard-cusip-like,16833340,19588000,14614857,16991753,,55164,,,3.950,4.885,,54434,773726,08/07/2023,06/15/2049,19974863,matched-raw-parser-row,CFKKRGACEDP-0383,8,"coordinate-owned-bond row; reconciles source-page columns but does not prove cash receipt, borrower use, liability spread, waterfall, collateral certificate, or return","use coordinate columns to replace token-only owned-bond reconciliation, then join income/proceeds and liability context"
CFKKRGACEDCOB-0393,Schedule D Part 1 Section 1 issuer-credit obligations owned,226,68.40,24422E-VS-5,standard-cusip-like,6733,8000,7161,6895,,,,,2.000,4.915,,,,01/21/2025,06/17/2031,8080,matched-raw-parser-row,CFKKRGACEDP-1236,2,"coordinate-owned-bond row; reconciles source-page columns but does not prove cash receipt, borrower use, liability spread, waterfall, collateral certificate, or return","use coordinate columns to replace token-only owned-bond reconciliation, then join income/proceeds and liability context"
CFKKRGACEDCOB-0394,Schedule D Part 1 Section 1 issuer-credit obligations owned,226,60.36,24668P-AE-7,standard-cusip-like,52705,50000,51956,52695,,,,,5.700,5.172,,,,11/25/2025,10/01/2040,51425,matched-raw-parser-row,CFKKRGACEDP-1237,2,"coordinate-owned-bond row; reconciles source-page columns but does not prove cash receipt, borrower use, liability spread, waterfall, collateral certificate, or return","use coordinate columns to replace token-only owned-bond reconciliation, then join income/proceeds and liability context"
CFKKRGACEDCOB-0395,Schedule D Part 1 Section 1 issuer-credit obligations owned,227,414.12,247109-BT-7,standard-cusip-like,2679443,2415000,2044355,2618324,,(7471),,,4.150,3.535,,12806,100223,07/06/2016,05/15/2045,,matched-raw-parser-row,CFKKRGACEDP-0386,7,"coordinate-owned-bond row; reconciles source-page columns but does not prove cash receipt, borrower use, liability spread, waterfall, collateral certificate, or return","use coordinate columns to replace token-only owned-bond reconciliation, then join income/proceeds and liability context"
CFKKRGACEDCOB-0396,Schedule D Part 1 Section 1 issuer-credit obligations owned,227,406.08,247361-A3-2,standard-cusip-like,51419,50000,51403,51396,,,,,5.250,4.549,,1466,,11/25/2025,07/10/2030,,matched-raw-parser-row,CFKKRGACEDP-1238,3,"coordinate-owned-bond row; reconciles source-page columns but does not prove cash receipt, borrower use, liability spread, waterfall, collateral certificate, or return","use coordinate columns to replace token-only owned-bond reconciliation, then join income/proceeds and liability context"
CFKKRGACEDCOB-0397,Schedule D Part 1 Section 1 issuer-credit obligations owned,227,398.04,24906P-AA-7,standard-cusip-like,46105,50000,46217,46177,,,,,3.250,5.211,,,,11/25/2025,06/01/2030,50813,matched-raw-parser-row,CFKKRGACEDP-1239,2,"coordinate-owned-bond row; reconciles source-page columns but does not prove cash receipt, borrower use, liability spread, waterfall, collateral certificate, or return","use coordinate columns to replace token-only owned-bond reconciliation, then join income/proceeds and liability context"
CFKKRGACEDCOB-0398,Schedule D Part 1 Section 1 issuer-credit obligations owned,227,390.00,251566-AA-3,standard-cusip-like,1557115,1680000,1214678,1556488,,,,,3.625,3.890,,27067,60900,08/06/2024,01/21/2050,3420900,matched-raw-parser-row,CFKKRGACEDP-0389,7,"coordinate-owned-bond row; reconciles source-page columns but does not prove cash receipt, borrower use, liability spread, waterfall, collateral certificate, or return","use coordinate columns to replace token-only owned-bond reconciliation, then join income/proceeds and liability context"
CFKKRGACEDCOB-0399,Schedule D Part 1 Section 1 issuer-credit obligations owned,227,381.96,25156P-AR-4,standard-cusip-like,3823635,3500000,3231491,3744693,(9953),,,,4.875,4.270,,54505,170625,01/13/2017,03/06/2042,3585313,matched-raw-parser-row,CFKKRGACEDP-0390,8,"coordinate-owned-bond row; reconciles source-page columns but does not prove cash receipt, borrower use, liability spread, waterfall, collateral certificate, or return","use coordinate columns to replace token-only owned-bond reconciliation, then join income/proceeds and liability context"
CFKKRGACEDCOB-0400,Schedule D Part 1 Section 1 issuer-credit obligations owned,227,373.92,25179S-AD-2,standard-cusip-like,1165860,1000000,1157134,1163528,(2332),,,,7.875,4.601,,19906,,11/25/2025,09/30/2031,1039375,matched-raw-parser-row,CFKKRGACEDP-1240,3,"coordinate-owned-bond row; reconciles source-page columns but does not prove cash receipt, borrower use, liability spread, waterfall, collateral certificate, or return","use coordinate columns to replace token-only owned-bond reconciliation, then join income/proceeds and liability context"
CFKKRGACEDCOB-0401,Schedule D Part 1 Section 1 issuer-credit obligations owned,227,365.88,254687-ET-9,standard-cusip-like,213776,153000,153306,203247,,(2117),,,5.400,3.000,,2066,8262,09/10/2020,10/01/2043,157131,matched-raw-parser-row,CFKKRGACEDP-0392,8,"coordinate-owned-bond row; reconciles source-page columns but does not prove cash receipt, borrower use, liability spread, waterfall, collateral certificate, or return","use coordinate columns to replace token-only owned-bond reconciliation, then join income/proceeds and liability context"
CFKKRGACEDCOB-0402,Schedule D Part 1 Section 1 issuer-credit obligations owned,227,357.84,254687-EX-0,standard-cusip-like,7072725,6700000,6306679,7018092,,(10205),,,4.950,4.575,,70015,331650,11/26/2019,10/15/2045,,matched-raw-parser-row,CFKKRGACEDP-0393,7,"coordinate-owned-bond row; reconciles source-page columns but does not prove cash receipt, borrower use, liability spread, waterfall, collateral certificate, or return","use coordinate columns to replace token-only owned-bond reconciliation, then join income/proceeds and liability context"
CFKKRGACEDCOB-0403,Schedule D Part 1 Section 1 issuer-credit obligations owned,227,349.80,254687-FB-7,standard-cusip-like,3412693,3175000,2876211,3378952,,(6180),,,4.750,4.275,,19270,150813,11/26/2019,11/15/2046,,matched-raw-parser-row,CFKKRGACEDP-0394,7,"coordinate-owned-bond row; reconciles source-page columns but does not prove cash receipt, borrower use, liability spread, waterfall, collateral certificate, or return","use coordinate columns to replace token-only owned-bond reconciliation, then join income/proceeds and liability context"
CFKKRGACEDCOB-0404,Schedule D Part 1 Section 1 issuer-credit obligations owned,227,341.76,254687-FZ-4,standard-cusip-like,,,,,,10374,,,3.600,5.192,,,41011,03/07/2023,01/13/2051,,matched-raw-parser-row,CFKKRGACEDP-1676,10,"coordinate-owned-bond row; reconciles source-page columns but does not prove cash receipt, borrower use, liability spread, waterfall, collateral certificate, or return","use coordinate columns to replace token-only owned-bond reconciliation, then join income/proceeds and liability context"
CFKKRGACEDCOB-0405,Schedule D Part 1 Section 1 issuer-credit obligations owned,227,333.72,254687-GA-8,standard-cusip-like,4582200,4000000,2939466,4537469,,(8623),,,3.800,3.152,,20267,152000,06/25/2020,05/13/2060,,matched-raw-parser-row,CFKKRGACEDP-0396,7,"coordinate-owned-bond row; reconciles source-page columns but does not prove cash receipt, borrower use, liability spread, waterfall, collateral certificate, or return","use coordinate columns to replace token-only owned-bond reconciliation, then join income/proceeds and liability context"
CFKKRGACEDCOB-0406,Schedule D Part 1 Section 1 issuer-credit obligations owned,227,325.68,254709-AT-5,standard-cusip-like,144596,124000,146241,143691,,,,,7.964,5.449,,1618,4938,07/02/2025,11/02/2034,,matched-raw-parser-row,CFKKRGACEDP-1241,3,"coordinate-owned-bond row; reconciles source-page columns but does not prove cash receipt, borrower use, liability spread, waterfall, collateral certificate, or return","use coordinate columns to replace token-only owned-bond reconciliation, then join income/proceeds and liability context"
CFKKRGACEDCOB-0407,Schedule D Part 1 Section 1 issuer-credit obligations owned,227,317.64,25601B-2E-4,standard-cusip-like,50057,50000,49822,50056,,,,,4.384,4.357,,,,11/25/2025,11/04/2031,,matched-raw-parser-row,CFKKRGACEDP-1242,2,"coordinate-owned-bond row; reconciles source-page columns but does not prove cash receipt, borrower use, liability spread, waterfall, collateral certificate, or return","use coordinate columns to replace token-only owned-bond reconciliation, then join income/proceeds and liability context"
CFKKRGACEDCOB-0408,Schedule D Part 1 Section 1 issuer-credit obligations owned,227,309.60,256677-AH-8,standard-cusip-like,3961610,3329000,2628125,3895318,,(15923),,,4.125,3.107,,33567,137321,08/09/2021,04/03/2050,,matched-raw-parser-row,CFKKRGACEDP-0399,7,"coordinate-owned-bond row; reconciles source-page columns but does not prove cash receipt, borrower use, liability spread, waterfall, collateral certificate, or return","use coordinate columns to replace token-only owned-bond reconciliation, then join income/proceeds and liability context"
CFKKRGACEDCOB-0409,Schedule D Part 1 Section 1 issuer-credit obligations owned,227,301.56,260543-CE-1,standard-cusip-like,5522400,5000000,4536540,5403189,,(17850),,,5.250,4.516,,33542,262500,03/22/2018,11/15/2041,,matched-raw-parser-row,CFKKRGACEDP-0400,7,"coordinate-owned-bond row; reconciles source-page columns but does not prove cash receipt, borrower use, liability spread, waterfall, collateral certificate, or return","use coordinate columns to replace token-only owned-bond reconciliation, then join income/proceeds and liability context"
CFKKRGACEDCOB-0410,Schedule D Part 1 Section 1 issuer-credit obligations owned,227,293.52,260543-CR-2,standard-cusip-like,17744939,13950000,12296187,17311489,,(98960),,,5.550,3.887,,66669,758352,12/12/2025,11/30/2048,14337113,matched-raw-parser-row,CFKKRGACEDP-1679,8,"coordinate-owned-bond row; reconciles source-page columns but does not prove cash receipt, borrower use, liability spread, waterfall, collateral certificate, or return","use coordinate columns to replace token-only owned-bond reconciliation, then join income/proceeds and liability context"
CFKKRGACEDCOB-0411,Schedule D Part 1 Section 1 issuer-credit obligations owned,227,285.48,260543-CV-3,standard-cusip-like,5603020,5350000,4217745,5565435,,(5702),,,4.800,4.505,,32813,256800,01/27/2023,05/15/2049,1280000,matched-raw-parser-row,CFKKRGACEDP-0402,8,"coordinate-owned-bond row; reconciles source-page columns but does not prove cash receipt, borrower use, liability spread, waterfall, collateral certificate, or return","use coordinate columns to replace token-only owned-bond reconciliation, then join income/proceeds and liability context"
CFKKRGACEDCOB-0412,Schedule D Part 1 Section 1 issuer-credit obligations owned,227,277.44,260543-DD-2,standard-cusip-like,17118140,15000000,9694023,16870320,,(52307),,,3.600,2.884,,69000,540000,12/09/2020,11/15/2050,,matched-raw-parser-row,CFKKRGACEDP-0403,7,"coordinate-owned-bond row; reconciles source-page columns but does not prove cash receipt, borrower use, liability spread, waterfall, collateral certificate, or return","use coordinate columns to replace token-only owned-bond reconciliation, then join income/proceeds and liability context"
CFKKRGACEDCOB-0413,Schedule D Part 1 Section 1 issuer-credit obligations owned,227,269.40,260543-DH-3,standard-cusip-like,3894638,3450000,3541305,3888574,,(5674),,,6.900,5.945,,30418,238050,12/16/2025,05/15/2053,,matched-raw-parser-row,CFKKRGACEDP-1680,8,"coordinate-owned-bond row; reconciles source-page columns but does not prove cash receipt, borrower use, liability spread, waterfall, collateral certificate, or return","use coordinate columns to replace token-only owned-bond reconciliation, then join income/proceeds and liability context"
CFKKRGACEDCOB-0414,Schedule D Part 1 Section 1 issuer-credit obligations owned,227,261.36,26078J-AF-7,standard-cusip-like,11126579,8846000,8419782,10857368,,(66368),,,5.419,3.864,,1591269,,08/09/2021,11/15/2048,,matched-raw-parser-row,CFKKRGACEDP-1681,10,"coordinate-owned-bond row; reconciles source-page columns but does not prove cash receipt, borrower use, liability spread, waterfall, collateral certificate, or return","use coordinate columns to replace token-only owned-bond reconciliation, then join income/proceeds and liability context"
CFKKRGACEDCOB-0415,Schedule D Part 1 Section 1 issuer-credit obligations owned,227,253.32,26138E-AT-6,standard-cusip-like,92927,100000,83468,93966,,,,,4.500,4.982,,,4500,05/01/2019,11/15/2045,102250,matched-raw-parser-row,CFKKRGACEDP-1682,10,"coordinate-owned-bond row; reconciles source-page columns but does not prove cash receipt, borrower use, liability spread, waterfall, collateral certificate, or return","use coordinate columns to replace token-only owned-bond reconciliation, then join income/proceeds and liability context"
CFKKRGACEDCOB-0416,Schedule D Part 1 Section 1 issuer-credit obligations owned,227,245.28,26138E-AY-5,standard-cusip-like,7144066,7150000,5862516,7145258,,,,,4.420,4.425,,14046,316030,12/05/2016,12/15/2046,7308015,matched-raw-parser-row,CFKKRGACEDP-0407,7,"coordinate-owned-bond row; reconciles source-page columns but does not prove cash receipt, borrower use, liability spread, waterfall, collateral certificate, or return","use coordinate columns to replace token-only owned-bond reconciliation, then join income/proceeds and liability context"
CFKKRGACEDCOB-0417,Schedule D Part 1 Section 1 issuer-credit obligations owned,227,237.24,26156F-AA-1,standard-cusip-like,55437,50000,55042,55312,,,,,8.151,4.814,,,2038,11/25/2025,06/30/2031,,matched-raw-parser-row,CFKKRGACEDP-1245,3,"coordinate-owned-bond row; reconciles source-page columns but does not prove cash receipt, borrower use, liability spread, waterfall, collateral certificate, or return","use coordinate columns to replace token-only owned-bond reconciliation, then join income/proceeds and liability context"
CFKKRGACEDCOB-0418,Schedule D Part 1 Section 1 issuer-credit obligations owned,227,229.20,26186R-AA-9,standard-cusip-like,14151714,16020000,11280672,14312373,,48680,,,3.215,3.943,,85841,515043,06/23/2022,05/01/2050,10780556,matched-raw-parser-row,CFKKRGACEDP-0409,8,"coordinate-owned-bond row; reconciles source-page columns but does not prove cash receipt, borrower use, liability spread, waterfall, collateral certificate, or return","use coordinate columns to replace token-only owned-bond reconciliation, then join income/proceeds and liability context"
CFKKRGACEDCOB-0419,Schedule D Part 1 Section 1 issuer-credit obligations owned,227,221.16,26441C-AP-0,standard-cusip-like,1012745,860000,763517,979558,,(4098),,,4.800,3.784,,41280,,07/14/2016,12/15/2045,,matched-raw-parser-row,CFKKRGACEDP-0410,7,"coordinate-owned-bond row; reconciles source-page columns but does not prove cash receipt, borrower use, liability spread, waterfall, collateral certificate, or return","use coordinate columns to replace token-only owned-bond reconciliation, then join income/proceeds and liability context"
CFKKRGACEDCOB-0420,Schedule D Part 1 Section 1 issuer-credit obligations owned,227,213.12,26441C-AT-2,standard-cusip-like,4771772,4950000,3767968,4792229,4198,,,,3.750,3.964,,61875,185625,11/09/2023,09/01/2046,5042813,matched-raw-parser-row,CFKKRGACEDP-0411,8,"coordinate-owned-bond row; reconciles source-page columns but does not prove cash receipt, borrower use, liability spread, waterfall, collateral certificate, or return","use coordinate columns to replace token-only owned-bond reconciliation, then join income/proceeds and liability context"
CFKKRGACEDCOB-0421,Schedule D Part 1 Section 1 issuer-credit obligations owned,227,205.08,26442C-AZ-7,standard-cusip-like,4867200,5000000,3429622,4886033,3366,,,,3.200,3.340,,60444,160000,09/17/2019,08/15/2049,5080000,matched-raw-parser-row,CFKKRGACEDP-0412,8,"coordinate-owned-bond row; reconciles source-page columns but does not prove cash receipt, borrower use, liability spread, waterfall, collateral certificate, or return","use coordinate columns to replace token-only owned-bond reconciliation, then join income/proceeds and liability context"
CFKKRGACEDCOB-0422,Schedule D Part 1 Section 1 issuer-credit obligations owned,227,197.04,26442C-BK-9,standard-cusip-like,49910000,50000000,48165297,49918733,1317,,,,5.350,5.361,,2675000,,01/03/2023,01/15/2053,51337500,matched-raw-parser-row,CFKKRGACEDP-0413,8,"coordinate-owned-bond row; reconciles source-page columns but does not prove cash receipt, borrower use, liability spread, waterfall, collateral certificate, or return","use coordinate columns to replace token-only owned-bond reconciliation, then join income/proceeds and liability context"
CFKKRGACEDCOB-0423,Schedule D Part 1 Section 1 issuer-credit obligations owned,227,189.00,26442U-AK-0,standard-cusip-like,5897741,6000000,3513399,5785798,,(50674),,,2.500,1.747,,56667,150000,10/26/2023,08/15/2050,12150000,matched-raw-parser-row,CFKKRGACEDP-0414,8,"coordinate-owned-bond row; reconciles source-page columns but does not prove cash receipt, borrower use, liability spread, waterfall, collateral certificate, or return","use coordinate columns to replace token-only owned-bond reconciliation, then join income/proceeds and liability context"
CFKKRGACEDCOB-0424,Schedule D Part 1 Section 1 issuer-credit obligations owned,227,180.96,26442U-AP-9,standard-cusip-like,9339781,11436000,8915703,9443986,,35658,,,4.000,5.227,,114360,457440,11/22/2022,04/01/2052,11664720,matched-raw-parser-row,CFKKRGACEDP-0415,8,"coordinate-owned-bond row; reconciles source-page columns but does not prove cash receipt, borrower use, liability spread, waterfall, collateral certificate, or return","use coordinate columns to replace token-only owned-bond reconciliation, then join income/proceeds and liability context"
CFKKRGACEDCOB-0425,Schedule D Part 1 Section 1 issuer-credit obligations owned,227,172.92,26442U-AV-6,standard-cusip-like,4991900,5000000,4954159,4992540,,,,,5.550,5.560,,81708,145688,03/03/2025,03/15/2055,5138750,matched-raw-parser-row,CFKKRGACEDP-1246,2,"coordinate-owned-bond row; reconciles source-page columns but does not prove cash receipt, borrower use, liability spread, waterfall, collateral certificate, or return","use coordinate columns to replace token-only owned-bond reconciliation, then join income/proceeds and liability context"
CFKKRGACEDCOB-0426,Schedule D Part 1 Section 1 issuer-credit obligations owned,227,164.88,26443T-AB-2,standard-cusip-like,9618048,11453000,7847889,9659379,,20714,,,3.250,4.087,,93056,372223,12/12/2023,10/01/2049,23278223,matched-raw-parser-row,CFKKRGACEDP-0417,8,"coordinate-owned-bond row; reconciles source-page columns but does not prove cash receipt, borrower use, liability spread, waterfall, collateral certificate, or return","use coordinate columns to replace token-only owned-bond reconciliation, then join income/proceeds and liability context"
CFKKRGACEDCOB-0427,Schedule D Part 1 Section 1 issuer-credit obligations owned,227,156.84,26444H-AF-8,standard-cusip-like,18397049,15712000,12839072,18128518,,(81941),,,4.200,3.179,,304289,659904,08/09/2022,07/15/2048,32083904,matched-raw-parser-row,CFKKRGACEDP-0418,8,"coordinate-owned-bond row; reconciles source-page columns but does not prove cash receipt, borrower use, liability spread, waterfall, collateral certificate, or return","use coordinate columns to replace token-only owned-bond reconciliation, then join income/proceeds and liability context"
CFKKRGACEDCOB-0428,Schedule D Part 1 Section 1 issuer-credit obligations owned,227,148.80,26444H-AN-1,standard-cusip-like,36355626,30000000,31162698,36145957,(107487),,,,5.950,4.630,,1785000,,12/12/2023,11/15/2052,30892500,matched-raw-parser-row,CFKKRGACEDP-0419,8,"coordinate-owned-bond row; reconciles source-page columns but does not prove cash receipt, borrower use, liability spread, waterfall, collateral certificate, or return","use coordinate columns to replace token-only owned-bond reconciliation, then join income/proceeds and liability context"
CFKKRGACEDCOB-0429,Schedule D Part 1 Section 1 issuer-credit obligations owned,227,140.76,26874R-AQ-1,standard-cusip-like,52454,50000,52399,52434,,,,,5.750,5.077,,,,11/25/2025,05/19/2035,,matched-raw-parser-row,CFKKRGACEDP-1247,2,"coordinate-owned-bond row; reconciles source-page columns but does not prove cash receipt, borrower use, liability spread, waterfall, collateral certificate, or return","use coordinate columns to replace token-only owned-bond reconciliation, then join income/proceeds and liability context"
CFKKRGACEDCOB-0430,Schedule D Part 1 Section 1 issuer-credit obligations owned,227,132.72,26875P-AT-8,standard-cusip-like,11761364,12000000,10760513,11783555,5608,,,,4.950,5.083,,125400,594000,12/15/2023,04/15/2050,12297000,matched-raw-parser-row,CFKKRGACEDP-0421,8,"coordinate-owned-bond row; reconciles source-page columns but does not prove cash receipt, borrower use, liability spread, waterfall, collateral certificate, or return","use coordinate columns to replace token-only owned-bond reconciliation, then join income/proceeds and liability context"
CFKKRGACEDCOB-0431,Schedule D Part 1 Section 1 issuer-credit obligations owned,227,124.68,26884T-AS-1,standard-cusip-like,6574860,6000000,4995689,6494904,,(16236),,,4.200,3.623,,42000,252000,08/24/2020,11/01/2046,,matched-raw-parser-row,CFKKRGACEDP-0422,7,"coordinate-owned-bond row; reconciles source-page columns but does not prove cash receipt, borrower use, liability spread, waterfall, collateral certificate, or return","use coordinate columns to replace token-only owned-bond reconciliation, then join income/proceeds and liability context"
CFKKRGACEDCOB-0432,Schedule D Part 1 Section 1 issuer-credit obligations owned,227,116.64,27636A-AB-8,standard-cusip-like,345815,336000,355009,345242,,,,,5.800,5.404,,8986,9744,03/25/2025,01/15/2035,,matched-raw-parser-row,CFKKRGACEDP-1954,8,"coordinate-owned-bond row; reconciles source-page columns but does not prove cash receipt, borrower use, liability spread, waterfall, collateral certificate, or return","use coordinate columns to replace token-only owned-bond reconciliation, then join income/proceeds and liability context"
CFKKRGACEDCOB-0433,Schedule D Part 1 Section 1 issuer-credit obligations owned,227,108.60,276480-AB-6,standard-cusip-like,28439426,27085000,19814423,27914135,,(163022),,,3.900,3.209,,1056315,,11/02/2022,11/15/2049,55226315,matched-raw-parser-row,CFKKRGACEDP-0424,8,"coordinate-owned-bond row; reconciles source-page columns but does not prove cash receipt, borrower use, liability spread, waterfall, collateral certificate, or return","use coordinate columns to replace token-only owned-bond reconciliation, then join income/proceeds and liability context"
CFKKRGACEDCOB-0434,Schedule D Part 1 Section 1 issuer-credit obligations owned,227,100.56,276480-AF-7,standard-cusip-like,6762263,6052000,5367121,6644320,,(23290),,,4.800,4.011,,48416,290496,05/27/2020,11/01/2043,,matched-raw-parser-row,CFKKRGACEDP-0425,7,"coordinate-owned-bond row; reconciles source-page columns but does not prove cash receipt, borrower use, liability spread, waterfall, collateral certificate, or return","use coordinate columns to replace token-only owned-bond reconciliation, then join income/proceeds and liability context"
CFKKRGACEDCOB-0435,Schedule D Part 1 Section 1 issuer-credit obligations owned,227,92.52,277432-AP-5,standard-cusip-like,3650083,2951000,2504789,3549516,,(23752),,,4.650,3.188,,28969,137222,08/09/2021,10/15/2044,,matched-raw-parser-row,CFKKRGACEDP-0426,7,"coordinate-owned-bond row; reconciles source-page columns but does not prove cash receipt, borrower use, liability spread, waterfall, collateral certificate, or return","use coordinate columns to replace token-only owned-bond reconciliation, then join income/proceeds and liability context"
CFKKRGACEDCOB-0436,Schedule D Part 1 Section 1 issuer-credit obligations owned,227,84.48,278062-AE-4,standard-cusip-like,2657733,2199000,1904928,2583966,,(17628),,,4.150,2.835,,91259,,08/09/2021,11/02/2042,2244629,matched-raw-parser-row,CFKKRGACEDP-0427,8,"coordinate-owned-bond row; reconciles source-page columns but does not prove cash receipt, borrower use, liability spread, waterfall, collateral certificate, or return","use coordinate columns to replace token-only owned-bond reconciliation, then join income/proceeds and liability context"
CFKKRGACEDCOB-0437,Schedule D Part 1 Section 1 issuer-credit obligations owned,227,76.44,278642-AF-0,standard-cusip-like,1085799,1187000,980851,1092234,3467,,,,4.000,4.660,,47480,,01/27/2023,07/15/2042,914940,matched-raw-parser-row,CFKKRGACEDP-0428,8,"coordinate-owned-bond row; reconciles source-page columns but does not prove cash receipt, borrower use, liability spread, waterfall, collateral certificate, or return","use coordinate columns to replace token-only owned-bond reconciliation, then join income/proceeds and liability context"
CFKKRGACEDCOB-0438,Schedule D Part 1 Section 1 issuer-credit obligations owned,227,68.40,278865-AM-2,standard-cusip-like,578465,442000,452208,547056,,(4904),,,5.500,3.553,,24310,,10/29/2020,12/08/2041,454155,matched-raw-parser-row,CFKKRGACEDP-0429,8,"coordinate-owned-bond row; reconciles source-page columns but does not prove cash receipt, borrower use, liability spread, waterfall, collateral certificate, or return","use coordinate columns to replace token-only owned-bond reconciliation, then join income/proceeds and liability context"
CFKKRGACEDCOB-0439,Schedule D Part 1 Section 1 issuer-credit obligations owned,227,60.36,278865-AW-0,standard-cusip-like,357491,422000,320889,362982,1683,,,,3.700,4.766,,15614,,06/23/2022,11/01/2046,429807,matched-raw-parser-row,CFKKRGACEDP-0430,8,"coordinate-owned-bond row; reconciles source-page columns but does not prove cash receipt, borrower use, liability spread, waterfall, collateral certificate, or return","use coordinate columns to replace token-only owned-bond reconciliation, then join income/proceeds and liability context"
CFKKRGACEDCOB-0440,Schedule D Part 1 Section 1 issuer-credit obligations owned,228,414.12,278865-BA-7,standard-cusip-like,2465764,2709000,2189812,2485513,6019,,,,3.950,4.549,,8917,107006,06/23/2022,12/01/2047,2762503,matched-raw-parser-row,CFKKRGACEDP-0431,8,"coordinate-owned-bond row; reconciles source-page columns but does not prove cash receipt, borrower use, liability spread, waterfall, collateral certificate, or return","use coordinate columns to replace token-only owned-bond reconciliation, then join income/proceeds and liability context"
CFKKRGACEDCOB-0441,Schedule D Part 1 Section 1 issuer-credit obligations owned,228,406.08,28176E-AD-0,standard-cusip-like,50260,50000,50369,50251,,,,,4.300,4.062,,,1075,11/25/2025,06/15/2028,,matched-raw-parser-row,CFKKRGACEDP-1249,2,"coordinate-owned-bond row; reconciles source-page columns but does not prove cash receipt, borrower use, liability spread, waterfall, collateral certificate, or return","use coordinate columns to replace token-only owned-bond reconciliation, then join income/proceeds and liability context"
CFKKRGACEDCOB-0442,Schedule D Part 1 Section 1 issuer-credit obligations owned,228,398.04,28370T-AF-6,standard-cusip-like,3142434,3300000,2925383,3184910,,3982,,,4.700,4.998,,25850,155100,10/29/2020,11/01/2042,3377550,matched-raw-parser-row,CFKKRGACEDP-0433,8,"coordinate-owned-bond row; reconciles source-page columns but does not prove cash receipt, borrower use, liability spread, waterfall, collateral certificate, or return","use coordinate columns to replace token-only owned-bond reconciliation, then join income/proceeds and liability context"
CFKKRGACEDCOB-0443,Schedule D Part 1 Section 1 issuer-credit obligations owned,228,390.00,28622H-AC-5,standard-cusip-like,297492,332000,300876,297984,,,,,5.125,5.886,,6428,17015,01/21/2025,02/15/2053,340508,matched-raw-parser-row,CFKKRGACEDP-1955,5,"coordinate-owned-bond row; reconciles source-page columns but does not prove cash receipt, borrower use, liability spread, waterfall, collateral certificate, or return","use coordinate columns to replace token-only owned-bond reconciliation, then join income/proceeds and liability context"
CFKKRGACEDCOB-0444,Schedule D Part 1 Section 1 issuer-credit obligations owned,228,381.96,29250N-CD-5,standard-cusip-like,665918,635000,643261,665846,,,,,5.950,5.602,,9026,,10/21/2025,04/05/2054,,matched-raw-parser-row,CFKKRGACEDP-1251,3,"coordinate-owned-bond row; reconciles source-page columns but does not prove cash receipt, borrower use, liability spread, waterfall, collateral certificate, or return","use coordinate columns to replace token-only owned-bond reconciliation, then join income/proceeds and liability context"
CFKKRGACEDCOB-0445,Schedule D Part 1 Section 1 issuer-credit obligations owned,228,373.92,29250N-CK-9,standard-cusip-like,310794,304000,314662,310614,,,,,5.550,5.250,,,8436,08/13/2025,06/20/2035,,matched-raw-parser-row,CFKKRGACEDP-1252,3,"coordinate-owned-bond row; reconciles source-page columns but does not prove cash receipt, borrower use, liability spread, waterfall, collateral certificate, or return","use coordinate columns to replace token-only owned-bond reconciliation, then join income/proceeds and liability context"
CFKKRGACEDCOB-0446,Schedule D Part 1 Section 1 issuer-credit obligations owned,228,365.88,29266M-AF-6,standard-cusip-like,57021,50000,57043,56978,,,,,6.750,5.028,,1556,,11/25/2025,07/15/2036,51688,matched-raw-parser-row,CFKKRGACEDP-1253,3,"coordinate-owned-bond row; reconciles source-page columns but does not prove cash receipt, borrower use, liability spread, waterfall, collateral certificate, or return","use coordinate columns to replace token-only owned-bond reconciliation, then join income/proceeds and liability context"
CFKKRGACEDCOB-0447,Schedule D Part 1 Section 1 issuer-credit obligations owned,228,357.84,29273R-AZ-2,standard-cusip-like,1083054,1000000,982111,1068033,,(2357),,,5.950,5.342,,59500,,05/17/2018,10/01/2043,,matched-raw-parser-row,CFKKRGACEDP-0438,7,"coordinate-owned-bond row; reconciles source-page columns but does not prove cash receipt, borrower use, liability spread, waterfall, collateral certificate, or return","use coordinate columns to replace token-only owned-bond reconciliation, then join income/proceeds and liability context"
CFKKRGACEDCOB-0448,Schedule D Part 1 Section 1 issuer-credit obligations owned,228,349.80,29278G-AC-2,standard-cusip-like,9784418,9800000,8493535,9787315,,,,,4.750,4.760,,46550,465500,05/22/2017,05/25/2047,10032750,matched-raw-parser-row,CFKKRGACEDP-0439,7,"coordinate-owned-bond row; reconciles source-page columns but does not prove cash receipt, borrower use, liability spread, waterfall, collateral certificate, or return","use coordinate columns to replace token-only owned-bond reconciliation, then join income/proceeds and liability context"
CFKKRGACEDCOB-0449,Schedule D Part 1 Section 1 issuer-credit obligations owned,228,341.76,29279F-AA-7,standard-cusip-like,14710000,12500000,12389446,14478053,,(45365),,,6.250,5.071,,164931,781250,02/27/2020,04/15/2049,,matched-raw-parser-row,CFKKRGACEDP-0440,7,"coordinate-owned-bond row; reconciles source-page columns but does not prove cash receipt, borrower use, liability spread, waterfall, collateral certificate, or return","use coordinate columns to replace token-only owned-bond reconciliation, then join income/proceeds and liability context"
CFKKRGACEDCOB-0450,Schedule D Part 1 Section 1 issuer-credit obligations owned,228,333.72,29286D-AA-3,standard-cusip-like,51741,50000,51696,51694,,,,,5.250,4.105,,,,11/25/2025,04/10/2029,,matched-raw-parser-row,CFKKRGACEDP-1254,2,"coordinate-owned-bond row; reconciles source-page columns but does not prove cash receipt, borrower use, liability spread, waterfall, collateral certificate, or return","use coordinate columns to replace token-only owned-bond reconciliation, then join income/proceeds and liability context"
CFKKRGACEDCOB-0451,Schedule D Part 1 Section 1 issuer-credit obligations owned,228,325.68,29364G-AK-9,standard-cusip-like,5267560,5825000,4238353,5275283,,,,,3.750,4.144,,9708,218438,08/08/2024,06/15/2050,10518594,matched-raw-parser-row,CFKKRGACEDP-0442,7,"coordinate-owned-bond row; reconciles source-page columns but does not prove cash receipt, borrower use, liability spread, waterfall, collateral certificate, or return","use coordinate columns to replace token-only owned-bond reconciliation, then join income/proceeds and liability context"
CFKKRGACEDCOB-0452,Schedule D Part 1 Section 1 issuer-credit obligations owned,228,317.64,29364W-BB-3,standard-cusip-like,17984059,15452000,12501380,17609689,(118910),,,,4.200,3.010,,216328,648984,10/31/2022,09/01/2048,31552984,matched-raw-parser-row,CFKKRGACEDP-0443,8,"coordinate-owned-bond row; reconciles source-page columns but does not prove cash receipt, borrower use, liability spread, waterfall, collateral certificate, or return","use coordinate columns to replace token-only owned-bond reconciliation, then join income/proceeds and liability context"
CFKKRGACEDCOB-0453,Schedule D Part 1 Section 1 issuer-credit obligations owned,228,309.60,29364W-BC-1,standard-cusip-like,6835823,5950000,4778995,6713264,,(22610),,,4.200,3.379,,62475,249900,02/16/2023,04/01/2050,6074950,matched-raw-parser-row,CFKKRGACEDP-0444,8,"coordinate-owned-bond row; reconciles source-page columns but does not prove cash receipt, borrower use, liability spread, waterfall, collateral certificate, or return","use coordinate columns to replace token-only owned-bond reconciliation, then join income/proceeds and liability context"
CFKKRGACEDCOB-0454,Schedule D Part 1 Section 1 issuer-credit obligations owned,228,301.56,29364W-BN-7,standard-cusip-like,11028700,10677000,10651662,11022992,,(4793),,,5.700,5.471,,179196,608589,08/06/2024,03/15/2054,,matched-raw-parser-row,CFKKRGACEDP-0445,7,"coordinate-owned-bond row; reconciles source-page columns but does not prove cash receipt, borrower use, liability spread, waterfall, collateral certificate, or return","use coordinate columns to replace token-only owned-bond reconciliation, then join income/proceeds and liability context"
CFKKRGACEDCOB-0455,Schedule D Part 1 Section 1 issuer-credit obligations owned,228,293.52,29365T-AM-6,standard-cusip-like,138044,150000,133795,138273,,,,,5.000,5.566,,2208,7500,11/12/2024,09/15/2052,153750,matched-raw-parser-row,CFKKRGACEDP-0446,7,"coordinate-owned-bond row; reconciles source-page columns but does not prove cash receipt, borrower use, liability spread, waterfall, collateral certificate, or return","use coordinate columns to replace token-only owned-bond reconciliation, then join income/proceeds and liability context"
CFKKRGACEDCOB-0456,Schedule D Part 1 Section 1 issuer-credit obligations owned,228,285.48,29366M-AC-2,standard-cusip-like,3694607,4100000,2796747,3693631,2067,,,,3.350,3.784,,6104,137350,12/12/2023,06/15/2052,6100500,matched-raw-parser-row,CFKKRGACEDP-0447,8,"coordinate-owned-bond row; reconciles source-page columns but does not prove cash receipt, borrower use, liability spread, waterfall, collateral certificate, or return","use coordinate columns to replace token-only owned-bond reconciliation, then join income/proceeds and liability context"
CFKKRGACEDCOB-0457,Schedule D Part 1 Section 1 issuer-credit obligations owned,228,277.44,29366W-AA-4,standard-cusip-like,1292467,1100000,843526,1270865,,(5180),,,3.850,2.916,,42350,,08/09/2021,06/01/2049,,matched-raw-parser-row,CFKKRGACEDP-0448,7,"coordinate-owned-bond row; reconciles source-page columns but does not prove cash receipt, borrower use, liability spread, waterfall, collateral certificate, or return","use coordinate columns to replace token-only owned-bond reconciliation, then join income/proceeds and liability context"
CFKKRGACEDCOB-0458,Schedule D Part 1 Section 1 issuer-credit obligations owned,228,269.40,29379V-BU-6,standard-cusip-like,11529200,10000000,8817586,11327166,,(36067),,,4.800,3.910,,200000,480000,10/11/2019,02/01/2049,,matched-raw-parser-row,CFKKRGACEDP-0449,7,"coordinate-owned-bond row; reconciles source-page columns but does not prove cash receipt, borrower use, liability spread, waterfall, collateral certificate, or return","use coordinate columns to replace token-only owned-bond reconciliation, then join income/proceeds and liability context"
CFKKRGACEDCOB-0459,Schedule D Part 1 Section 1 issuer-credit obligations owned,228,261.36,29379V-BW-2,standard-cusip-like,12057568,10000000,8029329,11844133,,(99065),,,4.200,2.710,,176167,420000,10/26/2023,01/31/2050,20420000,matched-raw-parser-row,CFKKRGACEDP-0450,8,"coordinate-owned-bond row; reconciles source-page columns but does not prove cash receipt, borrower use, liability spread, waterfall, collateral certificate, or return","use coordinate columns to replace token-only owned-bond reconciliation, then join income/proceeds and liability context"
CFKKRGACEDCOB-0460,Schedule D Part 1 Section 1 issuer-credit obligations owned,228,253.32,29379V-CA-9,standard-cusip-like,5097910,5600000,3726562,5091208,,(4960),,,3.200,3.435,,67698,179200,08/05/2024,02/15/2052,11379200,matched-raw-parser-row,CFKKRGACEDP-0451,8,"coordinate-owned-bond row; reconciles source-page columns but does not prove cash receipt, borrower use, liability spread, waterfall, collateral certificate, or return","use coordinate columns to replace token-only owned-bond reconciliation, then join income/proceeds and liability context"
CFKKRGACEDCOB-0461,Schedule D Part 1 Section 1 issuer-credit obligations owned,228,245.28,29444U-BJ-4,standard-cusip-like,2522325,2535000,1624926,2523695,,,,,3.000,3.026,,35068,76050,07/27/2021,07/15/2050,2573025,matched-raw-parser-row,CFKKRGACEDP-0452,7,"coordinate-owned-bond row; reconciles source-page columns but does not prove cash receipt, borrower use, liability spread, waterfall, collateral certificate, or return","use coordinate columns to replace token-only owned-bond reconciliation, then join income/proceeds and liability context"
CFKKRGACEDCOB-0462,Schedule D Part 1 Section 1 issuer-credit obligations owned,228,237.24,29446M-AC-6,standard-cusip-like,2511361,2314000,1615544,2489292,,(5246),,,3.250,2.806,,75205,,07/27/2021,11/18/2049,,matched-raw-parser-row,CFKKRGACEDP-0453,7,"coordinate-owned-bond row; reconciles source-page columns but does not prove cash receipt, borrower use, liability spread, waterfall, collateral certificate, or return","use coordinate columns to replace token-only owned-bond reconciliation, then join income/proceeds and liability context"
CFKKRGACEDCOB-0463,Schedule D Part 1 Section 1 issuer-credit obligations owned,228,229.20,29446M-AN-2,standard-cusip-like,145956,145000,148987,145934,,,,,5.125,5.037,,,3716,07/17/2025,06/03/2035,,matched-raw-parser-row,CFKKRGACEDP-1255,3,"coordinate-owned-bond row; reconciles source-page columns but does not prove cash receipt, borrower use, liability spread, waterfall, collateral certificate, or return","use coordinate columns to replace token-only owned-bond reconciliation, then join income/proceeds and liability context"
CFKKRGACEDCOB-0464,Schedule D Part 1 Section 1 issuer-credit obligations owned,228,221.16,29670G-AG-7,standard-cusip-like,1430968,1635000,1538537,1432949,1981,,,,5.300,6.264,,43328,,05/19/2025,05/01/2052,1678328,matched-raw-parser-row,CFKKRGACEDP-1256,3,"coordinate-owned-bond row; reconciles source-page columns but does not prove cash receipt, borrower use, liability spread, waterfall, collateral certificate, or return","use coordinate columns to replace token-only owned-bond reconciliation, then join income/proceeds and liability context"
CFKKRGACEDCOB-0465,Schedule D Part 1 Section 1 issuer-credit obligations owned,228,213.12,29670V-AB-5,standard-cusip-like,50272,50000,50117,50270,,,,,5.400,5.328,,,,11/25/2025,12/01/2035,,matched-raw-parser-row,CFKKRGACEDP-1257,2,"coordinate-owned-bond row; reconciles source-page columns but does not prove cash receipt, borrower use, liability spread, waterfall, collateral certificate, or return","use coordinate columns to replace token-only owned-bond reconciliation, then join income/proceeds and liability context"
CFKKRGACEDCOB-0466,Schedule D Part 1 Section 1 issuer-credit obligations owned,228,205.08,30036F-AA-9,standard-cusip-like,2943389,3685000,2611940,2993141,,14891,,,3.450,4.763,,26839,127133,06/23/2022,04/15/2050,3748566,matched-raw-parser-row,CFKKRGACEDP-0457,8,"coordinate-owned-bond row; reconciles source-page columns but does not prove cash receipt, borrower use, liability spread, waterfall, collateral certificate, or return","use coordinate columns to replace token-only owned-bond reconciliation, then join income/proceeds and liability context"
CFKKRGACEDCOB-0467,Schedule D Part 1 Section 1 issuer-credit obligations owned,228,197.04,30161N-AV-3,standard-cusip-like,5155669,4825000,4053208,5092829,,(8986),,,4.450,4.027,,45328,214713,08/05/2020,04/15/2046,4932356,matched-raw-parser-row,CFKKRGACEDP-0458,8,"coordinate-owned-bond row; reconciles source-page columns but does not prove cash receipt, borrower use, liability spread, waterfall, collateral certificate, or return","use coordinate columns to replace token-only owned-bond reconciliation, then join income/proceeds and liability context"
CFKKRGACEDCOB-0468,Schedule D Part 1 Section 1 issuer-credit obligations owned,228,189.00,30161N-AY-7,standard-cusip-like,8650909,6675000,5741832,8405097,,(51212),,,4.700,3.111,,66231,313725,12/02/2020,04/15/2050,1714363,matched-raw-parser-row,CFKKRGACEDP-0459,8,"coordinate-owned-bond row; reconciles source-page columns but does not prove cash receipt, borrower use, liability spread, waterfall, collateral certificate, or return","use coordinate columns to replace token-only owned-bond reconciliation, then join income/proceeds and liability context"
CFKKRGACEDCOB-0469,Schedule D Part 1 Section 1 issuer-credit obligations owned,228,180.96,30225V-AS-6,standard-cusip-like,45708,46000,47320,45735,,,,,5.400,5.489,,1035,2484,01/21/2025,02/01/2034,47242,matched-raw-parser-row,CFKKRGACEDP-1258,3,"coordinate-owned-bond row; reconciles source-page columns but does not prove cash receipt, borrower use, liability spread, waterfall, collateral certificate, or return","use coordinate columns to replace token-only owned-bond reconciliation, then join income/proceeds and liability context"
CFKKRGACEDCOB-0470,Schedule D Part 1 Section 1 issuer-credit obligations owned,228,172.92,30231G-AZ-5,standard-cusip-like,350175,500000,342521,350480,,,,,3.095,5.337,,5803,,11/25/2025,08/16/2049,507738,matched-raw-parser-row,CFKKRGACEDP-1958,8,"coordinate-owned-bond row; reconciles source-page columns but does not prove cash receipt, borrower use, liability spread, waterfall, collateral certificate, or return","use coordinate columns to replace token-only owned-bond reconciliation, then join income/proceeds and liability context"
CFKKRGACEDCOB-0471,Schedule D Part 1 Section 1 issuer-credit obligations owned,228,164.88,30251B-AB-4,standard-cusip-like,83885,75000,83103,83845,,,,,6.450,5.242,,,,11/25/2025,11/15/2039,77419,matched-raw-parser-row,CFKKRGACEDP-1688,8,"coordinate-owned-bond row; reconciles source-page columns but does not prove cash receipt, borrower use, liability spread, waterfall, collateral certificate, or return","use coordinate columns to replace token-only owned-bond reconciliation, then join income/proceeds and liability context"
CFKKRGACEDCOB-0472,Schedule D Part 1 Section 1 issuer-credit obligations owned,228,156.84,30303M-8J-4,standard-cusip-like,17472600,20000000,16287945,17531312,,41892,,,4.450,5.322,,336222,890000,08/08/2024,08/15/2052,20445000,matched-raw-parser-row,CFKKRGACEDP-0463,8,"coordinate-owned-bond row; reconciles source-page columns but does not prove cash receipt, borrower use, liability spread, waterfall, collateral certificate, or return","use coordinate columns to replace token-only owned-bond reconciliation, then join income/proceeds and liability context"
CFKKRGACEDCOB-0473,Schedule D Part 1 Section 1 issuer-credit obligations owned,228,148.80,30303M-8V-7,standard-cusip-like,19920200,20000000,18622962,19923744,2187,,,,5.400,5.426,,1098000,,08/07/2024,08/15/2054,20540000,matched-raw-parser-row,CFKKRGACEDP-0464,8,"coordinate-owned-bond row; reconciles source-page columns but does not prove cash receipt, borrower use, liability spread, waterfall, collateral certificate, or return","use coordinate columns to replace token-only owned-bond reconciliation, then join income/proceeds and liability context"
CFKKRGACEDCOB-0474,Schedule D Part 1 Section 1 issuer-credit obligations owned,228,140.76,30303M-8W-5,standard-cusip-like,14935200,15000000,13925275,14937842,1176,,,,5.550,5.576,,314500,846375,08/07/2024,08/15/2064,15416250,matched-raw-parser-row,CFKKRGACEDP-0465,8,"coordinate-owned-bond row; reconciles source-page columns but does not prove cash receipt, borrower use, liability spread, waterfall, collateral certificate, or return","use coordinate columns to replace token-only owned-bond reconciliation, then join income/proceeds and liability context"
CFKKRGACEDCOB-0475,Schedule D Part 1 Section 1 issuer-credit obligations owned,228,132.72,30303M-8X-3,standard-cusip-like,965230,967000,939561,965255,,,,,5.500,5.514,,8569,,10/30/2025,11/15/2045,993593,matched-raw-parser-row,CFKKRGACEDP-1261,2,"coordinate-owned-bond row; reconciles source-page columns but does not prove cash receipt, borrower use, liability spread, waterfall, collateral certificate, or return","use coordinate columns to replace token-only owned-bond reconciliation, then join income/proceeds and liability context"
CFKKRGACEDCOB-0476,Schedule D Part 1 Section 1 issuer-credit obligations owned,228,124.68,30303M-8Y-1,standard-cusip-like,1449375,1451000,1385269,1449404,,,,,5.750,5.757,,13442,,10/30/2025,11/15/2065,1492716,matched-raw-parser-row,CFKKRGACEDP-1262,2,"coordinate-owned-bond row; reconciles source-page columns but does not prove cash receipt, borrower use, liability spread, waterfall, collateral certificate, or return","use coordinate columns to replace token-only owned-bond reconciliation, then join income/proceeds and liability context"
CFKKRGACEDCOB-0477,Schedule D Part 1 Section 1 issuer-credit obligations owned,228,116.64,30303M-AE-2,standard-cusip-like,965298,967000,928831,965319,,,,,5.625,5.637,,8763,,10/30/2025,11/15/2055,994197,matched-raw-parser-row,CFKKRGACEDP-1263,2,"coordinate-owned-bond row; reconciles source-page columns but does not prove cash receipt, borrower use, liability spread, waterfall, collateral certificate, or return","use coordinate columns to replace token-only owned-bond reconciliation, then join income/proceeds and liability context"
CFKKRGACEDCOB-0478,Schedule D Part 1 Section 1 issuer-credit obligations owned,228,108.60,303075-AB-1,standard-cusip-like,46418,50000,46484,46465,,,,,3.450,4.787,,,,11/25/2025,03/01/2032,50863,matched-raw-parser-row,CFKKRGACEDP-1264,2,"coordinate-owned-bond row; reconciles source-page columns but does not prove cash receipt, borrower use, liability spread, waterfall, collateral certificate, or return","use coordinate columns to replace token-only owned-bond reconciliation, then join income/proceeds and liability context"
CFKKRGACEDCOB-0479,Schedule D Part 1 Section 1 issuer-credit obligations owned,228,100.56,31428X-DM-5,standard-cusip-like,6217260,7500000,5943855,6556425,,36397,,,3.875,5.000,,121094,309375,09/30/2013,08/01/2042,7645313,matched-raw-parser-row,CFKKRGACEDP-0470,8,"coordinate-owned-bond row; reconciles source-page columns but does not prove cash receipt, borrower use, liability spread, waterfall, collateral certificate, or return","use coordinate columns to replace token-only owned-bond reconciliation, then join income/proceeds and liability context"
CFKKRGACEDCOB-0480,Schedule D Part 1 Section 1 issuer-credit obligations owned,228,92.52,31428X-DN-3,standard-cusip-like,11846500,10000000,8096435,11532361,,(67026),,,4.100,2.961,,86556,435000,01/11/2021,04/15/2043,10205000,matched-raw-parser-row,CFKKRGACEDP-0471,8,"coordinate-owned-bond row; reconciles source-page columns but does not prove cash receipt, borrower use, liability spread, waterfall, collateral certificate, or return","use coordinate columns to replace token-only owned-bond reconciliation, then join income/proceeds and liability context"
CFKKRGACEDCOB-0481,Schedule D Part 1 Section 1 issuer-credit obligations owned,228,84.48,31428X-DR-4,standard-cusip-like,4566158,4100000,3549567,4484228,,(12898),,,4.750,4.039,,24885,205000,10/29/2020,11/15/2045,,matched-raw-parser-row,CFKKRGACEDP-0472,7,"coordinate-owned-bond row; reconciles source-page columns but does not prove cash receipt, borrower use, liability spread, waterfall, collateral certificate, or return","use coordinate columns to replace token-only owned-bond reconciliation, then join income/proceeds and liability context"
CFKKRGACEDCOB-0482,Schedule D Part 1 Section 1 issuer-credit obligations owned,228,76.44,31428X-DU-7,standard-cusip-like,8523100,10000000,7658516,8689472,,32216,,,4.050,5.039,,153000,430000,02/27/2020,02/15/2048,10202500,matched-raw-parser-row,CFKKRGACEDP-0473,8,"coordinate-owned-bond row; reconciles source-page columns but does not prove cash receipt, borrower use, liability spread, waterfall, collateral certificate, or return","use coordinate columns to replace token-only owned-bond reconciliation, then join income/proceeds and liability context"
CFKKRGACEDCOB-0483,Schedule D Part 1 Section 1 issuer-credit obligations owned,228,68.40,31428X-DV-5,standard-cusip-like,5805842,5680000,4987530,5801671,,(4003),,,4.950,4.767,,57794,295360,08/06/2024,10/17/2048,7439685,matched-raw-parser-row,CFKKRGACEDP-0474,8,"coordinate-owned-bond row; reconciles source-page columns but does not prove cash receipt, borrower use, liability spread, waterfall, collateral certificate, or return","use coordinate columns to replace token-only owned-bond reconciliation, then join income/proceeds and liability context"
CFKKRGACEDCOB-0484,Schedule D Part 1 Section 1 issuer-credit obligations owned,228,60.36,31428X-DW-3,standard-cusip-like,2686220,2000000,1843919,2605603,,(16167),,,5.250,3.390,,13417,110000,08/24/2020,05/15/2050,,matched-raw-parser-row,CFKKRGACEDP-0475,7,"coordinate-owned-bond row; reconciles source-page columns but does not prove cash receipt, borrower use, liability spread, waterfall, collateral certificate, or return","use coordinate columns to replace token-only owned-bond reconciliation, then join income/proceeds and liability context"
CFKKRGACEDCOB-0485,Schedule D Part 1 Section 1 issuer-credit obligations owned,229,414.12,316773-CH-1,standard-cusip-like,8383804,5700000,7014766,7560616,,(112517),,,8.250,4.665,,156750,470250,10/29/2020,03/01/2038,5935125,matched-raw-parser-row,CFKKRGACEDP-1690,10,"coordinate-owned-bond row; reconciles source-page columns but does not prove cash receipt, borrower use, liability spread, waterfall, collateral certificate, or return","use coordinate columns to replace token-only owned-bond reconciliation, then join income/proceeds and liability context"
CFKKRGACEDCOB-0486,Schedule D Part 1 Section 1 issuer-credit obligations owned,229,406.08,337738-AV-0,standard-cusip-like,5679121,5436000,4274367,5606948,,(13111),,,4.400,4.088,,119592,191180,05/19/2025,07/01/2049,5555592,matched-raw-parser-row,CFKKRGACEDP-1265,3,"coordinate-owned-bond row; reconciles source-page columns but does not prove cash receipt, borrower use, liability spread, waterfall, collateral certificate, or return","use coordinate columns to replace token-only owned-bond reconciliation, then join income/proceeds and liability context"
CFKKRGACEDCOB-0487,Schedule D Part 1 Section 1 issuer-credit obligations owned,229,398.04,33938X-AA-3,standard-cusip-like,50752,50000,50759,50733,,,,,4.875,4.381,,,1219,11/25/2025,06/15/2029,,matched-raw-parser-row,CFKKRGACEDP-1266,3,"coordinate-owned-bond row; reconciles source-page columns but does not prove cash receipt, borrower use, liability spread, waterfall, collateral certificate, or return","use coordinate columns to replace token-only owned-bond reconciliation, then join income/proceeds and liability context"
CFKKRGACEDCOB-0488,Schedule D Part 1 Section 1 issuer-credit obligations owned,229,390.00,34959E-AB-5,standard-cusip-like,449865,500000,448438,450671,,,,,2.200,4.338,,3239,,11/25/2025,03/15/2031,505500,matched-raw-parser-row,CFKKRGACEDP-1961,8,"coordinate-owned-bond row; reconciles source-page columns but does not prove cash receipt, borrower use, liability spread, waterfall, collateral certificate, or return","use coordinate columns to replace token-only owned-bond reconciliation, then join income/proceeds and liability context"
CFKKRGACEDCOB-0489,Schedule D Part 1 Section 1 issuer-credit obligations owned,229,381.96,34959J-AH-1,standard-cusip-like,8183057,7974000,6606653,8140984,(5393),,,,4.300,4.140,,44049,342882,06/20/2017,06/15/2046,2986866,matched-raw-parser-row,CFKKRGACEDP-0480,8,"coordinate-owned-bond row; reconciles source-page columns but does not prove cash receipt, borrower use, liability spread, waterfall, collateral certificate, or return","use coordinate columns to replace token-only owned-bond reconciliation, then join income/proceeds and liability context"
CFKKRGACEDCOB-0490,Schedule D Part 1 Section 1 issuer-credit obligations owned,229,373.92,34964C-AH-9,standard-cusip-like,53143,50000,52966,53109,,,,,5.875,4.838,,,1469,11/25/2025,06/01/2033,,matched-raw-parser-row,CFKKRGACEDP-1268,3,"coordinate-owned-bond row; reconciles source-page columns but does not prove cash receipt, borrower use, liability spread, waterfall, collateral certificate, or return","use coordinate columns to replace token-only owned-bond reconciliation, then join income/proceeds and liability context"
CFKKRGACEDCOB-0491,Schedule D Part 1 Section 1 issuer-credit obligations owned,229,365.88,35137L-AN-5,standard-cusip-like,55423,50000,55238,55368,,,,,6.500,4.785,,,,11/25/2025,10/13/2033,,matched-raw-parser-row,CFKKRGACEDP-1269,2,"coordinate-owned-bond row; reconciles source-page columns but does not prove cash receipt, borrower use, liability spread, waterfall, collateral certificate, or return","use coordinate columns to replace token-only owned-bond reconciliation, then join income/proceeds and liability context"
CFKKRGACEDCOB-0492,Schedule D Part 1 Section 1 issuer-credit obligations owned,229,357.84,35671D-BJ-3,standard-cusip-like,51933,50000,51595,51915,,,,,5.400,4.837,,,,11/25/2025,11/14/2034,,matched-raw-parser-row,CFKKRGACEDP-1270,2,"coordinate-owned-bond row; reconciles source-page columns but does not prove cash receipt, borrower use, liability spread, waterfall, collateral certificate, or return","use coordinate columns to replace token-only owned-bond reconciliation, then join income/proceeds and liability context"
CFKKRGACEDCOB-0493,Schedule D Part 1 Section 1 issuer-credit obligations owned,229,349.80,36264F-AN-1,standard-cusip-like,18621693,23365000,18431735,18841509,,77914,,,4.000,5.387,,251823,934600,03/30/2023,03/24/2052,23832300,matched-raw-parser-row,CFKKRGACEDP-0484,8,"coordinate-owned-bond row; reconciles source-page columns but does not prove cash receipt, borrower use, liability spread, waterfall, collateral certificate, or return","use coordinate columns to replace token-only owned-bond reconciliation, then join income/proceeds and liability context"
CFKKRGACEDCOB-0494,Schedule D Part 1 Section 1 issuer-credit obligations owned,229,341.76,36266G-AC-1,standard-cusip-like,267687,261000,271291,267454,,,,,5.500,5.160,,,7417,07/02/2025,06/15/2035,,matched-raw-parser-row,CFKKRGACEDP-1271,3,"coordinate-owned-bond row; reconciles source-page columns but does not prove cash receipt, borrower use, liability spread, waterfall, collateral certificate, or return","use coordinate columns to replace token-only owned-bond reconciliation, then join income/proceeds and liability context"
CFKKRGACEDCOB-0495,Schedule D Part 1 Section 1 issuer-credit obligations owned,229,333.72,369550-BJ-6,standard-cusip-like,2200817,1680000,1418836,2142600,,(13771),,,4.250,2.676,,17850,71400,07/27/2021,04/01/2050,,matched-raw-parser-row,CFKKRGACEDP-0486,7,"coordinate-owned-bond row; reconciles source-page columns but does not prove cash receipt, borrower use, liability spread, waterfall, collateral certificate, or return","use coordinate columns to replace token-only owned-bond reconciliation, then join income/proceeds and liability context"
CFKKRGACEDCOB-0496,Schedule D Part 1 Section 1 issuer-credit obligations owned,229,325.68,369604-CA-9,standard-cusip-like,51313,50000,50790,51305,,,,,4.900,4.568,,1034,,11/25/2025,01/29/2036,,matched-raw-parser-row,CFKKRGACEDP-1272,2,"coordinate-owned-bond row; reconciles source-page columns but does not prove cash receipt, borrower use, liability spread, waterfall, collateral certificate, or return","use coordinate columns to replace token-only owned-bond reconciliation, then join income/proceeds and liability context"
CFKKRGACEDCOB-0497,Schedule D Part 1 Section 1 issuer-credit obligations owned,229,317.64,370334-BJ-2,standard-cusip-like,71191,72000,72253,71211,,,,,5.400,5.511,,,1944,08/13/2025,06/15/2040,73944,matched-raw-parser-row,CFKKRGACEDP-1273,2,"coordinate-owned-bond row; reconciles source-page columns but does not prove cash receipt, borrower use, liability spread, waterfall, collateral certificate, or return","use coordinate columns to replace token-only owned-bond reconciliation, then join income/proceeds and liability context"
CFKKRGACEDCOB-0498,Schedule D Part 1 Section 1 issuer-credit obligations owned,229,309.60,370334-CJ-1,standard-cusip-like,3227788,3275000,2884174,3235115,1327,,,,4.700,4.789,,31640,153925,08/01/2018,04/17/2048,3351963,matched-raw-parser-row,CFKKRGACEDP-0489,8,"coordinate-owned-bond row; reconciles source-page columns but does not prove cash receipt, borrower use, liability spread, waterfall, collateral certificate, or return","use coordinate columns to replace token-only owned-bond reconciliation, then join income/proceeds and liability context"
CFKKRGACEDCOB-0499,Schedule D Part 1 Section 1 issuer-credit obligations owned,229,301.56,37045V-AF-7,standard-cusip-like,2226240,2000000,2030114,2181183,,(5941),,,6.250,5.448,,30903,125000,06/21/2016,10/02/2043,2062500,matched-raw-parser-row,CFKKRGACEDP-0490,8,"coordinate-owned-bond row; reconciles source-page columns but does not prove cash receipt, borrower use, liability spread, waterfall, collateral certificate, or return","use coordinate columns to replace token-only owned-bond reconciliation, then join income/proceeds and liability context"
CFKKRGACEDCOB-0500,Schedule D Part 1 Section 1 issuer-credit obligations owned,229,293.52,37045V-AL-4,standard-cusip-like,5629650,5000000,5364744,5524627,,(13856),,,6.750,5.848,,84375,337500,03/17/2016,04/01/2046,,matched-raw-parser-row,CFKKRGACEDP-0491,7,"coordinate-owned-bond row; reconciles source-page columns but does not prove cash receipt, borrower use, liability spread, waterfall, collateral certificate, or return","use coordinate columns to replace token-only owned-bond reconciliation, then join income/proceeds and liability context"
CFKKRGACEDCOB-0501,Schedule D Part 1 Section 1 issuer-credit obligations owned,229,285.48,37310P-AC-5,standard-cusip-like,42684,50000,41538,42699,,,,,4.315,5.428,,,,11/25/2025,04/01/2049,51079,matched-raw-parser-row,CFKKRGACEDP-1274,2,"coordinate-owned-bond row; reconciles source-page columns but does not prove cash receipt, borrower use, liability spread, waterfall, collateral certificate, or return","use coordinate columns to replace token-only owned-bond reconciliation, then join income/proceeds and liability context"
CFKKRGACEDCOB-0502,Schedule D Part 1 Section 1 issuer-credit obligations owned,229,277.44,373334-KN-0,standard-cusip-like,2478556,2219000,1665451,2450846,,(6616),,,3.700,3.074,,82103,,07/27/2021,01/30/2050,,matched-raw-parser-row,CFKKRGACEDP-0493,7,"coordinate-owned-bond row; reconciles source-page columns but does not prove cash receipt, borrower use, liability spread, waterfall, collateral certificate, or return","use coordinate columns to replace token-only owned-bond reconciliation, then join income/proceeds and liability context"
CFKKRGACEDCOB-0503,Schedule D Part 1 Section 1 issuer-credit obligations owned,229,269.40,373334-LD-1,standard-cusip-like,326169,318000,309527,326157,,,,,5.500,5.326,,4470,,10/21/2025,10/01/2055,,matched-raw-parser-row,CFKKRGACEDP-1275,3,"coordinate-owned-bond row; reconciles source-page columns but does not prove cash receipt, borrower use, liability spread, waterfall, collateral certificate, or return","use coordinate columns to replace token-only owned-bond reconciliation, then join income/proceeds and liability context"
CFKKRGACEDCOB-0504,Schedule D Part 1 Section 1 issuer-credit obligations owned,229,261.36,375558-AX-1,standard-cusip-like,4734371,4500000,4156296,4670187,,(6419),,,4.800,4.482,,54000,216000,03/30/2023,04/01/2044,1024000,matched-raw-parser-row,CFKKRGACEDP-0495,8,"coordinate-owned-bond row; reconciles source-page columns but does not prove cash receipt, borrower use, liability spread, waterfall, collateral certificate, or return","use coordinate columns to replace token-only owned-bond reconciliation, then join income/proceeds and liability context"
CFKKRGACEDCOB-0505,Schedule D Part 1 Section 1 issuer-credit obligations owned,229,253.32,375558-BA-0,standard-cusip-like,9561911,8945000,7914353,9400650,,(18130),,,4.500,4.100,,167719,394763,05/19/2025,02/01/2045,9146263,matched-raw-parser-row,CFKKRGACEDP-1276,3,"coordinate-owned-bond row; reconciles source-page columns but does not prove cash receipt, borrower use, liability spread, waterfall, collateral certificate, or return","use coordinate columns to replace token-only owned-bond reconciliation, then join income/proceeds and liability context"
CFKKRGACEDCOB-0506,Schedule D Part 1 Section 1 issuer-credit obligations owned,229,245.28,375558-BD-4,standard-cusip-like,19236281,16976000,15400555,18829387,,(65968),,,4.750,3.930,,268787,776055,07/17/2025,03/01/2046,7141680,matched-raw-parser-row,CFKKRGACEDP-1277,3,"coordinate-owned-bond row; reconciles source-page columns but does not prove cash receipt, borrower use, liability spread, waterfall, collateral certificate, or return","use coordinate columns to replace token-only owned-bond reconciliation, then join income/proceeds and liability context"
CFKKRGACEDCOB-0507,Schedule D Part 1 Section 1 issuer-credit obligations owned,229,237.24,375558-BK-8,standard-cusip-like,16301750,15000000,12490364,16104350,,(34332),,,4.150,3.640,,207500,622500,11/07/2019,03/01/2047,,matched-raw-parser-row,CFKKRGACEDP-0498,7,"coordinate-owned-bond row; reconciles source-page columns but does not prove cash receipt, borrower use, liability spread, waterfall, collateral certificate, or return","use coordinate columns to replace token-only owned-bond reconciliation, then join income/proceeds and liability context"
CFKKRGACEDCOB-0508,Schedule D Part 1 Section 1 issuer-credit obligations owned,229,229.20,375558-BT-9,standard-cusip-like,97247,150000,95387,98375,,,,,2.800,5.317,,1050,4200,11/12/2024,10/01/2050,152100,matched-raw-parser-row,CFKKRGACEDP-0499,7,"coordinate-owned-bond row; reconciles source-page columns but does not prove cash receipt, borrower use, liability spread, waterfall, collateral certificate, or return","use coordinate columns to replace token-only owned-bond reconciliation, then join income/proceeds and liability context"
CFKKRGACEDCOB-0509,Schedule D Part 1 Section 1 issuer-credit obligations owned,229,221.16,375558-CA-9,standard-cusip-like,383768,375000,373549,383648,,,,,5.550,5.388,,20813,,11/12/2024,10/15/2053,,matched-raw-parser-row,CFKKRGACEDP-0500,6,"coordinate-owned-bond row; reconciles source-page columns but does not prove cash receipt, borrower use, liability spread, waterfall, collateral certificate, or return","use coordinate columns to replace token-only owned-bond reconciliation, then join income/proceeds and liability context"
CFKKRGACEDCOB-0510,Schedule D Part 1 Section 1 issuer-credit obligations owned,229,213.12,375558-CE-1,standard-cusip-like,661314,635000,632315,661303,,,,,5.600,5.345,,4544,17780,10/21/2025,11/15/2064,,matched-raw-parser-row,CFKKRGACEDP-1278,3,"coordinate-owned-bond row; reconciles source-page columns but does not prove cash receipt, borrower use, liability spread, waterfall, collateral certificate, or return","use coordinate columns to replace token-only owned-bond reconciliation, then join income/proceeds and liability context"
CFKKRGACEDCOB-0511,Schedule D Part 1 Section 1 issuer-credit obligations owned,229,205.08,37940X-AC-6,standard-cusip-like,5623819,4410000,3293975,5469285,,(32455),,,4.150,2.741,,69139,183015,12/16/2020,08/15/2049,,matched-raw-parser-row,CFKKRGACEDP-1695,10,"coordinate-owned-bond row; reconciles source-page columns but does not prove cash receipt, borrower use, liability spread, waterfall, collateral certificate, or return","use coordinate columns to replace token-only owned-bond reconciliation, then join income/proceeds and liability context"
CFKKRGACEDCOB-0512,Schedule D Part 1 Section 1 issuer-credit obligations owned,229,197.04,37940X-AQ-5,standard-cusip-like,3295035,3239000,3296031,3294828,,,,,5.400,5.080,,66076,,12/16/2025,08/15/2032,,matched-raw-parser-row,CFKKRGACEDP-1279,3,"coordinate-owned-bond row; reconciles source-page columns but does not prove cash receipt, borrower use, liability spread, waterfall, collateral certificate, or return","use coordinate columns to replace token-only owned-bond reconciliation, then join income/proceeds and liability context"
CFKKRGACEDCOB-0513,Schedule D Part 1 Section 1 issuer-credit obligations owned,229,189.00,38141G-B3-7,standard-cusip-like,32255,32000,32890,32246,,,,,5.330,5.217,,,,07/17/2025,07/23/2035,,matched-raw-parser-row,CFKKRGACEDP-1280,2,"coordinate-owned-bond row; reconciles source-page columns but does not prove cash receipt, borrower use, liability spread, waterfall, collateral certificate, or return","use coordinate columns to replace token-only owned-bond reconciliation, then join income/proceeds and liability context"
CFKKRGACEDCOB-0514,Schedule D Part 1 Section 1 issuer-credit obligations owned,229,180.96,38141G-B7-8,standard-cusip-like,20573,21000,21120,20594,,,,,5.016,5.333,,,,07/17/2025,10/23/2035,21302,matched-raw-parser-row,CFKKRGACEDP-1281,2,"coordinate-owned-bond row; reconciles source-page columns but does not prove cash receipt, borrower use, liability spread, waterfall, collateral certificate, or return","use coordinate columns to replace token-only owned-bond reconciliation, then join income/proceeds and liability context"
CFKKRGACEDCOB-0515,Schedule D Part 1 Section 1 issuer-credit obligations owned,229,172.92,38141G-B8-6,standard-cusip-like,113358,116000,116104,113407,,,,,5.561,5.762,,,3225,07/17/2025,11/19/2045,117714,matched-raw-parser-row,CFKKRGACEDP-1282,3,"coordinate-owned-bond row; reconciles source-page columns but does not prove cash receipt, borrower use, liability spread, waterfall, collateral certificate, or return","use coordinate columns to replace token-only owned-bond reconciliation, then join income/proceeds and liability context"
CFKKRGACEDCOB-0516,Schedule D Part 1 Section 1 issuer-credit obligations owned,229,164.88,38141G-C4-4,standard-cusip-like,64043,63000,65423,64007,,,,,5.536,5.312,,1482,1744,07/17/2025,01/28/2036,,matched-raw-parser-row,CFKKRGACEDP-1283,3,"coordinate-owned-bond row; reconciles source-page columns but does not prove cash receipt, borrower use, liability spread, waterfall, collateral certificate, or return","use coordinate columns to replace token-only owned-bond reconciliation, then join income/proceeds and liability context"
CFKKRGACEDCOB-0517,Schedule D Part 1 Section 1 issuer-credit obligations owned,229,156.84,38143Y-AC-7,standard-cusip-like,474341,435000,478089,473356,,,,,6.450,5.329,,14029,,08/13/2025,05/01/2036,449029,matched-raw-parser-row,CFKKRGACEDP-1966,8,"coordinate-owned-bond row; reconciles source-page columns but does not prove cash receipt, borrower use, liability spread, waterfall, collateral certificate, or return","use coordinate columns to replace token-only owned-bond reconciliation, then join income/proceeds and liability context"
CFKKRGACEDCOB-0518,Schedule D Part 1 Section 1 issuer-credit obligations owned,229,148.80,38148L-AF-3,standard-cusip-like,107136,120000,112796,107323,,,,,5.150,6.085,,,3090,06/26/2025,05/22/2045,123090,matched-raw-parser-row,CFKKRGACEDP-1696,10,"coordinate-owned-bond row; reconciles source-page columns but does not prove cash receipt, borrower use, liability spread, waterfall, collateral certificate, or return","use coordinate columns to replace token-only owned-bond reconciliation, then join income/proceeds and liability context"
CFKKRGACEDCOB-0519,Schedule D Part 1 Section 1 issuer-credit obligations owned,229,140.76,384802-AC-8,standard-cusip-like,11096275,11527000,9158228,11162648,,10856,,,3.750,3.973,,55234,432263,08/01/2019,05/15/2046,11743131,matched-raw-parser-row,CFKKRGACEDP-0510,8,"coordinate-owned-bond row; reconciles source-page columns but does not prove cash receipt, borrower use, liability spread, waterfall, collateral certificate, or return","use coordinate columns to replace token-only owned-bond reconciliation, then join income/proceeds and liability context"
CFKKRGACEDCOB-0520,Schedule D Part 1 Section 1 issuer-credit obligations owned,229,132.72,402740-AG-9,standard-cusip-like,51518,50000,51370,51509,,,,,5.600,5.193,,1229,,11/25/2025,07/23/2035,,matched-raw-parser-row,CFKKRGACEDP-1286,2,"coordinate-owned-bond row; reconciles source-page columns but does not prove cash receipt, borrower use, liability spread, waterfall, collateral certificate, or return","use coordinate columns to replace token-only owned-bond reconciliation, then join income/proceeds and liability context"
CFKKRGACEDCOB-0521,Schedule D Part 1 Section 1 issuer-credit obligations owned,229,124.68,404119-BZ-1,standard-cusip-like,7759582,9001000,8143585,7773851,14439,,,,5.250,6.378,,21002,472553,05/15/2025,06/15/2049,9237276,matched-raw-parser-row,CFKKRGACEDP-1698,9,"coordinate-owned-bond row; reconciles source-page columns but does not prove cash receipt, borrower use, liability spread, waterfall, collateral certificate, or return","use coordinate columns to replace token-only owned-bond reconciliation, then join income/proceeds and liability context"
CFKKRGACEDCOB-0522,Schedule D Part 1 Section 1 issuer-credit obligations owned,229,116.64,404280-DM-8,standard-cusip-like,4980610,4000000,4328759,4660244,,(41847),,,6.500,4.650,,76556,260000,07/31/2017,09/15/2037,4130000,matched-raw-parser-row,CFKKRGACEDP-0513,8,"coordinate-owned-bond row; reconciles source-page columns but does not prove cash receipt, borrower use, liability spread, waterfall, collateral certificate, or return","use coordinate columns to replace token-only owned-bond reconciliation, then join income/proceeds and liability context"
CFKKRGACEDCOB-0523,Schedule D Part 1 Section 1 issuer-credit obligations owned,229,108.60,404280-ES-4,standard-cusip-like,61843,62000,63995,61860,,,,,5.450,5.516,,1108,1690,07/17/2025,03/03/2036,62913,matched-raw-parser-row,CFKKRGACEDP-1288,3,"coordinate-owned-bond row; reconciles source-page columns but does not prove cash receipt, borrower use, liability spread, waterfall, collateral certificate, or return","use coordinate columns to replace token-only owned-bond reconciliation, then join income/proceeds and liability context"
CFKKRGACEDCOB-0524,Schedule D Part 1 Section 1 issuer-credit obligations owned,229,100.56,404280-EX-3,standard-cusip-like,112393,110000,116236,112322,,,,,5.790,5.498,,,3185,07/17/2025,05/13/2036,,matched-raw-parser-row,CFKKRGACEDP-1289,3,"coordinate-owned-bond row; reconciles source-page columns but does not prove cash receipt, borrower use, liability spread, waterfall, collateral certificate, or return","use coordinate columns to replace token-only owned-bond reconciliation, then join income/proceeds and liability context"
CFKKRGACEDCOB-0525,Schedule D Part 1 Section 1 issuer-credit obligations owned,229,92.52,404280-FB-0,standard-cusip-like,700543,680000,700244,700264,,,,,5.741,5.342,,12037,,10/21/2025,09/10/2036,,matched-raw-parser-row,CFKKRGACEDP-1290,3,"coordinate-owned-bond row; reconciles source-page columns but does not prove cash receipt, borrower use, liability spread, waterfall, collateral certificate, or return","use coordinate columns to replace token-only owned-bond reconciliation, then join income/proceeds and liability context"
CFKKRGACEDCOB-0526,Schedule D Part 1 Section 1 issuer-credit obligations owned,229,84.48,406216-AY-7,standard-cusip-like,7972426,6000000,7074463,7350822,,(66556),,,7.450,5.140,,131617,447000,09/30/2013,09/15/2039,6223500,matched-raw-parser-row,CFKKRGACEDP-0517,8,"coordinate-owned-bond row; reconciles source-page columns but does not prove cash receipt, borrower use, liability spread, waterfall, collateral certificate, or return","use coordinate columns to replace token-only owned-bond reconciliation, then join income/proceeds and liability context"
CFKKRGACEDCOB-0527,Schedule D Part 1 Section 1 issuer-credit obligations owned,229,76.44,406216-BK-6,standard-cusip-like,84195,91000,81416,84235,,,,,5.000,5.626,,,2275,10/21/2025,11/15/2045,93275,matched-raw-parser-row,CFKKRGACEDP-1291,3,"coordinate-owned-bond row; reconciles source-page columns but does not prove cash receipt, borrower use, liability spread, waterfall, collateral certificate, or return","use coordinate columns to replace token-only owned-bond reconciliation, then join income/proceeds and liability context"
CFKKRGACEDCOB-0528,Schedule D Part 1 Section 1 issuer-credit obligations owned,229,68.40,413875-AT-2,standard-cusip-like,5162289,4525000,4336908,5032610,,(17476),,,5.054,4.186,,40657,228694,07/31/2017,04/27/2045,,matched-raw-parser-row,CFKKRGACEDP-0519,7,"coordinate-owned-bond row; reconciles source-page columns but does not prove cash receipt, borrower use, liability spread, waterfall, collateral certificate, or return","use coordinate columns to replace token-only owned-bond reconciliation, then join income/proceeds and liability context"
CFKKRGACEDCOB-0529,Schedule D Part 1 Section 1 issuer-credit obligations owned,229,60.36,418056-AS-6,standard-cusip-like,9947487,8630000,9080039,9560958,,(43554),,,6.350,5.258,,161357,548005,06/23/2015,03/15/2040,8904003,matched-raw-parser-row,CFKKRGACEDP-0520,8,"coordinate-owned-bond row; reconciles source-page columns but does not prove cash receipt, borrower use, liability spread, waterfall, collateral certificate, or return","use coordinate columns to replace token-only owned-bond reconciliation, then join income/proceeds and liability context"
CFKKRGACEDCOB-0530,Schedule D Part 1 Section 1 issuer-credit obligations owned,230,414.12,42218S-AF-5,standard-cusip-like,45593,50000,45455,45677,,,,,2.200,4.375,,,,11/25/2025,06/01/2030,50550,matched-raw-parser-row,CFKKRGACEDP-1292,2,"coordinate-owned-bond row; reconciles source-page columns but does not prove cash receipt, borrower use, liability spread, waterfall, collateral certificate, or return","use coordinate columns to replace token-only owned-bond reconciliation, then join income/proceeds and liability context"
CFKKRGACEDCOB-0531,Schedule D Part 1 Section 1 issuer-credit obligations owned,230,406.08,423452-AG-6,standard-cusip-like,44720,50000,44648,44795,,,,,2.900,5.008,,,,11/25/2025,09/29/2031,50725,matched-raw-parser-row,CFKKRGACEDP-1293,2,"coordinate-owned-bond row; reconciles source-page columns but does not prove cash receipt, borrower use, liability spread, waterfall, collateral certificate, or return","use coordinate columns to replace token-only owned-bond reconciliation, then join income/proceeds and liability context"
CFKKRGACEDCOB-0532,Schedule D Part 1 Section 1 issuer-credit obligations owned,230,398.04,42824C-AY-5,standard-cusip-like,3803242,2767000,2840429,3675441,,(31082),,,6.350,3.910,,37093,175705,08/09/2021,10/15/2045,,matched-raw-parser-row,CFKKRGACEDP-0523,7,"coordinate-owned-bond row; reconciles source-page columns but does not prove cash receipt, borrower use, liability spread, waterfall, collateral certificate, or return","use coordinate columns to replace token-only owned-bond reconciliation, then join income/proceeds and liability context"
CFKKRGACEDCOB-0533,Schedule D Part 1 Section 1 issuer-credit obligations owned,230,390.00,428291-AN-8,standard-cusip-like,49838,50000,49919,49851,,,,,4.200,4.473,,,,11/25/2025,02/15/2027,51050,matched-raw-parser-row,CFKKRGACEDP-1294,2,"coordinate-owned-bond row; reconciles source-page columns but does not prove cash receipt, borrower use, liability spread, waterfall, collateral certificate, or return","use coordinate columns to replace token-only owned-bond reconciliation, then join income/proceeds and liability context"
CFKKRGACEDCOB-0534,Schedule D Part 1 Section 1 issuer-credit obligations owned,230,381.96,431282-AV-4,standard-cusip-like,50323,50000,50077,50321,,,,,5.350,5.236,,,,11/25/2025,01/15/2033,,matched-raw-parser-row,CFKKRGACEDP-1295,2,"coordinate-owned-bond row; reconciles source-page columns but does not prove cash receipt, borrower use, liability spread, waterfall, collateral certificate, or return","use coordinate columns to replace token-only owned-bond reconciliation, then join income/proceeds and liability context"
CFKKRGACEDCOB-0535,Schedule D Part 1 Section 1 issuer-credit obligations owned,230,373.92,437076-BD-3,standard-cusip-like,2373285,2173000,2034923,2335885,,(6099),,,4.875,4.266,,40019,105934,01/09/2019,02/15/2044,,matched-raw-parser-row,CFKKRGACEDP-0526,7,"coordinate-owned-bond row; reconciles source-page columns but does not prove cash receipt, borrower use, liability spread, waterfall, collateral certificate, or return","use coordinate columns to replace token-only owned-bond reconciliation, then join income/proceeds and liability context"
CFKKRGACEDCOB-0536,Schedule D Part 1 Section 1 issuer-credit obligations owned,230,365.88,437076-BF-8,standard-cusip-like,10812120,11375000,9884025,10826344,,16817,,,4.400,4.772,,147369,550550,03/30/2023,03/15/2045,9300200,matched-raw-parser-row,CFKKRGACEDP-1967,10,"coordinate-owned-bond row; reconciles source-page columns but does not prove cash receipt, borrower use, liability spread, waterfall, collateral certificate, or return","use coordinate columns to replace token-only owned-bond reconciliation, then join income/proceeds and liability context"
CFKKRGACEDCOB-0537,Schedule D Part 1 Section 1 issuer-credit obligations owned,230,357.84,437076-BH-4,standard-cusip-like,424500,375000,318087,416305,,(1379),,,4.250,3.474,,23906,,08/01/2019,04/01/2046,,matched-raw-parser-row,CFKKRGACEDP-0528,7,"coordinate-owned-bond row; reconciles source-page columns but does not prove cash receipt, borrower use, liability spread, waterfall, collateral certificate, or return","use coordinate columns to replace token-only owned-bond reconciliation, then join income/proceeds and liability context"
CFKKRGACEDCOB-0538,Schedule D Part 1 Section 1 issuer-credit obligations owned,230,349.80,437076-BP-6,standard-cusip-like,7717980,8000000,5605028,7741136,3851,,,,3.500,3.668,,82444,280000,11/03/2022,09/15/2056,8140000,matched-raw-parser-row,CFKKRGACEDP-0529,8,"coordinate-owned-bond row; reconciles source-page columns but does not prove cash receipt, borrower use, liability spread, waterfall, collateral certificate, or return","use coordinate columns to replace token-only owned-bond reconciliation, then join income/proceeds and liability context"
CFKKRGACEDCOB-0539,Schedule D Part 1 Section 1 issuer-credit obligations owned,230,341.76,437076-BX-9,standard-cusip-like,24579677,20640000,17835057,24004747,,(98883),,,4.500,3.447,,64500,928800,09/17/2019,12/06/2048,,matched-raw-parser-row,CFKKRGACEDP-0530,7,"coordinate-owned-bond row; reconciles source-page columns but does not prove cash receipt, borrower use, liability spread, waterfall, collateral certificate, or return","use coordinate columns to replace token-only owned-bond reconciliation, then join income/proceeds and liability context"
CFKKRGACEDCOB-0540,Schedule D Part 1 Section 1 issuer-credit obligations owned,230,333.72,437076-BZ-4,standard-cusip-like,4455045,5774000,3942806,4537538,,28674,,,3.125,4.611,,8019,181188,12/14/2022,12/15/2049,5864219,matched-raw-parser-row,CFKKRGACEDP-1701,7,"coordinate-owned-bond row; reconciles source-page columns but does not prove cash receipt, borrower use, liability spread, waterfall, collateral certificate, or return","use coordinate columns to replace token-only owned-bond reconciliation, then join income/proceeds and liability context"
CFKKRGACEDCOB-0541,Schedule D Part 1 Section 1 issuer-credit obligations owned,230,325.68,437076-CD-2,standard-cusip-like,47289326,50002000,35326408,47205182,,(84144),,,3.350,3.273,,353625,837534,05/15/2025,04/15/2050,101679067,matched-raw-parser-row,CFKKRGACEDP-1296,3,"coordinate-owned-bond row; reconciles source-page columns but does not prove cash receipt, borrower use, liability spread, waterfall, collateral certificate, or return","use coordinate columns to replace token-only owned-bond reconciliation, then join income/proceeds and liability context"
CFKKRGACEDCOB-0542,Schedule D Part 1 Section 1 issuer-credit obligations owned,230,317.64,438516-BS-4,standard-cusip-like,2498974,2032000,1593232,2439427,,(13983),,,3.812,2.586,,8607,77460,07/27/2021,11/21/2047,,matched-raw-parser-row,CFKKRGACEDP-0533,7,"coordinate-owned-bond row; reconciles source-page columns but does not prove cash receipt, borrower use, liability spread, waterfall, collateral certificate, or return","use coordinate columns to replace token-only owned-bond reconciliation, then join income/proceeds and liability context"
CFKKRGACEDCOB-0543,Schedule D Part 1 Section 1 issuer-credit obligations owned,230,309.60,438516-CF-1,standard-cusip-like,32838,40000,35004,33724,,,,,1.750,4.963,,,,01/21/2025,09/01/2031,40350,matched-raw-parser-row,CFKKRGACEDP-1297,2,"coordinate-owned-bond row; reconciles source-page columns but does not prove cash receipt, borrower use, liability spread, waterfall, collateral certificate, or return","use coordinate columns to replace token-only owned-bond reconciliation, then join income/proceeds and liability context"
CFKKRGACEDCOB-0544,Schedule D Part 1 Section 1 issuer-credit obligations owned,230,301.56,438516-CK-0,standard-cusip-like,5841338,5669000,5841652,5840667,,,,,5.000,4.483,,107081,,12/16/2025,02/15/2033,,matched-raw-parser-row,CFKKRGACEDP-1298,3,"coordinate-owned-bond row; reconciles source-page columns but does not prove cash receipt, borrower use, liability spread, waterfall, collateral certificate, or return","use coordinate columns to replace token-only owned-bond reconciliation, then join income/proceeds and liability context"
CFKKRGACEDCOB-0545,Schedule D Part 1 Section 1 issuer-credit obligations owned,230,293.52,438516-CT-1,standard-cusip-like,11540908,12235000,11571486,11550932,,10023,,,5.250,5.649,,214113,642338,01/21/2025,03/01/2054,12556169,matched-raw-parser-row,CFKKRGACEDP-1299,3,"coordinate-owned-bond row; reconciles source-page columns but does not prove cash receipt, borrower use, liability spread, waterfall, collateral certificate, or return","use coordinate columns to replace token-only owned-bond reconciliation, then join income/proceeds and liability context"
CFKKRGACEDCOB-0546,Schedule D Part 1 Section 1 issuer-credit obligations owned,230,285.48,438516-CY-0,standard-cusip-like,5789806,5669000,5795733,5788926,,,,,4.700,4.121,,111018,,12/16/2025,02/01/2030,,matched-raw-parser-row,CFKKRGACEDP-1300,3,"coordinate-owned-bond row; reconciles source-page columns but does not prove cash receipt, borrower use, liability spread, waterfall, collateral certificate, or return","use coordinate columns to replace token-only owned-bond reconciliation, then join income/proceeds and liability context"
CFKKRGACEDCOB-0547,Schedule D Part 1 Section 1 issuer-credit obligations owned,230,277.44,443510-AL-6,standard-cusip-like,50044,50000,49696,50044,,,,,4.800,4.789,,,,11/25/2025,11/15/2035,,matched-raw-parser-row,CFKKRGACEDP-1301,2,"coordinate-owned-bond row; reconciles source-page columns but does not prove cash receipt, borrower use, liability spread, waterfall, collateral certificate, or return","use coordinate columns to replace token-only owned-bond reconciliation, then join income/proceeds and liability context"
CFKKRGACEDCOB-0548,Schedule D Part 1 Section 1 issuer-credit obligations owned,230,269.40,444859-BB-7,standard-cusip-like,517360,500000,432171,512830,,,,,4.625,4.404,,23125,,04/28/2015,12/01/2042,,matched-raw-parser-row,CFKKRGACEDP-0539,6,"coordinate-owned-bond row; reconciles source-page columns but does not prove cash receipt, borrower use, liability spread, waterfall, collateral certificate, or return","use coordinate columns to replace token-only owned-bond reconciliation, then join income/proceeds and liability context"
CFKKRGACEDCOB-0549,Schedule D Part 1 Section 1 issuer-credit obligations owned,230,261.36,444859-BE-1,standard-cusip-like,7605182,7000000,6203151,7469748,,(16651),,,4.950,4.409,,86625,346500,07/21/2016,10/01/2044,,matched-raw-parser-row,CFKKRGACEDP-0540,7,"coordinate-owned-bond row; reconciles source-page columns but does not prove cash receipt, borrower use, liability spread, waterfall, collateral certificate, or return","use coordinate columns to replace token-only owned-bond reconciliation, then join income/proceeds and liability context"
CFKKRGACEDCOB-0550,Schedule D Part 1 Section 1 issuer-credit obligations owned,230,253.32,445658-CG-0,standard-cusip-like,51191,50000,51102,51168,,,,,4.900,4.275,,,,11/25/2025,03/15/2030,,matched-raw-parser-row,CFKKRGACEDP-1302,2,"coordinate-owned-bond row; reconciles source-page columns but does not prove cash receipt, borrower use, liability spread, waterfall, collateral certificate, or return","use coordinate columns to replace token-only owned-bond reconciliation, then join income/proceeds and liability context"
CFKKRGACEDCOB-0551,Schedule D Part 1 Section 1 issuer-credit obligations owned,230,245.28,448579-AJ-1,standard-cusip-like,52390,50000,52315,52341,,,,,5.750,4.476,,,,11/25/2025,04/23/2030,,matched-raw-parser-row,CFKKRGACEDP-1303,2,"coordinate-owned-bond row; reconciles source-page columns but does not prove cash receipt, borrower use, liability spread, waterfall, collateral certificate, or return","use coordinate columns to replace token-only owned-bond reconciliation, then join income/proceeds and liability context"
CFKKRGACEDCOB-0552,Schedule D Part 1 Section 1 issuer-credit obligations owned,230,237.24,45115A-AC-8,standard-cusip-like,52935,50000,52900,52908,,,,,6.000,5.114,,,,11/25/2025,05/08/2034,,matched-raw-parser-row,CFKKRGACEDP-1304,2,"coordinate-owned-bond row; reconciles source-page columns but does not prove cash receipt, borrower use, liability spread, waterfall, collateral certificate, or return","use coordinate columns to replace token-only owned-bond reconciliation, then join income/proceeds and liability context"
CFKKRGACEDCOB-0553,Schedule D Part 1 Section 1 issuer-credit obligations owned,230,229.20,45138L-BL-6,standard-cusip-like,51055,50000,50026,51055,,,,,5.700,5.552,,,,11/25/2025,03/15/2055,,matched-raw-parser-row,CFKKRGACEDP-1305,2,"coordinate-owned-bond row; reconciles source-page columns but does not prove cash receipt, borrower use, liability spread, waterfall, collateral certificate, or return","use coordinate columns to replace token-only owned-bond reconciliation, then join income/proceeds and liability context"
CFKKRGACEDCOB-0554,Schedule D Part 1 Section 1 issuer-credit obligations owned,230,221.16,45167R-AJ-3,standard-cusip-like,51271,50000,51064,51242,,,,,4.950,4.195,,,,11/25/2025,09/01/2029,,matched-raw-parser-row,CFKKRGACEDP-1306,2,"coordinate-owned-bond row; reconciles source-page columns but does not prove cash receipt, borrower use, liability spread, waterfall, collateral certificate, or return","use coordinate columns to replace token-only owned-bond reconciliation, then join income/proceeds and liability context"
CFKKRGACEDCOB-0555,Schedule D Part 1 Section 1 issuer-credit obligations owned,230,213.12,45262B-AG-8,standard-cusip-like,520650,500000,518486,520246,,,,,5.500,4.385,,11458,,11/25/2025,02/01/2030,,matched-raw-parser-row,CFKKRGACEDP-1307,3,"coordinate-owned-bond row; reconciles source-page columns but does not prove cash receipt, borrower use, liability spread, waterfall, collateral certificate, or return","use coordinate columns to replace token-only owned-bond reconciliation, then join income/proceeds and liability context"
CFKKRGACEDCOB-0556,Schedule D Part 1 Section 1 issuer-credit obligations owned,230,205.08,454889-AQ-9,standard-cusip-like,11833200,10000000,8679164,11583669,,(55450),,,4.550,3.437,,133972,455000,03/11/2021,03/15/2046,,matched-raw-parser-row,CFKKRGACEDP-0547,7,"coordinate-owned-bond row; reconciles source-page columns but does not prove cash receipt, borrower use, liability spread, waterfall, collateral certificate, or return","use coordinate columns to replace token-only owned-bond reconciliation, then join income/proceeds and liability context"
CFKKRGACEDCOB-0557,Schedule D Part 1 Section 1 issuer-credit obligations owned,230,197.04,454889-AT-3,standard-cusip-like,5489763,4792000,3888786,5390126,,(17804),,,4.250,3.440,,76938,203660,11/07/2019,08/15/2048,,matched-raw-parser-row,CFKKRGACEDP-0548,7,"coordinate-owned-bond row; reconciles source-page columns but does not prove cash receipt, borrower use, liability spread, waterfall, collateral certificate, or return","use coordinate columns to replace token-only owned-bond reconciliation, then join income/proceeds and liability context"
CFKKRGACEDCOB-0558,Schedule D Part 1 Section 1 issuer-credit obligations owned,230,189.00,456837-AQ-6,standard-cusip-like,49948,50000,49797,49949,,,,,4.050,4.082,,,,11/25/2025,04/09/2029,51013,matched-raw-parser-row,CFKKRGACEDP-1308,2,"coordinate-owned-bond row; reconciles source-page columns but does not prove cash receipt, borrower use, liability spread, waterfall, collateral certificate, or return","use coordinate columns to replace token-only owned-bond reconciliation, then join income/proceeds and liability context"
CFKKRGACEDCOB-0559,Schedule D Part 1 Section 1 issuer-credit obligations owned,230,180.96,458140-AV-2,standard-cusip-like,3673622,4446800,3412795,3709473,,19971,,,4.100,5.458,,21271,182319,02/28/2024,05/19/2046,4537959,matched-raw-parser-row,CFKKRGACEDP-0550,8,"coordinate-owned-bond row; reconciles source-page columns but does not prove cash receipt, borrower use, liability spread, waterfall, collateral certificate, or return","use coordinate columns to replace token-only owned-bond reconciliation, then join income/proceeds and liability context"
CFKKRGACEDCOB-0560,Schedule D Part 1 Section 1 issuer-credit obligations owned,230,172.92,458140-AY-6,standard-cusip-like,9225237,8469000,6425859,9084430,,(19789),,,4.100,3.599,,48226,347229,12/20/2018,05/11/2047,8642615,matched-raw-parser-row,CFKKRGACEDP-0551,8,"coordinate-owned-bond row; reconciles source-page columns but does not prove cash receipt, borrower use, liability spread, waterfall, collateral certificate, or return","use coordinate columns to replace token-only owned-bond reconciliation, then join income/proceeds and liability context"
CFKKRGACEDCOB-0561,Schedule D Part 1 Section 1 issuer-credit obligations owned,230,164.88,458140-BG-4,standard-cusip-like,1037673,980000,699979,1028802,,(1526),,,3.734,3.405,,36593,,08/01/2019,12/08/2047,,matched-raw-parser-row,CFKKRGACEDP-0552,7,"coordinate-owned-bond row; reconciles source-page columns but does not prove cash receipt, borrower use, liability spread, waterfall, collateral certificate, or return","use coordinate columns to replace token-only owned-bond reconciliation, then join income/proceeds and liability context"
CFKKRGACEDCOB-0562,Schedule D Part 1 Section 1 issuer-credit obligations owned,230,156.84,458140-BJ-8,standard-cusip-like,12777167,11762000,7522654,12572274,,(95031),,,3.250,2.297,,48845,382265,11/14/2023,11/15/2049,23906265,matched-raw-parser-row,CFKKRGACEDP-0553,8,"coordinate-owned-bond row; reconciles source-page columns but does not prove cash receipt, borrower use, liability spread, waterfall, collateral certificate, or return","use coordinate columns to replace token-only owned-bond reconciliation, then join income/proceeds and liability context"
CFKKRGACEDCOB-0563,Schedule D Part 1 Section 1 issuer-credit obligations owned,230,148.80,458140-BM-1,standard-cusip-like,66986893,61485800,50214250,66417686,,(138990),,,4.750,4.176,,778820,2902052,12/12/2023,03/25/2050,64380157,matched-raw-parser-row,CFKKRGACEDP-1704,8,"coordinate-owned-bond row; reconciles source-page columns but does not prove cash receipt, borrower use, liability spread, waterfall, collateral certificate, or return","use coordinate columns to replace token-only owned-bond reconciliation, then join income/proceeds and liability context"
CFKKRGACEDCOB-0564,Schedule D Part 1 Section 1 issuer-credit obligations owned,230,140.76,458140-BN-9,standard-cusip-like,9802649,10789100,8797643,9829588,,9919,,,4.950,5.532,,142416,534060,02/10/2023,03/25/2060,11056130,matched-raw-parser-row,CFKKRGACEDP-0555,8,"coordinate-owned-bond row; reconciles source-page columns but does not prove cash receipt, borrower use, liability spread, waterfall, collateral certificate, or return","use coordinate columns to replace token-only owned-bond reconciliation, then join income/proceeds and liability context"
CFKKRGACEDCOB-0565,Schedule D Part 1 Section 1 issuer-credit obligations owned,230,132.72,45866F-AH-7,standard-cusip-like,8635654,6600000,5504869,8360806,,(57540),,,4.250,2.653,,77917,280500,12/16/2020,09/21/2048,,matched-raw-parser-row,CFKKRGACEDP-0556,7,"coordinate-owned-bond row; reconciles source-page columns but does not prove cash receipt, borrower use, liability spread, waterfall, collateral certificate, or return","use coordinate columns to replace token-only owned-bond reconciliation, then join income/proceeds and liability context"
CFKKRGACEDCOB-0566,Schedule D Part 1 Section 1 issuer-credit obligations owned,230,124.68,45866F-AX-2,standard-cusip-like,17527140,16516000,15176693,17491254,,(28783),,,4.950,4.517,,36335,757523,07/30/2025,06/15/2052,28350734,matched-raw-parser-row,CFKKRGACEDP-1309,3,"coordinate-owned-bond row; reconciles source-page columns but does not prove cash receipt, borrower use, liability spread, waterfall, collateral certificate, or return","use coordinate columns to replace token-only owned-bond reconciliation, then join income/proceeds and liability context"
CFKKRGACEDCOB-0567,Schedule D Part 1 Section 1 issuer-credit obligations owned,230,116.64,459200-AP-6,standard-cusip-like,10173299,7800000,9273906,10152997,,(2864),,,7.125,5.444,,46313,555750,02/14/2024,12/01/2096,8077875,matched-raw-parser-row,CFKKRGACEDP-0558,8,"coordinate-owned-bond row; reconciles source-page columns but does not prove cash receipt, borrower use, liability spread, waterfall, collateral certificate, or return","use coordinate columns to replace token-only owned-bond reconciliation, then join income/proceeds and liability context"
CFKKRGACEDCOB-0568,Schedule D Part 1 Section 1 issuer-credit obligations owned,230,108.60,459200-KB-6,standard-cusip-like,1859480,1765000,1577069,1835924,,(4016),,,4.150,3.026,,73248,,05/08/2020,05/15/2039,1801624,matched-raw-parser-row,CFKKRGACEDP-0559,8,"coordinate-owned-bond row; reconciles source-page columns but does not prove cash receipt, borrower use, liability spread, waterfall, collateral certificate, or return","use coordinate columns to replace token-only owned-bond reconciliation, then join income/proceeds and liability context"
CFKKRGACEDCOB-0569,Schedule D Part 1 Section 1 issuer-credit obligations owned,230,100.56,459506-AS-0,standard-cusip-like,2508273,2304000,1585756,2487252,,(5026),,,3.468,3.006,,79903,,07/27/2021,12/01/2050,,matched-raw-parser-row,CFKKRGACEDP-0560,7,"coordinate-owned-bond row; reconciles source-page columns but does not prove cash receipt, borrower use, liability spread, waterfall, collateral certificate, or return","use coordinate columns to replace token-only owned-bond reconciliation, then join income/proceeds and liability context"
CFKKRGACEDCOB-0570,Schedule D Part 1 Section 1 issuer-credit obligations owned,230,92.52,460146-CN-1,standard-cusip-like,4979985,4531000,4179310,4922556,,(14408),,,5.150,4.440,,29817,190061,03/30/2023,05/15/2046,3772709,matched-raw-parser-row,CFKKRGACEDP-0561,8,"coordinate-owned-bond row; reconciles source-page columns but does not prove cash receipt, borrower use, liability spread, waterfall, collateral certificate, or return","use coordinate columns to replace token-only owned-bond reconciliation, then join income/proceeds and liability context"
CFKKRGACEDCOB-0571,Schedule D Part 1 Section 1 issuer-credit obligations owned,230,84.48,460146-CQ-4,standard-cusip-like,14533771,14401000,11855004,14496541,,(6124),,,4.400,4.328,,239377,633644,11/03/2022,08/15/2047,14717822,matched-raw-parser-row,CFKKRGACEDP-0562,8,"coordinate-owned-bond row; reconciles source-page columns but does not prove cash receipt, borrower use, liability spread, waterfall, collateral certificate, or return","use coordinate columns to replace token-only owned-bond reconciliation, then join income/proceeds and liability context"
CFKKRGACEDCOB-0572,Schedule D Part 1 Section 1 issuer-credit obligations owned,230,76.44,460146-CS-0,standard-cusip-like,3681619,3625000,2939931,3672966,,(1288),,,4.350,4.257,,59571,157688,08/02/2019,08/15/2048,,matched-raw-parser-row,CFKKRGACEDP-0563,7,"coordinate-owned-bond row; reconciles source-page columns but does not prove cash receipt, borrower use, liability spread, waterfall, collateral certificate, or return","use coordinate columns to replace token-only owned-bond reconciliation, then join income/proceeds and liability context"
CFKKRGACEDCOB-0573,Schedule D Part 1 Section 1 issuer-credit obligations owned,230,68.40,461070-AN-4,standard-cusip-like,1131899,1248000,937074,1150032,2897,,,,3.700,4.275,,13596,46176,12/20/2018,09/15/2046,1271088,matched-raw-parser-row,CFKKRGACEDP-0564,8,"coordinate-owned-bond row; reconciles source-page columns but does not prove cash receipt, borrower use, liability spread, waterfall, collateral certificate, or return","use coordinate columns to replace token-only owned-bond reconciliation, then join income/proceeds and liability context"
CFKKRGACEDCOB-0574,Schedule D Part 1 Section 1 issuer-credit obligations owned,230,60.36,46115H-BN-6,standard-cusip-like,41500056,33074000,27297937,40540187,,(204443),,,4.700,3.318,,1554478,,01/08/2021,09/23/2049,33851239,matched-raw-parser-row,CFKKRGACEDP-0565,8,"coordinate-owned-bond row; reconciles source-page columns but does not prove cash receipt, borrower use, liability spread, waterfall, collateral certificate, or return","use coordinate columns to replace token-only owned-bond reconciliation, then join income/proceeds and liability context"
CFKKRGACEDCOB-0575,Schedule D Part 1 Section 1 issuer-credit obligations owned,231,414.12,46115H-CF-2,standard-cusip-like,114667,91000,111282,114611,,,,,7.800,5.894,,,3549,10/21/2025,11/28/2053,94549,matched-raw-parser-row,CFKKRGACEDP-1310,3,"coordinate-owned-bond row; reconciles source-page columns but does not prove cash receipt, borrower use, liability spread, waterfall, collateral certificate, or return","use coordinate columns to replace token-only owned-bond reconciliation, then join income/proceeds and liability context"
CFKKRGACEDCOB-0576,Schedule D Part 1 Section 1 issuer-credit obligations owned,231,406.08,46188B-AH-5,standard-cusip-like,50659,50000,50748,50653,,,,,4.950,4.726,,,,11/25/2025,01/15/2033,,matched-raw-parser-row,CFKKRGACEDP-1311,2,"coordinate-owned-bond row; reconciles source-page columns but does not prove cash receipt, borrower use, liability spread, waterfall, collateral certificate, or return","use coordinate columns to replace token-only owned-bond reconciliation, then join income/proceeds and liability context"
CFKKRGACEDCOB-0577,Schedule D Part 1 Section 1 issuer-credit obligations owned,231,398.04,465685-AT-2,standard-cusip-like,52492,50000,52142,52469,,,,,5.650,4.904,,,,11/25/2025,05/09/2034,,matched-raw-parser-row,CFKKRGACEDP-1312,2,"coordinate-owned-bond row; reconciles source-page columns but does not prove cash receipt, borrower use, liability spread, waterfall, collateral certificate, or return","use coordinate columns to replace token-only owned-bond reconciliation, then join income/proceeds and liability context"
CFKKRGACEDCOB-0578,Schedule D Part 1 Section 1 issuer-credit obligations owned,231,390.00,46625H-LL-2,standard-cusip-like,11160897,10825000,10203913,11127958,,(10554),,,4.950,4.745,,44653,535838,10/29/2020,06/01/2045,11092919,matched-raw-parser-row,CFKKRGACEDP-0569,8,"coordinate-owned-bond row; reconciles source-page columns but does not prove cash receipt, borrower use, liability spread, waterfall, collateral certificate, or return","use coordinate columns to replace token-only owned-bond reconciliation, then join income/proceeds and liability context"
CFKKRGACEDCOB-0579,Schedule D Part 1 Section 1 issuer-credit obligations owned,231,381.96,46647P-AA-4,standard-cusip-like,3428736,3581000,3041612,3450049,,3396,,,4.260,4.523,,54664,152551,12/20/2018,02/22/2048,3619138,matched-raw-parser-row,CFKKRGACEDP-0570,8,"coordinate-owned-bond row; reconciles source-page columns but does not prove cash receipt, borrower use, liability spread, waterfall, collateral certificate, or return","use coordinate columns to replace token-only owned-bond reconciliation, then join income/proceeds and liability context"
CFKKRGACEDCOB-0580,Schedule D Part 1 Section 1 issuer-credit obligations owned,231,373.92,46647P-AL-0,standard-cusip-like,2007902,1680000,1353288,1968590,(9342),,,,3.964,2.898,,66595,,07/27/2021,11/15/2048,,matched-raw-parser-row,CFKKRGACEDP-0571,7,"coordinate-owned-bond row; reconciles source-page columns but does not prove cash receipt, borrower use, liability spread, waterfall, collateral certificate, or return","use coordinate columns to replace token-only owned-bond reconciliation, then join income/proceeds and liability context"
CFKKRGACEDCOB-0581,Schedule D Part 1 Section 1 issuer-credit obligations owned,231,365.88,46647P-FC-5,standard-cusip-like,513130,500000,517416,512771,,,,,5.576,5.233,,12236,,08/13/2025,07/23/2036,,matched-raw-parser-row,CFKKRGACEDP-1313,3,"coordinate-owned-bond row; reconciles source-page columns but does not prove cash receipt, borrower use, liability spread, waterfall, collateral certificate, or return","use coordinate columns to replace token-only owned-bond reconciliation, then join income/proceeds and liability context"
CFKKRGACEDCOB-0582,Schedule D Part 1 Section 1 issuer-credit obligations owned,231,357.84,46647P-FE-1,standard-cusip-like,594189,589000,585082,594115,,,,,4.810,4.698,,5430,,10/21/2025,10/22/2036,,matched-raw-parser-row,CFKKRGACEDP-1314,2,"coordinate-owned-bond row; reconciles source-page columns but does not prove cash receipt, borrower use, liability spread, waterfall, collateral certificate, or return","use coordinate columns to replace token-only owned-bond reconciliation, then join income/proceeds and liability context"
CFKKRGACEDCOB-0583,Schedule D Part 1 Section 1 issuer-credit obligations owned,231,349.80,46653K-AB-4,standard-cusip-like,8693597,7900000,5426436,8616054,,(18522),,,3.750,3.218,,27156,296250,08/09/2021,05/28/2051,,matched-raw-parser-row,CFKKRGACEDP-0574,7,"coordinate-owned-bond row; reconciles source-page columns but does not prove cash receipt, borrower use, liability spread, waterfall, collateral certificate, or return","use coordinate columns to replace token-only owned-bond reconciliation, then join income/proceeds and liability context"
CFKKRGACEDCOB-0584,Schedule D Part 1 Section 1 issuer-credit obligations owned,231,341.76,471105-AE-6,standard-cusip-like,53759,50000,53395,53731,,,,,5.850,4.837,,,1950,11/25/2025,06/15/2035,,matched-raw-parser-row,CFKKRGACEDP-1315,3,"coordinate-owned-bond row; reconciles source-page columns but does not prove cash receipt, borrower use, liability spread, waterfall, collateral certificate, or return","use coordinate columns to replace token-only owned-bond reconciliation, then join income/proceeds and liability context"
CFKKRGACEDCOB-0585,Schedule D Part 1 Section 1 issuer-credit obligations owned,231,333.72,478045-AA-5,standard-cusip-like,455985,481934,469714,458534,,,,,4.626,5.289,,22459,,08/07/2023,01/15/2042,23509,matched-raw-parser-row,CFKKRGACEDP-1708,10,"coordinate-owned-bond row; reconciles source-page columns but does not prove cash receipt, borrower use, liability spread, waterfall, collateral certificate, or return","use coordinate columns to replace token-only owned-bond reconciliation, then join income/proceeds and liability context"
CFKKRGACEDCOB-0586,Schedule D Part 1 Section 1 issuer-credit obligations owned,231,325.68,478160-CL-6,standard-cusip-like,10883,13000,11436,10994,,,,,3.400,5.135,,,,01/21/2025,01/15/2038,13221,matched-raw-parser-row,CFKKRGACEDP-1316,2,"coordinate-owned-bond row; reconciles source-page columns but does not prove cash receipt, borrower use, liability spread, waterfall, collateral certificate, or return","use coordinate columns to replace token-only owned-bond reconciliation, then join income/proceeds and liability context"
CFKKRGACEDCOB-0587,Schedule D Part 1 Section 1 issuer-credit obligations owned,231,317.64,478165-AH-6,standard-cusip-like,5743230,5375000,4760008,5676076,(9344),,,,4.750,4.328,,53899,255313,08/01/2019,10/15/2046,,matched-raw-parser-row,CFKKRGACEDP-0578,7,"coordinate-owned-bond row; reconciles source-page columns but does not prove cash receipt, borrower use, liability spread, waterfall, collateral certificate, or return","use coordinate columns to replace token-only owned-bond reconciliation, then join income/proceeds and liability context"
CFKKRGACEDCOB-0588,Schedule D Part 1 Section 1 issuer-credit obligations owned,231,309.60,47837R-AE-0,standard-cusip-like,51269,50000,50850,51254,,,,,4.900,4.461,,,1225,11/25/2025,12/01/2032,,matched-raw-parser-row,CFKKRGACEDP-1317,3,"coordinate-owned-bond row; reconciles source-page columns but does not prove cash receipt, borrower use, liability spread, waterfall, collateral certificate, or return","use coordinate columns to replace token-only owned-bond reconciliation, then join income/proceeds and liability context"
CFKKRGACEDCOB-0589,Schedule D Part 1 Section 1 issuer-credit obligations owned,231,301.56,48203R-AP-9,standard-cusip-like,44267,50000,44224,44363,,,,,2.000,4.576,,,,11/25/2025,12/10/2030,50500,matched-raw-parser-row,CFKKRGACEDP-1318,2,"coordinate-owned-bond row; reconciles source-page columns but does not prove cash receipt, borrower use, liability spread, waterfall, collateral certificate, or return","use coordinate columns to replace token-only owned-bond reconciliation, then join income/proceeds and liability context"
CFKKRGACEDCOB-0590,Schedule D Part 1 Section 1 issuer-credit obligations owned,231,293.52,485134-BS-8,standard-cusip-like,15479736,13619500,10967021,15251319,,(48849),,,4.125,3.354,,140451,561804,02/19/2021,04/01/2049,13900402,matched-raw-parser-row,CFKKRGACEDP-0581,8,"coordinate-owned-bond row; reconciles source-page columns but does not prove cash receipt, borrower use, liability spread, waterfall, collateral certificate, or return","use coordinate columns to replace token-only owned-bond reconciliation, then join income/proceeds and liability context"
CFKKRGACEDCOB-0591,Schedule D Part 1 Section 1 issuer-credit obligations owned,231,285.48,485260-BK-8,standard-cusip-like,850212,700000,758165,796047,,(5756),,,6.530,4.992,,45710,,09/30/2013,12/15/2037,722855,matched-raw-parser-row,CFKKRGACEDP-0582,8,"coordinate-owned-bond row; reconciles source-page columns but does not prove cash receipt, borrower use, liability spread, waterfall, collateral certificate, or return","use coordinate columns to replace token-only owned-bond reconciliation, then join income/proceeds and liability context"
CFKKRGACEDCOB-0592,Schedule D Part 1 Section 1 issuer-credit obligations owned,231,277.44,487836-BQ-0,standard-cusip-like,7842047,7950000,7008966,7829237,,,,,4.500,4.620,,89438,345725,07/30/2025,04/01/2046,8128875,matched-raw-parser-row,CFKKRGACEDP-1319,3,"coordinate-owned-bond row; reconciles source-page columns but does not prove cash receipt, borrower use, liability spread, waterfall, collateral certificate, or return","use coordinate columns to replace token-only owned-bond reconciliation, then join income/proceeds and liability context"
CFKKRGACEDCOB-0593,Schedule D Part 1 Section 1 issuer-credit obligations owned,231,269.40,491674-BL-0,standard-cusip-like,10102469,8720000,7386127,9908462,,(43118),,,4.375,3.404,,95375,381500,03/11/2021,10/01/2045,,matched-raw-parser-row,CFKKRGACEDP-0584,7,"coordinate-owned-bond row; reconciles source-page columns but does not prove cash receipt, borrower use, liability spread, waterfall, collateral certificate, or return","use coordinate columns to replace token-only owned-bond reconciliation, then join income/proceeds and liability context"
CFKKRGACEDCOB-0594,Schedule D Part 1 Section 1 issuer-credit obligations owned,231,261.36,49271V-AD-2,standard-cusip-like,15000000,15000000,13364905,15000000,,,,,5.085,5.085,,76275,762750,06/06/2019,05/25/2048,15000000,matched-raw-parser-row,CFKKRGACEDP-0585,7,"coordinate-owned-bond row; reconciles source-page columns but does not prove cash receipt, borrower use, liability spread, waterfall, collateral certificate, or return","use coordinate columns to replace token-only owned-bond reconciliation, then join income/proceeds and liability context"
CFKKRGACEDCOB-0595,Schedule D Part 1 Section 1 issuer-credit obligations owned,231,253.32,49338C-AC-7,standard-cusip-like,4910614,7365000,4934466,4945867,35254,,,,3.586,6.126,,119583,132054,01/21/2025,01/18/2052,7497054,matched-raw-parser-row,CFKKRGACEDP-1320,3,"coordinate-owned-bond row; reconciles source-page columns but does not prove cash receipt, borrower use, liability spread, waterfall, collateral certificate, or return","use coordinate columns to replace token-only owned-bond reconciliation, then join income/proceeds and liability context"
CFKKRGACEDCOB-0596,Schedule D Part 1 Section 1 issuer-credit obligations owned,231,245.28,49338L-AG-8,standard-cusip-like,50667,50000,50496,50662,,,,,4.950,4.759,,,,11/25/2025,10/15/2034,,matched-raw-parser-row,CFKKRGACEDP-1321,2,"coordinate-owned-bond row; reconciles source-page columns but does not prove cash receipt, borrower use, liability spread, waterfall, collateral certificate, or return","use coordinate columns to replace token-only owned-bond reconciliation, then join income/proceeds and liability context"
CFKKRGACEDCOB-0597,Schedule D Part 1 Section 1 issuer-credit obligations owned,231,237.24,49427R-AP-7,standard-cusip-like,89150,96000,89398,89287,,,,,3.050,4.945,,1106,,11/25/2025,02/15/2030,97464,matched-raw-parser-row,CFKKRGACEDP-1322,2,"coordinate-owned-bond row; reconciles source-page columns but does not prove cash receipt, borrower use, liability spread, waterfall, collateral certificate, or return","use coordinate columns to replace token-only owned-bond reconciliation, then join income/proceeds and liability context"
CFKKRGACEDCOB-0598,Schedule D Part 1 Section 1 issuer-credit obligations owned,231,229.20,49446R-AM-1,standard-cusip-like,8679947,8800000,7427672,8707404,,2962,,,4.250,4.333,,93500,374000,10/29/2020,04/01/2045,8987000,matched-raw-parser-row,CFKKRGACEDP-0589,8,"coordinate-owned-bond row; reconciles source-page columns but does not prove cash receipt, borrower use, liability spread, waterfall, collateral certificate, or return","use coordinate columns to replace token-only owned-bond reconciliation, then join income/proceeds and liability context"
CFKKRGACEDCOB-0599,Schedule D Part 1 Section 1 issuer-credit obligations owned,231,221.16,494550-AW-6,standard-cusip-like,331494,300000,337409,329656,,(1655),,,6.950,5.798,,20850,,11/12/2024,01/15/2038,310425,matched-raw-parser-row,CFKKRGACEDP-0590,8,"coordinate-owned-bond row; reconciles source-page columns but does not prove cash receipt, borrower use, liability spread, waterfall, collateral certificate, or return","use coordinate columns to replace token-only owned-bond reconciliation, then join income/proceeds and liability context"
CFKKRGACEDCOB-0600,Schedule D Part 1 Section 1 issuer-credit obligations owned,231,213.12,49456B-AQ-4,standard-cusip-like,3138982,3450000,3161746,3146905,6805,,,,5.200,5.917,,59800,179400,11/07/2024,03/01/2048,3539700,matched-raw-parser-row,CFKKRGACEDP-0591,8,"coordinate-owned-bond row; reconciles source-page columns but does not prove cash receipt, borrower use, liability spread, waterfall, collateral certificate, or return","use coordinate columns to replace token-only owned-bond reconciliation, then join income/proceeds and liability context"
CFKKRGACEDCOB-0601,Schedule D Part 1 Section 1 issuer-credit obligations owned,231,205.08,49456B-AS-0,standard-cusip-like,4458679,5000000,3322038,4452823,,(4328),,,3.250,3.568,,67708,162500,08/05/2024,08/01/2050,10162500,matched-raw-parser-row,CFKKRGACEDP-0592,8,"coordinate-owned-bond row; reconciles source-page columns but does not prove cash receipt, borrower use, liability spread, waterfall, collateral certificate, or return","use coordinate columns to replace token-only owned-bond reconciliation, then join income/proceeds and liability context"
CFKKRGACEDCOB-0602,Schedule D Part 1 Section 1 issuer-credit obligations owned,231,197.04,49456B-AT-8,standard-cusip-like,3006228,3456000,2424790,3008971,,7449,,,3.600,4.381,,47002,124416,11/07/2024,02/15/2051,3285086,matched-raw-parser-row,CFKKRGACEDP-0593,8,"coordinate-owned-bond row; reconciles source-page columns but does not prove cash receipt, borrower use, liability spread, waterfall, collateral certificate, or return","use coordinate columns to replace token-only owned-bond reconciliation, then join income/proceeds and liability context"
CFKKRGACEDCOB-0603,Schedule D Part 1 Section 1 issuer-credit obligations owned,231,189.00,49803X-AF-0,standard-cusip-like,50991,50000,50897,50978,,,,,4.950,4.562,,,1238,11/25/2025,12/15/2031,,matched-raw-parser-row,CFKKRGACEDP-1323,3,"coordinate-owned-bond row; reconciles source-page columns but does not prove cash receipt, borrower use, liability spread, waterfall, collateral certificate, or return","use coordinate columns to replace token-only owned-bond reconciliation, then join income/proceeds and liability context"
CFKKRGACEDCOB-0604,Schedule D Part 1 Section 1 issuer-credit obligations owned,231,180.96,50077L-AZ-9,standard-cusip-like,219373,261000,224739,219871,,,,,4.875,6.145,,3181,6362,05/19/2025,10/01/2049,267362,matched-raw-parser-row,CFKKRGACEDP-1324,3,"coordinate-owned-bond row; reconciles source-page columns but does not prove cash receipt, borrower use, liability spread, waterfall, collateral certificate, or return","use coordinate columns to replace token-only owned-bond reconciliation, then join income/proceeds and liability context"
CFKKRGACEDCOB-0605,Schedule D Part 1 Section 1 issuer-credit obligations owned,231,172.92,501044-DF-5,standard-cusip-like,1901995,1680000,1308292,1873686,,(6702),,,3.875,3.105,,13743,65100,07/27/2021,10/15/2046,,matched-raw-parser-row,CFKKRGACEDP-0596,7,"coordinate-owned-bond row; reconciles source-page columns but does not prove cash receipt, borrower use, liability spread, waterfall, collateral certificate, or return","use coordinate columns to replace token-only owned-bond reconciliation, then join income/proceeds and liability context"
CFKKRGACEDCOB-0606,Schedule D Part 1 Section 1 issuer-credit obligations owned,231,164.88,501044-DM-0,standard-cusip-like,4391704,3450780,3305695,4288579,,(23204),,,5.400,3.789,,85924,186342,03/16/2021,01/15/2049,,matched-raw-parser-row,CFKKRGACEDP-1712,8,"coordinate-owned-bond row; reconciles source-page columns but does not prove cash receipt, borrower use, liability spread, waterfall, collateral certificate, or return","use coordinate columns to replace token-only owned-bond reconciliation, then join income/proceeds and liability context"
CFKKRGACEDCOB-0607,Schedule D Part 1 Section 1 issuer-credit obligations owned,231,156.84,501044-DN-8,standard-cusip-like,464690,634000,486357,466630,1940,,,,3.950,6.047,,12522,,05/19/2025,01/15/2050,646522,matched-raw-parser-row,CFKKRGACEDP-1325,3,"coordinate-owned-bond row; reconciles source-page columns but does not prove cash receipt, borrower use, liability spread, waterfall, collateral certificate, or return","use coordinate columns to replace token-only owned-bond reconciliation, then join income/proceeds and liability context"
CFKKRGACEDCOB-0608,Schedule D Part 1 Section 1 issuer-credit obligations owned,231,148.80,50247V-AC-3,standard-cusip-like,5930572,5750000,4776414,5892653,,(5390),,,4.875,4.664,,82536,280313,05/11/2023,03/15/2044,5890156,matched-raw-parser-row,CFKKRGACEDP-0599,8,"coordinate-owned-bond row; reconciles source-page columns but does not prove cash receipt, borrower use, liability spread, waterfall, collateral certificate, or return","use coordinate columns to replace token-only owned-bond reconciliation, then join income/proceeds and liability context"
CFKKRGACEDCOB-0609,Schedule D Part 1 Section 1 issuer-credit obligations owned,231,140.76,50249A-AD-5,standard-cusip-like,2240766,2000000,1430003,2213455,,(5634),,,4.200,3.534,,14000,84000,08/24/2020,05/01/2050,,matched-raw-parser-row,CFKKRGACEDP-0600,7,"coordinate-owned-bond row; reconciles source-page columns but does not prove cash receipt, borrower use, liability spread, waterfall, collateral certificate, or return","use coordinate columns to replace token-only owned-bond reconciliation, then join income/proceeds and liability context"
CFKKRGACEDCOB-0610,Schedule D Part 1 Section 1 issuer-credit obligations owned,231,132.72,50540R-AS-1,standard-cusip-like,14663633,14910600,13308955,14647255,5098,,,,4.700,4.821,,291999,700798,05/16/2023,02/01/2045,15260999,matched-raw-parser-row,CFKKRGACEDP-1713,8,"coordinate-owned-bond row; reconciles source-page columns but does not prove cash receipt, borrower use, liability spread, waterfall, collateral certificate, or return","use coordinate columns to replace token-only owned-bond reconciliation, then join income/proceeds and liability context"
CFKKRGACEDCOB-0611,Schedule D Part 1 Section 1 issuer-credit obligations owned,231,124.68,512807-AW-8,standard-cusip-like,5782433,5864000,3822260,5791454,1887,,,,2.875,2.944,,7493,168590,08/09/2021,06/15/2050,5948295,matched-raw-parser-row,CFKKRGACEDP-1714,10,"coordinate-owned-bond row; reconciles source-page columns but does not prove cash receipt, borrower use, liability spread, waterfall, collateral certificate, or return","use coordinate columns to replace token-only owned-bond reconciliation, then join income/proceeds and liability context"
CFKKRGACEDCOB-0612,Schedule D Part 1 Section 1 issuer-credit obligations owned,231,116.64,53079E-BG-8,standard-cusip-like,50425,50000,50297,50415,,,,,4.569,4.278,,,,11/25/2025,02/01/2029,51142,matched-raw-parser-row,CFKKRGACEDP-1326,2,"coordinate-owned-bond row; reconciles source-page columns but does not prove cash receipt, borrower use, liability spread, waterfall, collateral certificate, or return","use coordinate columns to replace token-only owned-bond reconciliation, then join income/proceeds and liability context"
CFKKRGACEDCOB-0613,Schedule D Part 1 Section 1 issuer-credit obligations owned,231,108.60,532457-BT-4,standard-cusip-like,1425948,1400000,1127424,1422392,,,,,3.950,3.840,,55300,,08/01/2019,03/15/2049,1427650,matched-raw-parser-row,CFKKRGACEDP-0604,7,"coordinate-owned-bond row; reconciles source-page columns but does not prove cash receipt, borrower use, liability spread, waterfall, collateral certificate, or return","use coordinate columns to replace token-only owned-bond reconciliation, then join income/proceeds and liability context"
CFKKRGACEDCOB-0614,Schedule D Part 1 Section 1 issuer-credit obligations owned,231,100.56,532457-CM-8,standard-cusip-like,14595359,15693000,14675173,14611379,15955,,,,5.000,5.484,,309501,784650,01/21/2025,02/09/2054,16085325,matched-raw-parser-row,CFKKRGACEDP-1327,3,"coordinate-owned-bond row; reconciles source-page columns but does not prove cash receipt, borrower use, liability spread, waterfall, collateral certificate, or return","use coordinate columns to replace token-only owned-bond reconciliation, then join income/proceeds and liability context"
CFKKRGACEDCOB-0615,Schedule D Part 1 Section 1 issuer-credit obligations owned,231,92.52,532457-CS-5,standard-cusip-like,674532,693000,649587,674933,,,,,5.050,5.227,,34997,,11/07/2024,08/14/2054,710498,matched-raw-parser-row,CFKKRGACEDP-0606,7,"coordinate-owned-bond row; reconciles source-page columns but does not prove cash receipt, borrower use, liability spread, waterfall, collateral certificate, or return","use coordinate columns to replace token-only owned-bond reconciliation, then join income/proceeds and liability context"
CFKKRGACEDCOB-0616,Schedule D Part 1 Section 1 issuer-credit obligations owned,231,84.48,532457-DG-0,standard-cusip-like,674561,635000,640359,674567,,,,,5.650,5.272,,13055,,10/21/2025,10/15/2065,,matched-raw-parser-row,CFKKRGACEDP-1328,3,"coordinate-owned-bond row; reconciles source-page columns but does not prove cash receipt, borrower use, liability spread, waterfall, collateral certificate, or return","use coordinate columns to replace token-only owned-bond reconciliation, then join income/proceeds and liability context"
CFKKRGACEDCOB-0617,Schedule D Part 1 Section 1 issuer-credit obligations owned,231,76.44,53359K-AC-5,standard-cusip-like,50376,50000,50366,50370,,,,,4.625,4.445,,,,11/25/2025,08/18/2030,51156,matched-raw-parser-row,CFKKRGACEDP-1329,2,"coordinate-owned-bond row; reconciles source-page columns but does not prove cash receipt, borrower use, liability spread, waterfall, collateral certificate, or return","use coordinate columns to replace token-only owned-bond reconciliation, then join income/proceeds and liability context"
CFKKRGACEDCOB-0618,Schedule D Part 1 Section 1 issuer-credit obligations owned,231,68.40,539439-BE-8,standard-cusip-like,1097325,1059000,1113944,1096322,,(1003),,,6.068,5.583,,32130,,08/13/2025,06/13/2036,,matched-raw-parser-row,CFKKRGACEDP-1330,3,"coordinate-owned-bond row; reconciles source-page columns but does not prove cash receipt, borrower use, liability spread, waterfall, collateral certificate, or return","use coordinate columns to replace token-only owned-bond reconciliation, then join income/proceeds and liability context"
CFKKRGACEDCOB-0619,Schedule D Part 1 Section 1 issuer-credit obligations owned,231,60.36,53944Y-AE-3,standard-cusip-like,,,,,,18432,,,4.344,5.743,,,86678,02/10/2023,01/09/2048,,matched-raw-parser-row,CFKKRGACEDP-1716,10,"coordinate-owned-bond row; reconciles source-page columns but does not prove cash receipt, borrower use, liability spread, waterfall, collateral certificate, or return","use coordinate columns to replace token-only owned-bond reconciliation, then join income/proceeds and liability context"
CFKKRGACEDCOB-0620,Schedule D Part 1 Section 1 issuer-credit obligations owned,232,414.12,539830-BL-2,standard-cusip-like,9256907,8025000,7283981,9045205,,(34018),,,4.700,3.776,,48195,377175,03/30/2023,05/15/2046,1074675,matched-raw-parser-row,CFKKRGACEDP-0611,8,"coordinate-owned-bond row; reconciles source-page columns but does not prove cash receipt, borrower use, liability spread, waterfall, collateral certificate, or return","use coordinate columns to replace token-only owned-bond reconciliation, then join income/proceeds and liability context"
CFKKRGACEDCOB-0621,Schedule D Part 1 Section 1 issuer-credit obligations owned,232,406.08,539830-BN-8,standard-cusip-like,7504481,5972000,4740278,7353567,,(35581),,,4.090,2.830,,71919,242782,08/13/2025,09/15/2052,6094127,matched-raw-parser-row,CFKKRGACEDP-1331,3,"coordinate-owned-bond row; reconciles source-page columns but does not prove cash receipt, borrower use, liability spread, waterfall, collateral certificate, or return","use coordinate columns to replace token-only owned-bond reconciliation, then join income/proceeds and liability context"
CFKKRGACEDCOB-0622,Schedule D Part 1 Section 1 issuer-credit obligations owned,232,398.04,539830-BS-7,standard-cusip-like,745606,929000,743006,748273,2667,,,,4.150,5.537,,38554,,01/21/2025,06/15/2053,948277,matched-raw-parser-row,CFKKRGACEDP-1332,3,"coordinate-owned-bond row; reconciles source-page columns but does not prove cash receipt, borrower use, liability spread, waterfall, collateral certificate, or return","use coordinate columns to replace token-only owned-bond reconciliation, then join income/proceeds and liability context"
CFKKRGACEDCOB-0623,Schedule D Part 1 Section 1 issuer-credit obligations owned,232,390.00,539830-BX-6,standard-cusip-like,6119989,5992000,6056237,6119039,,,,,5.700,5.551,,43642,341544,01/21/2025,11/15/2054,,matched-raw-parser-row,CFKKRGACEDP-1333,3,"coordinate-owned-bond row; reconciles source-page columns but does not prove cash receipt, borrower use, liability spread, waterfall, collateral certificate, or return","use coordinate columns to replace token-only owned-bond reconciliation, then join income/proceeds and liability context"
CFKKRGACEDCOB-0624,Schedule D Part 1 Section 1 issuer-credit obligations owned,232,381.96,546676-AY-3,standard-cusip-like,23606755,22182000,18210480,23364177,,(48131),,,4.250,3.823,,235684,942735,12/07/2020,04/01/2049,15924351,matched-raw-parser-row,CFKKRGACEDP-0615,8,"coordinate-owned-bond row; reconciles source-page columns but does not prove cash receipt, borrower use, liability spread, waterfall, collateral certificate, or return","use coordinate columns to replace token-only owned-bond reconciliation, then join income/proceeds and liability context"
CFKKRGACEDCOB-0625,Schedule D Part 1 Section 1 issuer-credit obligations owned,232,373.92,548661-DQ-7,standard-cusip-like,13492065,14225000,11265920,13537440,,16810,,,4.050,4.385,,92818,576113,02/14/2024,05/03/2047,16961656,matched-raw-parser-row,CFKKRGACEDP-0616,8,"coordinate-owned-bond row; reconciles source-page columns but does not prove cash receipt, borrower use, liability spread, waterfall, collateral certificate, or return","use coordinate columns to replace token-only owned-bond reconciliation, then join income/proceeds and liability context"
CFKKRGACEDCOB-0626,Schedule D Part 1 Section 1 issuer-credit obligations owned,232,365.88,548661-DW-4,standard-cusip-like,187194,200000,181506,187482,,,,,5.125,5.600,,10250,,11/12/2024,04/15/2050,205125,matched-raw-parser-row,CFKKRGACEDP-0617,7,"coordinate-owned-bond row; reconciles source-page columns but does not prove cash receipt, borrower use, liability spread, waterfall, collateral certificate, or return","use coordinate columns to replace token-only owned-bond reconciliation, then join income/proceeds and liability context"
CFKKRGACEDCOB-0627,Schedule D Part 1 Section 1 issuer-credit obligations owned,232,357.84,548661-EB-9,standard-cusip-like,3961792,3665000,2558730,3932259,,(7119),,,3.500,3.077,,32069,128275,08/09/2021,04/01/2051,,matched-raw-parser-row,CFKKRGACEDP-0618,7,"coordinate-owned-bond row; reconciles source-page columns but does not prove cash receipt, borrower use, liability spread, waterfall, collateral certificate, or return","use coordinate columns to replace token-only owned-bond reconciliation, then join income/proceeds and liability context"
CFKKRGACEDCOB-0628,Schedule D Part 1 Section 1 issuer-credit obligations owned,232,349.80,548661-EJ-2,standard-cusip-like,315918,419000,330350,316922,1004,,,,4.250,6.128,,4452,8904,05/19/2025,04/01/2052,427904,matched-raw-parser-row,CFKKRGACEDP-1334,3,"coordinate-owned-bond row; reconciles source-page columns but does not prove cash receipt, borrower use, liability spread, waterfall, collateral certificate, or return","use coordinate columns to replace token-only owned-bond reconciliation, then join income/proceeds and liability context"
CFKKRGACEDCOB-0629,Schedule D Part 1 Section 1 issuer-credit obligations owned,232,341.76,548661-EM-5,standard-cusip-like,11238798,11447000,11111259,11247276,,2526,,,5.625,5.752,,135933,603197,05/19/2025,04/15/2053,11768947,matched-raw-parser-row,CFKKRGACEDP-1335,3,"coordinate-owned-bond row; reconciles source-page columns but does not prove cash receipt, borrower use, liability spread, waterfall, collateral certificate, or return","use coordinate columns to replace token-only owned-bond reconciliation, then join income/proceeds and liability context"
CFKKRGACEDCOB-0630,Schedule D Part 1 Section 1 issuer-credit obligations owned,232,333.72,548661-ER-4,standard-cusip-like,1404344,1442000,1428676,1404822,,,,,5.750,5.940,,44333,,05/19/2025,07/01/2053,1483458,matched-raw-parser-row,CFKKRGACEDP-1336,3,"coordinate-owned-bond row; reconciles source-page columns but does not prove cash receipt, borrower use, liability spread, waterfall, collateral certificate, or return","use coordinate columns to replace token-only owned-bond reconciliation, then join income/proceeds and liability context"
CFKKRGACEDCOB-0631,Schedule D Part 1 Section 1 issuer-credit obligations owned,232,325.68,55336V-AL-4,standard-cusip-like,8827281,8700000,7780161,8809649,,(2941),,,5.200,5.101,,150800,452400,08/01/2018,03/01/2047,,matched-raw-parser-row,CFKKRGACEDP-0622,7,"coordinate-owned-bond row; reconciles source-page columns but does not prove cash receipt, borrower use, liability spread, waterfall, collateral certificate, or return","use coordinate columns to replace token-only owned-bond reconciliation, then join income/proceeds and liability context"
CFKKRGACEDCOB-0632,Schedule D Part 1 Section 1 issuer-credit obligations owned,232,317.64,55336V-AN-0,standard-cusip-like,6855940,7450000,6203285,6879006,,12677,,,4.700,5.277,,73921,350150,11/07/2024,04/15/2048,7625075,matched-raw-parser-row,CFKKRGACEDP-0623,8,"coordinate-owned-bond row; reconciles source-page columns but does not prove cash receipt, borrower use, liability spread, waterfall, collateral certificate, or return","use coordinate columns to replace token-only owned-bond reconciliation, then join income/proceeds and liability context"
CFKKRGACEDCOB-0633,Schedule D Part 1 Section 1 issuer-credit obligations owned,232,309.60,55336V-AT-7,standard-cusip-like,3271083,3450000,3172021,3275610,,3824,,,5.500,5.904,,71683,189750,11/07/2024,02/15/2049,3544875,matched-raw-parser-row,CFKKRGACEDP-0624,8,"coordinate-owned-bond row; reconciles source-page columns but does not prove cash receipt, borrower use, liability spread, waterfall, collateral certificate, or return","use coordinate columns to replace token-only owned-bond reconciliation, then join income/proceeds and liability context"
CFKKRGACEDCOB-0634,Schedule D Part 1 Section 1 issuer-credit obligations owned,232,301.56,55336V-BW-9,standard-cusip-like,955811,994000,923943,956581,,,,,5.650,5.931,,18720,56161,11/07/2024,03/01/2053,1022081,matched-raw-parser-row,CFKKRGACEDP-0625,7,"coordinate-owned-bond row; reconciles source-page columns but does not prove cash receipt, borrower use, liability spread, waterfall, collateral certificate, or return","use coordinate columns to replace token-only owned-bond reconciliation, then join income/proceeds and liability context"
CFKKRGACEDCOB-0635,Schedule D Part 1 Section 1 issuer-credit obligations owned,232,293.52,55336V-BY-5,standard-cusip-like,3301973,3360000,3386104,3305834,3861,,,,5.400,5.626,,45360,101304,03/25/2025,04/01/2035,3450720,matched-raw-parser-row,CFKKRGACEDP-1337,3,"coordinate-owned-bond row; reconciles source-page columns but does not prove cash receipt, borrower use, liability spread, waterfall, collateral certificate, or return","use coordinate columns to replace token-only owned-bond reconciliation, then join income/proceeds and liability context"
CFKKRGACEDCOB-0636,Schedule D Part 1 Section 1 issuer-credit obligations owned,232,285.48,559222-BD-5,standard-cusip-like,755955,726000,770245,755132,,,,,5.875,5.317,,22393,,08/13/2025,06/01/2035,,matched-raw-parser-row,CFKKRGACEDP-1338,3,"coordinate-owned-bond row; reconciles source-page columns but does not prove cash receipt, borrower use, liability spread, waterfall, collateral certificate, or return","use coordinate columns to replace token-only owned-bond reconciliation, then join income/proceeds and liability context"
CFKKRGACEDCOB-0637,Schedule D Part 1 Section 1 issuer-credit obligations owned,232,277.44,56585A-BE-1,standard-cusip-like,2314378,2350000,1900992,2319225,,,,,4.500,4.595,,26438,105750,05/23/2019,04/01/2048,2402875,matched-raw-parser-row,CFKKRGACEDP-0628,7,"coordinate-owned-bond row; reconciles source-page columns but does not prove cash receipt, borrower use, liability spread, waterfall, collateral certificate, or return","use coordinate columns to replace token-only owned-bond reconciliation, then join income/proceeds and liability context"
CFKKRGACEDCOB-0638,Schedule D Part 1 Section 1 issuer-credit obligations owned,232,269.40,570535-AX-2,standard-cusip-like,34536,50000,34004,34560,,,,,3.450,5.737,,,,11/25/2025,05/07/2052,50863,matched-raw-parser-row,CFKKRGACEDP-1339,2,"coordinate-owned-bond row; reconciles source-page columns but does not prove cash receipt, borrower use, liability spread, waterfall, collateral certificate, or return","use coordinate columns to replace token-only owned-bond reconciliation, then join income/proceeds and liability context"
CFKKRGACEDCOB-0639,Schedule D Part 1 Section 1 issuer-credit obligations owned,232,261.36,571676-AC-9,standard-cusip-like,13203,15000,13874,13350,,,,,3.600,5.261,,,,01/21/2025,04/01/2034,15270,matched-raw-parser-row,CFKKRGACEDP-1340,2,"coordinate-owned-bond row; reconciles source-page columns but does not prove cash receipt, borrower use, liability spread, waterfall, collateral certificate, or return","use coordinate columns to replace token-only owned-bond reconciliation, then join income/proceeds and liability context"
CFKKRGACEDCOB-0640,Schedule D Part 1 Section 1 issuer-credit obligations owned,232,253.32,571676-AF-2,standard-cusip-like,1549969,1700000,1346883,1561174,,3351,,,3.950,4.521,,16788,67150,06/23/2022,04/01/2049,1733575,matched-raw-parser-row,CFKKRGACEDP-0631,8,"coordinate-owned-bond row; reconciles source-page columns but does not prove cash receipt, borrower use, liability spread, waterfall, collateral certificate, or return","use coordinate columns to replace token-only owned-bond reconciliation, then join income/proceeds and liability context"
CFKKRGACEDCOB-0641,Schedule D Part 1 Section 1 issuer-credit obligations owned,232,245.28,571676-AG-0,standard-cusip-like,3698352,3150000,2475461,3639774,,(10713),,,4.125,3.268,,32484,129938,01/17/2020,04/01/2054,,matched-raw-parser-row,CFKKRGACEDP-0632,7,"coordinate-owned-bond row; reconciles source-page columns but does not prove cash receipt, borrower use, liability spread, waterfall, collateral certificate, or return","use coordinate columns to replace token-only owned-bond reconciliation, then join income/proceeds and liability context"
CFKKRGACEDCOB-0642,Schedule D Part 1 Section 1 issuer-credit obligations owned,232,237.24,571676-AH-8,standard-cusip-like,9239468,8050000,6274358,9140202,,(17573),,,4.200,3.502,,84525,338100,10/11/2019,04/01/2059,,matched-raw-parser-row,CFKKRGACEDP-0633,7,"coordinate-owned-bond row; reconciles source-page columns but does not prove cash receipt, borrower use, liability spread, waterfall, collateral certificate, or return","use coordinate columns to replace token-only owned-bond reconciliation, then join income/proceeds and liability context"
CFKKRGACEDCOB-0643,Schedule D Part 1 Section 1 issuer-credit obligations owned,232,229.20,571676-BC-8,standard-cusip-like,1067658,1108000,1104499,1068274,,,,,5.700,5.960,,40174,,05/19/2025,05/01/2055,1139578,matched-raw-parser-row,CFKKRGACEDP-1341,3,"coordinate-owned-bond row; reconciles source-page columns but does not prove cash receipt, borrower use, liability spread, waterfall, collateral certificate, or return","use coordinate columns to replace token-only owned-bond reconciliation, then join income/proceeds and liability context"
CFKKRGACEDCOB-0644,Schedule D Part 1 Section 1 issuer-credit obligations owned,232,221.16,571748-BW-1,standard-cusip-like,7962,8000,8278,7966,,,,,5.150,5.215,,,,01/21/2025,03/15/2034,8206,matched-raw-parser-row,CFKKRGACEDP-1342,2,"coordinate-owned-bond row; reconciles source-page columns but does not prove cash receipt, borrower use, liability spread, waterfall, collateral certificate, or return","use coordinate columns to replace token-only owned-bond reconciliation, then join income/proceeds and liability context"
CFKKRGACEDCOB-0645,Schedule D Part 1 Section 1 issuer-credit obligations owned,232,213.12,573284-AW-6,standard-cusip-like,45292,50000,45186,45361,,,,,2.400,4.301,,,,11/25/2025,07/15/2031,50600,matched-raw-parser-row,CFKKRGACEDP-1343,2,"coordinate-owned-bond row; reconciles source-page columns but does not prove cash receipt, borrower use, liability spread, waterfall, collateral certificate, or return","use coordinate columns to replace token-only owned-bond reconciliation, then join income/proceeds and liability context"
CFKKRGACEDCOB-0646,Schedule D Part 1 Section 1 issuer-credit obligations owned,232,205.08,573874-AQ-7,standard-cusip-like,53615,50000,53486,53578,,,,,5.950,4.797,,,,11/25/2025,09/15/2033,,matched-raw-parser-row,CFKKRGACEDP-1344,2,"coordinate-owned-bond row; reconciles source-page columns but does not prove cash receipt, borrower use, liability spread, waterfall, collateral certificate, or return","use coordinate columns to replace token-only owned-bond reconciliation, then join income/proceeds and liability context"
CFKKRGACEDCOB-0647,Schedule D Part 1 Section 1 issuer-credit obligations owned,232,197.04,575634-AT-7,standard-cusip-like,7708493,8142000,6454801,7746672,8761,,,,4.004,4.329,,123158,326006,11/03/2022,08/15/2046,8305003,matched-raw-parser-row,CFKKRGACEDP-0638,8,"coordinate-owned-bond row; reconciles source-page columns but does not prove cash receipt, borrower use, liability spread, waterfall, collateral certificate, or return","use coordinate columns to replace token-only owned-bond reconciliation, then join income/proceeds and liability context"
CFKKRGACEDCOB-0648,Schedule D Part 1 Section 1 issuer-credit obligations owned,232,189.00,575718-AA-9,standard-cusip-like,30755100,26017175,26085820,30719622,,(4077),,,5.600,4.729,,1456962,,01/30/2015,07/01/2111,26745656,matched-raw-parser-row,CFKKRGACEDP-0639,8,"coordinate-owned-bond row; reconciles source-page columns but does not prove cash receipt, borrower use, liability spread, waterfall, collateral certificate, or return","use coordinate columns to replace token-only owned-bond reconciliation, then join income/proceeds and liability context"
CFKKRGACEDCOB-0649,Schedule D Part 1 Section 1 issuer-credit obligations owned,232,180.96,579780-AP-2,standard-cusip-like,1493900,1500000,1223009,1494982,,,,,4.200,4.224,,23800,63000,08/09/2017,08/15/2047,1531500,matched-raw-parser-row,CFKKRGACEDP-0640,7,"coordinate-owned-bond row; reconciles source-page columns but does not prove cash receipt, borrower use, liability spread, waterfall, collateral certificate, or return","use coordinate columns to replace token-only owned-bond reconciliation, then join income/proceeds and liability context"
CFKKRGACEDCOB-0650,Schedule D Part 1 Section 1 issuer-credit obligations owned,232,172.92,58013M-EK-6,standard-cusip-like,108764,117000,112778,109097,,,,,4.875,5.559,,2630,2852,01/21/2025,07/15/2040,119852,matched-raw-parser-row,CFKKRGACEDP-1345,2,"coordinate-owned-bond row; reconciles source-page columns but does not prove cash receipt, borrower use, liability spread, waterfall, collateral certificate, or return","use coordinate columns to replace token-only owned-bond reconciliation, then join income/proceeds and liability context"
CFKKRGACEDCOB-0651,Schedule D Part 1 Section 1 issuer-credit obligations owned,232,164.88,58013M-FA-7,standard-cusip-like,31409120,27125000,24735149,30494597,,(114727),,,4.875,3.944,,80810,1322344,10/29/2020,12/09/2045,10216092,matched-raw-parser-row,CFKKRGACEDP-0642,8,"coordinate-owned-bond row; reconciles source-page columns but does not prove cash receipt, borrower use, liability spread, waterfall, collateral certificate, or return","use coordinate columns to replace token-only owned-bond reconciliation, then join income/proceeds and liability context"
CFKKRGACEDCOB-0652,Schedule D Part 1 Section 1 issuer-credit obligations owned,232,156.84,58013M-FC-3,standard-cusip-like,4920929,4535000,3882899,4862041,,(10102),,,4.450,3.937,,67269,201808,06/20/2019,03/01/2047,,matched-raw-parser-row,CFKKRGACEDP-0643,7,"coordinate-owned-bond row; reconciles source-page columns but does not prove cash receipt, borrower use, liability spread, waterfall, collateral certificate, or return","use coordinate columns to replace token-only owned-bond reconciliation, then join income/proceeds and liability context"
CFKKRGACEDCOB-0653,Schedule D Part 1 Section 1 issuer-credit obligations owned,232,148.80,58013M-FH-2,standard-cusip-like,7068300,7500000,6379248,7125283,8978,,,,4.450,4.815,,111250,333750,10/31/2018,09/01/2048,7666875,matched-raw-parser-row,CFKKRGACEDP-0644,8,"coordinate-owned-bond row; reconciles source-page columns but does not prove cash receipt, borrower use, liability spread, waterfall, collateral certificate, or return","use coordinate columns to replace token-only owned-bond reconciliation, then join income/proceeds and liability context"
CFKKRGACEDCOB-0654,Schedule D Part 1 Section 1 issuer-credit obligations owned,232,140.76,58013M-FT-6,standard-cusip-like,214351,225000,208996,214568,,,,,5.150,5.483,,3605,11588,11/12/2024,09/09/2052,230794,matched-raw-parser-row,CFKKRGACEDP-0645,7,"coordinate-owned-bond row; reconciles source-page columns but does not prove cash receipt, borrower use, liability spread, waterfall, collateral certificate, or return","use coordinate columns to replace token-only owned-bond reconciliation, then join income/proceeds and liability context"
CFKKRGACEDCOB-0655,Schedule D Part 1 Section 1 issuer-credit obligations owned,232,132.72,58013M-FW-9,standard-cusip-like,643052,650000,631594,643241,,,,,5.450,5.524,,35425,,11/12/2024,08/14/2053,667713,matched-raw-parser-row,CFKKRGACEDP-0646,7,"coordinate-owned-bond row; reconciles source-page columns but does not prove cash receipt, borrower use, liability spread, waterfall, collateral certificate, or return","use coordinate columns to replace token-only owned-bond reconciliation, then join income/proceeds and liability context"
CFKKRGACEDCOB-0656,Schedule D Part 1 Section 1 issuer-credit obligations owned,232,124.68,581557-BX-2,standard-cusip-like,632195,623000,640740,631677,,,,,4.950,4.691,,15419,,07/02/2025,05/30/2032,,matched-raw-parser-row,CFKKRGACEDP-1346,3,"coordinate-owned-bond row; reconciles source-page columns but does not prove cash receipt, borrower use, liability spread, waterfall, collateral certificate, or return","use coordinate columns to replace token-only owned-bond reconciliation, then join income/proceeds and liability context"
CFKKRGACEDCOB-0657,Schedule D Part 1 Section 1 issuer-credit obligations owned,232,116.64,585055-BU-9,standard-cusip-like,730595,709000,649493,726310,,,,,4.625,4.435,,32791,,09/02/2015,03/15/2045,725396,matched-raw-parser-row,CFKKRGACEDP-0648,7,"coordinate-owned-bond row; reconciles source-page columns but does not prove cash receipt, borrower use, liability spread, waterfall, collateral certificate, or return","use coordinate columns to replace token-only owned-bond reconciliation, then join income/proceeds and liability context"
CFKKRGACEDCOB-0658,Schedule D Part 1 Section 1 issuer-credit obligations owned,232,108.60,586054-AC-2,standard-cusip-like,12098183,12148000,9904733,12105485,,,,,4.200,4.221,,255108,510216,12/20/2018,07/01/2055,12403108,matched-raw-parser-row,CFKKRGACEDP-0649,7,"coordinate-owned-bond row; reconciles source-page columns but does not prove cash receipt, borrower use, liability spread, waterfall, collateral certificate, or return","use coordinate columns to replace token-only owned-bond reconciliation, then join income/proceeds and liability context"
CFKKRGACEDCOB-0659,Schedule D Part 1 Section 1 issuer-credit obligations owned,232,100.56,58933Y-AW-5,standard-cusip-like,4185820,4550000,3653243,4171749,6190,,,,4.000,4.515,,57633,182000,11/07/2024,03/07/2049,4641000,matched-raw-parser-row,CFKKRGACEDP-0650,8,"coordinate-owned-bond row; reconciles source-page columns but does not prove cash receipt, borrower use, liability spread, waterfall, collateral certificate, or return","use coordinate columns to replace token-only owned-bond reconciliation, then join income/proceeds and liability context"
CFKKRGACEDCOB-0660,Schedule D Part 1 Section 1 issuer-credit obligations owned,232,92.52,58933Y-BF-1,standard-cusip-like,3486652,5000000,3097940,3561552,28494,,,,2.750,4.676,,20863,137500,03/30/2023,12/10/2051,5068750,matched-raw-parser-row,CFKKRGACEDP-0651,8,"coordinate-owned-bond row; reconciles source-page columns but does not prove cash receipt, borrower use, liability spread, waterfall, collateral certificate, or return","use coordinate columns to replace token-only owned-bond reconciliation, then join income/proceeds and liability context"
CFKKRGACEDCOB-0661,Schedule D Part 1 Section 1 issuer-credit obligations owned,232,84.48,58933Y-BG-9,standard-cusip-like,56455,91000,52937,56521,,,,,2.900,5.257,,,1320,10/21/2025,12/10/2061,92320,matched-raw-parser-row,CFKKRGACEDP-1347,2,"coordinate-owned-bond row; reconciles source-page columns but does not prove cash receipt, borrower use, liability spread, waterfall, collateral certificate, or return","use coordinate columns to replace token-only owned-bond reconciliation, then join income/proceeds and liability context"
CFKKRGACEDCOB-0662,Schedule D Part 1 Section 1 issuer-credit obligations owned,232,76.44,58933Y-BM-6,standard-cusip-like,8398450,9113000,8377317,8409578,,11128,,,5.000,5.552,,55691,455650,01/21/2025,05/17/2053,9340825,matched-raw-parser-row,CFKKRGACEDP-1348,3,"coordinate-owned-bond row; reconciles source-page columns but does not prove cash receipt, borrower use, liability spread, waterfall, collateral certificate, or return","use coordinate columns to replace token-only owned-bond reconciliation, then join income/proceeds and liability context"
CFKKRGACEDCOB-0663,Schedule D Part 1 Section 1 issuer-credit obligations owned,232,68.40,58933Y-BN-4,standard-cusip-like,616109,635000,583968,616168,,,,,5.150,5.334,,16351,,10/21/2025,05/17/2063,651351,matched-raw-parser-row,CFKKRGACEDP-1349,3,"coordinate-owned-bond row; reconciles source-page columns but does not prove cash receipt, borrower use, liability spread, waterfall, collateral certificate, or return","use coordinate columns to replace token-only owned-bond reconciliation, then join income/proceeds and liability context"
CFKKRGACEDCOB-0664,Schedule D Part 1 Section 1 issuer-credit obligations owned,232,60.36,58933Y-BY-0,standard-cusip-like,5676653,5669000,5678577,5676627,,,,,4.450,4.427,,18920,,12/16/2025,12/04/2032,,matched-raw-parser-row,CFKKRGACEDP-1350,3,"coordinate-owned-bond row; reconciles source-page columns but does not prove cash receipt, borrower use, liability spread, waterfall, collateral certificate, or return","use coordinate columns to replace token-only owned-bond reconciliation, then join income/proceeds and liability context"
CFKKRGACEDCOB-0665,Schedule D Part 1 Section 1 issuer-credit obligations owned,233,414.12,594918-BM-5,standard-cusip-like,4227111,3900000,3579768,4185669,,(5041),,,4.750,4.294,,29846,185250,09/29/2023,11/03/2055,3992625,matched-raw-parser-row,CFKKRGACEDP-0656,8,"coordinate-owned-bond row; reconciles source-page columns but does not prove cash receipt, borrower use, liability spread, waterfall, collateral certificate, or return","use coordinate columns to replace token-only owned-bond reconciliation, then join income/proceeds and liability context"
CFKKRGACEDCOB-0666,Schedule D Part 1 Section 1 issuer-credit obligations owned,233,406.08,594918-CA-0,standard-cusip-like,3224160,3000000,2655870,3182910,,(5568),,,4.250,3.820,,51354,191250,07/25/2024,02/06/2047,,matched-raw-parser-row,CFKKRGACEDP-0657,7,"coordinate-owned-bond row; reconciles source-page columns but does not prove cash receipt, borrower use, liability spread, waterfall, collateral certificate, or return","use coordinate columns to replace token-only owned-bond reconciliation, then join income/proceeds and liability context"
CFKKRGACEDCOB-0667,Schedule D Part 1 Section 1 issuer-credit obligations owned,233,398.04,594918-CW-2,standard-cusip-like,977768,1100000,667283,990125,,2933,,,2.500,3.081,,27500,,08/09/2021,09/15/2050,1113750,matched-raw-parser-row,CFKKRGACEDP-0658,8,"coordinate-owned-bond row; reconciles source-page columns but does not prove cash receipt, borrower use, liability spread, waterfall, collateral certificate, or return","use coordinate columns to replace token-only owned-bond reconciliation, then join income/proceeds and liability context"
CFKKRGACEDCOB-0668,Schedule D Part 1 Section 1 issuer-credit obligations owned,233,390.00,595017-BL-7,standard-cusip-like,51166,50000,51037,51143,,,,,5.050,4.425,,,,11/25/2025,02/15/2030,,matched-raw-parser-row,CFKKRGACEDP-1351,2,"coordinate-owned-bond row; reconciles source-page columns but does not prove cash receipt, borrower use, liability spread, waterfall, collateral certificate, or return","use coordinate columns to replace token-only owned-bond reconciliation, then join income/proceeds and liability context"
CFKKRGACEDCOB-0669,Schedule D Part 1 Section 1 issuer-credit obligations owned,233,381.96,595112-BT-9,standard-cusip-like,386170,500000,383548,386600,,,,,3.366,5.535,,2805,,11/25/2025,11/01/2041,508415,matched-raw-parser-row,CFKKRGACEDP-1352,3,"coordinate-owned-bond row; reconciles source-page columns but does not prove cash receipt, borrower use, liability spread, waterfall, collateral certificate, or return","use coordinate columns to replace token-only owned-bond reconciliation, then join income/proceeds and liability context"
CFKKRGACEDCOB-0670,Schedule D Part 1 Section 1 issuer-credit obligations owned,233,373.92,595620-AS-4,standard-cusip-like,2488449,2117000,1587344,2443671,,(10499),,,3.650,2.716,,32196,77271,07/27/2021,08/01/2048,,matched-raw-parser-row,CFKKRGACEDP-0661,7,"coordinate-owned-bond row; reconciles source-page columns but does not prove cash receipt, borrower use, liability spread, waterfall, collateral certificate, or return","use coordinate columns to replace token-only owned-bond reconciliation, then join income/proceeds and liability context"
CFKKRGACEDCOB-0671,Schedule D Part 1 Section 1 issuer-credit obligations owned,233,365.88,606769-AN-7,standard-cusip-like,50448,50000,50006,50446,,,,,4.875,4.757,,,,11/25/2025,09/09/2035,,matched-raw-parser-row,CFKKRGACEDP-1353,2,"coordinate-owned-bond row; reconciles source-page columns but does not prove cash receipt, borrower use, liability spread, waterfall, collateral certificate, or return","use coordinate columns to replace token-only owned-bond reconciliation, then join income/proceeds and liability context"
CFKKRGACEDCOB-0672,Schedule D Part 1 Section 1 issuer-credit obligations owned,233,357.84,60682L-AH-5,standard-cusip-like,50788,50000,50760,50747,,,,,5.080,4.116,,,,11/25/2025,09/15/2027,,matched-raw-parser-row,CFKKRGACEDP-1354,2,"coordinate-owned-bond row; reconciles source-page columns but does not prove cash receipt, borrower use, liability spread, waterfall, collateral certificate, or return","use coordinate columns to replace token-only owned-bond reconciliation, then join income/proceeds and liability context"
CFKKRGACEDCOB-0673,Schedule D Part 1 Section 1 issuer-credit obligations owned,233,349.80,60871R-AH-3,standard-cusip-like,41018,50000,40214,41041,,,,,4.200,5.690,,,,11/25/2025,07/15/2046,51050,matched-raw-parser-row,CFKKRGACEDP-1355,2,"coordinate-owned-bond row; reconciles source-page columns but does not prove cash receipt, borrower use, liability spread, waterfall, collateral certificate, or return","use coordinate columns to replace token-only owned-bond reconciliation, then join income/proceeds and liability context"
CFKKRGACEDCOB-0674,Schedule D Part 1 Section 1 issuer-credit obligations owned,233,341.76,609207-AW-5,standard-cusip-like,904371,1400000,836508,930498,,9489,,,2.625,5.008,,36750,,02/16/2023,09/04/2050,1418375,matched-raw-parser-row,CFKKRGACEDP-0665,8,"coordinate-owned-bond row; reconciles source-page columns but does not prove cash receipt, borrower use, liability spread, waterfall, collateral certificate, or return","use coordinate columns to replace token-only owned-bond reconciliation, then join income/proceeds and liability context"
CFKKRGACEDCOB-0675,Schedule D Part 1 Section 1 issuer-credit obligations owned,233,333.72,615369-AT-2,standard-cusip-like,3723363,4000000,2733481,3718742,,(3605),,,3.250,3.411,,14806,130000,08/05/2024,05/20/2050,8130000,matched-raw-parser-row,CFKKRGACEDP-0666,8,"coordinate-owned-bond row; reconciles source-page columns but does not prove cash receipt, borrower use, liability spread, waterfall, collateral certificate, or return","use coordinate columns to replace token-only owned-bond reconciliation, then join income/proceeds and liability context"
CFKKRGACEDCOB-0676,Schedule D Part 1 Section 1 issuer-credit obligations owned,233,325.68,61746B-EG-7,standard-cusip-like,1035080,1000000,864276,1028994,,,,,4.375,4.167,,43750,,08/08/2017,01/22/2047,1021875,matched-raw-parser-row,CFKKRGACEDP-0667,7,"coordinate-owned-bond row; reconciles source-page columns but does not prove cash receipt, borrower use, liability spread, waterfall, collateral certificate, or return","use coordinate columns to replace token-only owned-bond reconciliation, then join income/proceeds and liability context"
CFKKRGACEDCOB-0677,Schedule D Part 1 Section 1 issuer-credit obligations owned,233,317.64,61747Y-DY-8,standard-cusip-like,29698243,29332000,25400783,29628454,,(11880),,,4.300,4.214,,1261276,,10/29/2020,01/27/2045,29962638,matched-raw-parser-row,CFKKRGACEDP-0668,8,"coordinate-owned-bond row; reconciles source-page columns but does not prove cash receipt, borrower use, liability spread, waterfall, collateral certificate, or return","use coordinate columns to replace token-only owned-bond reconciliation, then join income/proceeds and liability context"
CFKKRGACEDCOB-0678,Schedule D Part 1 Section 1 issuer-credit obligations owned,233,309.60,61747Y-FM-2,standard-cusip-like,277063,276000,290209,276999,,,,,5.942,5.885,,6560,16400,01/21/2025,02/07/2039,,matched-raw-parser-row,CFKKRGACEDP-1723,6,"coordinate-owned-bond row; reconciles source-page columns but does not prove cash receipt, borrower use, liability spread, waterfall, collateral certificate, or return","use coordinate columns to replace token-only owned-bond reconciliation, then join income/proceeds and liability context"
CFKKRGACEDCOB-0679,Schedule D Part 1 Section 1 issuer-credit obligations owned,233,301.56,61747Y-FV-2,standard-cusip-like,94047,91000,90012,94043,,,,,5.516,5.289,,,2510,10/21/2025,11/19/2055,,matched-raw-parser-row,CFKKRGACEDP-1357,3,"coordinate-owned-bond row; reconciles source-page columns but does not prove cash receipt, borrower use, liability spread, waterfall, collateral certificate, or return","use coordinate columns to replace token-only owned-bond reconciliation, then join income/proceeds and liability context"
CFKKRGACEDCOB-0680,Schedule D Part 1 Section 1 issuer-credit obligations owned,233,293.52,61748U-AF-9,standard-cusip-like,49995,49000,51223,49961,,,,,5.587,5.311,,1240,,07/17/2025,01/18/2036,,matched-raw-parser-row,CFKKRGACEDP-1358,2,"coordinate-owned-bond row; reconciles source-page columns but does not prove cash receipt, borrower use, liability spread, waterfall, collateral certificate, or return","use coordinate columns to replace token-only owned-bond reconciliation, then join income/proceeds and liability context"
CFKKRGACEDCOB-0681,Schedule D Part 1 Section 1 issuer-credit obligations owned,233,285.48,61945C-AD-5,standard-cusip-like,51816,50000,51408,51797,,,,,5.450,4.863,,,,11/25/2025,11/15/2033,,matched-raw-parser-row,CFKKRGACEDP-1359,2,"coordinate-owned-bond row; reconciles source-page columns but does not prove cash receipt, borrower use, liability spread, waterfall, collateral certificate, or return","use coordinate columns to replace token-only owned-bond reconciliation, then join income/proceeds and liability context"
CFKKRGACEDCOB-0682,Schedule D Part 1 Section 1 issuer-credit obligations owned,233,277.44,620076-BT-5,standard-cusip-like,45412,50000,45464,45491,,,,,2.300,4.376,,,,11/25/2025,11/15/2030,50575,matched-raw-parser-row,CFKKRGACEDP-1360,2,"coordinate-owned-bond row; reconciles source-page columns but does not prove cash receipt, borrower use, liability spread, waterfall, collateral certificate, or return","use coordinate columns to replace token-only owned-bond reconciliation, then join income/proceeds and liability context"
CFKKRGACEDCOB-0683,Schedule D Part 1 Section 1 issuer-credit obligations owned,233,269.40,623115-AE-2,standard-cusip-like,16635825,16420000,11188955,16604202,,(5650),,,3.737,3.661,,306808,613615,12/19/2019,07/01/2049,5170000,matched-raw-parser-row,CFKKRGACEDP-0674,8,"coordinate-owned-bond row; reconciles source-page columns but does not prove cash receipt, borrower use, liability spread, waterfall, collateral certificate, or return","use coordinate columns to replace token-only owned-bond reconciliation, then join income/proceeds and liability context"
CFKKRGACEDCOB-0684,Schedule D Part 1 Section 1 issuer-credit obligations owned,233,261.36,62582P-AA-8,standard-cusip-like,52647,50000,52280,52610,,,,,5.875,4.845,,,,11/25/2025,05/23/2042,,matched-raw-parser-row,CFKKRGACEDP-1361,2,"coordinate-owned-bond row; reconciles source-page columns but does not prove cash receipt, borrower use, liability spread, waterfall, collateral certificate, or return","use coordinate columns to replace token-only owned-bond reconciliation, then join income/proceeds and liability context"
CFKKRGACEDCOB-0685,Schedule D Part 1 Section 1 issuer-credit obligations owned,233,253.32,62944T-AF-2,standard-cusip-like,47680,50000,47356,47725,,,,,3.000,4.149,,,,11/25/2025,05/15/2030,50750,matched-raw-parser-row,CFKKRGACEDP-1362,2,"coordinate-owned-bond row; reconciles source-page columns but does not prove cash receipt, borrower use, liability spread, waterfall, collateral certificate, or return","use coordinate columns to replace token-only owned-bond reconciliation, then join income/proceeds and liability context"
CFKKRGACEDCOB-0686,Schedule D Part 1 Section 1 issuer-credit obligations owned,233,245.28,62952E-AE-7,standard-cusip-like,2850000,2850000,2488006,2850000,,,,,4.368,4.368,,62244,124488,05/23/2017,07/01/2047,2850000,matched-raw-parser-row,CFKKRGACEDP-0677,7,"coordinate-owned-bond row; reconciles source-page columns but does not prove cash receipt, borrower use, liability spread, waterfall, collateral certificate, or return","use coordinate columns to replace token-only owned-bond reconciliation, then join income/proceeds and liability context"
CFKKRGACEDCOB-0687,Schedule D Part 1 Section 1 issuer-credit obligations owned,233,237.24,62954W-AU-9,standard-cusip-like,5834478,5669000,5819363,5833804,,,,,5.171,4.639,,134358,,12/16/2025,07/16/2032,,matched-raw-parser-row,CFKKRGACEDP-1363,3,"coordinate-owned-bond row; reconciles source-page columns but does not prove cash receipt, borrower use, liability spread, waterfall, collateral certificate, or return","use coordinate columns to replace token-only owned-bond reconciliation, then join income/proceeds and liability context"
CFKKRGACEDCOB-0688,Schedule D Part 1 Section 1 issuer-credit obligations owned,233,229.20,62954W-AV-7,standard-cusip-like,480428,472000,488936,480190,,,,,5.502,5.264,,11903,,08/13/2025,07/16/2035,,matched-raw-parser-row,CFKKRGACEDP-1364,3,"coordinate-owned-bond row; reconciles source-page columns but does not prove cash receipt, borrower use, liability spread, waterfall, collateral certificate, or return","use coordinate columns to replace token-only owned-bond reconciliation, then join income/proceeds and liability context"
CFKKRGACEDCOB-0689,Schedule D Part 1 Section 1 issuer-credit obligations owned,233,221.16,63111X-AB-7,standard-cusip-like,20047720,19494000,13567524,19678883,,(112541),,,3.250,2.661,,110872,633555,10/28/2022,04/28/2050,39621555,matched-raw-parser-row,CFKKRGACEDP-1725,8,"coordinate-owned-bond row; reconciles source-page columns but does not prove cash receipt, borrower use, liability spread, waterfall, collateral certificate, or return","use coordinate columns to replace token-only owned-bond reconciliation, then join income/proceeds and liability context"
CFKKRGACEDCOB-0690,Schedule D Part 1 Section 1 issuer-credit obligations owned,233,213.12,632525-AW-1,standard-cusip-like,3924840,4000000,2837060,3939985,,3199,,,2.648,2.771,,49135,105920,01/11/2021,01/14/2041,4052960,matched-raw-parser-row,CFKKRGACEDP-0681,8,"coordinate-owned-bond row; reconciles source-page columns but does not prove cash receipt, borrower use, liability spread, waterfall, collateral certificate, or return","use coordinate columns to replace token-only owned-bond reconciliation, then join income/proceeds and liability context"
CFKKRGACEDCOB-0691,Schedule D Part 1 Section 1 issuer-credit obligations owned,233,205.08,632525-CF-6,standard-cusip-like,1130055,1089000,1145497,1128859,,(1196),,,5.902,5.385,,29815,,08/13/2025,01/14/2036,,matched-raw-parser-row,CFKKRGACEDP-1365,3,"coordinate-owned-bond row; reconciles source-page columns but does not prove cash receipt, borrower use, liability spread, waterfall, collateral certificate, or return","use coordinate columns to replace token-only owned-bond reconciliation, then join income/proceeds and liability context"
CFKKRGACEDCOB-0692,Schedule D Part 1 Section 1 issuer-credit obligations owned,233,197.04,63307A-3B-9,standard-cusip-like,50697,50000,50554,50681,,,,,4.500,4.105,,,,11/25/2025,10/10/2029,51125,matched-raw-parser-row,CFKKRGACEDP-1366,2,"coordinate-owned-bond row; reconciles source-page columns but does not prove cash receipt, borrower use, liability spread, waterfall, collateral certificate, or return","use coordinate columns to replace token-only owned-bond reconciliation, then join income/proceeds and liability context"
CFKKRGACEDCOB-0693,Schedule D Part 1 Section 1 issuer-credit obligations owned,233,189.00,637417-AR-7,standard-cusip-like,31927,50000,31387,31956,,,,,3.000,5.653,,,,11/25/2025,04/15/2052,50750,matched-raw-parser-row,CFKKRGACEDP-1367,2,"coordinate-owned-bond row; reconciles source-page columns but does not prove cash receipt, borrower use, liability spread, waterfall, collateral certificate, or return","use coordinate columns to replace token-only owned-bond reconciliation, then join income/proceeds and liability context"
CFKKRGACEDCOB-0694,Schedule D Part 1 Section 1 issuer-credit obligations owned,233,180.96,637639-AQ-8,standard-cusip-like,51331,50000,51152,51305,,,,,4.700,4.033,,,,11/25/2025,05/20/2030,,matched-raw-parser-row,CFKKRGACEDP-1368,2,"coordinate-owned-bond row; reconciles source-page columns but does not prove cash receipt, borrower use, liability spread, waterfall, collateral certificate, or return","use coordinate columns to replace token-only owned-bond reconciliation, then join income/proceeds and liability context"
CFKKRGACEDCOB-0695,Schedule D Part 1 Section 1 issuer-credit obligations owned,233,172.92,641062-AN-4,standard-cusip-like,18850644,23170000,18896214,18920832,,60953,,,4.000,5.400,,249721,539400,05/15/2025,09/24/2048,23633400,matched-raw-parser-row,CFKKRGACEDP-1369,3,"coordinate-owned-bond row; reconciles source-page columns but does not prove cash receipt, borrower use, liability spread, waterfall, collateral certificate, or return","use coordinate columns to replace token-only owned-bond reconciliation, then join income/proceeds and liability context"
CFKKRGACEDCOB-0696,Schedule D Part 1 Section 1 issuer-credit obligations owned,233,164.88,641062-BE-3,standard-cusip-like,2271542,2548000,2286108,2275776,,4234,,,4.700,5.461,,59878,,01/21/2025,01/15/2053,2607878,matched-raw-parser-row,CFKKRGACEDP-1370,3,"coordinate-owned-bond row; reconciles source-page columns but does not prove cash receipt, borrower use, liability spread, waterfall, collateral certificate, or return","use coordinate columns to replace token-only owned-bond reconciliation, then join income/proceeds and liability context"
CFKKRGACEDCOB-0697,Schedule D Part 1 Section 1 issuer-credit obligations owned,233,156.84,64110D-AK-0,standard-cusip-like,46680,50000,46600,46743,,,,,2.700,4.317,,,,11/25/2025,06/22/2030,50675,matched-raw-parser-row,CFKKRGACEDP-1371,2,"coordinate-owned-bond row; reconciles source-page columns but does not prove cash receipt, borrower use, liability spread, waterfall, collateral certificate, or return","use coordinate columns to replace token-only owned-bond reconciliation, then join income/proceeds and liability context"
CFKKRGACEDCOB-0698,Schedule D Part 1 Section 1 issuer-credit obligations owned,233,148.80,64128X-AG-5,standard-cusip-like,50053,50000,50100,50049,,,,,4.500,4.394,,,,11/25/2025,03/15/2027,,matched-raw-parser-row,CFKKRGACEDP-1372,2,"coordinate-owned-bond row; reconciles source-page columns but does not prove cash receipt, borrower use, liability spread, waterfall, collateral certificate, or return","use coordinate columns to replace token-only owned-bond reconciliation, then join income/proceeds and liability context"
CFKKRGACEDCOB-0699,Schedule D Part 1 Section 1 issuer-credit obligations owned,233,140.76,641423-CF-3,standard-cusip-like,1705551,1630000,1641848,1704679,,,,,5.900,5.569,,96288,,11/07/2024,05/01/2053,,matched-raw-parser-row,CFKKRGACEDP-1726,5,"coordinate-owned-bond row; reconciles source-page columns but does not prove cash receipt, borrower use, liability spread, waterfall, collateral certificate, or return","use coordinate columns to replace token-only owned-bond reconciliation, then join income/proceeds and liability context"
CFKKRGACEDCOB-0700,Schedule D Part 1 Section 1 issuer-credit obligations owned,233,132.72,649840-CR-4,standard-cusip-like,4844100,5000000,3397180,4865355,3615,,,,3.300,3.468,,48583,165000,09/18/2019,09/15/2049,5082500,matched-raw-parser-row,CFKKRGACEDP-0691,8,"coordinate-owned-bond row; reconciles source-page columns but does not prove cash receipt, borrower use, liability spread, waterfall, collateral certificate, or return","use coordinate columns to replace token-only owned-bond reconciliation, then join income/proceeds and liability context"
CFKKRGACEDCOB-0701,Schedule D Part 1 Section 1 issuer-credit obligations owned,233,124.68,651639-AP-1,standard-cusip-like,1412840,1100000,1054916,1359361,,(12785),,,4.875,2.983,,53625,,08/09/2021,03/15/2042,,matched-raw-parser-row,CFKKRGACEDP-0692,7,"coordinate-owned-bond row; reconciles source-page columns but does not prove cash receipt, borrower use, liability spread, waterfall, collateral certificate, or return","use coordinate columns to replace token-only owned-bond reconciliation, then join income/proceeds and liability context"
CFKKRGACEDCOB-0702,Schedule D Part 1 Section 1 issuer-credit obligations owned,233,116.64,65249B-AA-7,standard-cusip-like,60900,63000,61143,60953,,,,,3.875,4.933,,,,11/25/2025,05/15/2029,64221,matched-raw-parser-row,CFKKRGACEDP-1373,2,"coordinate-owned-bond row; reconciles source-page columns but does not prove cash receipt, borrower use, liability spread, waterfall, collateral certificate, or return","use coordinate columns to replace token-only owned-bond reconciliation, then join income/proceeds and liability context"
CFKKRGACEDCOB-0703,Schedule D Part 1 Section 1 issuer-credit obligations owned,233,108.60,65364U-AU-0,standard-cusip-like,2248553,2222000,2160862,2248306,,,,,5.664,5.579,,57334,125854,08/06/2024,01/17/2054,,matched-raw-parser-row,CFKKRGACEDP-0694,6,"coordinate-owned-bond row; reconciles source-page columns but does not prove cash receipt, borrower use, liability spread, waterfall, collateral certificate, or return","use coordinate columns to replace token-only owned-bond reconciliation, then join income/proceeds and liability context"
CFKKRGACEDCOB-0704,Schedule D Part 1 Section 1 issuer-credit obligations owned,233,100.56,654106-AM-5,standard-cusip-like,1251503,1100000,788403,1234719,,(3970),,,3.375,2.675,,37125,,08/09/2021,03/27/2050,,matched-raw-parser-row,CFKKRGACEDP-0695,7,"coordinate-owned-bond row; reconciles source-page columns but does not prove cash receipt, borrower use, liability spread, waterfall, collateral certificate, or return","use coordinate columns to replace token-only owned-bond reconciliation, then join income/proceeds and liability context"
CFKKRGACEDCOB-0705,Schedule D Part 1 Section 1 issuer-credit obligations owned,233,92.52,654579-AP-6,standard-cusip-like,53848,50000,53871,53819,,,,,6.500,5.444,,,,11/25/2025,04/30/2055,,matched-raw-parser-row,CFKKRGACEDP-1374,2,"coordinate-owned-bond row; reconciles source-page columns but does not prove cash receipt, borrower use, liability spread, waterfall, collateral certificate, or return","use coordinate columns to replace token-only owned-bond reconciliation, then join income/proceeds and liability context"
CFKKRGACEDCOB-0706,Schedule D Part 1 Section 1 issuer-credit obligations owned,233,84.48,65473Q-BC-6,standard-cusip-like,10734597,9150000,8245896,10452281,,(50556),,,4.800,3.694,,165920,439200,12/19/2019,02/15/2044,,matched-raw-parser-row,CFKKRGACEDP-0697,7,"coordinate-owned-bond row; reconciles source-page columns but does not prove cash receipt, borrower use, liability spread, waterfall, collateral certificate, or return","use coordinate columns to replace token-only owned-bond reconciliation, then join income/proceeds and liability context"
CFKKRGACEDCOB-0707,Schedule D Part 1 Section 1 issuer-credit obligations owned,233,76.44,65473Q-BF-9,standard-cusip-like,16191422,14505000,12071650,15930826,,(44781),,,4.375,3.691,,81087,634594,08/05/2020,05/15/2047,,matched-raw-parser-row,CFKKRGACEDP-0698,7,"coordinate-owned-bond row; reconciles source-page columns but does not prove cash receipt, borrower use, liability spread, waterfall, collateral certificate, or return","use coordinate columns to replace token-only owned-bond reconciliation, then join income/proceeds and liability context"
CFKKRGACEDCOB-0708,Schedule D Part 1 Section 1 issuer-credit obligations owned,233,68.40,65473Q-BG-7,standard-cusip-like,3208078,3450000,2701693,3207379,4168,,,,3.950,4.378,,34447,136275,11/09/2023,03/30/2048,3518138,matched-raw-parser-row,CFKKRGACEDP-0699,8,"coordinate-owned-bond row; reconciles source-page columns but does not prove cash receipt, borrower use, liability spread, waterfall, collateral certificate, or return","use coordinate columns to replace token-only owned-bond reconciliation, then join income/proceeds and liability context"
CFKKRGACEDCOB-0709,Schedule D Part 1 Section 1 issuer-credit obligations owned,233,60.36,65558R-AL-3,standard-cusip-like,50614,50000,50578,50590,,,,,4.375,3.811,,,,11/25/2025,03/17/2028,51094,matched-raw-parser-row,CFKKRGACEDP-1375,2,"coordinate-owned-bond row; reconciles source-page columns but does not prove cash receipt, borrower use, liability spread, waterfall, collateral certificate, or return","use coordinate columns to replace token-only owned-bond reconciliation, then join income/proceeds and liability context"
CFKKRGACEDCOB-0710,Schedule D Part 1 Section 1 issuer-credit obligations owned,234,414.12,655663-AC-6,standard-cusip-like,50395,50000,50353,50387,,,,,4.500,4.281,,,1125,11/25/2025,12/15/2029,,matched-raw-parser-row,CFKKRGACEDP-1376,3,"coordinate-owned-bond row; reconciles source-page columns but does not prove cash receipt, borrower use, liability spread, waterfall, collateral certificate, or return","use coordinate columns to replace token-only owned-bond reconciliation, then join income/proceeds and liability context"
CFKKRGACEDCOB-0711,Schedule D Part 1 Section 1 issuer-credit obligations owned,234,406.08,655844-BV-9,standard-cusip-like,3546611,3786000,2943862,3572345,,4155,,,4.050,4.412,,57926,153333,02/01/2019,08/15/2052,3862667,matched-raw-parser-row,CFKKRGACEDP-0702,8,"coordinate-owned-bond row; reconciles source-page columns but does not prove cash receipt, borrower use, liability spread, waterfall, collateral certificate, or return","use coordinate columns to replace token-only owned-bond reconciliation, then join income/proceeds and liability context"
CFKKRGACEDCOB-0712,Schedule D Part 1 Section 1 issuer-credit obligations owned,234,398.04,655844-BY-3,standard-cusip-like,2944780,3000000,2455112,2953884,,1393,,,4.150,4.241,,42538,124500,07/30/2018,02/28/2048,3062250,matched-raw-parser-row,CFKKRGACEDP-0703,8,"coordinate-owned-bond row; reconciles source-page columns but does not prove cash receipt, borrower use, liability spread, waterfall, collateral certificate, or return","use coordinate columns to replace token-only owned-bond reconciliation, then join income/proceeds and liability context"
CFKKRGACEDCOB-0713,Schedule D Part 1 Section 1 issuer-credit obligations owned,234,390.00,655844-CN-6,standard-cusip-like,1629065,2265000,1651308,1637157,8092,,,,3.700,5.721,,70744,,05/19/2025,03/15/2053,2306903,matched-raw-parser-row,CFKKRGACEDP-1377,3,"coordinate-owned-bond row; reconciles source-page columns but does not prove cash receipt, borrower use, liability spread, waterfall, collateral certificate, or return","use coordinate columns to replace token-only owned-bond reconciliation, then join income/proceeds and liability context"
CFKKRGACEDCOB-0714,Schedule D Part 1 Section 1 issuer-credit obligations owned,234,381.96,655844-CP-1,standard-cusip-like,851449,1042000,883770,853183,1734,,,,4.550,5.890,,47411,,05/19/2025,06/01/2053,1065706,matched-raw-parser-row,CFKKRGACEDP-1378,3,"coordinate-owned-bond row; reconciles source-page columns but does not prove cash receipt, borrower use, liability spread, waterfall, collateral certificate, or return","use coordinate columns to replace token-only owned-bond reconciliation, then join income/proceeds and liability context"
CFKKRGACEDCOB-0715,Schedule D Part 1 Section 1 issuer-credit obligations owned,234,373.92,655844-CS-5,standard-cusip-like,591864,600000,573567,592054,,,,,5.350,5.442,,32100,,11/12/2024,08/01/2054,616050,matched-raw-parser-row,CFKKRGACEDP-0706,7,"coordinate-owned-bond row; reconciles source-page columns but does not prove cash receipt, borrower use, liability spread, waterfall, collateral certificate, or return","use coordinate columns to replace token-only owned-bond reconciliation, then join income/proceeds and liability context"
CFKKRGACEDCOB-0716,Schedule D Part 1 Section 1 issuer-credit obligations owned,234,365.88,662352-AB-9,standard-cusip-like,12277301,9815000,10097857,11692090,,(66975),,,6.150,4.570,,100604,603623,02/20/2015,11/01/2043,10116811,matched-raw-parser-row,CFKKRGACEDP-0707,8,"coordinate-owned-bond row; reconciles source-page columns but does not prove cash receipt, borrower use, liability spread, waterfall, collateral certificate, or return","use coordinate columns to replace token-only owned-bond reconciliation, then join income/proceeds and liability context"
CFKKRGACEDCOB-0717,Schedule D Part 1 Section 1 issuer-credit obligations owned,234,357.84,665501-AN-2,standard-cusip-like,7093979,7367000,7113585,7097996,4017,,,,5.625,5.892,,172664,414394,01/21/2025,02/01/2054,7574197,matched-raw-parser-row,CFKKRGACEDP-1379,3,"coordinate-owned-bond row; reconciles source-page columns but does not prove cash receipt, borrower use, liability spread, waterfall, collateral certificate, or return","use coordinate columns to replace token-only owned-bond reconciliation, then join income/proceeds and liability context"
CFKKRGACEDCOB-0718,Schedule D Part 1 Section 1 issuer-credit obligations owned,234,349.80,665772-CA-5,standard-cusip-like,293599,270000,275599,283275,,(1086),,,5.250,4.607,,14175,,11/20/2013,07/15/2035,277088,matched-raw-parser-row,CFKKRGACEDP-1730,10,"coordinate-owned-bond row; reconciles source-page columns but does not prove cash receipt, borrower use, liability spread, waterfall, collateral certificate, or return","use coordinate columns to replace token-only owned-bond reconciliation, then join income/proceeds and liability context"
CFKKRGACEDCOB-0719,Schedule D Part 1 Section 1 issuer-credit obligations owned,234,341.76,665772-CQ-0,standard-cusip-like,4306739,6000000,4537029,4476734,,34671,,,3.600,5.632,,63600,216000,06/23/2022,09/15/2047,6108000,matched-raw-parser-row,CFKKRGACEDP-0710,8,"coordinate-owned-bond row; reconciles source-page columns but does not prove cash receipt, borrower use, liability spread, waterfall, collateral certificate, or return","use coordinate columns to replace token-only owned-bond reconciliation, then join income/proceeds and liability context"
CFKKRGACEDCOB-0720,Schedule D Part 1 Section 1 issuer-credit obligations owned,234,333.72,665859-AX-2,standard-cusip-like,54843,50000,54610,54784,,,,,6.125,4.433,,,,11/25/2025,11/02/2032,,matched-raw-parser-row,CFKKRGACEDP-1380,2,"coordinate-owned-bond row; reconciles source-page columns but does not prove cash receipt, borrower use, liability spread, waterfall, collateral certificate, or return","use coordinate columns to replace token-only owned-bond reconciliation, then join income/proceeds and liability context"
CFKKRGACEDCOB-0721,Schedule D Part 1 Section 1 issuer-credit obligations owned,234,325.68,666807-BH-4,standard-cusip-like,3173781,3263000,3008370,3139341,,,,,4.750,5.036,,12916,154993,05/19/2025,06/01/2043,3340496,matched-raw-parser-row,CFKKRGACEDP-1381,3,"coordinate-owned-bond row; reconciles source-page columns but does not prove cash receipt, borrower use, liability spread, waterfall, collateral certificate, or return","use coordinate columns to replace token-only owned-bond reconciliation, then join income/proceeds and liability context"
CFKKRGACEDCOB-0722,Schedule D Part 1 Section 1 issuer-credit obligations owned,234,317.64,666807-BJ-0,standard-cusip-like,2264833,2558000,2052640,2301146,7045,,,,3.850,4.634,,91649,,05/19/2025,04/15/2045,2607242,matched-raw-parser-row,CFKKRGACEDP-1382,3,"coordinate-owned-bond row; reconciles source-page columns but does not prove cash receipt, borrower use, liability spread, waterfall, collateral certificate, or return","use coordinate columns to replace token-only owned-bond reconciliation, then join income/proceeds and liability context"
CFKKRGACEDCOB-0723,Schedule D Part 1 Section 1 issuer-credit obligations owned,234,309.60,666807-BP-6,standard-cusip-like,2558914,2726000,2191354,2583501,,3829,,,4.030,4.406,,23192,109858,12/20/2018,10/15/2047,2780929,matched-raw-parser-row,CFKKRGACEDP-0714,8,"coordinate-owned-bond row; reconciles source-page columns but does not prove cash receipt, borrower use, liability spread, waterfall, collateral certificate, or return","use coordinate columns to replace token-only owned-bond reconciliation, then join income/proceeds and liability context"
CFKKRGACEDCOB-0724,Schedule D Part 1 Section 1 issuer-credit obligations owned,234,301.56,666807-BU-5,standard-cusip-like,297003,318000,300933,297287,,,,,5.250,5.749,,10973,,05/19/2025,05/01/2050,326348,matched-raw-parser-row,CFKKRGACEDP-1383,2,"coordinate-owned-bond row; reconciles source-page columns but does not prove cash receipt, borrower use, liability spread, waterfall, collateral certificate, or return","use coordinate columns to replace token-only owned-bond reconciliation, then join income/proceeds and liability context"
CFKKRGACEDCOB-0725,Schedule D Part 1 Section 1 issuer-credit obligations owned,234,293.52,666807-CH-3,standard-cusip-like,5728751,5669000,5725865,5728543,,,,,4.700,4.522,,78453,,12/16/2025,03/15/2033,,matched-raw-parser-row,CFKKRGACEDP-1384,3,"coordinate-owned-bond row; reconciles source-page columns but does not prove cash receipt, borrower use, liability spread, waterfall, collateral certificate, or return","use coordinate columns to replace token-only owned-bond reconciliation, then join income/proceeds and liability context"
CFKKRGACEDCOB-0726,Schedule D Part 1 Section 1 issuer-credit obligations owned,234,285.48,666807-CM-2,standard-cusip-like,97132,100000,93694,97185,,,,,5.200,5.395,,,5200,11/12/2024,06/01/2054,102600,matched-raw-parser-row,CFKKRGACEDP-0717,6,"coordinate-owned-bond row; reconciles source-page columns but does not prove cash receipt, borrower use, liability spread, waterfall, collateral certificate, or return","use coordinate columns to replace token-only owned-bond reconciliation, then join income/proceeds and liability context"
CFKKRGACEDCOB-0727,Schedule D Part 1 Section 1 issuer-credit obligations owned,234,277.44,667274-AC-8,standard-cusip-like,7000000,7000000,5764213,7000000,,,,,4.260,4.260,,49700,298200,09/19/2017,11/01/2047,7000000,matched-raw-parser-row,CFKKRGACEDP-0718,7,"coordinate-owned-bond row; reconciles source-page columns but does not prove cash receipt, borrower use, liability spread, waterfall, collateral certificate, or return","use coordinate columns to replace token-only owned-bond reconciliation, then join income/proceeds and liability context"
CFKKRGACEDCOB-0728,Schedule D Part 1 Section 1 issuer-credit obligations owned,234,269.40,667274-AD-6,standard-cusip-like,7240000,7240000,5333384,7240000,,,,,3.809,3.809,,45962,275772,09/17/2019,11/01/2049,7240000,matched-raw-parser-row,CFKKRGACEDP-0719,7,"coordinate-owned-bond row; reconciles source-page columns but does not prove cash receipt, borrower use, liability spread, waterfall, collateral certificate, or return","use coordinate columns to replace token-only owned-bond reconciliation, then join income/proceeds and liability context"
CFKKRGACEDCOB-0729,Schedule D Part 1 Section 1 issuer-credit obligations owned,234,261.36,668074-AU-1,standard-cusip-like,42431,50000,41441,42453,,,,,4.176,5.468,,,,11/25/2025,11/15/2044,51044,matched-raw-parser-row,CFKKRGACEDP-1385,2,"coordinate-owned-bond row; reconciles source-page columns but does not prove cash receipt, borrower use, liability spread, waterfall, collateral certificate, or return","use coordinate columns to replace token-only owned-bond reconciliation, then join income/proceeds and liability context"
CFKKRGACEDCOB-0730,Schedule D Part 1 Section 1 issuer-credit obligations owned,234,253.32,670346-AQ-8,standard-cusip-like,11395400,10000000,8548585,11194706,,(35494),,,4.400,3.605,,73333,440000,10/11/2019,05/01/2048,,matched-raw-parser-row,CFKKRGACEDP-0721,7,"coordinate-owned-bond row; reconciles source-page columns but does not prove cash receipt, borrower use, liability spread, waterfall, collateral certificate, or return","use coordinate columns to replace token-only owned-bond reconciliation, then join income/proceeds and liability context"
CFKKRGACEDCOB-0731,Schedule D Part 1 Section 1 issuer-credit obligations owned,234,245.28,67066G-AH-7,standard-cusip-like,5013575,6300000,4669792,5080698,26294,,,,3.500,4.868,,55125,220500,08/07/2023,04/01/2050,6410250,matched-raw-parser-row,CFKKRGACEDP-0722,8,"coordinate-owned-bond row; reconciles source-page columns but does not prove cash receipt, borrower use, liability spread, waterfall, collateral certificate, or return","use coordinate columns to replace token-only owned-bond reconciliation, then join income/proceeds and liability context"
CFKKRGACEDCOB-0732,Schedule D Part 1 Section 1 issuer-credit obligations owned,234,237.24,67077M-AU-2,standard-cusip-like,5553400,5000000,4485331,5483022,,(11955),,,5.000,4.328,,62500,250000,06/20/2019,04/01/2049,,matched-raw-parser-row,CFKKRGACEDP-0723,7,"coordinate-owned-bond row; reconciles source-page columns but does not prove cash receipt, borrower use, liability spread, waterfall, collateral certificate, or return","use coordinate columns to replace token-only owned-bond reconciliation, then join income/proceeds and liability context"
CFKKRGACEDCOB-0733,Schedule D Part 1 Section 1 issuer-credit obligations owned,234,229.20,67077M-AX-6,standard-cusip-like,9480738,8700000,6625104,9387174,,(17822),,,3.950,3.461,,45820,343650,05/29/2020,05/13/2050,,matched-raw-parser-row,CFKKRGACEDP-0724,7,"coordinate-owned-bond row; reconciles source-page columns but does not prove cash receipt, borrower use, liability spread, waterfall, collateral certificate, or return","use coordinate columns to replace token-only owned-bond reconciliation, then join income/proceeds and liability context"
CFKKRGACEDCOB-0734,Schedule D Part 1 Section 1 issuer-credit obligations owned,234,221.16,674599-DZ-5,standard-cusip-like,185622,177000,185377,184943,,,,,8.500,4.039,,6937,,11/25/2025,07/15/2027,,matched-raw-parser-row,CFKKRGACEDP-1386,3,"coordinate-owned-bond row; reconciles source-page columns but does not prove cash receipt, borrower use, liability spread, waterfall, collateral certificate, or return","use coordinate columns to replace token-only owned-bond reconciliation, then join income/proceeds and liability context"
CFKKRGACEDCOB-0735,Schedule D Part 1 Section 1 issuer-credit obligations owned,234,213.12,681919-BH-8,standard-cusip-like,50099,50000,50268,50096,,,,,4.650,4.568,,,,11/25/2025,10/01/2028,,matched-raw-parser-row,CFKKRGACEDP-1387,2,"coordinate-owned-bond row; reconciles source-page columns but does not prove cash receipt, borrower use, liability spread, waterfall, collateral certificate, or return","use coordinate columns to replace token-only owned-bond reconciliation, then join income/proceeds and liability context"
CFKKRGACEDCOB-0736,Schedule D Part 1 Section 1 issuer-credit obligations owned,234,205.08,68233J-BP-8,standard-cusip-like,2494638,2047000,1552585,2442625,,(12172),,,3.800,2.667,,45375,,07/27/2021,06/01/2049,,matched-raw-parser-row,CFKKRGACEDP-0727,6,"coordinate-owned-bond row; reconciles source-page columns but does not prove cash receipt, borrower use, liability spread, waterfall, collateral certificate, or return","use coordinate columns to replace token-only owned-bond reconciliation, then join income/proceeds and liability context"
CFKKRGACEDCOB-0737,Schedule D Part 1 Section 1 issuer-credit obligations owned,234,197.04,682680-AZ-6,standard-cusip-like,2485078,2174000,1756651,2453467,,(7597),,,4.450,3.625,,96743,,07/27/2021,09/01/2049,,matched-raw-parser-row,CFKKRGACEDP-0728,7,"coordinate-owned-bond row; reconciles source-page columns but does not prove cash receipt, borrower use, liability spread, waterfall, collateral certificate, or return","use coordinate columns to replace token-only owned-bond reconciliation, then join income/proceeds and liability context"
CFKKRGACEDCOB-0738,Schedule D Part 1 Section 1 issuer-credit obligations owned,234,189.00,682680-BZ-5,standard-cusip-like,9898879,8600000,7283073,9736668,,(29646),,,4.850,3.970,,173792,417100,01/13/2020,02/01/2049,8808550,matched-raw-parser-row,CFKKRGACEDP-0729,8,"coordinate-owned-bond row; reconciles source-page columns but does not prove cash receipt, borrower use, liability spread, waterfall, collateral certificate, or return","use coordinate columns to replace token-only owned-bond reconciliation, then join income/proceeds and liability context"
CFKKRGACEDCOB-0739,Schedule D Part 1 Section 1 issuer-credit obligations owned,234,180.96,682680-CE-1,standard-cusip-like,810348,840000,832880,812255,1907,,,,5.050,5.528,,7070,46780,03/25/2025,11/01/2034,861210,matched-raw-parser-row,CFKKRGACEDP-1388,3,"coordinate-owned-bond row; reconciles source-page columns but does not prove cash receipt, borrower use, liability spread, waterfall, collateral certificate, or return","use coordinate columns to replace token-only owned-bond reconciliation, then join income/proceeds and liability context"
CFKKRGACEDCOB-0740,Schedule D Part 1 Section 1 issuer-credit obligations owned,234,172.92,682680-DD-2,standard-cusip-like,705568,680000,681919,705603,,,,,6.250,5.974,,16410,,10/21/2025,10/15/2055,,matched-raw-parser-row,CFKKRGACEDP-1389,3,"coordinate-owned-bond row; reconciles source-page columns but does not prove cash receipt, borrower use, liability spread, waterfall, collateral certificate, or return","use coordinate columns to replace token-only owned-bond reconciliation, then join income/proceeds and liability context"
CFKKRGACEDCOB-0741,Schedule D Part 1 Section 1 issuer-credit obligations owned,234,164.88,68389X-AH-8,standard-cusip-like,580080,550000,539758,578572,,(1378),,,6.125,5.573,,33688,,11/12/2024,07/08/2039,566844,matched-raw-parser-row,CFKKRGACEDP-0732,8,"coordinate-owned-bond row; reconciles source-page columns but does not prove cash receipt, borrower use, liability spread, waterfall, collateral certificate, or return","use coordinate columns to replace token-only owned-bond reconciliation, then join income/proceeds and liability context"
CFKKRGACEDCOB-0742,Schedule D Part 1 Section 1 issuer-credit obligations owned,234,156.84,68389X-AW-5,standard-cusip-like,1423598,1739000,1335588,1429225,5628,,,,4.500,6.121,,39128,,05/19/2025,07/08/2044,1778128,matched-raw-parser-row,CFKKRGACEDP-1390,3,"coordinate-owned-bond row; reconciles source-page columns but does not prove cash receipt, borrower use, liability spread, waterfall, collateral certificate, or return","use coordinate columns to replace token-only owned-bond reconciliation, then join income/proceeds and liability context"
CFKKRGACEDCOB-0743,Schedule D Part 1 Section 1 issuer-credit obligations owned,234,148.80,68389X-BF-1,standard-cusip-like,26891019,25380000,18290608,26625470,,(46638),,,4.125,3.751,,1046925,,10/11/2019,05/15/2045,25903463,matched-raw-parser-row,CFKKRGACEDP-0734,8,"coordinate-owned-bond row; reconciles source-page columns but does not prove cash receipt, borrower use, liability spread, waterfall, collateral certificate, or return","use coordinate columns to replace token-only owned-bond reconciliation, then join income/proceeds and liability context"
CFKKRGACEDCOB-0744,Schedule D Part 1 Section 1 issuer-credit obligations owned,234,140.76,68389X-BJ-3,standard-cusip-like,13745219,12938000,8978567,13615021,,(23587),,,4.000,3.623,,238634,517520,11/08/2019,07/15/2046,13196760,matched-raw-parser-row,CFKKRGACEDP-0735,8,"coordinate-owned-bond row; reconciles source-page columns but does not prove cash receipt, borrower use, liability spread, waterfall, collateral certificate, or return","use coordinate columns to replace token-only owned-bond reconciliation, then join income/proceeds and liability context"
CFKKRGACEDCOB-0745,Schedule D Part 1 Section 1 issuer-credit obligations owned,234,132.72,68389X-BX-2,standard-cusip-like,24233587,20000000,12471983,23696295,(111966),,,,3.600,2.557,,180000,720000,12/09/2020,04/01/2050,,matched-raw-parser-row,CFKKRGACEDP-0736,7,"coordinate-owned-bond row; reconciles source-page columns but does not prove cash receipt, borrower use, liability spread, waterfall, collateral certificate, or return","use coordinate columns to replace token-only owned-bond reconciliation, then join income/proceeds and liability context"
CFKKRGACEDCOB-0746,Schedule D Part 1 Section 1 issuer-credit obligations owned,234,124.68,68389X-CA-1,standard-cusip-like,18196318,20000000,13171940,18200135,1880,,,,3.950,4.360,,210667,790000,08/08/2024,03/25/2051,37730750,matched-raw-parser-row,CFKKRGACEDP-0737,8,"coordinate-owned-bond row; reconciles source-page columns but does not prove cash receipt, borrower use, liability spread, waterfall, collateral certificate, or return","use coordinate columns to replace token-only owned-bond reconciliation, then join income/proceeds and liability context"
CFKKRGACEDCOB-0747,Schedule D Part 1 Section 1 issuer-credit obligations owned,234,116.64,68389X-CK-9,standard-cusip-like,25667169,22825000,22568794,25630607,,(36562),,,6.900,5.969,,227489,1574925,01/21/2025,11/09/2052,,matched-raw-parser-row,CFKKRGACEDP-1391,3,"coordinate-owned-bond row; reconciles source-page columns but does not prove cash receipt, borrower use, liability spread, waterfall, collateral certificate, or return","use coordinate columns to replace token-only owned-bond reconciliation, then join income/proceeds and liability context"
CFKKRGACEDCOB-0748,Schedule D Part 1 Section 1 issuer-credit obligations owned,234,108.60,68389X-CQ-6,standard-cusip-like,9178418,9649000,8015830,9185493,7075,,,,5.550,5.908,,215695,535520,01/21/2025,02/06/2053,9916760,matched-raw-parser-row,CFKKRGACEDP-1392,3,"coordinate-owned-bond row; reconciles source-page columns but does not prove cash receipt, borrower use, liability spread, waterfall, collateral certificate, or return","use coordinate columns to replace token-only owned-bond reconciliation, then join income/proceeds and liability context"
CFKKRGACEDCOB-0749,Schedule D Part 1 Section 1 issuer-credit obligations owned,234,100.56,68389X-CV-5,standard-cusip-like,2271050,2390000,1909405,2272247,1000,,,,5.500,5.822,,34323,131450,11/07/2024,09/27/2064,2455725,matched-raw-parser-row,CFKKRGACEDP-0740,8,"coordinate-owned-bond row; reconciles source-page columns but does not prove cash receipt, borrower use, liability spread, waterfall, collateral certificate, or return","use coordinate columns to replace token-only owned-bond reconciliation, then join income/proceeds and liability context"
CFKKRGACEDCOB-0750,Schedule D Part 1 Section 1 issuer-credit obligations owned,234,92.52,68389X-DA-0,standard-cusip-like,134120,131000,128434,134010,,,,,5.500,5.187,,2962,3603,07/02/2025,08/03/2035,,matched-raw-parser-row,CFKKRGACEDP-1393,3,"coordinate-owned-bond row; reconciles source-page columns but does not prove cash receipt, borrower use, liability spread, waterfall, collateral certificate, or return","use coordinate columns to replace token-only owned-bond reconciliation, then join income/proceeds and liability context"
CFKKRGACEDCOB-0751,Schedule D Part 1 Section 1 issuer-credit obligations owned,234,84.48,685218-AB-5,standard-cusip-like,20173073,16475000,16253026,19337902,(110040),,,,5.500,4.100,,364967,906125,10/29/2020,02/06/2044,,matched-raw-parser-row,CFKKRGACEDP-1735,8,"coordinate-owned-bond row; reconciles source-page columns but does not prove cash receipt, borrower use, liability spread, waterfall, collateral certificate, or return","use coordinate columns to replace token-only owned-bond reconciliation, then join income/proceeds and liability context"
CFKKRGACEDCOB-0752,Schedule D Part 1 Section 1 issuer-credit obligations owned,234,76.44,686514-AF-7,standard-cusip-like,2769075,2500000,2039303,2731721,,(6801),,,4.089,3.487,,25556,102225,12/19/2019,10/01/2048,,matched-raw-parser-row,CFKKRGACEDP-0743,7,"coordinate-owned-bond row; reconciles source-page columns but does not prove cash receipt, borrower use, liability spread, waterfall, collateral certificate, or return","use coordinate columns to replace token-only owned-bond reconciliation, then join income/proceeds and liability context"
CFKKRGACEDCOB-0753,Schedule D Part 1 Section 1 issuer-credit obligations owned,234,68.40,68902V-AM-9,standard-cusip-like,6657978,7398000,5279344,6678021,,12662,,,3.362,3.919,,93961,248721,05/11/2023,02/15/2050,3787617,matched-raw-parser-row,CFKKRGACEDP-0744,8,"coordinate-owned-bond row; reconciles source-page columns but does not prove cash receipt, borrower use, liability spread, waterfall, collateral certificate, or return","use coordinate columns to replace token-only owned-bond reconciliation, then join income/proceeds and liability context"
CFKKRGACEDCOB-0754,Schedule D Part 1 Section 1 issuer-credit obligations owned,234,60.36,690742-AH-4,standard-cusip-like,3668973,4046000,3331319,3662996,,5964,,,4.400,5.030,,74671,178024,04/16/2024,01/30/2048,5723200,matched-raw-parser-row,CFKKRGACEDP-0745,8,"coordinate-owned-bond row; reconciles source-page columns but does not prove cash receipt, borrower use, liability spread, waterfall, collateral certificate, or return","use coordinate columns to replace token-only owned-bond reconciliation, then join income/proceeds and liability context"
CFKKRGACEDCOB-0755,Schedule D Part 1 Section 1 issuer-credit obligations owned,235,414.12,693475-CC-7,standard-cusip-like,569156,553000,576910,568647,,,,,5.575,5.180,,13017,6941,08/13/2025,01/29/2036,,matched-raw-parser-row,CFKKRGACEDP-1394,3,"coordinate-owned-bond row; reconciles source-page columns but does not prove cash receipt, borrower use, liability spread, waterfall, collateral certificate, or return","use coordinate columns to replace token-only owned-bond reconciliation, then join income/proceeds and liability context"
CFKKRGACEDCOB-0756,Schedule D Part 1 Section 1 issuer-credit obligations owned,235,406.08,693475-CE-3,standard-cusip-like,332240,326000,335428,332072,,,,,5.373,5.124,,7785,,08/13/2025,07/21/2036,,matched-raw-parser-row,CFKKRGACEDP-1395,3,"coordinate-owned-bond row; reconciles source-page columns but does not prove cash receipt, borrower use, liability spread, waterfall, collateral certificate, or return","use coordinate columns to replace token-only owned-bond reconciliation, then join income/proceeds and liability context"
CFKKRGACEDCOB-0757,Schedule D Part 1 Section 1 issuer-credit obligations owned,235,398.04,69371R-T4-8,standard-cusip-like,50287,50000,50146,50281,,,,,4.000,3.836,,,,11/25/2025,09/26/2029,51000,matched-raw-parser-row,CFKKRGACEDP-1396,2,"coordinate-owned-bond row; reconciles source-page columns but does not prove cash receipt, borrower use, liability spread, waterfall, collateral certificate, or return","use coordinate columns to replace token-only owned-bond reconciliation, then join income/proceeds and liability context"
CFKKRGACEDCOB-0758,Schedule D Part 1 Section 1 issuer-credit obligations owned,235,390.00,695114-CV-8,standard-cusip-like,20359338,27610000,20553899,20439847,,80509,,,4.150,6.248,,432863,572908,05/15/2025,02/15/2050,28182908,matched-raw-parser-row,CFKKRGACEDP-1397,3,"coordinate-owned-bond row; reconciles source-page columns but does not prove cash receipt, borrower use, liability spread, waterfall, collateral certificate, or return","use coordinate columns to replace token-only owned-bond reconciliation, then join income/proceeds and liability context"
CFKKRGACEDCOB-0759,Schedule D Part 1 Section 1 issuer-credit obligations owned,235,381.96,695114-DE-5,standard-cusip-like,676620,680000,635083,676696,,,,,5.800,5.835,,18186,,10/21/2025,01/15/2055,699720,matched-raw-parser-row,CFKKRGACEDP-1398,3,"coordinate-owned-bond row; reconciles source-page columns but does not prove cash receipt, borrower use, liability spread, waterfall, collateral certificate, or return","use coordinate columns to replace token-only owned-bond reconciliation, then join income/proceeds and liability context"
CFKKRGACEDCOB-0760,Schedule D Part 1 Section 1 issuer-credit obligations owned,235,373.92,695156-AV-1,standard-cusip-like,4228011,5041000,4018949,4280641,,16007,,,4.050,5.154,,111154,204161,06/23/2022,12/15/2049,5143080,matched-raw-parser-row,CFKKRGACEDP-0751,8,"coordinate-owned-bond row; reconciles source-page columns but does not prove cash receipt, borrower use, liability spread, waterfall, collateral certificate, or return","use coordinate columns to replace token-only owned-bond reconciliation, then join income/proceeds and liability context"
CFKKRGACEDCOB-0761,Schedule D Part 1 Section 1 issuer-credit obligations owned,235,365.88,69832A-AE-6,standard-cusip-like,52201,50000,51804,52183,,,,,5.302,4.662,,1215,,11/25/2025,07/16/2034,,matched-raw-parser-row,CFKKRGACEDP-1399,2,"coordinate-owned-bond row; reconciles source-page columns but does not prove cash receipt, borrower use, liability spread, waterfall, collateral certificate, or return","use coordinate columns to replace token-only owned-bond reconciliation, then join income/proceeds and liability context"
CFKKRGACEDCOB-0762,Schedule D Part 1 Section 1 issuer-credit obligations owned,235,357.84,701094-AL-8,standard-cusip-like,8791117,8190000,6753641,8700800,,(16254),,,4.100,3.664,,111930,335790,12/19/2019,03/01/2047,8357895,matched-raw-parser-row,CFKKRGACEDP-0753,8,"coordinate-owned-bond row; reconciles source-page columns but does not prove cash receipt, borrower use, liability spread, waterfall, collateral certificate, or return","use coordinate columns to replace token-only owned-bond reconciliation, then join income/proceeds and liability context"
CFKKRGACEDCOB-0763,Schedule D Part 1 Section 1 issuer-credit obligations owned,235,349.80,70109H-AN-5,standard-cusip-like,4433631,3825000,3369691,4286180,,(17952),,,4.450,3.542,,18913,170213,07/28/2016,11/21/2044,3910106,matched-raw-parser-row,CFKKRGACEDP-0754,8,"coordinate-owned-bond row; reconciles source-page columns but does not prove cash receipt, borrower use, liability spread, waterfall, collateral certificate, or return","use coordinate columns to replace token-only owned-bond reconciliation, then join income/proceeds and liability context"
CFKKRGACEDCOB-0764,Schedule D Part 1 Section 1 issuer-credit obligations owned,235,341.76,70213B-AB-7,standard-cusip-like,49175,50000,48850,49196,,,,,3.700,4.199,,,,11/25/2025,07/02/2029,50925,matched-raw-parser-row,CFKKRGACEDP-1400,2,"coordinate-owned-bond row; reconciles source-page columns but does not prove cash receipt, borrower use, liability spread, waterfall, collateral certificate, or return","use coordinate columns to replace token-only owned-bond reconciliation, then join income/proceeds and liability context"
CFKKRGACEDCOB-0765,Schedule D Part 1 Section 1 issuer-credit obligations owned,235,333.72,70213H-AC-2,standard-cusip-like,6670650,7000000,5726272,6712417,4720,,,,4.117,4.366,,144095,288190,02/19/2015,07/01/2055,7144095,matched-raw-parser-row,CFKKRGACEDP-0756,8,"coordinate-owned-bond row; reconciles source-page columns but does not prove cash receipt, borrower use, liability spread, waterfall, collateral certificate, or return","use coordinate columns to replace token-only owned-bond reconciliation, then join income/proceeds and liability context"
CFKKRGACEDCOB-0766,Schedule D Part 1 Section 1 issuer-credit obligations owned,235,325.68,70450Y-AJ-2,standard-cusip-like,4292380,4200000,2868846,4282443,,(2417),,,3.250,3.130,,11375,136500,08/09/2021,06/01/2050,4268250,matched-raw-parser-row,CFKKRGACEDP-0757,8,"coordinate-owned-bond row; reconciles source-page columns but does not prove cash receipt, borrower use, liability spread, waterfall, collateral certificate, or return","use coordinate columns to replace token-only owned-bond reconciliation, then join income/proceeds and liability context"
CFKKRGACEDCOB-0767,Schedule D Part 1 Section 1 issuer-credit obligations owned,235,317.64,707631-AA-5,standard-cusip-like,7000000,7000000,4972645,7000000,,,,,3.806,3.806,,44403,266420,10/29/2019,11/01/2049,7133210,matched-raw-parser-row,CFKKRGACEDP-0758,7,"coordinate-owned-bond row; reconciles source-page columns but does not prove cash receipt, borrower use, liability spread, waterfall, collateral certificate, or return","use coordinate columns to replace token-only owned-bond reconciliation, then join income/proceeds and liability context"
CFKKRGACEDCOB-0768,Schedule D Part 1 Section 1 issuer-credit obligations owned,235,309.60,713448-EV-6,standard-cusip-like,9841900,10000000,7635807,9853348,,1999,,,3.875,3.954,,109792,387500,03/17/2020,03/19/2060,10193750,matched-raw-parser-row,CFKKRGACEDP-0759,8,"coordinate-owned-bond row; reconciles source-page columns but does not prove cash receipt, borrower use, liability spread, waterfall, collateral certificate, or return","use coordinate columns to replace token-only owned-bond reconciliation, then join income/proceeds and liability context"
CFKKRGACEDCOB-0769,Schedule D Part 1 Section 1 issuer-credit obligations owned,235,301.56,714264-AK-4,standard-cusip-like,12081127,11100000,10783038,11812453,,(29913),,,5.500,4.906,,281508,610500,04/01/2015,01/15/2042,11405250,matched-raw-parser-row,CFKKRGACEDP-0760,8,"coordinate-owned-bond row; reconciles source-page columns but does not prove cash receipt, borrower use, liability spread, waterfall, collateral certificate, or return","use coordinate columns to replace token-only owned-bond reconciliation, then join income/proceeds and liability context"
CFKKRGACEDCOB-0770,Schedule D Part 1 Section 1 issuer-credit obligations owned,235,293.52,716743-AR-0,standard-cusip-like,17553206,17720000,15626252,17564171,,3253,,,4.550,4.609,,156773,806260,06/23/2022,04/21/2050,18123130,matched-raw-parser-row,CFKKRGACEDP-0761,8,"coordinate-owned-bond row; reconciles source-page columns but does not prove cash receipt, borrower use, liability spread, waterfall, collateral certificate, or return","use coordinate columns to replace token-only owned-bond reconciliation, then join income/proceeds and liability context"
CFKKRGACEDCOB-0771,Schedule D Part 1 Section 1 issuer-credit obligations owned,235,285.48,716973-AF-9,standard-cusip-like,2007722,2173000,2093194,2011117,,3395,,,5.110,5.796,,55520,,05/19/2025,05/19/2043,2228520,matched-raw-parser-row,CFKKRGACEDP-1401,2,"coordinate-owned-bond row; reconciles source-page columns but does not prove cash receipt, borrower use, liability spread, waterfall, collateral certificate, or return","use coordinate columns to replace token-only owned-bond reconciliation, then join income/proceeds and liability context"
CFKKRGACEDCOB-0772,Schedule D Part 1 Section 1 issuer-credit obligations owned,235,277.44,716973-AG-7,standard-cusip-like,3381311,3450000,3269011,3382963,1413,,,,5.300,5.437,,21333,182850,11/07/2024,05/19/2053,3541425,matched-raw-parser-row,CFKKRGACEDP-0763,8,"coordinate-owned-bond row; reconciles source-page columns but does not prove cash receipt, borrower use, liability spread, waterfall, collateral certificate, or return","use coordinate columns to replace token-only owned-bond reconciliation, then join income/proceeds and liability context"
CFKKRGACEDCOB-0773,Schedule D Part 1 Section 1 issuer-credit obligations owned,235,269.40,717081-CY-7,standard-cusip-like,105069,90000,107436,104393,,,,,7.200,5.482,,1908,6480,01/21/2025,03/15/2039,93240,matched-raw-parser-row,CFKKRGACEDP-1402,3,"coordinate-owned-bond row; reconciles source-page columns but does not prove cash receipt, borrower use, liability spread, waterfall, collateral certificate, or return","use coordinate columns to replace token-only owned-bond reconciliation, then join income/proceeds and liability context"
CFKKRGACEDCOB-0774,Schedule D Part 1 Section 1 issuer-credit obligations owned,235,261.36,717081-DE-0,standard-cusip-like,376276,452000,395732,377795,1519,,,,4.300,5.809,,19436,,05/19/2025,06/15/2043,461718,matched-raw-parser-row,CFKKRGACEDP-1403,3,"coordinate-owned-bond row; reconciles source-page columns but does not prove cash receipt, borrower use, liability spread, waterfall, collateral certificate, or return","use coordinate columns to replace token-only owned-bond reconciliation, then join income/proceeds and liability context"
CFKKRGACEDCOB-0775,Schedule D Part 1 Section 1 issuer-credit obligations owned,235,253.32,717081-EK-5,standard-cusip-like,117028,136000,112008,117117,,,,,4.200,5.254,,1682,,10/21/2025,09/15/2048,138856,matched-raw-parser-row,CFKKRGACEDP-1404,2,"coordinate-owned-bond row; reconciles source-page columns but does not prove cash receipt, borrower use, liability spread, waterfall, collateral certificate, or return","use coordinate columns to replace token-only owned-bond reconciliation, then join income/proceeds and liability context"
CFKKRGACEDCOB-0776,Schedule D Part 1 Section 1 issuer-credit obligations owned,235,245.28,717081-EV-1,standard-cusip-like,375985,453000,363523,376329,,,,,4.000,5.273,,5335,,10/21/2025,03/15/2049,462060,matched-raw-parser-row,CFKKRGACEDP-1405,3,"coordinate-owned-bond row; reconciles source-page columns but does not prove cash receipt, borrower use, liability spread, waterfall, collateral certificate, or return","use coordinate columns to replace token-only owned-bond reconciliation, then join income/proceeds and liability context"
CFKKRGACEDCOB-0777,Schedule D Part 1 Section 1 issuer-credit obligations owned,235,237.24,717081-FA-6,standard-cusip-like,207797,318000,198563,208236,,,,,2.700,5.217,,,4293,10/21/2025,05/28/2050,322293,matched-raw-parser-row,CFKKRGACEDP-1406,3,"coordinate-owned-bond row; reconciles source-page columns but does not prove cash receipt, borrower use, liability spread, waterfall, collateral certificate, or return","use coordinate columns to replace token-only owned-bond reconciliation, then join income/proceeds and liability context"
CFKKRGACEDCOB-0778,Schedule D Part 1 Section 1 issuer-credit obligations owned,235,229.20,718172-AC-3,standard-cusip-like,13691437,10605000,11830579,12758523,,(132551),,,6.375,4.231,,84509,676069,10/29/2020,05/16/2038,10943034,matched-raw-parser-row,CFKKRGACEDP-0769,8,"coordinate-owned-bond row; reconciles source-page columns but does not prove cash receipt, borrower use, liability spread, waterfall, collateral certificate, or return","use coordinate columns to replace token-only owned-bond reconciliation, then join income/proceeds and liability context"
CFKKRGACEDCOB-0779,Schedule D Part 1 Section 1 issuer-credit obligations owned,235,221.16,718172-AM-1,standard-cusip-like,4938400,4000000,3573184,4762462,,(37458),,,4.375,2.871,,22361,175000,01/11/2021,11/15/2041,4087500,matched-raw-parser-row,CFKKRGACEDP-0770,8,"coordinate-owned-bond row; reconciles source-page columns but does not prove cash receipt, borrower use, liability spread, waterfall, collateral certificate, or return","use coordinate columns to replace token-only owned-bond reconciliation, then join income/proceeds and liability context"
CFKKRGACEDCOB-0780,Schedule D Part 1 Section 1 issuer-credit obligations owned,235,213.12,718172-BD-0,standard-cusip-like,5258925,3999000,3691866,5052746,,(43802),,,4.875,2.965,,24910,194976,01/08/2021,11/15/2043,4096476,matched-raw-parser-row,CFKKRGACEDP-1742,4,"coordinate-owned-bond row; reconciles source-page columns but does not prove cash receipt, borrower use, liability spread, waterfall, collateral certificate, or return","use coordinate columns to replace token-only owned-bond reconciliation, then join income/proceeds and liability context"
CFKKRGACEDCOB-0781,Schedule D Part 1 Section 1 issuer-credit obligations owned,235,205.08,718172-BL-2,standard-cusip-like,9396376,8800000,7491567,9261838,,(16409),,,4.250,3.856,,52983,374000,04/28/2016,11/10/2044,8987000,matched-raw-parser-row,CFKKRGACEDP-0772,8,"coordinate-owned-bond row; reconciles source-page columns but does not prove cash receipt, borrower use, liability spread, waterfall, collateral certificate, or return","use coordinate columns to replace token-only owned-bond reconciliation, then join income/proceeds and liability context"
CFKKRGACEDCOB-0782,Schedule D Part 1 Section 1 issuer-credit obligations owned,235,197.04,71845J-AD-0,standard-cusip-like,28779,28000,28685,28771,,,,,5.250,4.749,,,,11/25/2025,08/15/2032,,matched-raw-parser-row,CFKKRGACEDP-1407,2,"coordinate-owned-bond row; reconciles source-page columns but does not prove cash receipt, borrower use, liability spread, waterfall, collateral certificate, or return","use coordinate columns to replace token-only owned-bond reconciliation, then join income/proceeds and liability context"
CFKKRGACEDCOB-0783,Schedule D Part 1 Section 1 issuer-credit obligations owned,235,189.00,718546-AL-8,standard-cusip-like,3965464,3167000,2783431,3853978,,(26856),,,4.875,3.292,,19728,154391,08/09/2021,11/15/2044,,matched-raw-parser-row,CFKKRGACEDP-0774,7,"coordinate-owned-bond row; reconciles source-page columns but does not prove cash receipt, borrower use, liability spread, waterfall, collateral certificate, or return","use coordinate columns to replace token-only owned-bond reconciliation, then join income/proceeds and liability context"
CFKKRGACEDCOB-0784,Schedule D Part 1 Section 1 issuer-credit obligations owned,235,180.96,718547-AP-7,standard-cusip-like,8616695,8130000,7128171,8549576,,(13160),,,4.900,4.499,,99593,398370,07/27/2021,10/01/2046,,matched-raw-parser-row,CFKKRGACEDP-0775,7,"coordinate-owned-bond row; reconciles source-page columns but does not prove cash receipt, borrower use, liability spread, waterfall, collateral certificate, or return","use coordinate columns to replace token-only owned-bond reconciliation, then join income/proceeds and liability context"
CFKKRGACEDCOB-0785,Schedule D Part 1 Section 1 issuer-credit obligations owned,235,172.92,72650R-AM-4,standard-cusip-like,828080,700000,775321,777363,,(5475),,,6.700,5.301,,46900,,09/30/2013,05/15/2036,723450,matched-raw-parser-row,CFKKRGACEDP-0776,8,"coordinate-owned-bond row; reconciles source-page columns but does not prove cash receipt, borrower use, liability spread, waterfall, collateral certificate, or return","use coordinate columns to replace token-only owned-bond reconciliation, then join income/proceeds and liability context"
CFKKRGACEDCOB-0786,Schedule D Part 1 Section 1 issuer-credit obligations owned,235,164.88,72650R-AR-3,standard-cusip-like,291238,250000,272398,276791,,(1742),,,6.650,5.351,,16625,,06/05/2015,01/15/2037,258313,matched-raw-parser-row,CFKKRGACEDP-0777,8,"coordinate-owned-bond row; reconciles source-page columns but does not prove cash receipt, borrower use, liability spread, waterfall, collateral certificate, or return","use coordinate columns to replace token-only owned-bond reconciliation, then join income/proceeds and liability context"
CFKKRGACEDCOB-0787,Schedule D Part 1 Section 1 issuer-credit obligations owned,235,156.84,74005P-BS-2,standard-cusip-like,1645557,1853000,988226,1668244,,5342,,,2.000,2.548,,14515,37060,07/27/2021,08/10/2050,1871530,matched-raw-parser-row,CFKKRGACEDP-0778,8,"coordinate-owned-bond row; reconciles source-page columns but does not prove cash receipt, borrower use, liability spread, waterfall, collateral certificate, or return","use coordinate columns to replace token-only owned-bond reconciliation, then join income/proceeds and liability context"
CFKKRGACEDCOB-0788,Schedule D Part 1 Section 1 issuer-credit obligations owned,235,148.80,740189-AN-5,standard-cusip-like,49443,50000,48808,49448,,,,,4.200,4.344,,,1050,11/25/2025,06/15/2035,51050,matched-raw-parser-row,CFKKRGACEDP-1408,2,"coordinate-owned-bond row; reconciles source-page columns but does not prove cash receipt, borrower use, liability spread, waterfall, collateral certificate, or return","use coordinate columns to replace token-only owned-bond reconciliation, then join income/proceeds and liability context"
CFKKRGACEDCOB-0789,Schedule D Part 1 Section 1 issuer-credit obligations owned,235,140.76,740816-AS-2,standard-cusip-like,640138,617000,636763,639669,,,,,4.887,3.912,,8878,,11/25/2025,03/15/2030,,matched-raw-parser-row,CFKKRGACEDP-1409,3,"coordinate-owned-bond row; reconciles source-page columns but does not prove cash receipt, borrower use, liability spread, waterfall, collateral certificate, or return","use coordinate columns to replace token-only owned-bond reconciliation, then join income/proceeds and liability context"
CFKKRGACEDCOB-0790,Schedule D Part 1 Section 1 issuer-credit obligations owned,235,132.72,74251V-AR-3,standard-cusip-like,49229,50000,49197,49249,,,,,3.700,4.182,,,,11/25/2025,05/15/2029,50925,matched-raw-parser-row,CFKKRGACEDP-1410,2,"coordinate-owned-bond row; reconciles source-page columns but does not prove cash receipt, borrower use, liability spread, waterfall, collateral certificate, or return","use coordinate columns to replace token-only owned-bond reconciliation, then join income/proceeds and liability context"
CFKKRGACEDCOB-0791,Schedule D Part 1 Section 1 issuer-credit obligations owned,235,124.68,742718-GL-7,standard-cusip-like,347521,340000,344791,347458,,,,,4.550,4.248,,2879,,11/25/2025,10/24/2034,347735,matched-raw-parser-row,CFKKRGACEDP-1411,3,"coordinate-owned-bond row; reconciles source-page columns but does not prove cash receipt, borrower use, liability spread, waterfall, collateral certificate, or return","use coordinate columns to replace token-only owned-bond reconciliation, then join income/proceeds and liability context"
CFKKRGACEDCOB-0792,Schedule D Part 1 Section 1 issuer-credit obligations owned,235,116.64,743315-BB-8,standard-cusip-like,51631,50000,51338,51614,,,,,4.950,4.423,,,1238,11/25/2025,06/15/2033,,matched-raw-parser-row,CFKKRGACEDP-1412,3,"coordinate-owned-bond row; reconciles source-page columns but does not prove cash receipt, borrower use, liability spread, waterfall, collateral certificate, or return","use coordinate columns to replace token-only owned-bond reconciliation, then join income/proceeds and liability context"
CFKKRGACEDCOB-0793,Schedule D Part 1 Section 1 issuer-credit obligations owned,235,108.60,74340X-BP-5,standard-cusip-like,2384043,2800000,1855271,2387478,,2333,,,3.000,3.636,,17733,84000,08/06/2024,04/15/2050,5684000,matched-raw-parser-row,CFKKRGACEDP-0784,8,"coordinate-owned-bond row; reconciles source-page columns but does not prove cash receipt, borrower use, liability spread, waterfall, collateral certificate, or return","use coordinate columns to replace token-only owned-bond reconciliation, then join income/proceeds and liability context"
CFKKRGACEDCOB-0794,Schedule D Part 1 Section 1 issuer-credit obligations owned,235,100.56,74340X-CJ-8,standard-cusip-like,25846,26000,26524,25854,,,,,5.000,5.085,,,,07/17/2025,03/15/2034,26650,matched-raw-parser-row,CFKKRGACEDP-1413,2,"coordinate-owned-bond row; reconciles source-page columns but does not prove cash receipt, borrower use, liability spread, waterfall, collateral certificate, or return","use coordinate columns to replace token-only owned-bond reconciliation, then join income/proceeds and liability context"
CFKKRGACEDCOB-0795,Schedule D Part 1 Section 1 issuer-credit obligations owned,235,92.52,744482-BM-1,standard-cusip-like,3491705,3500000,2581000,3493514,,,,,3.600,3.612,,63000,126000,06/24/2019,07/01/2049,3563000,matched-raw-parser-row,CFKKRGACEDP-0786,7,"coordinate-owned-bond row; reconciles source-page columns but does not prove cash receipt, borrower use, liability spread, waterfall, collateral certificate, or return","use coordinate columns to replace token-only owned-bond reconciliation, then join income/proceeds and liability context"
CFKKRGACEDCOB-0796,Schedule D Part 1 Section 1 issuer-credit obligations owned,235,84.48,74456Q-BB-1,standard-cusip-like,1069140,1030000,844256,1058814,,(1167),,,3.800,3.574,,39140,,04/27/2016,01/01/2043,,matched-raw-parser-row,CFKKRGACEDP-0787,7,"coordinate-owned-bond row; reconciles source-page columns but does not prove cash receipt, borrower use, liability spread, waterfall, collateral certificate, or return","use coordinate columns to replace token-only owned-bond reconciliation, then join income/proceeds and liability context"
CFKKRGACEDCOB-0797,Schedule D Part 1 Section 1 issuer-credit obligations owned,235,76.44,74456Q-CA-2,standard-cusip-like,2501251,2252000,1551959,2472552,,(6636),,,3.200,2.631,,72064,,07/27/2021,08/01/2049,,matched-raw-parser-row,CFKKRGACEDP-0788,7,"coordinate-owned-bond row; reconciles source-page columns but does not prove cash receipt, borrower use, liability spread, waterfall, collateral certificate, or return","use coordinate columns to replace token-only owned-bond reconciliation, then join income/proceeds and liability context"
CFKKRGACEDCOB-0798,Schedule D Part 1 Section 1 issuer-credit obligations owned,235,68.40,745332-CH-7,standard-cusip-like,11228199,8475000,6933713,10845866,,(79708),,,4.223,2.551,,15907,357899,12/11/2020,06/15/2048,,matched-raw-parser-row,CFKKRGACEDP-0789,7,"coordinate-owned-bond row; reconciles source-page columns but does not prove cash receipt, borrower use, liability spread, waterfall, collateral certificate, or return","use coordinate columns to replace token-only owned-bond reconciliation, then join income/proceeds and liability context"
CFKKRGACEDCOB-0799,Schedule D Part 1 Section 1 issuer-credit obligations owned,235,60.36,747525-AV-5,standard-cusip-like,2436586,2376000,1996844,2402853,,(6185),,,4.300,4.111,,74734,,07/17/2025,05/20/2047,2427084,matched-raw-parser-row,CFKKRGACEDP-1414,3,"coordinate-owned-bond row; reconciles source-page columns but does not prove cash receipt, borrower use, liability spread, waterfall, collateral certificate, or return","use coordinate columns to replace token-only owned-bond reconciliation, then join income/proceeds and liability context"
CFKKRGACEDCOB-0800,Schedule D Part 1 Section 1 issuer-credit obligations owned,236,414.12,747525-BR-3,standard-cusip-like,11287987,13295000,11327922,11319657,,31671,,,4.500,5.583,,68137,598275,01/21/2025,05/20/2052,13594138,matched-raw-parser-row,CFKKRGACEDP-1415,3,"coordinate-owned-bond row; reconciles source-page columns but does not prove cash receipt, borrower use, liability spread, waterfall, collateral certificate, or return","use coordinate columns to replace token-only owned-bond reconciliation, then join income/proceeds and liability context"
CFKKRGACEDCOB-0801,Schedule D Part 1 Section 1 issuer-credit obligations owned,236,406.08,747525-BT-9,standard-cusip-like,17390531,16503000,17431471,17379814,,(10717),,,6.000,5.615,,112771,990180,01/21/2025,05/20/2053,,matched-raw-parser-row,CFKKRGACEDP-1416,3,"coordinate-owned-bond row; reconciles source-page columns but does not prove cash receipt, borrower use, liability spread, waterfall, collateral certificate, or return","use coordinate columns to replace token-only owned-bond reconciliation, then join income/proceeds and liability context"
CFKKRGACEDCOB-0802,Schedule D Part 1 Section 1 issuer-credit obligations owned,236,398.04,74949L-AG-7,standard-cusip-like,88494,85000,87776,88467,,,,,5.250,4.688,,1165,,11/25/2025,03/27/2035,,matched-raw-parser-row,CFKKRGACEDP-1417,2,"coordinate-owned-bond row; reconciles source-page columns but does not prove cash receipt, borrower use, liability spread, waterfall, collateral certificate, or return","use coordinate columns to replace token-only owned-bond reconciliation, then join income/proceeds and liability context"
CFKKRGACEDCOB-0803,Schedule D Part 1 Section 1 issuer-credit obligations owned,236,390.00,749685-AV-5,standard-cusip-like,49778,50000,49798,49794,,,,,3.750,4.101,,,,11/25/2025,03/15/2027,50938,matched-raw-parser-row,CFKKRGACEDP-1418,2,"coordinate-owned-bond row; reconciles source-page columns but does not prove cash receipt, borrower use, liability spread, waterfall, collateral certificate, or return","use coordinate columns to replace token-only owned-bond reconciliation, then join income/proceeds and liability context"
CFKKRGACEDCOB-0804,Schedule D Part 1 Section 1 issuer-credit obligations owned,236,381.96,74977R-CM-4,standard-cusip-like,2525295,2500000,2477227,2525446,,,,,5.800,5.741,,36653,145000,09/30/2013,09/30/2110,2572500,matched-raw-parser-row,CFKKRGACEDP-0795,7,"coordinate-owned-bond row; reconciles source-page columns but does not prove cash receipt, borrower use, liability spread, waterfall, collateral certificate, or return","use coordinate columns to replace token-only owned-bond reconciliation, then join income/proceeds and liability context"
CFKKRGACEDCOB-0805,Schedule D Part 1 Section 1 issuer-credit obligations owned,236,373.92,754730-AH-2,standard-cusip-like,1892436,1680000,1237056,1871150,,(5083),,,3.750,3.089,,15750,63000,07/27/2021,04/01/2051,,matched-raw-parser-row,CFKKRGACEDP-0796,7,"coordinate-owned-bond row; reconciles source-page columns but does not prove cash receipt, borrower use, liability spread, waterfall, collateral certificate, or return","use coordinate columns to replace token-only owned-bond reconciliation, then join income/proceeds and liability context"
CFKKRGACEDCOB-0806,Schedule D Part 1 Section 1 issuer-credit obligations owned,236,365.88,75513E-CC-3,standard-cusip-like,329898,321000,266918,328662,,,,,4.200,4.016,,13482,,06/10/2020,12/15/2044,,matched-raw-parser-row,CFKKRGACEDP-1748,7,"coordinate-owned-bond row; reconciles source-page columns but does not prove cash receipt, borrower use, liability spread, waterfall, collateral certificate, or return","use coordinate columns to replace token-only owned-bond reconciliation, then join income/proceeds and liability context"
CFKKRGACEDCOB-0807,Schedule D Part 1 Section 1 issuer-credit obligations owned,236,357.84,75513E-CP-4,standard-cusip-like,684740,1072000,699664,690686,,5946,,,3.030,5.647,,32482,,01/21/2025,03/15/2052,1088241,matched-raw-parser-row,CFKKRGACEDP-1419,3,"coordinate-owned-bond row; reconciles source-page columns but does not prove cash receipt, borrower use, liability spread, waterfall, collateral certificate, or return","use coordinate columns to replace token-only owned-bond reconciliation, then join income/proceeds and liability context"
CFKKRGACEDCOB-0808,Schedule D Part 1 Section 1 issuer-credit obligations owned,236,349.80,756109-AT-1,standard-cusip-like,1999360,2000000,1771790,1999583,,,,,4.650,4.652,,93000,,03/08/2017,03/15/2047,2046500,matched-raw-parser-row,CFKKRGACEDP-1749,8,"coordinate-owned-bond row; reconciles source-page columns but does not prove cash receipt, borrower use, liability spread, waterfall, collateral certificate, or return","use coordinate columns to replace token-only owned-bond reconciliation, then join income/proceeds and liability context"
CFKKRGACEDCOB-0809,Schedule D Part 1 Section 1 issuer-credit obligations owned,236,341.76,75884R-AZ-6,standard-cusip-like,29776,31000,29780,29804,,,,,2.950,4.082,,,,11/25/2025,09/15/2029,31457,matched-raw-parser-row,CFKKRGACEDP-1420,2,"coordinate-owned-bond row; reconciles source-page columns but does not prove cash receipt, borrower use, liability spread, waterfall, collateral certificate, or return","use coordinate columns to replace token-only owned-bond reconciliation, then join income/proceeds and liability context"
CFKKRGACEDCOB-0810,Schedule D Part 1 Section 1 issuer-credit obligations owned,236,333.72,75886F-AF-4,standard-cusip-like,435431,680000,415398,436360,,,,,2.800,5.458,,5606,,10/21/2025,09/15/2050,689520,matched-raw-parser-row,CFKKRGACEDP-1421,3,"coordinate-owned-bond row; reconciles source-page columns but does not prove cash receipt, borrower use, liability spread, waterfall, collateral certificate, or return","use coordinate columns to replace token-only owned-bond reconciliation, then join income/proceeds and liability context"
CFKKRGACEDCOB-0811,Schedule D Part 1 Section 1 issuer-credit obligations owned,236,325.68,76169X-AC-8,standard-cusip-like,50938,50000,50916,50905,,,,,5.000,4.191,,,1250,11/25/2025,06/15/2028,,matched-raw-parser-row,CFKKRGACEDP-1422,3,"coordinate-owned-bond row; reconciles source-page columns but does not prove cash receipt, borrower use, liability spread, waterfall, collateral certificate, or return","use coordinate columns to replace token-only owned-bond reconciliation, then join income/proceeds and liability context"
CFKKRGACEDCOB-0812,Schedule D Part 1 Section 1 issuer-credit obligations owned,236,317.64,761713-BB-1,standard-cusip-like,26374633,21800000,21520414,25452159,,(117238),,,5.850,4.532,,1275300,,10/29/2020,08/15/2045,,matched-raw-parser-row,CFKKRGACEDP-0803,7,"coordinate-owned-bond row; reconciles source-page columns but does not prove cash receipt, borrower use, liability spread, waterfall, collateral certificate, or return","use coordinate columns to replace token-only owned-bond reconciliation, then join income/proceeds and liability context"
CFKKRGACEDCOB-0813,Schedule D Part 1 Section 1 issuer-credit obligations owned,236,309.60,761713-BV-7,standard-cusip-like,5409015,4000000,4751346,5045732,,(47080),,,8.125,5.470,,54167,325000,05/10/2016,05/01/2040,4162500,matched-raw-parser-row,CFKKRGACEDP-0804,8,"coordinate-owned-bond row; reconciles source-page columns but does not prove cash receipt, borrower use, liability spread, waterfall, collateral certificate, or return","use coordinate columns to replace token-only owned-bond reconciliation, then join income/proceeds and liability context"
CFKKRGACEDCOB-0814,Schedule D Part 1 Section 1 issuer-credit obligations owned,236,301.56,761713-BW-5,standard-cusip-like,805820,680000,713667,776605,,(3794),,,7.000,5.620,,19437,47600,03/24/2016,08/04/2041,703800,matched-raw-parser-row,CFKKRGACEDP-0805,8,"coordinate-owned-bond row; reconciles source-page columns but does not prove cash receipt, borrower use, liability spread, waterfall, collateral certificate, or return","use coordinate columns to replace token-only owned-bond reconciliation, then join income/proceeds and liability context"
CFKKRGACEDCOB-0815,Schedule D Part 1 Section 1 issuer-credit obligations owned,236,293.52,76720A-AD-8,standard-cusip-like,248483,250000,233684,248896,,,,,4.750,4.790,,3266,11875,06/05/2015,03/22/2042,255938,matched-raw-parser-row,CFKKRGACEDP-0806,7,"coordinate-owned-bond row; reconciles source-page columns but does not prove cash receipt, borrower use, liability spread, waterfall, collateral certificate, or return","use coordinate columns to replace token-only owned-bond reconciliation, then join income/proceeds and liability context"
CFKKRGACEDCOB-0816,Schedule D Part 1 Section 1 issuer-credit obligations owned,236,285.48,76720A-AP-1,standard-cusip-like,6557389,7048000,6590344,6564865,7476,,,,5.125,5.620,,112376,361210,01/21/2025,03/09/2053,7228605,matched-raw-parser-row,CFKKRGACEDP-1423,3,"coordinate-owned-bond row; reconciles source-page columns but does not prove cash receipt, borrower use, liability spread, waterfall, collateral certificate, or return","use coordinate columns to replace token-only owned-bond reconciliation, then join income/proceeds and liability context"
CFKKRGACEDCOB-0817,Schedule D Part 1 Section 1 issuer-credit obligations owned,236,277.44,76720A-AV-8,standard-cusip-like,928292,938000,957632,928434,,,,,5.750,5.823,,26968,,07/17/2025,03/14/2055,964968,matched-raw-parser-row,CFKKRGACEDP-1424,3,"coordinate-owned-bond row; reconciles source-page columns but does not prove cash receipt, borrower use, liability spread, waterfall, collateral certificate, or return","use coordinate columns to replace token-only owned-bond reconciliation, then join income/proceeds and liability context"
CFKKRGACEDCOB-0818,Schedule D Part 1 Section 1 issuer-credit obligations owned,236,269.40,76720A-AW-6,standard-cusip-like,1074136,1084000,1120541,1074268,,,,,5.875,5.934,,31843,,07/17/2025,03/14/2065,1115843,matched-raw-parser-row,CFKKRGACEDP-1425,3,"coordinate-owned-bond row; reconciles source-page columns but does not prove cash receipt, borrower use, liability spread, waterfall, collateral certificate, or return","use coordinate columns to replace token-only owned-bond reconciliation, then join income/proceeds and liability context"
CFKKRGACEDCOB-0819,Schedule D Part 1 Section 1 issuer-credit obligations owned,236,261.36,773903-AJ-8,standard-cusip-like,2362831,2425000,2023676,2364224,1480,,,,4.200,4.364,,33950,101850,06/23/2022,03/01/2049,2475925,matched-raw-parser-row,CFKKRGACEDP-0810,8,"coordinate-owned-bond row; reconciles source-page columns but does not prove cash receipt, borrower use, liability spread, waterfall, collateral certificate, or return","use coordinate columns to replace token-only owned-bond reconciliation, then join income/proceeds and liability context"
CFKKRGACEDCOB-0820,Schedule D Part 1 Section 1 issuer-credit obligations owned,236,253.32,775109-AX-9,standard-cusip-like,4173862,3850000,3233255,4093315,,(10098),,,4.500,3.978,,51013,177100,07/26/2016,03/15/2043,,matched-raw-parser-row,CFKKRGACEDP-0811,7,"coordinate-owned-bond row; reconciles source-page columns but does not prove cash receipt, borrower use, liability spread, waterfall, collateral certificate, or return","use coordinate columns to replace token-only owned-bond reconciliation, then join income/proceeds and liability context"
CFKKRGACEDCOB-0821,Schedule D Part 1 Section 1 issuer-credit obligations owned,236,245.28,775109-BN-0,standard-cusip-like,25766622,26375000,20953704,25752954,9130,,,,4.350,4.493,,1173688,,06/23/2022,05/01/2049,26948656,matched-raw-parser-row,CFKKRGACEDP-0812,8,"coordinate-owned-bond row; reconciles source-page columns but does not prove cash receipt, borrower use, liability spread, waterfall, collateral certificate, or return","use coordinate columns to replace token-only owned-bond reconciliation, then join income/proceeds and liability context"
CFKKRGACEDCOB-0822,Schedule D Part 1 Section 1 issuer-credit obligations owned,236,237.24,778296-AG-8,standard-cusip-like,44105,50000,44068,44197,,,,,1.875,4.356,,,,11/25/2025,04/15/2031,50469,matched-raw-parser-row,CFKKRGACEDP-1426,2,"coordinate-owned-bond row; reconciles source-page columns but does not prove cash receipt, borrower use, liability spread, waterfall, collateral certificate, or return","use coordinate columns to replace token-only owned-bond reconciliation, then join income/proceeds and liability context"
CFKKRGACEDCOB-0823,Schedule D Part 1 Section 1 issuer-credit obligations owned,236,229.20,78081B-AK-9,standard-cusip-like,45375,50000,45343,45459,,,,,2.200,4.372,,,,11/25/2025,09/02/2030,50550,matched-raw-parser-row,CFKKRGACEDP-1427,2,"coordinate-owned-bond row; reconciles source-page columns but does not prove cash receipt, borrower use, liability spread, waterfall, collateral certificate, or return","use coordinate columns to replace token-only owned-bond reconciliation, then join income/proceeds and liability context"
CFKKRGACEDCOB-0824,Schedule D Part 1 Section 1 issuer-credit obligations owned,236,221.16,78409V-AR-5,standard-cusip-like,5546756,8287000,4201036,5643697,29421,,,,2.300,3.917,,72005,190601,11/03/2022,08/15/2060,8382301,matched-raw-parser-row,CFKKRGACEDP-0815,8,"coordinate-owned-bond row; reconciles source-page columns but does not prove cash receipt, borrower use, liability spread, waterfall, collateral certificate, or return","use coordinate columns to replace token-only owned-bond reconciliation, then join income/proceeds and liability context"
CFKKRGACEDCOB-0825,Schedule D Part 1 Section 1 issuer-credit obligations owned,236,213.12,78409V-BL-7,standard-cusip-like,1436242,1819000,1380798,1448509,6632,,,,3.700,5.118,,67303,,01/21/2025,03/01/2052,1852652,matched-raw-parser-row,CFKKRGACEDP-1428,3,"coordinate-owned-bond row; reconciles source-page columns but does not prove cash receipt, borrower use, liability spread, waterfall, collateral certificate, or return","use coordinate columns to replace token-only owned-bond reconciliation, then join income/proceeds and liability context"
CFKKRGACEDCOB-0826,Schedule D Part 1 Section 1 issuer-credit obligations owned,236,205.08,79466L-AL-8,standard-cusip-like,4478247,4650000,2955170,4484903,,2945,,,2.900,3.074,,62181,134850,02/10/2023,07/15/2051,1420300,matched-raw-parser-row,CFKKRGACEDP-0817,8,"coordinate-owned-bond row; reconciles source-page columns but does not prove cash receipt, borrower use, liability spread, waterfall, collateral certificate, or return","use coordinate columns to replace token-only owned-bond reconciliation, then join income/proceeds and liability context"
CFKKRGACEDCOB-0827,Schedule D Part 1 Section 1 issuer-credit obligations owned,236,197.04,797440-BM-5,standard-cusip-like,7973332,8000000,7306923,7982264,,,,,4.500,4.521,,136000,360000,09/30/2013,08/15/2040,8180000,matched-raw-parser-row,CFKKRGACEDP-0818,7,"coordinate-owned-bond row; reconciles source-page columns but does not prove cash receipt, borrower use, liability spread, waterfall, collateral certificate, or return","use coordinate columns to replace token-only owned-bond reconciliation, then join income/proceeds and liability context"
CFKKRGACEDCOB-0828,Schedule D Part 1 Section 1 issuer-credit obligations owned,236,189.00,797440-BW-3,standard-cusip-like,3470110,3500000,2828715,3474794,,,,,4.150,4.200,,18560,145250,08/01/2018,05/15/2048,3572625,matched-raw-parser-row,CFKKRGACEDP-0819,7,"coordinate-owned-bond row; reconciles source-page columns but does not prove cash receipt, borrower use, liability spread, waterfall, collateral certificate, or return","use coordinate columns to replace token-only owned-bond reconciliation, then join income/proceeds and liability context"
CFKKRGACEDCOB-0829,Schedule D Part 1 Section 1 issuer-credit obligations owned,236,180.96,801060-AJ-3,standard-cusip-like,50125,50000,49940,50124,,,,,4.200,4.157,,,,11/25/2025,11/03/2032,,matched-raw-parser-row,CFKKRGACEDP-1429,2,"coordinate-owned-bond row; reconciles source-page columns but does not prove cash receipt, borrower use, liability spread, waterfall, collateral certificate, or return","use coordinate columns to replace token-only owned-bond reconciliation, then join income/proceeds and liability context"
CFKKRGACEDCOB-0830,Schedule D Part 1 Section 1 issuer-credit obligations owned,236,172.92,80281L-AX-3,standard-cusip-like,50103,50000,50054,50100,,,,,4.320,4.240,,,,11/25/2025,09/22/2029,,matched-raw-parser-row,CFKKRGACEDP-1430,2,"coordinate-owned-bond row; reconciles source-page columns but does not prove cash receipt, borrower use, liability spread, waterfall, collateral certificate, or return","use coordinate columns to replace token-only owned-bond reconciliation, then join income/proceeds and liability context"
CFKKRGACEDCOB-0831,Schedule D Part 1 Section 1 issuer-credit obligations owned,236,164.88,806605-AH-4,standard-cusip-like,43344,39000,44712,43114,,,,,6.550,5.327,,,2555,01/21/2025,09/15/2037,40277,matched-raw-parser-row,CFKKRGACEDP-1431,2,"coordinate-owned-bond row; reconciles source-page columns but does not prove cash receipt, borrower use, liability spread, waterfall, collateral certificate, or return","use coordinate columns to replace token-only owned-bond reconciliation, then join income/proceeds and liability context"
CFKKRGACEDCOB-0832,Schedule D Part 1 Section 1 issuer-credit obligations owned,236,156.84,816300-AJ-6,standard-cusip-like,52509,50000,52507,52489,,,,,5.900,5.202,,,,11/25/2025,04/15/2035,,matched-raw-parser-row,CFKKRGACEDP-1432,2,"coordinate-owned-bond row; reconciles source-page columns but does not prove cash receipt, borrower use, liability spread, waterfall, collateral certificate, or return","use coordinate columns to replace token-only owned-bond reconciliation, then join income/proceeds and liability context"
CFKKRGACEDCOB-0833,Schedule D Part 1 Section 1 issuer-credit obligations owned,236,148.80,817826-AG-5,standard-cusip-like,19182153,25100000,15301610,19317262,,67002,,,2.800,4.012,,275263,702800,12/14/2023,02/10/2051,49787400,matched-raw-parser-row,CFKKRGACEDP-0824,8,"coordinate-owned-bond row; reconciles source-page columns but does not prove cash receipt, borrower use, liability spread, waterfall, collateral certificate, or return","use coordinate columns to replace token-only owned-bond reconciliation, then join income/proceeds and liability context"
CFKKRGACEDCOB-0834,Schedule D Part 1 Section 1 issuer-credit obligations owned,236,140.76,822905-AA-3,standard-cusip-like,13498676,11531000,9963047,13104364,,(64324),,,4.375,3.374,,70067,470991,07/17/2025,05/11/2045,11783241,matched-raw-parser-row,CFKKRGACEDP-1433,3,"coordinate-owned-bond row; reconciles source-page columns but does not prove cash receipt, borrower use, liability spread, waterfall, collateral certificate, or return","use coordinate columns to replace token-only owned-bond reconciliation, then join income/proceeds and liability context"
CFKKRGACEDCOB-0835,Schedule D Part 1 Section 1 issuer-credit obligations owned,236,132.72,822905-AD-7,standard-cusip-like,9028650,7500000,6712331,8735383,,(50872),,,4.550,3.309,,131760,341250,09/17/2019,08/12/2043,7670625,matched-raw-parser-row,CFKKRGACEDP-0826,8,"coordinate-owned-bond row; reconciles source-page columns but does not prove cash receipt, borrower use, liability spread, waterfall, collateral certificate, or return","use coordinate columns to replace token-only owned-bond reconciliation, then join income/proceeds and liability context"
CFKKRGACEDCOB-0836,Schedule D Part 1 Section 1 issuer-credit obligations owned,236,124.68,822905-AE-5,standard-cusip-like,995918,1276000,1032470,999166,,3248,,,4.000,5.835,,25520,,07/17/2025,05/10/2046,1301520,matched-raw-parser-row,CFKKRGACEDP-1434,3,"coordinate-owned-bond row; reconciles source-page columns but does not prove cash receipt, borrower use, liability spread, waterfall, collateral certificate, or return","use coordinate columns to replace token-only owned-bond reconciliation, then join income/proceeds and liability context"
CFKKRGACEDCOB-0837,Schedule D Part 1 Section 1 issuer-credit obligations owned,236,116.64,824348-AX-4,standard-cusip-like,5340680,5100000,4363216,5305671,,(6166),,,4.500,4.206,,19125,229500,08/02/2019,06/01/2047,5214750,matched-raw-parser-row,CFKKRGACEDP-0828,8,"coordinate-owned-bond row; reconciles source-page columns but does not prove cash receipt, borrower use, liability spread, waterfall, collateral certificate, or return","use coordinate columns to replace token-only owned-bond reconciliation, then join income/proceeds and liability context"
CFKKRGACEDCOB-0838,Schedule D Part 1 Section 1 issuer-credit obligations owned,236,108.60,824348-BM-7,standard-cusip-like,15315969,15000000,10217016,15035518,,(85584),,,3.300,2.737,,63250,495000,10/28/2022,05/15/2050,30495000,matched-raw-parser-row,CFKKRGACEDP-0829,8,"coordinate-owned-bond row; reconciles source-page columns but does not prove cash receipt, borrower use, liability spread, waterfall, collateral certificate, or return","use coordinate columns to replace token-only owned-bond reconciliation, then join income/proceeds and liability context"
CFKKRGACEDCOB-0839,Schedule D Part 1 Section 1 issuer-credit obligations owned,236,100.56,824348-BP-0,standard-cusip-like,6850706,10000000,6185575,7010608,,54868,,,2.900,4.948,,85389,290000,12/14/2022,03/15/2052,10145000,matched-raw-parser-row,CFKKRGACEDP-0830,8,"coordinate-owned-bond row; reconciles source-page columns but does not prove cash receipt, borrower use, liability spread, waterfall, collateral certificate, or return","use coordinate columns to replace token-only owned-bond reconciliation, then join income/proceeds and liability context"
CFKKRGACEDCOB-0840,Schedule D Part 1 Section 1 issuer-credit obligations owned,236,92.52,82620K-AF-0,standard-cusip-like,4081818,3900000,3445436,4050419,,(4568),,,4.400,4.110,,16207,171600,08/01/2018,05/27/2045,3985800,matched-raw-parser-row,CFKKRGACEDP-0831,8,"coordinate-owned-bond row; reconciles source-page columns but does not prove cash receipt, borrower use, liability spread, waterfall, collateral certificate, or return","use coordinate columns to replace token-only owned-bond reconciliation, then join income/proceeds and liability context"
CFKKRGACEDCOB-0841,Schedule D Part 1 Section 1 issuer-credit obligations owned,236,84.48,82622R-AE-6,standard-cusip-like,127294,123000,127662,127169,,,,,5.200,4.740,,,3198,08/13/2025,05/28/2035,,matched-raw-parser-row,CFKKRGACEDP-1435,3,"coordinate-owned-bond row; reconciles source-page columns but does not prove cash receipt, borrower use, liability spread, waterfall, collateral certificate, or return","use coordinate columns to replace token-only owned-bond reconciliation, then join income/proceeds and liability context"
CFKKRGACEDCOB-0842,Schedule D Part 1 Section 1 issuer-credit obligations owned,236,76.44,828807-DJ-3,standard-cusip-like,2519220,2202000,1656180,2485966,,(7923),,,3.800,3.040,,38584,83676,07/27/2021,07/15/2050,,matched-raw-parser-row,CFKKRGACEDP-0833,7,"coordinate-owned-bond row; reconciles source-page columns but does not prove cash receipt, borrower use, liability spread, waterfall, collateral certificate, or return","use coordinate columns to replace token-only owned-bond reconciliation, then join income/proceeds and liability context"
CFKKRGACEDCOB-0843,Schedule D Part 1 Section 1 issuer-credit obligations owned,236,68.40,830505-BK-8,standard-cusip-like,50367,50000,50231,50362,,,,,4.500,4.326,,,,11/25/2025,09/03/2030,51125,matched-raw-parser-row,CFKKRGACEDP-1436,2,"coordinate-owned-bond row; reconciles source-page columns but does not prove cash receipt, borrower use, liability spread, waterfall, collateral certificate, or return","use coordinate columns to replace token-only owned-bond reconciliation, then join income/proceeds and liability context"
CFKKRGACEDCOB-0844,Schedule D Part 1 Section 1 issuer-credit obligations owned,236,60.36,83192P-AD-0,standard-cusip-like,52235,50000,51750,52214,,,,,5.400,4.726,,,,11/25/2025,03/20/2034,,matched-raw-parser-row,CFKKRGACEDP-1437,2,"coordinate-owned-bond row; reconciles source-page columns but does not prove cash receipt, borrower use, liability spread, waterfall, collateral certificate, or return","use coordinate columns to replace token-only owned-bond reconciliation, then join income/proceeds and liability context"
CFKKRGACEDCOB-0845,Schedule D Part 1 Section 1 issuer-credit obligations owned,237,414.12,832696-AP-3,standard-cusip-like,5923023,5343000,4487343,5795501,,(15885),,,4.375,3.752,,68828,233756,10/14/2016,03/15/2045,5459878,matched-raw-parser-row,CFKKRGACEDP-0836,8,"coordinate-owned-bond row; reconciles source-page columns but does not prove cash receipt, borrower use, liability spread, waterfall, collateral certificate, or return","use coordinate columns to replace token-only owned-bond reconciliation, then join income/proceeds and liability context"
CFKKRGACEDCOB-0846,Schedule D Part 1 Section 1 issuer-credit obligations owned,237,406.08,832696-AX-6,standard-cusip-like,6141681,5669000,6147727,6139862,,(1819),,,6.200,4.882,,44911,,12/16/2025,11/15/2033,,matched-raw-parser-row,CFKKRGACEDP-1438,3,"coordinate-owned-bond row; reconciles source-page columns but does not prove cash receipt, borrower use, liability spread, waterfall, collateral certificate, or return","use coordinate columns to replace token-only owned-bond reconciliation, then join income/proceeds and liability context"
CFKKRGACEDCOB-0847,Schedule D Part 1 Section 1 issuer-credit obligations owned,237,398.04,833034-AK-7,standard-cusip-like,49587,50000,49648,49618,,,,,3.250,3.926,,,,11/25/2025,03/01/2027,50813,matched-raw-parser-row,CFKKRGACEDP-1439,2,"coordinate-owned-bond row; reconciles source-page columns but does not prove cash receipt, borrower use, liability spread, waterfall, collateral certificate, or return","use coordinate columns to replace token-only owned-bond reconciliation, then join income/proceeds and liability context"
CFKKRGACEDCOB-0848,Schedule D Part 1 Section 1 issuer-credit obligations owned,237,390.00,83368R-BX-9,standard-cusip-like,53019,50000,52869,52994,,,,,6.066,5.147,,1365,,11/25/2025,01/19/2035,,matched-raw-parser-row,CFKKRGACEDP-1440,3,"coordinate-owned-bond row; reconciles source-page columns but does not prove cash receipt, borrower use, liability spread, waterfall, collateral certificate, or return","use coordinate columns to replace token-only owned-bond reconciliation, then join income/proceeds and liability context"
CFKKRGACEDCOB-0849,Schedule D Part 1 Section 1 issuer-credit obligations owned,237,381.96,83444M-AS-0,standard-cusip-like,3341189,3315000,3332183,3341251,,,,,5.900,5.842,,33141,201299,11/07/2024,04/30/2054,,matched-raw-parser-row,CFKKRGACEDP-1754,6,"coordinate-owned-bond row; reconciles source-page columns but does not prove cash receipt, borrower use, liability spread, waterfall, collateral certificate, or return","use coordinate columns to replace token-only owned-bond reconciliation, then join income/proceeds and liability context"
CFKKRGACEDCOB-0850,Schedule D Part 1 Section 1 issuer-credit obligations owned,237,373.92,837004-CJ-7,standard-cusip-like,6608172,5100000,4538394,6517386,,(15972),,,5.100,3.739,,21675,260100,09/17/2019,06/01/2065,,matched-raw-parser-row,CFKKRGACEDP-0841,7,"coordinate-owned-bond row; reconciles source-page columns but does not prove cash receipt, borrower use, liability spread, waterfall, collateral certificate, or return","use coordinate columns to replace token-only owned-bond reconciliation, then join income/proceeds and liability context"
CFKKRGACEDCOB-0851,Schedule D Part 1 Section 1 issuer-credit obligations owned,237,365.88,842400-FH-1,standard-cusip-like,10168972,8000000,8193082,9498425,,(96994),,,5.950,4.210,,198333,476000,05/11/2023,02/01/2038,8238000,matched-raw-parser-row,CFKKRGACEDP-0842,8,"coordinate-owned-bond row; reconciles source-page columns but does not prove cash receipt, borrower use, liability spread, waterfall, collateral certificate, or return","use coordinate columns to replace token-only owned-bond reconciliation, then join income/proceeds and liability context"
CFKKRGACEDCOB-0852,Schedule D Part 1 Section 1 issuer-credit obligations owned,237,357.84,842400-FL-2,standard-cusip-like,11889182,10000000,10249245,11252712,,(66876),,,6.050,4.761,,178139,605000,09/30/2013,03/15/2039,10302500,matched-raw-parser-row,CFKKRGACEDP-0843,8,"coordinate-owned-bond row; reconciles source-page columns but does not prove cash receipt, borrower use, liability spread, waterfall, collateral certificate, or return","use coordinate columns to replace token-only owned-bond reconciliation, then join income/proceeds and liability context"
CFKKRGACEDCOB-0853,Schedule D Part 1 Section 1 issuer-credit obligations owned,237,349.80,842400-GR-8,standard-cusip-like,7973127,6100000,5132185,7728373,,(48081),,,4.875,3.208,,99125,297375,07/14/2020,03/01/2049,,matched-raw-parser-row,CFKKRGACEDP-0844,7,"coordinate-owned-bond row; reconciles source-page columns but does not prove cash receipt, borrower use, liability spread, waterfall, collateral certificate, or return","use coordinate columns to replace token-only owned-bond reconciliation, then join income/proceeds and liability context"
CFKKRGACEDCOB-0854,Schedule D Part 1 Section 1 issuer-credit obligations owned,237,341.76,842434-DA-7,standard-cusip-like,9935000,10000000,9838709,9938039,,,,,5.600,5.644,,140000,560000,03/12/2024,04/01/2054,10280000,matched-raw-parser-row,CFKKRGACEDP-0845,7,"coordinate-owned-bond row; reconciles source-page columns but does not prove cash receipt, borrower use, liability spread, waterfall, collateral certificate, or return","use coordinate columns to replace token-only owned-bond reconciliation, then join income/proceeds and liability context"
CFKKRGACEDCOB-0855,Schedule D Part 1 Section 1 issuer-credit obligations owned,237,333.72,842587-CX-3,standard-cusip-like,6240560,6000000,5067512,6192100,,(6191),,,4.400,4.160,,132000,264000,01/05/2017,07/01/2046,,matched-raw-parser-row,CFKKRGACEDP-0846,7,"coordinate-owned-bond row; reconciles source-page columns but does not prove cash receipt, borrower use, liability spread, waterfall, collateral certificate, or return","use coordinate columns to replace token-only owned-bond reconciliation, then join income/proceeds and liability context"
CFKKRGACEDCOB-0856,Schedule D Part 1 Section 1 issuer-credit obligations owned,237,325.68,842587-EB-9,standard-cusip-like,39000000,39000000,40726167,39000000,,,,,6.375,6.375,,1360531,,02/25/2025,03/15/2055,,matched-raw-parser-row,CFKKRGACEDP-1441,2,"coordinate-owned-bond row; reconciles source-page columns but does not prove cash receipt, borrower use, liability spread, waterfall, collateral certificate, or return","use coordinate columns to replace token-only owned-bond reconciliation, then join income/proceeds and liability context"
CFKKRGACEDCOB-0857,Schedule D Part 1 Section 1 issuer-credit obligations owned,237,317.64,845011-AB-1,standard-cusip-like,40747,50000,39513,40766,,,,,4.150,5.572,,,1038,11/25/2025,06/01/2049,51038,matched-raw-parser-row,CFKKRGACEDP-1442,3,"coordinate-owned-bond row; reconciles source-page columns but does not prove cash receipt, borrower use, liability spread, waterfall, collateral certificate, or return","use coordinate columns to replace token-only owned-bond reconciliation, then join income/proceeds and liability context"
CFKKRGACEDCOB-0858,Schedule D Part 1 Section 1 issuer-credit obligations owned,237,309.60,845743-BQ-5,standard-cusip-like,10084800,10000000,7122372,10073048,,(2014),,,3.400,3.350,,128444,398225,11/08/2019,08/15/2046,,matched-raw-parser-row,CFKKRGACEDP-0849,7,"coordinate-owned-bond row; reconciles source-page columns but does not prove cash receipt, borrower use, liability spread, waterfall, collateral certificate, or return","use coordinate columns to replace token-only owned-bond reconciliation, then join income/proceeds and liability context"
CFKKRGACEDCOB-0859,Schedule D Part 1 Section 1 issuer-credit obligations owned,237,301.56,845743-BS-1,standard-cusip-like,1286930,1000000,835981,1248460,,(7814),,,4.400,2.885,,44000,,10/06/2020,11/15/2048,,matched-raw-parser-row,CFKKRGACEDP-0850,7,"coordinate-owned-bond row; reconciles source-page columns but does not prove cash receipt, borrower use, liability spread, waterfall, collateral certificate, or return","use coordinate columns to replace token-only owned-bond reconciliation, then join income/proceeds and liability context"
CFKKRGACEDCOB-0860,Schedule D Part 1 Section 1 issuer-credit obligations owned,237,293.52,845743-BU-6,standard-cusip-like,10481468,10000000,6635045,10286851,,(88519),,,3.150,2.220,,52500,315000,10/26/2023,05/01/2050,20315000,matched-raw-parser-row,CFKKRGACEDP-0851,8,"coordinate-owned-bond row; reconciles source-page columns but does not prove cash receipt, borrower use, liability spread, waterfall, collateral certificate, or return","use coordinate columns to replace token-only owned-bond reconciliation, then join income/proceeds and liability context"
CFKKRGACEDCOB-0861,Schedule D Part 1 Section 1 issuer-credit obligations owned,237,285.48,845743-BX-0,standard-cusip-like,3619223,3450000,3540122,3617023,,(2010),,,6.000,5.653,,17250,207000,11/07/2024,06/01/2054,,matched-raw-parser-row,CFKKRGACEDP-0852,7,"coordinate-owned-bond row; reconciles source-page columns but does not prove cash receipt, borrower use, liability spread, waterfall, collateral certificate, or return","use coordinate columns to replace token-only owned-bond reconciliation, then join income/proceeds and liability context"
CFKKRGACEDCOB-0862,Schedule D Part 1 Section 1 issuer-credit obligations owned,237,277.44,84756N-AE-9,standard-cusip-like,14999347,13964000,14131808,14822873,,(31224),,,5.950,5.387,,221562,830858,06/27/2024,09/25/2043,14379429,matched-raw-parser-row,CFKKRGACEDP-0853,16,"coordinate-owned-bond row; reconciles source-page columns but does not prove cash receipt, borrower use, liability spread, waterfall, collateral certificate, or return","use coordinate columns to replace token-only owned-bond reconciliation, then join income/proceeds and liability context"
CFKKRGACEDCOB-0863,Schedule D Part 1 Section 1 issuer-credit obligations owned,237,269.40,85238@-AA-1,statutory-private-marker-cusip,5549159,7000000,5158726,5610639,,19014,,,3.750,5.028,,33542,262500,07/26/2022,05/15/2056,7065625,not-in-raw-parser-private-marker-or-geometry-row,,,"coordinate-owned-bond row; reconciles source-page columns but does not prove cash receipt, borrower use, liability spread, waterfall, collateral certificate, or return","use coordinate columns to replace token-only owned-bond reconciliation, then join income/proceeds and liability context"
CFKKRGACEDCOB-0864,Schedule D Part 1 Section 1 issuer-credit obligations owned,237,261.36,853254-AN-0,standard-cusip-like,87109,90000,89642,87154,,,,,5.700,5.987,,1354,2565,07/30/2025,03/26/2044,92565,matched-raw-parser-row,CFKKRGACEDP-1757,8,"coordinate-owned-bond row; reconciles source-page columns but does not prove cash receipt, borrower use, liability spread, waterfall, collateral certificate, or return","use coordinate columns to replace token-only owned-bond reconciliation, then join income/proceeds and liability context"
CFKKRGACEDCOB-0865,Schedule D Part 1 Section 1 issuer-credit obligations owned,237,253.32,854502-AJ-0,standard-cusip-like,7569074,6900000,6067652,7478048,,(15343),,,4.850,4.264,,42761,334650,08/01/2019,11/15/2048,,matched-raw-parser-row,CFKKRGACEDP-0855,7,"coordinate-owned-bond row; reconciles source-page columns but does not prove cash receipt, borrower use, liability spread, waterfall, collateral certificate, or return","use coordinate columns to replace token-only owned-bond reconciliation, then join income/proceeds and liability context"
CFKKRGACEDCOB-0866,Schedule D Part 1 Section 1 issuer-credit obligations owned,237,245.28,854502-AN-1,standard-cusip-like,2508451,2508000,1491558,2508527,,,,,2.750,2.749,,8813,68970,07/27/2021,11/15/2050,,matched-raw-parser-row,CFKKRGACEDP-0856,6,"coordinate-owned-bond row; reconciles source-page columns but does not prove cash receipt, borrower use, liability spread, waterfall, collateral certificate, or return","use coordinate columns to replace token-only owned-bond reconciliation, then join income/proceeds and liability context"
CFKKRGACEDCOB-0867,Schedule D Part 1 Section 1 issuer-credit obligations owned,237,237.24,855244-AS-8,standard-cusip-like,23192828,22843000,19123230,23083436,,(10073),,,4.500,4.409,,1027935,,12/14/2022,11/15/2048,23356968,matched-raw-parser-row,CFKKRGACEDP-0857,8,"coordinate-owned-bond row; reconciles source-page columns but does not prove cash receipt, borrower use, liability spread, waterfall, collateral certificate, or return","use coordinate columns to replace token-only owned-bond reconciliation, then join income/proceeds and liability context"
CFKKRGACEDCOB-0868,Schedule D Part 1 Section 1 issuer-credit obligations owned,237,229.20,855244-AU-3,standard-cusip-like,40194386,42726000,35389006,40119117,,(14805),,,4.450,4.701,,1013666,,05/19/2025,08/15/2049,63657552,matched-raw-parser-row,CFKKRGACEDP-1759,9,"coordinate-owned-bond row; reconciles source-page columns but does not prove cash receipt, borrower use, liability spread, waterfall, collateral certificate, or return","use coordinate columns to replace token-only owned-bond reconciliation, then join income/proceeds and liability context"
CFKKRGACEDCOB-0869,Schedule D Part 1 Section 1 issuer-credit obligations owned,237,221.16,855244-AX-7,standard-cusip-like,11115187,12259000,8379464,11097927,,(17336),,,3.350,3.459,,124344,207013,05/15/2025,03/12/2050,24827002,matched-raw-parser-row,CFKKRGACEDP-1445,3,"coordinate-owned-bond row; reconciles source-page columns but does not prove cash receipt, borrower use, liability spread, waterfall, collateral certificate, or return","use coordinate columns to replace token-only owned-bond reconciliation, then join income/proceeds and liability context"
CFKKRGACEDCOB-0870,Schedule D Part 1 Section 1 issuer-credit obligations owned,237,213.12,855244-BA-6,standard-cusip-like,12738245,14100000,9908966,12739718,,,,,3.500,3.887,,63058,493500,11/12/2024,11/15/2050,28591750,matched-raw-parser-row,CFKKRGACEDP-0860,7,"coordinate-owned-bond row; reconciles source-page columns but does not prove cash receipt, borrower use, liability spread, waterfall, collateral certificate, or return","use coordinate columns to replace token-only owned-bond reconciliation, then join income/proceeds and liability context"
CFKKRGACEDCOB-0871,Schedule D Part 1 Section 1 issuer-credit obligations owned,237,205.08,858119-BP-4,standard-cusip-like,2498682,2438000,1680697,2492581,,(1485),,,3.250,3.118,,79235,,07/27/2021,10/15/2050,,matched-raw-parser-row,CFKKRGACEDP-0861,7,"coordinate-owned-bond row; reconciles source-page columns but does not prove cash receipt, borrower use, liability spread, waterfall, collateral certificate, or return","use coordinate columns to replace token-only owned-bond reconciliation, then join income/proceeds and liability context"
CFKKRGACEDCOB-0872,Schedule D Part 1 Section 1 issuer-credit obligations owned,237,197.04,85917P-AB-3,standard-cusip-like,8724175,8507000,6308765,8681021,,(12657),,,3.750,3.530,,93931,319013,08/04/2022,03/15/2051,11220513,matched-raw-parser-row,CFKKRGACEDP-0862,8,"coordinate-owned-bond row; reconciles source-page columns but does not prove cash receipt, borrower use, liability spread, waterfall, collateral certificate, or return","use coordinate columns to replace token-only owned-bond reconciliation, then join income/proceeds and liability context"
CFKKRGACEDCOB-0873,Schedule D Part 1 Section 1 issuer-credit obligations owned,237,189.00,863667-AJ-0,standard-cusip-like,2274562,2300000,2055652,2279558,,,,,4.625,4.694,,31322,106375,03/03/2016,03/15/2046,2353188,matched-raw-parser-row,CFKKRGACEDP-0863,7,"coordinate-owned-bond row; reconciles source-page columns but does not prove cash receipt, borrower use, liability spread, waterfall, collateral certificate, or return","use coordinate columns to replace token-only owned-bond reconciliation, then join income/proceeds and liability context"
CFKKRGACEDCOB-0874,Schedule D Part 1 Section 1 issuer-credit obligations owned,237,180.96,863667-AZ-4,standard-cusip-like,4006380,3952000,2598622,4000684,,(1405),,,2.900,2.829,,5094,114608,08/09/2021,06/15/2050,,matched-raw-parser-row,CFKKRGACEDP-0864,7,"coordinate-owned-bond row; reconciles source-page columns but does not prove cash receipt, borrower use, liability spread, waterfall, collateral certificate, or return","use coordinate columns to replace token-only owned-bond reconciliation, then join income/proceeds and liability context"
CFKKRGACEDCOB-0875,Schedule D Part 1 Section 1 issuer-credit obligations owned,237,172.92,867224-AB-3,standard-cusip-like,304786,395000,301027,304982,,,,,4.000,5.862,,2019,,11/25/2025,11/15/2047,402900,matched-raw-parser-row,CFKKRGACEDP-1446,2,"coordinate-owned-bond row; reconciles source-page columns but does not prove cash receipt, borrower use, liability spread, waterfall, collateral certificate, or return","use coordinate columns to replace token-only owned-bond reconciliation, then join income/proceeds and liability context"
CFKKRGACEDCOB-0876,Schedule D Part 1 Section 1 issuer-credit obligations owned,237,164.88,86959L-AQ-6,standard-cusip-like,50999,50000,50916,50937,,,,,5.125,3.743,,,,11/25/2025,05/28/2027,51281,matched-raw-parser-row,CFKKRGACEDP-1447,2,"coordinate-owned-bond row; reconciles source-page columns but does not prove cash receipt, borrower use, liability spread, waterfall, collateral certificate, or return","use coordinate columns to replace token-only owned-bond reconciliation, then join income/proceeds and liability context"
CFKKRGACEDCOB-0877,Schedule D Part 1 Section 1 issuer-credit obligations owned,237,156.84,87088Q-AB-0,standard-cusip-like,52478,50000,51795,52473,,,,,6.191,5.759,,,,11/25/2025,04/01/2046,,matched-raw-parser-row,CFKKRGACEDP-1448,2,"coordinate-owned-bond row; reconciles source-page columns but does not prove cash receipt, borrower use, liability spread, waterfall, collateral certificate, or return","use coordinate columns to replace token-only owned-bond reconciliation, then join income/proceeds and liability context"
CFKKRGACEDCOB-0878,Schedule D Part 1 Section 1 issuer-credit obligations owned,237,148.80,871829-AY-3,standard-cusip-like,6573366,5700000,5162705,6420724,,(24778),,,4.850,3.942,,69113,276450,10/29/2020,10/01/2045,,matched-raw-parser-row,CFKKRGACEDP-1760,8,"coordinate-owned-bond row; reconciles source-page columns but does not prove cash receipt, borrower use, liability spread, waterfall, collateral certificate, or return","use coordinate columns to replace token-only owned-bond reconciliation, then join income/proceeds and liability context"
CFKKRGACEDCOB-0879,Schedule D Part 1 Section 1 issuer-credit obligations owned,237,140.76,871829-BD-8,standard-cusip-like,13699649,13800000,11909365,13679856,1303,,,,4.500,4.552,,155250,621000,11/03/2022,04/01/2046,14110500,matched-raw-parser-row,CFKKRGACEDP-0869,8,"coordinate-owned-bond row; reconciles source-page columns but does not prove cash receipt, borrower use, liability spread, waterfall, collateral certificate, or return","use coordinate columns to replace token-only owned-bond reconciliation, then join income/proceeds and liability context"
CFKKRGACEDCOB-0880,Schedule D Part 1 Section 1 issuer-credit obligations owned,237,132.72,871829-BN-6,standard-cusip-like,22222700,17500000,19263031,21746114,,(93498),,,6.600,4.865,,1155000,,04/09/2020,04/01/2050,,matched-raw-parser-row,CFKKRGACEDP-1761,10,"coordinate-owned-bond row; reconciles source-page columns but does not prove cash receipt, borrower use, liability spread, waterfall, collateral certificate, or return","use coordinate columns to replace token-only owned-bond reconciliation, then join income/proceeds and liability context"
CFKKRGACEDCOB-0881,Schedule D Part 1 Section 1 issuer-credit obligations owned,237,124.68,87264A-AZ-8,standard-cusip-like,66095523,64000000,52750013,65593727,,(71805),,,4.500,4.278,,2880000,,01/16/2024,04/15/2050,85890000,matched-raw-parser-row,CFKKRGACEDP-0871,8,"coordinate-owned-bond row; reconciles source-page columns but does not prove cash receipt, borrower use, liability spread, waterfall, collateral certificate, or return","use coordinate columns to replace token-only owned-bond reconciliation, then join income/proceeds and liability context"
CFKKRGACEDCOB-0882,Schedule D Part 1 Section 1 issuer-credit obligations owned,237,116.64,87264A-BN-4,standard-cusip-like,20780355,25000000,16729891,20863073,,41892,,,3.300,4.173,,311667,825000,12/12/2023,02/15/2051,50825000,matched-raw-parser-row,CFKKRGACEDP-0872,8,"coordinate-owned-bond row; reconciles source-page columns but does not prove cash receipt, borrower use, liability spread, waterfall, collateral certificate, or return","use coordinate columns to replace token-only owned-bond reconciliation, then join income/proceeds and liability context"
CFKKRGACEDCOB-0883,Schedule D Part 1 Section 1 issuer-credit obligations owned,237,108.60,87264A-CW-3,standard-cusip-like,31103249,26404000,25563163,30983537,,(88095),,,5.650,4.521,,1452163,,05/19/2025,01/15/2053,27149913,matched-raw-parser-row,CFKKRGACEDP-1449,3,"coordinate-owned-bond row; reconciles source-page columns but does not prove cash receipt, borrower use, liability spread, waterfall, collateral certificate, or return","use coordinate columns to replace token-only owned-bond reconciliation, then join income/proceeds and liability context"
CFKKRGACEDCOB-0884,Schedule D Part 1 Section 1 issuer-credit obligations owned,237,100.56,87264A-DB-8,standard-cusip-like,76439,75000,73642,76422,,,,,5.750,5.614,,1989,4313,11/12/2024,01/15/2054,,matched-raw-parser-row,CFKKRGACEDP-0874,6,"coordinate-owned-bond row; reconciles source-page columns but does not prove cash receipt, borrower use, liability spread, waterfall, collateral certificate, or return","use coordinate columns to replace token-only owned-bond reconciliation, then join income/proceeds and liability context"
CFKKRGACEDCOB-0885,Schedule D Part 1 Section 1 issuer-credit obligations owned,237,92.52,87264A-DD-4,standard-cusip-like,18630315,18300000,18699215,18628510,,(1805),,,6.000,5.869,,1098000,,01/21/2025,06/15/2054,,matched-raw-parser-row,CFKKRGACEDP-1450,3,"coordinate-owned-bond row; reconciles source-page columns but does not prove cash receipt, borrower use, liability spread, waterfall, collateral certificate, or return","use coordinate columns to replace token-only owned-bond reconciliation, then join income/proceeds and liability context"
CFKKRGACEDCOB-0886,Schedule D Part 1 Section 1 issuer-credit obligations owned,237,84.48,87305Q-CM-1,standard-cusip-like,1273674,1275000,1077127,1273958,,,,,4.200,4.206,,53550,,06/06/2016,07/01/2046,1301775,matched-raw-parser-row,CFKKRGACEDP-0876,7,"coordinate-owned-bond row; reconciles source-page columns but does not prove cash receipt, borrower use, liability spread, waterfall, collateral certificate, or return","use coordinate columns to replace token-only owned-bond reconciliation, then join income/proceeds and liability context"
CFKKRGACEDCOB-0887,Schedule D Part 1 Section 1 issuer-credit obligations owned,237,76.44,874054-AM-1,standard-cusip-like,518675,500000,517862,518211,,,,,5.400,4.227,,13500,,11/25/2025,06/12/2029,,matched-raw-parser-row,CFKKRGACEDP-1451,3,"coordinate-owned-bond row; reconciles source-page columns but does not prove cash receipt, borrower use, liability spread, waterfall, collateral certificate, or return","use coordinate columns to replace token-only owned-bond reconciliation, then join income/proceeds and liability context"
CFKKRGACEDCOB-0888,Schedule D Part 1 Section 1 issuer-credit obligations owned,237,68.40,874060-AZ-9,standard-cusip-like,1127258,1100000,734840,1124477,,,,,3.175,3.044,,34925,,08/09/2021,07/09/2050,,matched-raw-parser-row,CFKKRGACEDP-0878,6,"coordinate-owned-bond row; reconciles source-page columns but does not prove cash receipt, borrower use, liability spread, waterfall, collateral certificate, or return","use coordinate columns to replace token-only owned-bond reconciliation, then join income/proceeds and liability context"
CFKKRGACEDCOB-0889,Schedule D Part 1 Section 1 issuer-credit obligations owned,237,60.36,874060-BD-7,standard-cusip-like,1377081,1418000,910121,1373326,,,,,3.375,3.488,,37125,,10/21/2025,07/09/2060,1441929,matched-raw-parser-row,CFKKRGACEDP-1452,3,"coordinate-owned-bond row; reconciles source-page columns but does not prove cash receipt, borrower use, liability spread, waterfall, collateral certificate, or return","use coordinate columns to replace token-only owned-bond reconciliation, then join income/proceeds and liability context"
CFKKRGACEDCOB-0890,Schedule D Part 1 Section 1 issuer-credit obligations owned,238,414.12,874060-BN-5,standard-cusip-like,467473,453000,446976,467499,,,,,5.800,5.596,,12845,,10/21/2025,07/05/2064,,matched-raw-parser-row,CFKKRGACEDP-1453,3,"coordinate-owned-bond row; reconciles source-page columns but does not prove cash receipt, borrower use, liability spread, waterfall, collateral certificate, or return","use coordinate columns to replace token-only owned-bond reconciliation, then join income/proceeds and liability context"
CFKKRGACEDCOB-0891,Schedule D Part 1 Section 1 issuer-credit obligations owned,238,406.08,87406B-AB-8,standard-cusip-like,158577,159000,161000,158595,,,,,5.900,5.918,,4664,,06/26/2025,07/07/2055,163691,matched-raw-parser-row,CFKKRGACEDP-1454,2,"coordinate-owned-bond row; reconciles source-page columns but does not prove cash receipt, borrower use, liability spread, waterfall, collateral certificate, or return","use coordinate columns to replace token-only owned-bond reconciliation, then join income/proceeds and liability context"
CFKKRGACEDCOB-0892,Schedule D Part 1 Section 1 issuer-credit obligations owned,238,398.04,875127-BJ-0,standard-cusip-like,7792776,7269000,5173826,7651765,,(43911),,,3.450,2.711,,73841,250781,10/31/2022,03/15/2051,14788781,matched-raw-parser-row,CFKKRGACEDP-0882,8,"coordinate-owned-bond row; reconciles source-page columns but does not prove cash receipt, borrower use, liability spread, waterfall, collateral certificate, or return","use coordinate columns to replace token-only owned-bond reconciliation, then join income/proceeds and liability context"
CFKKRGACEDCOB-0893,Schedule D Part 1 Section 1 issuer-credit obligations owned,238,390.00,87938W-AU-7,standard-cusip-like,11288000,10000000,8835266,11110463,,(31232),,,5.213,4.402,,163630,521300,07/30/2019,03/08/2047,10260650,matched-raw-parser-row,CFKKRGACEDP-0883,8,"coordinate-owned-bond row; reconciles source-page columns but does not prove cash receipt, borrower use, liability spread, waterfall, collateral certificate, or return","use coordinate columns to replace token-only owned-bond reconciliation, then join income/proceeds and liability context"
CFKKRGACEDCOB-0894,Schedule D Part 1 Section 1 issuer-credit obligations owned,238,381.96,87938W-AX-1,standard-cusip-like,38325507,29785000,27159459,37242464,,(203265),,,5.520,3.853,,1644132,,04/16/2020,03/01/2049,,matched-raw-parser-row,CFKKRGACEDP-0884,7,"coordinate-owned-bond row; reconciles source-page columns but does not prove cash receipt, borrower use, liability spread, waterfall, collateral certificate, or return","use coordinate columns to replace token-only owned-bond reconciliation, then join income/proceeds and liability context"
CFKKRGACEDCOB-0895,Schedule D Part 1 Section 1 issuer-credit obligations owned,238,373.92,87971M-BH-5,standard-cusip-like,7034947,7510000,6419234,7069279,,10597,,,4.600,5.035,,43183,345460,06/23/2022,11/16/2048,7682730,matched-raw-parser-row,CFKKRGACEDP-0885,8,"coordinate-owned-bond row; reconciles source-page columns but does not prove cash receipt, borrower use, liability spread, waterfall, collateral certificate, or return","use coordinate columns to replace token-only owned-bond reconciliation, then join income/proceeds and liability context"
CFKKRGACEDCOB-0896,Schedule D Part 1 Section 1 issuer-credit obligations owned,238,365.88,87971M-BK-8,standard-cusip-like,9483332,9150000,7286637,9439614,,(7721),,,4.300,4.084,,17487,393450,08/02/2019,06/15/2049,9346725,matched-raw-parser-row,CFKKRGACEDP-0886,8,"coordinate-owned-bond row; reconciles source-page columns but does not prove cash receipt, borrower use, liability spread, waterfall, collateral certificate, or return","use coordinate columns to replace token-only owned-bond reconciliation, then join income/proceeds and liability context"
CFKKRGACEDCOB-0897,Schedule D Part 1 Section 1 issuer-credit obligations owned,238,357.84,882384-AD-2,standard-cusip-like,49483,50000,49496,49505,,,,,3.500,4.010,,,,11/25/2025,01/15/2028,50875,matched-raw-parser-row,CFKKRGACEDP-1455,2,"coordinate-owned-bond row; reconciles source-page columns but does not prove cash receipt, borrower use, liability spread, waterfall, collateral certificate, or return","use coordinate columns to replace token-only owned-bond reconciliation, then join income/proceeds and liability context"
CFKKRGACEDCOB-0898,Schedule D Part 1 Section 1 issuer-credit obligations owned,238,349.80,882508-BD-5,standard-cusip-like,4794389,5000000,4130774,4811380,,5392,,,4.150,4.417,,26514,207500,06/23/2022,05/15/2048,5103750,matched-raw-parser-row,CFKKRGACEDP-0888,8,"coordinate-owned-bond row; reconciles source-page columns but does not prove cash receipt, borrower use, liability spread, waterfall, collateral certificate, or return","use coordinate columns to replace token-only owned-bond reconciliation, then join income/proceeds and liability context"
CFKKRGACEDCOB-0899,Schedule D Part 1 Section 1 issuer-credit obligations owned,238,341.76,882508-BQ-6,standard-cusip-like,4524212,5698000,4553978,4541930,,17718,,,4.100,5.571,,87607,233618,01/21/2025,08/16/2052,5814809,matched-raw-parser-row,CFKKRGACEDP-1456,3,"coordinate-owned-bond row; reconciles source-page columns but does not prove cash receipt, borrower use, liability spread, waterfall, collateral certificate, or return","use coordinate columns to replace token-only owned-bond reconciliation, then join income/proceeds and liability context"
CFKKRGACEDCOB-0900,Schedule D Part 1 Section 1 issuer-credit obligations owned,238,333.72,882508-CC-6,standard-cusip-like,7914280,8546000,7843871,7924042,9763,,,,5.000,5.520,,127003,427300,01/21/2025,03/14/2053,8759650,matched-raw-parser-row,CFKKRGACEDP-1457,3,"coordinate-owned-bond row; reconciles source-page columns but does not prove cash receipt, borrower use, liability spread, waterfall, collateral certificate, or return","use coordinate columns to replace token-only owned-bond reconciliation, then join income/proceeds and liability context"
CFKKRGACEDCOB-0901,Schedule D Part 1 Section 1 issuer-credit obligations owned,238,325.68,882508-CJ-1,standard-cusip-like,2718862,2908000,2752185,2721199,,2337,,,5.150,5.606,,59489,121695,05/19/2025,02/08/2054,2982881,matched-raw-parser-row,CFKKRGACEDP-1458,3,"coordinate-owned-bond row; reconciles source-page columns but does not prove cash receipt, borrower use, liability spread, waterfall, collateral certificate, or return","use coordinate columns to replace token-only owned-bond reconciliation, then join income/proceeds and liability context"
CFKKRGACEDCOB-0902,Schedule D Part 1 Section 1 issuer-credit obligations owned,238,317.64,88339W-AA-4,standard-cusip-like,250434,363000,253466,251155,,,,,3.500,5.823,,2682,6353,08/13/2025,10/15/2051,369353,matched-raw-parser-row,CFKKRGACEDP-1459,3,"coordinate-owned-bond row; reconciles source-page columns but does not prove cash receipt, borrower use, liability spread, waterfall, collateral certificate, or return","use coordinate columns to replace token-only owned-bond reconciliation, then join income/proceeds and liability context"
CFKKRGACEDCOB-0903,Schedule D Part 1 Section 1 issuer-credit obligations owned,238,309.60,883556-BY-7,standard-cusip-like,9882500,10000000,8352270,9904364,,3199,,,4.100,4.168,,154889,410000,08/10/2017,08/15/2047,10205000,matched-raw-parser-row,CFKKRGACEDP-0893,8,"coordinate-owned-bond row; reconciles source-page columns but does not prove cash receipt, borrower use, liability spread, waterfall, collateral certificate, or return","use coordinate columns to replace token-only owned-bond reconciliation, then join income/proceeds and liability context"
CFKKRGACEDCOB-0904,Schedule D Part 1 Section 1 issuer-credit obligations owned,238,301.56,88579Y-BD-2,standard-cusip-like,16613050,15000000,11846082,16379985,,(40643),,,4.000,3.406,,178333,600000,10/11/2019,09/14/2048,,matched-raw-parser-row,CFKKRGACEDP-0894,7,"coordinate-owned-bond row; reconciles source-page columns but does not prove cash receipt, borrower use, liability spread, waterfall, collateral certificate, or return","use coordinate columns to replace token-only owned-bond reconciliation, then join income/proceeds and liability context"
CFKKRGACEDCOB-0905,Schedule D Part 1 Section 1 issuer-credit obligations owned,238,293.52,886546-AD-2,standard-cusip-like,48330,50000,47349,48335,,,,,4.900,5.179,,,,11/25/2025,10/01/2044,51225,matched-raw-parser-row,CFKKRGACEDP-1765,8,"coordinate-owned-bond row; reconciles source-page columns but does not prove cash receipt, borrower use, liability spread, waterfall, collateral certificate, or return","use coordinate columns to replace token-only owned-bond reconciliation, then join income/proceeds and liability context"
CFKKRGACEDCOB-0906,Schedule D Part 1 Section 1 issuer-credit obligations owned,238,285.48,88732J-BB-3,standard-cusip-like,568800,600000,527579,576258,,,,,5.500,5.890,,33000,,06/05/2015,09/01/2041,616500,matched-raw-parser-row,CFKKRGACEDP-0896,7,"coordinate-owned-bond row; reconciles source-page columns but does not prove cash receipt, borrower use, liability spread, waterfall, collateral certificate, or return","use coordinate columns to replace token-only owned-bond reconciliation, then join income/proceeds and liability context"
CFKKRGACEDCOB-0907,Schedule D Part 1 Section 1 issuer-credit obligations owned,238,277.44,887389-AL-8,standard-cusip-like,48361,50000,48051,48382,,,,,4.125,4.728,,,,11/25/2025,04/01/2032,51031,matched-raw-parser-row,CFKKRGACEDP-1461,2,"coordinate-owned-bond row; reconciles source-page columns but does not prove cash receipt, borrower use, liability spread, waterfall, collateral certificate, or return","use coordinate columns to replace token-only owned-bond reconciliation, then join income/proceeds and liability context"
CFKKRGACEDCOB-0908,Schedule D Part 1 Section 1 issuer-credit obligations owned,238,269.40,89153V-AU-3,standard-cusip-like,9495123,9100000,6520581,9440235,,(9988),,,3.461,3.228,,147852,314951,01/17/2020,07/12/2049,9257476,matched-raw-parser-row,CFKKRGACEDP-0898,8,"coordinate-owned-bond row; reconciles source-page columns but does not prove cash receipt, borrower use, liability spread, waterfall, collateral certificate, or return","use coordinate columns to replace token-only owned-bond reconciliation, then join income/proceeds and liability context"
CFKKRGACEDCOB-0909,Schedule D Part 1 Section 1 issuer-credit obligations owned,238,261.36,89153V-AV-1,standard-cusip-like,28300114,31125000,20772356,28256486,,(43918),,,3.127,3.215,,86514,973279,05/15/2025,05/29/2050,63223279,matched-raw-parser-row,CFKKRGACEDP-1462,3,"coordinate-owned-bond row; reconciles source-page columns but does not prove cash receipt, borrower use, liability spread, waterfall, collateral certificate, or return","use coordinate columns to replace token-only owned-bond reconciliation, then join income/proceeds and liability context"
CFKKRGACEDCOB-0910,Schedule D Part 1 Section 1 issuer-credit obligations owned,238,253.32,89157X-AB-7,standard-cusip-like,1600170,1607000,1554930,1600489,,,,,5.488,5.516,,88192,,11/07/2024,04/05/2054,1651096,matched-raw-parser-row,CFKKRGACEDP-0900,7,"coordinate-owned-bond row; reconciles source-page columns but does not prove cash receipt, borrower use, liability spread, waterfall, collateral certificate, or return","use coordinate columns to replace token-only owned-bond reconciliation, then join income/proceeds and liability context"
CFKKRGACEDCOB-0911,Schedule D Part 1 Section 1 issuer-credit obligations owned,238,245.28,89157X-AC-5,standard-cusip-like,1471686,1541000,1489507,1472075,,,,,5.638,5.935,,43441,,07/17/2025,04/05/2064,1584441,matched-raw-parser-row,CFKKRGACEDP-1463,3,"coordinate-owned-bond row; reconciles source-page columns but does not prove cash receipt, borrower use, liability spread, waterfall, collateral certificate, or return","use coordinate columns to replace token-only owned-bond reconciliation, then join income/proceeds and liability context"
CFKKRGACEDCOB-0912,Schedule D Part 1 Section 1 issuer-credit obligations owned,238,237.24,89157X-AF-8,standard-cusip-like,1520243,1645000,1545142,1520750,,,,,5.425,5.925,,44621,,07/17/2025,09/10/2064,1689621,matched-raw-parser-row,CFKKRGACEDP-1464,3,"coordinate-owned-bond row; reconciles source-page columns but does not prove cash receipt, borrower use, liability spread, waterfall, collateral certificate, or return","use coordinate columns to replace token-only owned-bond reconciliation, then join income/proceeds and liability context"
CFKKRGACEDCOB-0913,Schedule D Part 1 Section 1 issuer-credit obligations owned,238,229.20,89352H-AY-5,standard-cusip-like,4592230,4000000,3619398,4566347,,(19131),,,4.875,3.843,,24917,195000,08/05/2024,05/15/2048,8195000,matched-raw-parser-row,CFKKRGACEDP-0903,8,"coordinate-owned-bond row; reconciles source-page columns but does not prove cash receipt, borrower use, liability spread, waterfall, collateral certificate, or return","use coordinate columns to replace token-only owned-bond reconciliation, then join income/proceeds and liability context"
CFKKRGACEDCOB-0914,Schedule D Part 1 Section 1 issuer-credit obligations owned,238,221.16,89352H-AZ-2,standard-cusip-like,1453738,1100000,1019503,1415501,,(9136),,,5.100,3.296,,16518,56100,08/09/2021,03/15/2049,,matched-raw-parser-row,CFKKRGACEDP-0904,7,"coordinate-owned-bond row; reconciles source-page columns but does not prove cash receipt, borrower use, liability spread, waterfall, collateral certificate, or return","use coordinate columns to replace token-only owned-bond reconciliation, then join income/proceeds and liability context"
CFKKRGACEDCOB-0915,Schedule D Part 1 Section 1 issuer-credit obligations owned,238,213.12,89417E-AU-3,standard-cusip-like,51963,50000,51104,51963,,,,,5.700,5.430,,1243,,11/25/2025,07/24/2055,,matched-raw-parser-row,CFKKRGACEDP-1465,2,"coordinate-owned-bond row; reconciles source-page columns but does not prove cash receipt, borrower use, liability spread, waterfall, collateral certificate, or return","use coordinate columns to replace token-only owned-bond reconciliation, then join income/proceeds and liability context"
CFKKRGACEDCOB-0916,Schedule D Part 1 Section 1 issuer-credit obligations owned,238,205.08,896239-AE-0,standard-cusip-like,53991,50000,53859,53947,,,,,6.100,4.753,,,,11/25/2025,03/15/2033,,matched-raw-parser-row,CFKKRGACEDP-1466,2,"coordinate-owned-bond row; reconciles source-page columns but does not prove cash receipt, borrower use, liability spread, waterfall, collateral certificate, or return","use coordinate columns to replace token-only owned-bond reconciliation, then join income/proceeds and liability context"
CFKKRGACEDCOB-0917,Schedule D Part 1 Section 1 issuer-credit obligations owned,238,197.04,89788M-AM-4,standard-cusip-like,39811,41000,41787,39927,,,,,5.122,5.575,,,2100,01/21/2025,01/26/2034,,matched-raw-parser-row,CFKKRGACEDP-1467,3,"coordinate-owned-bond row; reconciles source-page columns but does not prove cash receipt, borrower use, liability spread, waterfall, collateral certificate, or return","use coordinate columns to replace token-only owned-bond reconciliation, then join income/proceeds and liability context"
CFKKRGACEDCOB-0918,Schedule D Part 1 Section 1 issuer-credit obligations owned,238,189.00,89788M-AP-7,standard-cusip-like,201990,193000,205432,201557,,,,,5.867,5.142,,,5662,07/02/2025,06/08/2034,,matched-raw-parser-row,CFKKRGACEDP-1468,2,"coordinate-owned-bond row; reconciles source-page columns but does not prove cash receipt, borrower use, liability spread, waterfall, collateral certificate, or return","use coordinate columns to replace token-only owned-bond reconciliation, then join income/proceeds and liability context"
CFKKRGACEDCOB-0919,Schedule D Part 1 Section 1 issuer-credit obligations owned,238,180.96,89837L-AH-8,standard-cusip-like,42812,50000,41863,42825,,,,,4.201,5.212,,,,11/25/2025,03/01/2052,51050,matched-raw-parser-row,CFKKRGACEDP-1469,2,"coordinate-owned-bond row; reconciles source-page columns but does not prove cash receipt, borrower use, liability spread, waterfall, collateral certificate, or return","use coordinate columns to replace token-only owned-bond reconciliation, then join income/proceeds and liability context"
CFKKRGACEDCOB-0920,Schedule D Part 1 Section 1 issuer-credit obligations owned,238,172.92,89837R-AE-2,standard-cusip-like,50721,50000,50508,50707,,,,,4.273,3.915,,,,11/25/2025,06/01/2030,,matched-raw-parser-row,CFKKRGACEDP-1470,2,"coordinate-owned-bond row; reconciles source-page columns but does not prove cash receipt, borrower use, liability spread, waterfall, collateral certificate, or return","use coordinate columns to replace token-only owned-bond reconciliation, then join income/proceeds and liability context"
CFKKRGACEDCOB-0921,Schedule D Part 1 Section 1 issuer-credit obligations owned,238,164.88,898813-AQ-3,standard-cusip-like,12440900,10000000,8860088,12092413,,(60685),,,4.850,3.496,,40417,485000,09/11/2019,12/01/2048,,matched-raw-parser-row,CFKKRGACEDP-0911,7,"coordinate-owned-bond row; reconciles source-page columns but does not prove cash receipt, borrower use, liability spread, waterfall, collateral certificate, or return","use coordinate columns to replace token-only owned-bond reconciliation, then join income/proceeds and liability context"
CFKKRGACEDCOB-0922,Schedule D Part 1 Section 1 issuer-credit obligations owned,238,156.84,898813-AV-2,standard-cusip-like,4414032,4800000,4625695,4417851,3819,,,,5.500,6.103,,55733,132000,05/15/2025,04/15/2053,4932000,matched-raw-parser-row,CFKKRGACEDP-1471,3,"coordinate-owned-bond row; reconciles source-page columns but does not prove cash receipt, borrower use, liability spread, waterfall, collateral certificate, or return","use coordinate columns to replace token-only owned-bond reconciliation, then join income/proceeds and liability context"
CFKKRGACEDCOB-0923,Schedule D Part 1 Section 1 issuer-credit obligations owned,238,148.80,899043-AC-7,standard-cusip-like,33900,50000,32761,33928,,,,,3.099,5.439,,,,11/25/2025,08/15/2051,50775,matched-raw-parser-row,CFKKRGACEDP-1472,2,"coordinate-owned-bond row; reconciles source-page columns but does not prove cash receipt, borrower use, liability spread, waterfall, collateral certificate, or return","use coordinate columns to replace token-only owned-bond reconciliation, then join income/proceeds and liability context"
CFKKRGACEDCOB-0924,Schedule D Part 1 Section 1 issuer-credit obligations owned,238,140.76,901928-AA-9,standard-cusip-like,50413,50000,49837,50414,,,,,5.740,5.681,,1084,,11/25/2025,02/15/2055,,matched-raw-parser-row,CFKKRGACEDP-1473,2,"coordinate-owned-bond row; reconciles source-page columns but does not prove cash receipt, borrower use, liability spread, waterfall, collateral certificate, or return","use coordinate columns to replace token-only owned-bond reconciliation, then join income/proceeds and liability context"
CFKKRGACEDCOB-0925,Schedule D Part 1 Section 1 issuer-credit obligations owned,238,132.72,902133-BC-0,standard-cusip-like,54833,54000,54633,54821,,,,,4.500,4.161,,,,11/25/2025,02/09/2031,,matched-raw-parser-row,CFKKRGACEDP-1474,2,"coordinate-owned-bond row; reconciles source-page columns but does not prove cash receipt, borrower use, liability spread, waterfall, collateral certificate, or return","use coordinate columns to replace token-only owned-bond reconciliation, then join income/proceeds and liability context"
CFKKRGACEDCOB-0926,Schedule D Part 1 Section 1 issuer-credit obligations owned,238,124.68,902494-BD-4,standard-cusip-like,3258990,3000000,2586943,3214294,,(6420),,,4.550,4.041,,10996,136500,12/29/2017,06/02/2047,,matched-raw-parser-row,CFKKRGACEDP-0916,7,"coordinate-owned-bond row; reconciles source-page columns but does not prove cash receipt, borrower use, liability spread, waterfall, collateral certificate, or return","use coordinate columns to replace token-only owned-bond reconciliation, then join income/proceeds and liability context"
CFKKRGACEDCOB-0927,Schedule D Part 1 Section 1 issuer-credit obligations owned,238,116.64,902494-BH-5,standard-cusip-like,6773794,5000000,4614025,6557775,,(42256),,,5.100,3.139,,65875,378879,04/16/2024,09/28/2048,86142,matched-raw-parser-row,CFKKRGACEDP-1769,8,"coordinate-owned-bond row; reconciles source-page columns but does not prove cash receipt, borrower use, liability spread, waterfall, collateral certificate, or return","use coordinate columns to replace token-only owned-bond reconciliation, then join income/proceeds and liability context"
CFKKRGACEDCOB-0928,Schedule D Part 1 Section 1 issuer-credit obligations owned,238,108.60,902613-AY-4,standard-cusip-like,3296040,3300000,3067986,3297274,,,,,4.875,4.882,,20556,160875,01/15/2016,05/15/2045,3380438,matched-raw-parser-row,CFKKRGACEDP-0918,7,"coordinate-owned-bond row; reconciles source-page columns but does not prove cash receipt, borrower use, liability spread, waterfall, collateral certificate, or return","use coordinate columns to replace token-only owned-bond reconciliation, then join income/proceeds and liability context"
CFKKRGACEDCOB-0929,Schedule D Part 1 Section 1 issuer-credit obligations owned,238,100.56,902613-BQ-0,standard-cusip-like,82910,82000,85299,82888,,,,,5.580,5.431,,,2288,07/17/2025,05/09/2036,,matched-raw-parser-row,CFKKRGACEDP-1475,2,"coordinate-owned-bond row; reconciles source-page columns but does not prove cash receipt, borrower use, liability spread, waterfall, collateral certificate, or return","use coordinate columns to replace token-only owned-bond reconciliation, then join income/proceeds and liability context"
CFKKRGACEDCOB-0930,Schedule D Part 1 Section 1 issuer-credit obligations owned,238,92.52,902674-A2-6,standard-cusip-like,1543428,1550000,1353025,1544654,,,,,4.500,4.525,,69750,,06/20/2018,06/26/2048,1584875,matched-raw-parser-row,CFKKRGACEDP-0920,6,"coordinate-owned-bond row; reconciles source-page columns but does not prove cash receipt, borrower use, liability spread, waterfall, collateral certificate, or return","use coordinate columns to replace token-only owned-bond reconciliation, then join income/proceeds and liability context"
CFKKRGACEDCOB-0931,Schedule D Part 1 Section 1 issuer-credit obligations owned,238,84.48,90327Q-DA-4,standard-cusip-like,50643,50000,50626,50619,,,,,4.375,3.815,,1088,,11/25/2025,06/01/2028,,matched-raw-parser-row,CFKKRGACEDP-1476,3,"coordinate-owned-bond row; reconciles source-page columns but does not prove cash receipt, borrower use, liability spread, waterfall, collateral certificate, or return","use coordinate columns to replace token-only owned-bond reconciliation, then join income/proceeds and liability context"
CFKKRGACEDCOB-0932,Schedule D Part 1 Section 1 issuer-credit obligations owned,238,76.44,904678-AW-9,standard-cusip-like,49425,50000,49549,49546,,,,,1.982,4.623,,,,11/25/2025,06/03/2027,51203,matched-raw-parser-row,CFKKRGACEDP-1477,2,"coordinate-owned-bond row; reconciles source-page columns but does not prove cash receipt, borrower use, liability spread, waterfall, collateral certificate, or return","use coordinate columns to replace token-only owned-bond reconciliation, then join income/proceeds and liability context"
CFKKRGACEDCOB-0933,Schedule D Part 1 Section 1 issuer-credit obligations owned,238,68.40,906548-CN-0,standard-cusip-like,1055528,1200000,957177,1066556,,3293,,,4.000,4.820,,12000,48000,06/23/2022,04/01/2048,1224000,matched-raw-parser-row,CFKKRGACEDP-0923,8,"coordinate-owned-bond row; reconciles source-page columns but does not prove cash receipt, borrower use, liability spread, waterfall, collateral certificate, or return","use coordinate columns to replace token-only owned-bond reconciliation, then join income/proceeds and liability context"
CFKKRGACEDCOB-0934,Schedule D Part 1 Section 1 issuer-credit obligations owned,238,60.36,907818-EG-9,standard-cusip-like,3656076,3900000,2956566,3669088,2010,,,,4.375,4.703,,21802,170625,12/12/2022,11/15/2065,3985313,matched-raw-parser-row,CFKKRGACEDP-0924,8,"coordinate-owned-bond row; reconciles source-page columns but does not prove cash receipt, borrower use, liability spread, waterfall, collateral certificate, or return","use coordinate columns to replace token-only owned-bond reconciliation, then join income/proceeds and liability context"
CFKKRGACEDCOB-0935,Schedule D Part 1 Section 1 issuer-credit obligations owned,239,414.12,907818-EJ-3,standard-cusip-like,1054043,1158000,946498,1066812,,2253,,,4.050,4.652,,44267,,08/13/2025,03/01/2046,1181450,matched-raw-parser-row,CFKKRGACEDP-1478,3,"coordinate-owned-bond row; reconciles source-page columns but does not prove cash receipt, borrower use, liability spread, waterfall, collateral certificate, or return","use coordinate columns to replace token-only owned-bond reconciliation, then join income/proceeds and liability context"
CFKKRGACEDCOB-0936,Schedule D Part 1 Section 1 issuer-credit obligations owned,239,406.08,907818-EM-6,standard-cusip-like,11515088,11526000,8699402,11510418,,,,,3.799,3.803,,109468,437873,08/01/2019,10/01/2051,11744936,matched-raw-parser-row,CFKKRGACEDP-0926,7,"coordinate-owned-bond row; reconciles source-page columns but does not prove cash receipt, borrower use, liability spread, waterfall, collateral certificate, or return","use coordinate columns to replace token-only owned-bond reconciliation, then join income/proceeds and liability context"
CFKKRGACEDCOB-0937,Schedule D Part 1 Section 1 issuer-credit obligations owned,239,398.04,907818-FS-2,standard-cusip-like,2296144,3096000,2130703,2307828,6263,,,,3.799,5.284,,27771,191774,03/07/2023,04/06/2071,3154809,matched-raw-parser-row,CFKKRGACEDP-1771,10,"coordinate-owned-bond row; reconciles source-page columns but does not prove cash receipt, borrower use, liability spread, waterfall, collateral certificate, or return","use coordinate columns to replace token-only owned-bond reconciliation, then join income/proceeds and liability context"
CFKKRGACEDCOB-0938,Schedule D Part 1 Section 1 issuer-credit obligations owned,239,390.00,911312-BQ-8,standard-cusip-like,15836046,14190000,11740766,15639390,,(47827),,,4.250,3.484,,177572,480038,05/15/2025,03/15/2049,11826075,matched-raw-parser-row,CFKKRGACEDP-1479,3,"coordinate-owned-bond row; reconciles source-page columns but does not prove cash receipt, borrower use, liability spread, waterfall, collateral certificate, or return","use coordinate columns to replace token-only owned-bond reconciliation, then join income/proceeds and liability context"
CFKKRGACEDCOB-0939,Schedule D Part 1 Section 1 issuer-credit obligations owned,239,381.96,911312-BS-4,standard-cusip-like,4109388,4900000,3492589,4168330,,17981,,,3.400,4.424,,55533,166600,06/23/2022,09/01/2049,4983300,matched-raw-parser-row,CFKKRGACEDP-0929,8,"coordinate-owned-bond row; reconciles source-page columns but does not prove cash receipt, borrower use, liability spread, waterfall, collateral certificate, or return","use coordinate columns to replace token-only owned-bond reconciliation, then join income/proceeds and liability context"
CFKKRGACEDCOB-0940,Schedule D Part 1 Section 1 issuer-credit obligations owned,239,373.92,911312-BW-5,standard-cusip-like,5616214,4600000,4404499,5582984,,(24427),,,5.300,3.917,,60950,243800,08/05/2024,04/01/2050,4721900,matched-raw-parser-row,CFKKRGACEDP-0930,8,"coordinate-owned-bond row; reconciles source-page columns but does not prove cash receipt, borrower use, liability spread, waterfall, collateral certificate, or return","use coordinate columns to replace token-only owned-bond reconciliation, then join income/proceeds and liability context"
CFKKRGACEDCOB-0941,Schedule D Part 1 Section 1 issuer-credit obligations owned,239,365.88,91159H-JB-7,standard-cusip-like,343100,399000,348469,345793,,2693,,,2.491,4.998,,1601,4970,08/13/2025,11/03/2036,408496,matched-raw-parser-row,CFKKRGACEDP-1480,3,"coordinate-owned-bond row; reconciles source-page columns but does not prove cash receipt, borrower use, liability spread, waterfall, collateral certificate, or return","use coordinate columns to replace token-only owned-bond reconciliation, then join income/proceeds and liability context"
CFKKRGACEDCOB-0942,Schedule D Part 1 Section 1 issuer-credit obligations owned,239,357.84,91159H-JU-5,standard-cusip-like,1110825,1081000,1123919,1109919,,,,,5.424,5.054,,22639,,08/13/2025,02/12/2036,,matched-raw-parser-row,CFKKRGACEDP-1481,2,"coordinate-owned-bond row; reconciles source-page columns but does not prove cash receipt, borrower use, liability spread, waterfall, collateral certificate, or return","use coordinate columns to replace token-only owned-bond reconciliation, then join income/proceeds and liability context"
CFKKRGACEDCOB-0943,Schedule D Part 1 Section 1 issuer-credit obligations owned,239,349.80,913017-BT-5,standard-cusip-like,8224834,7300000,6619806,7980681,,(29830),,,4.500,3.732,,27375,328500,08/04/2016,06/01/2042,7464250,matched-raw-parser-row,CFKKRGACEDP-0933,8,"coordinate-owned-bond row; reconciles source-page columns but does not prove cash receipt, borrower use, liability spread, waterfall, collateral certificate, or return","use coordinate columns to replace token-only owned-bond reconciliation, then join income/proceeds and liability context"
CFKKRGACEDCOB-0944,Schedule D Part 1 Section 1 issuer-credit obligations owned,239,341.76,913017-CJ-6,standard-cusip-like,2485725,2500000,1945497,2488542,,,,,3.750,3.782,,93750,,10/27/2016,11/01/2046,2500000,matched-raw-parser-row,CFKKRGACEDP-0934,7,"coordinate-owned-bond row; reconciles source-page columns but does not prove cash receipt, borrower use, liability spread, waterfall, collateral certificate, or return","use coordinate columns to replace token-only owned-bond reconciliation, then join income/proceeds and liability context"
CFKKRGACEDCOB-0945,Schedule D Part 1 Section 1 issuer-credit obligations owned,239,333.72,91324P-CR-1,standard-cusip-like,16770287,15200000,13708764,16448111,,(41359),,,4.750,4.130,,332922,722000,12/20/2016,07/15/2045,15561000,matched-raw-parser-row,CFKKRGACEDP-0935,8,"coordinate-owned-bond row; reconciles source-page columns but does not prove cash receipt, borrower use, liability spread, waterfall, collateral certificate, or return","use coordinate columns to replace token-only owned-bond reconciliation, then join income/proceeds and liability context"
CFKKRGACEDCOB-0946,Schedule D Part 1 Section 1 issuer-credit obligations owned,239,325.68,91324P-DV-1,standard-cusip-like,32907846,31800000,22858978,32819338,,(16326),,,3.875,3.704,,465517,1232250,12/20/2019,08/15/2059,22222375,matched-raw-parser-row,CFKKRGACEDP-0936,8,"coordinate-owned-bond row; reconciles source-page columns but does not prove cash receipt, borrower use, liability spread, waterfall, collateral certificate, or return","use coordinate columns to replace token-only owned-bond reconciliation, then join income/proceeds and liability context"
CFKKRGACEDCOB-0947,Schedule D Part 1 Section 1 issuer-credit obligations owned,239,317.64,91324P-EF-5,standard-cusip-like,,,,,,14596,,,3.250,5.134,,,,03/07/2023,05/15/2051,1423,matched-raw-parser-row,CFKKRGACEDP-1775,8,"coordinate-owned-bond row; reconciles source-page columns but does not prove cash receipt, borrower use, liability spread, waterfall, collateral certificate, or return","use coordinate columns to replace token-only owned-bond reconciliation, then join income/proceeds and liability context"
CFKKRGACEDCOB-0948,Schedule D Part 1 Section 1 issuer-credit obligations owned,239,309.60,91324P-ER-9,standard-cusip-like,5914354,5669000,5908427,5913380,,,,,5.350,4.611,,114577,,12/16/2025,02/15/2033,,matched-raw-parser-row,CFKKRGACEDP-1482,3,"coordinate-owned-bond row; reconciles source-page columns but does not prove cash receipt, borrower use, liability spread, waterfall, collateral certificate, or return","use coordinate columns to replace token-only owned-bond reconciliation, then join income/proceeds and liability context"
CFKKRGACEDCOB-0949,Schedule D Part 1 Section 1 issuer-credit obligations owned,239,301.56,91324P-FL-1,standard-cusip-like,10252100,10000000,9819781,10247761,,(3583),,,5.625,5.452,,259375,546875,08/08/2024,07/15/2054,,matched-raw-parser-row,CFKKRGACEDP-0939,7,"coordinate-owned-bond row; reconciles source-page columns but does not prove cash receipt, borrower use, liability spread, waterfall, collateral certificate, or return","use coordinate columns to replace token-only owned-bond reconciliation, then join income/proceeds and liability context"
CFKKRGACEDCOB-0950,Schedule D Part 1 Section 1 issuer-credit obligations owned,239,293.52,913903-BC-3,standard-cusip-like,49369,50000,49087,49375,,,,,5.050,5.228,,,,11/25/2025,10/15/2034,51263,matched-raw-parser-row,CFKKRGACEDP-1483,2,"coordinate-owned-bond row; reconciles source-page columns but does not prove cash receipt, borrower use, liability spread, waterfall, collateral certificate, or return","use coordinate columns to replace token-only owned-bond reconciliation, then join income/proceeds and liability context"
CFKKRGACEDCOB-0951,Schedule D Part 1 Section 1 issuer-credit obligations owned,239,285.48,914886-AA-4,standard-cusip-like,26329968,24000000,22343071,26313863,,(1891),,,5.250,4.781,,1260000,,09/30/2013,10/01/2111,24630000,matched-raw-parser-row,CFKKRGACEDP-0941,8,"coordinate-owned-bond row; reconciles source-page columns but does not prove cash receipt, borrower use, liability spread, waterfall, collateral certificate, or return","use coordinate columns to replace token-only owned-bond reconciliation, then join income/proceeds and liability context"
CFKKRGACEDCOB-0952,Schedule D Part 1 Section 1 issuer-credit obligations owned,239,277.44,920253-AE-1,standard-cusip-like,9533376,9942000,9252409,9565343,,5489,,,5.250,5.514,,130489,521955,06/23/2022,10/01/2054,10202978,matched-raw-parser-row,CFKKRGACEDP-0942,8,"coordinate-owned-bond row; reconciles source-page columns but does not prove cash receipt, borrower use, liability spread, waterfall, collateral certificate, or return","use coordinate columns to replace token-only owned-bond reconciliation, then join income/proceeds and liability context"
CFKKRGACEDCOB-0953,Schedule D Part 1 Section 1 issuer-credit obligations owned,239,269.40,92277G-AF-4,standard-cusip-like,8020875,8025000,6770088,8021906,,,,,4.375,4.377,,146289,351094,01/14/2015,02/01/2045,8200547,matched-raw-parser-row,CFKKRGACEDP-0943,7,"coordinate-owned-bond row; reconciles source-page columns but does not prove cash receipt, borrower use, liability spread, waterfall, collateral certificate, or return","use coordinate columns to replace token-only owned-bond reconciliation, then join income/proceeds and liability context"
CFKKRGACEDCOB-0954,Schedule D Part 1 Section 1 issuer-credit obligations owned,239,261.36,92343V-CK-8,standard-cusip-like,9029011,9100000,8090631,9044392,,,,,4.862,4.903,,159771,442442,10/29/2020,08/21/2046,9321221,matched-raw-parser-row,CFKKRGACEDP-1778,8,"coordinate-owned-bond row; reconciles source-page columns but does not prove cash receipt, borrower use, liability spread, waterfall, collateral certificate, or return","use coordinate columns to replace token-only owned-bond reconciliation, then join income/proceeds and liability context"
CFKKRGACEDCOB-0955,Schedule D Part 1 Section 1 issuer-credit obligations owned,239,253.32,92343V-CX-0,standard-cusip-like,4512086,4000000,3349948,4487151,,(18228),,,4.522,3.620,,53259,180880,08/05/2024,09/15/2048,8180880,matched-raw-parser-row,CFKKRGACEDP-1779,8,"coordinate-owned-bond row; reconciles source-page columns but does not prove cash receipt, borrower use, liability spread, waterfall, collateral certificate, or return","use coordinate columns to replace token-only owned-bond reconciliation, then join income/proceeds and liability context"
CFKKRGACEDCOB-0956,Schedule D Part 1 Section 1 issuer-credit obligations owned,239,245.28,92343V-CZ-5,standard-cusip-like,6805643,7406000,6136883,6862908,7719,,,,4.672,5.158,,101880,346008,12/20/2018,03/15/2055,7579004,matched-raw-parser-row,CFKKRGACEDP-0946,8,"coordinate-owned-bond row; reconciles source-page columns but does not prove cash receipt, borrower use, liability spread, waterfall, collateral certificate, or return","use coordinate columns to replace token-only owned-bond reconciliation, then join income/proceeds and liability context"
CFKKRGACEDCOB-0957,Schedule D Part 1 Section 1 issuer-credit obligations owned,239,237.24,92343V-DS-0,standard-cusip-like,37606512,33768000,30374273,37084038,,(82148),,,5.012,4.332,,357295,1692452,11/09/2023,04/15/2049,34614226,matched-raw-parser-row,CFKKRGACEDP-0947,8,"coordinate-owned-bond row; reconciles source-page columns but does not prove cash receipt, borrower use, liability spread, waterfall, collateral certificate, or return","use coordinate columns to replace token-only owned-bond reconciliation, then join income/proceeds and liability context"
CFKKRGACEDCOB-0958,Schedule D Part 1 Section 1 issuer-credit obligations owned,239,229.20,92343V-DV-3,standard-cusip-like,629655,500000,483252,610725,,(3246),,,5.500,3.948,,27500,,08/01/2019,03/16/2047,513750,matched-raw-parser-row,CFKKRGACEDP-1780,10,"coordinate-owned-bond row; reconciles source-page columns but does not prove cash receipt, borrower use, liability spread, waterfall, collateral certificate, or return","use coordinate columns to replace token-only owned-bond reconciliation, then join income/proceeds and liability context"
CFKKRGACEDCOB-0959,Schedule D Part 1 Section 1 issuer-credit obligations owned,239,221.16,92343V-EU-4,standard-cusip-like,5223046,5264000,5225434,5223395,,,,,4.016,4.231,,16442,,12/16/2025,12/03/2029,5369701,matched-raw-parser-row,CFKKRGACEDP-1484,3,"coordinate-owned-bond row; reconciles source-page columns but does not prove cash receipt, borrower use, liability spread, waterfall, collateral certificate, or return","use coordinate columns to replace token-only owned-bond reconciliation, then join income/proceeds and liability context"
CFKKRGACEDCOB-0960,Schedule D Part 1 Section 1 issuer-credit obligations owned,239,213.12,92343V-GB-4,standard-cusip-like,28100907,32135000,22847349,28170245,34152,,,,3.550,4.184,,1140793,,12/12/2023,03/22/2051,65410793,matched-raw-parser-row,CFKKRGACEDP-0950,8,"coordinate-owned-bond row; reconciles source-page columns but does not prove cash receipt, borrower use, liability spread, waterfall, collateral certificate, or return","use coordinate columns to replace token-only owned-bond reconciliation, then join income/proceeds and liability context"
CFKKRGACEDCOB-0961,Schedule D Part 1 Section 1 issuer-credit obligations owned,239,205.08,92343V-GP-3,standard-cusip-like,3644873,4627000,3430913,3668422,,16925,,,3.875,5.356,,59765,179296,08/06/2024,03/01/2052,4716648,matched-raw-parser-row,CFKKRGACEDP-0951,8,"coordinate-owned-bond row; reconciles source-page columns but does not prove cash receipt, borrower use, liability spread, waterfall, collateral certificate, or return","use coordinate columns to replace token-only owned-bond reconciliation, then join income/proceeds and liability context"
CFKKRGACEDCOB-0962,Schedule D Part 1 Section 1 issuer-credit obligations owned,239,197.04,92564R-AE-5,standard-cusip-like,48577,50000,48509,48603,,,,,4.125,4.805,,,,11/25/2025,08/15/2030,51031,matched-raw-parser-row,CFKKRGACEDP-1485,2,"coordinate-owned-bond row; reconciles source-page columns but does not prove cash receipt, borrower use, liability spread, waterfall, collateral certificate, or return","use coordinate columns to replace token-only owned-bond reconciliation, then join income/proceeds and liability context"
CFKKRGACEDCOB-0963,Schedule D Part 1 Section 1 issuer-credit obligations owned,239,189.00,927320-AA-9,standard-cusip-like,49429,50000,49337,49444,,,,,3.750,4.115,,,,11/25/2025,04/10/2029,50938,matched-raw-parser-row,CFKKRGACEDP-1486,2,"coordinate-owned-bond row; reconciles source-page columns but does not prove cash receipt, borrower use, liability spread, waterfall, collateral certificate, or return","use coordinate columns to replace token-only owned-bond reconciliation, then join income/proceeds and liability context"
CFKKRGACEDCOB-0964,Schedule D Part 1 Section 1 issuer-credit obligations owned,239,180.96,927804-FW-9,standard-cusip-like,7884973,8135000,6479229,7892199,3587,,,,4.000,4.172,,41579,325400,11/03/2022,11/15/2046,8297700,matched-raw-parser-row,CFKKRGACEDP-0954,8,"coordinate-owned-bond row; reconciles source-page columns but does not prove cash receipt, borrower use, liability spread, waterfall, collateral certificate, or return","use coordinate columns to replace token-only owned-bond reconciliation, then join income/proceeds and liability context"
CFKKRGACEDCOB-0965,Schedule D Part 1 Section 1 issuer-credit obligations owned,239,172.92,927804-FY-5,standard-cusip-like,2227964,2375000,1824912,2250758,3468,,,,3.800,4.169,,90250,,08/02/2018,09/15/2047,2420125,matched-raw-parser-row,CFKKRGACEDP-0955,8,"coordinate-owned-bond row; reconciles source-page columns but does not prove cash receipt, borrower use, liability spread, waterfall, collateral certificate, or return","use coordinate columns to replace token-only owned-bond reconciliation, then join income/proceeds and liability context"
CFKKRGACEDCOB-0966,Schedule D Part 1 Section 1 issuer-credit obligations owned,239,164.88,927804-GD-0,standard-cusip-like,11148756,13888000,7998987,11145962,,(4672),,,2.450,3.042,,15122,340256,11/20/2023,12/15/2050,28116256,matched-raw-parser-row,CFKKRGACEDP-0956,8,"coordinate-owned-bond row; reconciles source-page columns but does not prove cash receipt, borrower use, liability spread, waterfall, collateral certificate, or return","use coordinate columns to replace token-only owned-bond reconciliation, then join income/proceeds and liability context"
CFKKRGACEDCOB-0967,Schedule D Part 1 Section 1 issuer-credit obligations owned,239,156.84,927804-GU-2,standard-cusip-like,654755,635000,624163,654726,,,,,5.650,5.435,,10564,,10/21/2025,03/15/2055,,matched-raw-parser-row,CFKKRGACEDP-1487,3,"coordinate-owned-bond row; reconciles source-page columns but does not prove cash receipt, borrower use, liability spread, waterfall, collateral certificate, or return","use coordinate columns to replace token-only owned-bond reconciliation, then join income/proceeds and liability context"
CFKKRGACEDCOB-0968,Schedule D Part 1 Section 1 issuer-credit obligations owned,239,148.80,92826C-AJ-1,standard-cusip-like,557320,699000,545865,557669,,,,,3.650,5.217,,7512,,11/25/2025,09/15/2047,711757,matched-raw-parser-row,CFKKRGACEDP-1488,3,"coordinate-owned-bond row; reconciles source-page columns but does not prove cash receipt, borrower use, liability spread, waterfall, collateral certificate, or return","use coordinate columns to replace token-only owned-bond reconciliation, then join income/proceeds and liability context"
CFKKRGACEDCOB-0969,Schedule D Part 1 Section 1 issuer-credit obligations owned,239,140.76,92857W-BM-1,standard-cusip-like,26354610,20900000,19365117,25642289,,(133514),,,5.250,3.744,,1097250,,02/27/2020,05/30/2048,21448625,matched-raw-parser-row,CFKKRGACEDP-1781,10,"coordinate-owned-bond row; reconciles source-page columns but does not prove cash receipt, borrower use, liability spread, waterfall, collateral certificate, or return","use coordinate columns to replace token-only owned-bond reconciliation, then join income/proceeds and liability context"
CFKKRGACEDCOB-0970,Schedule D Part 1 Section 1 issuer-credit obligations owned,239,132.72,92857W-BS-8,standard-cusip-like,11598800,10000000,8694739,11403553,,(35795),,,4.875,3.952,,16250,487500,12/20/2019,06/19/2049,10243750,matched-raw-parser-row,CFKKRGACEDP-0960,8,"coordinate-owned-bond row; reconciles source-page columns but does not prove cash receipt, borrower use, liability spread, waterfall, collateral certificate, or return","use coordinate columns to replace token-only owned-bond reconciliation, then join income/proceeds and liability context"
CFKKRGACEDCOB-0971,Schedule D Part 1 Section 1 issuer-credit obligations owned,239,124.68,929160-BC-2,standard-cusip-like,52173,50000,51850,52154,,,,,5.350,4.738,,,1338,11/25/2025,12/01/2034,,matched-raw-parser-row,CFKKRGACEDP-1489,3,"coordinate-owned-bond row; reconciles source-page columns but does not prove cash receipt, borrower use, liability spread, waterfall, collateral certificate, or return","use coordinate columns to replace token-only owned-bond reconciliation, then join income/proceeds and liability context"
CFKKRGACEDCOB-0972,Schedule D Part 1 Section 1 issuer-credit obligations owned,239,116.64,92936U-AG-4,standard-cusip-like,125446,139000,125513,125661,,,,,2.400,4.535,,1390,,11/25/2025,02/01/2031,140668,matched-raw-parser-row,CFKKRGACEDP-1490,3,"coordinate-owned-bond row; reconciles source-page columns but does not prove cash receipt, borrower use, liability spread, waterfall, collateral certificate, or return","use coordinate columns to replace token-only owned-bond reconciliation, then join income/proceeds and liability context"
CFKKRGACEDCOB-0973,Schedule D Part 1 Section 1 issuer-credit obligations owned,239,108.60,92939U-A@-5,statutory-private-marker-cusip,16200000,16200000,16871637,16200000,,,,,6.740,6.740,,1088847,,12/16/2024,12/16/2054,16748973,not-in-raw-parser-private-marker-or-geometry-row,,,"coordinate-owned-bond row; reconciles source-page columns but does not prove cash receipt, borrower use, liability spread, waterfall, collateral certificate, or return","use coordinate columns to replace token-only owned-bond reconciliation, then join income/proceeds and liability context"
CFKKRGACEDCOB-0974,Schedule D Part 1 Section 1 issuer-credit obligations owned,239,100.56,929903-AM-4,standard-cusip-like,719464,707000,728971,719053,,,,,5.500,5.271,,19443,,07/02/2025,08/01/2035,726443,matched-raw-parser-row,CFKKRGACEDP-1491,3,"coordinate-owned-bond row; reconciles source-page columns but does not prove cash receipt, borrower use, liability spread, waterfall, collateral certificate, or return","use coordinate columns to replace token-only owned-bond reconciliation, then join income/proceeds and liability context"
CFKKRGACEDCOB-0975,Schedule D Part 1 Section 1 issuer-credit obligations owned,239,92.52,94973V-AN-7,standard-cusip-like,244276,225000,245373,243858,,,,,6.375,5.385,,,7172,08/13/2025,06/15/2037,232172,matched-raw-parser-row,CFKKRGACEDP-1492,3,"coordinate-owned-bond row; reconciles source-page columns but does not prove cash receipt, borrower use, liability spread, waterfall, collateral certificate, or return","use coordinate columns to replace token-only owned-bond reconciliation, then join income/proceeds and liability context"
CFKKRGACEDCOB-0976,Schedule D Part 1 Section 1 issuer-credit obligations owned,239,84.48,94973V-BB-2,standard-cusip-like,3470189,3000000,2697542,3375027,,(16063),,,4.650,3.648,,64325,139500,10/29/2020,01/15/2043,3069750,matched-raw-parser-row,CFKKRGACEDP-1788,8,"coordinate-owned-bond row; reconciles source-page columns but does not prove cash receipt, borrower use, liability spread, waterfall, collateral certificate, or return","use coordinate columns to replace token-only owned-bond reconciliation, then join income/proceeds and liability context"
CFKKRGACEDCOB-0977,Schedule D Part 1 Section 1 issuer-credit obligations owned,239,76.44,949746-RF-0,standard-cusip-like,44685129,47707000,47334756,44744314,,59184,,,5.606,6.182,,1337227,,05/19/2025,01/15/2044,49044227,matched-raw-parser-row,CFKKRGACEDP-1493,3,"coordinate-owned-bond row; reconciles source-page columns but does not prove cash receipt, borrower use, liability spread, waterfall, collateral certificate, or return","use coordinate columns to replace token-only owned-bond reconciliation, then join income/proceeds and liability context"
CFKKRGACEDCOB-0978,Schedule D Part 1 Section 1 issuer-credit obligations owned,239,68.40,94974B-GK-0,standard-cusip-like,39131,50000,40580,39269,,,,,3.900,5.754,,,,07/17/2025,05/01/2045,50975,matched-raw-parser-row,CFKKRGACEDP-1789,10,"coordinate-owned-bond row; reconciles source-page columns but does not prove cash receipt, borrower use, liability spread, waterfall, collateral certificate, or return","use coordinate columns to replace token-only owned-bond reconciliation, then join income/proceeds and liability context"
CFKKRGACEDCOB-0979,Schedule D Part 1 Section 1 issuer-credit obligations owned,239,60.36,94974B-GQ-7,standard-cusip-like,28266743,28250000,25443724,28237917,,(3418),,,4.900,4.893,,1384250,,11/03/2022,11/17/2045,28942125,matched-raw-parser-row,CFKKRGACEDP-0968,8,"coordinate-owned-bond row; reconciles source-page columns but does not prove cash receipt, borrower use, liability spread, waterfall, collateral certificate, or return","use coordinate columns to replace token-only owned-bond reconciliation, then join income/proceeds and liability context"
CFKKRGACEDCOB-0980,Schedule D Part 1 Section 1 issuer-credit obligations owned,240,414.12,94974B-GT-1,standard-cusip-like,103207,123000,103023,103403,,,,,4.400,5.733,,,2706,08/13/2025,06/14/2046,125706,matched-raw-parser-row,CFKKRGACEDP-1495,2,"coordinate-owned-bond row; reconciles source-page columns but does not prove cash receipt, borrower use, liability spread, waterfall, collateral certificate, or return","use coordinate columns to replace token-only owned-bond reconciliation, then join income/proceeds and liability context"
CFKKRGACEDCOB-0981,Schedule D Part 1 Section 1 issuer-credit obligations owned,240,406.08,94974B-GU-8,standard-cusip-like,45569168,55230000,48559053,45705863,,136694,,,4.750,6.237,,174895,2623425,05/15/2025,12/07/2046,56541713,matched-raw-parser-row,CFKKRGACEDP-1496,3,"coordinate-owned-bond row; reconciles source-page columns but does not prove cash receipt, borrower use, liability spread, waterfall, collateral certificate, or return","use coordinate columns to replace token-only owned-bond reconciliation, then join income/proceeds and liability context"
CFKKRGACEDCOB-0982,Schedule D Part 1 Section 1 issuer-credit obligations owned,240,398.04,95000U-2M-4,standard-cusip-like,19185348,16146000,14766611,19002512,,(90962),,,5.013,3.773,,195605,809399,08/06/2024,04/04/2051,,matched-raw-parser-row,CFKKRGACEDP-0971,7,"coordinate-owned-bond row; reconciles source-page columns but does not prove cash receipt, borrower use, liability spread, waterfall, collateral certificate, or return","use coordinate columns to replace token-only owned-bond reconciliation, then join income/proceeds and liability context"
CFKKRGACEDCOB-0983,Schedule D Part 1 Section 1 issuer-credit obligations owned,240,390.00,95000U-2Z-5,standard-cusip-like,9808958,11027000,9495534,9838308,,20361,,,4.611,5.382,,93217,508455,08/06/2024,04/25/2053,,matched-raw-parser-row,CFKKRGACEDP-0972,7,"coordinate-owned-bond row; reconciles source-page columns but does not prove cash receipt, borrower use, liability spread, waterfall, collateral certificate, or return","use coordinate columns to replace token-only owned-bond reconciliation, then join income/proceeds and liability context"
CFKKRGACEDCOB-0984,Schedule D Part 1 Section 1 issuer-credit obligations owned,240,381.96,95040Q-AN-4,standard-cusip-like,47161,50000,47149,47240,,,,,2.050,3.998,,,,11/25/2025,01/15/2029,50513,matched-raw-parser-row,CFKKRGACEDP-1497,2,"coordinate-owned-bond row; reconciles source-page columns but does not prove cash receipt, borrower use, liability spread, waterfall, collateral certificate, or return","use coordinate columns to replace token-only owned-bond reconciliation, then join income/proceeds and liability context"
CFKKRGACEDCOB-0985,Schedule D Part 1 Section 1 issuer-credit obligations owned,240,373.92,95954A-2B-8,standard-cusip-like,50490,50000,50430,50475,,,,,4.500,4.102,,1031,,11/25/2025,07/16/2028,51125,matched-raw-parser-row,CFKKRGACEDP-1498,2,"coordinate-owned-bond row; reconciles source-page columns but does not prove cash receipt, borrower use, liability spread, waterfall, collateral certificate, or return","use coordinate columns to replace token-only owned-bond reconciliation, then join income/proceeds and liability context"
CFKKRGACEDCOB-0986,Schedule D Part 1 Section 1 issuer-credit obligations owned,240,365.88,960386-AM-2,standard-cusip-like,50658,50000,50643,50636,,,,,4.700,4.150,,,,11/25/2025,09/15/2028,,matched-raw-parser-row,CFKKRGACEDP-1499,2,"coordinate-owned-bond row; reconciles source-page columns but does not prove cash receipt, borrower use, liability spread, waterfall, collateral certificate, or return","use coordinate columns to replace token-only owned-bond reconciliation, then join income/proceeds and liability context"
CFKKRGACEDCOB-0987,Schedule D Part 1 Section 1 issuer-credit obligations owned,240,357.84,960413-AU-6,standard-cusip-like,1290720,1103000,855987,1269084,,(5230),,,4.375,3.380,,48256,,08/09/2021,11/15/2047,,matched-raw-parser-row,CFKKRGACEDP-0976,7,"coordinate-owned-bond row; reconciles source-page columns but does not prove cash receipt, borrower use, liability spread, waterfall, collateral certificate, or return","use coordinate columns to replace token-only owned-bond reconciliation, then join income/proceeds and liability context"
CFKKRGACEDCOB-0988,Schedule D Part 1 Section 1 issuer-credit obligations owned,240,349.80,960413-BA-9,standard-cusip-like,1928569,2004000,1183857,1932653,,,,,3.375,3.552,,67635,,08/09/2021,08/15/2061,2037818,matched-raw-parser-row,CFKKRGACEDP-0977,7,"coordinate-owned-bond row; reconciles source-page columns but does not prove cash receipt, borrower use, liability spread, waterfall, collateral certificate, or return","use coordinate columns to replace token-only owned-bond reconciliation, then join income/proceeds and liability context"
CFKKRGACEDCOB-0989,Schedule D Part 1 Section 1 issuer-credit obligations owned,240,341.76,961214-EG-4,standard-cusip-like,2000000,2000000,1859043,2000000,,,,,4.421,4.421,,88420,,07/16/2019,07/24/2039,2044210,matched-raw-parser-row,CFKKRGACEDP-0978,7,"coordinate-owned-bond row; reconciles source-page columns but does not prove cash receipt, borrower use, liability spread, waterfall, collateral certificate, or return","use coordinate columns to replace token-only owned-bond reconciliation, then join income/proceeds and liability context"
CFKKRGACEDCOB-0990,Schedule D Part 1 Section 1 issuer-credit obligations owned,240,333.72,961214-FW-8,standard-cusip-like,1111738,1089000,1125469,1111121,,,,,5.618,5.328,,30590,,08/13/2025,11/20/2035,,matched-raw-parser-row,CFKKRGACEDP-1500,3,"coordinate-owned-bond row; reconciles source-page columns but does not prove cash receipt, borrower use, liability spread, waterfall, collateral certificate, or return","use coordinate columns to replace token-only owned-bond reconciliation, then join income/proceeds and liability context"
CFKKRGACEDCOB-0991,Schedule D Part 1 Section 1 issuer-credit obligations owned,240,325.68,963320-AV-8,standard-cusip-like,4114638,4576200,3439924,4134840,,10515,,,4.500,5.247,,17161,205929,05/09/2024,06/01/2046,4679165,matched-raw-parser-row,CFKKRGACEDP-0980,8,"coordinate-owned-bond row; reconciles source-page columns but does not prove cash receipt, borrower use, liability spread, waterfall, collateral certificate, or return","use coordinate columns to replace token-only owned-bond reconciliation, then join income/proceeds and liability context"
CFKKRGACEDCOB-0992,Schedule D Part 1 Section 1 issuer-credit obligations owned,240,317.64,963320-AX-4,standard-cusip-like,49921305,40574100,29860801,48696573,,(245435),,,4.600,3.318,,1866409,,05/09/2024,05/15/2050,12092065,matched-raw-parser-row,CFKKRGACEDP-0981,8,"coordinate-owned-bond row; reconciles source-page columns but does not prove cash receipt, borrower use, liability spread, waterfall, collateral certificate, or return","use coordinate columns to replace token-only owned-bond reconciliation, then join income/proceeds and liability context"
CFKKRGACEDCOB-0993,Schedule D Part 1 Section 1 issuer-credit obligations owned,240,309.60,969457-BM-1,standard-cusip-like,129231,109000,132401,127009,(2223),,,,8.750,5.563,,2808,9538,01/21/2025,03/15/2032,113769,matched-raw-parser-row,CFKKRGACEDP-1501,3,"coordinate-owned-bond row; reconciles source-page columns but does not prove cash receipt, borrower use, liability spread, waterfall, collateral certificate, or return","use coordinate columns to replace token-only owned-bond reconciliation, then join income/proceeds and liability context"
CFKKRGACEDCOB-0994,Schedule D Part 1 Section 1 issuer-credit obligations owned,240,301.56,969457-CA-6,standard-cusip-like,180538,196000,181037,180628,,,,,5.300,5.887,,3924,,08/13/2025,08/15/2052,201194,matched-raw-parser-row,CFKKRGACEDP-1502,2,"coordinate-owned-bond row; reconciles source-page columns but does not prove cash receipt, borrower use, liability spread, waterfall, collateral certificate, or return","use coordinate columns to replace token-only owned-bond reconciliation, then join income/proceeds and liability context"
CFKKRGACEDCOB-0995,Schedule D Part 1 Section 1 issuer-credit obligations owned,240,293.52,96949L-AC-9,standard-cusip-like,13978500,12500000,11479858,13760763,,(41465),,,5.100,4.322,,187708,637500,02/27/2020,09/15/2045,,matched-raw-parser-row,CFKKRGACEDP-0984,7,"coordinate-owned-bond row; reconciles source-page columns but does not prove cash receipt, borrower use, liability spread, waterfall, collateral certificate, or return","use coordinate columns to replace token-only owned-bond reconciliation, then join income/proceeds and liability context"
CFKKRGACEDCOB-0996,Schedule D Part 1 Section 1 issuer-credit obligations owned,240,285.48,96949L-AE-5,standard-cusip-like,10676600,10000000,8799398,10586648,,(15186),,,4.850,4.426,,161667,485000,06/27/2019,03/01/2048,,matched-raw-parser-row,CFKKRGACEDP-0985,7,"coordinate-owned-bond row; reconciles source-page columns but does not prove cash receipt, borrower use, liability spread, waterfall, collateral certificate, or return","use coordinate columns to replace token-only owned-bond reconciliation, then join income/proceeds and liability context"
CFKKRGACEDCOB-0997,Schedule D Part 1 Section 1 issuer-credit obligations owned,240,277.44,96950F-AP-9,standard-cusip-like,4961450,5000000,4495235,4970107,,,,,4.900,4.948,,112972,245000,06/24/2014,01/15/2045,5122500,matched-raw-parser-row,CFKKRGACEDP-0986,7,"coordinate-owned-bond row; reconciles source-page columns but does not prove cash receipt, borrower use, liability spread, waterfall, collateral certificate, or return","use coordinate columns to replace token-only owned-bond reconciliation, then join income/proceeds and liability context"
CFKKRGACEDCOB-0998,Schedule D Part 1 Section 1 issuer-credit obligations owned,240,269.40,970648-AK-7,standard-cusip-like,31453,43000,32054,31567,,,,,3.875,5.990,,,,06/26/2025,09/15/2049,43833,matched-raw-parser-row,CFKKRGACEDP-1503,2,"coordinate-owned-bond row; reconciles source-page columns but does not prove cash receipt, borrower use, liability spread, waterfall, collateral certificate, or return","use coordinate columns to replace token-only owned-bond reconciliation, then join income/proceeds and liability context"
CFKKRGACEDCOB-0999,Schedule D Part 1 Section 1 issuer-credit obligations owned,240,261.36,970648-AN-1,standard-cusip-like,80779,82000,82062,80796,,,,,5.900,6.009,,1559,2419,06/26/2025,03/05/2054,84419,matched-raw-parser-row,CFKKRGACEDP-1504,3,"coordinate-owned-bond row; reconciles source-page columns but does not prove cash receipt, borrower use, liability spread, waterfall, collateral certificate, or return","use coordinate columns to replace token-only owned-bond reconciliation, then join income/proceeds and liability context"
CFKKRGACEDCOB-1000,Schedule D Part 1 Section 1 issuer-credit obligations owned,240,253.32,976826-BN-6,standard-cusip-like,18870808,19412000,14175376,18883078,,4955,,,3.650,3.781,,177135,708538,12/12/2023,04/01/2050,24258788,matched-raw-parser-row,CFKKRGACEDP-0989,8,"coordinate-owned-bond row; reconciles source-page columns but does not prove cash receipt, borrower use, liability spread, waterfall, collateral certificate, or return","use coordinate columns to replace token-only owned-bond reconciliation, then join income/proceeds and liability context"
CFKKRGACEDCOB-1001,Schedule D Part 1 Section 1 issuer-credit obligations owned,240,245.28,976843-BM-3,standard-cusip-like,9988500,10000000,6982327,9991503,,,,,3.300,3.305,,110000,330000,08/07/2019,09/01/2049,10165000,matched-raw-parser-row,CFKKRGACEDP-0990,7,"coordinate-owned-bond row; reconciles source-page columns but does not prove cash receipt, borrower use, liability spread, waterfall, collateral certificate, or return","use coordinate columns to replace token-only owned-bond reconciliation, then join income/proceeds and liability context"
CFKKRGACEDCOB-1002,Schedule D Part 1 Section 1 issuer-credit obligations owned,240,237.24,98417E-AN-0,standard-cusip-like,3957934,2931000,3031231,3793201,,(39832),,,6.000,3.558,,22471,175860,08/09/2021,11/15/2041,3018930,matched-raw-parser-row,CFKKRGACEDP-0991,8,"coordinate-owned-bond row; reconciles source-page columns but does not prove cash receipt, borrower use, liability spread, waterfall, collateral certificate, or return","use coordinate columns to replace token-only owned-bond reconciliation, then join income/proceeds and liability context"
CFKKRGACEDCOB-1003,Schedule D Part 1 Section 1 issuer-credit obligations owned,240,229.20,98419M-AK-6,standard-cusip-like,5387441,5834000,4957720,5425190,,10690,,,4.375,4.909,,42540,255238,05/16/2023,11/01/2046,5961619,matched-raw-parser-row,CFKKRGACEDP-1792,20,"coordinate-owned-bond row; reconciles source-page columns but does not prove cash receipt, borrower use, liability spread, waterfall, collateral certificate, or return","use coordinate columns to replace token-only owned-bond reconciliation, then join income/proceeds and liability context"
CFKKRGACEDCOB-1004,Schedule D Part 1 Section 1 issuer-credit obligations owned,240,221.16,98978V-AT-0,standard-cusip-like,188450,272000,181281,188782,,,,,3.000,5.237,,1043,4080,10/21/2025,05/15/2050,276080,matched-raw-parser-row,CFKKRGACEDP-1505,3,"coordinate-owned-bond row; reconciles source-page columns but does not prove cash receipt, borrower use, liability spread, waterfall, collateral certificate, or return","use coordinate columns to replace token-only owned-bond reconciliation, then join income/proceeds and liability context"
CFKKRGACEDCOB-1005,Schedule D Part 1 Section 1 issuer-credit obligations owned,240,213.12,J41838-AQ-6,standard-cusip-like,381000,381000,395492,381000,,,,,6.100,6.101,,17431,,03/04/2025,06/11/2055,,matched-raw-parser-row,CFKKRGACEDP-1506,5,"coordinate-owned-bond row; reconciles source-page columns but does not prove cash receipt, borrower use, liability spread, waterfall, collateral certificate, or return","use coordinate columns to replace token-only owned-bond reconciliation, then join income/proceeds and liability context"
CFKKRGACEDCOB-1006,Schedule D Part 1 Section 1 issuer-credit obligations owned,240,188.04,90231*-AA-0,statutory-private-marker-cusip,202125000,202125000,202145213,202125000,,,,,8.500,6.999,,6585906,17419245,01/05/2024,01/05/2039,208177521,not-in-raw-parser-private-marker-or-geometry-row,,,"coordinate-owned-bond row; reconciles source-page columns but does not prove cash receipt, borrower use, liability spread, waterfall, collateral certificate, or return","use coordinate columns to replace token-only owned-bond reconciliation, then join income/proceeds and liability context"
CFKKRGACEDCOB-1007,Schedule D Part 1 Section 1 issuer-credit obligations owned,240,162.96,L9632@-AA-0,statutory-private-marker-cusip,20875888,21019811,20536356,21019811,,,2380644,,,10.990,,1252938,1992125,07/15/2025,07/29/2030,22175901,not-in-raw-parser-private-marker-or-geometry-row,,,"coordinate-owned-bond row; reconciles source-page columns but does not prove cash receipt, borrower use, liability spread, waterfall, collateral certificate, or return","use coordinate columns to replace token-only owned-bond reconciliation, then join income/proceeds and liability context"
CFKKRGACEDCOB-1008,Schedule D Part 1 Section 2 asset-backed securities owned,242,414.12,03466R-AD-3,standard-cusip-like,46999,47000,47699,46957,,,,,6.288,6.210,,,2217,03/07/2025,03/25/2070,47246,matched-raw-parser-row,CFKKRGACEDP-1516,2,"coordinate-owned-bond row; reconciles source-page columns but does not prove cash receipt, borrower use, liability spread, waterfall, collateral certificate, or return","use coordinate columns to replace token-only owned-bond reconciliation, then join income/proceeds and liability context"
CFKKRGACEDCOB-1009,Schedule D Part 1 Section 2 asset-backed securities owned,242,406.08,034934-AE-9,standard-cusip-like,19107,19000,19302,19053,,,,,6.849,6.516,,,,03/17/2025,01/27/2070,19107,matched-raw-parser-row,CFKKRGACEDP-1517,2,"coordinate-owned-bond row; reconciles source-page columns but does not prove cash receipt, borrower use, liability spread, waterfall, collateral certificate, or return","use coordinate columns to replace token-only owned-bond reconciliation, then join income/proceeds and liability context"
CFKKRGACEDCOB-1010,Schedule D Part 1 Section 2 asset-backed securities owned,242,398.04,10569M-AF-0,standard-cusip-like,30047,30000,30444,30003,,,,,6.360,6.215,,,1431,03/24/2025,12/26/2064,30159,matched-raw-parser-row,CFKKRGACEDP-1518,2,"coordinate-owned-bond row; reconciles source-page columns but does not prove cash receipt, borrower use, liability spread, waterfall, collateral certificate, or return","use coordinate columns to replace token-only owned-bond reconciliation, then join income/proceeds and liability context"
CFKKRGACEDCOB-1011,Schedule D Part 1 Section 2 asset-backed securities owned,242,390.00,105927-AF-4,standard-cusip-like,18000,18000,18258,17984,,,,,6.281,6.203,,,,03/27/2025,03/25/2065,18094,matched-raw-parser-row,CFKKRGACEDP-1519,2,"coordinate-owned-bond row; reconciles source-page columns but does not prove cash receipt, borrower use, liability spread, waterfall, collateral certificate, or return","use coordinate columns to replace token-only owned-bond reconciliation, then join income/proceeds and liability context"
CFKKRGACEDCOB-1012,Schedule D Part 1 Section 2 asset-backed securities owned,242,381.96,12464Y-AC-3,standard-cusip-like,3367460,4412724,2646483,3102696,,(65491),,,4.346,4.543,,3196,88874,12/13/2017,04/25/2037,719277,matched-raw-parser-row,CFKKRGACEDP-1803,8,"coordinate-owned-bond row; reconciles source-page columns but does not prove cash receipt, borrower use, liability spread, waterfall, collateral certificate, or return","use coordinate columns to replace token-only owned-bond reconciliation, then join income/proceeds and liability context"
CFKKRGACEDCOB-1013,Schedule D Part 1 Section 2 asset-backed securities owned,242,373.92,12661G-AF-6,standard-cusip-like,18535,25000,18444,18718,,,,,4.021,6.779,,,,03/28/2025,01/26/2060,,matched-raw-parser-row,CFKKRGACEDP-1520,2,"coordinate-owned-bond row; reconciles source-page columns but does not prove cash receipt, borrower use, liability spread, waterfall, collateral certificate, or return","use coordinate columns to replace token-only owned-bond reconciliation, then join income/proceeds and liability context"
CFKKRGACEDCOB-1014,Schedule D Part 1 Section 2 asset-backed securities owned,242,365.88,16160M-AU-7,standard-cusip-like,87568,87431,88481,87535,,,,,6.250,6.107,,,4098,03/14/2025,02/25/2056,,matched-raw-parser-row,CFKKRGACEDP-1804,4,"coordinate-owned-bond row; reconciles source-page columns but does not prove cash receipt, borrower use, liability spread, waterfall, collateral certificate, or return","use coordinate columns to replace token-only owned-bond reconciliation, then join income/proceeds and liability context"
CFKKRGACEDCOB-1015,Schedule D Part 1 Section 2 asset-backed securities owned,242,357.84,16160M-BQ-5,standard-cusip-like,13826,13860,14262,13818,,,,,6.533,6.464,,,,03/17/2025,02/25/2056,,matched-raw-parser-row,CFKKRGACEDP-1805,0,"coordinate-owned-bond row; reconciles source-page columns but does not prove cash receipt, borrower use, liability spread, waterfall, collateral certificate, or return","use coordinate columns to replace token-only owned-bond reconciliation, then join income/proceeds and liability context"
CFKKRGACEDCOB-1016,Schedule D Part 1 Section 2 asset-backed securities owned,242,349.80,16678R-FB-8,standard-cusip-like,2511143,2929491,2603398,2502050,,43238,,,3.996,7.682,,1951,84081,03/10/2016,12/25/2046,20033,matched-raw-parser-row,CFKKRGACEDP-1806,9,"coordinate-owned-bond row; reconciles source-page columns but does not prove cash receipt, borrower use, liability spread, waterfall, collateral certificate, or return","use coordinate columns to replace token-only owned-bond reconciliation, then join income/proceeds and liability context"
CFKKRGACEDCOB-1017,Schedule D Part 1 Section 2 asset-backed securities owned,242,341.76,16678R-FC-6,standard-cusip-like,2899078,5016125,3987597,2899078,,,,,4.046,7.101,,3383,152797,05/20/2016,12/25/2046,122907941,matched-raw-parser-row,CFKKRGACEDP-1807,8,"coordinate-owned-bond row; reconciles source-page columns but does not prove cash receipt, borrower use, liability spread, waterfall, collateral certificate, or return","use coordinate columns to replace token-only owned-bond reconciliation, then join income/proceeds and liability context"
CFKKRGACEDCOB-1018,Schedule D Part 1 Section 2 asset-backed securities owned,242,333.72,16679B-AA-9,standard-cusip-like,3604056,3761468,4406786,3604056,,,,,3.976,4.209,,2493,70107,03/07/2014,05/25/2048,48062195,matched-raw-parser-row,CFKKRGACEDP-1809,8,"coordinate-owned-bond row; reconciles source-page columns but does not prove cash receipt, borrower use, liability spread, waterfall, collateral certificate, or return","use coordinate columns to replace token-only owned-bond reconciliation, then join income/proceeds and liability context"
CFKKRGACEDCOB-1019,Schedule D Part 1 Section 2 asset-backed securities owned,242,325.68,17292B-CK-0,standard-cusip-like,11609,11864,11712,11611,,,,,6.296,6.407,,,,03/13/2025,02/25/2055,,matched-raw-parser-row,CFKKRGACEDP-1810,0,"coordinate-owned-bond row; reconciles source-page columns but does not prove cash receipt, borrower use, liability spread, waterfall, collateral certificate, or return","use coordinate columns to replace token-only owned-bond reconciliation, then join income/proceeds and liability context"
CFKKRGACEDCOB-1020,Schedule D Part 1 Section 2 asset-backed securities owned,242,317.64,19688Q-AD-3,standard-cusip-like,39353,39000,39787,39207,,,,,6.636,6.171,,,1941,03/12/2025,11/25/2069,39216,matched-raw-parser-row,CFKKRGACEDP-1524,2,"coordinate-owned-bond row; reconciles source-page columns but does not prove cash receipt, borrower use, liability spread, waterfall, collateral certificate, or return","use coordinate columns to replace token-only owned-bond reconciliation, then join income/proceeds and liability context"
CFKKRGACEDCOB-1021,Schedule D Part 1 Section 2 asset-backed securities owned,242,309.60,196920-AF-9,standard-cusip-like,99875,100000,102002,99802,,,,,6.631,6.594,,,4421,04/08/2025,01/27/2070,100553,matched-raw-parser-row,CFKKRGACEDP-1525,2,"coordinate-owned-bond row; reconciles source-page columns but does not prove cash receipt, borrower use, liability spread, waterfall, collateral certificate, or return","use coordinate columns to replace token-only owned-bond reconciliation, then join income/proceeds and liability context"
CFKKRGACEDCOB-1022,Schedule D Part 1 Section 2 asset-backed securities owned,242,301.56,22757C-AF-9,standard-cusip-like,35098,35000,35469,35027,,,,,6.401,6.186,,1680,,03/12/2025,11/25/2069,35187,matched-raw-parser-row,CFKKRGACEDP-1526,2,"coordinate-owned-bond row; reconciles source-page columns but does not prove cash receipt, borrower use, liability spread, waterfall, collateral certificate, or return","use coordinate columns to replace token-only owned-bond reconciliation, then join income/proceeds and liability context"
CFKKRGACEDCOB-1023,Schedule D Part 1 Section 2 asset-backed securities owned,242,293.52,25151K-AC-3,standard-cusip-like,1831130,2331878,1826402,1842239,9571,,,,4.596,8.044,,50624,,10/20/2015,10/25/2047,45955,matched-raw-parser-row,CFKKRGACEDP-1811,8,"coordinate-owned-bond row; reconciles source-page columns but does not prove cash receipt, borrower use, liability spread, waterfall, collateral certificate, or return","use coordinate columns to replace token-only owned-bond reconciliation, then join income/proceeds and liability context"
CFKKRGACEDCOB-1024,Schedule D Part 1 Section 2 asset-backed securities owned,242,285.48,26845D-AE-5,standard-cusip-like,54372,54000,55021,54201,,,,,6.523,6.131,,,2517,04/03/2025,11/25/2069,54294,matched-raw-parser-row,CFKKRGACEDP-1528,2,"coordinate-owned-bond row; reconciles source-page columns but does not prove cash receipt, borrower use, liability spread, waterfall, collateral certificate, or return","use coordinate columns to replace token-only owned-bond reconciliation, then join income/proceeds and liability context"
CFKKRGACEDCOB-1025,Schedule D Part 1 Section 2 asset-backed securities owned,242,277.44,28225G-AF-1,standard-cusip-like,33999,34000,34482,33974,,,,,6.485,6.449,,,1654,03/24/2025,02/25/2060,34184,matched-raw-parser-row,CFKKRGACEDP-1529,2,"coordinate-owned-bond row; reconciles source-page columns but does not prove cash receipt, borrower use, liability spread, waterfall, collateral certificate, or return","use coordinate columns to replace token-only owned-bond reconciliation, then join income/proceeds and liability context"
CFKKRGACEDCOB-1026,Schedule D Part 1 Section 2 asset-backed securities owned,242,269.40,307910-AB-5,standard-cusip-like,1976737,2139000,1991592,1996308,24427,,,,5.196,6.901,,9253,111099,11/15/2024,07/27/2054,5710,matched-raw-parser-row,CFKKRGACEDP-1566,61,"coordinate-owned-bond row; reconciles source-page columns but does not prove cash receipt, borrower use, liability spread, waterfall, collateral certificate, or return","use coordinate columns to replace token-only owned-bond reconciliation, then join income/proceeds and liability context"
CFKKRGACEDCOB-1027,Schedule D Part 1 Section 2 asset-backed securities owned,242,261.36,36168X-AH-2,standard-cusip-like,17969,23000,18796,18146,,,,,4.048,6.514,,,,04/03/2025,12/27/2066,,matched-raw-parser-row,CFKKRGACEDP-1530,2,"coordinate-owned-bond row; reconciles source-page columns but does not prove cash receipt, borrower use, liability spread, waterfall, collateral certificate, or return","use coordinate columns to replace token-only owned-bond reconciliation, then join income/proceeds and liability context"
CFKKRGACEDCOB-1028,Schedule D Part 1 Section 2 asset-backed securities owned,242,253.32,362341-Z3-6,standard-cusip-like,4165269,7297869,1990861,1925277,,(289813),,,4.286,6.104,,5213,109978,03/22/2019,01/25/2036,32953,matched-raw-parser-row,CFKKRGACEDP-1812,8,"coordinate-owned-bond row; reconciles source-page columns but does not prove cash receipt, borrower use, liability spread, waterfall, collateral certificate, or return","use coordinate columns to replace token-only owned-bond reconciliation, then join income/proceeds and liability context"
CFKKRGACEDCOB-1029,Schedule D Part 1 Section 2 asset-backed securities owned,242,245.28,36270C-BY-5,standard-cusip-like,8815,8798,9063,8792,,,,,6.702,6.439,,,,03/20/2025,10/26/2054,,matched-raw-parser-row,CFKKRGACEDP-1813,0,"coordinate-owned-bond row; reconciles source-page columns but does not prove cash receipt, borrower use, liability spread, waterfall, collateral certificate, or return","use coordinate columns to replace token-only owned-bond reconciliation, then join income/proceeds and liability context"
CFKKRGACEDCOB-1030,Schedule D Part 1 Section 2 asset-backed securities owned,242,237.24,36273W-CK-7,standard-cusip-like,9385,9889,9232,9381,,,,,6.171,6.504,,,,03/21/2025,07/26/2055,,matched-raw-parser-row,CFKKRGACEDP-1814,0,"coordinate-owned-bond row; reconciles source-page columns but does not prove cash receipt, borrower use, liability spread, waterfall, collateral certificate, or return","use coordinate columns to replace token-only owned-bond reconciliation, then join income/proceeds and liability context"
CFKKRGACEDCOB-1031,Schedule D Part 1 Section 2 asset-backed securities owned,242,229.20,362949-CK-3,standard-cusip-like,11037,10789,11252,11010,,,,,6.643,6.230,,,,03/12/2025,11/25/2054,,matched-raw-parser-row,CFKKRGACEDP-1815,0,"coordinate-owned-bond row; reconciles source-page columns but does not prove cash receipt, borrower use, liability spread, waterfall, collateral certificate, or return","use coordinate columns to replace token-only owned-bond reconciliation, then join income/proceeds and liability context"
CFKKRGACEDCOB-1032,Schedule D Part 1 Section 2 asset-backed securities owned,242,221.16,403969-AF-5,standard-cusip-like,18987,19000,19254,18970,,,,,6.390,6.334,,,,03/25/2025,01/26/2060,19101,matched-raw-parser-row,CFKKRGACEDP-1534,2,"coordinate-owned-bond row; reconciles source-page columns but does not prove cash receipt, borrower use, liability spread, waterfall, collateral certificate, or return","use coordinate columns to replace token-only owned-bond reconciliation, then join income/proceeds and liability context"
CFKKRGACEDCOB-1033,Schedule D Part 1 Section 2 asset-backed securities owned,242,213.12,41161P-A8-6,standard-cusip-like,5136022,5769418,5414191,5145351,,9329,,,4.326,5.617,,9012,200294,07/27/2015,03/19/2036,984446,matched-raw-parser-row,CFKKRGACEDP-1816,8,"coordinate-owned-bond row; reconciles source-page columns but does not prove cash receipt, borrower use, liability spread, waterfall, collateral certificate, or return","use coordinate columns to replace token-only owned-bond reconciliation, then join income/proceeds and liability context"
CFKKRGACEDCOB-1034,Schedule D Part 1 Section 2 asset-backed securities owned,242,205.08,41161X-AC-0,standard-cusip-like,1210743,1492510,1417019,1210743,,,,,4.266,5.333,,59820,,07/30/2015,11/19/2036,36123878,matched-raw-parser-row,CFKKRGACEDP-1817,8,"coordinate-owned-bond row; reconciles source-page columns but does not prove cash receipt, borrower use, liability spread, waterfall, collateral certificate, or return","use coordinate columns to replace token-only owned-bond reconciliation, then join income/proceeds and liability context"
CFKKRGACEDCOB-1035,Schedule D Part 1 Section 2 asset-backed securities owned,242,197.04,41164L-AA-7,standard-cusip-like,13270358,17798621,13934247,12984392,,(75172),,,4.166,8.246,,12359,424541,01/05/2018,04/27/2037,2219923,matched-raw-parser-row,CFKKRGACEDP-1818,8,"coordinate-owned-bond row; reconciles source-page columns but does not prove cash receipt, borrower use, liability spread, waterfall, collateral certificate, or return","use coordinate columns to replace token-only owned-bond reconciliation, then join income/proceeds and liability context"
CFKKRGACEDCOB-1036,Schedule D Part 1 Section 2 asset-backed securities owned,242,189.00,43741B-AC-3,standard-cusip-like,2831306,3389964,3049708,2831306,,,,,4.884,5.800,,13797,155799,04/22/2016,04/25/2047,45349229,matched-raw-parser-row,CFKKRGACEDP-1819,8,"coordinate-owned-bond row; reconciles source-page columns but does not prove cash receipt, borrower use, liability spread, waterfall, collateral certificate, or return","use coordinate columns to replace token-only owned-bond reconciliation, then join income/proceeds and liability context"
CFKKRGACEDCOB-1037,Schedule D Part 1 Section 2 asset-backed securities owned,242,180.96,43761D-AF-7,standard-cusip-like,8073,8000,8127,8046,,,,,6.520,6.076,,,,04/03/2025,01/27/2070,8043,matched-raw-parser-row,CFKKRGACEDP-1535,2,"coordinate-owned-bond row; reconciles source-page columns but does not prove cash receipt, borrower use, liability spread, waterfall, collateral certificate, or return","use coordinate columns to replace token-only owned-bond reconciliation, then join income/proceeds and liability context"
CFKKRGACEDCOB-1038,Schedule D Part 1 Section 2 asset-backed securities owned,242,172.92,437920-AF-8,standard-cusip-like,25958,26000,26335,25948,,,,,6.370,6.323,,,1242,03/25/2025,10/27/2059,26138,matched-raw-parser-row,CFKKRGACEDP-1536,2,"coordinate-owned-bond row; reconciles source-page columns but does not prove cash receipt, borrower use, liability spread, waterfall, collateral certificate, or return","use coordinate columns to replace token-only owned-bond reconciliation, then join income/proceeds and liability context"
CFKKRGACEDCOB-1039,Schedule D Part 1 Section 2 asset-backed securities owned,242,164.88,45668G-AG-7,standard-cusip-like,2951361,3836468,3590668,3307295,,112897,,,4.246,11.086,,2715,160853,04/21/2016,11/25/2046,553075,matched-raw-parser-row,CFKKRGACEDP-1820,8,"coordinate-owned-bond row; reconciles source-page columns but does not prove cash receipt, borrower use, liability spread, waterfall, collateral certificate, or return","use coordinate columns to replace token-only owned-bond reconciliation, then join income/proceeds and liability context"
CFKKRGACEDCOB-1040,Schedule D Part 1 Section 2 asset-backed securities owned,242,156.84,46591T-BY-9,standard-cusip-like,6683,7744,6975,6738,,,,,3.914,6.161,,,,03/12/2025,07/25/2050,,matched-raw-parser-row,CFKKRGACEDP-1821,0,"coordinate-owned-bond row; reconciles source-page columns but does not prove cash receipt, borrower use, liability spread, waterfall, collateral certificate, or return","use coordinate columns to replace token-only owned-bond reconciliation, then join income/proceeds and liability context"
CFKKRGACEDCOB-1041,Schedule D Part 1 Section 2 asset-backed securities owned,242,148.80,46593M-AV-9,standard-cusip-like,43108,43836,44022,43300,,,,,5.500,5.893,,1808,,03/25/2025,06/25/2055,,matched-raw-parser-row,CFKKRGACEDP-1822,4,"coordinate-owned-bond row; reconciles source-page columns but does not prove cash receipt, borrower use, liability spread, waterfall, collateral certificate, or return","use coordinate columns to replace token-only owned-bond reconciliation, then join income/proceeds and liability context"
CFKKRGACEDCOB-1042,Schedule D Part 1 Section 2 asset-backed securities owned,242,140.76,46593N-AA-3,standard-cusip-like,64496,63465,65163,64370,,,,,6.607,5.709,,,3169,03/12/2025,07/26/2055,,matched-raw-parser-row,CFKKRGACEDP-1823,4,"coordinate-owned-bond row; reconciles source-page columns but does not prove cash receipt, borrower use, liability spread, waterfall, collateral certificate, or return","use coordinate columns to replace token-only owned-bond reconciliation, then join income/proceeds and liability context"
CFKKRGACEDCOB-1043,Schedule D Part 1 Section 2 asset-backed securities owned,242,132.72,46593Q-AF-5,standard-cusip-like,22999,23000,23298,22979,,,,,6.346,6.273,,,1095,03/24/2025,06/25/2065,23122,matched-raw-parser-row,CFKKRGACEDP-1540,2,"coordinate-owned-bond row; reconciles source-page columns but does not prove cash receipt, borrower use, liability spread, waterfall, collateral certificate, or return","use coordinate columns to replace token-only owned-bond reconciliation, then join income/proceeds and liability context"
CFKKRGACEDCOB-1044,Schedule D Part 1 Section 2 asset-backed securities owned,242,124.68,465983-AD-6,standard-cusip-like,11052,11000,11174,11026,,,,,6.414,6.150,,,,03/12/2025,02/25/2064,11059,matched-raw-parser-row,CFKKRGACEDP-1541,2,"coordinate-owned-bond row; reconciles source-page columns but does not prove cash receipt, borrower use, liability spread, waterfall, collateral certificate, or return","use coordinate columns to replace token-only owned-bond reconciliation, then join income/proceeds and liability context"
CFKKRGACEDCOB-1045,Schedule D Part 1 Section 2 asset-backed securities owned,242,116.64,46657C-AR-3,standard-cusip-like,3798,3863,3852,3786,,,,,6.151,6.024,,,,03/25/2025,02/25/2054,,matched-raw-parser-row,CFKKRGACEDP-1824,0,"coordinate-owned-bond row; reconciles source-page columns but does not prove cash receipt, borrower use, liability spread, waterfall, collateral certificate, or return","use coordinate columns to replace token-only owned-bond reconciliation, then join income/proceeds and liability context"
CFKKRGACEDCOB-1046,Schedule D Part 1 Section 2 asset-backed securities owned,242,108.60,46657Q-BE-0,standard-cusip-like,15239,18946,15556,15384,,,,,3.331,6.238,,,,03/25/2025,05/25/2054,,matched-raw-parser-row,CFKKRGACEDP-1825,0,"coordinate-owned-bond row; reconciles source-page columns but does not prove cash receipt, borrower use, liability spread, waterfall, collateral certificate, or return","use coordinate columns to replace token-only owned-bond reconciliation, then join income/proceeds and liability context"
CFKKRGACEDCOB-1047,Schedule D Part 1 Section 2 asset-backed securities owned,242,100.56,46658G-BF-8,standard-cusip-like,17128,16669,17625,17082,,,,,6.943,6.482,,,,03/14/2025,01/25/2055,,matched-raw-parser-row,CFKKRGACEDP-1826,0,"coordinate-owned-bond row; reconciles source-page columns but does not prove cash receipt, borrower use, liability spread, waterfall, collateral certificate, or return","use coordinate columns to replace token-only owned-bond reconciliation, then join income/proceeds and liability context"
CFKKRGACEDCOB-1048,Schedule D Part 1 Section 2 asset-backed securities owned,242,92.52,46658L-BQ-3,standard-cusip-like,26426,25609,27205,26363,,,,,6.966,6.474,,,1334,03/19/2025,03/25/2055,,matched-raw-parser-row,CFKKRGACEDP-1827,0,"coordinate-owned-bond row; reconciles source-page columns but does not prove cash receipt, borrower use, liability spread, waterfall, collateral certificate, or return","use coordinate columns to replace token-only owned-bond reconciliation, then join income/proceeds and liability context"
CFKKRGACEDCOB-1049,Schedule D Part 1 Section 2 asset-backed securities owned,242,84.48,46659B-AF-9,standard-cusip-like,14035,14000,14209,14012,,,,,6.412,6.247,,,,03/12/2025,08/25/2055,14075,matched-raw-parser-row,CFKKRGACEDP-1546,2,"coordinate-owned-bond row; reconciles source-page columns but does not prove cash receipt, borrower use, liability spread, waterfall, collateral certificate, or return","use coordinate columns to replace token-only owned-bond reconciliation, then join income/proceeds and liability context"
CFKKRGACEDCOB-1050,Schedule D Part 1 Section 2 asset-backed securities owned,242,76.44,525226-AN-6,standard-cusip-like,2535944,3323104,3314240,3042329,,70168,,,4.196,8.451,,2324,133715,04/15/2016,08/25/2046,476959,matched-raw-parser-row,CFKKRGACEDP-1828,8,"coordinate-owned-bond row; reconciles source-page columns but does not prove cash receipt, borrower use, liability spread, waterfall, collateral certificate, or return","use coordinate columns to replace token-only owned-bond reconciliation, then join income/proceeds and liability context"
CFKKRGACEDCOB-1051,Schedule D Part 1 Section 2 asset-backed securities owned,242,68.40,52523Y-AC-8,standard-cusip-like,1463248,1957519,1943399,1683378,,12397,,,4.346,8.662,,85385,,10/23/2013,12/25/2036,175007,matched-raw-parser-row,CFKKRGACEDP-1829,8,"coordinate-owned-bond row; reconciles source-page columns but does not prove cash receipt, borrower use, liability spread, waterfall, collateral certificate, or return","use coordinate columns to replace token-only owned-bond reconciliation, then join income/proceeds and liability context"
CFKKRGACEDCOB-1052,Schedule D Part 1 Section 2 asset-backed securities owned,242,60.36,52524Y-AC-7,standard-cusip-like,3464176,4145028,4142875,3995989,,101453,,,4.246,7.816,,2933,152196,12/02/2014,07/25/2047,471891,matched-raw-parser-row,CFKKRGACEDP-1830,8,"coordinate-owned-bond row; reconciles source-page columns but does not prove cash receipt, borrower use, liability spread, waterfall, collateral certificate, or return","use coordinate columns to replace token-only owned-bond reconciliation, then join income/proceeds and liability context"
CFKKRGACEDCOB-1053,Schedule D Part 1 Section 2 asset-backed securities owned,243,414.12,55287J-AD-8,standard-cusip-like,28000,28000,28419,27974,,,,,6.288,6.206,,,1467,03/07/2025,03/25/2070,28147,matched-raw-parser-row,CFKKRGACEDP-1547,2,"coordinate-owned-bond row; reconciles source-page columns but does not prove cash receipt, borrower use, liability spread, waterfall, collateral certificate, or return","use coordinate columns to replace token-only owned-bond reconciliation, then join income/proceeds and liability context"
CFKKRGACEDCOB-1054,Schedule D Part 1 Section 2 asset-backed securities owned,243,406.08,585490-CB-9,standard-cusip-like,13451,16504,13866,13595,,,,,3.314,6.094,,,,03/25/2025,03/25/2052,,matched-raw-parser-row,CFKKRGACEDP-1831,0,"coordinate-owned-bond row; reconciles source-page columns but does not prove cash receipt, borrower use, liability spread, waterfall, collateral certificate, or return","use coordinate columns to replace token-only owned-bond reconciliation, then join income/proceeds and liability context"
CFKKRGACEDCOB-1055,Schedule D Part 1 Section 2 asset-backed securities owned,243,398.04,62956X-AD-3,standard-cusip-like,17935,18000,18119,17953,,,,,6.098,6.334,,,,03/12/2025,06/25/2069,18091,matched-raw-parser-row,CFKKRGACEDP-1549,2,"coordinate-owned-bond row; reconciles source-page columns but does not prove cash receipt, borrower use, liability spread, waterfall, collateral certificate, or return","use coordinate columns to replace token-only owned-bond reconciliation, then join income/proceeds and liability context"
CFKKRGACEDCOB-1056,Schedule D Part 1 Section 2 asset-backed securities owned,243,390.00,64831X-AF-5,standard-cusip-like,42999,43000,43703,42983,,,,,6.352,6.356,,,2048,03/25/2025,04/27/2065,43228,matched-raw-parser-row,CFKKRGACEDP-1550,2,"coordinate-owned-bond row; reconciles source-page columns but does not prove cash receipt, borrower use, liability spread, waterfall, collateral certificate, or return","use coordinate columns to replace token-only owned-bond reconciliation, then join income/proceeds and liability context"
CFKKRGACEDCOB-1057,Schedule D Part 1 Section 2 asset-backed securities owned,243,381.96,65537K-AA-8,standard-cusip-like,2331897,2355073,2390222,2331897,,,,,4.166,4.267,,1635,101815,07/26/2018,02/25/2037,99919245,matched-raw-parser-row,CFKKRGACEDP-1832,8,"coordinate-owned-bond row; reconciles source-page columns but does not prove cash receipt, borrower use, liability spread, waterfall, collateral certificate, or return","use coordinate columns to replace token-only owned-bond reconciliation, then join income/proceeds and liability context"
CFKKRGACEDCOB-1058,Schedule D Part 1 Section 2 asset-backed securities owned,243,373.92,67120Q-AD-8,standard-cusip-like,70998,71000,71819,70933,,,,,6.168,6.087,,,3649,03/11/2025,02/25/2055,71365,matched-raw-parser-row,CFKKRGACEDP-1551,2,"coordinate-owned-bond row; reconciles source-page columns but does not prove cash receipt, borrower use, liability spread, waterfall, collateral certificate, or return","use coordinate columns to replace token-only owned-bond reconciliation, then join income/proceeds and liability context"
CFKKRGACEDCOB-1059,Schedule D Part 1 Section 2 asset-backed securities owned,243,365.88,673911-AF-0,standard-cusip-like,17222,17000,17315,17144,,,,,6.648,6.004,,,,04/03/2025,11/25/2064,17094,matched-raw-parser-row,CFKKRGACEDP-1552,2,"coordinate-owned-bond row; reconciles source-page columns but does not prove cash receipt, borrower use, liability spread, waterfall, collateral certificate, or return","use coordinate columns to replace token-only owned-bond reconciliation, then join income/proceeds and liability context"
CFKKRGACEDCOB-1060,Schedule D Part 1 Section 2 asset-backed securities owned,243,357.84,67448Y-AF-1,standard-cusip-like,18160,18000,18333,18100,,,,,6.514,6.099,,,,03/12/2025,12/26/2064,18098,matched-raw-parser-row,CFKKRGACEDP-1553,2,"coordinate-owned-bond row; reconciles source-page columns but does not prove cash receipt, borrower use, liability spread, waterfall, collateral certificate, or return","use coordinate columns to replace token-only owned-bond reconciliation, then join income/proceeds and liability context"
CFKKRGACEDCOB-1061,Schedule D Part 1 Section 2 asset-backed securities owned,243,349.80,69382C-BE-5,standard-cusip-like,24037,24026,24369,24030,,,,,6.000,5.907,,1081,,03/14/2025,03/27/2056,,matched-raw-parser-row,CFKKRGACEDP-1833,4,"coordinate-owned-bond row; reconciles source-page columns but does not prove cash receipt, borrower use, liability spread, waterfall, collateral certificate, or return","use coordinate columns to replace token-only owned-bond reconciliation, then join income/proceeds and liability context"
CFKKRGACEDCOB-1062,Schedule D Part 1 Section 2 asset-backed securities owned,243,341.76,69382F-AF-6,standard-cusip-like,31000,31000,31414,30970,,,,,6.387,6.310,,,1485,03/19/2025,02/25/2060,31165,matched-raw-parser-row,CFKKRGACEDP-1555,2,"coordinate-owned-bond row; reconciles source-page columns but does not prove cash receipt, borrower use, liability spread, waterfall, collateral certificate, or return","use coordinate columns to replace token-only owned-bond reconciliation, then join income/proceeds and liability context"
CFKKRGACEDCOB-1063,Schedule D Part 1 Section 2 asset-backed securities owned,243,333.72,749431-BV-3,standard-cusip-like,7934,7922,8144,7929,,,,,6.448,6.371,,,,03/18/2025,03/25/2055,,matched-raw-parser-row,CFKKRGACEDP-1834,0,"coordinate-owned-bond row; reconciles source-page columns but does not prove cash receipt, borrower use, liability spread, waterfall, collateral certificate, or return","use coordinate columns to replace token-only owned-bond reconciliation, then join income/proceeds and liability context"
CFKKRGACEDCOB-1064,Schedule D Part 1 Section 2 asset-backed securities owned,243,325.68,753917-CK-7,standard-cusip-like,5730,5868,5623,5723,,,,,6.424,6.522,,,,03/20/2025,08/25/2054,,matched-raw-parser-row,CFKKRGACEDP-1835,0,"coordinate-owned-bond row; reconciles source-page columns but does not prove cash receipt, borrower use, liability spread, waterfall, collateral certificate, or return","use coordinate columns to replace token-only owned-bond reconciliation, then join income/proceeds and liability context"
CFKKRGACEDCOB-1065,Schedule D Part 1 Section 2 asset-backed securities owned,243,317.64,75409U-CJ-9,standard-cusip-like,5643,5885,5605,5635,,,,,6.400,6.606,,,,03/26/2025,10/26/2054,,matched-raw-parser-row,CFKKRGACEDP-1836,0,"coordinate-owned-bond row; reconciles source-page columns but does not prove cash receipt, borrower use, liability spread, waterfall, collateral certificate, or return","use coordinate columns to replace token-only owned-bond reconciliation, then join income/proceeds and liability context"
CFKKRGACEDCOB-1066,Schedule D Part 1 Section 2 asset-backed securities owned,243,309.60,79583V-AD-2,standard-cusip-like,16850,20000,16807,16973,,,,,4.586,6.510,,,,03/28/2025,04/25/2067,,matched-raw-parser-row,CFKKRGACEDP-1559,2,"coordinate-owned-bond row; reconciles source-page columns but does not prove cash receipt, borrower use, liability spread, waterfall, collateral certificate, or return","use coordinate columns to replace token-only owned-bond reconciliation, then join income/proceeds and liability context"
CFKKRGACEDCOB-1067,Schedule D Part 1 Section 2 asset-backed securities owned,243,301.56,795924-AD-1,standard-cusip-like,24072,24000,24317,24044,,,,,6.604,6.543,,,1189,03/26/2025,08/25/2059,,matched-raw-parser-row,CFKKRGACEDP-1560,2,"coordinate-owned-bond row; reconciles source-page columns but does not prove cash receipt, borrower use, liability spread, waterfall, collateral certificate, or return","use coordinate columns to replace token-only owned-bond reconciliation, then join income/proceeds and liability context"
CFKKRGACEDCOB-1068,Schedule D Part 1 Section 2 asset-backed securities owned,243,293.52,81743B-CF-2,standard-cusip-like,11772,11702,12143,11739,,,,,6.585,6.261,,,,03/26/2025,05/26/2054,,matched-raw-parser-row,CFKKRGACEDP-1837,0,"coordinate-owned-bond row; reconciles source-page columns but does not prove cash receipt, borrower use, liability spread, waterfall, collateral certificate, or return","use coordinate columns to replace token-only owned-bond reconciliation, then join income/proceeds and liability context"
CFKKRGACEDCOB-1069,Schedule D Part 1 Section 2 asset-backed securities owned,243,285.48,81749N-CK-9,standard-cusip-like,13078,12780,13368,13047,,,,,6.622,6.212,,,,03/20/2025,09/25/2054,,matched-raw-parser-row,CFKKRGACEDP-1838,0,"coordinate-owned-bond row; reconciles source-page columns but does not prove cash receipt, borrower use, liability spread, waterfall, collateral certificate, or return","use coordinate columns to replace token-only owned-bond reconciliation, then join income/proceeds and liability context"
CFKKRGACEDCOB-1070,Schedule D Part 1 Section 2 asset-backed securities owned,243,277.44,86360N-AK-8,standard-cusip-like,2025099,3218907,1577787,1577787,(53361),(72463),,,3.558,5.827,,9545,114755,06/29/2016,06/25/2036,155983,matched-raw-parser-row,CFKKRGACEDP-1839,5,"coordinate-owned-bond row; reconciles source-page columns but does not prove cash receipt, borrower use, liability spread, waterfall, collateral certificate, or return","use coordinate columns to replace token-only owned-bond reconciliation, then join income/proceeds and liability context"
CFKKRGACEDCOB-1071,Schedule D Part 1 Section 2 asset-backed securities owned,243,269.40,86364D-AA-8,standard-cusip-like,1157609,1338513,1353899,1238379,,19015,,,4.446,7.503,,56476,,10/17/2013,08/25/2037,68466,matched-raw-parser-row,CFKKRGACEDP-1840,382,"coordinate-owned-bond row; reconciles source-page columns but does not prove cash receipt, borrower use, liability spread, waterfall, collateral certificate, or return","use coordinate columns to replace token-only owned-bond reconciliation, then join income/proceeds and liability context"
CFKKRGACEDCOB-1072,Schedule D Part 1 Section 2 asset-backed securities owned,243,261.36,92540V-AF-2,standard-cusip-like,1739239,1777000,1796541,1745709,6470,,,,6.121,6.873,,72513,,04/08/2025,03/25/2070,1786064,matched-raw-parser-row,CFKKRGACEDP-1564,3,"coordinate-owned-bond row; reconciles source-page columns but does not prove cash receipt, borrower use, liability spread, waterfall, collateral certificate, or return","use coordinate columns to replace token-only owned-bond reconciliation, then join income/proceeds and liability context"
CFKKRGACEDCOB-1073,Schedule D Part 1 Section 2 asset-backed securities owned,243,253.32,92841W-AD-1,standard-cusip-like,11070,11000,11151,11108,,,,,6.592,7.094,,,,03/12/2025,01/25/2055,,matched-raw-parser-row,CFKKRGACEDP-1565,2,"coordinate-owned-bond row; reconciles source-page columns but does not prove cash receipt, borrower use, liability spread, waterfall, collateral certificate, or return","use coordinate columns to replace token-only owned-bond reconciliation, then join income/proceeds and liability context"
CFKKRGACEDCOB-1074,Schedule D Part 1 Section 2 asset-backed securities owned,243,220.20,05549R-AE-7,standard-cusip-like,11604106,11635000,10908892,11635000,,22741,,,5.688,5.511,,31253,731502,07/19/2018,07/15/2037,11686234,matched-raw-parser-row,CFKKRGACEDP-1061,8,"coordinate-owned-bond row; reconciles source-page columns but does not prove cash receipt, borrower use, liability spread, waterfall, collateral certificate, or return","use coordinate columns to replace token-only owned-bond reconciliation, then join income/proceeds and liability context"
CFKKRGACEDCOB-1075,Schedule D Part 1 Section 2 asset-backed securities owned,243,212.16,74970W-AC-4,standard-cusip-like,200000,200000,206894,200000,,,,,5.930,5.946,,,11861,10/17/2024,11/15/2041,200988,matched-raw-parser-row,CFKKRGACEDP-1062,14,"coordinate-owned-bond row; reconciles source-page columns but does not prove cash receipt, borrower use, liability spread, waterfall, collateral certificate, or return","use coordinate columns to replace token-only owned-bond reconciliation, then join income/proceeds and liability context"
CFKKRGACEDCOB-1076,Schedule D Part 1 Section 2 asset-backed securities owned,243,179.04,00119F-AS-3,standard-cusip-like,3250000,3250000,3269674,3250000,,,,,5.820,5.241,,37830,208488,08/02/2024,10/21/2037,3292242,matched-raw-parser-row,CFKKRGACEDP-1063,7,"coordinate-owned-bond row; reconciles source-page columns but does not prove cash receipt, borrower use, liability spread, waterfall, collateral certificate, or return","use coordinate columns to replace token-only owned-bond reconciliation, then join income/proceeds and liability context"
CFKKRGACEDCOB-1077,Schedule D Part 1 Section 2 asset-backed securities owned,243,171.00,758971-AJ-4,standard-cusip-like,2500000,2500000,2515131,2500000,,,,,5.855,5.236,,31712,179743,08/02/2024,09/06/2037,2532494,matched-raw-parser-row,CFKKRGACEDP-1064,100,"coordinate-owned-bond row; reconciles source-page columns but does not prove cash receipt, borrower use, liability spread, waterfall, collateral certificate, or return","use coordinate columns to replace token-only owned-bond reconciliation, then join income/proceeds and liability context"
CFKKRGACEDCOB-1078,Schedule D Part 1 Section 2 asset-backed securities owned,243,137.88,09539#-AD-9,statutory-private-marker-cusip,3368091,3368091,3368091,3368091,,,,,8.655,8.655,,63157,311903,12/22/2020,05/23/2034,,not-in-raw-parser-private-marker-or-geometry-row,,,"coordinate-owned-bond row; reconciles source-page columns but does not prove cash receipt, borrower use, liability spread, waterfall, collateral certificate, or return","use coordinate columns to replace token-only owned-bond reconciliation, then join income/proceeds and liability context"
CFKKRGACEDCOB-1079,Schedule D Part 1 Section 2 asset-backed securities owned,243,129.84,09539#-AE-7,statutory-private-marker-cusip,11034930,11034930,11034930,11034930,,,,,,12.271,,1413480,,10/03/2019,05/23/2034,23223576,not-in-raw-parser-private-marker-or-geometry-row,,,"coordinate-owned-bond row; reconciles source-page columns but does not prove cash receipt, borrower use, liability spread, waterfall, collateral certificate, or return","use coordinate columns to replace token-only owned-bond reconciliation, then join income/proceeds and liability context"
CFKKRGACEDCOB-1080,Schedule D Part 1 Section 2 asset-backed securities owned,243,121.80,09543#-AA-9,statutory-private-marker-cusip,53001735,54905814,54647756,54903258,,(2351),2013143,,5.147,5.213,,1515247,,12/22/2025,04/16/2035,258551133,not-in-raw-parser-private-marker-or-geometry-row,,,"coordinate-owned-bond row; reconciles source-page columns but does not prove cash receipt, borrower use, liability spread, waterfall, collateral certificate, or return","use coordinate columns to replace token-only owned-bond reconciliation, then join income/proceeds and liability context"
CFKKRGACEDCOB-1081,Schedule D Part 1 Section 2 asset-backed securities owned,243,113.76,09543#-AB-7,statutory-private-marker-cusip,11944010,12582582,12351063,12582579,,,,622472,5.727,5.809,,156143,632943,12/22/2025,04/16/2035,58030484,not-in-raw-parser-private-marker-or-geometry-row,,,"coordinate-owned-bond row; reconciles source-page columns but does not prove cash receipt, borrower use, liability spread, waterfall, collateral certificate, or return","use coordinate columns to replace token-only owned-bond reconciliation, then join income/proceeds and liability context"
CFKKRGACEDCOB-1082,Schedule D Part 1 Section 2 asset-backed securities owned,243,105.72,09543#-AC-5,statutory-private-marker-cusip,10932986,11438711,11114996,11438446,,,,505724,6.227,6.317,,154340,460531,12/22/2025,04/16/2035,52003429,not-in-raw-parser-private-marker-or-geometry-row,,,"coordinate-owned-bond row; reconciles source-page columns but does not prove cash receipt, borrower use, liability spread, waterfall, collateral certificate, or return","use coordinate columns to replace token-only owned-bond reconciliation, then join income/proceeds and liability context"
CFKKRGACEDCOB-1083,Schedule D Part 1 Section 2 asset-backed securities owned,243,97.68,09543#-AD-3,statutory-private-marker-cusip,7886810,8293066,7919048,8292942,,,,410599,7.277,7.379,,130763,459971,12/22/2025,04/16/2035,30659268,not-in-raw-parser-private-marker-or-geometry-row,,,"coordinate-owned-bond row; reconciles source-page columns but does not prove cash receipt, borrower use, liability spread, waterfall, collateral certificate, or return","use coordinate columns to replace token-only owned-bond reconciliation, then join income/proceeds and liability context"
CFKKRGACEDCOB-1084,Schedule D Part 1 Section 2 asset-backed securities owned,243,89.64,09543#-AE-1,statutory-private-marker-cusip,7354094,7721130,7107300,7720938,,,,382537,9.227,9.356,,154367,548940,12/22/2025,04/16/2035,29010302,not-in-raw-parser-private-marker-or-geometry-row,,,"coordinate-owned-bond row; reconciles source-page columns but does not prove cash receipt, borrower use, liability spread, waterfall, collateral certificate, or return","use coordinate columns to replace token-only owned-bond reconciliation, then join income/proceeds and liability context"
CFKKRGACEDCOB-1085,Schedule D Part 1 Section 2 asset-backed securities owned,243,81.60,09544*-AA-2,statutory-private-marker-cusip,36434846,40010779,39794721,40010505,,,4613989,,3.126,3.727,,1356919,,12/23/2025,04/16/2035,40936531,not-in-raw-parser-private-marker-or-geometry-row,,,"coordinate-owned-bond row; reconciles source-page columns but does not prove cash receipt, borrower use, liability spread, waterfall, collateral certificate, or return","use coordinate columns to replace token-only owned-bond reconciliation, then join income/proceeds and liability context"
CFKKRGACEDCOB-1086,Schedule D Part 1 Section 2 asset-backed securities owned,243,73.56,09544*-AB-0,statutory-private-marker-cusip,8114714,8908499,8829213,8908434,,,1027458,,4.176,4.757,,80604,389605,12/23/2025,04/16/2035,41677580,not-in-raw-parser-private-marker-or-geometry-row,,,"coordinate-owned-bond row; reconciles source-page columns but does not prove cash receipt, borrower use, liability spread, waterfall, collateral certificate, or return","use coordinate columns to replace token-only owned-bond reconciliation, then join income/proceeds and liability context"
CFKKRGACEDCOB-1087,Schedule D Part 1 Section 2 asset-backed securities owned,243,65.52,09544*-AC-8,statutory-private-marker-cusip,5290104,5809891,5786651,5809796,,,,669977,5.126,5.688,,64527,307655,12/23/2025,04/16/2035,27564316,not-in-raw-parser-private-marker-or-geometry-row,,,"coordinate-owned-bond row; reconciles source-page columns but does not prove cash receipt, borrower use, liability spread, waterfall, collateral certificate, or return","use coordinate columns to replace token-only owned-bond reconciliation, then join income/proceeds and liability context"
CFKKRGACEDCOB-1088,Schedule D Part 1 Section 2 asset-backed securities owned,243,57.48,09544*-AD-6,statutory-private-marker-cusip,4056918,4454249,4382981,4454143,,,,513701,6.276,6.854,,60569,283175,12/23/2025,04/16/2035,17945200,not-in-raw-parser-private-marker-or-geometry-row,,,"coordinate-owned-bond row; reconciles source-page columns but does not prove cash receipt, borrower use, liability spread, waterfall, collateral certificate, or return","use coordinate columns to replace token-only owned-bond reconciliation, then join income/proceeds and liability context"
CFKKRGACEDCOB-1089,Schedule D Part 1 Section 2 asset-backed securities owned,244,414.12,09544*-AE-4,statutory-private-marker-cusip,4657120,5112704,4796739,5112599,,,,589664,8.526,9.151,,94447,431886,12/23/2025,04/16/2035,21982448,not-in-raw-parser-private-marker-or-geometry-row,,,"coordinate-owned-bond row; reconciles source-page columns but does not prove cash receipt, borrower use, liability spread, waterfall, collateral certificate, or return","use coordinate columns to replace token-only owned-bond reconciliation, then join income/proceeds and liability context"
CFKKRGACEDCOB-1090,Schedule D Part 1 Section 2 asset-backed securities owned,244,406.08,09545#-AA-7,statutory-private-marker-cusip,6165057,6165057,6136697,6165056,,,,,5.073,5.147,,14769,328114,12/01/2025,12/15/2034,21197175,not-in-raw-parser-private-marker-or-geometry-row,,,"coordinate-owned-bond row; reconciles source-page columns but does not prove cash receipt, borrower use, liability spread, waterfall, collateral certificate, or return","use coordinate columns to replace token-only owned-bond reconciliation, then join income/proceeds and liability context"
CFKKRGACEDCOB-1091,Schedule D Part 1 Section 2 asset-backed securities owned,244,398.04,09545#-AB-5,statutory-private-marker-cusip,1644634,1644634,1631312,1644637,,,,,5.523,5.604,,94538,,12/01/2025,12/15/2034,3779355,not-in-raw-parser-private-marker-or-geometry-row,,,"coordinate-owned-bond row; reconciles source-page columns but does not prove cash receipt, borrower use, liability spread, waterfall, collateral certificate, or return","use coordinate columns to replace token-only owned-bond reconciliation, then join income/proceeds and liability context"
CFKKRGACEDCOB-1092,Schedule D Part 1 Section 2 asset-backed securities owned,244,390.00,09545#-AC-3,statutory-private-marker-cusip,714712,714712,711067,714715,,,,,6.573,6.668,,48248,,12/01/2025,12/15/2034,1710098,not-in-raw-parser-private-marker-or-geometry-row,,,"coordinate-owned-bond row; reconciles source-page columns but does not prove cash receipt, borrower use, liability spread, waterfall, collateral certificate, or return","use coordinate columns to replace token-only owned-bond reconciliation, then join income/proceeds and liability context"
CFKKRGACEDCOB-1093,Schedule D Part 1 Section 2 asset-backed securities owned,244,381.96,09545#-AD-1,statutory-private-marker-cusip,583205,583205,570666,583207,,,,,7.323,7.429,,43527,,12/01/2025,12/15/2034,1397117,not-in-raw-parser-private-marker-or-geometry-row,,,"coordinate-owned-bond row; reconciles source-page columns but does not prove cash receipt, borrower use, liability spread, waterfall, collateral certificate, or return","use coordinate columns to replace token-only owned-bond reconciliation, then join income/proceeds and liability context"
CFKKRGACEDCOB-1094,Schedule D Part 1 Section 2 asset-backed securities owned,244,373.92,09545#-AE-9,statutory-private-marker-cusip,651817,651817,649405,651823,,,,,,11.080,,3362,70966,12/01/2025,12/15/2034,1556490,not-in-raw-parser-private-marker-or-geometry-row,,,"coordinate-owned-bond row; reconciles source-page columns but does not prove cash receipt, borrower use, liability spread, waterfall, collateral certificate, or return","use coordinate columns to replace token-only owned-bond reconciliation, then join income/proceeds and liability context"
CFKKRGACEDCOB-1095,Schedule D Part 1 Section 2 asset-backed securities owned,244,365.88,09545*-AA-1,statutory-private-marker-cusip,50138135,54611465,54322024,54609338,,,5602324,,3.126,3.752,,1655577,,10/13/2025,04/16/2035,239685557,not-in-raw-parser-private-marker-or-geometry-row,,,"coordinate-owned-bond row; reconciles source-page columns but does not prove cash receipt, borrower use, liability spread, waterfall, collateral certificate, or return","use coordinate columns to replace token-only owned-bond reconciliation, then join income/proceeds and liability context"
CFKKRGACEDCOB-1096,Schedule D Part 1 Section 2 asset-backed securities owned,244,357.84,09545*-AB-9,statutory-private-marker-cusip,11959417,13028580,12910020,13027817,,,1336437,,4.176,4.769,,117883,510172,10/13/2025,04/16/2035,43355244,not-in-raw-parser-private-marker-or-geometry-row,,,"coordinate-owned-bond row; reconciles source-page columns but does not prove cash receipt, borrower use, liability spread, waterfall, collateral certificate, or return","use coordinate columns to replace token-only owned-bond reconciliation, then join income/proceeds and liability context"
CFKKRGACEDCOB-1097,Schedule D Part 1 Section 2 asset-backed securities owned,244,349.80,09545*-AC-7,statutory-private-marker-cusip,7075665,7708577,7676971,7707945,,,,790704,5.126,5.694,,85614,366080,10/13/2025,04/16/2035,26104149,not-in-raw-parser-private-marker-or-geometry-row,,,"coordinate-owned-bond row; reconciles source-page columns but does not prove cash receipt, borrower use, liability spread, waterfall, collateral certificate, or return","use coordinate columns to replace token-only owned-bond reconciliation, then join income/proceeds and liability context"
CFKKRGACEDCOB-1098,Schedule D Part 1 Section 2 asset-backed securities owned,244,341.76,09545*-AD-5,statutory-private-marker-cusip,6229063,6785719,6675790,6785130,,,,696067,6.276,6.857,,92272,387268,10/13/2025,04/16/2035,23586043,not-in-raw-parser-private-marker-or-geometry-row,,,"coordinate-owned-bond row; reconciles source-page columns but does not prove cash receipt, borrower use, liability spread, waterfall, collateral certificate, or return","use coordinate columns to replace token-only owned-bond reconciliation, then join income/proceeds and liability context"
CFKKRGACEDCOB-1099,Schedule D Part 1 Section 2 asset-backed securities owned,244,333.72,09545*-AE-3,statutory-private-marker-cusip,6927014,7545719,7068830,7545255,,,,774061,8.526,9.152,,139392,572101,10/13/2025,04/16/2035,34970023,not-in-raw-parser-private-marker-or-geometry-row,,,"coordinate-owned-bond row; reconciles source-page columns but does not prove cash receipt, borrower use, liability spread, waterfall, collateral certificate, or return","use coordinate columns to replace token-only owned-bond reconciliation, then join income/proceeds and liability context"
CFKKRGACEDCOB-1100,Schedule D Part 1 Section 2 asset-backed securities owned,244,325.68,09545@-AA-9,statutory-private-marker-cusip,5891994,5891994,5864302,5891999,,,,,5.073,5.147,,14115,316103,12/01/2025,12/15/2034,14780048,not-in-raw-parser-private-marker-or-geometry-row,,,"coordinate-owned-bond row; reconciles source-page columns but does not prove cash receipt, borrower use, liability spread, waterfall, collateral certificate, or return","use coordinate columns to replace token-only owned-bond reconciliation, then join income/proceeds and liability context"
CFKKRGACEDCOB-1101,Schedule D Part 1 Section 2 asset-backed securities owned,244,317.64,09545@-AB-7,statutory-private-marker-cusip,1589217,1589217,1576503,1589221,,,,,5.523,5.603,,92114,,12/01/2025,12/15/2034,3788879,not-in-raw-parser-private-marker-or-geometry-row,,,"coordinate-owned-bond row; reconciles source-page columns but does not prove cash receipt, borrower use, liability spread, waterfall, collateral certificate, or return","use coordinate columns to replace token-only owned-bond reconciliation, then join income/proceeds and liability context"
CFKKRGACEDCOB-1102,Schedule D Part 1 Section 2 asset-backed securities owned,244,309.60,09545@-AC-5,statutory-private-marker-cusip,675687,675687,672241,675691,,,,,6.573,6.668,,45963,,12/01/2025,12/15/2034,1679077,not-in-raw-parser-private-marker-or-geometry-row,,,"coordinate-owned-bond row; reconciles source-page columns but does not prove cash receipt, borrower use, liability spread, waterfall, collateral certificate, or return","use coordinate columns to replace token-only owned-bond reconciliation, then join income/proceeds and liability context"
CFKKRGACEDCOB-1103,Schedule D Part 1 Section 2 asset-backed securities owned,244,301.56,09545@-AD-3,statutory-private-marker-cusip,551361,551361,539010,551363,,,,,7.323,7.429,,41468,,12/01/2025,12/15/2034,1298126,not-in-raw-parser-private-marker-or-geometry-row,,,"coordinate-owned-bond row; reconciles source-page columns but does not prove cash receipt, borrower use, liability spread, waterfall, collateral certificate, or return","use coordinate columns to replace token-only owned-bond reconciliation, then join income/proceeds and liability context"
CFKKRGACEDCOB-1104,Schedule D Part 1 Section 2 asset-backed securities owned,244,293.52,09545@-AE-1,statutory-private-marker-cusip,616227,616227,613885,616232,,,,,,11.081,,3179,67605,12/01/2025,12/15/2034,1454980,not-in-raw-parser-private-marker-or-geometry-row,,,"coordinate-owned-bond row; reconciles source-page columns but does not prove cash receipt, borrower use, liability spread, waterfall, collateral certificate, or return","use coordinate columns to replace token-only owned-bond reconciliation, then join income/proceeds and liability context"
CFKKRGACEDCOB-1105,Schedule D Part 1 Section 2 asset-backed securities owned,244,285.48,09546#-AA-6,statutory-private-marker-cusip,5781267,5781267,5754673,5781267,,,,,5.305,5.380,,66445,297428,12/01/2025,07/15/2036,9772804,not-in-raw-parser-private-marker-or-geometry-row,,,"coordinate-owned-bond row; reconciles source-page columns but does not prove cash receipt, borrower use, liability spread, waterfall, collateral certificate, or return","use coordinate columns to replace token-only owned-bond reconciliation, then join income/proceeds and liability context"
CFKKRGACEDCOB-1106,Schedule D Part 1 Section 2 asset-backed securities owned,244,277.44,09546#-AB-4,statutory-private-marker-cusip,1861959,1861959,1851159,1861959,,,,,5.805,5.887,,23417,104093,12/01/2025,07/15/2036,2884085,not-in-raw-parser-private-marker-or-geometry-row,,,"coordinate-owned-bond row; reconciles source-page columns but does not prove cash receipt, borrower use, liability spread, waterfall, collateral certificate, or return","use coordinate columns to replace token-only owned-bond reconciliation, then join income/proceeds and liability context"
CFKKRGACEDCOB-1107,Schedule D Part 1 Section 2 asset-backed securities owned,244,269.40,09546#-AC-2,statutory-private-marker-cusip,844778,844778,824249,844764,,,,,6.355,6.445,,51370,,12/01/2025,07/15/2036,1290499,not-in-raw-parser-private-marker-or-geometry-row,,,"coordinate-owned-bond row; reconciles source-page columns but does not prove cash receipt, borrower use, liability spread, waterfall, collateral certificate, or return","use coordinate columns to replace token-only owned-bond reconciliation, then join income/proceeds and liability context"
CFKKRGACEDCOB-1108,Schedule D Part 1 Section 2 asset-backed securities owned,244,261.36,09546#-AD-0,statutory-private-marker-cusip,689614,689614,661823,689614,,,,,7.455,7.560,,48699,,12/01/2025,07/15/2036,1084769,not-in-raw-parser-private-marker-or-geometry-row,,,"coordinate-owned-bond row; reconciles source-page columns but does not prove cash receipt, borrower use, liability spread, waterfall, collateral certificate, or return","use coordinate columns to replace token-only owned-bond reconciliation, then join income/proceeds and liability context"
CFKKRGACEDCOB-1109,Schedule D Part 1 Section 2 asset-backed securities owned,244,253.32,09546#-AE-8,statutory-private-marker-cusip,655134,655134,643734,655134,,,,,,10.957,,65837,,12/01/2025,07/15/2036,1134509,not-in-raw-parser-private-marker-or-geometry-row,,,"coordinate-owned-bond row; reconciles source-page columns but does not prove cash receipt, borrower use, liability spread, waterfall, collateral certificate, or return","use coordinate columns to replace token-only owned-bond reconciliation, then join income/proceeds and liability context"
CFKKRGACEDCOB-1110,Schedule D Part 1 Section 2 asset-backed securities owned,244,245.28,09546*-AA-0,statutory-private-marker-cusip,5746460,5746460,5721750,5746430,,,,,5.073,5.147,,13767,309021,10/02/2025,12/15/2034,20381517,not-in-raw-parser-private-marker-or-geometry-row,,,"coordinate-owned-bond row; reconciles source-page columns but does not prove cash receipt, borrower use, liability spread, waterfall, collateral certificate, or return","use coordinate columns to replace token-only owned-bond reconciliation, then join income/proceeds and liability context"
CFKKRGACEDCOB-1111,Schedule D Part 1 Section 2 asset-backed securities owned,244,237.24,09546*-AB-8,statutory-private-marker-cusip,1549963,1549963,1537718,1549962,,,,,5.523,5.604,,90050,,10/02/2025,12/15/2034,3342515,not-in-raw-parser-private-marker-or-geometry-row,,,"coordinate-owned-bond row; reconciles source-page columns but does not prove cash receipt, borrower use, liability spread, waterfall, collateral certificate, or return","use coordinate columns to replace token-only owned-bond reconciliation, then join income/proceeds and liability context"
CFKKRGACEDCOB-1112,Schedule D Part 1 Section 2 asset-backed securities owned,244,229.20,09546*-AC-6,statutory-private-marker-cusip,658998,658998,655703,658998,,,,,6.573,6.669,,44933,,10/02/2025,12/15/2034,1648168,not-in-raw-parser-private-marker-or-geometry-row,,,"coordinate-owned-bond row; reconciles source-page columns but does not prove cash receipt, borrower use, liability spread, waterfall, collateral certificate, or return","use coordinate columns to replace token-only owned-bond reconciliation, then join income/proceeds and liability context"
CFKKRGACEDCOB-1113,Schedule D Part 1 Section 2 asset-backed securities owned,244,221.16,09546*-AD-4,statutory-private-marker-cusip,537742,537742,526503,537745,,,,,7.323,7.429,,40539,,10/02/2025,12/15/2034,1299953,not-in-raw-parser-private-marker-or-geometry-row,,,"coordinate-owned-bond row; reconciles source-page columns but does not prove cash receipt, borrower use, liability spread, waterfall, collateral certificate, or return","use coordinate columns to replace token-only owned-bond reconciliation, then join income/proceeds and liability context"
CFKKRGACEDCOB-1114,Schedule D Part 1 Section 2 asset-backed securities owned,244,213.12,09546*-AE-2,statutory-private-marker-cusip,601006,601006,598842,601022,,,,,,11.079,,3100,66091,10/02/2025,12/15/2034,1398451,not-in-raw-parser-private-marker-or-geometry-row,,,"coordinate-owned-bond row; reconciles source-page columns but does not prove cash receipt, borrower use, liability spread, waterfall, collateral certificate, or return","use coordinate columns to replace token-only owned-bond reconciliation, then join income/proceeds and liability context"
CFKKRGACEDCOB-1115,Schedule D Part 1 Section 2 asset-backed securities owned,244,205.08,09546@-AA-8,statutory-private-marker-cusip,6412111,6412111,6383256,6412111,,,,,5.073,5.147,,15361,329707,12/15/2025,12/15/2034,14794945,not-in-raw-parser-private-marker-or-geometry-row,,,"coordinate-owned-bond row; reconciles source-page columns but does not prove cash receipt, borrower use, liability spread, waterfall, collateral certificate, or return","use coordinate columns to replace token-only owned-bond reconciliation, then join income/proceeds and liability context"
CFKKRGACEDCOB-1116,Schedule D Part 1 Section 2 asset-backed securities owned,244,197.04,09546@-AB-6,statutory-private-marker-cusip,1737323,1737323,1723425,1737331,,,,,5.523,5.603,,96558,,12/15/2025,12/15/2034,4416568,not-in-raw-parser-private-marker-or-geometry-row,,,"coordinate-owned-bond row; reconciles source-page columns but does not prove cash receipt, borrower use, liability spread, waterfall, collateral certificate, or return","use coordinate columns to replace token-only owned-bond reconciliation, then join income/proceeds and liability context"
CFKKRGACEDCOB-1117,Schedule D Part 1 Section 2 asset-backed securities owned,244,189.00,09546@-AC-4,statutory-private-marker-cusip,738658,738658,734965,738663,,,,,6.573,6.669,,2293,48181,12/15/2025,12/15/2034,1743213,not-in-raw-parser-private-marker-or-geometry-row,,,"coordinate-owned-bond row; reconciles source-page columns but does not prove cash receipt, borrower use, liability spread, waterfall, collateral certificate, or return","use coordinate columns to replace token-only owned-bond reconciliation, then join income/proceeds and liability context"
CFKKRGACEDCOB-1118,Schedule D Part 1 Section 2 asset-backed securities owned,244,180.96,09546@-AD-2,statutory-private-marker-cusip,602745,602745,590147,602748,,,,,7.323,7.429,,43470,,12/15/2025,12/15/2034,1512132,not-in-raw-parser-private-marker-or-geometry-row,,,"coordinate-owned-bond row; reconciles source-page columns but does not prove cash receipt, borrower use, liability spread, waterfall, collateral certificate, or return","use coordinate columns to replace token-only owned-bond reconciliation, then join income/proceeds and liability context"
CFKKRGACEDCOB-1119,Schedule D Part 1 Section 2 asset-backed securities owned,244,172.92,09546@-AE-0,statutory-private-marker-cusip,673656,673656,671231,673666,,,,,,11.080,,3475,70870,12/15/2025,12/15/2034,1501160,not-in-raw-parser-private-marker-or-geometry-row,,,"coordinate-owned-bond row; reconciles source-page columns but does not prove cash receipt, borrower use, liability spread, waterfall, collateral certificate, or return","use coordinate columns to replace token-only owned-bond reconciliation, then join income/proceeds and liability context"
CFKKRGACEDCOB-1120,Schedule D Part 1 Section 2 asset-backed securities owned,244,164.88,09547#-AA-5,statutory-private-marker-cusip,6058923,6058923,6030446,6058923,,,,,5.305,5.380,,69636,301075,12/01/2025,07/15/2036,10242161,not-in-raw-parser-private-marker-or-geometry-row,,,"coordinate-owned-bond row; reconciles source-page columns but does not prove cash receipt, borrower use, liability spread, waterfall, collateral certificate, or return","use coordinate columns to replace token-only owned-bond reconciliation, then join income/proceeds and liability context"
CFKKRGACEDCOB-1121,Schedule D Part 1 Section 2 asset-backed securities owned,244,156.84,09547#-AB-3,statutory-private-marker-cusip,1951383,1951383,1940260,1951381,,,,,5.805,5.887,,24542,105364,12/01/2025,07/15/2036,3022598,not-in-raw-parser-private-marker-or-geometry-row,,,"coordinate-owned-bond row; reconciles source-page columns but does not prove cash receipt, borrower use, liability spread, waterfall, collateral certificate, or return","use coordinate columns to replace token-only owned-bond reconciliation, then join income/proceeds and liability context"
CFKKRGACEDCOB-1122,Schedule D Part 1 Section 2 asset-backed securities owned,244,148.80,09547#-AC-1,statutory-private-marker-cusip,885350,885350,863747,885349,,,,,6.355,6.445,,51991,,12/01/2025,07/15/2036,1352478,not-in-raw-parser-private-marker-or-geometry-row,,,"coordinate-owned-bond row; reconciles source-page columns but does not prove cash receipt, borrower use, liability spread, waterfall, collateral certificate, or return","use coordinate columns to replace token-only owned-bond reconciliation, then join income/proceeds and liability context"
CFKKRGACEDCOB-1123,Schedule D Part 1 Section 2 asset-backed securities owned,244,140.76,09547#-AD-9,statutory-private-marker-cusip,722734,722734,693536,722734,,,,,7.455,7.560,,49289,,12/01/2025,07/15/2036,1136867,not-in-raw-parser-private-marker-or-geometry-row,,,"coordinate-owned-bond row; reconciles source-page columns but does not prove cash receipt, borrower use, liability spread, waterfall, collateral certificate, or return","use coordinate columns to replace token-only owned-bond reconciliation, then join income/proceeds and liability context"
CFKKRGACEDCOB-1124,Schedule D Part 1 Section 2 asset-backed securities owned,244,132.72,09547#-AE-7,statutory-private-marker-cusip,686598,686598,674582,686598,,,,,,10.957,,16073,66636,12/01/2025,07/15/2036,1188996,not-in-raw-parser-private-marker-or-geometry-row,,,"coordinate-owned-bond row; reconciles source-page columns but does not prove cash receipt, borrower use, liability spread, waterfall, collateral certificate, or return","use coordinate columns to replace token-only owned-bond reconciliation, then join income/proceeds and liability context"
CFKKRGACEDCOB-1125,Schedule D Part 1 Section 2 asset-backed securities owned,244,124.68,233227-A*-8,statutory-private-marker-cusip,373413,373413,372629,373413,,,,,,13.086,,42981,,12/01/2025,07/15/2036,660007,not-in-raw-parser-private-marker-or-geometry-row,,,"coordinate-owned-bond row; reconciles source-page columns but does not prove cash receipt, borrower use, liability spread, waterfall, collateral certificate, or return","use coordinate columns to replace token-only owned-bond reconciliation, then join income/proceeds and liability context"
CFKKRGACEDCOB-1126,Schedule D Part 1 Section 2 asset-backed securities owned,244,116.64,422725-A*-2,statutory-private-marker-cusip,356301,356301,355552,356301,,,,,,13.086,,42470,,12/01/2025,07/15/2036,629762,not-in-raw-parser-private-marker-or-geometry-row,,,"coordinate-owned-bond row; reconciles source-page columns but does not prove cash receipt, borrower use, liability spread, waterfall, collateral certificate, or return","use coordinate columns to replace token-only owned-bond reconciliation, then join income/proceeds and liability context"
CFKKRGACEDCOB-1127,Schedule D Part 1 Section 2 asset-backed securities owned,244,91.56,63943F-AC-8,standard-cusip-like,965855,966000,988945,967252,1397,,,,6.140,6.197,,42672,,03/20/2025,02/16/2055,970943,matched-raw-parser-row,CFKKRGACEDP-1567,2,"coordinate-owned-bond row; reconciles source-page columns but does not prove cash receipt, borrower use, liability spread, waterfall, collateral certificate, or return","use coordinate columns to replace token-only owned-bond reconciliation, then join income/proceeds and liability context"
CFKKRGACEDCOB-1128,Schedule D Part 1 Section 2 asset-backed securities owned,244,83.52,64033X-AC-8,standard-cusip-like,720981,721000,724310,721992,1011,,,,6.050,6.101,,31383,,03/14/2025,03/15/2057,150394,matched-raw-parser-row,CFKKRGACEDP-1568,2,"coordinate-owned-bond row; reconciles source-page columns but does not prove cash receipt, borrower use, liability spread, waterfall, collateral certificate, or return","use coordinate columns to replace token-only owned-bond reconciliation, then join income/proceeds and liability context"
CFKKRGACEDCOB-1129,Schedule D Part 1 Section 2 asset-backed securities owned,244,75.48,28000X-AA-6,standard-cusip-like,178735,187833,181709,180554,1818,,,,4.250,6.476,,,5987,04/15/2025,03/25/2052,179872,matched-raw-parser-row,CFKKRGACEDP-1844,4,"coordinate-owned-bond row; reconciles source-page columns but does not prove cash receipt, borrower use, liability spread, waterfall, collateral certificate, or return","use coordinate columns to replace token-only owned-bond reconciliation, then join income/proceeds and liability context"
CFKKRGACEDCOB-1130,Schedule D Part 1 Section 2 asset-backed securities owned,245,389.04,141933-A#-8,statutory-private-marker-cusip,907581,907581,907581,907582,,,,,8.000,8.000,,64923,,12/02/2025,12/15/2054,3450826,not-in-raw-parser-private-marker-or-geometry-row,,,"coordinate-owned-bond row; reconciles source-page columns but does not prove cash receipt, borrower use, liability spread, waterfall, collateral certificate, or return","use coordinate columns to replace token-only owned-bond reconciliation, then join income/proceeds and liability context"
CFKKRGACEDCOB-1131,Schedule D Part 1 Section 2 asset-backed securities owned,245,381.00,141933-A*-2,statutory-private-marker-cusip,7562077,7562077,7562077,7562079,,,,,5.000,5.000,,16805,337487,12/02/2025,12/15/2054,24949602,not-in-raw-parser-private-marker-or-geometry-row,,,"coordinate-owned-bond row; reconciles source-page columns but does not prove cash receipt, borrower use, liability spread, waterfall, collateral certificate, or return","use coordinate columns to replace token-only owned-bond reconciliation, then join income/proceeds and liability context"
CFKKRGACEDCOB-1132,Schedule D Part 1 Section 2 asset-backed securities owned,245,372.96,141933-A@-0,statutory-private-marker-cusip,1474820,1474820,1474820,1474821,,,,,6.800,6.800,,89675,,12/02/2025,12/15/2054,5358774,not-in-raw-parser-private-marker-or-geometry-row,,,"coordinate-owned-bond row; reconciles source-page columns but does not prove cash receipt, borrower use, liability spread, waterfall, collateral certificate, or return","use coordinate columns to replace token-only owned-bond reconciliation, then join income/proceeds and liability context"
CFKKRGACEDCOB-1133,Schedule D Part 1 Section 2 asset-backed securities owned,245,364.92,141933-B*-1,statutory-private-marker-cusip,482153,482153,482153,482153,,,,,9.500,9.500,,40957,,12/02/2025,12/15/2054,1497486,not-in-raw-parser-private-marker-or-geometry-row,,,"coordinate-owned-bond row; reconciles source-page columns but does not prove cash receipt, borrower use, liability spread, waterfall, collateral certificate, or return","use coordinate columns to replace token-only owned-bond reconciliation, then join income/proceeds and liability context"
CFKKRGACEDCOB-1134,Schedule D Part 1 Section 2 asset-backed securities owned,245,356.88,141933-B@-9,statutory-private-marker-cusip,198533,198533,198533,198534,,,,,,11.000,,19528,,12/02/2025,12/15/2054,872968,not-in-raw-parser-private-marker-or-geometry-row,,,"coordinate-owned-bond row; reconciles source-page columns but does not prove cash receipt, borrower use, liability spread, waterfall, collateral certificate, or return","use coordinate columns to replace token-only owned-bond reconciliation, then join income/proceeds and liability context"
CFKKRGACEDCOB-1135,Schedule D Part 1 Section 2 asset-backed securities owned,245,348.84,78166A-AA-1,standard-cusip-like,5601559,5601559,5601559,5601559,,,,,6.250,6.340,,5835,126424,08/19/2025,01/25/2060,15576418,matched-raw-parser-row,CFKKRGACEDP-1846,5,"coordinate-owned-bond row; reconciles source-page columns but does not prove cash receipt, borrower use, liability spread, waterfall, collateral certificate, or return","use coordinate columns to replace token-only owned-bond reconciliation, then join income/proceeds and liability context"
CFKKRGACEDCOB-1136,Schedule D Part 1 Section 2 asset-backed securities owned,245,340.80,78166A-AB-9,standard-cusip-like,361489,361489,361489,361489,,,,,7.650,7.761,,,9986,08/19/2025,01/25/2060,1034862,matched-raw-parser-row,CFKKRGACEDP-1571,2,"coordinate-owned-bond row; reconciles source-page columns but does not prove cash receipt, borrower use, liability spread, waterfall, collateral certificate, or return","use coordinate columns to replace token-only owned-bond reconciliation, then join income/proceeds and liability context"
CFKKRGACEDCOB-1137,Schedule D Part 1 Section 2 asset-backed securities owned,245,332.76,78166A-AC-7,standard-cusip-like,243972,243972,243972,243972,,,,,,10.652,,,9251,08/19/2025,01/25/2060,885181,matched-raw-parser-row,CFKKRGACEDP-1572,4,"coordinate-owned-bond row; reconciles source-page columns but does not prove cash receipt, borrower use, liability spread, waterfall, collateral certificate, or return","use coordinate columns to replace token-only owned-bond reconciliation, then join income/proceeds and liability context"
CFKKRGACEDCOB-1138,Schedule D Part 1 Section 2 asset-backed securities owned,245,283.08,40446A-AA-3,standard-cusip-like,161343,164528,164741,161622,,,,,6.500,7.118,,,8503,03/11/2025,11/25/2042,,matched-raw-parser-row,CFKKRGACEDP-1845,44,"coordinate-owned-bond row; reconciles source-page columns but does not prove cash receipt, borrower use, liability spread, waterfall, collateral certificate, or return","use coordinate columns to replace token-only owned-bond reconciliation, then join income/proceeds and liability context"
CFKKRGACEDCOB-1139,Schedule D Part 1 Section 2 asset-backed securities owned,245,233.40,86744Y-AA-3,standard-cusip-like,317573,345657,326751,317445,,,,,5.650,7.463,,14647,,03/18/2025,01/30/2059,292024,matched-raw-parser-row,CFKKRGACEDP-1848,4,"coordinate-owned-bond row; reconciles source-page columns but does not prove cash receipt, borrower use, liability spread, waterfall, collateral certificate, or return","use coordinate columns to replace token-only owned-bond reconciliation, then join income/proceeds and liability context"
CFKKRGACEDCOB-1140,Schedule D Part 1 Section 2 asset-backed securities owned,245,225.36,86744Y-AB-1,standard-cusip-like,372439,423677,388624,372602,,,,,7.000,9.873,,22243,,03/18/2025,01/30/2059,357718,matched-raw-parser-row,CFKKRGACEDP-1849,4,"coordinate-owned-bond row; reconciles source-page columns but does not prove cash receipt, borrower use, liability spread, waterfall, collateral certificate, or return","use coordinate columns to replace token-only owned-bond reconciliation, then join income/proceeds and liability context"
CFKKRGACEDCOB-1141,Schedule D Part 1 Section 2 asset-backed securities owned,245,217.32,86745N-AA-6,standard-cusip-like,69899,81575,73485,71333,,1434,,,3.350,7.226,,,2050,04/09/2025,02/01/2055,70234,matched-raw-parser-row,CFKKRGACEDP-1850,4,"coordinate-owned-bond row; reconciles source-page columns but does not prove cash receipt, borrower use, liability spread, waterfall, collateral certificate, or return","use coordinate columns to replace token-only owned-bond reconciliation, then join income/proceeds and liability context"
CFKKRGACEDCOB-1142,Schedule D Part 1 Section 2 asset-backed securities owned,245,209.28,86745Q-AA-9,standard-cusip-like,37356,45643,39049,38027,,,,,2.580,7.035,,,,04/02/2025,04/28/2056,32018,matched-raw-parser-row,CFKKRGACEDP-1851,4,"coordinate-owned-bond row; reconciles source-page columns but does not prove cash receipt, borrower use, liability spread, waterfall, collateral certificate, or return","use coordinate columns to replace token-only owned-bond reconciliation, then join income/proceeds and liability context"
CFKKRGACEDCOB-1143,Schedule D Part 1 Section 2 asset-backed securities owned,245,201.24,86745X-AA-4,standard-cusip-like,50483,52450,51262,52450,1967,,,,5.400,5.436,,,2124,04/03/2025,04/30/2058,49260,matched-raw-parser-row,CFKKRGACEDP-1852,4,"coordinate-owned-bond row; reconciles source-page columns but does not prove cash receipt, borrower use, liability spread, waterfall, collateral certificate, or return","use coordinate columns to replace token-only owned-bond reconciliation, then join income/proceeds and liability context"
CFKKRGACEDCOB-1144,Schedule D Part 1 Section 2 asset-backed securities owned,245,193.20,86746C-AA-9,standard-cusip-like,150512,174128,155043,151683,1171,,,,2.980,5.716,,,4324,03/18/2025,06/20/2047,,matched-raw-parser-row,CFKKRGACEDP-1853,6,"coordinate-owned-bond row; reconciles source-page columns but does not prove cash receipt, borrower use, liability spread, waterfall, collateral certificate, or return","use coordinate columns to replace token-only owned-bond reconciliation, then join income/proceeds and liability context"
CFKKRGACEDCOB-1145,Schedule D Part 1 Section 2 asset-backed securities owned,245,185.16,86746E-AA-5,standard-cusip-like,654437,836968,662469,660411,,5974,,,1.800,5.721,,12555,,03/18/2025,02/20/2048,1226,matched-raw-parser-row,CFKKRGACEDP-1854,6,"coordinate-owned-bond row; reconciles source-page columns but does not prove cash receipt, borrower use, liability spread, waterfall, collateral certificate, or return","use coordinate columns to replace token-only owned-bond reconciliation, then join income/proceeds and liability context"
CFKKRGACEDCOB-1146,Schedule D Part 1 Section 2 asset-backed securities owned,245,177.12,86774A-AA-8,standard-cusip-like,11370456,11458110,11639149,11342416,,(26271),,,6.170,6.418,,129610,416324,03/28/2025,04/01/2060,10181196,matched-raw-parser-row,CFKKRGACEDP-1855,12,"coordinate-owned-bond row; reconciles source-page columns but does not prove cash receipt, borrower use, liability spread, waterfall, collateral certificate, or return","use coordinate columns to replace token-only owned-bond reconciliation, then join income/proceeds and liability context"
CFKKRGACEDCOB-1147,Schedule D Part 1 Section 2 asset-backed securities owned,245,144.00,047698-AB-1,standard-cusip-like,15547224,15547223,13337963,15547217,,,,,6.250,6.250,,13496,971701,06/12/2024,10/25/2057,,matched-raw-parser-row,CFKKRGACEDP-1080,6,"coordinate-owned-bond row; reconciles source-page columns but does not prove cash receipt, borrower use, liability spread, waterfall, collateral certificate, or return","use coordinate columns to replace token-only owned-bond reconciliation, then join income/proceeds and liability context"
CFKKRGACEDCOB-1148,Schedule D Part 1 Section 2 asset-backed securities owned,245,135.96,047698-AC-9,standard-cusip-like,12919523,12919523,11163760,12919523,,,,,7.050,7.050,,12650,848268,06/12/2024,10/25/2057,28550316,matched-raw-parser-row,CFKKRGACEDP-1081,7,"coordinate-owned-bond row; reconciles source-page columns but does not prove cash receipt, borrower use, liability spread, waterfall, collateral certificate, or return","use coordinate columns to replace token-only owned-bond reconciliation, then join income/proceeds and liability context"
CFKKRGACEDCOB-1149,Schedule D Part 1 Section 2 asset-backed securities owned,245,127.92,047698-AD-7,standard-cusip-like,94438995,94438995,87422178,94438995,,,,,4.000,4.000,,4114103,,12/02/2024,10/25/2057,94753792,matched-raw-parser-row,CFKKRGACEDP-1856,47,"coordinate-owned-bond row; reconciles source-page columns but does not prove cash receipt, borrower use, liability spread, waterfall, collateral certificate, or return","use coordinate columns to replace token-only owned-bond reconciliation, then join income/proceeds and liability context"
CFKKRGACEDCOB-1150,Schedule D Part 1 Section 2 asset-backed securities owned,245,119.88,26362#-AA-1,statutory-private-marker-cusip,10271213,10271213,10271213,10271213,,,,,6.000,6.079,,29102,988654,09/01/2022,11/30/2067,10271213,not-in-raw-parser-private-marker-or-geometry-row,,,"coordinate-owned-bond row; reconciles source-page columns but does not prove cash receipt, borrower use, liability spread, waterfall, collateral certificate, or return","use coordinate columns to replace token-only owned-bond reconciliation, then join income/proceeds and liability context"
CFKKRGACEDCOB-1151,Schedule D Part 1 Section 2 asset-backed securities owned,245,111.84,26362#-AB-9,statutory-private-marker-cusip,7593649,7593649,7593649,7593649,,,,,6.000,6.079,,21515,730925,09/01/2022,11/30/2067,7593649,not-in-raw-parser-private-marker-or-geometry-row,,,"coordinate-owned-bond row; reconciles source-page columns but does not prove cash receipt, borrower use, liability spread, waterfall, collateral certificate, or return","use coordinate columns to replace token-only owned-bond reconciliation, then join income/proceeds and liability context"
CFKKRGACEDCOB-1152,Schedule D Part 1 Section 2 asset-backed securities owned,245,103.80,26362*-AA-5,statutory-private-marker-cusip,12886487,12886487,12127473,12886487,,,,,2.750,1.757,,16735,353394,03/24/2021,09/15/2033,56933,not-in-raw-parser-private-marker-or-geometry-row,,,"coordinate-owned-bond row; reconciles source-page columns but does not prove cash receipt, borrower use, liability spread, waterfall, collateral certificate, or return","use coordinate columns to replace token-only owned-bond reconciliation, then join income/proceeds and liability context"
CFKKRGACEDCOB-1153,Schedule D Part 1 Section 2 asset-backed securities owned,245,95.76,26362*-AB-3,statutory-private-marker-cusip,2416216,2416216,2256021,2416216,,,,,3.313,3.780,,79815,,03/24/2021,09/15/2033,,not-in-raw-parser-private-marker-or-geometry-row,,,"coordinate-owned-bond row; reconciles source-page columns but does not prove cash receipt, borrower use, liability spread, waterfall, collateral certificate, or return","use coordinate columns to replace token-only owned-bond reconciliation, then join income/proceeds and liability context"
CFKKRGACEDCOB-1154,Schedule D Part 1 Section 2 asset-backed securities owned,245,87.72,26363*-AA-4,statutory-private-marker-cusip,31683331,31683331,27212813,31683331,,,,,2.500,2.536,,99376,745864,10/15/2024,11/17/2052,110290995,not-in-raw-parser-private-marker-or-geometry-row,,,"coordinate-owned-bond row; reconciles source-page columns but does not prove cash receipt, borrower use, liability spread, waterfall, collateral certificate, or return","use coordinate columns to replace token-only owned-bond reconciliation, then join income/proceeds and liability context"
CFKKRGACEDCOB-1155,Schedule D Part 1 Section 2 asset-backed securities owned,245,79.68,45033@-AA-2,statutory-private-marker-cusip,18322566,18322566,17723418,18322566,,,,,4.850,4.850,,12342,888997,12/18/2023,12/25/2055,34834073,not-in-raw-parser-private-marker-or-geometry-row,,,"coordinate-owned-bond row; reconciles source-page columns but does not prove cash receipt, borrower use, liability spread, waterfall, collateral certificate, or return","use coordinate columns to replace token-only owned-bond reconciliation, then join income/proceeds and liability context"
CFKKRGACEDCOB-1156,Schedule D Part 1 Section 2 asset-backed securities owned,245,71.64,45033@-AB-0,statutory-private-marker-cusip,5469106,5469106,4729683,5469106,,,,,7.100,7.100,,5393,388307,12/18/2023,12/25/2055,8737353,not-in-raw-parser-private-marker-or-geometry-row,,,"coordinate-owned-bond row; reconciles source-page columns but does not prove cash receipt, borrower use, liability spread, waterfall, collateral certificate, or return","use coordinate columns to replace token-only owned-bond reconciliation, then join income/proceeds and liability context"
CFKKRGACEDCOB-1157,Schedule D Part 1 Section 2 asset-backed securities owned,245,63.60,45033@-AC-8,statutory-private-marker-cusip,1367478,1367478,1220474,1367478,,,,,7.900,7.900,,1500,108031,12/18/2023,12/25/2055,1970650,not-in-raw-parser-private-marker-or-geometry-row,,,"coordinate-owned-bond row; reconciles source-page columns but does not prove cash receipt, borrower use, liability spread, waterfall, collateral certificate, or return","use coordinate columns to replace token-only owned-bond reconciliation, then join income/proceeds and liability context"
CFKKRGACEDCOB-1158,Schedule D Part 1 Section 2 asset-backed securities owned,246,414.12,45675#-AA-3,statutory-private-marker-cusip,53763837,53763837,45204634,53763837,,,,,2.250,2.250,,1209686,,12/29/2021,01/25/2057,82796309,not-in-raw-parser-private-marker-or-geometry-row,,,"coordinate-owned-bond row; reconciles source-page columns but does not prove cash receipt, borrower use, liability spread, waterfall, collateral certificate, or return","use coordinate columns to replace token-only owned-bond reconciliation, then join income/proceeds and liability context"
CFKKRGACEDCOB-1159,Schedule D Part 1 Section 2 asset-backed securities owned,246,406.08,45675#-AB-1,statutory-private-marker-cusip,11686762,11686762,8871421,11686762,,,,,5.250,5.250,,8522,613555,12/29/2021,01/25/2057,21861549,not-in-raw-parser-private-marker-or-geometry-row,,,"coordinate-owned-bond row; reconciles source-page columns but does not prove cash receipt, borrower use, liability spread, waterfall, collateral certificate, or return","use coordinate columns to replace token-only owned-bond reconciliation, then join income/proceeds and liability context"
CFKKRGACEDCOB-1160,Schedule D Part 1 Section 2 asset-backed securities owned,246,398.04,45675#-AC-9,statutory-private-marker-cusip,3048600,3048600,2527899,3048600,,,,,6.750,6.750,,2858,205780,12/29/2021,01/25/2057,6151884,not-in-raw-parser-private-marker-or-geometry-row,,,"coordinate-owned-bond row; reconciles source-page columns but does not prove cash receipt, borrower use, liability spread, waterfall, collateral certificate, or return","use coordinate columns to replace token-only owned-bond reconciliation, then join income/proceeds and liability context"
CFKKRGACEDCOB-1161,Schedule D Part 1 Section 2 asset-backed securities owned,246,390.00,456949-AB-2,standard-cusip-like,24915792,24915792,23829463,24915792,,,,,7.100,7.100,,1769021,,06/12/2024,04/25/2055,47913068,matched-raw-parser-row,CFKKRGACEDP-1083,7,"coordinate-owned-bond row; reconciles source-page columns but does not prove cash receipt, borrower use, liability spread, waterfall, collateral certificate, or return","use coordinate columns to replace token-only owned-bond reconciliation, then join income/proceeds and liability context"
CFKKRGACEDCOB-1162,Schedule D Part 1 Section 2 asset-backed securities owned,246,381.96,456949-AC-0,standard-cusip-like,5535497,5535497,5290828,5535497,,,,,7.900,7.900,,6074,436232,06/12/2024,04/25/2055,10309402,matched-raw-parser-row,CFKKRGACEDP-1084,7,"coordinate-owned-bond row; reconciles source-page columns but does not prove cash receipt, borrower use, liability spread, waterfall, collateral certificate, or return","use coordinate columns to replace token-only owned-bond reconciliation, then join income/proceeds and liability context"
CFKKRGACEDCOB-1163,Schedule D Part 1 Section 2 asset-backed securities owned,246,373.92,456949-AD-8,standard-cusip-like,87333369,87333369,87333369,87333391,,,,,4.850,4.850,,4244887,,06/12/2024,04/25/2055,,matched-raw-parser-row,CFKKRGACEDP-1857,56,"coordinate-owned-bond row; reconciles source-page columns but does not prove cash receipt, borrower use, liability spread, waterfall, collateral certificate, or return","use coordinate columns to replace token-only owned-bond reconciliation, then join income/proceeds and liability context"
CFKKRGACEDCOB-1164,Schedule D Part 1 Section 2 asset-backed securities owned,246,324.24,53701#-AA-5,statutory-private-marker-cusip,1860190,1900000,1915770,1864878,4688,,,,6.000,6.541,,54783,,04/28/2025,04/20/2065,1928500,not-in-raw-parser-private-marker-or-geometry-row,,,"coordinate-owned-bond row; reconciles source-page columns but does not prove cash receipt, borrower use, liability spread, waterfall, collateral certificate, or return","use coordinate columns to replace token-only owned-bond reconciliation, then join income/proceeds and liability context"
CFKKRGACEDCOB-1165,Schedule D Part 1 Section 2 asset-backed securities owned,246,291.12,552339-AA-1,standard-cusip-like,180603,184967,187357,180714,,,,,5.760,6.487,,,8035,04/08/2025,12/20/2064,192406,matched-raw-parser-row,CFKKRGACEDP-1847,10,"coordinate-owned-bond row; reconciles source-page columns but does not prove cash receipt, borrower use, liability spread, waterfall, collateral certificate, or return","use coordinate columns to replace token-only owned-bond reconciliation, then join income/proceeds and liability context"
