claim_id,claim_text,company,cluster,capital_source,routing_platform,funding_instrument,real_economy_destination,operating_beneficiary,bottleneck,proof_metric_needed,disproof_metric_needed,source_target,source_file,period,metric_name,metric_value,units,interpretation,confidence,status
CF-001,"The next investment cycle is a capital-routing cycle, not just AI, private credit, or infrastructure in isolation.",BlackRock,capital platforms,"ETF buyers; institutions; wealth platforms; outsourced portfolio clients; private-market allocators",BlackRock,"ETFs; model portfolios; technology workflow; private markets","public-market exposure; whole-portfolio implementation; private-credit access","capital owners; portfolio infrastructure clients","fee pressure; market decline; political scrutiny","AUM; net inflows; technology revenue","flow slowdown; technology adoption stalls","BlackRock 10-K; quarterly supplement; investor presentation","analysis/company-first-principles/financial/asset-management/blackrock-inc/company-analysis.md",FY2025,AUM,14.0,T USD,"BlackRock scale supports the claim that capital owners consolidate implementation with trusted platforms.",medium,analysis-derived-needs-primary-source
CF-001,"The next investment cycle is a capital-routing cycle, not just AI, private credit, or infrastructure in isolation.",BlackRock,capital platforms,"ETF buyers; institutions; wealth platforms; outsourced portfolio clients; private-market allocators",BlackRock,"ETFs; model portfolios; technology workflow; private markets","public-market exposure; whole-portfolio implementation; private-credit access","capital owners; portfolio infrastructure clients","fee pressure; market decline; political scrutiny","AUM; net inflows; technology revenue","flow slowdown; technology adoption stalls","BlackRock 10-K; quarterly supplement; investor presentation","analysis/company-first-principles/financial/asset-management/blackrock-inc/company-analysis.md",FY2025,net inflows,698,B USD,"Record net inflows indicate the platform is still gathering large capital flows.",medium,analysis-derived-needs-primary-source
CF-001,"The next investment cycle is a capital-routing cycle, not just AI, private credit, or infrastructure in isolation.",BlackRock,capital platforms,"ETF buyers; institutions; wealth platforms; outsourced portfolio clients; private-market allocators",BlackRock,"technology services; subscription workflow","portfolio analytics; data; Aladdin-style workflow","capital owners; portfolio operating teams","technology adoption stalls; integration risk","technology services and subscription revenue","workflow revenue stagnation","BlackRock 10-K; quarterly supplement","analysis/company-first-principles/financial/asset-management/blackrock-inc/company-analysis.md",FY2025,technology services and subscription revenue,1.981,B USD,"Technology revenue supports the claim that BlackRock is portfolio infrastructure, not only fund management.",medium,analysis-derived-needs-primary-source
CF-001,"The next investment cycle is a capital-routing cycle, not just AI, private credit, or infrastructure in isolation.",BlackRock,capital platforms,"ETF buyers; institutions; wealth platforms; outsourced portfolio clients; private-market allocators",BlackRock,"ETFs; models; private markets; portfolio outsourcing","public and private-market implementation","capital owners; portfolio infrastructure clients","fee pressure; market decline; political scrutiny","AUM; net inflows","flow slowdown","BlackRock Q2 2026 supplement; earnings release","analysis/company-first-principles/financial/asset-management/blackrock-inc/company-analysis.md",Q2 2026,AUM,15.3,T USD,"Q2 2026 AUM shows continued scale after FY2025.",medium,analysis-derived-needs-primary-source
CF-001,"The next investment cycle is a capital-routing cycle, not just AI, private credit, or infrastructure in isolation.",BlackRock,capital platforms,"ETF buyers; institutions; wealth platforms; outsourced portfolio clients; private-market allocators",BlackRock,"ETFs; models; private markets; portfolio outsourcing","public and private-market implementation","capital owners; portfolio infrastructure clients","fee pressure; market decline; political scrutiny","first-half net inflows","flow slowdown","BlackRock Q2 2026 supplement; earnings release","analysis/company-first-principles/financial/asset-management/blackrock-inc/company-analysis.md",H1 2026,net inflows,321,B USD,"Record first-half net inflows support continued flow control.",medium,analysis-derived-needs-primary-source
CF-002,"Giant platforms are converting retirement, insurance, institutional, sovereign, ETF, and wealth money into private credit, infrastructure, power, data centers, real assets, private-company financing, secondaries, and wealth alternatives.",Blackstone,capital platforms,"pensions; sovereigns; insurers; endowments; wealth clients; perpetual funds",Blackstone,"private equity; private credit; real estate; infrastructure; wealth alternatives","real estate; data centers; power infrastructure; private companies; private credit","private-market asset owners; infrastructure operators","real estate stress; weak exits; redemption pressure; credit losses","AUM; fee-earning AUM; perpetual capital AUM","fundraising slowdown; perpetual capital pressure","Blackstone 10-K; quarterly supplement","analysis/company-first-principles/financial/asset-management/blackstone-inc/company-analysis.md",FY2025,AUM,1.27,T USD,"Massive AUM supports Blackstone's role as private-markets capital formation infrastructure.",medium,analysis-derived-needs-primary-source
CF-002,"Giant platforms are converting retirement, insurance, institutional, sovereign, ETF, and wealth money into private credit, infrastructure, power, data centers, real assets, private-company financing, secondaries, and wealth alternatives.",Blackstone,capital platforms,"pensions; sovereigns; insurers; endowments; wealth clients; perpetual funds",Blackstone,"private equity; private credit; real estate; infrastructure; wealth alternatives","real estate; data centers; power infrastructure; private companies; private credit","private-market asset owners; infrastructure operators","real estate stress; weak exits; redemption pressure; credit losses","fee-earning AUM; perpetual capital AUM","fundraising slowdown; perpetual capital pressure","Blackstone 10-K; quarterly supplement","analysis/company-first-principles/financial/asset-management/blackstone-inc/company-analysis.md",FY2025,fee-earning AUM,921.7,B USD,"Fee-earning AUM supports recurring private-market platform economics.",medium,analysis-derived-needs-primary-source
CF-002,"Giant platforms are converting retirement, insurance, institutional, sovereign, ETF, and wealth money into private credit, infrastructure, power, data centers, real assets, private-company financing, secondaries, and wealth alternatives.",Blackstone,capital platforms,"pensions; sovereigns; insurers; endowments; wealth clients; perpetual funds",Blackstone,"perpetual capital; private-market vehicles","long-duration private assets","private-market asset owners; infrastructure operators","redemption pressure; valuation pressure","perpetual capital AUM","perpetual product pressure; redemptions","Blackstone 10-K; quarterly supplement","analysis/company-first-principles/financial/asset-management/blackstone-inc/company-analysis.md",FY2025,perpetual capital AUM,523.6,B USD,"Perpetual capital supports the claim that private-market funding is becoming longer duration.",medium,analysis-derived-needs-primary-source
CF-002,"Giant platforms are converting retirement, insurance, institutional, sovereign, ETF, and wealth money into private credit, infrastructure, power, data centers, real assets, private-company financing, secondaries, and wealth alternatives.",Blackstone,capital platforms,"pensions; sovereigns; insurers; endowments; wealth clients; perpetual funds",Blackstone,"private equity; private credit; real estate; infrastructure","private assets; credit; real assets","private companies; infrastructure operators","weak exits; deployment discipline","inflows; deployment; realizations","falling inflows; weak realizations","Blackstone 10-K; quarterly supplement","analysis/company-first-principles/financial/asset-management/blackstone-inc/company-analysis.md",FY2025,inflows,239.4,B USD,"Large inflows show continued capital formation.",medium,analysis-derived-needs-primary-source
CF-002,"Giant platforms are converting retirement, insurance, institutional, sovereign, ETF, and wealth money into private credit, infrastructure, power, data centers, real assets, private-company financing, secondaries, and wealth alternatives.",Blackstone,capital platforms,"pensions; sovereigns; insurers; endowments; wealth clients; perpetual funds",Blackstone,"private equity; private credit; real estate; infrastructure","private assets; credit; real assets","private companies; infrastructure operators","weak exits; deployment discipline","deployment; realizations","weak deployment; impaired exits","Blackstone 10-K; quarterly supplement","analysis/company-first-principles/financial/asset-management/blackstone-inc/company-analysis.md",FY2025,deployment,138.2,B USD,"Deployment shows raised capital moving into assets rather than only sitting as AUM.",medium,analysis-derived-needs-primary-source
CF-002,"Giant platforms are converting retirement, insurance, institutional, sovereign, ETF, and wealth money into private credit, infrastructure, power, data centers, real assets, private-company financing, secondaries, and wealth alternatives.",Blackstone,capital platforms,"pensions; sovereigns; insurers; endowments; wealth clients; perpetual funds",Blackstone,"private equity; private credit; real estate; infrastructure","private assets; credit; real assets","private companies; infrastructure operators","weak exits; valuation pressure","realizations","weak realizations; valuation marks","Blackstone 10-K; quarterly supplement","analysis/company-first-principles/financial/asset-management/blackstone-inc/company-analysis.md",FY2025,realizations,125.6,B USD,"Realizations support the claim that private markets are a capital circulation system.",medium,analysis-derived-needs-primary-source
CF-004,"Insurance and retirement liabilities are being converted into private-credit origination power.",Apollo,capital platforms,"retirement savers; insurance liabilities; Athene-related assets; institutions; credit allocators",Apollo,"private credit; asset-backed finance; investment-grade origination; retirement-yield assets","borrowers needing nonbank capital; insurance portfolios","private borrowers; retirement-yield asset pools","credit quality; spread compression; insurance regulation; liquidity mismatch","originations; inflows; fee-generating AUM; SRE","credit losses; lower originations; spread compression","Apollo 10-K; quarterly supplement; Athene disclosures","analysis/company-first-principles/financial/asset-management/apollo-global-management-inc/company-analysis.md",FY2025,originations,300,B USD,"Origination above $300B is direct support for credit manufacturing scale.",medium,analysis-derived-needs-primary-source
CF-004,"Insurance and retirement liabilities are being converted into private-credit origination power.",Apollo,capital platforms,"retirement savers; insurance liabilities; Athene-related assets; institutions; credit allocators",Apollo,"private credit; asset-backed finance; investment-grade origination; retirement-yield assets","borrowers needing nonbank capital; insurance portfolios","private borrowers; retirement-yield asset pools","credit quality; spread compression; insurance regulation; liquidity mismatch","inflows","lower inflows; funding pressure","Apollo 10-K; quarterly supplement; Athene disclosures","analysis/company-first-principles/financial/asset-management/apollo-global-management-inc/company-analysis.md",FY2025,inflows,225,B USD,"Large inflows show demand for Apollo's credit and retirement platform.",medium,analysis-derived-needs-primary-source
CF-004,"Insurance and retirement liabilities are being converted into private-credit origination power.",Apollo,capital platforms,"retirement savers; insurance liabilities; Athene-related assets; institutions; credit allocators",Apollo,"management fees; spread earnings","private credit; retirement-yield assets","retirement savers; insurance balance sheets","spread compression; credit impairment","FRE; SRE; adjusted net income","spread compression; credit losses","Apollo 10-K; quarterly supplement","analysis/company-first-principles/financial/asset-management/apollo-global-management-inc/company-analysis.md",FY2025,spread-related earnings,3.4,B USD,"SRE supports the thesis that Apollo is both fee manager and liability-backed spread engine.",medium,analysis-derived-needs-primary-source
CF-004,"Insurance and retirement liabilities are being converted into private-credit origination power.",Apollo,capital platforms,"retirement savers; insurance liabilities; Athene-related assets; institutions; credit allocators",Apollo,"private credit; retirement services","private credit; retirement-yield assets","retirement savers; insurance balance sheets","spread compression; credit impairment","AUM; fee-generating AUM","AUM decline; FGAUM decline","Apollo Q2 2026 supplement; earnings release","analysis/company-first-principles/financial/asset-management/apollo-global-management-inc/company-analysis.md",Q2 2026,AUM,1.05,T USD,"Trillion-dollar AUM supports Apollo's scale in the retirement/private-credit channel.",medium,analysis-derived-needs-primary-source
CF-004,"Insurance and retirement liabilities are being converted into private-credit origination power.",Apollo,capital platforms,"retirement savers; insurance liabilities; Athene-related assets; institutions; credit allocators",Apollo,"private credit; retirement services","private credit; retirement-yield assets","retirement savers; insurance balance sheets","spread compression; credit impairment","fee-generating AUM","FGAUM decline","Apollo Q2 2026 supplement; earnings release","analysis/company-first-principles/financial/asset-management/apollo-global-management-inc/company-analysis.md",Q2 2026,fee-generating AUM,858,B USD,"Fee-generating AUM indicates monetizable capital base.",medium,analysis-derived-needs-primary-source
CF-005,"Private credit is replacing part of bank lending.",Ares,capital platforms,"institutions; credit allocators; private-wealth channels; insurers",Ares,"direct lending; private credit; real estate; infrastructure; secondaries","middle-market and private borrowers; real estate; infrastructure","private borrowers; sponsor-backed companies","crowded spreads; credit losses; unattractive deployment","AUM; FPAUM; available capital; fundraising; deployment","non-accruals; fundraising slowdown; spread compression","Ares 10-K; quarterly supplement; credit disclosures","analysis/company-first-principles/financial/asset-management/ares-management-corporation/company-analysis.md",FY2025,AUM,622.5,B USD,"AUM scale supports Ares as a major nonbank credit and alternatives platform.",medium,analysis-derived-needs-primary-source
CF-005,"Private credit is replacing part of bank lending.",Ares,capital platforms,"institutions; credit allocators; private-wealth channels; insurers",Ares,"direct lending; private credit; alternatives","middle-market and private borrowers; real estate; infrastructure","private borrowers; sponsor-backed companies","crowded spreads; credit losses; unattractive deployment","FPAUM","FPAUM decline","Ares 10-K; quarterly supplement","analysis/company-first-principles/financial/asset-management/ares-management-corporation/company-analysis.md",FY2025,FPAUM,384.9,B USD,"Fee-paying AUM supports recurring private-credit fee engine claim.",medium,analysis-derived-needs-primary-source
CF-005,"Private credit is replacing part of bank lending.",Ares,capital platforms,"institutions; credit allocators; private-wealth channels; insurers",Ares,"direct lending; private credit; alternatives","middle-market and private borrowers; real estate; infrastructure","private borrowers; sponsor-backed companies","crowded spreads; credit losses; unattractive deployment","available capital; dry powder","unattractive deployment; lower available capital","Ares 10-K; quarterly supplement","analysis/company-first-principles/financial/asset-management/ares-management-corporation/company-analysis.md",FY2025,available capital,156,B USD,"Available capital indicates future lending and deployment capacity.",medium,analysis-derived-needs-primary-source
CF-005,"Private credit is replacing part of bank lending.",Ares,capital platforms,"institutions; credit allocators; private-wealth channels; insurers",Ares,"direct lending; private credit; alternatives","middle-market and private borrowers; real estate; infrastructure","private borrowers; sponsor-backed companies","crowded spreads; credit losses; unattractive deployment","gross fundraising; net inflows; deployment","fundraising slowdown; weak deployment","Ares 10-K; quarterly supplement","analysis/company-first-principles/financial/asset-management/ares-management-corporation/company-analysis.md",FY2025,gross fundraising,113.2,B USD,"Gross fundraising shows investor demand for Ares-managed private assets.",medium,analysis-derived-needs-primary-source
CF-005,"Private credit is replacing part of bank lending.",Ares,capital platforms,"institutions; credit allocators; private-wealth channels; insurers",Ares,"direct lending; private credit; alternatives","middle-market and private borrowers; real estate; infrastructure","private borrowers; sponsor-backed companies","crowded spreads; credit losses; unattractive deployment","deployment","weak deployment","Ares 10-K; quarterly supplement","analysis/company-first-principles/financial/asset-management/ares-management-corporation/company-analysis.md",FY2025,deployment,145.8,B USD,"Deployment shows Ares capital moving into private assets at scale.",medium,analysis-derived-needs-primary-source
CF-005,"Private credit is replacing part of bank lending.",Ares,capital platforms,"institutions; credit allocators; private-wealth channels; insurers",Ares,"direct lending; private credit; alternatives","middle-market and private borrowers; real estate; infrastructure","private borrowers; sponsor-backed companies","crowded spreads; credit losses; unattractive deployment","AUM; FPAUM; available capital; gross fundraising","AUM decline; fundraising slowdown","Ares Q2 2026 supplement; earnings release","analysis/company-first-principles/financial/asset-management/ares-management-corporation/company-analysis.md",Q2 2026,AUM,671.3,B USD,"Q2 2026 AUM shows continued scale growth.",medium,analysis-derived-needs-primary-source
CF-005,"Private credit is replacing part of bank lending.",Ares,capital platforms,"institutions; credit allocators; private-wealth channels; insurers",Ares,"direct lending; private credit; alternatives","middle-market and private borrowers; real estate; infrastructure","private borrowers; sponsor-backed companies","crowded spreads; credit losses; unattractive deployment","available capital","available capital decline; unattractive deployment","Ares Q2 2026 supplement; earnings release","analysis/company-first-principles/financial/asset-management/ares-management-corporation/company-analysis.md",Q2 2026,available capital,170,B USD,"Record dry powder indicates future lending and investment pipeline.",medium,analysis-derived-needs-primary-source
CF-001,"The next investment cycle is a capital-routing cycle, not just AI, private credit, or infrastructure in isolation.",KKR,capital platforms,"institutions; insurance capital; private wealth; strategic partners",KKR,"private equity; credit; infrastructure; ABF; insurance-linked investments; wealth products","private companies; infrastructure; ABF; insurance assets","private companies; infrastructure borrowers","exit weakness; credit deterioration; deployment mistakes","AUM; FPAUM; capital raised; capital invested; uncalled commitments","monetization slowdown; deployment discipline failure","KKR 10-K; quarterly supplement","analysis/company-first-principles/financial/asset-management/kkr-co-inc/company-analysis.md",FY2025,AUM,744,B USD,"KKR AUM shows broad capital base across multiple private-market engines.",medium,analysis-derived-needs-primary-source
CF-001,"The next investment cycle is a capital-routing cycle, not just AI, private credit, or infrastructure in isolation.",KKR,capital platforms,"institutions; insurance capital; private wealth; strategic partners",KKR,"private equity; credit; infrastructure; ABF; insurance-linked investments; wealth products","private companies; infrastructure; ABF; insurance assets","private companies; infrastructure borrowers","exit weakness; credit deterioration; deployment mistakes","capital raised","capital raise slowdown","KKR 10-K; quarterly supplement","analysis/company-first-principles/financial/asset-management/kkr-co-inc/company-analysis.md",FY2025,capital raised,129,B USD,"Capital raised supports KKR's role as a private-capital routing platform.",medium,analysis-derived-needs-primary-source
CF-001,"The next investment cycle is a capital-routing cycle, not just AI, private credit, or infrastructure in isolation.",KKR,capital platforms,"institutions; insurance capital; private wealth; strategic partners",KKR,"private equity; credit; infrastructure; ABF; insurance-linked investments; wealth products","private companies; infrastructure; ABF; insurance assets","private companies; infrastructure borrowers","exit weakness; credit deterioration; deployment mistakes","capital invested","weak deployment","KKR 10-K; quarterly supplement","analysis/company-first-principles/financial/asset-management/kkr-co-inc/company-analysis.md",FY2025,capital invested,95,B USD,"Capital invested shows KKR converting fundraising into deployed assets.",medium,analysis-derived-needs-primary-source
CF-001,"The next investment cycle is a capital-routing cycle, not just AI, private credit, or infrastructure in isolation.",KKR,capital platforms,"institutions; insurance capital; private wealth; strategic partners",KKR,"private equity; credit; infrastructure; ABF; insurance-linked investments; wealth products","private companies; infrastructure; ABF; insurance assets","private companies; infrastructure borrowers","exit weakness; credit deterioration; deployment mistakes","uncalled commitments","dry powder decline; unattractive deployment","KKR 10-K; quarterly supplement","analysis/company-first-principles/financial/asset-management/kkr-co-inc/company-analysis.md",FY2025,uncalled commitments,118,B USD,"Uncalled commitments indicate future purchasing power.",medium,analysis-derived-needs-primary-source
CF-001,"The next investment cycle is a capital-routing cycle, not just AI, private credit, or infrastructure in isolation.",KKR,capital platforms,"institutions; insurance capital; private wealth; strategic partners",KKR,"private equity; credit; infrastructure; ABF; insurance-linked investments; wealth products","private companies; infrastructure; ABF; insurance assets","private companies; infrastructure borrowers","exit weakness; credit deterioration; deployment mistakes","AUM; FPAUM; uncalled commitments","AUM decline; dry powder decline","KKR Q2 2026 supplement; earnings release","analysis/company-first-principles/financial/asset-management/kkr-co-inc/company-analysis.md",Q2 2026,AUM,796,B USD,"Q2 AUM indicates continuing scale growth.",medium,analysis-derived-needs-primary-source
CF-001,"The next investment cycle is a capital-routing cycle, not just AI, private credit, or infrastructure in isolation.",KKR,capital platforms,"institutions; insurance capital; private wealth; strategic partners",KKR,"private equity; credit; infrastructure; ABF; insurance-linked investments; wealth products","private companies; infrastructure; ABF; insurance assets","private companies; infrastructure borrowers","exit weakness; credit deterioration; deployment mistakes","uncalled commitments","dry powder decline; unattractive deployment","KKR Q2 2026 supplement; earnings release","analysis/company-first-principles/financial/asset-management/kkr-co-inc/company-analysis.md",Q2 2026,uncalled commitments,143,B USD,"Higher uncalled commitments show larger future deployment capacity.",medium,analysis-derived-needs-primary-source
CF-004,"Insurance and retirement liabilities are being converted into private-credit origination power.",Brookfield,capital platforms,"institutions; sovereigns; insurance capital; wealth solutions; real-asset allocators",Brookfield,"infrastructure funds; operating assets; renewables; insurance assets; Oaktree credit","power; renewables; transport; real estate; operating infrastructure; AI-linked infrastructure","utilities; infrastructure operators; real assets","valuation pressure; leverage; project execution; weak monetizations","insurance capital raised; insurance assets; fundraising","insurance underperformance; fundraising slowdown","Brookfield 10-K; quarterly supplement; insurance disclosures","analysis/company-first-principles/financial/asset-management/brookfield-corporation/company-analysis.md",Q1 2026,capital raised since prior quarter,67,B USD,"Fundraising supports Brookfield's real-asset capital routing role.",medium,analysis-derived-needs-primary-source
CF-004,"Insurance and retirement liabilities are being converted into private-credit origination power.",Brookfield,capital platforms,"institutions; sovereigns; insurance capital; wealth solutions; real-asset allocators",Brookfield,"insurance assets; real assets; private credit","power; renewables; real estate; operating infrastructure","utilities; infrastructure operators; real assets","insurance execution; leverage; valuation pressure","insurance capital raised","insurance fundraising slowdown","Brookfield 10-K; quarterly supplement; insurance disclosures","analysis/company-first-principles/financial/asset-management/brookfield-corporation/company-analysis.md",Q1 2026,insurance capital raised,44,B USD,"Insurance capital raised directly supports the insurance-liability funding channel claim.",medium,analysis-derived-needs-primary-source
CF-004,"Insurance and retirement liabilities are being converted into private-credit origination power.",Brookfield,capital platforms,"institutions; sovereigns; insurance capital; wealth solutions; real-asset allocators",Brookfield,"insurance assets; real assets; private credit","power; renewables; real estate; operating infrastructure","utilities; infrastructure operators; real assets","insurance execution; leverage; valuation pressure","total insurance assets","insurance asset decline; regulatory pressure","Brookfield 10-K; quarterly supplement; insurance disclosures","analysis/company-first-principles/financial/asset-management/brookfield-corporation/company-analysis.md",Q1 2026,total insurance assets,180,B USD,"Insurance asset scale shows retirement/insurance demand feeding real-asset allocation.",medium,analysis-derived-needs-primary-source
CF-003,"The deeper beneficiaries are operating companies that own bottleneck assets, supply funded buildouts, convert capital into physical capacity, or control recurring maintenance and service layers.",Brookfield,capital platforms,"institutions; sovereigns; insurance capital; real-asset allocators",Brookfield,"infrastructure; real estate; operating assets","power; renewables; real estate; operating infrastructure","utilities; real-asset operators","valuation pressure; leverage; project execution","distributable earnings; monetizations; net income","earnings decline; weak monetizations","Brookfield 10-K; quarterly supplement","analysis/company-first-principles/financial/asset-management/brookfield-corporation/company-analysis.md",FY2025,distributable earnings before realizations,5.4,B USD,"Recurring distributable earnings support the claim that operating real assets generate platform economics.",medium,analysis-derived-needs-primary-source
CF-016,"Secondaries are becoming a structural liquidity layer because private assets stay private longer.",Carlyle,capital platforms,"institutions; private wealth; credit clients; secondaries allocators",Carlyle,"private equity; global credit; AlpInvest secondaries; co-investment","private companies; credit assets; secondaries liquidity","private-market investors needing liquidity","carry volatility; weak exits; underperformance","AUM; fee-earning AUM; available capital; inflows; deployment; AlpInvest metrics","weak fundraising; weak exits; low secondary volume","Carlyle 10-K; quarterly supplement; AlpInvest disclosures","analysis/company-first-principles/financial/asset-management/the-carlyle-group-inc/company-analysis.md",FY2025,AUM,477,B USD,"Carlyle scale supports diversified alternatives and secondaries relevance.",medium,analysis-derived-needs-primary-source
CF-016,"Secondaries are becoming a structural liquidity layer because private assets stay private longer.",Carlyle,capital platforms,"institutions; private wealth; credit clients; secondaries allocators",Carlyle,"private equity; global credit; AlpInvest secondaries; co-investment","private companies; credit assets; secondaries liquidity","private-market investors needing liquidity","carry volatility; weak exits; underperformance","available capital; inflows; deployment","weak fundraising; weak deployment","Carlyle 10-K; quarterly supplement; AlpInvest disclosures","analysis/company-first-principles/financial/asset-management/the-carlyle-group-inc/company-analysis.md",FY2025,available capital,88,B USD,"Available capital supports future deployment and private-market liquidity capacity.",medium,analysis-derived-needs-primary-source
CF-016,"Secondaries are becoming a structural liquidity layer because private assets stay private longer.",Carlyle,capital platforms,"institutions; private wealth; credit clients; secondaries allocators",Carlyle,"private equity; global credit; AlpInvest secondaries; co-investment","private companies; credit assets; secondaries liquidity","private-market investors needing liquidity","carry volatility; weak exits; underperformance","inflows","weak fundraising","Carlyle 10-K; quarterly supplement; AlpInvest disclosures","analysis/company-first-principles/financial/asset-management/the-carlyle-group-inc/company-analysis.md",FY2025,inflows,53.7,B USD,"Inflows show continued allocation to Carlyle's diversified private-market platform.",medium,analysis-derived-needs-primary-source
CF-016,"Secondaries are becoming a structural liquidity layer because private assets stay private longer.",Carlyle,capital platforms,"institutions; private wealth; credit clients; secondaries allocators",Carlyle,"private equity; global credit; AlpInvest secondaries; co-investment","private companies; credit assets; secondaries liquidity","private-market investors needing liquidity","carry volatility; weak exits; underperformance","deployment","weak deployment","Carlyle 10-K; quarterly supplement; AlpInvest disclosures","analysis/company-first-principles/financial/asset-management/the-carlyle-group-inc/company-analysis.md",FY2025,deployment,54.5,B USD,"Deployment shows Carlyle still investing across alternatives.",medium,analysis-derived-needs-primary-source
CF-015,"Wealth clients are being pulled into private markets through advisor-distributed and semi-liquid products.",Carlyle,capital platforms,"institutions; private wealth; credit clients; secondaries allocators",Carlyle,"perpetual capital; private-market funds","private equity; credit; secondaries","wealth alternatives; private-market investors","liquidity mismatch; advisor trust","perpetual capital fee-earning AUM","redemption pressure; lower perpetual capital","Carlyle Q2 2026 supplement; product filings","analysis/company-first-principles/financial/asset-management/the-carlyle-group-inc/company-analysis.md",Q2 2026,perpetual capital fee-earning AUM,113,B USD,"Perpetual fee-earning AUM supports the claim that alternatives are pushing toward durable capital.",medium,analysis-derived-needs-primary-source
CF-007,"Power is the cleanest test case because the capital-flow story links directly to a physical bottleneck.",Constellation,power and grid,"corporate buyers; institutions; infrastructure capital; public markets",Constellation,"PPAs; public equity/debt; infrastructure-style power contracts","clean baseload power; nuclear; customer-specific power agreements","large power buyers; data centers; industrial customers","nuclear availability; regulatory approval; PPA durability","MW fleet; PPAs; MW contracted; adjusted operating earnings","nuclear outage; weak PPA demand; regulatory block","Constellation 10-K; 10-Q; earnings deck; transcript; NRC materials","analysis/company-first-principles/utilities/diversified-utilities/constellation-energy-corporation/company-analysis.md",Q2 2026,generation fleet,55,GW,"Fleet scale supports Constellation's scarce clean-reliability platform role.",medium,analysis-derived-needs-primary-source
CF-008,"Constellation is a scarce clean-baseload power owner and direct contract beneficiary.",Constellation,power and grid,"corporate buyers; institutions; infrastructure capital; public markets",Constellation,"long-term clean-power PPAs","clean baseload power; customer-specific power infrastructure","large power buyers; data centers; industrial customers","nuclear availability; regulatory approval; PPA durability","MW contracted in PPAs","weaker PPA demand; failed contract economics","Constellation 10-K; 10-Q; earnings deck; transcript","analysis/company-first-principles/utilities/diversified-utilities/constellation-energy-corporation/company-analysis.md",Q2 2026,additional long-term clean-power PPAs,920,MW,"Additional PPAs show large buyers locking in clean reliable power.",medium,analysis-derived-needs-primary-source
CF-008,"Constellation is a scarce clean-baseload power owner and direct contract beneficiary.",Constellation,power and grid,"corporate buyers; institutions; infrastructure capital; public markets",Constellation,"customer-specific power agreement","data-center power campus; clean baseload power","CyrusOne and similar large-load buyers","regulatory approval; execution; PPA durability","MW contracted; expansion option","customer-specific projects fail to close","Constellation 10-Q; earnings deck; transcript","analysis/company-first-principles/utilities/diversified-utilities/constellation-energy-corporation/company-analysis.md",Q1 2026,CyrusOne agreement phase 1,380,MW,"The CyrusOne agreement supports the thesis that generation sites can become customer-specific power campuses.",medium,analysis-derived-needs-primary-source
CF-008,"Constellation is a scarce clean-baseload power owner and direct contract beneficiary.",Constellation,power and grid,"corporate buyers; institutions; infrastructure capital; public markets",Constellation,"customer-specific power agreement","data-center power campus; clean baseload power","CyrusOne and similar large-load buyers","regulatory approval; execution; PPA durability","MW expansion path","phase 2 does not proceed","Constellation 10-Q; earnings deck; transcript","analysis/company-first-principles/utilities/diversified-utilities/constellation-energy-corporation/company-analysis.md",Q1 2026,CyrusOne exclusive phase 2 path,380,MW,"The phase 2 path indicates potential repeat customer-specific power demand.",medium,analysis-derived-needs-primary-source
CF-007,"Power is the cleanest test case because the capital-flow story links directly to a physical bottleneck.",Constellation,power and grid,"corporate buyers; institutions; infrastructure capital; public markets",Constellation,"power contracts; generation fleet","clean baseload and dispatchable power","large-load customers; public investors","nuclear availability; integration; regulation","adjusted operating EPS; guidance","earnings decline; weak guidance","Constellation Q2 2026 earnings release; 10-Q","analysis/company-first-principles/utilities/diversified-utilities/constellation-energy-corporation/company-analysis.md",Q2 2026,adjusted operating earnings per share,2.55,USD/share,"Improved adjusted operating earnings show scarce power assets translating into financial output.",medium,analysis-derived-needs-primary-source
CF-009,"NextEra is a capital-deployment platform for electricity growth.",NextEra,power and grid,"public investors; debt markets; infrastructure capital; utility customers",NextEra,"regulated utility capital; renewables; storage; transmission; large-load solutions","FPL rate base; renewables; storage; transmission; generation development","large-load customers; Florida utility customers; clean-power buyers","interconnection; project execution; rate outcomes; capital cost","customers served; EPS growth; rate base; backlog; origination GW","backlog conversion slows; adverse rate outcomes","NextEra 10-K; 10-Q; investor deck; transcript; FERC/EIA","analysis/company-first-principles/utilities/electric-utilities/nextera-energy-inc/company-analysis.md",FY2025,FPL population served,12,M people,"Large regulated service base supports the utility cash-flow layer of NextEra's capital deployment model.",medium,analysis-derived-needs-primary-source
CF-009,"NextEra is a capital-deployment platform for electricity growth.",NextEra,power and grid,"public investors; debt markets; infrastructure capital; utility customers",NextEra,"regulated utility capital; renewables; storage; transmission; large-load solutions","FPL rate base; renewables; storage; transmission; generation development","large-load customers; Florida utility customers; clean-power buyers","interconnection; project execution; rate outcomes; capital cost","adjusted EPS; EPS CAGR target","EPS growth misses; guidance cut","NextEra 10-K; earnings deck; transcript","analysis/company-first-principles/utilities/electric-utilities/nextera-energy-inc/company-analysis.md",FY2025,adjusted EPS,3.71,USD/share,"Adjusted EPS growth supports long-duration capital compounding claim.",medium,analysis-derived-needs-primary-source
CF-009,"NextEra is a capital-deployment platform for electricity growth.",NextEra,power and grid,"public investors; debt markets; infrastructure capital; utility customers",NextEra,"regulated utility capital","FPL rate base; grid investment","Florida utility customers; large-load customers","regulatory outcomes; affordability; capital cost","regulatory capital employed","rate-base growth slows; disallowance","NextEra Q2 2026 supplement; 10-Q","analysis/company-first-principles/utilities/electric-utilities/nextera-energy-inc/company-analysis.md",Q2 2026,FPL regulatory capital employed start,72.9,B USD,"Starting capital-employed value gives base for rate-base-style growth calculation.",medium,analysis-derived-needs-primary-source
CF-009,"NextEra is a capital-deployment platform for electricity growth.",NextEra,power and grid,"public investors; debt markets; infrastructure capital; utility customers",NextEra,"regulated utility capital","FPL rate base; grid investment","Florida utility customers; large-load customers","regulatory outcomes; affordability; capital cost","regulatory capital employed","rate-base growth slows; disallowance","NextEra Q2 2026 supplement; 10-Q","analysis/company-first-principles/utilities/electric-utilities/nextera-energy-inc/company-analysis.md",Q2 2026,FPL regulatory capital employed end,79.7,B USD,"Higher capital employed supports regulated compounding.",medium,analysis-derived-needs-primary-source
CF-009,"NextEra is a capital-deployment platform for electricity growth.",NextEra,power and grid,"public investors; debt markets; infrastructure capital; utility customers",NextEra,"renewables; storage; generation development","renewables and storage backlog","large-load customers; clean-power buyers","interconnection; project execution; storage economics","origination GW; backlog GW","backlog conversion slows; project delays","NextEra Q2 2026 supplement; investor deck","analysis/company-first-principles/utilities/electric-utilities/nextera-energy-inc/company-analysis.md",Q2 2026,renewables and storage origination,3.6,GW,"Q2 origination supports electricity-growth development platform claim.",medium,analysis-derived-needs-primary-source
CF-009,"NextEra is a capital-deployment platform for electricity growth.",NextEra,power and grid,"public investors; debt markets; infrastructure capital; utility customers",NextEra,"renewables; storage; generation development","renewables and storage backlog","large-load customers; clean-power buyers","interconnection; project execution; storage economics","backlog GW","backlog conversion slows; project delays","NextEra 2025 annual report; Q2 2026 supplement","analysis/company-first-principles/utilities/electric-utilities/nextera-energy-inc/company-analysis.md",FY2025,renewables and storage backlog,29.8,GW,"Backlog scale supports future project-development economics.",medium,analysis-derived-needs-primary-source
CF-007,"Power is the cleanest test case because the capital-flow story links directly to a physical bottleneck.",Vistra,power and grid,"public markets; debt markets; power customers; data-center/corporate demand indirectly",Vistra,"merchant power; hedges; PPAs; acquisitions","dispatchable power; retail power; nuclear/gas/renewable portfolio","retail customers; data centers; corporate buyers; grid operators","commodity volatility; hedge complexity; fleet availability; market rules","adjusted EBITDA; availability; MW acquired; hedged generation","availability decline; power prices normalize; hedge losses","Vistra 10-K; 10-Q; earnings deck; transcript; ISO market data","analysis/company-first-principles/utilities/other-utilities/vistra-energy-corp/company-analysis.md",Q2 2026,Ongoing Operations Adjusted EBITDA,1.767,B USD,"Large adjusted EBITDA supports monetization of scarce dispatchable power.",medium,analysis-derived-needs-primary-source
CF-007,"Power is the cleanest test case because the capital-flow story links directly to a physical bottleneck.",Vistra,power and grid,"public markets; debt markets; power customers; data-center/corporate demand indirectly",Vistra,"merchant power; hedges; PPAs; acquisitions","dispatchable power; retail power; nuclear/gas/renewable portfolio","retail customers; data centers; corporate buyers; grid operators","commodity volatility; hedge complexity; fleet availability; market rules","commercial availability","availability decline","Vistra Q2 2026 earnings deck; transcript","analysis/company-first-principles/utilities/other-utilities/vistra-energy-corp/company-analysis.md",Q2 2026,fleet commercial availability,97,percent,"Availability supports the claim that dispatchable power availability is the product.",medium,analysis-derived-needs-primary-source
CF-007,"Power is the cleanest test case because the capital-flow story links directly to a physical bottleneck.",Vistra,power and grid,"public markets; debt markets; power customers; data-center/corporate demand indirectly",Vistra,"acquisition; merchant generation; PPAs","dispatchable generation; PJM nuclear sites","data centers; Meta; grid operators","acquisition execution; regulatory market rules","MW acquired; long-term PPAs","acquisition fails; PPAs fail to monetize","Vistra Q1 2026 earnings deck; transaction materials; transcript","analysis/company-first-principles/utilities/other-utilities/vistra-energy-corp/company-analysis.md",Q1 2026,pending Cogentrix acquisition,5500,MW,"The pending acquisition supports expansion of scarce generation capacity.",medium,analysis-derived-needs-primary-source
CF-007,"Power is the cleanest test case because the capital-flow story links directly to a physical bottleneck.",Vistra,power and grid,"public markets; debt markets; power customers; data-center/corporate demand indirectly",Vistra,"hedges; merchant power; PPAs","dispatchable generation; retail integration","retail customers; corporate buyers","commodity volatility; hedge complexity","expected generation hedged 2026","hedge losses; coverage declines","Vistra 2025 annual report; earnings deck","analysis/company-first-principles/utilities/other-utilities/vistra-energy-corp/company-analysis.md",FY2025,expected generation hedged 2026,100,percent,"Full hedge coverage supports the claim that merchant power is active risk conversion rather than pure spot exposure.",medium,analysis-derived-needs-primary-source
CF-007,"Power is the cleanest test case because the capital-flow story links directly to a physical bottleneck.",NRG,power and grid,"customers; debt markets; equity markets; hyperscaler demand indirectly",NRG,"customer-backed power contracts; retail power; generation; demand response","retail electricity; customer-backed generation; demand response","retail customers; hyperscalers; grid operators","retail churn; affordability; acquisition integration; project execution","customer count; GW generation; EBITDA; FCF; customer-backed GW","BYOP fails to scale; churn rises; project stalls","NRG 10-K; 10-Q; earnings deck; transcript; project announcements","analysis/company-first-principles/utilities/other-utilities/nrg-energy-inc/company-analysis.md",Q2 2026,customers served,8,M customers,"Customer scale supports NRG's customer-backed power commercialization platform role.",medium,analysis-derived-needs-primary-source
CF-007,"Power is the cleanest test case because the capital-flow story links directly to a physical bottleneck.",NRG,power and grid,"customers; debt markets; equity markets; hyperscaler demand indirectly",NRG,"customer-backed power contracts; retail power; generation; demand response","retail electricity; customer-backed generation; demand response","retail customers; hyperscalers; grid operators","retail churn; affordability; acquisition integration; project execution","generation capacity","generation additions face regulatory or cost problems","NRG 10-K; 10-Q; earnings deck","analysis/company-first-principles/utilities/other-utilities/nrg-energy-inc/company-analysis.md",Q2 2026,generation capacity,25,GW,"Generation scale supports NRG's ability to pair customer demand with supply assets.",medium,analysis-derived-needs-primary-source
CF-007,"Power is the cleanest test case because the capital-flow story links directly to a physical bottleneck.",NRG,power and grid,"customers; debt markets; equity markets; hyperscaler demand indirectly",NRG,"customer-backed power contracts; retail power; generation; demand response","retail electricity; customer-backed generation; demand response","retail customers; hyperscalers; grid operators","retail churn; affordability; acquisition integration; project execution","adjusted EBITDA; FCFbG","cash flow weakens; integration disappoints","NRG Q2 2026 earnings release; 10-Q","analysis/company-first-principles/utilities/other-utilities/nrg-energy-inc/company-analysis.md",Q2 2026,adjusted EBITDA,1.217,B USD,"Adjusted EBITDA shows material cash generation from the enlarged platform.",medium,analysis-derived-needs-primary-source
CF-007,"Power is the cleanest test case because the capital-flow story links directly to a physical bottleneck.",NRG,power and grid,"customers; debt markets; equity markets; hyperscaler demand indirectly",NRG,"customer-backed power contracts; retail power; generation; demand response","retail electricity; customer-backed generation; demand response","retail customers; hyperscalers; grid operators","retail churn; affordability; acquisition integration; project execution","FCFbG","cash flow weakens; integration disappoints","NRG Q2 2026 earnings release; 10-Q","analysis/company-first-principles/utilities/other-utilities/nrg-energy-inc/company-analysis.md",Q2 2026,FCFbG,1.025,B USD,"FCFbG supports ability to fund growth when execution is strong.",medium,analysis-derived-needs-primary-source
CF-007,"Power is the cleanest test case because the capital-flow story links directly to a physical bottleneck.",NRG,power and grid,"customers; debt markets; equity markets; hyperscaler demand indirectly",NRG,"customer-backed power contract; gas generation","Texas combined-cycle gas project","global cloud and AI hyperscaler","project fails to close; regulatory or cost problems","customer-backed project GW","hyperscaler project stalls","NRG Q2 2026 earnings deck; project announcement; transcript","analysis/company-first-principles/utilities/other-utilities/nrg-energy-inc/company-analysis.md",Q2 2026,Texas combined-cycle gas project,1.2,GW,"Customer-backed gas project supports the claim that hyperscaler growth is forcing new power-contract templates.",medium,analysis-derived-needs-primary-source
CF-010,"Regulated utilities convert capital demand into rate base when load growth and regulatory recovery hold.",AEP,power and grid,"utility customers; debt markets; equity markets; infrastructure-style investors",AEP,"regulated utility capex; transmission; distribution; generation","transmission; distribution; generation; load interconnection","hyperscalers; manufacturers; industrial customers; residential customers","regulatory approval; generation adequacy; transmission constraints; affordability","customers; states; line miles; load additions; capital plan","signed load fails; regulators reject recovery","AEP 10-K; 10-Q; investor deck; rate-case filings; FERC/EIA","analysis/company-first-principles/utilities/electric-utilities/american-electric-power-company-inc/company-analysis.md",FY2025,customers served,5.6,M customers,"Customer scale supports AEP's regulated grid-and-load gateway role.",medium,analysis-derived-needs-primary-source
CF-010,"Regulated utilities convert capital demand into rate base when load growth and regulatory recovery hold.",AEP,power and grid,"utility customers; debt markets; equity markets; infrastructure-style investors",AEP,"regulated utility capex; transmission; distribution; generation","transmission; distribution; generation; load interconnection","hyperscalers; manufacturers; industrial customers; residential customers","regulatory approval; generation adequacy; transmission constraints; affordability","transmission line miles","transmission constraints worsen","AEP 10-K; investor deck","analysis/company-first-principles/utilities/electric-utilities/american-electric-power-company-inc/company-analysis.md",FY2025,transmission line miles,40000,miles,"Transmission reach supports AEP's gateway role for industrial and data-center growth.",medium,analysis-derived-needs-primary-source
CF-010,"Regulated utilities convert capital demand into rate base when load growth and regulatory recovery hold.",AEP,power and grid,"utility customers; debt markets; equity markets; infrastructure-style investors",AEP,"regulated utility capex; transmission; distribution; generation","transmission; distribution; generation; load interconnection","hyperscalers; manufacturers; industrial customers; residential customers","regulatory approval; generation adequacy; transmission constraints; affordability","new load additions by 2030","load expectations fail to materialize","AEP Q2 2026 investor deck; transcript","analysis/company-first-principles/utilities/electric-utilities/american-electric-power-company-inc/company-analysis.md",Q2 2026,expected new load additions by 2030,69,GW,"Expected load additions make the power bottleneck measurable in AEP's footprint.",medium,analysis-derived-needs-primary-source
CF-010,"Regulated utilities convert capital demand into rate base when load growth and regulatory recovery hold.",AEP,power and grid,"utility customers; debt markets; equity markets; infrastructure-style investors",AEP,"regulated utility capex; transmission; distribution; generation","transmission; distribution; generation; load interconnection","hyperscalers; manufacturers; industrial customers; residential customers","regulatory approval; generation adequacy; transmission constraints; affordability","capital plan","regulators reject recovery; capex delayed","AEP investor deck; 10-Q; rate-case filings","analysis/company-first-principles/utilities/electric-utilities/american-electric-power-company-inc/company-analysis.md",Q2 2026,five-year capital plan,78,B USD,"Capital plan shows AEP converting demand expectations into regulated investment plans.",medium,analysis-derived-needs-primary-source
CF-010,"Regulated utilities convert capital demand into rate base when load growth and regulatory recovery hold.",Duke,power and grid,"utility customers; debt markets; equity markets; infrastructure-style investors",Duke,"regulated utility capex; generation; transmission; distribution","data-center service; generation; grid modernization","data centers; industrial customers; residential customers","rate cases; turbine supply; project delays; affordability","customers; capacity; data-center ESAs; capital plan","large-load customers cancel; regulators limit recovery","Duke 10-K; 10-Q; investor deck; rate-case filings","analysis/company-first-principles/utilities/electric-utilities/duke-energy-corporation/company-analysis.md",FY2025,electric customers served,8.7,M customers,"Customer scale supports Duke's regulated electricity-buildout platform role.",medium,analysis-derived-needs-primary-source
CF-010,"Regulated utilities convert capital demand into rate base when load growth and regulatory recovery hold.",Duke,power and grid,"utility customers; debt markets; equity markets; infrastructure-style investors",Duke,"regulated utility capex; generation; transmission; distribution","data-center service; generation; grid modernization","data centers; industrial customers; residential customers","rate cases; turbine supply; project delays; affordability","energy capacity","capacity additions delayed","Duke 10-K; investor deck","analysis/company-first-principles/utilities/electric-utilities/duke-energy-corporation/company-analysis.md",FY2025,energy capacity,55700,MW,"Capacity scale supports Duke's role in regional electricity growth.",medium,analysis-derived-needs-primary-source
CF-010,"Regulated utilities convert capital demand into rate base when load growth and regulatory recovery hold.",Duke,power and grid,"utility customers; debt markets; equity markets; infrastructure-style investors",Duke,"large-load agreements; regulated capex","data-center service; generation; grid modernization","data centers; industrial customers; residential customers","rate cases; turbine supply; project delays; affordability","data-center ESAs; GW under construction; pipeline GW","large-load customers cancel; pipeline slips","Duke Q1 2026 earnings deck; transcript","analysis/company-first-principles/utilities/electric-utilities/duke-energy-corporation/company-analysis.md",Q1 2026,secured data-center ESAs,7.6,GW,"Secured ESAs show AI/data-center demand becoming concrete utility commitments.",medium,analysis-derived-needs-primary-source
CF-010,"Regulated utilities convert capital demand into rate base when load growth and regulatory recovery hold.",Duke,power and grid,"utility customers; debt markets; equity markets; infrastructure-style investors",Duke,"large-load agreements; regulated capex","data-center service; generation; grid modernization","data centers; industrial customers; residential customers","rate cases; turbine supply; project delays; affordability","GW under construction","construction delays; cancellations","Duke Q1 2026 earnings deck; transcript","analysis/company-first-principles/utilities/electric-utilities/duke-energy-corporation/company-analysis.md",Q1 2026,data-center load under construction,5,GW,"Under-construction data-center load supports near-term physical conversion.",medium,analysis-derived-needs-primary-source
CF-010,"Regulated utilities convert capital demand into rate base when load growth and regulatory recovery hold.",Duke,power and grid,"utility customers; debt markets; equity markets; infrastructure-style investors",Duke,"regulated utility capex; generation; transmission; distribution","data-center service; generation; grid modernization","data centers; industrial customers; residential customers","rate cases; turbine supply; project delays; affordability","capital plan; targeted capacity","regulators limit recovery; costs inflate","Duke investor deck; 10-Q; rate-case filings","analysis/company-first-principles/utilities/electric-utilities/duke-energy-corporation/company-analysis.md",2026-2030,capital plan,103,B USD,"Capital plan shows Duke converting load growth into regulated investment.",medium,analysis-derived-needs-primary-source
CF-010,"Regulated utilities convert capital demand into rate base when load growth and regulatory recovery hold.",Exelon,power and grid,"utility customers; debt markets; equity markets; infrastructure-style investors",Exelon,"regulated transmission and distribution capex","grid reliability; distribution; transmission; urban load support","dense metro customers; businesses; civic infrastructure","regulatory recovery; affordability; reliability performance","customer count; capital plan; rate-base growth; transmission opportunity","disallowed recovery; reliability deterioration","Exelon 10-K; 10-Q; investor deck; rate-case filings","analysis/company-first-principles/utilities/electric-utilities/exelon-corporation/company-analysis.md",FY2025,customers served,11,M customers,"Customer scale supports Exelon's regulated wires platform role.",medium,analysis-derived-needs-primary-source
CF-010,"Regulated utilities convert capital demand into rate base when load growth and regulatory recovery hold.",Exelon,power and grid,"utility customers; debt markets; equity markets; infrastructure-style investors",Exelon,"regulated transmission and distribution capex","grid reliability; distribution; transmission; urban load support","dense metro customers; businesses; civic infrastructure","regulatory recovery; affordability; reliability performance","capital plan; rate-base growth","regulatory disallowance; capital plan cut","Exelon Q1 2026 earnings deck; 10-Q","analysis/company-first-principles/utilities/electric-utilities/exelon-corporation/company-analysis.md",Q1 2026,four-year capital plan,41.7,B USD,"Capital plan supports regulated capital deployment into grid reliability.",medium,analysis-derived-needs-primary-source
CF-010,"Regulated utilities convert capital demand into rate base when load growth and regulatory recovery hold.",Exelon,power and grid,"utility customers; debt markets; equity markets; infrastructure-style investors",Exelon,"regulated transmission and distribution capex","grid reliability; distribution; transmission; urban load support","dense metro customers; businesses; civic infrastructure","regulatory recovery; affordability; reliability performance","rate-base growth","rate-base growth slows; disallowance","Exelon Q1 2026 earnings deck; 10-Q","analysis/company-first-principles/utilities/electric-utilities/exelon-corporation/company-analysis.md",Q1 2026,expected rate-base growth,7.9,percent,"Expected rate-base growth supports regulated recovery for grid modernization.",medium,analysis-derived-needs-primary-source
CF-010,"Regulated utilities convert capital demand into rate base when load growth and regulatory recovery hold.",Exelon,power and grid,"utility customers; debt markets; equity markets; infrastructure-style investors",Exelon,"transmission capex","transmission opportunity; grid modernization","dense metro customers; businesses; civic infrastructure","regulatory recovery; affordability; reliability performance","transmission opportunity","transmission opportunity fails to convert","Exelon Q1 2026 earnings deck; investor deck","analysis/company-first-principles/utilities/electric-utilities/exelon-corporation/company-analysis.md",Q1 2026,additional transmission opportunity low,12,B USD,"Transmission opportunity supports wires-path upside from load growth and modernization.",medium,analysis-derived-needs-primary-source
CF-010,"Regulated utilities convert capital demand into rate base when load growth and regulatory recovery hold.",Exelon,power and grid,"utility customers; debt markets; equity markets; infrastructure-style investors",Exelon,"transmission capex","transmission opportunity; grid modernization","dense metro customers; businesses; civic infrastructure","regulatory recovery; affordability; reliability performance","transmission opportunity","transmission opportunity fails to convert","Exelon Q1 2026 earnings deck; investor deck","analysis/company-first-principles/utilities/electric-utilities/exelon-corporation/company-analysis.md",Q1 2026,additional transmission opportunity high,17,B USD,"Upper range of transmission opportunity supports potential grid investment upside.",medium,analysis-derived-needs-primary-source
CF-010,"Regulated utilities convert capital demand into rate base when load growth and regulatory recovery hold.",Exelon,power and grid,"utility customers; debt markets; equity markets; infrastructure-style investors",Exelon,"regulated recovery mechanisms","grid reliability; distribution; transmission","dense metro customers; businesses; civic infrastructure","regulatory recovery; affordability; reliability performance","rate base covered by established recovery mechanisms","recovery mechanisms weaken","Exelon 2025 annual report; investor materials","analysis/company-first-principles/utilities/electric-utilities/exelon-corporation/company-analysis.md",YE2025,rate base covered by established recovery mechanisms,90,percent,"Recovery visibility supports the claim that regulation is earnings architecture for wires utilities.",medium,analysis-derived-needs-primary-source
CF-011,"Data-center and infrastructure capital indirectly benefits industrial distribution and built-environment suppliers.",WESCO,industrial distribution and built environment,"institutions; infrastructure capital; utility capex; hyperscaler capex; corporate buyers",WESCO,"project-channel distribution; working capital; supplier coordination","data centers; utilities; broadband; security; electrification","data-center builders; utilities; electrical and communications contractors","supplier bottlenecks; project timing; working capital intensity; margin execution","sales; data-center sales; backlog; EPS","backlog converts poorly; data-center demand slows; margin pressure","WESCO 10-K; 10-Q; earnings deck; transcript","analysis/company-first-principles/industrial-goods/industrial-equipment-components/wesco-international-inc/company-analysis.md",FY2025,sales,23.5,B USD,"Record sales support WESCO as a scaled channel for infrastructure demand.",medium,analysis-derived-needs-primary-source
CF-012,"WESCO is a project-channel orchestrator for electrical, communications, utility, security, and data-center supply chains.",WESCO,industrial distribution and built environment,"institutions; infrastructure capital; utility capex; hyperscaler capex; corporate buyers",WESCO,"project-channel distribution; working capital; supplier coordination","data centers; utilities; broadband; security; electrification","data-center builders; utilities; electrical and communications contractors","supplier bottlenecks; project timing; working capital intensity; margin execution","data-center sales; backlog","data-center sales slowdown; backlog decline","WESCO 10-K; 10-Q; earnings deck; transcript","analysis/company-first-principles/industrial-goods/industrial-equipment-components/wesco-international-inc/company-analysis.md",FY2025,data-center sales,4.3,B USD,"Data-center sales directly connect AI/cloud buildout to electrical and communications distribution.",medium,analysis-derived-needs-primary-source
CF-012,"WESCO is a project-channel orchestrator for electrical, communications, utility, security, and data-center supply chains.",WESCO,industrial distribution and built environment,"institutions; infrastructure capital; utility capex; hyperscaler capex; corporate buyers",WESCO,"project-channel distribution; working capital; supplier coordination","data centers; utilities; broadband; security; electrification","data-center builders; utilities; electrical and communications contractors","supplier bottlenecks; project timing; working capital intensity; margin execution","data-center sales growth","data-center sales slowdown","WESCO 10-K; 10-Q; earnings deck; transcript","analysis/company-first-principles/industrial-goods/industrial-equipment-components/wesco-international-inc/company-analysis.md",FY2025,data-center sales growth,50,percent,"Rapid data-center growth supports the indirect-beneficiary thesis.",medium,analysis-derived-needs-primary-source
CF-012,"WESCO is a project-channel orchestrator for electrical, communications, utility, security, and data-center supply chains.",WESCO,industrial distribution and built environment,"institutions; infrastructure capital; utility capex; hyperscaler capex; corporate buyers",WESCO,"project-channel distribution; working capital; supplier coordination","data centers; utilities; broadband; security; electrification","data-center builders; utilities; electrical and communications contractors","supplier bottlenecks; project timing; working capital intensity; margin execution","backlog growth","backlog decline","WESCO Q2 2026 earnings deck; transcript","analysis/company-first-principles/industrial-goods/industrial-equipment-components/wesco-international-inc/company-analysis.md",Q2 2026,backlog year-over-year growth,60,percent,"Backlog growth indicates future infrastructure work visibility.",medium,analysis-derived-needs-primary-source
CF-012,"WESCO is a project-channel orchestrator for electrical, communications, utility, security, and data-center supply chains.",WESCO,industrial distribution and built environment,"institutions; infrastructure capital; utility capex; hyperscaler capex; corporate buyers",WESCO,"project-channel distribution; working capital; supplier coordination","data centers; utilities; broadband; security; electrification","data-center builders; utilities; electrical and communications contractors","supplier bottlenecks; project timing; working capital intensity; margin execution","quarterly data-center sales","data-center sales slowdown","WESCO Q2 2026 earnings deck; transcript","analysis/company-first-principles/industrial-goods/industrial-equipment-components/wesco-international-inc/company-analysis.md",Q2 2026,data-center sales,1.5,B USD,"Q2 data-center sales show the buildout continuing into the next year.",medium,analysis-derived-needs-primary-source
CF-013,"Ferguson and Core & Main are practical channels through which infrastructure capital becomes installed plumbing, HVAC, waterworks, and fire-protection systems.",Ferguson,industrial distribution and built environment,"infrastructure capital; commercial capex; municipal spend; contractor working capital; property owners",Ferguson,"contractor-channel distribution; branch density; acquisitions","plumbing; HVAC; waterworks; PVF; mechanical systems; repair and maintenance","contractors; commercial projects; water and mechanical infrastructure users","residential weakness; acquisition integration; tariffs; supplier-price timing","addressable market; branch count; RMI mix; sales; non-residential growth","non-residential slowdown; acquisition dilution; margin compression","Ferguson 10-K; 10-Q; earnings deck; transcript","analysis/company-first-principles/industrial-goods/plumbing-hvac-distribution/ferguson-enterprises-inc/company-analysis.md",FY2025,addressable construction market,340,B USD,"Large addressable market frames Ferguson as a channel platform for fragmented construction and infrastructure demand.",medium,analysis-derived-needs-primary-source
CF-013,"Ferguson and Core & Main are practical channels through which infrastructure capital becomes installed plumbing, HVAC, waterworks, and fire-protection systems.",Ferguson,industrial distribution and built environment,"infrastructure capital; commercial capex; municipal spend; contractor working capital; property owners",Ferguson,"contractor-channel distribution; branch density; acquisitions","plumbing; HVAC; waterworks; PVF; mechanical systems; repair and maintenance","contractors; commercial projects; water and mechanical infrastructure users","residential weakness; acquisition integration; tariffs; supplier-price timing","branch count","branch density weakens; acquisitions underperform","Ferguson 10-K","analysis/company-first-principles/industrial-goods/plumbing-hvac-distribution/ferguson-enterprises-inc/company-analysis.md",FY2025,branches,1746,count,"Branch count supports Ferguson's local availability and contractor-density moat.",medium,analysis-derived-needs-primary-source
CF-013,"Ferguson and Core & Main are practical channels through which infrastructure capital becomes installed plumbing, HVAC, waterworks, and fire-protection systems.",Ferguson,industrial distribution and built environment,"infrastructure capital; commercial capex; municipal spend; contractor working capital; property owners",Ferguson,"contractor-channel distribution; branch density; acquisitions","plumbing; HVAC; waterworks; PVF; mechanical systems; repair and maintenance","contractors; commercial projects; water and mechanical infrastructure users","residential weakness; acquisition integration; tariffs; supplier-price timing","repair maintenance improvement mix","RMI mix weakens; residential weakness spreads","Ferguson 10-K; investor deck","analysis/company-first-principles/industrial-goods/plumbing-hvac-distribution/ferguson-enterprises-inc/company-analysis.md",FY2025,sales tied to repair maintenance and improvement,66.7,percent,"RMI mix supports recurring built-environment demand rather than pure new construction exposure.",medium,analysis-derived-needs-primary-source
CF-013,"Ferguson and Core & Main are practical channels through which infrastructure capital becomes installed plumbing, HVAC, waterworks, and fire-protection systems.",Ferguson,industrial distribution and built environment,"infrastructure capital; commercial capex; municipal spend; contractor working capital; property owners",Ferguson,"contractor-channel distribution; branch density; acquisitions","plumbing; HVAC; waterworks; PVF; mechanical systems; repair and maintenance","contractors; commercial projects; water and mechanical infrastructure users","residential weakness; acquisition integration; tariffs; supplier-price timing","sales; non-residential revenue growth","non-residential projects slow; margin compression","Ferguson Q2 2026 earnings release; 10-Q","analysis/company-first-principles/industrial-goods/plumbing-hvac-distribution/ferguson-enterprises-inc/company-analysis.md",Q2 2026,sales,8.751,B USD,"Q2 sales show growth despite residential pressure.",medium,analysis-derived-needs-primary-source
CF-013,"Ferguson and Core & Main are practical channels through which infrastructure capital becomes installed plumbing, HVAC, waterworks, and fire-protection systems.",Ferguson,industrial distribution and built environment,"infrastructure capital; commercial capex; municipal spend; contractor working capital; property owners",Ferguson,"contractor-channel distribution; branch density; acquisitions","plumbing; HVAC; waterworks; PVF; mechanical systems; repair and maintenance","contractors; commercial projects; water and mechanical infrastructure users","residential weakness; acquisition integration; tariffs; supplier-price timing","non-residential revenue growth","non-residential projects slow","Ferguson Q2 2026 earnings release; transcript","analysis/company-first-principles/industrial-goods/plumbing-hvac-distribution/ferguson-enterprises-inc/company-analysis.md",Q2 2026,non-residential revenue growth,8,percent,"Non-residential growth supports the infrastructure and commercial offset thesis.",medium,analysis-derived-needs-primary-source
CF-013,"Ferguson and Core & Main are practical channels through which infrastructure capital becomes installed plumbing, HVAC, waterworks, and fire-protection systems.",Core & Main,industrial distribution and built environment,"municipal spend; utility capex; infrastructure capital; contractors; public funding",Core & Main,"specialty waterworks distribution; fire-protection distribution; private label; acquisitions","water; wastewater; storm drainage; fire protection; treatment plants; smart utilities","municipalities; water utilities; contractors; civic infrastructure users","municipal funding timing; acquisitions; freight; tariffs; supplier terms","net sales; adjusted EBITDA; operating cash flow; TAM; guidance","municipal spending slows; smart-utility demand weakens; margin pressure","Core & Main 10-K; 10-Q; earnings deck; transcript; municipal infrastructure data","analysis/company-first-principles/industrial-goods/building-materials-wholesale/core-main-inc/company-analysis.md",FY2025,net sales,7.647,B USD,"Net sales support Core & Main's scale as a water-infrastructure channel.",medium,analysis-derived-needs-primary-source
CF-013,"Ferguson and Core & Main are practical channels through which infrastructure capital becomes installed plumbing, HVAC, waterworks, and fire-protection systems.",Core & Main,industrial distribution and built environment,"municipal spend; utility capex; infrastructure capital; contractors; public funding",Core & Main,"specialty waterworks distribution; fire-protection distribution; private label; acquisitions","water; wastewater; storm drainage; fire protection; treatment plants; smart utilities","municipalities; water utilities; contractors; civic infrastructure users","municipal funding timing; acquisitions; freight; tariffs; supplier terms","adjusted EBITDA; operating cash flow","margin pressure; cash conversion weakens","Core & Main 10-K","analysis/company-first-principles/industrial-goods/building-materials-wholesale/core-main-inc/company-analysis.md",FY2025,adjusted EBITDA,931,M USD,"Adjusted EBITDA supports cash-generative infrastructure distribution economics.",medium,analysis-derived-needs-primary-source
CF-013,"Ferguson and Core & Main are practical channels through which infrastructure capital becomes installed plumbing, HVAC, waterworks, and fire-protection systems.",Core & Main,industrial distribution and built environment,"municipal spend; utility capex; infrastructure capital; contractors; public funding",Core & Main,"specialty waterworks distribution; fire-protection distribution; private label; acquisitions","water; wastewater; storm drainage; fire protection; treatment plants; smart utilities","municipalities; water utilities; contractors; civic infrastructure users","municipal funding timing; acquisitions; freight; tariffs; supplier terms","addressable market","TAM thesis weakens; share gains stall","Core & Main 10-K; investor deck","analysis/company-first-principles/industrial-goods/building-materials-wholesale/core-main-inc/company-analysis.md",FY2025,addressable market,50,B USD,"Addressable market supports the claim that fragmented infrastructure categories reward national scale.",medium,analysis-derived-needs-primary-source
CF-013,"Ferguson and Core & Main are practical channels through which infrastructure capital becomes installed plumbing, HVAC, waterworks, and fire-protection systems.",Core & Main,industrial distribution and built environment,"municipal spend; utility capex; infrastructure capital; contractors; public funding",Core & Main,"specialty waterworks distribution; fire-protection distribution; private label; acquisitions","water; wastewater; storm drainage; fire protection; treatment plants; smart utilities","municipalities; water utilities; contractors; civic infrastructure users","municipal funding timing; acquisitions; freight; tariffs; supplier terms","sales guidance; adjusted EBITDA guidance","guidance cut; municipal delay","Core & Main Q1 2026 earnings release; transcript","analysis/company-first-principles/industrial-goods/building-materials-wholesale/core-main-inc/company-analysis.md",Q1 2026,sales guidance low,7.8,B USD,"Reaffirmed guidance supports durability of replacement and modernization demand.",medium,analysis-derived-needs-primary-source
CF-013,"Ferguson and Core & Main are practical channels through which infrastructure capital becomes installed plumbing, HVAC, waterworks, and fire-protection systems.",Core & Main,industrial distribution and built environment,"municipal spend; utility capex; infrastructure capital; contractors; public funding",Core & Main,"specialty waterworks distribution; fire-protection distribution; private label; acquisitions","water; wastewater; storm drainage; fire protection; treatment plants; smart utilities","municipalities; water utilities; contractors; civic infrastructure users","municipal funding timing; acquisitions; freight; tariffs; supplier terms","sales guidance; adjusted EBITDA guidance","guidance cut; municipal delay","Core & Main Q1 2026 earnings release; transcript","analysis/company-first-principles/industrial-goods/building-materials-wholesale/core-main-inc/company-analysis.md",Q1 2026,sales guidance high,7.9,B USD,"Upper end of reaffirmed sales guidance frames near-term durability.",medium,analysis-derived-needs-primary-source
CF-011,"Data-center and infrastructure capital indirectly benefits industrial distribution and built-environment suppliers.",United Rentals,industrial distribution and built environment,"infrastructure capital; construction capex; industrial capex; utility capex; project owners",United Rentals,"rental fleet; specialty rentals; outsourced equipment capacity","construction; infrastructure; industrial projects; utility projects","contractors; industrial operators; municipalities; utilities","weak project demand; fleet values; overinvestment; debt burden","revenue; adjusted EBITDA; FCF; rental capex; specialty growth; fleet productivity","fleet productivity turns negative; specialty growth fades; used-equipment values fall","United Rentals 10-K; 10-Q; earnings deck; transcript","analysis/company-first-principles/industrial-goods/rental-leasing-services/united-rentals-inc/company-analysis.md",FY2025,revenue,16.1,B USD,"Revenue scale supports United Rentals as outsourced equipment capacity for physical buildout.",medium,analysis-derived-needs-primary-source
CF-011,"Data-center and infrastructure capital indirectly benefits industrial distribution and built-environment suppliers.",United Rentals,industrial distribution and built environment,"infrastructure capital; construction capex; industrial capex; utility capex; project owners",United Rentals,"rental fleet; specialty rentals; outsourced equipment capacity","construction; infrastructure; industrial projects; utility projects","contractors; industrial operators; municipalities; utilities","weak project demand; fleet values; overinvestment; debt burden","adjusted EBITDA; operating cash flow; FCF after rental capex","cash conversion weakens; overinvestment","United Rentals 10-K","analysis/company-first-principles/industrial-goods/rental-leasing-services/united-rentals-inc/company-analysis.md",FY2025,adjusted EBITDA,7.3,B USD,"Adjusted EBITDA supports large fleet-platform economics.",medium,analysis-derived-needs-primary-source
CF-011,"Data-center and infrastructure capital indirectly benefits industrial distribution and built-environment suppliers.",United Rentals,industrial distribution and built environment,"infrastructure capital; construction capex; industrial capex; utility capex; project owners",United Rentals,"rental fleet; specialty rentals; outsourced equipment capacity","construction; infrastructure; industrial projects; utility projects","contractors; industrial operators; municipalities; utilities","weak project demand; fleet values; overinvestment; debt burden","free cash flow after gross rental capex","cash conversion weakens; fleet capex burden rises","United Rentals 10-K","analysis/company-first-principles/industrial-goods/rental-leasing-services/united-rentals-inc/company-analysis.md",FY2025,free cash flow,2.181,B USD,"FCF after rental capex shows capital-heavy access model can still produce cash.",medium,analysis-derived-needs-primary-source
CF-011,"Data-center and infrastructure capital indirectly benefits industrial distribution and built-environment suppliers.",United Rentals,industrial distribution and built environment,"infrastructure capital; construction capex; industrial capex; utility capex; project owners",United Rentals,"rental fleet; specialty rentals; outsourced equipment capacity","construction; infrastructure; industrial projects; utility projects","contractors; industrial operators; municipalities; utilities","weak project demand; fleet values; overinvestment; debt burden","specialty rental growth","specialty growth fades","United Rentals 10-K; investor deck","analysis/company-first-principles/industrial-goods/rental-leasing-services/united-rentals-inc/company-analysis.md",FY2025,specialty rentals growth,13.6,percent,"Specialty growth indicates customers are outsourcing more complex project constraints.",medium,analysis-derived-needs-primary-source
CF-011,"Data-center and infrastructure capital indirectly benefits industrial distribution and built-environment suppliers.",United Rentals,industrial distribution and built environment,"infrastructure capital; construction capex; industrial capex; utility capex; project owners",United Rentals,"rental fleet; specialty rentals; outsourced equipment capacity","construction; infrastructure; industrial projects; utility projects","contractors; industrial operators; municipalities; utilities","weak project demand; fleet values; overinvestment; debt burden","rental revenue; fleet productivity","fleet productivity turns negative; demand weakens","United Rentals Q2 2026 earnings release; transcript","analysis/company-first-principles/industrial-goods/rental-leasing-services/united-rentals-inc/company-analysis.md",Q2 2026,rental revenue,3.849,B USD,"Rental revenue shows project work still requiring flexible equipment capacity.",medium,analysis-derived-needs-primary-source
CF-011,"Data-center and infrastructure capital indirectly benefits industrial distribution and built-environment suppliers.",United Rentals,industrial distribution and built environment,"infrastructure capital; construction capex; industrial capex; utility capex; project owners",United Rentals,"rental fleet; specialty rentals; outsourced equipment capacity","construction; infrastructure; industrial projects; utility projects","contractors; industrial operators; municipalities; utilities","weak project demand; fleet values; overinvestment; debt burden","fleet productivity","fleet productivity turns negative","United Rentals Q2 2026 earnings release; transcript","analysis/company-first-principles/industrial-goods/rental-leasing-services/united-rentals-inc/company-analysis.md",Q2 2026,fleet productivity growth,3.4,percent,"Positive fleet productivity supports pricing/utilization strength.",medium,analysis-derived-needs-primary-source
CF-011,"Data-center and infrastructure capital indirectly benefits industrial distribution and built-environment suppliers.",Fastenal,industrial distribution and built environment,"industrial capex; infrastructure capex; customer procurement budgets; operating budgets",Fastenal,"onsite inventory; vending; eBusiness; supply-chain services","industrial replenishment; MRO; point-of-use supplies","plants; facilities; contractors; industrial customers","service cost; mix pressure; larger-account pricing; unbundling risk","digital footprint; sales; margin; daily sales growth","onsite/digital penetration stalls; margin compression","Fastenal 10-K; 10-Q; earnings release; transcript","analysis/company-first-principles/industrial-goods/industrial-supply/fastenal-company/company-analysis.md",FY2025,Digital Footprint share of sales,61.4,percent,"Digital Footprint supports Fastenal as workflow infrastructure attached to physical replenishment.",medium,analysis-derived-needs-primary-source
CF-011,"Data-center and infrastructure capital indirectly benefits industrial distribution and built-environment suppliers.",Fastenal,industrial distribution and built environment,"industrial capex; infrastructure capex; customer procurement budgets; operating budgets",Fastenal,"onsite inventory; vending; eBusiness; supply-chain services","industrial replenishment; MRO; point-of-use supplies","plants; facilities; contractors; industrial customers","service cost; mix pressure; larger-account pricing; unbundling risk","net sales; operating margin","sales growth stalls; margin compression","Fastenal 10-K","analysis/company-first-principles/industrial-goods/industrial-supply/fastenal-company/company-analysis.md",FY2025,net sales,8.2005,B USD,"Net sales support scale of embedded replenishment model.",medium,analysis-derived-needs-primary-source
CF-011,"Data-center and infrastructure capital indirectly benefits industrial distribution and built-environment suppliers.",Fastenal,industrial distribution and built environment,"industrial capex; infrastructure capex; customer procurement budgets; operating budgets",Fastenal,"onsite inventory; vending; eBusiness; supply-chain services","industrial replenishment; MRO; point-of-use supplies","plants; facilities; contractors; industrial customers","service cost; mix pressure; larger-account pricing; unbundling risk","daily sales growth","share gains slow; customer wins fade","Fastenal 10-K; earnings release","analysis/company-first-principles/industrial-goods/industrial-supply/fastenal-company/company-analysis.md",FY2025,daily sales growth,9.1,percent,"Daily sales growth supports relationship and penetration gains with large customers.",medium,analysis-derived-needs-primary-source
CF-011,"Data-center and infrastructure capital indirectly benefits industrial distribution and built-environment suppliers.",Fastenal,industrial distribution and built environment,"industrial capex; infrastructure capex; customer procurement budgets; operating budgets",Fastenal,"onsite inventory; vending; eBusiness; supply-chain services","industrial replenishment; MRO; point-of-use supplies","plants; facilities; contractors; industrial customers","service cost; mix pressure; larger-account pricing; unbundling risk","daily sales growth","onsite/digital penetration stalls; supply reliability anxiety fades","Fastenal Q2 2026 earnings release; transcript","analysis/company-first-principles/industrial-goods/industrial-supply/fastenal-company/company-analysis.md",Q2 2026,daily sales growth,14.7,percent,"Q2 growth suggests embedded model continued gaining traction.",medium,analysis-derived-needs-primary-source
CF-011,"Data-center and infrastructure capital indirectly benefits industrial distribution and built-environment suppliers.",Grainger,industrial distribution and built environment,"industrial capex; facility operating budgets; institutional budgets; infrastructure operations",Grainger,"high-touch MRO; endless assortment; digital catalog; fulfillment","maintenance; repair; operating supplies; institutional continuity","factories; warehouses; hospitals; schools; government facilities; contractors","digital competition; service erosion; margin pressure; tariff/freight effects","customer count; net sales; segment sales; operating margin; segment growth","high-touch share stalls; endless assortment slows; service quality erodes","Grainger 10-K; 10-Q; earnings release; transcript","analysis/company-first-principles/industrial-goods/industrial-supply/ww-grainger-inc/company-analysis.md",FY2025,customers served,4.6,M customers,"Customer count supports Grainger as a scaled procurement utility.",medium,analysis-derived-needs-primary-source
CF-011,"Data-center and infrastructure capital indirectly benefits industrial distribution and built-environment suppliers.",Grainger,industrial distribution and built environment,"industrial capex; facility operating budgets; institutional budgets; infrastructure operations",Grainger,"high-touch MRO; endless assortment; digital catalog; fulfillment","maintenance; repair; operating supplies; institutional continuity","factories; warehouses; hospitals; schools; government facilities; contractors","digital competition; service erosion; margin pressure; tariff/freight effects","net sales; segment sales","sales growth slows","Grainger 10-K","analysis/company-first-principles/industrial-goods/industrial-supply/ww-grainger-inc/company-analysis.md",FY2025,net sales,17.942,B USD,"Net sales support Grainger's scale in MRO continuity.",medium,analysis-derived-needs-primary-source
CF-011,"Data-center and infrastructure capital indirectly benefits industrial distribution and built-environment suppliers.",Grainger,industrial distribution and built environment,"industrial capex; facility operating budgets; institutional budgets; infrastructure operations",Grainger,"high-touch MRO; endless assortment; digital catalog; fulfillment","maintenance; repair; operating supplies; institutional continuity","factories; warehouses; hospitals; schools; government facilities; contractors","digital competition; service erosion; margin pressure; tariff/freight effects","Endless Assortment growth","digital growth slows without margin improvement","Grainger 10-K","analysis/company-first-principles/industrial-goods/industrial-supply/ww-grainger-inc/company-analysis.md",FY2025,Endless Assortment growth,15.7,percent,"Endless Assortment growth supports digital procurement as an MRO engine.",medium,analysis-derived-needs-primary-source
CF-011,"Data-center and infrastructure capital indirectly benefits industrial distribution and built-environment suppliers.",Grainger,industrial distribution and built environment,"industrial capex; facility operating budgets; institutional budgets; infrastructure operations",Grainger,"high-touch MRO; endless assortment; digital catalog; fulfillment","maintenance; repair; operating supplies; institutional continuity","factories; warehouses; hospitals; schools; government facilities; contractors","digital competition; service erosion; margin pressure; tariff/freight effects","quarterly net sales; operating margin","margin pressure; sales slowdown","Grainger Q2 2026 earnings release; 10-Q","analysis/company-first-principles/industrial-goods/industrial-supply/ww-grainger-inc/company-analysis.md",Q2 2026,net sales,5.021,B USD,"Q2 sales support continued MRO demand.",medium,analysis-derived-needs-primary-source
CF-011,"Data-center and infrastructure capital indirectly benefits industrial distribution and built-environment suppliers.",Grainger,industrial distribution and built environment,"industrial capex; facility operating budgets; institutional budgets; infrastructure operations",Grainger,"high-touch MRO; endless assortment; digital catalog; fulfillment","maintenance; repair; operating supplies; institutional continuity","factories; warehouses; hospitals; schools; government facilities; contractors","digital competition; service erosion; margin pressure; tariff/freight effects","High-Touch growth; Endless Assortment growth","either engine stalls","Grainger Q2 2026 earnings release; transcript","analysis/company-first-principles/industrial-goods/industrial-supply/ww-grainger-inc/company-analysis.md",Q2 2026,High-Touch Solutions growth,11.9,percent,"High-Touch growth supports relationship-heavy procurement demand.",medium,analysis-derived-needs-primary-source
CF-011,"Data-center and infrastructure capital indirectly benefits industrial distribution and built-environment suppliers.",Grainger,industrial distribution and built environment,"industrial capex; facility operating budgets; institutional budgets; infrastructure operations",Grainger,"high-touch MRO; endless assortment; digital catalog; fulfillment","maintenance; repair; operating supplies; institutional continuity","factories; warehouses; hospitals; schools; government facilities; contractors","digital competition; service erosion; margin pressure; tariff/freight effects","High-Touch growth; Endless Assortment growth","either engine stalls","Grainger Q2 2026 earnings release; transcript","analysis/company-first-principles/industrial-goods/industrial-supply/ww-grainger-inc/company-analysis.md",Q2 2026,Endless Assortment growth,13.5,percent,"Endless Assortment growth supports digital breadth alongside enterprise service.",medium,analysis-derived-needs-primary-source
CF-011,"Data-center and infrastructure capital indirectly benefits industrial distribution and built-environment suppliers.",Builders FirstSource,industrial distribution and built environment,"housing capital; builder working capital; mortgage-sensitive demand; construction capex",Builders FirstSource,"builder-supply platform; prefabrication; digital workflow; turnkey services","housing production; structural products; builder productivity","professional builders; homebuyers indirectly","housing starts weakness; commodity deflation; margin compression; adoption slowdown","locations; states; sales; EBITDA; value-added strategy","housing weakness overwhelms value-added mix","Builders FirstSource 10-K; 10-Q; earnings deck; transcript","analysis/company-first-principles/industrial-goods/general-building-materials/builders-firstsource-inc/company-analysis.md",FY2025,locations,585,count,"Location count supports BFS as a national builder-supply platform.",medium,analysis-derived-needs-primary-source
CF-011,"Data-center and infrastructure capital indirectly benefits industrial distribution and built-environment suppliers.",Builders FirstSource,industrial distribution and built environment,"housing capital; builder working capital; mortgage-sensitive demand; construction capex",Builders FirstSource,"builder-supply platform; prefabrication; digital workflow; turnkey services","housing production; structural products; builder productivity","professional builders; homebuyers indirectly","housing starts weakness; commodity deflation; margin compression; adoption slowdown","net sales; adjusted EBITDA; margin","housing weakness overwhelms value-added mix","Builders FirstSource 10-K","analysis/company-first-principles/industrial-goods/general-building-materials/builders-firstsource-inc/company-analysis.md",FY2025,net sales,15.8,B USD,"Net sales show large platform exposure to housing-production workflow.",medium,analysis-derived-needs-primary-source
CF-011,"Data-center and infrastructure capital indirectly benefits industrial distribution and built-environment suppliers.",Builders FirstSource,industrial distribution and built environment,"housing capital; builder working capital; mortgage-sensitive demand; construction capex",Builders FirstSource,"builder-supply platform; prefabrication; digital workflow; turnkey services","housing production; structural products; builder productivity","professional builders; homebuyers indirectly","housing starts weakness; commodity deflation; margin compression; adoption slowdown","adjusted EBITDA; margin","margin compression","Builders FirstSource 10-K","analysis/company-first-principles/industrial-goods/general-building-materials/builders-firstsource-inc/company-analysis.md",FY2025,adjusted EBITDA,1.6,B USD,"Adjusted EBITDA supports profitability despite weak housing market.",medium,analysis-derived-needs-primary-source
CF-011,"Data-center and infrastructure capital indirectly benefits industrial distribution and built-environment suppliers.",Builders FirstSource,industrial distribution and built environment,"housing capital; builder working capital; mortgage-sensitive demand; construction capex",Builders FirstSource,"builder-supply platform; prefabrication; digital workflow; turnkey services","housing production; structural products; builder productivity","professional builders; homebuyers indirectly","housing starts weakness; commodity deflation; margin compression; adoption slowdown","quarterly sales decline; adjusted EBITDA decline","housing weakness persists","Builders FirstSource Q2 2026 earnings release; transcript","analysis/company-first-principles/industrial-goods/general-building-materials/builders-firstsource-inc/company-analysis.md",Q2 2026,net sales decline,8.8,percent,"Sales decline is a disproof-pressure metric showing housing cyclicality against the workflow thesis.",medium,analysis-derived-needs-primary-source
CF-011,"Data-center and infrastructure capital indirectly benefits industrial distribution and built-environment suppliers.",Sherwin-Williams,industrial distribution and built environment,"property owners; contractors; commercial capex; maintenance budgets; construction demand",Sherwin-Williams,"controlled coatings distribution; pro repaint; commercial coatings; pricing","asset preservation; repaint; commercial maintenance; protective coatings","contractors; property owners; commercial asset owners","price increases fail; pro demand slows; raw-material inflation; new residential weakness","net sales growth; gross margin; Paint Stores sales; same-store sales; price increase","pricing fails; pro segments slow; margin pressure","Sherwin-Williams 10-K; 10-Q; earnings release; transcript","analysis/company-first-principles/basic-materials/specialty-chemicals/the-sherwin-williams-company/company-analysis.md",FY2025,net sales,23.6,B USD,"Net sales support coatings as a large built-environment maintenance channel.",medium,analysis-derived-needs-primary-source
CF-011,"Data-center and infrastructure capital indirectly benefits industrial distribution and built-environment suppliers.",Sherwin-Williams,industrial distribution and built environment,"property owners; contractors; commercial capex; maintenance budgets; construction demand",Sherwin-Williams,"controlled coatings distribution; pro repaint; commercial coatings; pricing","asset preservation; repaint; commercial maintenance; protective coatings","contractors; property owners; commercial asset owners","price increases fail; pro demand slows; raw-material inflation; new residential weakness","gross margin","margin pressure; raw material inflation","Sherwin-Williams 10-K","analysis/company-first-principles/basic-materials/specialty-chemicals/the-sherwin-williams-company/company-analysis.md",FY2025,gross margin,48.8,percent,"Gross margin supports pricing and channel-control economics.",medium,analysis-derived-needs-primary-source
CF-011,"Data-center and infrastructure capital indirectly benefits industrial distribution and built-environment suppliers.",Sherwin-Williams,industrial distribution and built environment,"property owners; contractors; commercial capex; maintenance budgets; construction demand",Sherwin-Williams,"controlled coatings distribution; pro repaint; commercial coatings; pricing","asset preservation; repaint; commercial maintenance; protective coatings","contractors; property owners; commercial asset owners","price increases fail; pro demand slows; raw-material inflation; new residential weakness","Paint Stores sales","Paint Stores growth slows","Sherwin-Williams 10-K","analysis/company-first-principles/basic-materials/specialty-chemicals/the-sherwin-williams-company/company-analysis.md",FY2025,Paint Stores Group sales,13.6,B USD,"Paint Stores sales support controlled distribution as the model center.",medium,analysis-derived-needs-primary-source
CF-011,"Data-center and infrastructure capital indirectly benefits industrial distribution and built-environment suppliers.",Sherwin-Williams,industrial distribution and built environment,"property owners; contractors; commercial capex; maintenance budgets; construction demand",Sherwin-Williams,"controlled coatings distribution; pro repaint; commercial coatings; pricing","asset preservation; repaint; commercial maintenance; protective coatings","contractors; property owners; commercial asset owners","price increases fail; pro demand slows; raw-material inflation; new residential weakness","same-store sales; net sales growth","demand weakens; pro slows","Sherwin-Williams Q2 2026 earnings release; transcript","analysis/company-first-principles/basic-materials/specialty-chemicals/the-sherwin-williams-company/company-analysis.md",Q2 2026,Paint Stores same-store sales growth,4.2,percent,"Same-store sales growth supports resilient pro repaint and maintenance demand.",medium,analysis-derived-needs-primary-source
CF-011,"Data-center and infrastructure capital indirectly benefits industrial distribution and built-environment suppliers.",Sherwin-Williams,industrial distribution and built environment,"property owners; contractors; commercial capex; maintenance budgets; construction demand",Sherwin-Williams,"controlled coatings distribution; pro repaint; commercial coatings; pricing","asset preservation; repaint; commercial maintenance; protective coatings","contractors; property owners; commercial asset owners","price increases fail; pro demand slows; raw-material inflation; new residential weakness","announced price increase","price increase fails to hold","Sherwin-Williams Q2 2026 earnings release; transcript","analysis/company-first-principles/basic-materials/specialty-chemicals/the-sherwin-williams-company/company-analysis.md",2026-09-01,announced price increase,8,percent,"Announced price increase is a watch metric for pricing power and channel control.",medium,analysis-derived-needs-primary-source
CF-014,"Capital-funded AI infrastructure still needs traffic control, security, identity, and edge governance.",Cloudflare,internet software control,"enterprise software budgets; AI application demand; security budgets; developer infrastructure spend",Cloudflare,"edge control; Zero Trust; AI Gateway; Workers; application security","traffic governance; machine-traffic control; edge execution; internet security","enterprises; developers; AI-agent traffic; application owners","RPO slowdown; gross margin pressure; GAAP losses; large-customer consolidation","revenue growth; RPO growth; operating income; GAAP loss","RPO slows; AI Gateway adoption fails; margin pressure worsens","Cloudflare 10-Q; shareholder letter; earnings deck; transcript","analysis/company-first-principles/technology/internet-software-services/cloudflare-inc/company-analysis.md",Q2 2026,revenue,696.1,M USD,"Revenue growth supports continued demand for internet control and security infrastructure.",medium,analysis-derived-needs-primary-source
CF-014,"Capital-funded AI infrastructure still needs traffic control, security, identity, and edge governance.",Cloudflare,internet software control,"enterprise software budgets; AI application demand; security budgets; developer infrastructure spend",Cloudflare,"edge control; Zero Trust; AI Gateway; Workers; application security","traffic governance; machine-traffic control; edge execution; internet security","enterprises; developers; AI-agent traffic; application owners","RPO slowdown; gross margin pressure; GAAP losses; large-customer consolidation","revenue growth","revenue growth slows","Cloudflare Q2 2026 earnings release; shareholder letter","analysis/company-first-principles/technology/internet-software-services/cloudflare-inc/company-analysis.md",Q2 2026,revenue growth,36,percent,"High revenue growth supports platform demand despite broader software scrutiny.",medium,analysis-derived-needs-primary-source
CF-014,"Capital-funded AI infrastructure still needs traffic control, security, identity, and edge governance.",Cloudflare,internet software control,"enterprise software budgets; AI application demand; security budgets; developer infrastructure spend",Cloudflare,"edge control; Zero Trust; AI Gateway; Workers; application security","traffic governance; machine-traffic control; edge execution; internet security","enterprises; developers; AI-agent traffic; application owners","RPO slowdown; gross margin pressure; GAAP losses; large-customer consolidation","RPO growth","RPO growth slows materially","Cloudflare Q2 2026 earnings release; shareholder letter","analysis/company-first-principles/technology/internet-software-services/cloudflare-inc/company-analysis.md",Q2 2026,current RPO growth,35,percent,"RPO growth indicates customers are committing to future platform use.",medium,analysis-derived-needs-primary-source
CF-014,"Capital-funded AI infrastructure still needs traffic control, security, identity, and edge governance.",Cloudflare,internet software control,"enterprise software budgets; AI application demand; security budgets; developer infrastructure spend",Cloudflare,"edge control; Zero Trust; AI Gateway; Workers; application security","traffic governance; machine-traffic control; edge execution; internet security","enterprises; developers; AI-agent traffic; application owners","RPO slowdown; gross margin pressure; GAAP losses; large-customer consolidation","non-GAAP operating income; GAAP operating loss","GAAP losses worsen; operating leverage fails","Cloudflare Q2 2026 earnings release; 10-Q","analysis/company-first-principles/technology/internet-software-services/cloudflare-inc/company-analysis.md",Q2 2026,non-GAAP operating income,96.1,M USD,"Non-GAAP operating income supports economic promise in the edge-control model.",medium,analysis-derived-needs-primary-source
CF-014,"Capital-funded AI infrastructure still needs traffic control, security, identity, and edge governance.",Cloudflare,internet software control,"enterprise software budgets; AI application demand; security budgets; developer infrastructure spend",Cloudflare,"edge control; Zero Trust; AI Gateway; Workers; application security","traffic governance; machine-traffic control; edge execution; internet security","enterprises; developers; AI-agent traffic; application owners","RPO slowdown; gross margin pressure; GAAP losses; large-customer consolidation","GAAP operating loss","GAAP loss narrows; path to profitability improves","Cloudflare Q2 2026 earnings release; 10-Q","analysis/company-first-principles/technology/internet-software-services/cloudflare-inc/company-analysis.md",Q2 2026,GAAP loss from operations,205.7,M USD,"GAAP operating loss is a disproof-pressure metric for whether control position converts into durable earnings.",medium,analysis-derived-needs-primary-source
CF-014,"Capital-funded AI infrastructure still needs traffic control, security, identity, and edge governance.",Akamai,internet software control,"enterprise security budgets; AI infrastructure demand; application delivery budgets; model-provider commitments",Akamai,"security; delivery; cloud infrastructure services; distributed cloud","application protection; distributed placement; edge compute; traffic delivery","enterprises; frontier model providers; application owners","delivery decline; CIS profitability; security growth slowdown","revenue; security revenue; delivery revenue; compute revenue; CIS commitments","delivery decline accelerates; CIS contracts fail to convert profitably","Akamai 10-K; 10-Q; earnings deck; transcript","analysis/company-first-principles/technology/internet-software-services/akamai-technologies-inc/company-analysis.md",FY2025,revenue,4.208,B USD,"Revenue scale supports Akamai's cash-generative internet infrastructure base.",medium,analysis-derived-needs-primary-source
CF-014,"Capital-funded AI infrastructure still needs traffic control, security, identity, and edge governance.",Akamai,internet software control,"enterprise security budgets; AI infrastructure demand; application delivery budgets; model-provider commitments",Akamai,"security; delivery; cloud infrastructure services; distributed cloud","application protection; distributed placement; edge compute; traffic delivery","enterprises; frontier model providers; application owners","delivery decline; CIS profitability; security growth slowdown","security revenue","security growth slows","Akamai 10-K; 10-Q; earnings deck","analysis/company-first-principles/technology/internet-software-services/akamai-technologies-inc/company-analysis.md",FY2025,security revenue,2.243,B USD,"Security revenue shows the profit pool shifting from delivery toward protection and control.",medium,analysis-derived-needs-primary-source
CF-014,"Capital-funded AI infrastructure still needs traffic control, security, identity, and edge governance.",Akamai,internet software control,"enterprise security budgets; AI infrastructure demand; application delivery budgets; model-provider commitments",Akamai,"security; delivery; cloud infrastructure services; distributed cloud","application protection; distributed placement; edge compute; traffic delivery","enterprises; frontier model providers; application owners","delivery decline; CIS profitability; security growth slowdown","delivery revenue","delivery decline accelerates","Akamai 10-K; 10-Q; earnings deck","analysis/company-first-principles/technology/internet-software-services/akamai-technologies-inc/company-analysis.md",FY2025,delivery revenue,1.257,B USD,"Delivery revenue is a legacy-base and transition-drag metric.",medium,analysis-derived-needs-primary-source
CF-014,"Capital-funded AI infrastructure still needs traffic control, security, identity, and edge governance.",Akamai,internet software control,"enterprise security budgets; AI infrastructure demand; application delivery budgets; model-provider commitments",Akamai,"security; delivery; cloud infrastructure services; distributed cloud","application protection; distributed placement; edge compute; traffic delivery","enterprises; frontier model providers; application owners","delivery decline; CIS profitability; security growth slowdown","compute revenue","compute fails to scale","Akamai 10-K; 10-Q; earnings deck","analysis/company-first-principles/technology/internet-software-services/akamai-technologies-inc/company-analysis.md",FY2025,compute revenue,708,M USD,"Compute revenue supports the distributed cloud transition component.",medium,analysis-derived-needs-primary-source
CF-014,"Capital-funded AI infrastructure still needs traffic control, security, identity, and edge governance.",Akamai,internet software control,"enterprise security budgets; AI infrastructure demand; application delivery budgets; model-provider commitments",Akamai,"security; delivery; cloud infrastructure services; distributed cloud","application protection; distributed placement; edge compute; traffic delivery","enterprises; frontier model providers; application owners","delivery decline; CIS profitability; security growth slowdown","cash from operations","cash flow weakens; transition funding tightens","Akamai 10-K","analysis/company-first-principles/technology/internet-software-services/akamai-technologies-inc/company-analysis.md",FY2025,cash from operations,1.519,B USD,"Cash generation supports ability to fund transition from delivery to security and CIS.",medium,analysis-derived-needs-primary-source
CF-014,"Capital-funded AI infrastructure still needs traffic control, security, identity, and edge governance.",Akamai,internet software control,"enterprise security budgets; AI infrastructure demand; application delivery budgets; model-provider commitments",Akamai,"cloud infrastructure services; distributed cloud","AI workload placement; distributed cloud infrastructure","frontier model provider; AI infrastructure customers","CIS contracts fail to convert profitably","multi-year CIS commitment","CIS commitment canceled or unprofitable","Akamai Q1 2026 earnings release; transcript","analysis/company-first-principles/technology/internet-software-services/akamai-technologies-inc/company-analysis.md",Q1 2026,seven-year CIS commitment,1.8,B USD,"Large CIS commitment is direct evidence that AI infrastructure demand reaches Akamai's distributed cloud layer.",medium,analysis-derived-needs-primary-source
CF-014,"Capital-funded AI infrastructure still needs traffic control, security, identity, and edge governance.",Akamai,internet software control,"enterprise security budgets; AI infrastructure demand; application delivery budgets; model-provider commitments",Akamai,"cloud infrastructure services; distributed cloud","AI workload placement; distributed cloud infrastructure","frontier model providers; AI infrastructure customers","CIS contracts fail to convert profitably","year-to-date multi-year CIS contracts","CIS commitments fail to convert","Akamai Q2 2026 earnings release; transcript","analysis/company-first-principles/technology/internet-software-services/akamai-technologies-inc/company-analysis.md",Q2 2026,year-to-date multi-year CIS contracts,2.8,B USD,"Multi-year CIS contracts show contracted demand for distributed placement.",medium,analysis-derived-needs-primary-source
CF-014,"Capital-funded AI infrastructure still needs traffic control, security, identity, and edge governance.",Fastly,internet software control,"developer infrastructure spend; digital business budgets; security budgets; edge compute demand",Fastly,"programmable edge; security; compute; observability; delivery","edge runtime; API protection; bot defense; application security","developers; digital businesses; commerce; media; API owners","customer concentration; security growth slowdown; net retention; thin FCF","revenue; security revenue; compute/observability growth; RPO; top-ten concentration","customer concentration rises; security growth slows; FCF stays thin","Fastly 10-K; 10-Q; earnings deck; transcript","analysis/company-first-principles/technology/internet-software-services/fastly-inc/company-analysis.md",FY2025,revenue,624.0,M USD,"Revenue supports Fastly's narrower but real programmable-edge platform.",medium,analysis-derived-needs-primary-source
CF-014,"Capital-funded AI infrastructure still needs traffic control, security, identity, and edge governance.",Fastly,internet software control,"developer infrastructure spend; digital business budgets; security budgets; edge compute demand",Fastly,"programmable edge; security; compute; observability; delivery","edge runtime; API protection; bot defense; application security","developers; digital businesses; commerce; media; API owners","customer concentration; security growth slowdown; net retention; thin FCF","free cash flow","FCF stays thin or turns negative","Fastly 10-K","analysis/company-first-principles/technology/internet-software-services/fastly-inc/company-analysis.md",FY2025,free cash flow,45.8,M USD,"FCF indicates improving financial footing but remains a watch metric for edge economics.",medium,analysis-derived-needs-primary-source
CF-014,"Capital-funded AI infrastructure still needs traffic control, security, identity, and edge governance.",Fastly,internet software control,"developer infrastructure spend; digital business budgets; security budgets; edge compute demand",Fastly,"security; programmable edge","application security; API protection; bot defense","developers; digital businesses; commerce; media; API owners","security growth slowdown; customer concentration","security revenue","security growth slows","Fastly 10-K","analysis/company-first-principles/technology/internet-software-services/fastly-inc/company-analysis.md",FY2025,security revenue,125.1,M USD,"Security revenue supports mix shift toward higher-value control.",medium,analysis-derived-needs-primary-source
CF-014,"Capital-funded AI infrastructure still needs traffic control, security, identity, and edge governance.",Fastly,internet software control,"developer infrastructure spend; digital business budgets; security budgets; edge compute demand",Fastly,"compute; observability; programmable edge","edge runtime; observability; application control","developers; digital businesses; commerce; media; API owners","compute adoption fails; customer concentration","other revenue including Compute and Observability growth","compute and observability growth slows","Fastly 10-K","analysis/company-first-principles/technology/internet-software-services/fastly-inc/company-analysis.md",FY2025,other revenue including Compute and Observability growth,64,percent,"Compute and observability growth supports the edge as programmable control surface.",medium,analysis-derived-needs-primary-source
CF-014,"Capital-funded AI infrastructure still needs traffic control, security, identity, and edge governance.",Fastly,internet software control,"developer infrastructure spend; digital business budgets; security budgets; edge compute demand",Fastly,"programmable edge; security; compute; observability; delivery","edge runtime; API protection; bot defense; application security","developers; digital businesses; commerce; media; API owners","customer concentration; security growth slowdown; net retention; thin FCF","RPO; revenue growth","RPO growth slows; revenue growth slows","Fastly Q2 2026 earnings release; transcript","analysis/company-first-principles/technology/internet-software-services/fastly-inc/company-analysis.md",Q2 2026,revenue,183.3,M USD,"Q2 revenue shows improved growth into the next year.",medium,analysis-derived-needs-primary-source
CF-014,"Capital-funded AI infrastructure still needs traffic control, security, identity, and edge governance.",Fastly,internet software control,"developer infrastructure spend; digital business budgets; security budgets; edge compute demand",Fastly,"programmable edge; security; compute; observability; delivery","edge runtime; API protection; bot defense; application security","developers; digital businesses; commerce; media; API owners","customer concentration; security growth slowdown; net retention; thin FCF","RPO growth; RPO","RPO growth slows","Fastly Q2 2026 earnings release; transcript","analysis/company-first-principles/technology/internet-software-services/fastly-inc/company-analysis.md",Q2 2026,RPO,341,M USD,"RPO shows future customer commitments to the edge platform.",medium,analysis-derived-needs-primary-source
CF-014,"Capital-funded AI infrastructure still needs traffic control, security, identity, and edge governance.",Fastly,internet software control,"developer infrastructure spend; digital business budgets; security budgets; edge compute demand",Fastly,"programmable edge; security; compute; observability; delivery","edge runtime; API protection; bot defense; application security","developers; digital businesses; commerce; media; API owners","customer concentration; security growth slowdown; net retention; thin FCF","top-ten customer concentration","concentration rises; large-customer architecture shifts","Fastly Q2 2026 earnings release; 10-Q","analysis/company-first-principles/technology/internet-software-services/fastly-inc/company-analysis.md",Q2 2026,top-ten customers share of revenue,37,percent,"Top-ten concentration is a disproof-pressure metric for narrower control position risk.",medium,analysis-derived-needs-primary-source
CF-014,"Capital-funded AI infrastructure still needs traffic control, security, identity, and edge governance.",Zscaler,internet software control,"enterprise security budgets; Zero Trust budgets; AI security spend; data security spend",Zscaler,"Zero Trust; cloud policy; AI security; data security; browser security","enterprise access governance; AI-agent policy; human-and-machine traffic control","enterprises; workers; cloud workloads; AI agents","ARR growth slowdown; large-customer cohorts flatten; integration risk; platform bundling pressure","revenue; ARR; RPO; customer cohorts; AI transactions; operating cash flow","ARR slows; large-customer cohorts flatten; pricing power weakens","Zscaler 10-K; 10-Q; earnings deck; transcript; IR metrics","analysis/company-first-principles/technology/internet-software-services/zscaler-inc/company-analysis.md",FY2025,revenue,2.6731,B USD,"Revenue supports Zscaler as a large enterprise policy layer.",medium,analysis-derived-needs-primary-source
CF-014,"Capital-funded AI infrastructure still needs traffic control, security, identity, and edge governance.",Zscaler,internet software control,"enterprise security budgets; Zero Trust budgets; AI security spend; data security spend",Zscaler,"Zero Trust; cloud policy; AI security; data security; browser security","enterprise access governance; AI-agent policy; human-and-machine traffic control","enterprises; workers; cloud workloads; AI agents","ARR growth slowdown; large-customer cohorts flatten; integration risk; platform bundling pressure","operating cash flow; free cash flow","cash generation weakens","Zscaler 10-K","analysis/company-first-principles/technology/internet-software-services/zscaler-inc/company-analysis.md",FY2025,operating cash flow,972.5,M USD,"Operating cash flow supports utility-like recurring software economics.",medium,analysis-derived-needs-primary-source
CF-014,"Capital-funded AI infrastructure still needs traffic control, security, identity, and edge governance.",Zscaler,internet software control,"enterprise security budgets; Zero Trust budgets; AI security spend; data security spend",Zscaler,"Zero Trust; cloud policy; AI security; data security; browser security","enterprise access governance; AI-agent policy; human-and-machine traffic control","enterprises; workers; cloud workloads; AI agents","ARR growth slowdown; large-customer cohorts flatten; integration risk; platform bundling pressure","ARR; RPO","ARR slows; RPO slows","Zscaler FY2026 Q3 earnings release; transcript","analysis/company-first-principles/technology/internet-software-services/zscaler-inc/company-analysis.md",FY2026 Q3,ARR,3.525,B USD,"ARR supports embedded future use of access-policy platform.",medium,analysis-derived-needs-primary-source
CF-014,"Capital-funded AI infrastructure still needs traffic control, security, identity, and edge governance.",Zscaler,internet software control,"enterprise security budgets; Zero Trust budgets; AI security spend; data security spend",Zscaler,"Zero Trust; cloud policy; AI security; data security; browser security","enterprise access governance; AI-agent policy; human-and-machine traffic control","enterprises; workers; cloud workloads; AI agents","ARR growth slowdown; large-customer cohorts flatten; integration risk; platform bundling pressure","RPO","RPO slows","Zscaler FY2026 Q3 earnings release; transcript","analysis/company-first-principles/technology/internet-software-services/zscaler-inc/company-analysis.md",FY2026 Q3,RPO,6.459,B USD,"RPO indicates customers committing to future access-governance use.",medium,analysis-derived-needs-primary-source
CF-014,"Capital-funded AI infrastructure still needs traffic control, security, identity, and edge governance.",Zscaler,internet software control,"enterprise security budgets; Zero Trust budgets; AI security spend; data security spend",Zscaler,"Zero Trust; cloud policy; AI security; data security; browser security","enterprise access governance; AI-agent policy; human-and-machine traffic control","enterprises; workers; cloud workloads; AI agents","ARR growth slowdown; large-customer cohorts flatten; integration risk; platform bundling pressure","large customer count","large-customer cohorts flatten","Zscaler FY2026 Q3 earnings release; transcript","analysis/company-first-principles/technology/internet-software-services/zscaler-inc/company-analysis.md",FY2026 Q3,customers with 1M plus ARR,748,count,"Large-customer count supports Zero Trust moving from project to platform.",medium,analysis-derived-needs-primary-source
CF-014,"Capital-funded AI infrastructure still needs traffic control, security, identity, and edge governance.",Zscaler,internet software control,"enterprise security budgets; Zero Trust budgets; AI security spend; data security spend",Zscaler,"Zero Trust; cloud policy; AI security; data security; browser security","enterprise access governance; AI-agent policy; human-and-machine traffic control","enterprises; workers; cloud workloads; AI agents","ARR growth slowdown; large-customer cohorts flatten; integration risk; platform bundling pressure","AI transactions processed","AI traffic metric fails to grow or monetize","Zscaler IR metrics; FY2026 Q3 materials","analysis/company-first-principles/technology/internet-software-services/zscaler-inc/company-analysis.md",CY2025,AI transactions processed,1,T transactions,"AI transaction volume is direct evidence that machine-mediated work is entering traffic-governance workload.",medium,analysis-derived-needs-primary-source
CF-014,"Capital-funded AI infrastructure still needs traffic control, security, identity, and edge governance.",DigitalOcean,internet software control,"developer infrastructure spend; SMB cloud budgets; startup capital; AI-native builder demand",DigitalOcean,"builder cloud; inference infrastructure; core cloud; contracted infrastructure relationships","SMB/startup cloud; AI inference; developer infrastructure","developers; startups; SMBs; AI-native builders","AI ARR slowdown; margin pressure; capacity commitments; larger-customer dependence","revenue; ARR; AI customer ARR; RPO; operating cash flow","AI ARR slows; RPO conversion weakens; gross margin pressure","DigitalOcean 10-K; 10-Q; earnings deck; transcript","analysis/company-first-principles/technology/internet-software-services/digitalocean-holdings-inc/company-analysis.md",FY2025,revenue,901.4,M USD,"Revenue supports DigitalOcean as a meaningful builder-access infrastructure platform.",medium,analysis-derived-needs-primary-source
CF-014,"Capital-funded AI infrastructure still needs traffic control, security, identity, and edge governance.",DigitalOcean,internet software control,"developer infrastructure spend; SMB cloud budgets; startup capital; AI-native builder demand",DigitalOcean,"builder cloud; inference infrastructure; core cloud; contracted infrastructure relationships","SMB/startup cloud; AI inference; developer infrastructure","developers; startups; SMBs; AI-native builders","AI ARR slowdown; margin pressure; capacity commitments; larger-customer dependence","operating income; operating cash flow","cash generation weakens; margin pressure","DigitalOcean 10-K","analysis/company-first-principles/technology/internet-software-services/digitalocean-holdings-inc/company-analysis.md",FY2025,operating cash flow,309.6,M USD,"Operating cash flow supports the claim that simpler cloud access can be a real infrastructure business.",medium,analysis-derived-needs-primary-source
CF-014,"Capital-funded AI infrastructure still needs traffic control, security, identity, and edge governance.",DigitalOcean,internet software control,"developer infrastructure spend; SMB cloud budgets; startup capital; AI-native builder demand",DigitalOcean,"builder cloud; inference infrastructure; core cloud; contracted infrastructure relationships","SMB/startup cloud; AI inference; developer infrastructure","developers; startups; SMBs; AI-native builders","AI ARR slowdown; margin pressure; capacity commitments; larger-customer dependence","ARR; revenue growth","ARR growth slows; revenue growth slows","DigitalOcean Q2 2026 earnings release; transcript","analysis/company-first-principles/technology/internet-software-services/digitalocean-holdings-inc/company-analysis.md",Q2 2026,ARR,1.125,B USD,"ARR supports larger committed builder-cloud opportunity.",medium,analysis-derived-needs-primary-source
CF-014,"Capital-funded AI infrastructure still needs traffic control, security, identity, and edge governance.",DigitalOcean,internet software control,"developer infrastructure spend; SMB cloud budgets; startup capital; AI-native builder demand",DigitalOcean,"builder cloud; inference infrastructure; core cloud; contracted infrastructure relationships","SMB/startup cloud; AI inference; developer infrastructure","developers; startups; SMBs; AI-native builders","AI ARR slowdown; margin pressure; capacity commitments; larger-customer dependence","AI customer ARR","AI ARR slows; capacity economics worsen","DigitalOcean Q2 2026 earnings release; transcript","analysis/company-first-principles/technology/internet-software-services/digitalocean-holdings-inc/company-analysis.md",Q2 2026,AI customer ARR,234,M USD,"AI customer ARR directly supports inference and AI-native infrastructure demand.",medium,analysis-derived-needs-primary-source
CF-014,"Capital-funded AI infrastructure still needs traffic control, security, identity, and edge governance.",DigitalOcean,internet software control,"developer infrastructure spend; SMB cloud budgets; startup capital; AI-native builder demand",DigitalOcean,"builder cloud; inference infrastructure; core cloud; contracted infrastructure relationships","SMB/startup cloud; AI inference; developer infrastructure","developers; startups; SMBs; AI-native builders","AI ARR slowdown; margin pressure; capacity commitments; larger-customer dependence","AI customer ARR mix","AI ARR shifts to lower-quality bare metal resale","DigitalOcean Q2 2026 earnings release; transcript","analysis/company-first-principles/technology/internet-software-services/digitalocean-holdings-inc/company-analysis.md",Q2 2026,AI customer ARR from inference and core cloud,85,percent,"AI ARR mix suggests AI demand is tied to useful cloud services, not only GPU resale.",medium,analysis-derived-needs-primary-source
CF-014,"Capital-funded AI infrastructure still needs traffic control, security, identity, and edge governance.",DigitalOcean,internet software control,"developer infrastructure spend; SMB cloud budgets; startup capital; AI-native builder demand",DigitalOcean,"builder cloud; inference infrastructure; core cloud; contracted infrastructure relationships","SMB/startup cloud; AI inference; developer infrastructure","developers; startups; SMBs; AI-native builders","AI ARR slowdown; margin pressure; capacity commitments; larger-customer dependence","RPO; next-12-month RPO","RPO conversion weakens","DigitalOcean Q2 2026 earnings release; transcript","analysis/company-first-principles/technology/internet-software-services/digitalocean-holdings-inc/company-analysis.md",Q2 2026,RPO,894,M USD,"RPO shows DigitalOcean moving toward larger committed infrastructure relationships.",medium,analysis-derived-needs-primary-source
CF-019,"Healthcare capital and reimbursement flows are moving toward control-plane payers and lower-cost recurring care sites.",UnitedHealth,healthcare access and care delivery,"employers; government programs; individuals; healthcare premiums; public reimbursement",UnitedHealth,"managed care; Optum services; pharmacy economics; analytics; care delivery","healthcare benefits; care routing; pharmacy; services; administrative control","patients; employers; governments; providers; Optum service users","medical-cost trend; policy pressure; pharmacy scrutiny; cyber/governance trust","revenue; operating earnings; net margin; adjusted EPS; guidance","medical-cost trend remains underpriced; regulators restrict economics","UnitedHealth 10-K; 10-Q; earnings release; transcript","analysis/company-first-principles/healthcare/managed-health-care/unitedhealth-group-inc/company-analysis.md",FY2025,revenue,447.6,B USD,"Revenue scale supports UnitedHealth as a healthcare control-plane company.",medium,analysis-derived-needs-primary-source
CF-019,"Healthcare capital and reimbursement flows are moving toward control-plane payers and lower-cost recurring care sites.",UnitedHealth,healthcare access and care delivery,"employers; government programs; individuals; healthcare premiums; public reimbursement",UnitedHealth,"managed care; Optum services; pharmacy economics; analytics; care delivery","healthcare benefits; care routing; pharmacy; services; administrative control","patients; employers; governments; providers; Optum service users","medical-cost trend; policy pressure; pharmacy scrutiny; cyber/governance trust","revenue; operating earnings; net margin; adjusted EPS","medical-cost trend remains underpriced; trust weakens","UnitedHealth Q2 2026 earnings release; 10-Q","analysis/company-first-principles/healthcare/managed-health-care/unitedhealth-group-inc/company-analysis.md",Q2 2026,revenue,112.0,B USD,"Quarterly revenue shows continuing system scale after a difficult 2025.",medium,analysis-derived-needs-primary-source
CF-019,"Healthcare capital and reimbursement flows are moving toward control-plane payers and lower-cost recurring care sites.",UnitedHealth,healthcare access and care delivery,"employers; government programs; individuals; healthcare premiums; public reimbursement",UnitedHealth,"managed care; Optum services; pharmacy economics; analytics; care delivery","healthcare benefits; care routing; pharmacy; services; administrative control","patients; employers; governments; providers; Optum service users","medical-cost trend; policy pressure; pharmacy scrutiny; cyber/governance trust","earnings from operations; net margin; adjusted EPS","profitability repair fails","UnitedHealth Q2 2026 earnings release; 10-Q","analysis/company-first-principles/healthcare/managed-health-care/unitedhealth-group-inc/company-analysis.md",Q2 2026,earnings from operations,8.0,B USD,"Operating earnings support recovery of payer/control-plane profitability.",medium,analysis-derived-needs-primary-source
CF-019,"Healthcare capital and reimbursement flows are moving toward control-plane payers and lower-cost recurring care sites.",UnitedHealth,healthcare access and care delivery,"employers; government programs; individuals; healthcare premiums; public reimbursement",UnitedHealth,"managed care; Optum services; pharmacy economics; analytics; care delivery","healthcare benefits; care routing; pharmacy; services; administrative control","patients; employers; governments; providers; Optum service users","medical-cost trend; policy pressure; pharmacy scrutiny; cyber/governance trust","net margin","margin stays pressured","UnitedHealth Q2 2026 earnings release; 10-Q","analysis/company-first-principles/healthcare/managed-health-care/unitedhealth-group-inc/company-analysis.md",Q2 2026,net margin,4.9,percent,"Net margin is a proof and pressure metric for control-plane economics.",medium,analysis-derived-needs-primary-source
CF-019,"Healthcare capital and reimbursement flows are moving toward control-plane payers and lower-cost recurring care sites.",UnitedHealth,healthcare access and care delivery,"employers; government programs; individuals; healthcare premiums; public reimbursement",UnitedHealth,"managed care; Optum services; pharmacy economics; analytics; care delivery","healthcare benefits; care routing; pharmacy; services; administrative control","patients; employers; governments; providers; Optum service users","medical-cost trend; policy pressure; pharmacy scrutiny; cyber/governance trust","adjusted EPS guidance","guidance cut","UnitedHealth Q2 2026 earnings release; transcript","analysis/company-first-principles/healthcare/managed-health-care/unitedhealth-group-inc/company-analysis.md",FY2026,adjusted EPS guidance low,19.50,USD/share,"Guidance raise is a watch metric for pricing and operational repair.",medium,analysis-derived-needs-primary-source
CF-019,"Healthcare capital and reimbursement flows are moving toward control-plane payers and lower-cost recurring care sites.",UnitedHealth,healthcare access and care delivery,"employers; government programs; individuals; healthcare premiums; public reimbursement",UnitedHealth,"managed care; Optum services; pharmacy economics; analytics; care delivery","healthcare benefits; care routing; pharmacy; services; administrative control","patients; employers; governments; providers; Optum service users","medical-cost trend; policy pressure; pharmacy scrutiny; cyber/governance trust","adjusted EPS guidance","guidance cut","UnitedHealth Q2 2026 earnings release; transcript","analysis/company-first-principles/healthcare/managed-health-care/unitedhealth-group-inc/company-analysis.md",FY2026,adjusted EPS guidance high,20.00,USD/share,"Upper end of guidance frames management's recovery expectations.",medium,analysis-derived-needs-primary-source
CF-019,"Healthcare capital and reimbursement flows are moving toward control-plane payers and lower-cost recurring care sites.",Cigna,healthcare access and care delivery,"employers; plan sponsors; members; healthcare premiums; pharmacy spend",Cigna,"health benefits; Evernorth pharmacy services; specialty pharmacy; benefit design","benefits administration; pharmacy-cost routing; specialty-drug access","employers; plan sponsors; members; patients using specialty therapies","PBM regulation; drug-pricing pressure; client losses; medical-cost trend","revenue; adjusted income; SG&A; outlook","PBM economics compress; client retention weakens","Cigna 10-K; 10-Q; earnings release; transcript","analysis/company-first-principles/healthcare/managed-health-care/the-cigna-group/company-analysis.md",FY2025,total revenues,274.9,B USD,"Revenue scale supports Cigna as benefits and pharmacy-cost infrastructure.",medium,analysis-derived-needs-primary-source
CF-019,"Healthcare capital and reimbursement flows are moving toward control-plane payers and lower-cost recurring care sites.",Cigna,healthcare access and care delivery,"employers; plan sponsors; members; healthcare premiums; pharmacy spend",Cigna,"health benefits; Evernorth pharmacy services; specialty pharmacy; benefit design","benefits administration; pharmacy-cost routing; specialty-drug access","employers; plan sponsors; members; patients using specialty therapies","PBM regulation; drug-pricing pressure; client losses; medical-cost trend","revenue growth","growth slows; client losses","Cigna 10-K; earnings release","analysis/company-first-principles/healthcare/managed-health-care/the-cigna-group/company-analysis.md",FY2025,total revenue growth,11,percent,"Revenue growth supports recurring demand for benefits and pharmacy services.",medium,analysis-derived-needs-primary-source
CF-019,"Healthcare capital and reimbursement flows are moving toward control-plane payers and lower-cost recurring care sites.",Cigna,healthcare access and care delivery,"employers; plan sponsors; members; healthcare premiums; pharmacy spend",Cigna,"health benefits; Evernorth pharmacy services; specialty pharmacy; benefit design","benefits administration; pharmacy-cost routing; specialty-drug access","employers; plan sponsors; members; patients using specialty therapies","PBM regulation; drug-pricing pressure; client losses; medical-cost trend","adjusted income from operations","operating income weakens","Cigna 10-K; earnings release","analysis/company-first-principles/healthcare/managed-health-care/the-cigna-group/company-analysis.md",FY2025,adjusted income from operations,8.0,B USD,"Adjusted income supports strong earnings scale in healthcare routing.",medium,analysis-derived-needs-primary-source
CF-019,"Healthcare capital and reimbursement flows are moving toward control-plane payers and lower-cost recurring care sites.",Cigna,healthcare access and care delivery,"employers; plan sponsors; members; healthcare premiums; pharmacy spend",Cigna,"health benefits; Evernorth pharmacy services; specialty pharmacy; benefit design","benefits administration; pharmacy-cost routing; specialty-drug access","employers; plan sponsors; members; patients using specialty therapies","PBM regulation; drug-pricing pressure; client losses; medical-cost trend","quarterly revenues; adjusted income; SG&A","operating efficiency weakens","Cigna Q2 2026 earnings release; 10-Q","analysis/company-first-principles/healthcare/managed-health-care/the-cigna-group/company-analysis.md",Q2 2026,revenues,71.668,B USD,"Quarterly revenue shows continued platform scale.",medium,analysis-derived-needs-primary-source
CF-019,"Healthcare capital and reimbursement flows are moving toward control-plane payers and lower-cost recurring care sites.",Cigna,healthcare access and care delivery,"employers; plan sponsors; members; healthcare premiums; pharmacy spend",Cigna,"health benefits; Evernorth pharmacy services; specialty pharmacy; benefit design","benefits administration; pharmacy-cost routing; specialty-drug access","employers; plan sponsors; members; patients using specialty therapies","PBM regulation; drug-pricing pressure; client losses; medical-cost trend","adjusted SG&A","administrative efficiency weakens","Cigna Q2 2026 earnings release; 10-Q","analysis/company-first-principles/healthcare/managed-health-care/the-cigna-group/company-analysis.md",Q2 2026,adjusted SG&A ratio,4.6,percent,"Adjusted SG&A ratio supports administrative efficiency as a healthcare profit lever.",medium,analysis-derived-needs-primary-source
CF-019,"Healthcare capital and reimbursement flows are moving toward control-plane payers and lower-cost recurring care sites.",Cigna,healthcare access and care delivery,"employers; plan sponsors; members; healthcare premiums; pharmacy spend",Cigna,"health benefits; Evernorth pharmacy services; specialty pharmacy; benefit design","benefits administration; pharmacy-cost routing; specialty-drug access","employers; plan sponsors; members; patients using specialty therapies","PBM regulation; drug-pricing pressure; client losses; medical-cost trend","adjusted income outlook","outlook cut","Cigna Q2 2026 earnings release; transcript","analysis/company-first-principles/healthcare/managed-health-care/the-cigna-group/company-analysis.md",FY2026,adjusted income from operations outlook per share,30.45,USD/share,"Raised outlook supports execution stability in payer/pharmacy services.",medium,analysis-derived-needs-primary-source
CF-019,"Healthcare capital and reimbursement flows are moving toward control-plane payers and lower-cost recurring care sites.",DaVita,healthcare access and care delivery,"Medicare; commercial payers; value-based care contracts; patient treatment demand",DaVita,"dialysis centers; home dialysis; integrated kidney care; risk-based arrangements","chronic kidney care; recurring treatment infrastructure; medical spend management","dialysis patients; payers; government programs","reimbursement pressure; labor cost; commercial mix erosion; utilization weakness","revenue; operating income; treatments per day; patients in risk-based arrangements; annualized medical spend","reimbursement falls; treatment growth slows; risk arrangements lose money","DaVita 10-K; 10-Q; earnings deck; transcript; CMS dialysis data","analysis/company-first-principles/healthcare/specialized-health-services/davita-inc/company-analysis.md",FY2025,revenue,13.643,B USD,"Revenue supports dialysis as large recurring chronic-treatment infrastructure.",medium,analysis-derived-needs-primary-source
CF-019,"Healthcare capital and reimbursement flows are moving toward control-plane payers and lower-cost recurring care sites.",DaVita,healthcare access and care delivery,"Medicare; commercial payers; value-based care contracts; patient treatment demand",DaVita,"dialysis centers; home dialysis; integrated kidney care; risk-based arrangements","chronic kidney care; recurring treatment infrastructure; medical spend management","dialysis patients; payers; government programs","reimbursement pressure; labor cost; commercial mix erosion; utilization weakness","operating income","operating income weakens","DaVita 10-K","analysis/company-first-principles/healthcare/specialized-health-services/davita-inc/company-analysis.md",FY2025,operating income,2.044,B USD,"Operating income supports treatment-density economics.",medium,analysis-derived-needs-primary-source
CF-019,"Healthcare capital and reimbursement flows are moving toward control-plane payers and lower-cost recurring care sites.",DaVita,healthcare access and care delivery,"Medicare; commercial payers; value-based care contracts; patient treatment demand",DaVita,"dialysis centers; home dialysis; integrated kidney care; risk-based arrangements","chronic kidney care; recurring treatment infrastructure; medical spend management","dialysis patients; payers; government programs","reimbursement pressure; labor cost; commercial mix erosion; utilization weakness","treatments per day","treatment growth slows; utilization weakens","DaVita Q1 2026 earnings release; 10-Q","analysis/company-first-principles/healthcare/specialized-health-services/davita-inc/company-analysis.md",Q1 2026,U.S. treatments per day,91650,count,"Treatments per day is the core recurring-demand unit for dialysis.",medium,analysis-derived-needs-primary-source
CF-019,"Healthcare capital and reimbursement flows are moving toward control-plane payers and lower-cost recurring care sites.",DaVita,healthcare access and care delivery,"Medicare; commercial payers; value-based care contracts; patient treatment demand",DaVita,"dialysis centers; home dialysis; integrated kidney care; risk-based arrangements","chronic kidney care; recurring treatment infrastructure; medical spend management","dialysis patients; payers; government programs","reimbursement pressure; labor cost; commercial mix erosion; utilization weakness","patients in risk-based arrangements","risk arrangements lose money; patient count declines","DaVita Q2 2026 earnings release; transcript","analysis/company-first-principles/healthcare/specialized-health-services/davita-inc/company-analysis.md",Q2 2026,patients in risk-based arrangements,64900,count,"Risk-based patient count shows DaVita moving beyond sessions into total-cost coordination.",medium,analysis-derived-needs-primary-source
CF-019,"Healthcare capital and reimbursement flows are moving toward control-plane payers and lower-cost recurring care sites.",DaVita,healthcare access and care delivery,"Medicare; commercial payers; value-based care contracts; patient treatment demand",DaVita,"dialysis centers; home dialysis; integrated kidney care; risk-based arrangements","chronic kidney care; recurring treatment infrastructure; medical spend management","dialysis patients; payers; government programs","reimbursement pressure; labor cost; commercial mix erosion; utilization weakness","annualized medical spend under risk","medical spend management fails","DaVita Q2 2026 earnings release; transcript","analysis/company-first-principles/healthcare/specialized-health-services/davita-inc/company-analysis.md",Q2 2026,annualized medical spend in risk-based arrangements,5.8,B USD,"Annualized medical spend under risk supports the claim that chronic-care operators are asked to manage total cost.",medium,analysis-derived-needs-primary-source
CF-019,"Healthcare capital and reimbursement flows are moving toward control-plane payers and lower-cost recurring care sites.",Option Care,healthcare access and care delivery,"payers; specialty pharmacy spend; patient therapy demand; drug manufacturers; referral sources",Option Care,"home infusion; alternate-site therapy; payer authorization; pharmacy handling; clinical logistics","home and alternate-site infusion; specialty therapy routing","patients; payers; drug manufacturers; physicians","payer reimbursement pressure; nurse capacity; therapy mix; hospital competition","net revenue; adjusted EBITDA; EPS; guidance; revenue growth","reimbursement cuts; unfavorable therapy mix; nurse shortage","Option Care 10-K; 10-Q; earnings deck; transcript","analysis/company-first-principles/healthcare/specialized-health-services/option-care-health-inc/company-analysis.md",Q2 2026,net revenue,1.442,B USD,"Net revenue supports national scale in alternate-site therapy infrastructure.",medium,analysis-derived-needs-primary-source
CF-019,"Healthcare capital and reimbursement flows are moving toward control-plane payers and lower-cost recurring care sites.",Option Care,healthcare access and care delivery,"payers; specialty pharmacy spend; patient therapy demand; drug manufacturers; referral sources",Option Care,"home infusion; alternate-site therapy; payer authorization; pharmacy handling; clinical logistics","home and alternate-site infusion; specialty therapy routing","patients; payers; drug manufacturers; physicians","payer reimbursement pressure; nurse capacity; therapy mix; hospital competition","adjusted EBITDA","EBITDA margin compresses","Option Care Q2 2026 earnings release; 10-Q","analysis/company-first-principles/healthcare/specialized-health-services/option-care-health-inc/company-analysis.md",Q2 2026,adjusted EBITDA,117.5,M USD,"Adjusted EBITDA supports profitability of recurring alternate-site therapy.",medium,analysis-derived-needs-primary-source
CF-019,"Healthcare capital and reimbursement flows are moving toward control-plane payers and lower-cost recurring care sites.",Option Care,healthcare access and care delivery,"payers; specialty pharmacy spend; patient therapy demand; drug manufacturers; referral sources",Option Care,"home infusion; alternate-site therapy; payer authorization; pharmacy handling; clinical logistics","home and alternate-site infusion; specialty therapy routing","patients; payers; drug manufacturers; physicians","payer reimbursement pressure; nurse capacity; therapy mix; hospital competition","net revenue; adjusted EBITDA","growth stalls","Option Care Q1 2026 earnings release; 10-Q","analysis/company-first-principles/healthcare/specialized-health-services/option-care-health-inc/company-analysis.md",Q1 2026,net revenue,1.3507,B USD,"Q1 revenue supports steady quarterly economics.",medium,analysis-derived-needs-primary-source
CF-019,"Healthcare capital and reimbursement flows are moving toward control-plane payers and lower-cost recurring care sites.",Option Care,healthcare access and care delivery,"payers; specialty pharmacy spend; patient therapy demand; drug manufacturers; referral sources",Option Care,"home infusion; alternate-site therapy; payer authorization; pharmacy handling; clinical logistics","home and alternate-site infusion; specialty therapy routing","patients; payers; drug manufacturers; physicians","payer reimbursement pressure; nurse capacity; therapy mix; hospital competition","revenue growth","growth momentum fades","Option Care Q4 2025 earnings release; transcript","analysis/company-first-principles/healthcare/specialized-health-services/option-care-health-inc/company-analysis.md",Q4 2025,revenue growth,8.8,percent,"Revenue growth entering 2026 supports durable site-of-care migration.",medium,analysis-derived-needs-primary-source
CF-019,"Healthcare capital and reimbursement flows are moving toward control-plane payers and lower-cost recurring care sites.",Addus,healthcare access and care delivery,"Medicaid; managed care; hospice reimbursement; home-health reimbursement; families indirectly",Addus,"personal care; hospice; home health; acquisitions; branch density","aging-in-place support; lower-cost home care; daily-living assistance","older adults; disabled patients; families; payers","caregiver availability; state reimbursement; managed-care bargaining; compliance costs","revenue; EBITDA; operating cash flow; revenue mix; state rate increases","labor shortage; rates fail to cover wages; acquisitions fail","Addus 10-K; 10-Q; earnings deck; transcript; Medicaid rate materials","analysis/company-first-principles/healthcare/specialized-health-services/addus-homecare-corporation/company-analysis.md",FY2025,revenue,1.42,B USD,"Record revenue supports recurring home-care platform scale.",medium,analysis-derived-needs-primary-source
CF-019,"Healthcare capital and reimbursement flows are moving toward control-plane payers and lower-cost recurring care sites.",Addus,healthcare access and care delivery,"Medicaid; managed care; hospice reimbursement; home-health reimbursement; families indirectly",Addus,"personal care; hospice; home health; acquisitions; branch density","aging-in-place support; lower-cost home care; daily-living assistance","older adults; disabled patients; families; payers","caregiver availability; state reimbursement; managed-care bargaining; compliance costs","quarterly revenue; net income; adjusted EBITDA; operating cash flow","labor/rate pressure compresses profit","Addus Q2 2026 earnings release; 10-Q","analysis/company-first-principles/healthcare/specialized-health-services/addus-homecare-corporation/company-analysis.md",Q2 2026,revenue,377.4,M USD,"Q2 revenue shows ongoing home-care demand.",medium,analysis-derived-needs-primary-source
CF-019,"Healthcare capital and reimbursement flows are moving toward control-plane payers and lower-cost recurring care sites.",Addus,healthcare access and care delivery,"Medicaid; managed care; hospice reimbursement; home-health reimbursement; families indirectly",Addus,"personal care; hospice; home health; acquisitions; branch density","aging-in-place support; lower-cost home care; daily-living assistance","older adults; disabled patients; families; payers","caregiver availability; state reimbursement; managed-care bargaining; compliance costs","adjusted EBITDA; operating cash flow","profitability weakens","Addus Q2 2026 earnings release; 10-Q","analysis/company-first-principles/healthcare/specialized-health-services/addus-homecare-corporation/company-analysis.md",Q2 2026,adjusted EBITDA,49.2,M USD,"Adjusted EBITDA supports profitability when labor and rates are managed.",medium,analysis-derived-needs-primary-source
CF-019,"Healthcare capital and reimbursement flows are moving toward control-plane payers and lower-cost recurring care sites.",Addus,healthcare access and care delivery,"Medicaid; managed care; hospice reimbursement; home-health reimbursement; families indirectly",Addus,"personal care; hospice; home health; acquisitions; branch density","aging-in-place support; lower-cost home care; daily-living assistance","older adults; disabled patients; families; payers","caregiver availability; state reimbursement; managed-care bargaining; compliance costs","personal care revenue mix","lower-acuity support weakens; mix shifts unfavorably","Addus Q2 2026 earnings release; transcript","analysis/company-first-principles/healthcare/specialized-health-services/addus-homecare-corporation/company-analysis.md",Q2 2026,personal care revenue mix,78.4,percent,"Personal-care mix supports lower-acuity recurring home support as the core model.",medium,analysis-derived-needs-primary-source
CF-019,"Healthcare capital and reimbursement flows are moving toward control-plane payers and lower-cost recurring care sites.",Addus,healthcare access and care delivery,"Medicaid; managed care; hospice reimbursement; home-health reimbursement; families indirectly",Addus,"personal care; hospice; home health; acquisitions; branch density","aging-in-place support; lower-cost home care; daily-living assistance","older adults; disabled patients; families; payers","caregiver availability; state reimbursement; managed-care bargaining; compliance costs","hospice revenue mix; home health revenue mix","mix deteriorates; hospice/home health underperform","Addus Q2 2026 earnings release; transcript","analysis/company-first-principles/healthcare/specialized-health-services/addus-homecare-corporation/company-analysis.md",Q2 2026,hospice revenue mix,17.0,percent,"Hospice mix shows additional recurring care-site exposure beyond personal care.",medium,analysis-derived-needs-primary-source
CF-019,"Healthcare capital and reimbursement flows are moving toward control-plane payers and lower-cost recurring care sites.",BrightSpring,healthcare access and care delivery,"payers; pharmacy spend; provider-service reimbursement; patient demand; referral sources",BrightSpring,"Pharmacy Solutions; Provider Services; home health; hospice; rehab; supportive care","home and community care; medication management; complex patient service orchestration","complex patients; payers; families; referral sources","pharmacy margin compression; labor availability; integration; leverage; reimbursement pressure","patients served; prescriptions; revenue; EBITDA; census; guidance; leverage","home-health census fails to convert; pharmacy margins compress","BrightSpring 10-K; 10-Q; earnings deck; transcript; CMS data","analysis/company-first-principles/healthcare/specialized-health-services/brightspring-health-services-inc/company-analysis.md",FY2025,patients served daily,465000,count,"Daily patient count supports national recurring-care scale.",medium,analysis-derived-needs-primary-source
CF-019,"Healthcare capital and reimbursement flows are moving toward control-plane payers and lower-cost recurring care sites.",BrightSpring,healthcare access and care delivery,"payers; pharmacy spend; provider-service reimbursement; patient demand; referral sources",BrightSpring,"Pharmacy Solutions; Provider Services; home health; hospice; rehab; supportive care","home and community care; medication management; complex patient service orchestration","complex patients; payers; families; referral sources","pharmacy margin compression; labor availability; integration; leverage; reimbursement pressure","prescriptions fulfilled","script economics weaken","BrightSpring 10-K","analysis/company-first-principles/healthcare/specialized-health-services/brightspring-health-services-inc/company-analysis.md",FY2025,prescriptions fulfilled,43,M prescriptions,"Prescription volume supports medication workflow scale.",medium,analysis-derived-needs-primary-source
CF-019,"Healthcare capital and reimbursement flows are moving toward control-plane payers and lower-cost recurring care sites.",BrightSpring,healthcare access and care delivery,"payers; pharmacy spend; provider-service reimbursement; patient demand; referral sources",BrightSpring,"Pharmacy Solutions; Provider Services; home health; hospice; rehab; supportive care","home and community care; medication management; complex patient service orchestration","complex patients; payers; families; referral sources","pharmacy margin compression; labor availability; integration; leverage; reimbursement pressure","revenue; gross profit; EBITDA","workflow scale fails to produce earnings","BrightSpring Q2 2026 earnings release; 10-Q","analysis/company-first-principles/healthcare/specialized-health-services/brightspring-health-services-inc/company-analysis.md",Q2 2026,net revenue,3.873,B USD,"Q2 net revenue supports scale of the focused home/community platform.",medium,analysis-derived-needs-primary-source
CF-019,"Healthcare capital and reimbursement flows are moving toward control-plane payers and lower-cost recurring care sites.",BrightSpring,healthcare access and care delivery,"payers; pharmacy spend; provider-service reimbursement; patient demand; referral sources",BrightSpring,"Pharmacy Solutions; Provider Services; home health; hospice; rehab; supportive care","home and community care; medication management; complex patient service orchestration","complex patients; payers; families; referral sources","pharmacy margin compression; labor availability; integration; leverage; reimbursement pressure","adjusted EBITDA","EBITDA margin compresses","BrightSpring Q2 2026 earnings release; 10-Q","analysis/company-first-principles/healthcare/specialized-health-services/brightspring-health-services-inc/company-analysis.md",Q2 2026,adjusted EBITDA,205.5,M USD,"Adjusted EBITDA supports coordinated lower-cost care setting economics.",medium,analysis-derived-needs-primary-source
CF-019,"Healthcare capital and reimbursement flows are moving toward control-plane payers and lower-cost recurring care sites.",BrightSpring,healthcare access and care delivery,"payers; pharmacy spend; provider-service reimbursement; patient demand; referral sources",BrightSpring,"Pharmacy Solutions; Provider Services; home health; hospice; rehab; supportive care","home and community care; medication management; complex patient service orchestration","complex patients; payers; families; referral sources","pharmacy margin compression; labor availability; integration; leverage; reimbursement pressure","home-health average daily census","census growth fails to convert to earnings","BrightSpring Q2 2026 earnings release; transcript","analysis/company-first-principles/healthcare/specialized-health-services/brightspring-health-services-inc/company-analysis.md",Q2 2026,home-health average daily census,46448,count,"Census shows care migration to home/community settings in operating units.",medium,analysis-derived-needs-primary-source
CF-019,"Healthcare capital and reimbursement flows are moving toward control-plane payers and lower-cost recurring care sites.",BrightSpring,healthcare access and care delivery,"payers; pharmacy spend; provider-service reimbursement; patient demand; referral sources",BrightSpring,"Pharmacy Solutions; Provider Services; home health; hospice; rehab; supportive care","home and community care; medication management; complex patient service orchestration","complex patients; payers; families; referral sources","pharmacy margin compression; labor availability; integration; leverage; reimbursement pressure","home-health census growth","census growth slows","BrightSpring Q2 2026 earnings release; transcript","analysis/company-first-principles/healthcare/specialized-health-services/brightspring-health-services-inc/company-analysis.md",Q2 2026,home-health average daily census growth,54,percent,"Census growth supports measurable care migration to home and community settings.",medium,analysis-derived-needs-primary-source
CF-019,"Healthcare capital and reimbursement flows are moving toward control-plane payers and lower-cost recurring care sites.",BrightSpring,healthcare access and care delivery,"payers; pharmacy spend; provider-service reimbursement; patient demand; referral sources",BrightSpring,"Pharmacy Solutions; Provider Services; home health; hospice; rehab; supportive care","home and community care; medication management; complex patient service orchestration","complex patients; payers; families; referral sources","pharmacy margin compression; labor availability; integration; leverage; reimbursement pressure","revenue guidance; leverage","guidance cut; leverage rises","BrightSpring Q2 2026 earnings release; transcript","analysis/company-first-principles/healthcare/specialized-health-services/brightspring-health-services-inc/company-analysis.md",FY2026,revenue guidance low,15.1,B USD,"Raised revenue guidance supports growth and investability of the focused platform.",medium,analysis-derived-needs-primary-source
CF-019,"Healthcare capital and reimbursement flows are moving toward control-plane payers and lower-cost recurring care sites.",BrightSpring,healthcare access and care delivery,"payers; pharmacy spend; provider-service reimbursement; patient demand; referral sources",BrightSpring,"Pharmacy Solutions; Provider Services; home health; hospice; rehab; supportive care","home and community care; medication management; complex patient service orchestration","complex patients; payers; families; referral sources","pharmacy margin compression; labor availability; integration; leverage; reimbursement pressure","leverage","leverage rises; balance sheet worsens","BrightSpring Q2 2026 earnings release; transcript","analysis/company-first-principles/healthcare/specialized-health-services/brightspring-health-services-inc/company-analysis.md",Q2 2026,leverage,2.15,x,"Lower leverage supports balance-sheet discipline alongside growth.",medium,analysis-derived-needs-primary-source
CF-019,"Healthcare capital and reimbursement flows are moving toward control-plane payers and lower-cost recurring care sites.",Enhabit,healthcare access and care delivery,"Medicare; non-Medicare payers; hospice reimbursement; hospital discharge demand; private ownership capital",Enhabit,"home health; hospice; branch network; clinical labor","skilled care at home; hospice; post-acute care; clinical branch execution","post-acute patients; families; hospitals; payers","Medicare reimbursement; managed-care mix; clinician scarcity; referral conversion; debt/ownership constraints","locations; census; revenue; operating income; admissions; revenue per patient day; cost per patient day","census stalls; reimbursement pressure outruns productivity","Enhabit 10-K; 10-Q; earnings release; transcript; CMS home-health data","analysis/company-first-principles/healthcare/specialized-health-services/enhabit-inc/company-analysis.md",YE2025,home health locations,249,count,"Home-health locations support distributed clinical care-at-home footprint.",medium,analysis-derived-needs-primary-source
CF-019,"Healthcare capital and reimbursement flows are moving toward control-plane payers and lower-cost recurring care sites.",Enhabit,healthcare access and care delivery,"Medicare; non-Medicare payers; hospice reimbursement; hospital discharge demand; private ownership capital",Enhabit,"home health; hospice; branch network; clinical labor","skilled care at home; hospice; post-acute care; clinical branch execution","post-acute patients; families; hospitals; payers","Medicare reimbursement; managed-care mix; clinician scarcity; referral conversion; debt/ownership constraints","hospice locations","hospice growth disappoints","Enhabit 10-K","analysis/company-first-principles/healthcare/specialized-health-services/enhabit-inc/company-analysis.md",YE2025,hospice locations,117,count,"Hospice locations show second home-based clinical care line.",medium,analysis-derived-needs-primary-source
CF-019,"Healthcare capital and reimbursement flows are moving toward control-plane payers and lower-cost recurring care sites.",Enhabit,healthcare access and care delivery,"Medicare; non-Medicare payers; hospice reimbursement; hospital discharge demand; private ownership capital",Enhabit,"home health; hospice; branch network; clinical labor","skilled care at home; hospice; post-acute care; clinical branch execution","post-acute patients; families; hospitals; payers","Medicare reimbursement; managed-care mix; clinician scarcity; referral conversion; debt/ownership constraints","home health revenue mix; census","home health mix weakens; census stalls","Enhabit 10-K","analysis/company-first-principles/healthcare/specialized-health-services/enhabit-inc/company-analysis.md",FY2025,home health share of net service revenue,76.8,percent,"Revenue mix shows skilled home health is the core economics.",medium,analysis-derived-needs-primary-source
CF-019,"Healthcare capital and reimbursement flows are moving toward control-plane payers and lower-cost recurring care sites.",Enhabit,healthcare access and care delivery,"Medicare; non-Medicare payers; hospice reimbursement; hospital discharge demand; private ownership capital",Enhabit,"home health; hospice; branch network; clinical labor","skilled care at home; hospice; post-acute care; clinical branch execution","post-acute patients; families; hospitals; payers","Medicare reimbursement; managed-care mix; clinician scarcity; referral conversion; debt/ownership constraints","average daily census","census stalls","Enhabit 10-K","analysis/company-first-principles/healthcare/specialized-health-services/enhabit-inc/company-analysis.md",FY2025,average daily census,41786,count,"Average daily census supports clinical care-at-home demand measurement.",medium,analysis-derived-needs-primary-source
CF-019,"Healthcare capital and reimbursement flows are moving toward control-plane payers and lower-cost recurring care sites.",Enhabit,healthcare access and care delivery,"Medicare; non-Medicare payers; hospice reimbursement; hospital discharge demand; private ownership capital",Enhabit,"home health; hospice; branch network; clinical labor","skilled care at home; hospice; post-acute care; clinical branch execution","post-acute patients; families; hospitals; payers","Medicare reimbursement; managed-care mix; clinician scarcity; referral conversion; debt/ownership constraints","revenue; operating income; EPS","operating stabilization fails","Enhabit Q1 2026 earnings release; 10-Q","analysis/company-first-principles/healthcare/specialized-health-services/enhabit-inc/company-analysis.md",Q1 2026,revenue,264.8,M USD,"Q1 revenue supports operating stabilization before merger close.",medium,analysis-derived-needs-primary-source
CF-019,"Healthcare capital and reimbursement flows are moving toward control-plane payers and lower-cost recurring care sites.",Enhabit,healthcare access and care delivery,"Medicare; non-Medicare payers; hospice reimbursement; hospital discharge demand; private ownership capital",Enhabit,"home health; hospice; branch network; clinical labor","skilled care at home; hospice; post-acute care; clinical branch execution","post-acute patients; families; hospitals; payers","Medicare reimbursement; managed-care mix; clinician scarcity; referral conversion; debt/ownership constraints","admissions growth; census growth; revenue per patient day; cost per patient day","reimbursement pressure outpaces productivity","Enhabit Q1 2026 earnings release; transcript","analysis/company-first-principles/healthcare/specialized-health-services/enhabit-inc/company-analysis.md",Q1 2026,admissions growth,9.5,percent,"Admissions growth supports demand, while related unit metrics test economic capture.",medium,analysis-derived-needs-primary-source
CF-019,"Healthcare capital and reimbursement flows are moving toward control-plane payers and lower-cost recurring care sites.",Enhabit,healthcare access and care delivery,"Medicare; non-Medicare payers; hospice reimbursement; hospital discharge demand; private ownership capital",Enhabit,"home health; hospice; branch network; clinical labor","skilled care at home; hospice; post-acute care; clinical branch execution","post-acute patients; families; hospitals; payers","Medicare reimbursement; managed-care mix; clinician scarcity; referral conversion; debt/ownership constraints","revenue per patient day","revenue per patient day keeps falling","Enhabit Q1 2026 earnings release; transcript","analysis/company-first-principles/healthcare/specialized-health-services/enhabit-inc/company-analysis.md",Q1 2026,revenue per patient day change,-3.1,percent,"Revenue per patient day decline is a disproof-pressure metric for home-health economics.",medium,analysis-derived-needs-primary-source
CF-019,"Healthcare capital and reimbursement flows are moving toward control-plane payers and lower-cost recurring care sites.",Enhabit,healthcare access and care delivery,"Medicare; non-Medicare payers; hospice reimbursement; hospital discharge demand; private ownership capital",Enhabit,"home health; hospice; branch network; clinical labor","skilled care at home; hospice; post-acute care; clinical branch execution","post-acute patients; families; hospitals; payers","Medicare reimbursement; managed-care mix; clinician scarcity; referral conversion; debt/ownership constraints","cost per patient day","cost productivity fails","Enhabit Q1 2026 earnings release; transcript","analysis/company-first-principles/healthcare/specialized-health-services/enhabit-inc/company-analysis.md",Q1 2026,cost per patient day improvement,2.2,percent,"Cost per patient day improvement is the offset metric against reimbursement pressure.",medium,analysis-derived-needs-primary-source
