row_id,period,company,ticker,theme,subtheme,metric,value,unit,source_file,source_detail,calculation_or_source,evidence_status,what_it_says,what_it_does_not_say,next_source
URIFCD-001,2024-Q1,United Rentals,URI,capital-intensive real-economy buildout,fleet-capital durability,Rental revenue,2.929,B USD,raw/sec/industrial-goods/rental-leasing-services/united-rentals-inc/2024-q1-ex99-earnings-release.html,SEC 8-K earnings-release exhibit,Company disclosed rental revenue in period highlights.,source-table-backed,URI repeatedly converts fleet access into rental revenue.,"Rental revenue is not utilization, margin, or ROIC.",Owned-equipment rental revenue and rental gross margin by segment
URIFCD-002,2024-Q1,United Rentals,URI,capital-intensive real-economy buildout,fleet-capital durability,Fleet productivity increase,4.0,percent,raw/sec/industrial-goods/rental-leasing-services/united-rentals-inc/2024-q1-ex99-earnings-release.html,SEC 8-K earnings-release exhibit,"Company-defined metric reflecting rental rates, time utilization, and mix on owned-equipment rental revenue.",source-defined-operating-metric,URI repeatedly reports a positive fleet productivity measure.,"The metric is aggregated and does not split rate, utilization, and mix.",Fleet productivity bridge components
URIFCD-003,2024-Q1,United Rentals,URI,capital-intensive real-economy buildout,fleet-capital durability,Average OEC year-over-year increase,3.6,percent,raw/sec/industrial-goods/rental-leasing-services/united-rentals-inc/2024-q1-ex99-earnings-release.html,SEC 8-K earnings-release exhibit,Company disclosed year-over-year average OEC change.,source-defined-scale-metric,URI repeatedly expanded average fleet OEC versus the prior-year period.,"OEC growth can include inflation, mix, acquisitions, and replacement capital.",Fleet OEC roll-forward by class and acquisition
URIFCD-004,2024-Q1,United Rentals,URI,capital-intensive real-economy buildout,fleet-capital durability,Net cash provided by operating activities,1.029,B USD,raw/sec/industrial-goods/rental-leasing-services/united-rentals-inc/2024-q1-ex99-earnings-release.html,SEC 8-K earnings-release exhibit,Company disclosed net cash provided by operating activities.,cash-conversion-source-table,URI's fleet model is supported by recurring operating cash flow.,Operating cash flow is company-level and not source-of-funds proof for specific fleet purchases.,Quarterly cash-flow bridge with debt draws and repayments
URIFCD-005,2024-Q1,United Rentals,URI,capital-intensive real-economy buildout,fleet-capital durability,Free cash flow,0.869,B USD,raw/sec/industrial-goods/rental-leasing-services/united-rentals-inc/2024-q1-ex99-earnings-release.html,SEC 8-K earnings-release exhibit,Company disclosed free cash flow in period highlights.,non-gaap-cash-context,Free cash flow remains positive across the extracted periods.,Free cash flow is non-GAAP and not fleet-return proof.,Free cash flow reconciliation by period
URIFCD-006,2024-Q1,United Rentals,URI,capital-intensive real-economy buildout,fleet-capital durability,Gross payments for purchases of rental equipment,0.511,B USD,raw/sec/industrial-goods/rental-leasing-services/united-rentals-inc/2024-q1-ex99-earnings-release.html,SEC 8-K earnings-release exhibit,Company disclosed gross payments for rental equipment purchases.,fleet-capex-source-table,URI repeatedly deploys large cash amounts into rental equipment.,Gross payments do not separate growth and replacement fleet.,Growth versus replacement capex and fleet class detail
URIFCD-007,2024-Q1,United Rentals,URI,capital-intensive real-economy buildout,fleet-capital durability,Gross rental capital expenditures,0.595,B USD,raw/sec/industrial-goods/rental-leasing-services/united-rentals-inc/2024-q1-ex99-earnings-release.html,SEC 8-K earnings-release exhibit,Company disclosed gross rental capital expenditures.,fleet-capex-source-table,URI repeatedly absorbs gross rental capex.,Gross rental capex does not equal net fleet growth.,"Fleet additions, disposals, acquisitions, and OEC roll-forward"
URIFCD-008,2024-Q1,United Rentals,URI,capital-intensive real-economy buildout,fleet-capital durability,Payments for purchases of rental equipment,0.511,B USD,raw/sec/industrial-goods/rental-leasing-services/united-rentals-inc/2024-q1-10q.html,SEC 10-Q/10-K cash-flow statement,Filed cash-flow statement line.,filed-source-table,The filed statement confirms cash paid for rental equipment.,The line does not identify asset class or funding source.,Cash-flow statement and capex reconciliation
URIFCD-009,2024-Q1,United Rentals,URI,capital-intensive real-economy buildout,fleet-capital durability,Proceeds from sales of rental equipment,0.383,B USD,raw/sec/industrial-goods/rental-leasing-services/united-rentals-inc/2024-q1-10q.html,SEC 10-Q/10-K cash-flow statement,Filed cash-flow statement line.,filed-source-table,Used-equipment proceeds repeatedly recycle cash back into the model.,Sale proceeds do not prove asset quality or margin by class.,Used-equipment margin and OEC recovery
URIFCD-010,2024-Q1,United Rentals,URI,capital-intensive real-economy buildout,fleet-capital durability,Net cash rental-equipment investment,0.128,B USD,raw/sec/industrial-goods/rental-leasing-services/united-rentals-inc/2024-q1-10q.html,SEC 10-Q/10-K cash-flow statement,Payments for purchases of rental equipment less proceeds from sales of rental equipment.,derived-filed-source,URI's net fleet cash deployment can be tracked over time.,Net cash deployment is not a growth-only or return metric.,Fleet roll-forward and growth/replacement split
URIFCD-011,2024-Q1,United Rentals,URI,capital-intensive real-economy buildout,fleet-capital durability,Total liquidity,3.561,B USD,raw/sec/industrial-goods/rental-leasing-services/united-rentals-inc/2024-q1-ex99-earnings-release.html,SEC 8-K earnings-release exhibit,"Company disclosed total liquidity, including cash plus ABL and AR securitization availability.",funding-context-source-defined,URI retains explicit liquidity channels alongside fleet deployment.,Liquidity is not legal availability or use-of-proceeds proof.,ABL and AR securitization availability schedules
URIFCD-012,2024-Q1,United Rentals,URI,capital-intensive real-economy buildout,fleet-capital durability,Net leverage ratio,1.7,x,raw/sec/industrial-goods/rental-leasing-services/united-rentals-inc/2024-q1-ex99-earnings-release.html,SEC 8-K earnings-release exhibit,Company disclosed net leverage ratio.,leverage-context-source-defined,URI's leverage stayed inside a narrow disclosed range across the extracted periods.,Net leverage is not covenant headroom or collateral coverage.,Debt agreement covenant calculations
URIFCD-013,2024-Q1,United Rentals,URI,capital-intensive real-economy buildout,fleet-capital durability,Accounts receivable securitization facility balance,1.021,B USD,raw/sec/industrial-goods/rental-leasing-services/united-rentals-inc/2024-q1-10q.html,SEC 10-Q/10-K debt table,Filed debt table balance.,filed-term-summary,The AR securitization facility is a recurring part of URI's funding stack.,Facility balance is not collateral eligibility or advance-rate proof.,Receivables purchase agreement and collateral reports
URIFCD-014,2024-Q1,United Rentals,URI,capital-intensive real-economy buildout,fleet-capital durability,ABL facility balance,1.371,B USD,raw/sec/industrial-goods/rental-leasing-services/united-rentals-inc/2024-q1-10q.html,SEC 10-Q/10-K debt table,Filed debt table balance.,filed-term-summary,The ABL facility is a recurring secured funding layer.,ABL balance is not legal availability or borrowing-base proof.,ABL agreement and borrowing-base certificates
URIFCD-015,2024-Q1,United Rentals,URI,capital-intensive real-economy buildout,fleet-capital durability,Term loan facility balance,0.99,B USD,raw/sec/industrial-goods/rental-leasing-services/united-rentals-inc/2024-q1-10q.html,SEC 10-Q/10-K debt table,Filed debt table balance.,filed-term-summary,Term debt is another layer in the URI capital stack.,Term debt does not map to specific fleet purchases.,Term loan agreement and maturity schedule
URIFCD-016,2024-Q1,United Rentals,URI,capital-intensive real-economy buildout,fleet-capital durability,Total debt,12.405,B USD,raw/sec/industrial-goods/rental-leasing-services/united-rentals-inc/2024-q1-10q.html,SEC 10-Q/10-K debt table,Filed debt table balance.,debt-stack-context,URI carries a large debt stack beside recurring fleet investment.,Total debt does not prove marginal funding source or return.,Debt maturity ladder and source/use events
URIFCD-017,2024-Q1,United Rentals,URI,capital-intensive real-economy buildout,fleet-capital durability,Receivables collateral pool net of reserves and deductions,1.348,B USD,raw/sec/industrial-goods/rental-leasing-services/united-rentals-inc/2024-q1-10q.html,SEC 10-Q/10-K debt note,Filed debt note collateral-pool disclosure.,collateral-source-table,URI discloses a receivables collateral pool for the AR securitization.,"The pool does not reveal advance rates, reserves, concentration, or legal availability.",Securitization collateral reports
URIFCD-018,2024-Q1,United Rentals,URI,capital-intensive real-economy buildout,fleet-capital durability,AR collateral pool to AR securitization borrowings,132.0,percent,raw/sec/industrial-goods/rental-leasing-services/united-rentals-inc/2024-q1-10q.html,SEC 10-Q/10-K debt note,Receivables collateral pool divided by AR securitization facility balance.,derived-collateral-ratio,The AR securitization collateral cushion can be tracked across filings.,This is not full borrowing-base proof.,"Advance rates, eligibility rules, and purchaser limits"
URIFCD-019,2024-Q1,United Rentals,URI,capital-intensive real-economy buildout,fleet-capital durability,AR excess collateral pool over borrowings,0.327,B USD,raw/sec/industrial-goods/rental-leasing-services/united-rentals-inc/2024-q1-10q.html,SEC 10-Q/10-K debt note,Receivables collateral pool less AR securitization facility balance.,derived-collateral-ratio,URI has a dollar cushion in the receivables pool in disclosed periods.,Excess pool is not the same as legal availability.,Availability schedules and reserve detail
URIFCD-020,2024-Q1,United Rentals,URI,capital-intensive real-economy buildout,fleet-capital durability,ABL stated facility size,4.25,B USD,raw/sec/industrial-goods/rental-leasing-services/united-rentals-inc/2024-q1-10q.html,SEC 10-Q/10-K debt table,Filed debt table stated ABL facility size.,filed-term-summary,The stated ABL platform size can be tracked across filings.,Stated size is not legal availability.,ABL agreement and borrowing-base certificates
URIFCD-021,2024-Q1,United Rentals,URI,capital-intensive real-economy buildout,fleet-capital durability,ABL drawn against stated facility size,32.3,percent,raw/sec/industrial-goods/rental-leasing-services/united-rentals-inc/2024-q1-10q.html,SEC 10-Q/10-K debt table,ABL facility balance divided by the stated ABL facility size in the filed debt table.,derived-draw-intensity,Simple ABL draw intensity can be tracked across filings.,Stated-size headroom is not legal availability.,"Borrowing-base certificates, L/C use, reserves, and covenants"
URIFCD-022,2024-Q2,United Rentals,URI,capital-intensive real-economy buildout,fleet-capital durability,Rental revenue,3.215,B USD,raw/sec/industrial-goods/rental-leasing-services/united-rentals-inc/2024-q2-ex99-earnings-release.html,SEC 8-K earnings-release exhibit,Company disclosed rental revenue in period highlights.,source-table-backed,URI repeatedly converts fleet access into rental revenue.,"Rental revenue is not utilization, margin, or ROIC.",Owned-equipment rental revenue and rental gross margin by segment
URIFCD-023,2024-Q2,United Rentals,URI,capital-intensive real-economy buildout,fleet-capital durability,Fleet productivity increase,4.6,percent,raw/sec/industrial-goods/rental-leasing-services/united-rentals-inc/2024-q2-ex99-earnings-release.html,SEC 8-K earnings-release exhibit,"Company-defined metric reflecting rental rates, time utilization, and mix on owned-equipment rental revenue.",source-defined-operating-metric,URI repeatedly reports a positive fleet productivity measure.,"The metric is aggregated and does not split rate, utilization, and mix.",Fleet productivity bridge components
URIFCD-024,2024-Q2,United Rentals,URI,capital-intensive real-economy buildout,fleet-capital durability,Average OEC year-over-year increase,2.7,percent,raw/sec/industrial-goods/rental-leasing-services/united-rentals-inc/2024-q2-ex99-earnings-release.html,SEC 8-K earnings-release exhibit,Company disclosed year-over-year average OEC change.,source-defined-scale-metric,URI repeatedly expanded average fleet OEC versus the prior-year period.,"OEC growth can include inflation, mix, acquisitions, and replacement capital.",Fleet OEC roll-forward by class and acquisition
URIFCD-025,2024-Q2,United Rentals,URI,capital-intensive real-economy buildout,fleet-capital durability,Net cash provided by operating activities,2.294,B USD,raw/sec/industrial-goods/rental-leasing-services/united-rentals-inc/2024-q2-ex99-earnings-release.html,SEC 8-K earnings-release exhibit,Company disclosed net cash provided by operating activities.,cash-conversion-source-table,URI's fleet model is supported by recurring operating cash flow.,Operating cash flow is company-level and not source-of-funds proof for specific fleet purchases.,Quarterly cash-flow bridge with debt draws and repayments
URIFCD-026,2024-Q2,United Rentals,URI,capital-intensive real-economy buildout,fleet-capital durability,Free cash flow,1.065,B USD,raw/sec/industrial-goods/rental-leasing-services/united-rentals-inc/2024-q2-ex99-earnings-release.html,SEC 8-K earnings-release exhibit,Company disclosed free cash flow in period highlights.,non-gaap-cash-context,Free cash flow remains positive across the extracted periods.,Free cash flow is non-GAAP and not fleet-return proof.,Free cash flow reconciliation by period
URIFCD-027,2024-Q2,United Rentals,URI,capital-intensive real-economy buildout,fleet-capital durability,Gross payments for purchases of rental equipment,1.866,B USD,raw/sec/industrial-goods/rental-leasing-services/united-rentals-inc/2024-q2-ex99-earnings-release.html,SEC 8-K earnings-release exhibit,Company disclosed gross payments for rental equipment purchases.,fleet-capex-source-table,URI repeatedly deploys large cash amounts into rental equipment.,Gross payments do not separate growth and replacement fleet.,Growth versus replacement capex and fleet class detail
URIFCD-028,2024-Q2,United Rentals,URI,capital-intensive real-economy buildout,fleet-capital durability,Gross rental capital expenditures,2.016,B USD,raw/sec/industrial-goods/rental-leasing-services/united-rentals-inc/2024-q2-ex99-earnings-release.html,SEC 8-K earnings-release exhibit,Company disclosed gross rental capital expenditures.,fleet-capex-source-table,URI repeatedly absorbs gross rental capex.,Gross rental capex does not equal net fleet growth.,"Fleet additions, disposals, acquisitions, and OEC roll-forward"
URIFCD-029,2024-Q2,United Rentals,URI,capital-intensive real-economy buildout,fleet-capital durability,Payments for purchases of rental equipment,1.866,B USD,raw/sec/industrial-goods/rental-leasing-services/united-rentals-inc/2024-q2-10q.html,SEC 10-Q/10-K cash-flow statement,Filed cash-flow statement line.,filed-source-table,The filed statement confirms cash paid for rental equipment.,The line does not identify asset class or funding source.,Cash-flow statement and capex reconciliation
URIFCD-030,2024-Q2,United Rentals,URI,capital-intensive real-economy buildout,fleet-capital durability,Proceeds from sales of rental equipment,0.748,B USD,raw/sec/industrial-goods/rental-leasing-services/united-rentals-inc/2024-q2-10q.html,SEC 10-Q/10-K cash-flow statement,Filed cash-flow statement line.,filed-source-table,Used-equipment proceeds repeatedly recycle cash back into the model.,Sale proceeds do not prove asset quality or margin by class.,Used-equipment margin and OEC recovery
URIFCD-031,2024-Q2,United Rentals,URI,capital-intensive real-economy buildout,fleet-capital durability,Net cash rental-equipment investment,1.118,B USD,raw/sec/industrial-goods/rental-leasing-services/united-rentals-inc/2024-q2-10q.html,SEC 10-Q/10-K cash-flow statement,Payments for purchases of rental equipment less proceeds from sales of rental equipment.,derived-filed-source,URI's net fleet cash deployment can be tracked over time.,Net cash deployment is not a growth-only or return metric.,Fleet roll-forward and growth/replacement split
URIFCD-032,2024-Q2,United Rentals,URI,capital-intensive real-economy buildout,fleet-capital durability,Total liquidity,3.267,B USD,raw/sec/industrial-goods/rental-leasing-services/united-rentals-inc/2024-q2-ex99-earnings-release.html,SEC 8-K earnings-release exhibit,"Company disclosed total liquidity, including cash plus ABL and AR securitization availability.",funding-context-source-defined,URI retains explicit liquidity channels alongside fleet deployment.,Liquidity is not legal availability or use-of-proceeds proof.,ABL and AR securitization availability schedules
URIFCD-033,2024-Q2,United Rentals,URI,capital-intensive real-economy buildout,fleet-capital durability,Net leverage ratio,1.8,x,raw/sec/industrial-goods/rental-leasing-services/united-rentals-inc/2024-q2-ex99-earnings-release.html,SEC 8-K earnings-release exhibit,Company disclosed net leverage ratio.,leverage-context-source-defined,URI's leverage stayed inside a narrow disclosed range across the extracted periods.,Net leverage is not covenant headroom or collateral coverage.,Debt agreement covenant calculations
URIFCD-034,2024-Q2,United Rentals,URI,capital-intensive real-economy buildout,fleet-capital durability,Accounts receivable securitization facility balance,1.289,B USD,raw/sec/industrial-goods/rental-leasing-services/united-rentals-inc/2024-q2-10q.html,SEC 10-Q/10-K debt table,Filed debt table balance.,filed-term-summary,The AR securitization facility is a recurring part of URI's funding stack.,Facility balance is not collateral eligibility or advance-rate proof.,Receivables purchase agreement and collateral reports
URIFCD-035,2024-Q2,United Rentals,URI,capital-intensive real-economy buildout,fleet-capital durability,ABL facility balance,1.571,B USD,raw/sec/industrial-goods/rental-leasing-services/united-rentals-inc/2024-q2-10q.html,SEC 10-Q/10-K debt table,Filed debt table balance.,filed-term-summary,The ABL facility is a recurring secured funding layer.,ABL balance is not legal availability or borrowing-base proof.,ABL agreement and borrowing-base certificates
URIFCD-036,2024-Q2,United Rentals,URI,capital-intensive real-economy buildout,fleet-capital durability,Term loan facility balance,0.988,B USD,raw/sec/industrial-goods/rental-leasing-services/united-rentals-inc/2024-q2-10q.html,SEC 10-Q/10-K debt table,Filed debt table balance.,filed-term-summary,Term debt is another layer in the URI capital stack.,Term debt does not map to specific fleet purchases.,Term loan agreement and maturity schedule
URIFCD-037,2024-Q2,United Rentals,URI,capital-intensive real-economy buildout,fleet-capital durability,Total debt,12.889,B USD,raw/sec/industrial-goods/rental-leasing-services/united-rentals-inc/2024-q2-10q.html,SEC 10-Q/10-K debt table,Filed debt table balance.,debt-stack-context,URI carries a large debt stack beside recurring fleet investment.,Total debt does not prove marginal funding source or return.,Debt maturity ladder and source/use events
URIFCD-038,2024-Q2,United Rentals,URI,capital-intensive real-economy buildout,fleet-capital durability,Receivables collateral pool net of reserves and deductions,1.437,B USD,raw/sec/industrial-goods/rental-leasing-services/united-rentals-inc/2024-q2-10q.html,SEC 10-Q/10-K debt note,Filed debt note collateral-pool disclosure.,collateral-source-table,URI discloses a receivables collateral pool for the AR securitization.,"The pool does not reveal advance rates, reserves, concentration, or legal availability.",Securitization collateral reports
URIFCD-039,2024-Q2,United Rentals,URI,capital-intensive real-economy buildout,fleet-capital durability,AR collateral pool to AR securitization borrowings,111.5,percent,raw/sec/industrial-goods/rental-leasing-services/united-rentals-inc/2024-q2-10q.html,SEC 10-Q/10-K debt note,Receivables collateral pool divided by AR securitization facility balance.,derived-collateral-ratio,The AR securitization collateral cushion can be tracked across filings.,This is not full borrowing-base proof.,"Advance rates, eligibility rules, and purchaser limits"
URIFCD-040,2024-Q2,United Rentals,URI,capital-intensive real-economy buildout,fleet-capital durability,AR excess collateral pool over borrowings,0.148,B USD,raw/sec/industrial-goods/rental-leasing-services/united-rentals-inc/2024-q2-10q.html,SEC 10-Q/10-K debt note,Receivables collateral pool less AR securitization facility balance.,derived-collateral-ratio,URI has a dollar cushion in the receivables pool in disclosed periods.,Excess pool is not the same as legal availability.,Availability schedules and reserve detail
URIFCD-041,2024-Q2,United Rentals,URI,capital-intensive real-economy buildout,fleet-capital durability,ABL stated facility size,4.25,B USD,raw/sec/industrial-goods/rental-leasing-services/united-rentals-inc/2024-q2-10q.html,SEC 10-Q/10-K debt table,Filed debt table stated ABL facility size.,filed-term-summary,The stated ABL platform size can be tracked across filings.,Stated size is not legal availability.,ABL agreement and borrowing-base certificates
URIFCD-042,2024-Q2,United Rentals,URI,capital-intensive real-economy buildout,fleet-capital durability,ABL drawn against stated facility size,37.0,percent,raw/sec/industrial-goods/rental-leasing-services/united-rentals-inc/2024-q2-10q.html,SEC 10-Q/10-K debt table,ABL facility balance divided by the stated ABL facility size in the filed debt table.,derived-draw-intensity,Simple ABL draw intensity can be tracked across filings.,Stated-size headroom is not legal availability.,"Borrowing-base certificates, L/C use, reserves, and covenants"
URIFCD-043,2024-Q3,United Rentals,URI,capital-intensive real-economy buildout,fleet-capital durability,Rental revenue,3.463,B USD,raw/sec/industrial-goods/rental-leasing-services/united-rentals-inc/2024-q3-ex99-earnings-release.html,SEC 8-K earnings-release exhibit,Company disclosed rental revenue in period highlights.,source-table-backed,URI repeatedly converts fleet access into rental revenue.,"Rental revenue is not utilization, margin, or ROIC.",Owned-equipment rental revenue and rental gross margin by segment
URIFCD-044,2024-Q3,United Rentals,URI,capital-intensive real-economy buildout,fleet-capital durability,Fleet productivity increase,3.5,percent,raw/sec/industrial-goods/rental-leasing-services/united-rentals-inc/2024-q3-ex99-earnings-release.html,SEC 8-K earnings-release exhibit,"Company-defined metric reflecting rental rates, time utilization, and mix on owned-equipment rental revenue.",source-defined-operating-metric,URI repeatedly reports a positive fleet productivity measure.,"The metric is aggregated and does not split rate, utilization, and mix.",Fleet productivity bridge components
URIFCD-045,2024-Q3,United Rentals,URI,capital-intensive real-economy buildout,fleet-capital durability,Average OEC year-over-year increase,3.8,percent,raw/sec/industrial-goods/rental-leasing-services/united-rentals-inc/2024-q3-ex99-earnings-release.html,SEC 8-K earnings-release exhibit,Company disclosed year-over-year average OEC change.,source-defined-scale-metric,URI repeatedly expanded average fleet OEC versus the prior-year period.,"OEC growth can include inflation, mix, acquisitions, and replacement capital.",Fleet OEC roll-forward by class and acquisition
URIFCD-046,2024-Q3,United Rentals,URI,capital-intensive real-economy buildout,fleet-capital durability,Net cash provided by operating activities,3.498,B USD,raw/sec/industrial-goods/rental-leasing-services/united-rentals-inc/2024-q3-ex99-earnings-release.html,SEC 8-K earnings-release exhibit,Company disclosed net cash provided by operating activities.,cash-conversion-source-table,URI's fleet model is supported by recurring operating cash flow.,Operating cash flow is company-level and not source-of-funds proof for specific fleet purchases.,Quarterly cash-flow bridge with debt draws and repayments
URIFCD-047,2024-Q3,United Rentals,URI,capital-intensive real-economy buildout,fleet-capital durability,Free cash flow,1.211,B USD,raw/sec/industrial-goods/rental-leasing-services/united-rentals-inc/2024-q3-ex99-earnings-release.html,SEC 8-K earnings-release exhibit,Company disclosed free cash flow in period highlights.,non-gaap-cash-context,Free cash flow remains positive across the extracted periods.,Free cash flow is non-GAAP and not fleet-return proof.,Free cash flow reconciliation by period
URIFCD-048,2024-Q3,United Rentals,URI,capital-intensive real-economy buildout,fleet-capital durability,Gross payments for purchases of rental equipment,3.178,B USD,raw/sec/industrial-goods/rental-leasing-services/united-rentals-inc/2024-q3-ex99-earnings-release.html,SEC 8-K earnings-release exhibit,Company disclosed gross payments for rental equipment purchases.,fleet-capex-source-table,URI repeatedly deploys large cash amounts into rental equipment.,Gross payments do not separate growth and replacement fleet.,Growth versus replacement capex and fleet class detail
URIFCD-049,2024-Q3,United Rentals,URI,capital-intensive real-economy buildout,fleet-capital durability,Gross rental capital expenditures,3.287,B USD,raw/sec/industrial-goods/rental-leasing-services/united-rentals-inc/2024-q3-ex99-earnings-release.html,SEC 8-K earnings-release exhibit,Company disclosed gross rental capital expenditures.,fleet-capex-source-table,URI repeatedly absorbs gross rental capex.,Gross rental capex does not equal net fleet growth.,"Fleet additions, disposals, acquisitions, and OEC roll-forward"
URIFCD-050,2024-Q3,United Rentals,URI,capital-intensive real-economy buildout,fleet-capital durability,Payments for purchases of rental equipment,3.178,B USD,raw/sec/industrial-goods/rental-leasing-services/united-rentals-inc/2024-q3-10q.html,SEC 10-Q/10-K cash-flow statement,Filed cash-flow statement line.,filed-source-table,The filed statement confirms cash paid for rental equipment.,The line does not identify asset class or funding source.,Cash-flow statement and capex reconciliation
URIFCD-051,2024-Q3,United Rentals,URI,capital-intensive real-economy buildout,fleet-capital durability,Proceeds from sales of rental equipment,1.069,B USD,raw/sec/industrial-goods/rental-leasing-services/united-rentals-inc/2024-q3-10q.html,SEC 10-Q/10-K cash-flow statement,Filed cash-flow statement line.,filed-source-table,Used-equipment proceeds repeatedly recycle cash back into the model.,Sale proceeds do not prove asset quality or margin by class.,Used-equipment margin and OEC recovery
URIFCD-052,2024-Q3,United Rentals,URI,capital-intensive real-economy buildout,fleet-capital durability,Net cash rental-equipment investment,2.109,B USD,raw/sec/industrial-goods/rental-leasing-services/united-rentals-inc/2024-q3-10q.html,SEC 10-Q/10-K cash-flow statement,Payments for purchases of rental equipment less proceeds from sales of rental equipment.,derived-filed-source,URI's net fleet cash deployment can be tracked over time.,Net cash deployment is not a growth-only or return metric.,Fleet roll-forward and growth/replacement split
URIFCD-053,2024-Q3,United Rentals,URI,capital-intensive real-economy buildout,fleet-capital durability,Total liquidity,2.866,B USD,raw/sec/industrial-goods/rental-leasing-services/united-rentals-inc/2024-q3-ex99-earnings-release.html,SEC 8-K earnings-release exhibit,"Company disclosed total liquidity, including cash plus ABL and AR securitization availability.",funding-context-source-defined,URI retains explicit liquidity channels alongside fleet deployment.,Liquidity is not legal availability or use-of-proceeds proof.,ABL and AR securitization availability schedules
URIFCD-054,2024-Q3,United Rentals,URI,capital-intensive real-economy buildout,fleet-capital durability,Net leverage ratio,1.8,x,raw/sec/industrial-goods/rental-leasing-services/united-rentals-inc/2024-q3-ex99-earnings-release.html,SEC 8-K earnings-release exhibit,Company disclosed net leverage ratio.,leverage-context-source-defined,URI's leverage stayed inside a narrow disclosed range across the extracted periods.,Net leverage is not covenant headroom or collateral coverage.,Debt agreement covenant calculations
URIFCD-055,2024-Q3,United Rentals,URI,capital-intensive real-economy buildout,fleet-capital durability,Accounts receivable securitization facility balance,1.423,B USD,raw/sec/industrial-goods/rental-leasing-services/united-rentals-inc/2024-q3-10q.html,SEC 10-Q/10-K debt table,Filed debt table balance.,filed-term-summary,The AR securitization facility is a recurring part of URI's funding stack.,Facility balance is not collateral eligibility or advance-rate proof.,Receivables purchase agreement and collateral reports
URIFCD-056,2024-Q3,United Rentals,URI,capital-intensive real-economy buildout,fleet-capital durability,ABL facility balance,1.915,B USD,raw/sec/industrial-goods/rental-leasing-services/united-rentals-inc/2024-q3-10q.html,SEC 10-Q/10-K debt table,Filed debt table balance.,filed-term-summary,The ABL facility is a recurring secured funding layer.,ABL balance is not legal availability or borrowing-base proof.,ABL agreement and borrowing-base certificates
URIFCD-057,2024-Q3,United Rentals,URI,capital-intensive real-economy buildout,fleet-capital durability,Term loan facility balance,0.986,B USD,raw/sec/industrial-goods/rental-leasing-services/united-rentals-inc/2024-q3-10q.html,SEC 10-Q/10-K debt table,Filed debt table balance.,filed-term-summary,Term debt is another layer in the URI capital stack.,Term debt does not map to specific fleet purchases.,Term loan agreement and maturity schedule
URIFCD-058,2024-Q3,United Rentals,URI,capital-intensive real-economy buildout,fleet-capital durability,Total debt,13.394,B USD,raw/sec/industrial-goods/rental-leasing-services/united-rentals-inc/2024-q3-10q.html,SEC 10-Q/10-K debt table,Filed debt table balance.,debt-stack-context,URI carries a large debt stack beside recurring fleet investment.,Total debt does not prove marginal funding source or return.,Debt maturity ladder and source/use events
URIFCD-059,2024-Q3,United Rentals,URI,capital-intensive real-economy buildout,fleet-capital durability,Receivables collateral pool net of reserves and deductions,1.526,B USD,raw/sec/industrial-goods/rental-leasing-services/united-rentals-inc/2024-q3-10q.html,SEC 10-Q/10-K debt note,Filed debt note collateral-pool disclosure.,collateral-source-table,URI discloses a receivables collateral pool for the AR securitization.,"The pool does not reveal advance rates, reserves, concentration, or legal availability.",Securitization collateral reports
URIFCD-060,2024-Q3,United Rentals,URI,capital-intensive real-economy buildout,fleet-capital durability,AR collateral pool to AR securitization borrowings,107.2,percent,raw/sec/industrial-goods/rental-leasing-services/united-rentals-inc/2024-q3-10q.html,SEC 10-Q/10-K debt note,Receivables collateral pool divided by AR securitization facility balance.,derived-collateral-ratio,The AR securitization collateral cushion can be tracked across filings.,This is not full borrowing-base proof.,"Advance rates, eligibility rules, and purchaser limits"
URIFCD-061,2024-Q3,United Rentals,URI,capital-intensive real-economy buildout,fleet-capital durability,AR excess collateral pool over borrowings,0.103,B USD,raw/sec/industrial-goods/rental-leasing-services/united-rentals-inc/2024-q3-10q.html,SEC 10-Q/10-K debt note,Receivables collateral pool less AR securitization facility balance.,derived-collateral-ratio,URI has a dollar cushion in the receivables pool in disclosed periods.,Excess pool is not the same as legal availability.,Availability schedules and reserve detail
URIFCD-062,2024-Q3,United Rentals,URI,capital-intensive real-economy buildout,fleet-capital durability,ABL stated facility size,4.25,B USD,raw/sec/industrial-goods/rental-leasing-services/united-rentals-inc/2024-q3-10q.html,SEC 10-Q/10-K debt table,Filed debt table stated ABL facility size.,filed-term-summary,The stated ABL platform size can be tracked across filings.,Stated size is not legal availability.,ABL agreement and borrowing-base certificates
URIFCD-063,2024-Q3,United Rentals,URI,capital-intensive real-economy buildout,fleet-capital durability,ABL drawn against stated facility size,45.1,percent,raw/sec/industrial-goods/rental-leasing-services/united-rentals-inc/2024-q3-10q.html,SEC 10-Q/10-K debt table,ABL facility balance divided by the stated ABL facility size in the filed debt table.,derived-draw-intensity,Simple ABL draw intensity can be tracked across filings.,Stated-size headroom is not legal availability.,"Borrowing-base certificates, L/C use, reserves, and covenants"
URIFCD-064,2024-FY,United Rentals,URI,capital-intensive real-economy buildout,fleet-capital durability,Rental revenue,3.422,B USD,raw/sec/industrial-goods/rental-leasing-services/united-rentals-inc/2024-10k-ex99-earnings-release.html,SEC 8-K earnings-release exhibit,Company disclosed rental revenue in period highlights.,source-table-backed,URI repeatedly converts fleet access into rental revenue.,"Rental revenue is not utilization, margin, or ROIC.",Owned-equipment rental revenue and rental gross margin by segment
URIFCD-065,2024-FY,United Rentals,URI,capital-intensive real-economy buildout,fleet-capital durability,Fleet productivity increase,4.3,percent,raw/sec/industrial-goods/rental-leasing-services/united-rentals-inc/2024-10k-ex99-earnings-release.html,SEC 8-K earnings-release exhibit,"Company-defined metric reflecting rental rates, time utilization, and mix on owned-equipment rental revenue.",source-defined-operating-metric,URI repeatedly reports a positive fleet productivity measure.,"The metric is aggregated and does not split rate, utilization, and mix.",Fleet productivity bridge components
URIFCD-066,2024-FY,United Rentals,URI,capital-intensive real-economy buildout,fleet-capital durability,Average OEC year-over-year increase,4.1,percent,raw/sec/industrial-goods/rental-leasing-services/united-rentals-inc/2024-10k-ex99-earnings-release.html,SEC 8-K earnings-release exhibit,Company disclosed year-over-year average OEC change.,source-defined-scale-metric,URI repeatedly expanded average fleet OEC versus the prior-year period.,"OEC growth can include inflation, mix, acquisitions, and replacement capital.",Fleet OEC roll-forward by class and acquisition
URIFCD-067,2024-FY,United Rentals,URI,capital-intensive real-economy buildout,fleet-capital durability,Net cash provided by operating activities,4.546,B USD,raw/sec/industrial-goods/rental-leasing-services/united-rentals-inc/2024-10k-ex99-earnings-release.html,SEC 8-K earnings-release exhibit,Company disclosed net cash provided by operating activities.,cash-conversion-source-table,URI's fleet model is supported by recurring operating cash flow.,Operating cash flow is company-level and not source-of-funds proof for specific fleet purchases.,Quarterly cash-flow bridge with debt draws and repayments
URIFCD-068,2024-FY,United Rentals,URI,capital-intensive real-economy buildout,fleet-capital durability,Free cash flow,2.058,B USD,raw/sec/industrial-goods/rental-leasing-services/united-rentals-inc/2024-10k-ex99-earnings-release.html,SEC 8-K earnings-release exhibit,Company disclosed free cash flow in period highlights.,non-gaap-cash-context,Free cash flow remains positive across the extracted periods.,Free cash flow is non-GAAP and not fleet-return proof.,Free cash flow reconciliation by period
URIFCD-069,2024-FY,United Rentals,URI,capital-intensive real-economy buildout,fleet-capital durability,Gross payments for purchases of rental equipment,3.753,B USD,raw/sec/industrial-goods/rental-leasing-services/united-rentals-inc/2024-10k-ex99-earnings-release.html,SEC 8-K earnings-release exhibit,Company disclosed gross payments for rental equipment purchases.,fleet-capex-source-table,URI repeatedly deploys large cash amounts into rental equipment.,Gross payments do not separate growth and replacement fleet.,Growth versus replacement capex and fleet class detail
URIFCD-070,2024-FY,United Rentals,URI,capital-intensive real-economy buildout,fleet-capital durability,Gross rental capital expenditures,3.756,B USD,raw/sec/industrial-goods/rental-leasing-services/united-rentals-inc/2024-10k-ex99-earnings-release.html,SEC 8-K earnings-release exhibit,Company disclosed gross rental capital expenditures.,fleet-capex-source-table,URI repeatedly absorbs gross rental capex.,Gross rental capex does not equal net fleet growth.,"Fleet additions, disposals, acquisitions, and OEC roll-forward"
URIFCD-071,2024-FY,United Rentals,URI,capital-intensive real-economy buildout,fleet-capital durability,Payments for purchases of rental equipment,3.753,B USD,raw/sec/industrial-goods/rental-leasing-services/united-rentals-inc/2024-10k-10k.html,SEC 10-Q/10-K cash-flow statement,Filed cash-flow statement line.,filed-source-table,The filed statement confirms cash paid for rental equipment.,The line does not identify asset class or funding source.,Cash-flow statement and capex reconciliation
URIFCD-072,2024-FY,United Rentals,URI,capital-intensive real-economy buildout,fleet-capital durability,Proceeds from sales of rental equipment,1.521,B USD,raw/sec/industrial-goods/rental-leasing-services/united-rentals-inc/2024-10k-10k.html,SEC 10-Q/10-K cash-flow statement,Filed cash-flow statement line.,filed-source-table,Used-equipment proceeds repeatedly recycle cash back into the model.,Sale proceeds do not prove asset quality or margin by class.,Used-equipment margin and OEC recovery
URIFCD-073,2024-FY,United Rentals,URI,capital-intensive real-economy buildout,fleet-capital durability,Net cash rental-equipment investment,2.232,B USD,raw/sec/industrial-goods/rental-leasing-services/united-rentals-inc/2024-10k-10k.html,SEC 10-Q/10-K cash-flow statement,Payments for purchases of rental equipment less proceeds from sales of rental equipment.,derived-filed-source,URI's net fleet cash deployment can be tracked over time.,Net cash deployment is not a growth-only or return metric.,Fleet roll-forward and growth/replacement split
URIFCD-074,2024-FY,United Rentals,URI,capital-intensive real-economy buildout,fleet-capital durability,Total liquidity,2.845,B USD,raw/sec/industrial-goods/rental-leasing-services/united-rentals-inc/2024-10k-ex99-earnings-release.html,SEC 8-K earnings-release exhibit,"Company disclosed total liquidity, including cash plus ABL and AR securitization availability.",funding-context-source-defined,URI retains explicit liquidity channels alongside fleet deployment.,Liquidity is not legal availability or use-of-proceeds proof.,ABL and AR securitization availability schedules
URIFCD-075,2024-FY,United Rentals,URI,capital-intensive real-economy buildout,fleet-capital durability,Net leverage ratio,1.8,x,raw/sec/industrial-goods/rental-leasing-services/united-rentals-inc/2024-10k-ex99-earnings-release.html,SEC 8-K earnings-release exhibit,Company disclosed net leverage ratio.,leverage-context-source-defined,URI's leverage stayed inside a narrow disclosed range across the extracted periods.,Net leverage is not covenant headroom or collateral coverage.,Debt agreement covenant calculations
URIFCD-076,2024-FY,United Rentals,URI,capital-intensive real-economy buildout,fleet-capital durability,Accounts receivable securitization facility balance,1.085,B USD,raw/sec/industrial-goods/rental-leasing-services/united-rentals-inc/2024-10k-10k.html,SEC 10-Q/10-K debt table,Filed debt table balance.,filed-term-summary,The AR securitization facility is a recurring part of URI's funding stack.,Facility balance is not collateral eligibility or advance-rate proof.,Receivables purchase agreement and collateral reports
URIFCD-077,2024-FY,United Rentals,URI,capital-intensive real-economy buildout,fleet-capital durability,ABL facility balance,2.253,B USD,raw/sec/industrial-goods/rental-leasing-services/united-rentals-inc/2024-10k-10k.html,SEC 10-Q/10-K debt table,Filed debt table balance.,filed-term-summary,The ABL facility is a recurring secured funding layer.,ABL balance is not legal availability or borrowing-base proof.,ABL agreement and borrowing-base certificates
URIFCD-078,2024-FY,United Rentals,URI,capital-intensive real-economy buildout,fleet-capital durability,Term loan facility balance,0.984,B USD,raw/sec/industrial-goods/rental-leasing-services/united-rentals-inc/2024-10k-10k.html,SEC 10-Q/10-K debt table,Filed debt table balance.,filed-term-summary,Term debt is another layer in the URI capital stack.,Term debt does not map to specific fleet purchases.,Term loan agreement and maturity schedule
URIFCD-079,2024-FY,United Rentals,URI,capital-intensive real-economy buildout,fleet-capital durability,Total debt,13.406,B USD,raw/sec/industrial-goods/rental-leasing-services/united-rentals-inc/2024-10k-10k.html,SEC 10-Q/10-K debt table,Filed debt table balance.,debt-stack-context,URI carries a large debt stack beside recurring fleet investment.,Total debt does not prove marginal funding source or return.,Debt maturity ladder and source/use events
URIFCD-080,2024-FY,United Rentals,URI,capital-intensive real-economy buildout,fleet-capital durability,Receivables collateral pool net of reserves and deductions,1.537,B USD,raw/sec/industrial-goods/rental-leasing-services/united-rentals-inc/2024-10k-10k.html,SEC 10-Q/10-K debt note,Filed debt note collateral-pool disclosure.,collateral-source-table,URI discloses a receivables collateral pool for the AR securitization.,"The pool does not reveal advance rates, reserves, concentration, or legal availability.",Securitization collateral reports
URIFCD-081,2024-FY,United Rentals,URI,capital-intensive real-economy buildout,fleet-capital durability,AR collateral pool to AR securitization borrowings,141.7,percent,raw/sec/industrial-goods/rental-leasing-services/united-rentals-inc/2024-10k-10k.html,SEC 10-Q/10-K debt note,Receivables collateral pool divided by AR securitization facility balance.,derived-collateral-ratio,The AR securitization collateral cushion can be tracked across filings.,This is not full borrowing-base proof.,"Advance rates, eligibility rules, and purchaser limits"
URIFCD-082,2024-FY,United Rentals,URI,capital-intensive real-economy buildout,fleet-capital durability,AR excess collateral pool over borrowings,0.452,B USD,raw/sec/industrial-goods/rental-leasing-services/united-rentals-inc/2024-10k-10k.html,SEC 10-Q/10-K debt note,Receivables collateral pool less AR securitization facility balance.,derived-collateral-ratio,URI has a dollar cushion in the receivables pool in disclosed periods.,Excess pool is not the same as legal availability.,Availability schedules and reserve detail
URIFCD-083,2024-FY,United Rentals,URI,capital-intensive real-economy buildout,fleet-capital durability,ABL stated facility size,4.25,B USD,raw/sec/industrial-goods/rental-leasing-services/united-rentals-inc/2024-10k-10k.html,SEC 10-Q/10-K debt table,Filed debt table stated ABL facility size.,filed-term-summary,The stated ABL platform size can be tracked across filings.,Stated size is not legal availability.,ABL agreement and borrowing-base certificates
URIFCD-084,2024-FY,United Rentals,URI,capital-intensive real-economy buildout,fleet-capital durability,ABL drawn against stated facility size,53.0,percent,raw/sec/industrial-goods/rental-leasing-services/united-rentals-inc/2024-10k-10k.html,SEC 10-Q/10-K debt table,ABL facility balance divided by the stated ABL facility size in the filed debt table.,derived-draw-intensity,Simple ABL draw intensity can be tracked across filings.,Stated-size headroom is not legal availability.,"Borrowing-base certificates, L/C use, reserves, and covenants"
URIFCD-085,2025-Q1,United Rentals,URI,capital-intensive real-economy buildout,fleet-capital durability,Rental revenue,3.145,B USD,raw/sec/industrial-goods/rental-leasing-services/united-rentals-inc/2025-q1-ex99-earnings-release.html,SEC 8-K earnings-release exhibit,Company disclosed rental revenue in period highlights.,source-table-backed,URI repeatedly converts fleet access into rental revenue.,"Rental revenue is not utilization, margin, or ROIC.",Owned-equipment rental revenue and rental gross margin by segment
URIFCD-086,2025-Q1,United Rentals,URI,capital-intensive real-economy buildout,fleet-capital durability,Fleet productivity increase,3.1,percent,raw/sec/industrial-goods/rental-leasing-services/united-rentals-inc/2025-q1-ex99-earnings-release.html,SEC 8-K earnings-release exhibit,"Company-defined metric reflecting rental rates, time utilization, and mix on owned-equipment rental revenue.",source-defined-operating-metric,URI repeatedly reports a positive fleet productivity measure.,"The metric is aggregated and does not split rate, utilization, and mix.",Fleet productivity bridge components
URIFCD-087,2025-Q1,United Rentals,URI,capital-intensive real-economy buildout,fleet-capital durability,Average OEC year-over-year increase,3.3,percent,raw/sec/industrial-goods/rental-leasing-services/united-rentals-inc/2025-q1-ex99-earnings-release.html,SEC 8-K earnings-release exhibit,Company disclosed year-over-year average OEC change.,source-defined-scale-metric,URI repeatedly expanded average fleet OEC versus the prior-year period.,"OEC growth can include inflation, mix, acquisitions, and replacement capital.",Fleet OEC roll-forward by class and acquisition
URIFCD-088,2025-Q1,United Rentals,URI,capital-intensive real-economy buildout,fleet-capital durability,Net cash provided by operating activities,1.425,B USD,raw/sec/industrial-goods/rental-leasing-services/united-rentals-inc/2025-q1-ex99-earnings-release.html,SEC 8-K earnings-release exhibit,Company disclosed net cash provided by operating activities.,cash-conversion-source-table,URI's fleet model is supported by recurring operating cash flow.,Operating cash flow is company-level and not source-of-funds proof for specific fleet purchases.,Quarterly cash-flow bridge with debt draws and repayments
URIFCD-089,2025-Q1,United Rentals,URI,capital-intensive real-economy buildout,fleet-capital durability,Free cash flow,1.082,B USD,raw/sec/industrial-goods/rental-leasing-services/united-rentals-inc/2025-q1-ex99-earnings-release.html,SEC 8-K earnings-release exhibit,Company disclosed free cash flow in period highlights.,non-gaap-cash-context,Free cash flow remains positive across the extracted periods.,Free cash flow is non-GAAP and not fleet-return proof.,Free cash flow reconciliation by period
URIFCD-090,2025-Q1,United Rentals,URI,capital-intensive real-economy buildout,fleet-capital durability,Gross payments for purchases of rental equipment,0.661,B USD,raw/sec/industrial-goods/rental-leasing-services/united-rentals-inc/2025-q1-ex99-earnings-release.html,SEC 8-K earnings-release exhibit,Company disclosed gross payments for rental equipment purchases.,fleet-capex-source-table,URI repeatedly deploys large cash amounts into rental equipment.,Gross payments do not separate growth and replacement fleet.,Growth versus replacement capex and fleet class detail
URIFCD-091,2025-Q1,United Rentals,URI,capital-intensive real-economy buildout,fleet-capital durability,Gross rental capital expenditures,0.707,B USD,raw/sec/industrial-goods/rental-leasing-services/united-rentals-inc/2025-q1-ex99-earnings-release.html,SEC 8-K earnings-release exhibit,Company disclosed gross rental capital expenditures.,fleet-capex-source-table,URI repeatedly absorbs gross rental capex.,Gross rental capex does not equal net fleet growth.,"Fleet additions, disposals, acquisitions, and OEC roll-forward"
URIFCD-092,2025-Q1,United Rentals,URI,capital-intensive real-economy buildout,fleet-capital durability,Payments for purchases of rental equipment,0.661,B USD,raw/sec/industrial-goods/rental-leasing-services/united-rentals-inc/2025-q1-10q.html,SEC 10-Q/10-K cash-flow statement,Filed cash-flow statement line.,filed-source-table,The filed statement confirms cash paid for rental equipment.,The line does not identify asset class or funding source.,Cash-flow statement and capex reconciliation
URIFCD-093,2025-Q1,United Rentals,URI,capital-intensive real-economy buildout,fleet-capital durability,Proceeds from sales of rental equipment,0.377,B USD,raw/sec/industrial-goods/rental-leasing-services/united-rentals-inc/2025-q1-10q.html,SEC 10-Q/10-K cash-flow statement,Filed cash-flow statement line.,filed-source-table,Used-equipment proceeds repeatedly recycle cash back into the model.,Sale proceeds do not prove asset quality or margin by class.,Used-equipment margin and OEC recovery
URIFCD-094,2025-Q1,United Rentals,URI,capital-intensive real-economy buildout,fleet-capital durability,Net cash rental-equipment investment,0.284,B USD,raw/sec/industrial-goods/rental-leasing-services/united-rentals-inc/2025-q1-10q.html,SEC 10-Q/10-K cash-flow statement,Payments for purchases of rental equipment less proceeds from sales of rental equipment.,derived-filed-source,URI's net fleet cash deployment can be tracked over time.,Net cash deployment is not a growth-only or return metric.,Fleet roll-forward and growth/replacement split
URIFCD-095,2025-Q1,United Rentals,URI,capital-intensive real-economy buildout,fleet-capital durability,Total liquidity,3.345,B USD,raw/sec/industrial-goods/rental-leasing-services/united-rentals-inc/2025-q1-ex99-earnings-release.html,SEC 8-K earnings-release exhibit,"Company disclosed total liquidity, including cash plus ABL and AR securitization availability.",funding-context-source-defined,URI retains explicit liquidity channels alongside fleet deployment.,Liquidity is not legal availability or use-of-proceeds proof.,ABL and AR securitization availability schedules
URIFCD-096,2025-Q1,United Rentals,URI,capital-intensive real-economy buildout,fleet-capital durability,Net leverage ratio,1.7,x,raw/sec/industrial-goods/rental-leasing-services/united-rentals-inc/2025-q1-ex99-earnings-release.html,SEC 8-K earnings-release exhibit,Company disclosed net leverage ratio.,leverage-context-source-defined,URI's leverage stayed inside a narrow disclosed range across the extracted periods.,Net leverage is not covenant headroom or collateral coverage.,Debt agreement covenant calculations
URIFCD-097,2025-Q1,United Rentals,URI,capital-intensive real-economy buildout,fleet-capital durability,Accounts receivable securitization facility balance,1.323,B USD,raw/sec/industrial-goods/rental-leasing-services/united-rentals-inc/2025-q1-10q.html,SEC 10-Q/10-K debt table,Filed debt table balance.,filed-term-summary,The AR securitization facility is a recurring part of URI's funding stack.,Facility balance is not collateral eligibility or advance-rate proof.,Receivables purchase agreement and collateral reports
URIFCD-098,2025-Q1,United Rentals,URI,capital-intensive real-economy buildout,fleet-capital durability,ABL facility balance,1.504,B USD,raw/sec/industrial-goods/rental-leasing-services/united-rentals-inc/2025-q1-10q.html,SEC 10-Q/10-K debt table,Filed debt table balance.,filed-term-summary,The ABL facility is a recurring secured funding layer.,ABL balance is not legal availability or borrowing-base proof.,ABL agreement and borrowing-base certificates
URIFCD-099,2025-Q1,United Rentals,URI,capital-intensive real-economy buildout,fleet-capital durability,Term loan facility balance,0.982,B USD,raw/sec/industrial-goods/rental-leasing-services/united-rentals-inc/2025-q1-10q.html,SEC 10-Q/10-K debt table,Filed debt table balance.,filed-term-summary,Term debt is another layer in the URI capital stack.,Term debt does not map to specific fleet purchases.,Term loan agreement and maturity schedule
URIFCD-100,2025-Q1,United Rentals,URI,capital-intensive real-economy buildout,fleet-capital durability,Total debt,12.922,B USD,raw/sec/industrial-goods/rental-leasing-services/united-rentals-inc/2025-q1-10q.html,SEC 10-Q/10-K debt table,Filed debt table balance.,debt-stack-context,URI carries a large debt stack beside recurring fleet investment.,Total debt does not prove marginal funding source or return.,Debt maturity ladder and source/use events
URIFCD-101,2025-Q1,United Rentals,URI,capital-intensive real-economy buildout,fleet-capital durability,Receivables collateral pool net of reserves and deductions,1.403,B USD,raw/sec/industrial-goods/rental-leasing-services/united-rentals-inc/2025-q1-10q.html,SEC 10-Q/10-K debt note,Filed debt note collateral-pool disclosure.,collateral-source-table,URI discloses a receivables collateral pool for the AR securitization.,"The pool does not reveal advance rates, reserves, concentration, or legal availability.",Securitization collateral reports
URIFCD-102,2025-Q1,United Rentals,URI,capital-intensive real-economy buildout,fleet-capital durability,AR collateral pool to AR securitization borrowings,106.0,percent,raw/sec/industrial-goods/rental-leasing-services/united-rentals-inc/2025-q1-10q.html,SEC 10-Q/10-K debt note,Receivables collateral pool divided by AR securitization facility balance.,derived-collateral-ratio,The AR securitization collateral cushion can be tracked across filings.,This is not full borrowing-base proof.,"Advance rates, eligibility rules, and purchaser limits"
URIFCD-103,2025-Q1,United Rentals,URI,capital-intensive real-economy buildout,fleet-capital durability,AR excess collateral pool over borrowings,0.08,B USD,raw/sec/industrial-goods/rental-leasing-services/united-rentals-inc/2025-q1-10q.html,SEC 10-Q/10-K debt note,Receivables collateral pool less AR securitization facility balance.,derived-collateral-ratio,URI has a dollar cushion in the receivables pool in disclosed periods.,Excess pool is not the same as legal availability.,Availability schedules and reserve detail
URIFCD-104,2025-Q1,United Rentals,URI,capital-intensive real-economy buildout,fleet-capital durability,ABL stated facility size,4.25,B USD,raw/sec/industrial-goods/rental-leasing-services/united-rentals-inc/2025-q1-10q.html,SEC 10-Q/10-K debt table,Filed debt table stated ABL facility size.,filed-term-summary,The stated ABL platform size can be tracked across filings.,Stated size is not legal availability.,ABL agreement and borrowing-base certificates
URIFCD-105,2025-Q1,United Rentals,URI,capital-intensive real-economy buildout,fleet-capital durability,ABL drawn against stated facility size,35.4,percent,raw/sec/industrial-goods/rental-leasing-services/united-rentals-inc/2025-q1-10q.html,SEC 10-Q/10-K debt table,ABL facility balance divided by the stated ABL facility size in the filed debt table.,derived-draw-intensity,Simple ABL draw intensity can be tracked across filings.,Stated-size headroom is not legal availability.,"Borrowing-base certificates, L/C use, reserves, and covenants"
URIFCD-106,2025-Q2,United Rentals,URI,capital-intensive real-economy buildout,fleet-capital durability,Rental revenue,3.415,B USD,raw/sec/industrial-goods/rental-leasing-services/united-rentals-inc/2025-q2-ex99-earnings-release.html,SEC 8-K earnings-release exhibit,Company disclosed rental revenue in period highlights.,source-table-backed,URI repeatedly converts fleet access into rental revenue.,"Rental revenue is not utilization, margin, or ROIC.",Owned-equipment rental revenue and rental gross margin by segment
URIFCD-107,2025-Q2,United Rentals,URI,capital-intensive real-economy buildout,fleet-capital durability,Fleet productivity increase,3.3,percent,raw/sec/industrial-goods/rental-leasing-services/united-rentals-inc/2025-q2-ex99-earnings-release.html,SEC 8-K earnings-release exhibit,"Company-defined metric reflecting rental rates, time utilization, and mix on owned-equipment rental revenue.",source-defined-operating-metric,URI repeatedly reports a positive fleet productivity measure.,"The metric is aggregated and does not split rate, utilization, and mix.",Fleet productivity bridge components
URIFCD-108,2025-Q2,United Rentals,URI,capital-intensive real-economy buildout,fleet-capital durability,Average OEC year-over-year increase,3.6,percent,raw/sec/industrial-goods/rental-leasing-services/united-rentals-inc/2025-q2-ex99-earnings-release.html,SEC 8-K earnings-release exhibit,Company disclosed year-over-year average OEC change.,source-defined-scale-metric,URI repeatedly expanded average fleet OEC versus the prior-year period.,"OEC growth can include inflation, mix, acquisitions, and replacement capital.",Fleet OEC roll-forward by class and acquisition
URIFCD-109,2025-Q2,United Rentals,URI,capital-intensive real-economy buildout,fleet-capital durability,Net cash provided by operating activities,2.753,B USD,raw/sec/industrial-goods/rental-leasing-services/united-rentals-inc/2025-q2-ex99-earnings-release.html,SEC 8-K earnings-release exhibit,Company disclosed net cash provided by operating activities.,cash-conversion-source-table,URI's fleet model is supported by recurring operating cash flow.,Operating cash flow is company-level and not source-of-funds proof for specific fleet purchases.,Quarterly cash-flow bridge with debt draws and repayments
URIFCD-110,2025-Q2,United Rentals,URI,capital-intensive real-economy buildout,fleet-capital durability,Free cash flow,1.198,B USD,raw/sec/industrial-goods/rental-leasing-services/united-rentals-inc/2025-q2-ex99-earnings-release.html,SEC 8-K earnings-release exhibit,Company disclosed free cash flow in period highlights.,non-gaap-cash-context,Free cash flow remains positive across the extracted periods.,Free cash flow is non-GAAP and not fleet-return proof.,Free cash flow reconciliation by period
URIFCD-111,2025-Q2,United Rentals,URI,capital-intensive real-economy buildout,fleet-capital durability,Gross payments for purchases of rental equipment,2.121,B USD,raw/sec/industrial-goods/rental-leasing-services/united-rentals-inc/2025-q2-ex99-earnings-release.html,SEC 8-K earnings-release exhibit,Company disclosed gross payments for rental equipment purchases.,fleet-capex-source-table,URI repeatedly deploys large cash amounts into rental equipment.,Gross payments do not separate growth and replacement fleet.,Growth versus replacement capex and fleet class detail
URIFCD-112,2025-Q2,United Rentals,URI,capital-intensive real-economy buildout,fleet-capital durability,Gross rental capital expenditures,2.274,B USD,raw/sec/industrial-goods/rental-leasing-services/united-rentals-inc/2025-q2-ex99-earnings-release.html,SEC 8-K earnings-release exhibit,Company disclosed gross rental capital expenditures.,fleet-capex-source-table,URI repeatedly absorbs gross rental capex.,Gross rental capex does not equal net fleet growth.,"Fleet additions, disposals, acquisitions, and OEC roll-forward"
URIFCD-113,2025-Q2,United Rentals,URI,capital-intensive real-economy buildout,fleet-capital durability,Payments for purchases of rental equipment,2.121,B USD,raw/sec/industrial-goods/rental-leasing-services/united-rentals-inc/2025-q2-10q.html,SEC 10-Q/10-K cash-flow statement,Filed cash-flow statement line.,filed-source-table,The filed statement confirms cash paid for rental equipment.,The line does not identify asset class or funding source.,Cash-flow statement and capex reconciliation
URIFCD-114,2025-Q2,United Rentals,URI,capital-intensive real-economy buildout,fleet-capital durability,Proceeds from sales of rental equipment,0.694,B USD,raw/sec/industrial-goods/rental-leasing-services/united-rentals-inc/2025-q2-10q.html,SEC 10-Q/10-K cash-flow statement,Filed cash-flow statement line.,filed-source-table,Used-equipment proceeds repeatedly recycle cash back into the model.,Sale proceeds do not prove asset quality or margin by class.,Used-equipment margin and OEC recovery
URIFCD-115,2025-Q2,United Rentals,URI,capital-intensive real-economy buildout,fleet-capital durability,Net cash rental-equipment investment,1.427,B USD,raw/sec/industrial-goods/rental-leasing-services/united-rentals-inc/2025-q2-10q.html,SEC 10-Q/10-K cash-flow statement,Payments for purchases of rental equipment less proceeds from sales of rental equipment.,derived-filed-source,URI's net fleet cash deployment can be tracked over time.,Net cash deployment is not a growth-only or return metric.,Fleet roll-forward and growth/replacement split
URIFCD-116,2025-Q2,United Rentals,URI,capital-intensive real-economy buildout,fleet-capital durability,Total liquidity,2.996,B USD,raw/sec/industrial-goods/rental-leasing-services/united-rentals-inc/2025-q2-ex99-earnings-release.html,SEC 8-K earnings-release exhibit,"Company disclosed total liquidity, including cash plus ABL and AR securitization availability.",funding-context-source-defined,URI retains explicit liquidity channels alongside fleet deployment.,Liquidity is not legal availability or use-of-proceeds proof.,ABL and AR securitization availability schedules
URIFCD-117,2025-Q2,United Rentals,URI,capital-intensive real-economy buildout,fleet-capital durability,Net leverage ratio,1.8,x,raw/sec/industrial-goods/rental-leasing-services/united-rentals-inc/2025-q2-ex99-earnings-release.html,SEC 8-K earnings-release exhibit,Company disclosed net leverage ratio.,leverage-context-source-defined,URI's leverage stayed inside a narrow disclosed range across the extracted periods.,Net leverage is not covenant headroom or collateral coverage.,Debt agreement covenant calculations
URIFCD-118,2025-Q2,United Rentals,URI,capital-intensive real-economy buildout,fleet-capital durability,Accounts receivable securitization facility balance,1.184,B USD,raw/sec/industrial-goods/rental-leasing-services/united-rentals-inc/2025-q2-10q.html,SEC 10-Q/10-K debt table,Filed debt table balance.,filed-term-summary,The AR securitization facility is a recurring part of URI's funding stack.,Facility balance is not collateral eligibility or advance-rate proof.,Receivables purchase agreement and collateral reports
URIFCD-119,2025-Q2,United Rentals,URI,capital-intensive real-economy buildout,fleet-capital durability,ABL facility balance,2.091,B USD,raw/sec/industrial-goods/rental-leasing-services/united-rentals-inc/2025-q2-10q.html,SEC 10-Q/10-K debt table,Filed debt table balance.,filed-term-summary,The ABL facility is a recurring secured funding layer.,ABL balance is not legal availability or borrowing-base proof.,ABL agreement and borrowing-base certificates
URIFCD-120,2025-Q2,United Rentals,URI,capital-intensive real-economy buildout,fleet-capital durability,Term loan facility balance,0.979,B USD,raw/sec/industrial-goods/rental-leasing-services/united-rentals-inc/2025-q2-10q.html,SEC 10-Q/10-K debt table,Filed debt table balance.,filed-term-summary,Term debt is another layer in the URI capital stack.,Term debt does not map to specific fleet purchases.,Term loan agreement and maturity schedule
URIFCD-121,2025-Q2,United Rentals,URI,capital-intensive real-economy buildout,fleet-capital durability,Total debt,13.385,B USD,raw/sec/industrial-goods/rental-leasing-services/united-rentals-inc/2025-q2-10q.html,SEC 10-Q/10-K debt table,Filed debt table balance.,debt-stack-context,URI carries a large debt stack beside recurring fleet investment.,Total debt does not prove marginal funding source or return.,Debt maturity ladder and source/use events
URIFCD-122,2025-Q2,United Rentals,URI,capital-intensive real-economy buildout,fleet-capital durability,Receivables collateral pool net of reserves and deductions,1.539,B USD,raw/sec/industrial-goods/rental-leasing-services/united-rentals-inc/2025-q2-10q.html,SEC 10-Q/10-K debt note,Filed debt note collateral-pool disclosure.,collateral-source-table,URI discloses a receivables collateral pool for the AR securitization.,"The pool does not reveal advance rates, reserves, concentration, or legal availability.",Securitization collateral reports
URIFCD-123,2025-Q2,United Rentals,URI,capital-intensive real-economy buildout,fleet-capital durability,AR collateral pool to AR securitization borrowings,130.0,percent,raw/sec/industrial-goods/rental-leasing-services/united-rentals-inc/2025-q2-10q.html,SEC 10-Q/10-K debt note,Receivables collateral pool divided by AR securitization facility balance.,derived-collateral-ratio,The AR securitization collateral cushion can be tracked across filings.,This is not full borrowing-base proof.,"Advance rates, eligibility rules, and purchaser limits"
URIFCD-124,2025-Q2,United Rentals,URI,capital-intensive real-economy buildout,fleet-capital durability,AR excess collateral pool over borrowings,0.355,B USD,raw/sec/industrial-goods/rental-leasing-services/united-rentals-inc/2025-q2-10q.html,SEC 10-Q/10-K debt note,Receivables collateral pool less AR securitization facility balance.,derived-collateral-ratio,URI has a dollar cushion in the receivables pool in disclosed periods.,Excess pool is not the same as legal availability.,Availability schedules and reserve detail
URIFCD-125,2025-Q2,United Rentals,URI,capital-intensive real-economy buildout,fleet-capital durability,ABL stated facility size,4.25,B USD,raw/sec/industrial-goods/rental-leasing-services/united-rentals-inc/2025-q2-10q.html,SEC 10-Q/10-K debt table,Filed debt table stated ABL facility size.,filed-term-summary,The stated ABL platform size can be tracked across filings.,Stated size is not legal availability.,ABL agreement and borrowing-base certificates
URIFCD-126,2025-Q2,United Rentals,URI,capital-intensive real-economy buildout,fleet-capital durability,ABL drawn against stated facility size,49.2,percent,raw/sec/industrial-goods/rental-leasing-services/united-rentals-inc/2025-q2-10q.html,SEC 10-Q/10-K debt table,ABL facility balance divided by the stated ABL facility size in the filed debt table.,derived-draw-intensity,Simple ABL draw intensity can be tracked across filings.,Stated-size headroom is not legal availability.,"Borrowing-base certificates, L/C use, reserves, and covenants"
URIFCD-127,2025-Q3,United Rentals,URI,capital-intensive real-economy buildout,fleet-capital durability,Rental revenue,3.665,B USD,raw/sec/industrial-goods/rental-leasing-services/united-rentals-inc/2025-q3-ex99-earnings-release.html,SEC 8-K earnings-release exhibit,Company disclosed rental revenue in period highlights.,source-table-backed,URI repeatedly converts fleet access into rental revenue.,"Rental revenue is not utilization, margin, or ROIC.",Owned-equipment rental revenue and rental gross margin by segment
URIFCD-128,2025-Q3,United Rentals,URI,capital-intensive real-economy buildout,fleet-capital durability,Fleet productivity increase,2.0,percent,raw/sec/industrial-goods/rental-leasing-services/united-rentals-inc/2025-q3-ex99-earnings-release.html,SEC 8-K earnings-release exhibit,"Company-defined metric reflecting rental rates, time utilization, and mix on owned-equipment rental revenue.",source-defined-operating-metric,URI repeatedly reports a positive fleet productivity measure.,"The metric is aggregated and does not split rate, utilization, and mix.",Fleet productivity bridge components
URIFCD-129,2025-Q3,United Rentals,URI,capital-intensive real-economy buildout,fleet-capital durability,Average OEC year-over-year increase,4.2,percent,raw/sec/industrial-goods/rental-leasing-services/united-rentals-inc/2025-q3-ex99-earnings-release.html,SEC 8-K earnings-release exhibit,Company disclosed year-over-year average OEC change.,source-defined-scale-metric,URI repeatedly expanded average fleet OEC versus the prior-year period.,"OEC growth can include inflation, mix, acquisitions, and replacement capital.",Fleet OEC roll-forward by class and acquisition
URIFCD-130,2025-Q3,United Rentals,URI,capital-intensive real-economy buildout,fleet-capital durability,Net cash provided by operating activities,3.934,B USD,raw/sec/industrial-goods/rental-leasing-services/united-rentals-inc/2025-q3-ex99-earnings-release.html,SEC 8-K earnings-release exhibit,Company disclosed net cash provided by operating activities.,cash-conversion-source-table,URI's fleet model is supported by recurring operating cash flow.,Operating cash flow is company-level and not source-of-funds proof for specific fleet purchases.,Quarterly cash-flow bridge with debt draws and repayments
URIFCD-131,2025-Q3,United Rentals,URI,capital-intensive real-economy buildout,fleet-capital durability,Free cash flow,1.192,B USD,raw/sec/industrial-goods/rental-leasing-services/united-rentals-inc/2025-q3-ex99-earnings-release.html,SEC 8-K earnings-release exhibit,Company disclosed free cash flow in period highlights.,non-gaap-cash-context,Free cash flow remains positive across the extracted periods.,Free cash flow is non-GAAP and not fleet-return proof.,Free cash flow reconciliation by period
URIFCD-132,2025-Q3,United Rentals,URI,capital-intensive real-economy buildout,fleet-capital durability,Gross payments for purchases of rental equipment,3.576,B USD,raw/sec/industrial-goods/rental-leasing-services/united-rentals-inc/2025-q3-ex99-earnings-release.html,SEC 8-K earnings-release exhibit,Company disclosed gross payments for rental equipment purchases.,fleet-capex-source-table,URI repeatedly deploys large cash amounts into rental equipment.,Gross payments do not separate growth and replacement fleet.,Growth versus replacement capex and fleet class detail
URIFCD-133,2025-Q3,United Rentals,URI,capital-intensive real-economy buildout,fleet-capital durability,Gross rental capital expenditures,3.76,B USD,raw/sec/industrial-goods/rental-leasing-services/united-rentals-inc/2025-q3-ex99-earnings-release.html,SEC 8-K earnings-release exhibit,Company disclosed gross rental capital expenditures.,fleet-capex-source-table,URI repeatedly absorbs gross rental capex.,Gross rental capex does not equal net fleet growth.,"Fleet additions, disposals, acquisitions, and OEC roll-forward"
URIFCD-134,2025-Q3,United Rentals,URI,capital-intensive real-economy buildout,fleet-capital durability,Payments for purchases of rental equipment,3.576,B USD,raw/sec/industrial-goods/rental-leasing-services/united-rentals-inc/2025-q3-10q.html,SEC 10-Q/10-K cash-flow statement,Filed cash-flow statement line.,filed-source-table,The filed statement confirms cash paid for rental equipment.,The line does not identify asset class or funding source.,Cash-flow statement and capex reconciliation
URIFCD-135,2025-Q3,United Rentals,URI,capital-intensive real-economy buildout,fleet-capital durability,Proceeds from sales of rental equipment,1.027,B USD,raw/sec/industrial-goods/rental-leasing-services/united-rentals-inc/2025-q3-10q.html,SEC 10-Q/10-K cash-flow statement,Filed cash-flow statement line.,filed-source-table,Used-equipment proceeds repeatedly recycle cash back into the model.,Sale proceeds do not prove asset quality or margin by class.,Used-equipment margin and OEC recovery
URIFCD-136,2025-Q3,United Rentals,URI,capital-intensive real-economy buildout,fleet-capital durability,Net cash rental-equipment investment,2.549,B USD,raw/sec/industrial-goods/rental-leasing-services/united-rentals-inc/2025-q3-10q.html,SEC 10-Q/10-K cash-flow statement,Payments for purchases of rental equipment less proceeds from sales of rental equipment.,derived-filed-source,URI's net fleet cash deployment can be tracked over time.,Net cash deployment is not a growth-only or return metric.,Fleet roll-forward and growth/replacement split
URIFCD-137,2025-Q3,United Rentals,URI,capital-intensive real-economy buildout,fleet-capital durability,Total liquidity,2.452,B USD,raw/sec/industrial-goods/rental-leasing-services/united-rentals-inc/2025-q3-ex99-earnings-release.html,SEC 8-K earnings-release exhibit,"Company disclosed total liquidity, including cash plus ABL and AR securitization availability.",funding-context-source-defined,URI retains explicit liquidity channels alongside fleet deployment.,Liquidity is not legal availability or use-of-proceeds proof.,ABL and AR securitization availability schedules
URIFCD-138,2025-Q3,United Rentals,URI,capital-intensive real-economy buildout,fleet-capital durability,Net leverage ratio,1.86,x,raw/sec/industrial-goods/rental-leasing-services/united-rentals-inc/2025-q3-ex99-earnings-release.html,SEC 8-K earnings-release exhibit,Company disclosed net leverage ratio.,leverage-context-source-defined,URI's leverage stayed inside a narrow disclosed range across the extracted periods.,Net leverage is not covenant headroom or collateral coverage.,Debt agreement covenant calculations
URIFCD-139,2025-Q3,United Rentals,URI,capital-intensive real-economy buildout,fleet-capital durability,Accounts receivable securitization facility balance,1.439,B USD,raw/sec/industrial-goods/rental-leasing-services/united-rentals-inc/2025-q3-10q.html,SEC 10-Q/10-K debt table,Filed debt table balance.,filed-term-summary,The AR securitization facility is a recurring part of URI's funding stack.,Facility balance is not collateral eligibility or advance-rate proof.,Receivables purchase agreement and collateral reports
URIFCD-140,2025-Q3,United Rentals,URI,capital-intensive real-economy buildout,fleet-capital durability,ABL facility balance,2.586,B USD,raw/sec/industrial-goods/rental-leasing-services/united-rentals-inc/2025-q3-10q.html,SEC 10-Q/10-K debt table,Filed debt table balance.,filed-term-summary,The ABL facility is a recurring secured funding layer.,ABL balance is not legal availability or borrowing-base proof.,ABL agreement and borrowing-base certificates
URIFCD-141,2025-Q3,United Rentals,URI,capital-intensive real-economy buildout,fleet-capital durability,Term loan facility balance,0.978,B USD,raw/sec/industrial-goods/rental-leasing-services/united-rentals-inc/2025-q3-10q.html,SEC 10-Q/10-K debt table,Filed debt table balance.,filed-term-summary,Term debt is another layer in the URI capital stack.,Term debt does not map to specific fleet purchases.,Term loan agreement and maturity schedule
URIFCD-142,2025-Q3,United Rentals,URI,capital-intensive real-economy buildout,fleet-capital durability,Total debt,14.148,B USD,raw/sec/industrial-goods/rental-leasing-services/united-rentals-inc/2025-q3-10q.html,SEC 10-Q/10-K debt table,Filed debt table balance.,debt-stack-context,URI carries a large debt stack beside recurring fleet investment.,Total debt does not prove marginal funding source or return.,Debt maturity ladder and source/use events
URIFCD-143,2025-Q3,United Rentals,URI,capital-intensive real-economy buildout,fleet-capital durability,Receivables collateral pool net of reserves and deductions,1.71,B USD,raw/sec/industrial-goods/rental-leasing-services/united-rentals-inc/2025-q3-10q.html,SEC 10-Q/10-K debt note,Filed debt note collateral-pool disclosure.,collateral-source-table,URI discloses a receivables collateral pool for the AR securitization.,"The pool does not reveal advance rates, reserves, concentration, or legal availability.",Securitization collateral reports
URIFCD-144,2025-Q3,United Rentals,URI,capital-intensive real-economy buildout,fleet-capital durability,AR collateral pool to AR securitization borrowings,118.8,percent,raw/sec/industrial-goods/rental-leasing-services/united-rentals-inc/2025-q3-10q.html,SEC 10-Q/10-K debt note,Receivables collateral pool divided by AR securitization facility balance.,derived-collateral-ratio,The AR securitization collateral cushion can be tracked across filings.,This is not full borrowing-base proof.,"Advance rates, eligibility rules, and purchaser limits"
URIFCD-145,2025-Q3,United Rentals,URI,capital-intensive real-economy buildout,fleet-capital durability,AR excess collateral pool over borrowings,0.271,B USD,raw/sec/industrial-goods/rental-leasing-services/united-rentals-inc/2025-q3-10q.html,SEC 10-Q/10-K debt note,Receivables collateral pool less AR securitization facility balance.,derived-collateral-ratio,URI has a dollar cushion in the receivables pool in disclosed periods.,Excess pool is not the same as legal availability.,Availability schedules and reserve detail
URIFCD-146,2025-Q3,United Rentals,URI,capital-intensive real-economy buildout,fleet-capital durability,ABL stated facility size,4.50,B USD,raw/sec/industrial-goods/rental-leasing-services/united-rentals-inc/2025-q3-10q.html,SEC 10-Q/10-K debt table,Filed debt table stated ABL facility size.,filed-term-summary,The stated ABL platform size can be tracked across filings.,Stated size is not legal availability.,ABL agreement and borrowing-base certificates
URIFCD-147,2025-Q3,United Rentals,URI,capital-intensive real-economy buildout,fleet-capital durability,ABL drawn against stated facility size,57.5,percent,raw/sec/industrial-goods/rental-leasing-services/united-rentals-inc/2025-q3-10q.html,SEC 10-Q/10-K debt table,ABL facility balance divided by the stated ABL facility size in the filed debt table.,derived-draw-intensity,Simple ABL draw intensity can be tracked across filings.,Stated-size headroom is not legal availability.,"Borrowing-base certificates, L/C use, reserves, and covenants"
URIFCD-148,2025-FY,United Rentals,URI,capital-intensive real-economy buildout,fleet-capital durability,Rental revenue,3.581,B USD,raw/sec/industrial-goods/rental-leasing-services/united-rentals-inc/2025-10k-ex99-earnings-release.html,SEC 8-K earnings-release exhibit,Company disclosed rental revenue in period highlights.,source-table-backed,URI repeatedly converts fleet access into rental revenue.,"Rental revenue is not utilization, margin, or ROIC.",Owned-equipment rental revenue and rental gross margin by segment
URIFCD-149,2025-FY,United Rentals,URI,capital-intensive real-economy buildout,fleet-capital durability,Fleet productivity increase,0.5,percent,raw/sec/industrial-goods/rental-leasing-services/united-rentals-inc/2025-10k-ex99-earnings-release.html,SEC 8-K earnings-release exhibit,"Company-defined metric reflecting rental rates, time utilization, and mix on owned-equipment rental revenue.",source-defined-operating-metric,URI repeatedly reports a positive fleet productivity measure.,"The metric is aggregated and does not split rate, utilization, and mix.",Fleet productivity bridge components
URIFCD-150,2025-FY,United Rentals,URI,capital-intensive real-economy buildout,fleet-capital durability,Average OEC year-over-year increase,4.5,percent,raw/sec/industrial-goods/rental-leasing-services/united-rentals-inc/2025-10k-ex99-earnings-release.html,SEC 8-K earnings-release exhibit,Company disclosed year-over-year average OEC change.,source-defined-scale-metric,URI repeatedly expanded average fleet OEC versus the prior-year period.,"OEC growth can include inflation, mix, acquisitions, and replacement capital.",Fleet OEC roll-forward by class and acquisition
URIFCD-151,2025-FY,United Rentals,URI,capital-intensive real-economy buildout,fleet-capital durability,Net cash provided by operating activities,5.19,B USD,raw/sec/industrial-goods/rental-leasing-services/united-rentals-inc/2025-10k-ex99-earnings-release.html,SEC 8-K earnings-release exhibit,Company disclosed net cash provided by operating activities.,cash-conversion-source-table,URI's fleet model is supported by recurring operating cash flow.,Operating cash flow is company-level and not source-of-funds proof for specific fleet purchases.,Quarterly cash-flow bridge with debt draws and repayments
URIFCD-152,2025-FY,United Rentals,URI,capital-intensive real-economy buildout,fleet-capital durability,Free cash flow,2.181,B USD,raw/sec/industrial-goods/rental-leasing-services/united-rentals-inc/2025-10k-ex99-earnings-release.html,SEC 8-K earnings-release exhibit,Company disclosed free cash flow in period highlights.,non-gaap-cash-context,Free cash flow remains positive across the extracted periods.,Free cash flow is non-GAAP and not fleet-return proof.,Free cash flow reconciliation by period
URIFCD-153,2025-FY,United Rentals,URI,capital-intensive real-economy buildout,fleet-capital durability,Gross payments for purchases of rental equipment,4.149,B USD,raw/sec/industrial-goods/rental-leasing-services/united-rentals-inc/2025-10k-ex99-earnings-release.html,SEC 8-K earnings-release exhibit,Company disclosed gross payments for rental equipment purchases.,fleet-capex-source-table,URI repeatedly deploys large cash amounts into rental equipment.,Gross payments do not separate growth and replacement fleet.,Growth versus replacement capex and fleet class detail
URIFCD-154,2025-FY,United Rentals,URI,capital-intensive real-economy buildout,fleet-capital durability,Gross rental capital expenditures,4.189,B USD,raw/sec/industrial-goods/rental-leasing-services/united-rentals-inc/2025-10k-ex99-earnings-release.html,SEC 8-K earnings-release exhibit,Company disclosed gross rental capital expenditures.,fleet-capex-source-table,URI repeatedly absorbs gross rental capex.,Gross rental capex does not equal net fleet growth.,"Fleet additions, disposals, acquisitions, and OEC roll-forward"
URIFCD-155,2025-FY,United Rentals,URI,capital-intensive real-economy buildout,fleet-capital durability,Payments for purchases of rental equipment,4.149,B USD,raw/sec/industrial-goods/rental-leasing-services/united-rentals-inc/2025-10k-10k.html,SEC 10-Q/10-K cash-flow statement,Filed cash-flow statement line.,filed-source-table,The filed statement confirms cash paid for rental equipment.,The line does not identify asset class or funding source.,Cash-flow statement and capex reconciliation
URIFCD-156,2025-FY,United Rentals,URI,capital-intensive real-economy buildout,fleet-capital durability,Proceeds from sales of rental equipment,1.413,B USD,raw/sec/industrial-goods/rental-leasing-services/united-rentals-inc/2025-10k-10k.html,SEC 10-Q/10-K cash-flow statement,Filed cash-flow statement line.,filed-source-table,Used-equipment proceeds repeatedly recycle cash back into the model.,Sale proceeds do not prove asset quality or margin by class.,Used-equipment margin and OEC recovery
URIFCD-157,2025-FY,United Rentals,URI,capital-intensive real-economy buildout,fleet-capital durability,Net cash rental-equipment investment,2.736,B USD,raw/sec/industrial-goods/rental-leasing-services/united-rentals-inc/2025-10k-10k.html,SEC 10-Q/10-K cash-flow statement,Payments for purchases of rental equipment less proceeds from sales of rental equipment.,derived-filed-source,URI's net fleet cash deployment can be tracked over time.,Net cash deployment is not a growth-only or return metric.,Fleet roll-forward and growth/replacement split
URIFCD-158,2025-FY,United Rentals,URI,capital-intensive real-economy buildout,fleet-capital durability,Total liquidity,3.322,B USD,raw/sec/industrial-goods/rental-leasing-services/united-rentals-inc/2025-10k-ex99-earnings-release.html,SEC 8-K earnings-release exhibit,"Company disclosed total liquidity, including cash plus ABL and AR securitization availability.",funding-context-source-defined,URI retains explicit liquidity channels alongside fleet deployment.,Liquidity is not legal availability or use-of-proceeds proof.,ABL and AR securitization availability schedules
URIFCD-159,2025-FY,United Rentals,URI,capital-intensive real-economy buildout,fleet-capital durability,Net leverage ratio,1.9,x,raw/sec/industrial-goods/rental-leasing-services/united-rentals-inc/2025-10k-ex99-earnings-release.html,SEC 8-K earnings-release exhibit,Company disclosed net leverage ratio.,leverage-context-source-defined,URI's leverage stayed inside a narrow disclosed range across the extracted periods.,Net leverage is not covenant headroom or collateral coverage.,Debt agreement covenant calculations
URIFCD-160,2025-FY,United Rentals,URI,capital-intensive real-economy buildout,fleet-capital durability,Accounts receivable securitization facility balance,1.459,B USD,raw/sec/industrial-goods/rental-leasing-services/united-rentals-inc/2025-10k-10k.html,SEC 10-Q/10-K debt table,Filed debt table balance.,filed-term-summary,The AR securitization facility is a recurring part of URI's funding stack.,Facility balance is not collateral eligibility or advance-rate proof.,Receivables purchase agreement and collateral reports
URIFCD-161,2025-FY,United Rentals,URI,capital-intensive real-economy buildout,fleet-capital durability,ABL facility balance,1.645,B USD,raw/sec/industrial-goods/rental-leasing-services/united-rentals-inc/2025-10k-10k.html,SEC 10-Q/10-K debt table,Filed debt table balance.,filed-term-summary,The ABL facility is a recurring secured funding layer.,ABL balance is not legal availability or borrowing-base proof.,ABL agreement and borrowing-base certificates
URIFCD-162,2025-FY,United Rentals,URI,capital-intensive real-economy buildout,fleet-capital durability,Term loan facility balance,0.975,B USD,raw/sec/industrial-goods/rental-leasing-services/united-rentals-inc/2025-10k-10k.html,SEC 10-Q/10-K debt table,Filed debt table balance.,filed-term-summary,Term debt is another layer in the URI capital stack.,Term debt does not map to specific fleet purchases.,Term loan agreement and maturity schedule
URIFCD-163,2025-FY,United Rentals,URI,capital-intensive real-economy buildout,fleet-capital durability,Total debt,14.229,B USD,raw/sec/industrial-goods/rental-leasing-services/united-rentals-inc/2025-10k-10k.html,SEC 10-Q/10-K debt table,Filed debt table balance.,debt-stack-context,URI carries a large debt stack beside recurring fleet investment.,Total debt does not prove marginal funding source or return.,Debt maturity ladder and source/use events
URIFCD-164,2025-FY,United Rentals,URI,capital-intensive real-economy buildout,fleet-capital durability,Receivables collateral pool net of reserves and deductions,1.713,B USD,raw/sec/industrial-goods/rental-leasing-services/united-rentals-inc/2025-10k-10k.html,SEC 10-Q/10-K debt note,Filed debt note collateral-pool disclosure.,collateral-source-table,URI discloses a receivables collateral pool for the AR securitization.,"The pool does not reveal advance rates, reserves, concentration, or legal availability.",Securitization collateral reports
URIFCD-165,2025-FY,United Rentals,URI,capital-intensive real-economy buildout,fleet-capital durability,AR collateral pool to AR securitization borrowings,117.4,percent,raw/sec/industrial-goods/rental-leasing-services/united-rentals-inc/2025-10k-10k.html,SEC 10-Q/10-K debt note,Receivables collateral pool divided by AR securitization facility balance.,derived-collateral-ratio,The AR securitization collateral cushion can be tracked across filings.,This is not full borrowing-base proof.,"Advance rates, eligibility rules, and purchaser limits"
URIFCD-166,2025-FY,United Rentals,URI,capital-intensive real-economy buildout,fleet-capital durability,AR excess collateral pool over borrowings,0.254,B USD,raw/sec/industrial-goods/rental-leasing-services/united-rentals-inc/2025-10k-10k.html,SEC 10-Q/10-K debt note,Receivables collateral pool less AR securitization facility balance.,derived-collateral-ratio,URI has a dollar cushion in the receivables pool in disclosed periods.,Excess pool is not the same as legal availability.,Availability schedules and reserve detail
URIFCD-167,2025-FY,United Rentals,URI,capital-intensive real-economy buildout,fleet-capital durability,ABL stated facility size,4.5,B USD,raw/sec/industrial-goods/rental-leasing-services/united-rentals-inc/2025-10k-10k.html,SEC 10-Q/10-K debt table,Filed debt table stated ABL facility size.,filed-term-summary,The stated ABL platform size can be tracked across filings.,Stated size is not legal availability.,ABL agreement and borrowing-base certificates
URIFCD-168,2025-FY,United Rentals,URI,capital-intensive real-economy buildout,fleet-capital durability,ABL drawn against stated facility size,36.6,percent,raw/sec/industrial-goods/rental-leasing-services/united-rentals-inc/2025-10k-10k.html,SEC 10-Q/10-K debt table,ABL facility balance divided by the stated ABL facility size in the filed debt table.,derived-draw-intensity,Simple ABL draw intensity can be tracked across filings.,Stated-size headroom is not legal availability.,"Borrowing-base certificates, L/C use, reserves, and covenants"
URIFCD-169,2026-Q1,United Rentals,URI,capital-intensive real-economy buildout,fleet-capital durability,Rental revenue,3.419,B USD,raw/sec/industrial-goods/rental-leasing-services/united-rentals-inc/2026-q1-ex99-earnings-release.html,SEC 8-K earnings-release exhibit,Company disclosed rental revenue in period highlights.,source-table-backed,URI repeatedly converts fleet access into rental revenue.,"Rental revenue is not utilization, margin, or ROIC.",Owned-equipment rental revenue and rental gross margin by segment
URIFCD-170,2026-Q1,United Rentals,URI,capital-intensive real-economy buildout,fleet-capital durability,Fleet productivity increase,2.3,percent,raw/sec/industrial-goods/rental-leasing-services/united-rentals-inc/2026-q1-ex99-earnings-release.html,SEC 8-K earnings-release exhibit,"Company-defined metric reflecting rental rates, time utilization, and mix on owned-equipment rental revenue.",source-defined-operating-metric,URI repeatedly reports a positive fleet productivity measure.,"The metric is aggregated and does not split rate, utilization, and mix.",Fleet productivity bridge components
URIFCD-171,2026-Q1,United Rentals,URI,capital-intensive real-economy buildout,fleet-capital durability,Average OEC year-over-year increase,5.7,percent,raw/sec/industrial-goods/rental-leasing-services/united-rentals-inc/2026-q1-ex99-earnings-release.html,SEC 8-K earnings-release exhibit,Company disclosed year-over-year average OEC change.,source-defined-scale-metric,URI repeatedly expanded average fleet OEC versus the prior-year period.,"OEC growth can include inflation, mix, acquisitions, and replacement capital.",Fleet OEC roll-forward by class and acquisition
URIFCD-172,2026-Q1,United Rentals,URI,capital-intensive real-economy buildout,fleet-capital durability,Net cash provided by operating activities,1.514,B USD,raw/sec/industrial-goods/rental-leasing-services/united-rentals-inc/2026-q1-ex99-earnings-release.html,SEC 8-K earnings-release exhibit,Company disclosed net cash provided by operating activities.,cash-conversion-source-table,URI's fleet model is supported by recurring operating cash flow.,Operating cash flow is company-level and not source-of-funds proof for specific fleet purchases.,Quarterly cash-flow bridge with debt draws and repayments
URIFCD-173,2026-Q1,United Rentals,URI,capital-intensive real-economy buildout,fleet-capital durability,Free cash flow,1.054,B USD,raw/sec/industrial-goods/rental-leasing-services/united-rentals-inc/2026-q1-ex99-earnings-release.html,SEC 8-K earnings-release exhibit,Company disclosed free cash flow in period highlights.,non-gaap-cash-context,Free cash flow remains positive across the extracted periods.,Free cash flow is non-GAAP and not fleet-return proof.,Free cash flow reconciliation by period
URIFCD-174,2026-Q1,United Rentals,URI,capital-intensive real-economy buildout,fleet-capital durability,Gross payments for purchases of rental equipment,0.767,B USD,raw/sec/industrial-goods/rental-leasing-services/united-rentals-inc/2026-q1-ex99-earnings-release.html,SEC 8-K earnings-release exhibit,Company disclosed gross payments for rental equipment purchases.,fleet-capex-source-table,URI repeatedly deploys large cash amounts into rental equipment.,Gross payments do not separate growth and replacement fleet.,Growth versus replacement capex and fleet class detail
URIFCD-175,2026-Q1,United Rentals,URI,capital-intensive real-economy buildout,fleet-capital durability,Gross rental capital expenditures,0.874,B USD,raw/sec/industrial-goods/rental-leasing-services/united-rentals-inc/2026-q1-ex99-earnings-release.html,SEC 8-K earnings-release exhibit,Company disclosed gross rental capital expenditures.,fleet-capex-source-table,URI repeatedly absorbs gross rental capex.,Gross rental capex does not equal net fleet growth.,"Fleet additions, disposals, acquisitions, and OEC roll-forward"
URIFCD-176,2026-Q1,United Rentals,URI,capital-intensive real-economy buildout,fleet-capital durability,Payments for purchases of rental equipment,0.767,B USD,raw/sec/industrial-goods/rental-leasing-services/united-rentals-inc/2026-q1-10q.html,SEC 10-Q/10-K cash-flow statement,Filed cash-flow statement line.,filed-source-table,The filed statement confirms cash paid for rental equipment.,The line does not identify asset class or funding source.,Cash-flow statement and capex reconciliation
URIFCD-177,2026-Q1,United Rentals,URI,capital-intensive real-economy buildout,fleet-capital durability,Proceeds from sales of rental equipment,0.35,B USD,raw/sec/industrial-goods/rental-leasing-services/united-rentals-inc/2026-q1-10q.html,SEC 10-Q/10-K cash-flow statement,Filed cash-flow statement line.,filed-source-table,Used-equipment proceeds repeatedly recycle cash back into the model.,Sale proceeds do not prove asset quality or margin by class.,Used-equipment margin and OEC recovery
URIFCD-178,2026-Q1,United Rentals,URI,capital-intensive real-economy buildout,fleet-capital durability,Net cash rental-equipment investment,0.417,B USD,raw/sec/industrial-goods/rental-leasing-services/united-rentals-inc/2026-q1-10q.html,SEC 10-Q/10-K cash-flow statement,Payments for purchases of rental equipment less proceeds from sales of rental equipment.,derived-filed-source,URI's net fleet cash deployment can be tracked over time.,Net cash deployment is not a growth-only or return metric.,Fleet roll-forward and growth/replacement split
URIFCD-179,2026-Q1,United Rentals,URI,capital-intensive real-economy buildout,fleet-capital durability,Total liquidity,3.377,B USD,raw/sec/industrial-goods/rental-leasing-services/united-rentals-inc/2026-q1-ex99-earnings-release.html,SEC 8-K earnings-release exhibit,"Company disclosed total liquidity, including cash plus ABL and AR securitization availability.",funding-context-source-defined,URI retains explicit liquidity channels alongside fleet deployment.,Liquidity is not legal availability or use-of-proceeds proof.,ABL and AR securitization availability schedules
URIFCD-180,2026-Q1,United Rentals,URI,capital-intensive real-economy buildout,fleet-capital durability,Net leverage ratio,1.9,x,raw/sec/industrial-goods/rental-leasing-services/united-rentals-inc/2026-q1-ex99-earnings-release.html,SEC 8-K earnings-release exhibit,Company disclosed net leverage ratio.,leverage-context-source-defined,URI's leverage stayed inside a narrow disclosed range across the extracted periods.,Net leverage is not covenant headroom or collateral coverage.,Debt agreement covenant calculations
URIFCD-181,2026-Q1,United Rentals,URI,capital-intensive real-economy buildout,fleet-capital durability,Accounts receivable securitization facility balance,1.5,B USD,raw/sec/industrial-goods/rental-leasing-services/united-rentals-inc/2026-q1-10q.html,SEC 10-Q/10-K debt table,Filed debt table balance.,filed-term-summary,The AR securitization facility is a recurring part of URI's funding stack.,Facility balance is not collateral eligibility or advance-rate proof.,Receivables purchase agreement and collateral reports
URIFCD-182,2026-Q1,United Rentals,URI,capital-intensive real-economy buildout,fleet-capital durability,ABL facility balance,1.246,B USD,raw/sec/industrial-goods/rental-leasing-services/united-rentals-inc/2026-q1-10q.html,SEC 10-Q/10-K debt table,Filed debt table balance.,filed-term-summary,The ABL facility is a recurring secured funding layer.,ABL balance is not legal availability or borrowing-base proof.,ABL agreement and borrowing-base certificates
URIFCD-183,2026-Q1,United Rentals,URI,capital-intensive real-economy buildout,fleet-capital durability,Term loan facility balance,0.973,B USD,raw/sec/industrial-goods/rental-leasing-services/united-rentals-inc/2026-q1-10q.html,SEC 10-Q/10-K debt table,Filed debt table balance.,filed-term-summary,Term debt is another layer in the URI capital stack.,Term debt does not map to specific fleet purchases.,Term loan agreement and maturity schedule
URIFCD-184,2026-Q1,United Rentals,URI,capital-intensive real-economy buildout,fleet-capital durability,Total debt,13.886,B USD,raw/sec/industrial-goods/rental-leasing-services/united-rentals-inc/2026-q1-10q.html,SEC 10-Q/10-K debt table,Filed debt table balance.,debt-stack-context,URI carries a large debt stack beside recurring fleet investment.,Total debt does not prove marginal funding source or return.,Debt maturity ladder and source/use events
URIFCD-185,2026-Q1,United Rentals,URI,capital-intensive real-economy buildout,fleet-capital durability,Receivables collateral pool net of reserves and deductions,1.527,B USD,raw/sec/industrial-goods/rental-leasing-services/united-rentals-inc/2026-q1-10q.html,SEC 10-Q/10-K debt note,Filed debt note collateral-pool disclosure.,collateral-source-table,URI discloses a receivables collateral pool for the AR securitization.,"The pool does not reveal advance rates, reserves, concentration, or legal availability.",Securitization collateral reports
URIFCD-186,2026-Q1,United Rentals,URI,capital-intensive real-economy buildout,fleet-capital durability,AR collateral pool to AR securitization borrowings,101.8,percent,raw/sec/industrial-goods/rental-leasing-services/united-rentals-inc/2026-q1-10q.html,SEC 10-Q/10-K debt note,Receivables collateral pool divided by AR securitization facility balance.,derived-collateral-ratio,The AR securitization collateral cushion can be tracked across filings.,This is not full borrowing-base proof.,"Advance rates, eligibility rules, and purchaser limits"
URIFCD-187,2026-Q1,United Rentals,URI,capital-intensive real-economy buildout,fleet-capital durability,AR excess collateral pool over borrowings,0.027,B USD,raw/sec/industrial-goods/rental-leasing-services/united-rentals-inc/2026-q1-10q.html,SEC 10-Q/10-K debt note,Receivables collateral pool less AR securitization facility balance.,derived-collateral-ratio,URI has a dollar cushion in the receivables pool in disclosed periods.,Excess pool is not the same as legal availability.,Availability schedules and reserve detail
URIFCD-188,2026-Q1,United Rentals,URI,capital-intensive real-economy buildout,fleet-capital durability,ABL stated facility size,4.5,B USD,raw/sec/industrial-goods/rental-leasing-services/united-rentals-inc/2026-q1-10q.html,SEC 10-Q/10-K debt table,Filed debt table stated ABL facility size.,filed-term-summary,The stated ABL platform size can be tracked across filings.,Stated size is not legal availability.,ABL agreement and borrowing-base certificates
URIFCD-189,2026-Q1,United Rentals,URI,capital-intensive real-economy buildout,fleet-capital durability,ABL drawn against stated facility size,27.7,percent,raw/sec/industrial-goods/rental-leasing-services/united-rentals-inc/2026-q1-10q.html,SEC 10-Q/10-K debt table,ABL facility balance divided by the stated ABL facility size in the filed debt table.,derived-draw-intensity,Simple ABL draw intensity can be tracked across filings.,Stated-size headroom is not legal availability.,"Borrowing-base certificates, L/C use, reserves, and covenants"
URIFCD-190,2026-Q2,United Rentals,URI,capital-intensive real-economy buildout,fleet-capital durability,Rental revenue,3.849,B USD,raw/sec/industrial-goods/rental-leasing-services/united-rentals-inc/2026-q2-ex99-earnings-release.html,SEC 8-K earnings-release exhibit,Company disclosed rental revenue in period highlights.,source-table-backed,URI repeatedly converts fleet access into rental revenue.,"Rental revenue is not utilization, margin, or ROIC.",Owned-equipment rental revenue and rental gross margin by segment
URIFCD-191,2026-Q2,United Rentals,URI,capital-intensive real-economy buildout,fleet-capital durability,Fleet productivity increase,3.4,percent,raw/sec/industrial-goods/rental-leasing-services/united-rentals-inc/2026-q2-ex99-earnings-release.html,SEC 8-K earnings-release exhibit,"Company-defined metric reflecting rental rates, time utilization, and mix on owned-equipment rental revenue.",source-defined-operating-metric,URI repeatedly reports a positive fleet productivity measure.,"The metric is aggregated and does not split rate, utilization, and mix.",Fleet productivity bridge components
URIFCD-192,2026-Q2,United Rentals,URI,capital-intensive real-economy buildout,fleet-capital durability,Average OEC year-over-year increase,7.1,percent,raw/sec/industrial-goods/rental-leasing-services/united-rentals-inc/2026-q2-ex99-earnings-release.html,SEC 8-K earnings-release exhibit,Company disclosed year-over-year average OEC change.,source-defined-scale-metric,URI repeatedly expanded average fleet OEC versus the prior-year period.,"OEC growth can include inflation, mix, acquisitions, and replacement capital.",Fleet OEC roll-forward by class and acquisition
URIFCD-193,2026-Q2,United Rentals,URI,capital-intensive real-economy buildout,fleet-capital durability,Net cash provided by operating activities,3.305,B USD,raw/sec/industrial-goods/rental-leasing-services/united-rentals-inc/2026-q2-ex99-earnings-release.html,SEC 8-K earnings-release exhibit,Company disclosed net cash provided by operating activities.,cash-conversion-source-table,URI's fleet model is supported by recurring operating cash flow.,Operating cash flow is company-level and not source-of-funds proof for specific fleet purchases.,Quarterly cash-flow bridge with debt draws and repayments
URIFCD-194,2026-Q2,United Rentals,URI,capital-intensive real-economy buildout,fleet-capital durability,Free cash flow,1.149,B USD,raw/sec/industrial-goods/rental-leasing-services/united-rentals-inc/2026-q2-ex99-earnings-release.html,SEC 8-K earnings-release exhibit,Company disclosed free cash flow in period highlights.,non-gaap-cash-context,Free cash flow remains positive across the extracted periods.,Free cash flow is non-GAAP and not fleet-return proof.,Free cash flow reconciliation by period
URIFCD-195,2026-Q2,United Rentals,URI,capital-intensive real-economy buildout,fleet-capital durability,Gross payments for purchases of rental equipment,2.72,B USD,raw/sec/industrial-goods/rental-leasing-services/united-rentals-inc/2026-q2-ex99-earnings-release.html,SEC 8-K earnings-release exhibit,Company disclosed gross payments for rental equipment purchases.,fleet-capex-source-table,URI repeatedly deploys large cash amounts into rental equipment.,Gross payments do not separate growth and replacement fleet.,Growth versus replacement capex and fleet class detail
URIFCD-196,2026-Q2,United Rentals,URI,capital-intensive real-economy buildout,fleet-capital durability,Gross rental capital expenditures,2.931,B USD,raw/sec/industrial-goods/rental-leasing-services/united-rentals-inc/2026-q2-ex99-earnings-release.html,SEC 8-K earnings-release exhibit,Company disclosed gross rental capital expenditures.,fleet-capex-source-table,URI repeatedly absorbs gross rental capex.,Gross rental capex does not equal net fleet growth.,"Fleet additions, disposals, acquisitions, and OEC roll-forward"
URIFCD-197,2026-Q2,United Rentals,URI,capital-intensive real-economy buildout,fleet-capital durability,Payments for purchases of rental equipment,2.72,B USD,raw/sec/industrial-goods/rental-leasing-services/united-rentals-inc/2026-q2-10q.html,SEC 10-Q/10-K cash-flow statement,Filed cash-flow statement line.,filed-source-table,The filed statement confirms cash paid for rental equipment.,The line does not identify asset class or funding source.,Cash-flow statement and capex reconciliation
URIFCD-198,2026-Q2,United Rentals,URI,capital-intensive real-economy buildout,fleet-capital durability,Proceeds from sales of rental equipment,0.68,B USD,raw/sec/industrial-goods/rental-leasing-services/united-rentals-inc/2026-q2-10q.html,SEC 10-Q/10-K cash-flow statement,Filed cash-flow statement line.,filed-source-table,Used-equipment proceeds repeatedly recycle cash back into the model.,Sale proceeds do not prove asset quality or margin by class.,Used-equipment margin and OEC recovery
URIFCD-199,2026-Q2,United Rentals,URI,capital-intensive real-economy buildout,fleet-capital durability,Net cash rental-equipment investment,2.04,B USD,raw/sec/industrial-goods/rental-leasing-services/united-rentals-inc/2026-q2-10q.html,SEC 10-Q/10-K cash-flow statement,Payments for purchases of rental equipment less proceeds from sales of rental equipment.,derived-filed-source,URI's net fleet cash deployment can be tracked over time.,Net cash deployment is not a growth-only or return metric.,Fleet roll-forward and growth/replacement split
URIFCD-200,2026-Q2,United Rentals,URI,capital-intensive real-economy buildout,fleet-capital durability,Total liquidity,2.999,B USD,raw/sec/industrial-goods/rental-leasing-services/united-rentals-inc/2026-q2-ex99-earnings-release.html,SEC 8-K earnings-release exhibit,"Company disclosed total liquidity, including cash plus ABL and AR securitization availability.",funding-context-source-defined,URI retains explicit liquidity channels alongside fleet deployment.,Liquidity is not legal availability or use-of-proceeds proof.,ABL and AR securitization availability schedules
URIFCD-201,2026-Q2,United Rentals,URI,capital-intensive real-economy buildout,fleet-capital durability,Net leverage ratio,1.8,x,raw/sec/industrial-goods/rental-leasing-services/united-rentals-inc/2026-q2-ex99-earnings-release.html,SEC 8-K earnings-release exhibit,Company disclosed net leverage ratio.,leverage-context-source-defined,URI's leverage stayed inside a narrow disclosed range across the extracted periods.,Net leverage is not covenant headroom or collateral coverage.,Debt agreement covenant calculations
URIFCD-202,2026-Q2,United Rentals,URI,capital-intensive real-economy buildout,fleet-capital durability,Accounts receivable securitization facility balance,1.414,B USD,raw/sec/industrial-goods/rental-leasing-services/united-rentals-inc/2026-q2-10q.html,SEC 10-Q/10-K debt table,Filed debt table balance.,filed-term-summary,The AR securitization facility is a recurring part of URI's funding stack.,Facility balance is not collateral eligibility or advance-rate proof.,Receivables purchase agreement and collateral reports
URIFCD-203,2026-Q2,United Rentals,URI,capital-intensive real-economy buildout,fleet-capital durability,ABL facility balance,1.666,B USD,raw/sec/industrial-goods/rental-leasing-services/united-rentals-inc/2026-q2-10q.html,SEC 10-Q/10-K debt table,Filed debt table balance.,filed-term-summary,The ABL facility is a recurring secured funding layer.,ABL balance is not legal availability or borrowing-base proof.,ABL agreement and borrowing-base certificates
URIFCD-204,2026-Q2,United Rentals,URI,capital-intensive real-economy buildout,fleet-capital durability,Term loan facility balance,0.971,B USD,raw/sec/industrial-goods/rental-leasing-services/united-rentals-inc/2026-q2-10q.html,SEC 10-Q/10-K debt table,Filed debt table balance.,filed-term-summary,Term debt is another layer in the URI capital stack.,Term debt does not map to specific fleet purchases.,Term loan agreement and maturity schedule
URIFCD-205,2026-Q2,United Rentals,URI,capital-intensive real-economy buildout,fleet-capital durability,Total debt,14.23,B USD,raw/sec/industrial-goods/rental-leasing-services/united-rentals-inc/2026-q2-10q.html,SEC 10-Q/10-K debt table,Filed debt table balance.,debt-stack-context,URI carries a large debt stack beside recurring fleet investment.,Total debt does not prove marginal funding source or return.,Debt maturity ladder and source/use events
URIFCD-206,2026-Q2,United Rentals,URI,capital-intensive real-economy buildout,fleet-capital durability,Receivables collateral pool net of reserves and deductions,1.779,B USD,raw/sec/industrial-goods/rental-leasing-services/united-rentals-inc/2026-q2-10q.html,SEC 10-Q/10-K debt note,Filed debt note collateral-pool disclosure.,collateral-source-table,URI discloses a receivables collateral pool for the AR securitization.,"The pool does not reveal advance rates, reserves, concentration, or legal availability.",Securitization collateral reports
URIFCD-207,2026-Q2,United Rentals,URI,capital-intensive real-economy buildout,fleet-capital durability,AR collateral pool to AR securitization borrowings,125.8,percent,raw/sec/industrial-goods/rental-leasing-services/united-rentals-inc/2026-q2-10q.html,SEC 10-Q/10-K debt note,Receivables collateral pool divided by AR securitization facility balance.,derived-collateral-ratio,The AR securitization collateral cushion can be tracked across filings.,This is not full borrowing-base proof.,"Advance rates, eligibility rules, and purchaser limits"
URIFCD-208,2026-Q2,United Rentals,URI,capital-intensive real-economy buildout,fleet-capital durability,AR excess collateral pool over borrowings,0.365,B USD,raw/sec/industrial-goods/rental-leasing-services/united-rentals-inc/2026-q2-10q.html,SEC 10-Q/10-K debt note,Receivables collateral pool less AR securitization facility balance.,derived-collateral-ratio,URI has a dollar cushion in the receivables pool in disclosed periods.,Excess pool is not the same as legal availability.,Availability schedules and reserve detail
URIFCD-209,2026-Q2,United Rentals,URI,capital-intensive real-economy buildout,fleet-capital durability,ABL stated facility size,4.5,B USD,raw/sec/industrial-goods/rental-leasing-services/united-rentals-inc/2026-q2-10q.html,SEC 10-Q/10-K debt table,Filed debt table stated ABL facility size.,filed-term-summary,The stated ABL platform size can be tracked across filings.,Stated size is not legal availability.,ABL agreement and borrowing-base certificates
URIFCD-210,2026-Q2,United Rentals,URI,capital-intensive real-economy buildout,fleet-capital durability,ABL drawn against stated facility size,37.0,percent,raw/sec/industrial-goods/rental-leasing-services/united-rentals-inc/2026-q2-10q.html,SEC 10-Q/10-K debt table,ABL facility balance divided by the stated ABL facility size in the filed debt table.,derived-draw-intensity,Simple ABL draw intensity can be tracked across filings.,Stated-size headroom is not legal availability.,"Borrowing-base certificates, L/C use, reserves, and covenants"
