candidate_id,part3_page,part3_source_y,part3_name,disposal_consideration,part3_row_rank,candidate_rank,candidate_source,candidate_page,candidate_row_id,candidate_cusip,candidate_name,overlap_tokens,coverage_score,jaccard_score,candidate_status,boundary
CFAASBANC-0001,5830,195.5,WIlmington DE......... AP Aristotle Holdings LLC WIlmington,"6,500,000",1,1,part1,5813,CFAASBACP-0001,00264#-AA-5,AP Aristotle Holdings LLC Aristotle Junior Perpetual,aristotle;holdings,1.0000,1.0000,ambiguous-or-partial-name-candidate,Candidate-only fuzzy name bridge; requires page/row inspection and lot/transaction evidence before continuity promotion.
CFAASBANC-0002,5830,195.5,WIlmington DE......... AP Aristotle Holdings LLC WIlmington,"6,500,000",1,2,part2,5826,CFAASBACP2-0004,00264#-AA-5,AP Aristotle Holdings LLC WIlmington AP Aristotle Holdings LLC Aristotle Junior Perpetual WIlmington,aristotle;holdings,1.0000,1.0000,ambiguous-or-partial-name-candidate,Candidate-only fuzzy name bridge; requires page/row inspection and lot/transaction evidence before continuity promotion.
CFAASBANC-0003,5830,195.5,WIlmington DE......... AP Aristotle Holdings LLC WIlmington,"6,500,000",1,3,part2,5826,CFAASBACP2-0003,,Ace Credit Fund LP ACE J59738 AP Aristotle Holdings LLC WIlmington,aristotle;holdings,1.0000,0.4000,ambiguous-or-partial-name-candidate,Candidate-only fuzzy name bridge; requires page/row inspection and lot/transaction evidence before continuity promotion.
CFAASBANC-0004,5830,195.5,WIlmington DE......... AP Aristotle Holdings LLC WIlmington,"6,500,000",1,4,part2,5826,CFAASBACP2-0005,G2973#-AB-4,AP Aristotle Holdings LLC Aristotle Junior Perpetual WIlmington AP Chia Issuer LLC AP Chia PERP NC10 JR Notes,aristotle;holdings,1.0000,0.3333,ambiguous-or-partial-name-candidate,Candidate-only fuzzy name bridge; requires page/row inspection and lot/transaction evidence before continuity promotion.
CFAASBANC-0005,5830,320.8,.........CYM........ CD&R Friends & Family Feeder Fund X L.P.,"661,600",2,1,part2,5826,CFAASBACP2-0013,,CD&R Friends & Family Feeder Fund X L.P.,family;feeder;friends,1.0000,1.0000,unique-high-coverage-name-candidate,Candidate-only fuzzy name bridge; requires page/row inspection and lot/transaction evidence before continuity promotion.
CFAASBANC-0006,5830,320.8,.........CYM........ CD&R Friends & Family Feeder Fund X L.P.,"661,600",2,2,part1,5813,CFAASBACP-0014,,"BSI, LLC CD&R Friends & Family Feeder Fund X L.P.",family;feeder;friends,1.0000,0.7500,unique-high-coverage-name-candidate,Candidate-only fuzzy name bridge; requires page/row inspection and lot/transaction evidence before continuity promotion.
CFAASBANC-0007,5830,320.8,.........CYM........ CD&R Friends & Family Feeder Fund X L.P.,"661,600",2,3,part1,5813,CFAASBACP-0015,,"CD&R Friends & Family Feeder Fund X L.P. Cibus Fund L.P,",family;feeder;friends,1.0000,0.7500,unique-high-coverage-name-candidate,Candidate-only fuzzy name bridge; requires page/row inspection and lot/transaction evidence before continuity promotion.
CFAASBANC-0008,5830,320.8,.........CYM........ CD&R Friends & Family Feeder Fund X L.P.,"661,600",2,4,part2,5826,CFAASBACP2-0014,,"CD&R Friends & Family Feeder Fund X L.P. Cibus Fund L.P,",family;feeder;friends,1.0000,0.7500,unique-high-coverage-name-candidate,Candidate-only fuzzy name bridge; requires page/row inspection and lot/transaction evidence before continuity promotion.
CFAASBANC-0009,5830,328.8,"CD&R Friends & Family Feeder Fund X L.P. DE......... L Catteron VIII Offshore, L.P. Wilmington","103,987",3,1,part1,5813,CFAASBACP-0026,,"L Catteron VIII Offshore, L.P.",catteron;offshore;viii,1.0000,0.5000,ambiguous-or-partial-name-candidate,Candidate-only fuzzy name bridge; requires page/row inspection and lot/transaction evidence before continuity promotion.
CFAASBANC-0010,5830,328.8,"CD&R Friends & Family Feeder Fund X L.P. DE......... L Catteron VIII Offshore, L.P. Wilmington","103,987",3,2,part2,5826,CFAASBACP2-0013,,CD&R Friends & Family Feeder Fund X L.P.,family;feeder;friends,1.0000,0.5000,ambiguous-or-partial-name-candidate,Candidate-only fuzzy name bridge; requires page/row inspection and lot/transaction evidence before continuity promotion.
CFAASBANC-0011,5830,328.8,"CD&R Friends & Family Feeder Fund X L.P. DE......... L Catteron VIII Offshore, L.P. Wilmington","103,987",3,3,part1,5813,CFAASBACP-0014,,"BSI, LLC CD&R Friends & Family Feeder Fund X L.P.",family;feeder;friends,0.7500,0.4286,ambiguous-or-partial-name-candidate,Candidate-only fuzzy name bridge; requires page/row inspection and lot/transaction evidence before continuity promotion.
CFAASBANC-0012,5830,328.8,"CD&R Friends & Family Feeder Fund X L.P. DE......... L Catteron VIII Offshore, L.P. Wilmington","103,987",3,4,part1,5813,CFAASBACP-0015,,"CD&R Friends & Family Feeder Fund X L.P. Cibus Fund L.P,",family;feeder;friends,0.7500,0.4286,ambiguous-or-partial-name-candidate,Candidate-only fuzzy name bridge; requires page/row inspection and lot/transaction evidence before continuity promotion.
CFAASBANC-0013,5830,328.8,"CD&R Friends & Family Feeder Fund X L.P. DE......... L Catteron VIII Offshore, L.P. Wilmington","103,987",3,5,part2,5826,CFAASBACP2-0014,,"CD&R Friends & Family Feeder Fund X L.P. Cibus Fund L.P,",family;feeder;friends,0.7500,0.4286,ambiguous-or-partial-name-candidate,Candidate-only fuzzy name bridge; requires page/row inspection and lot/transaction evidence before continuity promotion.
CFAASBANC-0014,5830,342.5,NB Secondary Opportunities Offshore Fund IV DE......... LP Wilmington,"480,538",4,1,part1,5813,CFAASBACP-0031,,NB Secondary Opportunities Offshore Fund IV LP,offshore;opportunities;secondary,1.0000,1.0000,unique-high-coverage-name-candidate,Candidate-only fuzzy name bridge; requires page/row inspection and lot/transaction evidence before continuity promotion.
CFAASBANC-0015,5830,342.5,NB Secondary Opportunities Offshore Fund IV DE......... LP Wilmington,"480,538",4,2,part2,5826,CFAASBACP2-0015,,"Cibus Fund L.P, NB Secondary Opportunities Offshore Fund IV LP Wilmington",offshore;opportunities;secondary,1.0000,0.7500,unique-high-coverage-name-candidate,Candidate-only fuzzy name bridge; requires page/row inspection and lot/transaction evidence before continuity promotion.
CFAASBANC-0016,5830,342.5,NB Secondary Opportunities Offshore Fund IV DE......... LP Wilmington,"480,538",4,3,part1,5814,CFAASBACP-0045,,Stepstone Secondary Opportunities Fund III Offshore SCSp,offshore;opportunities;secondary,1.0000,0.6000,unique-high-coverage-name-candidate,Candidate-only fuzzy name bridge; requires page/row inspection and lot/transaction evidence before continuity promotion.
CFAASBANC-0017,5830,342.5,NB Secondary Opportunities Offshore Fund IV DE......... LP Wilmington,"480,538",4,4,part2,5826,CFAASBACP2-0016,,"NB Secondary Opportunities Offshore Fund IV LP Wilmington Spiritus Aggregator, LP Wilmington",offshore;opportunities;secondary,1.0000,0.6000,unique-high-coverage-name-candidate,Candidate-only fuzzy name bridge; requires page/row inspection and lot/transaction evidence before continuity promotion.
CFAASBANC-0018,5830,342.5,NB Secondary Opportunities Offshore Fund IV DE......... LP Wilmington,"480,538",4,5,part2,5826,CFAASBACP2-0017,,"Spiritus Aggregator, LP Wilmington Stepstone Secondary Opportunities Fund III Offshore SCSp",offshore;opportunities;secondary,1.0000,0.4286,unique-high-coverage-name-candidate,Candidate-only fuzzy name bridge; requires page/row inspection and lot/transaction evidence before continuity promotion.
CFAASBANC-0019,5830,350.6,"LP Wilmington DE......... Riverside Micro-Cap Fund IV, L.P. Wilmington","2,805,196",5,1,part1,5814,CFAASBACP-0040,,"Riverside Micro-Cap Fund IV, L.P. SCHF US, LP",cap;micro;riverside,1.0000,0.7500,unique-high-coverage-name-candidate,Candidate-only fuzzy name bridge; requires page/row inspection and lot/transaction evidence before continuity promotion.
CFAASBANC-0020,5830,350.6,"LP Wilmington DE......... Riverside Micro-Cap Fund IV, L.P. Wilmington","2,805,196",5,2,part1,5814,CFAASBACP-0039,,"Reservoir Strategic Partners Fund, L.P. Riverside Micro-Cap Fund IV, L.P.",cap;micro;riverside,1.0000,0.5000,unique-high-coverage-name-candidate,Candidate-only fuzzy name bridge; requires page/row inspection and lot/transaction evidence before continuity promotion.
CFAASBANC-0021,5830,364.2,Stepstone Secondary Opportunities Fund III DE......... Offshore SCSp Wilmington,"469,444",6,1,part1,5814,CFAASBACP-0045,,Stepstone Secondary Opportunities Fund III Offshore SCSp,iii;offshore;opportunities;secondary;stepstone,1.0000,1.0000,unique-high-coverage-name-candidate,Candidate-only fuzzy name bridge; requires page/row inspection and lot/transaction evidence before continuity promotion.
CFAASBANC-0022,5830,364.2,Stepstone Secondary Opportunities Fund III DE......... Offshore SCSp Wilmington,"469,444",6,2,part2,5826,CFAASBACP2-0017,,"Spiritus Aggregator, LP Wilmington Stepstone Secondary Opportunities Fund III Offshore SCSp",iii;offshore;opportunities;secondary;stepstone,1.0000,0.7143,unique-high-coverage-name-candidate,Candidate-only fuzzy name bridge; requires page/row inspection and lot/transaction evidence before continuity promotion.
CFAASBANC-0023,5830,364.2,Stepstone Secondary Opportunities Fund III DE......... Offshore SCSp Wilmington,"469,444",6,3,part1,5813,CFAASBACP-0031,,NB Secondary Opportunities Offshore Fund IV LP,offshore;opportunities;secondary,1.0000,0.6000,unique-high-coverage-name-candidate,Candidate-only fuzzy name bridge; requires page/row inspection and lot/transaction evidence before continuity promotion.
CFAASBANC-0024,5830,364.2,Stepstone Secondary Opportunities Fund III DE......... Offshore SCSp Wilmington,"469,444",6,4,part2,5826,CFAASBACP2-0015,,"Cibus Fund L.P, NB Secondary Opportunities Offshore Fund IV LP Wilmington",offshore;opportunities;secondary,0.7500,0.5000,unique-high-coverage-name-candidate,Candidate-only fuzzy name bridge; requires page/row inspection and lot/transaction evidence before continuity promotion.
CFAASBANC-0025,5830,364.2,Stepstone Secondary Opportunities Fund III DE......... Offshore SCSp Wilmington,"469,444",6,5,part1,5813,CFAASBACP-0024,,"Hollyport Secondary Opportunities VI, L.P.",opportunities;secondary,0.6667,0.3333,unique-high-coverage-name-candidate,Candidate-only fuzzy name bridge; requires page/row inspection and lot/transaction evidence before continuity promotion.
CFAASBANC-0026,5830,377.9,Warwick European Opportunities Fund III .........CYM........ (USD) Limited,"2,011,338",7,1,part1,5814,CFAASBACP-0048,,Warwick European Opportunities Fund III (USD) Limited,european;iii;opportunities;usd;warwick,1.0000,1.0000,unique-high-coverage-name-candidate,Candidate-only fuzzy name bridge; requires page/row inspection and lot/transaction evidence before continuity promotion.
CFAASBANC-0027,5830,377.9,Warwick European Opportunities Fund III .........CYM........ (USD) Limited,"2,011,338",7,2,part1,5814,CFAASBACP-0046,,Warwick European Opportunities Fund II (USD) LP,european;opportunities;usd;warwick,1.0000,0.8000,unique-high-coverage-name-candidate,Candidate-only fuzzy name bridge; requires page/row inspection and lot/transaction evidence before continuity promotion.
CFAASBANC-0028,5830,377.9,Warwick European Opportunities Fund III .........CYM........ (USD) Limited,"2,011,338",7,3,part1,5814,CFAASBACP-0047,,Warwick European Opportunities Fund II (USD) LP,european;opportunities;usd;warwick,1.0000,0.8000,unique-high-coverage-name-candidate,Candidate-only fuzzy name bridge; requires page/row inspection and lot/transaction evidence before continuity promotion.
CFAASBANC-0029,5830,377.9,Warwick European Opportunities Fund III .........CYM........ (USD) Limited,"2,011,338",7,4,part1,5814,CFAASBACP-0045,,Stepstone Secondary Opportunities Fund III Offshore SCSp,iii;opportunities,0.4000,0.2500,unique-high-coverage-name-candidate,Candidate-only fuzzy name bridge; requires page/row inspection and lot/transaction evidence before continuity promotion.
CFAASBANC-0030,5830,377.9,Warwick European Opportunities Fund III .........CYM........ (USD) Limited,"2,011,338",7,5,part1,5816,CFAASBACP-0135,,"HPS Mezzanine Partners III, L.P. Insight Partners Opportunities Fund I",iii;opportunities,0.4000,0.2222,unique-high-coverage-name-candidate,Candidate-only fuzzy name bridge; requires page/row inspection and lot/transaction evidence before continuity promotion.
CFAASBANC-0031,5830,403.0,".........CYM........ A-A Funding Holdco Offshore II, LLC","1,775,520",8,1,part1,5814,CFAASBACP-0052,,"AA Direct, L.P. A-A Funding Holdco Offshore I, LLC",funding;holdco;offshore,1.0000,1.0000,ambiguous-or-partial-name-candidate,Candidate-only fuzzy name bridge; requires page/row inspection and lot/transaction evidence before continuity promotion.
CFAASBANC-0032,5830,403.0,".........CYM........ A-A Funding Holdco Offshore II, LLC","1,775,520",8,2,part1,5814,CFAASBACP-0053,,"A-A Funding Holdco Offshore I, LLC A-A Funding Holdco Offshore II, LLC",funding;holdco;offshore,1.0000,1.0000,ambiguous-or-partial-name-candidate,Candidate-only fuzzy name bridge; requires page/row inspection and lot/transaction evidence before continuity promotion.
CFAASBANC-0033,5830,403.0,".........CYM........ A-A Funding Holdco Offshore II, LLC","1,775,520",8,3,part1,5814,CFAASBACP-0054,,"A-A Funding Holdco Offshore II, LLC AA Net Lease, L.P.",funding;holdco;offshore,1.0000,0.6000,ambiguous-or-partial-name-candidate,Candidate-only fuzzy name bridge; requires page/row inspection and lot/transaction evidence before continuity promotion.
CFAASBANC-0034,5830,411.0,"A-A Funding Holdco Offshore II, LLC DE......... A-A SPN-20 (AIFX- IAGEMD1PR6), L.P. Wilmington","1,541,807",9,1,part1,5814,CFAASBACP-0052,,"AA Direct, L.P. A-A Funding Holdco Offshore I, LLC",funding;holdco;offshore,1.0000,0.5000,ambiguous-or-partial-name-candidate,Candidate-only fuzzy name bridge; requires page/row inspection and lot/transaction evidence before continuity promotion.
CFAASBANC-0035,5830,411.0,"A-A Funding Holdco Offshore II, LLC DE......... A-A SPN-20 (AIFX- IAGEMD1PR6), L.P. Wilmington","1,541,807",9,2,part1,5814,CFAASBACP-0053,,"A-A Funding Holdco Offshore I, LLC A-A Funding Holdco Offshore II, LLC",funding;holdco;offshore,1.0000,0.5000,ambiguous-or-partial-name-candidate,Candidate-only fuzzy name bridge; requires page/row inspection and lot/transaction evidence before continuity promotion.
CFAASBANC-0036,5830,411.0,"A-A Funding Holdco Offshore II, LLC DE......... A-A SPN-20 (AIFX- IAGEMD1PR6), L.P. Wilmington","1,541,807",9,3,part1,5814,CFAASBACP-0065,,"A-A SPN-20 (AIFX- IAGEMD1PR6), L.P. A-A SPN-20 (AIFX) L.P.",aifx;iagemd1pr6;spn,1.0000,0.5000,ambiguous-or-partial-name-candidate,Candidate-only fuzzy name bridge; requires page/row inspection and lot/transaction evidence before continuity promotion.
CFAASBANC-0037,5830,411.0,"A-A Funding Holdco Offshore II, LLC DE......... A-A SPN-20 (AIFX- IAGEMD1PR6), L.P. Wilmington","1,541,807",9,4,part2,5826,CFAASBACP2-0018,,"A-A SPN-20 (AIFX- IAGEMD1PR6), L.P. Wilmington",aifx;iagemd1pr6;spn,1.0000,0.5000,ambiguous-or-partial-name-candidate,Candidate-only fuzzy name bridge; requires page/row inspection and lot/transaction evidence before continuity promotion.
CFAASBANC-0038,5830,411.0,"A-A Funding Holdco Offshore II, LLC DE......... A-A SPN-20 (AIFX- IAGEMD1PR6), L.P. Wilmington","1,541,807",9,5,part1,5814,CFAASBACP-0054,,"A-A Funding Holdco Offshore II, LLC AA Net Lease, L.P.",funding;holdco;offshore,0.6000,0.3750,ambiguous-or-partial-name-candidate,Candidate-only fuzzy name bridge; requires page/row inspection and lot/transaction evidence before continuity promotion.
CFAASBANC-0039,5830,419.1,"A-A SPN-20 (AIFX- IAGEMD1PR6), L.P. Wilmington .........CYM........ A-A SPN-7 (RRH IAFAMD), L.P.","19,596,928",10,1,part2,5826,CFAASBACP2-0019,,"A-A SPN-20 (AIFX- IAGEMD1PR6), L.P. Wilmington A-A SPN-7 (RRH IAFAMD), L.P.",aifx;iafamd;iagemd1pr6;rrh;spn,1.0000,1.0000,unique-high-coverage-name-candidate,Candidate-only fuzzy name bridge; requires page/row inspection and lot/transaction evidence before continuity promotion.
CFAASBANC-0040,5830,419.1,"A-A SPN-20 (AIFX- IAGEMD1PR6), L.P. Wilmington .........CYM........ A-A SPN-7 (RRH IAFAMD), L.P.","19,596,928",10,2,part1,5814,CFAASBACP-0065,,"A-A SPN-20 (AIFX- IAGEMD1PR6), L.P. A-A SPN-20 (AIFX) L.P.",aifx;iagemd1pr6;spn,1.0000,0.6000,unique-high-coverage-name-candidate,Candidate-only fuzzy name bridge; requires page/row inspection and lot/transaction evidence before continuity promotion.
CFAASBANC-0041,5830,419.1,"A-A SPN-20 (AIFX- IAGEMD1PR6), L.P. Wilmington .........CYM........ A-A SPN-7 (RRH IAFAMD), L.P.","19,596,928",10,3,part2,5826,CFAASBACP2-0018,,"A-A SPN-20 (AIFX- IAGEMD1PR6), L.P. Wilmington",aifx;iagemd1pr6;spn,1.0000,0.6000,unique-high-coverage-name-candidate,Candidate-only fuzzy name bridge; requires page/row inspection and lot/transaction evidence before continuity promotion.
CFAASBANC-0042,5830,419.1,"A-A SPN-20 (AIFX- IAGEMD1PR6), L.P. Wilmington .........CYM........ A-A SPN-7 (RRH IAFAMD), L.P.","19,596,928",10,4,part1,5814,CFAASBACP-0068,,"A-A SPN-23 (S3ESH1-AAA), L.P. A-A SPN-7 (RRH IAFAMD), L.P.",iafamd;rrh;spn,0.6000,0.4286,unique-high-coverage-name-candidate,Candidate-only fuzzy name bridge; requires page/row inspection and lot/transaction evidence before continuity promotion.
CFAASBANC-0043,5830,419.1,"A-A SPN-20 (AIFX- IAGEMD1PR6), L.P. Wilmington .........CYM........ A-A SPN-7 (RRH IAFAMD), L.P.","19,596,928",10,5,part1,5814,CFAASBACP-0069,,"A-A SPN-7 (RRH IAFAMD), L.P. A-A SPN-8 (AIOFII AAA), L.P.",iafamd;rrh;spn,0.6000,0.4286,unique-high-coverage-name-candidate,Candidate-only fuzzy name bridge; requires page/row inspection and lot/transaction evidence before continuity promotion.
CFAASBANC-0044,5830,427.1,"A-A SPN-7 (RRH IAFAMD), L.P. .........CYM........ AltsCo Core (A-A Offshore AAA)",,11,1,part2,5826,CFAASBACP2-0020,,"A-A SPN-7 (RRH IAFAMD), L.P. AltsCo Core (A-A Offshore AAA)",aaa;altsco;core;iafamd;offshore;rrh;spn,1.0000,1.0000,unique-high-coverage-name-candidate,Candidate-only fuzzy name bridge; requires page/row inspection and lot/transaction evidence before continuity promotion.
CFAASBANC-0045,5830,427.1,"A-A SPN-7 (RRH IAFAMD), L.P. .........CYM........ AltsCo Core (A-A Offshore AAA)",,11,2,part1,5814,CFAASBACP-0074,,AltsCo Core (A-A Offshore AAA),aaa;altsco;core;offshore,1.0000,0.5714,unique-high-coverage-name-candidate,Candidate-only fuzzy name bridge; requires page/row inspection and lot/transaction evidence before continuity promotion.
CFAASBANC-0046,5830,427.1,"A-A SPN-7 (RRH IAFAMD), L.P. .........CYM........ AltsCo Core (A-A Offshore AAA)",,11,3,part1,5814,CFAASBACP-0068,,"A-A SPN-23 (S3ESH1-AAA), L.P. A-A SPN-7 (RRH IAFAMD), L.P.",aaa;iafamd;rrh;spn,0.8000,0.5000,unique-high-coverage-name-candidate,Candidate-only fuzzy name bridge; requires page/row inspection and lot/transaction evidence before continuity promotion.
CFAASBANC-0047,5830,427.1,"A-A SPN-7 (RRH IAFAMD), L.P. .........CYM........ AltsCo Core (A-A Offshore AAA)",,11,4,part1,5814,CFAASBACP-0069,,"A-A SPN-7 (RRH IAFAMD), L.P. A-A SPN-8 (AIOFII AAA), L.P.",aaa;iafamd;rrh;spn,0.8000,0.5000,unique-high-coverage-name-candidate,Candidate-only fuzzy name bridge; requires page/row inspection and lot/transaction evidence before continuity promotion.
CFAASBANC-0048,5830,427.1,"A-A SPN-7 (RRH IAFAMD), L.P. .........CYM........ AltsCo Core (A-A Offshore AAA)",,11,5,part2,5826,CFAASBACP2-0021,,AltsCo Core (A-A Offshore AAA) AltsCo Core (AAA Aggregator),aaa;altsco;core;offshore,0.8000,0.5000,unique-high-coverage-name-candidate,Candidate-only fuzzy name bridge; requires page/row inspection and lot/transaction evidence before continuity promotion.
CFAASBANC-0049,5830,435.2,AltsCo Core (A-A Offshore AAA) .........CYM........ AltsCo Core (A-A Offshore AAA),,12,1,part1,5814,CFAASBACP-0074,,AltsCo Core (A-A Offshore AAA),aaa;altsco;core;offshore,1.0000,1.0000,unique-high-coverage-name-candidate,Candidate-only fuzzy name bridge; requires page/row inspection and lot/transaction evidence before continuity promotion.
CFAASBANC-0050,5830,435.2,AltsCo Core (A-A Offshore AAA) .........CYM........ AltsCo Core (A-A Offshore AAA),,12,2,part2,5826,CFAASBACP2-0021,,AltsCo Core (A-A Offshore AAA) AltsCo Core (AAA Aggregator),aaa;altsco;core;offshore,1.0000,0.8000,unique-high-coverage-name-candidate,Candidate-only fuzzy name bridge; requires page/row inspection and lot/transaction evidence before continuity promotion.
CFAASBANC-0051,5830,435.2,AltsCo Core (A-A Offshore AAA) .........CYM........ AltsCo Core (A-A Offshore AAA),,12,3,part2,5826,CFAASBACP2-0020,,"A-A SPN-7 (RRH IAFAMD), L.P. AltsCo Core (A-A Offshore AAA)",aaa;altsco;core;offshore,1.0000,0.5714,unique-high-coverage-name-candidate,Candidate-only fuzzy name bridge; requires page/row inspection and lot/transaction evidence before continuity promotion.
CFAASBANC-0052,5830,435.2,AltsCo Core (A-A Offshore AAA) .........CYM........ AltsCo Core (A-A Offshore AAA),,12,4,part1,5814,CFAASBACP-0075,,AltsCo Core (AAA Aggregator),aaa;altsco;core,0.7500,0.6000,unique-high-coverage-name-candidate,Candidate-only fuzzy name bridge; requires page/row inspection and lot/transaction evidence before continuity promotion.
CFAASBANC-0053,5830,435.2,AltsCo Core (A-A Offshore AAA) .........CYM........ AltsCo Core (A-A Offshore AAA),,12,5,part1,5814,CFAASBACP-0076,,"AltsCo Core (AAA Aggregator) AP CADMA HOLDINGS, L.P.",aaa;altsco;core,0.7500,0.4286,unique-high-coverage-name-candidate,Candidate-only fuzzy name bridge; requires page/row inspection and lot/transaction evidence before continuity promotion.
CFAASBANC-0054,5830,443.2,"AltsCo Core (A-A Offshore AAA) DE......... AP Highlands Co-Invest, L.P. Wilmington","3,204,735",13,1,part1,5814,CFAASBACP-0074,,AltsCo Core (A-A Offshore AAA),aaa;altsco;core;offshore,1.0000,0.6667,unique-high-coverage-name-candidate,Candidate-only fuzzy name bridge; requires page/row inspection and lot/transaction evidence before continuity promotion.
CFAASBANC-0055,5830,443.2,"AltsCo Core (A-A Offshore AAA) DE......... AP Highlands Co-Invest, L.P. Wilmington","3,204,735",13,2,part1,5815,CFAASBACP-0077,,"AP Highlands Co-Invest, L.P.",highlands;invest,1.0000,0.3333,unique-high-coverage-name-candidate,Candidate-only fuzzy name bridge; requires page/row inspection and lot/transaction evidence before continuity promotion.
CFAASBANC-0056,5830,443.2,"AltsCo Core (A-A Offshore AAA) DE......... AP Highlands Co-Invest, L.P. Wilmington","3,204,735",13,3,part2,5826,CFAASBACP2-0021,,AltsCo Core (A-A Offshore AAA) AltsCo Core (AAA Aggregator),aaa;altsco;core;offshore,0.8000,0.5714,unique-high-coverage-name-candidate,Candidate-only fuzzy name bridge; requires page/row inspection and lot/transaction evidence before continuity promotion.
CFAASBANC-0057,5830,443.2,"AltsCo Core (A-A Offshore AAA) DE......... AP Highlands Co-Invest, L.P. Wilmington","3,204,735",13,4,part1,5814,CFAASBACP-0075,,AltsCo Core (AAA Aggregator),aaa;altsco;core,0.7500,0.4286,unique-high-coverage-name-candidate,Candidate-only fuzzy name bridge; requires page/row inspection and lot/transaction evidence before continuity promotion.
CFAASBANC-0058,5830,443.2,"AltsCo Core (A-A Offshore AAA) DE......... AP Highlands Co-Invest, L.P. Wilmington","3,204,735",13,5,part2,5826,CFAASBACP2-0020,,"A-A SPN-7 (RRH IAFAMD), L.P. AltsCo Core (A-A Offshore AAA)",aaa;altsco;core;offshore,0.6667,0.4444,unique-high-coverage-name-candidate,Candidate-only fuzzy name bridge; requires page/row inspection and lot/transaction evidence before continuity promotion.
CFAASBANC-0059,5830,458.1,"Apollo Total Return Fund Inv Wilmington DE......... Motive Capital Fund II-B, LP Wilmington","1,118,064",14,1,part2,5826,CFAASBACP2-0023,,"Apollo Total Return Fund Inv Wilmington Motive Capital Fund II-B, LP Wilmington",apollo;capital;inv;motive;return;total,1.0000,1.0000,unique-high-coverage-name-candidate,Candidate-only fuzzy name bridge; requires page/row inspection and lot/transaction evidence before continuity promotion.
CFAASBANC-0060,5830,458.1,"Apollo Total Return Fund Inv Wilmington DE......... Motive Capital Fund II-B, LP Wilmington","1,118,064",14,2,part1,5815,CFAASBACP-0093,,"Motive Capital Fund II-A, LP Motive Capital Fund II-B, LP",capital;motive,1.0000,0.3333,unique-high-coverage-name-candidate,Candidate-only fuzzy name bridge; requires page/row inspection and lot/transaction evidence before continuity promotion.
CFAASBANC-0061,5830,458.1,"Apollo Total Return Fund Inv Wilmington DE......... Motive Capital Fund II-B, LP Wilmington","1,118,064",14,3,part2,5826,CFAASBACP2-0022,03765#-AA-3,AltsCo Core (AAA Aggregator) Apollo Total Return Fund Inv Wilmington,apollo;inv;return;total,0.6667,0.4000,unique-high-coverage-name-candidate,Candidate-only fuzzy name bridge; requires page/row inspection and lot/transaction evidence before continuity promotion.
CFAASBANC-0062,5830,458.1,"Apollo Total Return Fund Inv Wilmington DE......... Motive Capital Fund II-B, LP Wilmington","1,118,064",14,4,part1,5815,CFAASBACP-0092,,"MidCap FinCo LLC Motive Capital Fund II-A, LP",capital;motive,0.5000,0.2500,unique-high-coverage-name-candidate,Candidate-only fuzzy name bridge; requires page/row inspection and lot/transaction evidence before continuity promotion.
CFAASBANC-0063,5830,458.1,"Apollo Total Return Fund Inv Wilmington DE......... Motive Capital Fund II-B, LP Wilmington","1,118,064",14,5,part1,5815,CFAASBACP-0094,,"Motive Capital Fund II-B, LP Motive Early Stage, LP",capital;motive,0.5000,0.2500,unique-high-coverage-name-candidate,Candidate-only fuzzy name bridge; requires page/row inspection and lot/transaction evidence before continuity promotion.
CFAASBANC-0064,5830,475.1,"CA......... Shattuck Owner, LLC Berkeley","4,331,000",15,1,part2,5826,CFAASBACP2-0024,,"Shattuck Owner, LLC Berkeley",owner;shattuck,1.0000,1.0000,unique-high-coverage-name-candidate,Candidate-only fuzzy name bridge; requires page/row inspection and lot/transaction evidence before continuity promotion.
CFAASBANC-0065,5830,475.1,"CA......... Shattuck Owner, LLC Berkeley","4,331,000",15,2,part2,5826,CFAASBACP2-0025,,"Shattuck Owner, LLC Berkeley Times Square Equity New",owner;shattuck,1.0000,0.4000,unique-high-coverage-name-candidate,Candidate-only fuzzy name bridge; requires page/row inspection and lot/transaction evidence before continuity promotion.
CFAASBANC-0066,5830,483.2,"Shattuck Owner, LLC Berkeley IA......... AAIA RML, LLC. West Des Moines","18,086,645",16,1,part2,5826,CFAASBACP2-0024,,"Shattuck Owner, LLC Berkeley",owner;shattuck,1.0000,0.5000,unique-high-coverage-name-candidate,Candidate-only fuzzy name bridge; requires page/row inspection and lot/transaction evidence before continuity promotion.
CFAASBANC-0067,5830,483.2,"Shattuck Owner, LLC Berkeley IA......... AAIA RML, LLC. West Des Moines","18,086,645",16,2,part1,5815,CFAASBACP-0114,,"A-A SPN-5 (USREIII AAA), L.P. AAIA RML, LLC",aaia;rml,0.5000,0.2857,unique-high-coverage-name-candidate,Candidate-only fuzzy name bridge; requires page/row inspection and lot/transaction evidence before continuity promotion.
CFAASBANC-0068,5830,483.2,"Shattuck Owner, LLC Berkeley IA......... AAIA RML, LLC. West Des Moines","18,086,645",16,3,part1,5815,CFAASBACP-0115,,"AAIA RML, LLC Apollo West Putnam Investor, L.P.",aaia;rml,0.5000,0.2857,unique-high-coverage-name-candidate,Candidate-only fuzzy name bridge; requires page/row inspection and lot/transaction evidence before continuity promotion.
CFAASBANC-0069,5830,483.2,"Shattuck Owner, LLC Berkeley IA......... AAIA RML, LLC. West Des Moines","18,086,645",16,4,part2,5826,CFAASBACP2-0025,,"Shattuck Owner, LLC Berkeley Times Square Equity New",owner;shattuck,0.5000,0.2857,unique-high-coverage-name-candidate,Candidate-only fuzzy name bridge; requires page/row inspection and lot/transaction evidence before continuity promotion.
CFAASBANC-0070,5830,483.2,"Shattuck Owner, LLC Berkeley IA......... AAIA RML, LLC. West Des Moines","18,086,645",16,5,part2,5826,CFAASBACP2-0026,,"Times Square Equity New AAIA RML, LLC. West",aaia;rml,0.5000,0.2857,unique-high-coverage-name-candidate,Candidate-only fuzzy name bridge; requires page/row inspection and lot/transaction evidence before continuity promotion.
CFAASBANC-0071,5830,491.2,"AAIA RML, LLC. West Des Moines .........CYM........ NNN Investor 1,L.P.","34,305",17,1,part1,5816,CFAASBACP-0123,,"L.P. NNN Investor 1,L.P.",investor;nnn,1.0000,0.5000,unique-high-coverage-name-candidate,Candidate-only fuzzy name bridge; requires page/row inspection and lot/transaction evidence before continuity promotion.
CFAASBANC-0072,5830,491.2,"AAIA RML, LLC. West Des Moines .........CYM........ NNN Investor 1,L.P.","34,305",17,2,part1,5815,CFAASBACP-0115,,"AAIA RML, LLC Apollo West Putnam Investor, L.P.",aaia;investor;rml,0.7500,0.5000,unique-high-coverage-name-candidate,Candidate-only fuzzy name bridge; requires page/row inspection and lot/transaction evidence before continuity promotion.
CFAASBANC-0073,5830,491.2,"AAIA RML, LLC. West Des Moines .........CYM........ NNN Investor 1,L.P.","34,305",17,3,part1,5816,CFAASBACP-0124,,"NNN Investor 1,L.P. NNN Investor (Auto), L.P.",investor;nnn,0.6667,0.4000,unique-high-coverage-name-candidate,Candidate-only fuzzy name bridge; requires page/row inspection and lot/transaction evidence before continuity promotion.
CFAASBANC-0074,5830,491.2,"AAIA RML, LLC. West Des Moines .........CYM........ NNN Investor 1,L.P.","34,305",17,4,part1,5816,CFAASBACP-0125,,"NNN Investor (Auto), L.P. NNN Opportunities Fund, L.P.",investor;nnn,0.5000,0.3333,unique-high-coverage-name-candidate,Candidate-only fuzzy name bridge; requires page/row inspection and lot/transaction evidence before continuity promotion.
CFAASBANC-0075,5830,491.2,"AAIA RML, LLC. West Des Moines .........CYM........ NNN Investor 1,L.P.","34,305",17,5,part1,5815,CFAASBACP-0114,,"A-A SPN-5 (USREIII AAA), L.P. AAIA RML, LLC",aaia;rml,0.5000,0.2857,unique-high-coverage-name-candidate,Candidate-only fuzzy name bridge; requires page/row inspection and lot/transaction evidence before continuity promotion.
CFAASBANC-0076,5830,499.2,"NNN Investor 1,L.P. DE......... NNN Investor (Auto), L.P. Wilmington","39,520",18,1,part1,5816,CFAASBACP-0124,,"NNN Investor 1,L.P. NNN Investor (Auto), L.P.",auto;investor;nnn,1.0000,1.0000,unique-high-coverage-name-candidate,Candidate-only fuzzy name bridge; requires page/row inspection and lot/transaction evidence before continuity promotion.
CFAASBANC-0077,5830,499.2,"NNN Investor 1,L.P. DE......... NNN Investor (Auto), L.P. Wilmington","39,520",18,2,part1,5816,CFAASBACP-0125,,"NNN Investor (Auto), L.P. NNN Opportunities Fund, L.P.",auto;investor;nnn,1.0000,0.7500,unique-high-coverage-name-candidate,Candidate-only fuzzy name bridge; requires page/row inspection and lot/transaction evidence before continuity promotion.
CFAASBANC-0078,5830,499.2,"NNN Investor 1,L.P. DE......... NNN Investor (Auto), L.P. Wilmington","39,520",18,3,part1,5816,CFAASBACP-0123,,"L.P. NNN Investor 1,L.P.",investor;nnn,1.0000,0.6667,unique-high-coverage-name-candidate,Candidate-only fuzzy name bridge; requires page/row inspection and lot/transaction evidence before continuity promotion.
CFAASBANC-0079,5830,507.3,"NNN Investor (Auto), L.P. Wilmington DE......... NNN Opportunities Fund, L.P. Wilmington","1,273,921",19,1,part1,5816,CFAASBACP-0125,,"NNN Investor (Auto), L.P. NNN Opportunities Fund, L.P.",auto;investor;nnn;opportunities,1.0000,1.0000,unique-high-coverage-name-candidate,Candidate-only fuzzy name bridge; requires page/row inspection and lot/transaction evidence before continuity promotion.
CFAASBANC-0080,5830,507.3,"NNN Investor (Auto), L.P. Wilmington DE......... NNN Opportunities Fund, L.P. Wilmington","1,273,921",19,2,part1,5816,CFAASBACP-0124,,"NNN Investor 1,L.P. NNN Investor (Auto), L.P.",auto;investor;nnn,1.0000,0.7500,unique-high-coverage-name-candidate,Candidate-only fuzzy name bridge; requires page/row inspection and lot/transaction evidence before continuity promotion.
CFAASBANC-0081,5830,507.3,"NNN Investor (Auto), L.P. Wilmington DE......... NNN Opportunities Fund, L.P. Wilmington","1,273,921",19,3,part1,5816,CFAASBACP-0123,,"L.P. NNN Investor 1,L.P.",investor;nnn,1.0000,0.5000,unique-high-coverage-name-candidate,Candidate-only fuzzy name bridge; requires page/row inspection and lot/transaction evidence before continuity promotion.
CFAASBANC-0082,5830,507.3,"NNN Investor (Auto), L.P. Wilmington DE......... NNN Opportunities Fund, L.P. Wilmington","1,273,921",19,4,part2,5826,CFAASBACP2-0029,,"NNN Opportunities Fund, L.P. Wilmington Silver Mass JV LLC Wilmington",nnn;opportunities,0.5000,0.3333,unique-high-coverage-name-candidate,Candidate-only fuzzy name bridge; requires page/row inspection and lot/transaction evidence before continuity promotion.
CFAASBANC-0083,5830,507.3,"NNN Investor (Auto), L.P. Wilmington DE......... NNN Opportunities Fund, L.P. Wilmington","1,273,921",19,5,part2,5826,CFAASBACP2-0028,,"Apollo Asia Real Estate Fund, L.P. NNN Opportunities Fund, L.P. Wilmington",nnn;opportunities,0.5000,0.2500,unique-high-coverage-name-candidate,Candidate-only fuzzy name bridge; requires page/row inspection and lot/transaction evidence before continuity promotion.
CFAASBANC-0084,5830,524.3,.........LUX........ Italian AIF,"26,191,653",20,1,part1,5816,CFAASBACP-0127,,Italian AIF,aif;italian,1.0000,1.0000,ambiguous-or-partial-name-candidate,Candidate-only fuzzy name bridge; requires page/row inspection and lot/transaction evidence before continuity promotion.
CFAASBANC-0085,5830,524.3,.........LUX........ Italian AIF,"26,191,653",20,2,part2,5826,CFAASBACP2-0030,,Italian AIF,aif;italian,1.0000,1.0000,ambiguous-or-partial-name-candidate,Candidate-only fuzzy name bridge; requires page/row inspection and lot/transaction evidence before continuity promotion.
CFAASBANC-0086,5830,541.4,".........CYM........ Apollo Credit Secondaries Fund I (A), L.P.","1,404,646",21,1,part1,5816,CFAASBACP-0153,,"Apollo Credit Secondaries Fund I (A), L.P. Apollo Credit Secondaries Fund I (A), L.P.",apollo;credit;secondaries,1.0000,1.0000,ambiguous-or-partial-name-candidate,Candidate-only fuzzy name bridge; requires page/row inspection and lot/transaction evidence before continuity promotion.
CFAASBANC-0087,5830,541.4,".........CYM........ Apollo Credit Secondaries Fund I (A), L.P.","1,404,646",21,2,part2,5826,CFAASBACP2-0031,,"Apollo Credit Secondaries Fund I (A), L.P.",apollo;credit;secondaries,1.0000,1.0000,ambiguous-or-partial-name-candidate,Candidate-only fuzzy name bridge; requires page/row inspection and lot/transaction evidence before continuity promotion.
CFAASBANC-0088,5830,541.4,".........CYM........ Apollo Credit Secondaries Fund I (A), L.P.","1,404,646",21,3,part1,5816,CFAASBACP-0152,,"Apollo Clean Transition Capital Apollo Credit Secondaries Fund I (A), L.P.",apollo;credit;secondaries,1.0000,0.5000,ambiguous-or-partial-name-candidate,Candidate-only fuzzy name bridge; requires page/row inspection and lot/transaction evidence before continuity promotion.
CFAASBANC-0089,5830,541.4,".........CYM........ Apollo Credit Secondaries Fund I (A), L.P.","1,404,646",21,4,part2,5826,CFAASBACP2-0032,,"Apollo Credit Secondaries Fund I (A), L.P. Apollo European Principal Finance Fund III (Dollar B), L.P.",apollo;credit;secondaries,1.0000,0.3750,ambiguous-or-partial-name-candidate,Candidate-only fuzzy name bridge; requires page/row inspection and lot/transaction evidence before continuity promotion.
CFAASBANC-0090,5830,541.4,".........CYM........ Apollo Credit Secondaries Fund I (A), L.P.","1,404,646",21,5,part1,5817,CFAASBACP-0159,,"Apollo Gretel Investor L.P Financial Credit Investment III, LP",apollo;credit,0.6667,0.2500,ambiguous-or-partial-name-candidate,Candidate-only fuzzy name bridge; requires page/row inspection and lot/transaction evidence before continuity promotion.
CFAASBANC-0091,5831,173.8,"Apollo European Principal Finance Fund III .........CYM........ (Dollar B), L.P.","1,303,467",22,1,part1,5817,CFAASBACP-0156,,"Apollo European Principal Finance Fund III (Dollar B), L.P.",apollo;dollar;european;finance;iii;principal,1.0000,1.0000,ambiguous-or-partial-name-candidate,Candidate-only fuzzy name bridge; requires page/row inspection and lot/transaction evidence before continuity promotion.
CFAASBANC-0092,5831,173.8,"Apollo European Principal Finance Fund III .........CYM........ (Dollar B), L.P.","1,303,467",22,2,part1,5817,CFAASBACP-0157,,"Apollo European Principal Finance Fund III (Dollar B), L.P.",apollo;dollar;european;finance;iii;principal,1.0000,1.0000,ambiguous-or-partial-name-candidate,Candidate-only fuzzy name bridge; requires page/row inspection and lot/transaction evidence before continuity promotion.
CFAASBANC-0093,5831,173.8,"Apollo European Principal Finance Fund III .........CYM........ (Dollar B), L.P.","1,303,467",22,3,part1,5816,CFAASBACP-0155,,"Apollo European Principal Finance Fund II (Dollar A), L.P.",apollo;dollar;european;finance;principal,1.0000,0.8333,ambiguous-or-partial-name-candidate,Candidate-only fuzzy name bridge; requires page/row inspection and lot/transaction evidence before continuity promotion.
CFAASBANC-0094,5831,173.8,"Apollo European Principal Finance Fund III .........CYM........ (Dollar B), L.P.","1,303,467",22,4,part2,5826,CFAASBACP2-0032,,"Apollo Credit Secondaries Fund I (A), L.P. Apollo European Principal Finance Fund III (Dollar B), L.P.",apollo;dollar;european;finance;iii;principal,1.0000,0.7500,ambiguous-or-partial-name-candidate,Candidate-only fuzzy name bridge; requires page/row inspection and lot/transaction evidence before continuity promotion.
CFAASBANC-0095,5831,173.8,"Apollo European Principal Finance Fund III .........CYM........ (Dollar B), L.P.","1,303,467",22,5,part1,5816,CFAASBACP-0154,,"Apollo European Principal Finance Fund (Feeder), L.P.",apollo;european;finance;principal,0.8000,0.5714,ambiguous-or-partial-name-candidate,Candidate-only fuzzy name bridge; requires page/row inspection and lot/transaction evidence before continuity promotion.
CFAASBANC-0096,5832,213.5,ABN AMRO Bank NV Junior Subordinated .........NLD........ Perpet.,"8,135,455",23,1,part1,5818,CFAASBACP-0195,,ABN AMRO Bank NV Junior Subordinated Perpet.,abn;amro;bank,1.0000,1.0000,ambiguous-or-partial-name-candidate,Candidate-only fuzzy name bridge; requires page/row inspection and lot/transaction evidence before continuity promotion.
CFAASBANC-0097,5832,213.5,ABN AMRO Bank NV Junior Subordinated .........NLD........ Perpet.,"8,135,455",23,2,part1,5818,CFAASBACP-0196,,ABN AMRO Bank NV Junior Subordinated Perpet.,abn;amro;bank,1.0000,1.0000,ambiguous-or-partial-name-candidate,Candidate-only fuzzy name bridge; requires page/row inspection and lot/transaction evidence before continuity promotion.
CFAASBANC-0098,5832,213.5,ABN AMRO Bank NV Junior Subordinated .........NLD........ Perpet.,"8,135,455",23,3,part2,5827,CFAASBACP2-0059,YR6758-93-6,ABN AMRO Bank NV,abn;amro;bank,1.0000,1.0000,ambiguous-or-partial-name-candidate,Candidate-only fuzzy name bridge; requires page/row inspection and lot/transaction evidence before continuity promotion.
CFAASBANC-0099,5832,213.5,ABN AMRO Bank NV Junior Subordinated .........NLD........ Perpet.,"8,135,455",23,4,part2,5827,CFAASBACP2-0060,,ABN AMRO Bank NV ABN AMRO Bank NV Junior Subordinated Perpet.,abn;amro;bank,1.0000,1.0000,ambiguous-or-partial-name-candidate,Candidate-only fuzzy name bridge; requires page/row inspection and lot/transaction evidence before continuity promotion.
CFAASBANC-0100,5832,213.5,ABN AMRO Bank NV Junior Subordinated .........NLD........ Perpet.,"8,135,455",23,5,part2,5827,CFAASBACP2-0061,,ABN AMRO Bank NV Junior Subordinated Perpet. ABN AMRO Bank NV Junior Subordinated Perpet.,abn;amro;bank,1.0000,1.0000,ambiguous-or-partial-name-candidate,Candidate-only fuzzy name bridge; requires page/row inspection and lot/transaction evidence before continuity promotion.
CFAASBANC-0101,5832,227.2,ABN AMRO Bank NV Junior Subordinated .........NLD........ Perpet.,"8,119,793",24,1,part1,5818,CFAASBACP-0195,,ABN AMRO Bank NV Junior Subordinated Perpet.,abn;amro;bank,1.0000,1.0000,ambiguous-or-partial-name-candidate,Candidate-only fuzzy name bridge; requires page/row inspection and lot/transaction evidence before continuity promotion.
CFAASBANC-0102,5832,227.2,ABN AMRO Bank NV Junior Subordinated .........NLD........ Perpet.,"8,119,793",24,2,part1,5818,CFAASBACP-0196,,ABN AMRO Bank NV Junior Subordinated Perpet.,abn;amro;bank,1.0000,1.0000,ambiguous-or-partial-name-candidate,Candidate-only fuzzy name bridge; requires page/row inspection and lot/transaction evidence before continuity promotion.
CFAASBANC-0103,5832,227.2,ABN AMRO Bank NV Junior Subordinated .........NLD........ Perpet.,"8,119,793",24,3,part2,5827,CFAASBACP2-0059,YR6758-93-6,ABN AMRO Bank NV,abn;amro;bank,1.0000,1.0000,ambiguous-or-partial-name-candidate,Candidate-only fuzzy name bridge; requires page/row inspection and lot/transaction evidence before continuity promotion.
CFAASBANC-0104,5832,227.2,ABN AMRO Bank NV Junior Subordinated .........NLD........ Perpet.,"8,119,793",24,4,part2,5827,CFAASBACP2-0060,,ABN AMRO Bank NV ABN AMRO Bank NV Junior Subordinated Perpet.,abn;amro;bank,1.0000,1.0000,ambiguous-or-partial-name-candidate,Candidate-only fuzzy name bridge; requires page/row inspection and lot/transaction evidence before continuity promotion.
CFAASBANC-0105,5832,227.2,ABN AMRO Bank NV Junior Subordinated .........NLD........ Perpet.,"8,119,793",24,5,part2,5827,CFAASBACP2-0061,,ABN AMRO Bank NV Junior Subordinated Perpet. ABN AMRO Bank NV Junior Subordinated Perpet.,abn;amro;bank,1.0000,1.0000,ambiguous-or-partial-name-candidate,Candidate-only fuzzy name bridge; requires page/row inspection and lot/transaction evidence before continuity promotion.
CFAASBANC-0106,5832,240.9,AIB Group PLC AIB GROUP PLC Perpetual .........IRL........ Perpet.,"139,141",25,1,part1,5818,CFAASBACP-0199,,AIB Group PLC AIB GROUP PLC Perpetual Perpet.,aib;group;plc,1.0000,1.0000,unique-high-coverage-name-candidate,Candidate-only fuzzy name bridge; requires page/row inspection and lot/transaction evidence before continuity promotion.
CFAASBANC-0107,5832,240.9,AIB Group PLC AIB GROUP PLC Perpetual .........IRL........ Perpet.,"139,141",25,2,part2,5827,CFAASBACP2-0064,,Achmea BV Junior Subordinated Perpet. AIB Group PLC AIB GROUP PLC Perpetual Perpet.,aib;group;plc,1.0000,0.7500,unique-high-coverage-name-candidate,Candidate-only fuzzy name bridge; requires page/row inspection and lot/transaction evidence before continuity promotion.
CFAASBANC-0108,5832,240.9,AIB Group PLC AIB GROUP PLC Perpetual .........IRL........ Perpet.,"139,141",25,3,part2,5827,CFAASBACP2-0065,,AIB Group PLC AIB GROUP PLC Perpetual Perpet. Allianz SE,aib;group;plc,1.0000,0.7500,unique-high-coverage-name-candidate,Candidate-only fuzzy name bridge; requires page/row inspection and lot/transaction evidence before continuity promotion.
CFAASBANC-0109,5832,240.9,AIB Group PLC AIB GROUP PLC Perpetual .........IRL........ Perpet.,"139,141",25,4,part1,5820,CFAASBACP-0242,639057-AT-5,NatWest Group PLC Junior Subordinated Perpet.,group;plc,0.6667,0.5000,unique-high-coverage-name-candidate,Candidate-only fuzzy name bridge; requires page/row inspection and lot/transaction evidence before continuity promotion.
CFAASBANC-0110,5832,240.9,AIB Group PLC AIB GROUP PLC Perpetual .........IRL........ Perpet.,"139,141",25,5,part1,5820,CFAASBACP-0243,639057-AQ-1,NatWest Group PLC Junior Subordinated Perpet.,group;plc,0.6667,0.5000,unique-high-coverage-name-candidate,Candidate-only fuzzy name bridge; requires page/row inspection and lot/transaction evidence before continuity promotion.
CFAASBANC-0111,5832,270.6,ASR Nederland NV Junior Subordinated .........NLD........ Perpet.,"12,110",27,1,part1,5818,CFAASBACP-0201,,ASR Nederland NV Junior Subordinated Perpet.,asr;nederland,1.0000,1.0000,ambiguous-or-partial-name-candidate,Candidate-only fuzzy name bridge; requires page/row inspection and lot/transaction evidence before continuity promotion.
CFAASBANC-0112,5832,270.6,ASR Nederland NV Junior Subordinated .........NLD........ Perpet.,"12,110",27,2,part1,5818,CFAASBACP-0202,AP4442-22-8,ASR Nederland NV Subordinated Perpet.,asr;nederland,1.0000,1.0000,ambiguous-or-partial-name-candidate,Candidate-only fuzzy name bridge; requires page/row inspection and lot/transaction evidence before continuity promotion.
CFAASBANC-0113,5832,270.6,ASR Nederland NV Junior Subordinated .........NLD........ Perpet.,"12,110",27,3,part2,5827,CFAASBACP2-0068,,ASR Nederland NV Junior Subordinated Perpet. ASR Nederland NV Subordinated Perpet.,asr;nederland,1.0000,1.0000,ambiguous-or-partial-name-candidate,Candidate-only fuzzy name bridge; requires page/row inspection and lot/transaction evidence before continuity promotion.
CFAASBANC-0114,5832,270.6,ASR Nederland NV Junior Subordinated .........NLD........ Perpet.,"12,110",27,4,part2,5827,CFAASBACP2-0067,,Allianz SE Unsecured Perpet. ASR Nederland NV Junior Subordinated Perpet.,asr;nederland,1.0000,0.5000,ambiguous-or-partial-name-candidate,Candidate-only fuzzy name bridge; requires page/row inspection and lot/transaction evidence before continuity promotion.
CFAASBANC-0115,5832,270.6,ASR Nederland NV Junior Subordinated .........NLD........ Perpet.,"12,110",27,5,part2,5827,CFAASBACP2-0069,05254H-AA-2,ASR Nederland NV Subordinated Perpet. Australia & New Zealand Bankin Junior Subordinated Perpet.,asr;nederland,1.0000,0.4000,ambiguous-or-partial-name-candidate,Candidate-only fuzzy name bridge; requires page/row inspection and lot/transaction evidence before continuity promotion.
CFAASBANC-0116,5832,298.0,Aviva PLC Junior Subordinated .........GBR........ Perpet.,"5,832,011",28,1,part1,5818,CFAASBACP-0204,BX0460-26-7,Aviva PLC Junior Subordinated Perpet.,aviva;plc,1.0000,1.0000,ambiguous-or-partial-name-candidate,Candidate-only fuzzy name bridge; requires page/row inspection and lot/transaction evidence before continuity promotion.
CFAASBANC-0117,5832,298.0,Aviva PLC Junior Subordinated .........GBR........ Perpet.,"5,832,011",28,2,part1,5818,CFAASBACP-0205,,Aviva PLC Junior Subordinated Perpet.,aviva;plc,1.0000,1.0000,ambiguous-or-partial-name-candidate,Candidate-only fuzzy name bridge; requires page/row inspection and lot/transaction evidence before continuity promotion.
CFAASBANC-0118,5832,298.0,Aviva PLC Junior Subordinated .........GBR........ Perpet.,"5,832,011",28,3,part2,5827,CFAASBACP2-0071,,Aviva PLC Junior Subordinated Perpet. Aviva PLC Junior Subordinated Perpet.,aviva;plc,1.0000,1.0000,ambiguous-or-partial-name-candidate,Candidate-only fuzzy name bridge; requires page/row inspection and lot/transaction evidence before continuity promotion.
CFAASBANC-0119,5832,298.0,Aviva PLC Junior Subordinated .........GBR........ Perpet.,"5,832,011",28,4,part2,5827,CFAASBACP2-0072,,Aviva PLC Junior Subordinated Perpet. AXA SA AXA SA Perpet.,aviva;plc,1.0000,0.6667,ambiguous-or-partial-name-candidate,Candidate-only fuzzy name bridge; requires page/row inspection and lot/transaction evidence before continuity promotion.
CFAASBANC-0120,5832,298.0,Aviva PLC Junior Subordinated .........GBR........ Perpet.,"5,832,011",28,5,part2,5827,CFAASBACP2-0070,,Australia & New Zealand Bankin Junior Subordinated Perpet. Aviva PLC Junior Subordinated Perpet.,aviva;plc,1.0000,0.4000,ambiguous-or-partial-name-candidate,Candidate-only fuzzy name bridge; requires page/row inspection and lot/transaction evidence before continuity promotion.
CFAASBANC-0121,5832,319.7,Banco de Sabadell SA Junior Subordinated .........ESP........ Perpet.,"16,072",30,1,part1,5818,CFAASBACP-0207,,Banco de Sabadell SA Junior Subordinated Perpet.,banco;sabadell,1.0000,1.0000,ambiguous-or-partial-name-candidate,Candidate-only fuzzy name bridge; requires page/row inspection and lot/transaction evidence before continuity promotion.
CFAASBANC-0122,5832,319.7,Banco de Sabadell SA Junior Subordinated .........ESP........ Perpet.,"16,072",30,2,part1,5818,CFAASBACP-0208,,Banco de Sabadell SA Junior Subordinated Perpet.,banco;sabadell,1.0000,1.0000,ambiguous-or-partial-name-candidate,Candidate-only fuzzy name bridge; requires page/row inspection and lot/transaction evidence before continuity promotion.
CFAASBANC-0123,5832,319.7,Banco de Sabadell SA Junior Subordinated .........ESP........ Perpet.,"16,072",30,3,part2,5827,CFAASBACP2-0074,,Banco de Sabadell SA Junior Subordinated Perpet. Banco de Sabadell SA Junior Subordinated Perpet.,banco;sabadell,1.0000,1.0000,ambiguous-or-partial-name-candidate,Candidate-only fuzzy name bridge; requires page/row inspection and lot/transaction evidence before continuity promotion.
CFAASBANC-0124,5832,319.7,Banco de Sabadell SA Junior Subordinated .........ESP........ Perpet.,"16,072",30,4,part2,5827,CFAASBACP2-0073,,AXA SA AXA SA Perpet. Banco de Sabadell SA Junior Subordinated Perpet.,banco;sabadell,1.0000,0.6667,ambiguous-or-partial-name-candidate,Candidate-only fuzzy name bridge; requires page/row inspection and lot/transaction evidence before continuity promotion.
CFAASBANC-0125,5832,319.7,Banco de Sabadell SA Junior Subordinated .........ESP........ Perpet.,"16,072",30,5,part2,5827,CFAASBACP2-0075,06368L-8V-1,Banco de Sabadell SA Junior Subordinated Perpet. Bank of Montreal Junior Subordinated,banco;sabadell,1.0000,0.5000,ambiguous-or-partial-name-candidate,Candidate-only fuzzy name bridge; requires page/row inspection and lot/transaction evidence before continuity promotion.
CFAASBANC-0126,5832,333.4,Banco de Sabadell SA Junior Subordinated .........ESP........ Perpet.,"53,979",31,1,part1,5818,CFAASBACP-0207,,Banco de Sabadell SA Junior Subordinated Perpet.,banco;sabadell,1.0000,1.0000,ambiguous-or-partial-name-candidate,Candidate-only fuzzy name bridge; requires page/row inspection and lot/transaction evidence before continuity promotion.
CFAASBANC-0127,5832,333.4,Banco de Sabadell SA Junior Subordinated .........ESP........ Perpet.,"53,979",31,2,part1,5818,CFAASBACP-0208,,Banco de Sabadell SA Junior Subordinated Perpet.,banco;sabadell,1.0000,1.0000,ambiguous-or-partial-name-candidate,Candidate-only fuzzy name bridge; requires page/row inspection and lot/transaction evidence before continuity promotion.
CFAASBANC-0128,5832,333.4,Banco de Sabadell SA Junior Subordinated .........ESP........ Perpet.,"53,979",31,3,part2,5827,CFAASBACP2-0074,,Banco de Sabadell SA Junior Subordinated Perpet. Banco de Sabadell SA Junior Subordinated Perpet.,banco;sabadell,1.0000,1.0000,ambiguous-or-partial-name-candidate,Candidate-only fuzzy name bridge; requires page/row inspection and lot/transaction evidence before continuity promotion.
CFAASBANC-0129,5832,333.4,Banco de Sabadell SA Junior Subordinated .........ESP........ Perpet.,"53,979",31,4,part2,5827,CFAASBACP2-0073,,AXA SA AXA SA Perpet. Banco de Sabadell SA Junior Subordinated Perpet.,banco;sabadell,1.0000,0.6667,ambiguous-or-partial-name-candidate,Candidate-only fuzzy name bridge; requires page/row inspection and lot/transaction evidence before continuity promotion.
CFAASBANC-0130,5832,333.4,Banco de Sabadell SA Junior Subordinated .........ESP........ Perpet.,"53,979",31,5,part2,5827,CFAASBACP2-0075,06368L-8V-1,Banco de Sabadell SA Junior Subordinated Perpet. Bank of Montreal Junior Subordinated,banco;sabadell,1.0000,0.5000,ambiguous-or-partial-name-candidate,Candidate-only fuzzy name bridge; requires page/row inspection and lot/transaction evidence before continuity promotion.
CFAASBANC-0131,5832,533.3,CNP Assurances SA Jr Subordinated .........FRA........ Perpet.,"2,343,250",34,1,part1,5819,CFAASBACP-0218,BO8410-65-2,CNP Assurances SA Jr Subordinated Perpet.,assurances;cnp,1.0000,1.0000,unique-high-coverage-name-candidate,Candidate-only fuzzy name bridge; requires page/row inspection and lot/transaction evidence before continuity promotion.
CFAASBANC-0132,5832,533.3,CNP Assurances SA Jr Subordinated .........FRA........ Perpet.,"2,343,250",34,2,part2,5827,CFAASBACP2-0091,,CaixaBank SA Junior Subordinated Perpet. CNP Assurances SA Jr Subordinated Perpet.,assurances;cnp,1.0000,0.6667,unique-high-coverage-name-candidate,Candidate-only fuzzy name bridge; requires page/row inspection and lot/transaction evidence before continuity promotion.
CFAASBANC-0133,5832,533.3,CNP Assurances SA Jr Subordinated .........FRA........ Perpet.,"2,343,250",34,3,part2,5827,CFAASBACP2-0092,,CNP Assurances SA Jr Subordinated Perpet. Commerzbank AG Junior Subordinated Perpet.,assurances;cnp,1.0000,0.6667,unique-high-coverage-name-candidate,Candidate-only fuzzy name bridge; requires page/row inspection and lot/transaction evidence before continuity promotion.
CFAASBANC-0134,5833,173.8,Cooperatieve Rabobank UA Junior Subordinated .........NLD........ Perpet.,"16,305,538",35,1,part1,5819,CFAASBACP-0220,N22616-HJ-3,Cooperatieve Rabobank UA Junior Subordinated Perpet.,cooperatieve;rabobank,1.0000,1.0000,ambiguous-or-partial-name-candidate,Candidate-only fuzzy name bridge; requires page/row inspection and lot/transaction evidence before continuity promotion.
CFAASBANC-0135,5833,173.8,Cooperatieve Rabobank UA Junior Subordinated .........NLD........ Perpet.,"16,305,538",35,2,part1,5819,CFAASBACP-0221,,Cooperatieve Rabobank UA Junior Subordinated Perpet.,cooperatieve;rabobank,1.0000,1.0000,ambiguous-or-partial-name-candidate,Candidate-only fuzzy name bridge; requires page/row inspection and lot/transaction evidence before continuity promotion.
CFAASBANC-0136,5833,173.8,Cooperatieve Rabobank UA Junior Subordinated .........NLD........ Perpet.,"16,305,538",35,3,part1,5819,CFAASBACP-0222,,Cooperatieve Rabobank UA Junior Subordinated Perpet.,cooperatieve;rabobank,1.0000,1.0000,ambiguous-or-partial-name-candidate,Candidate-only fuzzy name bridge; requires page/row inspection and lot/transaction evidence before continuity promotion.
CFAASBANC-0137,5833,173.8,Cooperatieve Rabobank UA Junior Subordinated .........NLD........ Perpet.,"16,305,538",35,4,part2,5827,CFAASBACP2-0094,,Cooperatieve Rabobank UA Junior Subordinated Perpet. Cooperatieve Rabobank UA Junior Subordinated Perpet.,cooperatieve;rabobank,1.0000,1.0000,ambiguous-or-partial-name-candidate,Candidate-only fuzzy name bridge; requires page/row inspection and lot/transaction evidence before continuity promotion.
CFAASBANC-0138,5833,173.8,Cooperatieve Rabobank UA Junior Subordinated .........NLD........ Perpet.,"16,305,538",35,5,part2,5827,CFAASBACP2-0095,,Cooperatieve Rabobank UA Junior Subordinated Perpet. Cooperatieve Rabobank UA Junior Subordinated Perpet.,cooperatieve;rabobank,1.0000,1.0000,ambiguous-or-partial-name-candidate,Candidate-only fuzzy name bridge; requires page/row inspection and lot/transaction evidence before continuity promotion.
CFAASBANC-0139,5833,187.5,Cooperatieve Rabobank UA Junior Subordinated .........NLD........ Perpet.,"1,272",36,1,part1,5819,CFAASBACP-0220,N22616-HJ-3,Cooperatieve Rabobank UA Junior Subordinated Perpet.,cooperatieve;rabobank,1.0000,1.0000,ambiguous-or-partial-name-candidate,Candidate-only fuzzy name bridge; requires page/row inspection and lot/transaction evidence before continuity promotion.
CFAASBANC-0140,5833,187.5,Cooperatieve Rabobank UA Junior Subordinated .........NLD........ Perpet.,"1,272",36,2,part1,5819,CFAASBACP-0221,,Cooperatieve Rabobank UA Junior Subordinated Perpet.,cooperatieve;rabobank,1.0000,1.0000,ambiguous-or-partial-name-candidate,Candidate-only fuzzy name bridge; requires page/row inspection and lot/transaction evidence before continuity promotion.
CFAASBANC-0141,5833,187.5,Cooperatieve Rabobank UA Junior Subordinated .........NLD........ Perpet.,"1,272",36,3,part1,5819,CFAASBACP-0222,,Cooperatieve Rabobank UA Junior Subordinated Perpet.,cooperatieve;rabobank,1.0000,1.0000,ambiguous-or-partial-name-candidate,Candidate-only fuzzy name bridge; requires page/row inspection and lot/transaction evidence before continuity promotion.
CFAASBANC-0142,5833,187.5,Cooperatieve Rabobank UA Junior Subordinated .........NLD........ Perpet.,"1,272",36,4,part2,5827,CFAASBACP2-0094,,Cooperatieve Rabobank UA Junior Subordinated Perpet. Cooperatieve Rabobank UA Junior Subordinated Perpet.,cooperatieve;rabobank,1.0000,1.0000,ambiguous-or-partial-name-candidate,Candidate-only fuzzy name bridge; requires page/row inspection and lot/transaction evidence before continuity promotion.
CFAASBANC-0143,5833,187.5,Cooperatieve Rabobank UA Junior Subordinated .........NLD........ Perpet.,"1,272",36,5,part2,5827,CFAASBACP2-0095,,Cooperatieve Rabobank UA Junior Subordinated Perpet. Cooperatieve Rabobank UA Junior Subordinated Perpet.,cooperatieve;rabobank,1.0000,1.0000,ambiguous-or-partial-name-candidate,Candidate-only fuzzy name bridge; requires page/row inspection and lot/transaction evidence before continuity promotion.
CFAASBANC-0144,5833,201.2,Credit Agricole SA Junior Subordinated .........FRA........ Perpet.,"6,133,047",37,1,part1,5819,CFAASBACP-0223,,Credit Agricole SA CREDIT AGRICOLE SA Perpet.,agricole;credit,1.0000,1.0000,ambiguous-or-partial-name-candidate,Candidate-only fuzzy name bridge; requires page/row inspection and lot/transaction evidence before continuity promotion.
CFAASBANC-0145,5833,201.2,Credit Agricole SA Junior Subordinated .........FRA........ Perpet.,"6,133,047",37,2,part1,5819,CFAASBACP-0224,F2276J-PP-4,Credit Agricole SA Junior Subordinated Perpet.,agricole;credit,1.0000,1.0000,ambiguous-or-partial-name-candidate,Candidate-only fuzzy name bridge; requires page/row inspection and lot/transaction evidence before continuity promotion.
CFAASBANC-0146,5833,201.2,Credit Agricole SA Junior Subordinated .........FRA........ Perpet.,"6,133,047",37,3,part1,5819,CFAASBACP-0225,225313-AR-6,Credit Agricole SA Junior Subordinated Perpet.,agricole;credit,1.0000,1.0000,ambiguous-or-partial-name-candidate,Candidate-only fuzzy name bridge; requires page/row inspection and lot/transaction evidence before continuity promotion.
CFAASBANC-0147,5833,201.2,Credit Agricole SA Junior Subordinated .........FRA........ Perpet.,"6,133,047",37,4,part2,5828,CFAASBACP2-0097,,Credit Agricole SA Junior Subordinated Perpet.,agricole;credit,1.0000,1.0000,ambiguous-or-partial-name-candidate,Candidate-only fuzzy name bridge; requires page/row inspection and lot/transaction evidence before continuity promotion.
CFAASBANC-0148,5833,201.2,Credit Agricole SA Junior Subordinated .........FRA........ Perpet.,"6,133,047",37,5,part2,5828,CFAASBACP2-0098,225313-AR-6,Credit Agricole SA Junior Subordinated Perpet. Credit Agricole SA Junior Subordinated Perpet.,agricole;credit,1.0000,1.0000,ambiguous-or-partial-name-candidate,Candidate-only fuzzy name bridge; requires page/row inspection and lot/transaction evidence before continuity promotion.
CFAASBANC-0149,5833,228.5,Danske Bank A/S Junior Subordinated .........DNK........ Perpet.,"12,464,704",38,1,part1,5819,CFAASBACP-0226,,Danske Bank A/S Junior Subordinated Perpet.,bank;danske,1.0000,0.6667,ambiguous-or-partial-name-candidate,Candidate-only fuzzy name bridge; requires page/row inspection and lot/transaction evidence before continuity promotion.
CFAASBANC-0150,5833,228.5,Danske Bank A/S Junior Subordinated .........DNK........ Perpet.,"12,464,704",38,2,part1,5819,CFAASBACP-0227,,Danske Bank A/S Junior Subordinated Perpet.,bank;danske,1.0000,0.6667,ambiguous-or-partial-name-candidate,Candidate-only fuzzy name bridge; requires page/row inspection and lot/transaction evidence before continuity promotion.
CFAASBANC-0151,5833,228.5,Danske Bank A/S Junior Subordinated .........DNK........ Perpet.,"12,464,704",38,3,part2,5828,CFAASBACP2-0100,,Danske Bank A/S Junior Subordinated Perpet. Danske Bank A/S Junior Subordinated Perpet.,bank;danske,1.0000,0.6667,ambiguous-or-partial-name-candidate,Candidate-only fuzzy name bridge; requires page/row inspection and lot/transaction evidence before continuity promotion.
CFAASBANC-0152,5833,228.5,Danske Bank A/S Junior Subordinated .........DNK........ Perpet.,"12,464,704",38,4,part2,5828,CFAASBACP2-0101,,Danske Bank A/S Junior Subordinated Perpet. Deutsche Bank AG Junior Subordinated Perpet.,bank;danske,0.6667,0.5000,ambiguous-or-partial-name-candidate,Candidate-only fuzzy name bridge; requires page/row inspection and lot/transaction evidence before continuity promotion.
CFAASBANC-0153,5833,228.5,Danske Bank A/S Junior Subordinated .........DNK........ Perpet.,"12,464,704",38,5,part2,5828,CFAASBACP2-0099,,Credit Agricole SA Junior Subordinated Perpet. Danske Bank A/S Junior Subordinated Perpet.,bank;danske,0.6667,0.4000,ambiguous-or-partial-name-candidate,Candidate-only fuzzy name bridge; requires page/row inspection and lot/transaction evidence before continuity promotion.
CFAASBANC-0154,5833,242.2,Danske Bank A/S Junior Subordinated .........DNK........ Perpet.,"4,504,973",39,1,part1,5819,CFAASBACP-0226,,Danske Bank A/S Junior Subordinated Perpet.,bank;danske,1.0000,0.6667,ambiguous-or-partial-name-candidate,Candidate-only fuzzy name bridge; requires page/row inspection and lot/transaction evidence before continuity promotion.
CFAASBANC-0155,5833,242.2,Danske Bank A/S Junior Subordinated .........DNK........ Perpet.,"4,504,973",39,2,part1,5819,CFAASBACP-0227,,Danske Bank A/S Junior Subordinated Perpet.,bank;danske,1.0000,0.6667,ambiguous-or-partial-name-candidate,Candidate-only fuzzy name bridge; requires page/row inspection and lot/transaction evidence before continuity promotion.
CFAASBANC-0156,5833,242.2,Danske Bank A/S Junior Subordinated .........DNK........ Perpet.,"4,504,973",39,3,part2,5828,CFAASBACP2-0100,,Danske Bank A/S Junior Subordinated Perpet. Danske Bank A/S Junior Subordinated Perpet.,bank;danske,1.0000,0.6667,ambiguous-or-partial-name-candidate,Candidate-only fuzzy name bridge; requires page/row inspection and lot/transaction evidence before continuity promotion.
CFAASBANC-0157,5833,242.2,Danske Bank A/S Junior Subordinated .........DNK........ Perpet.,"4,504,973",39,4,part2,5828,CFAASBACP2-0101,,Danske Bank A/S Junior Subordinated Perpet. Deutsche Bank AG Junior Subordinated Perpet.,bank;danske,0.6667,0.5000,ambiguous-or-partial-name-candidate,Candidate-only fuzzy name bridge; requires page/row inspection and lot/transaction evidence before continuity promotion.
CFAASBANC-0158,5833,242.2,Danske Bank A/S Junior Subordinated .........DNK........ Perpet.,"4,504,973",39,5,part2,5828,CFAASBACP2-0099,,Credit Agricole SA Junior Subordinated Perpet. Danske Bank A/S Junior Subordinated Perpet.,bank;danske,0.6667,0.4000,ambiguous-or-partial-name-candidate,Candidate-only fuzzy name bridge; requires page/row inspection and lot/transaction evidence before continuity promotion.
CFAASBANC-0159,5833,255.9,Deutsche Bank AG Junior Subordinated .........DEU........ Perpet.,"321,575",40,1,part1,5819,CFAASBACP-0228,BS4777-87-3,Deutsche Bank AG Junior Subordinated Perpet.,bank;deutsche,1.0000,0.6667,ambiguous-or-partial-name-candidate,Candidate-only fuzzy name bridge; requires page/row inspection and lot/transaction evidence before continuity promotion.
CFAASBANC-0160,5833,255.9,Deutsche Bank AG Junior Subordinated .........DEU........ Perpet.,"321,575",40,2,part1,5819,CFAASBACP-0229,,Deutsche Bank AG Junior Subordinated Perpet.,bank;deutsche,1.0000,0.6667,ambiguous-or-partial-name-candidate,Candidate-only fuzzy name bridge; requires page/row inspection and lot/transaction evidence before continuity promotion.
CFAASBANC-0161,5833,255.9,Deutsche Bank AG Junior Subordinated .........DEU........ Perpet.,"321,575",40,3,part2,5828,CFAASBACP2-0102,,Deutsche Bank AG Junior Subordinated Perpet. Deutsche Bank AG Junior Subordinated Perpet.,bank;deutsche,1.0000,0.6667,ambiguous-or-partial-name-candidate,Candidate-only fuzzy name bridge; requires page/row inspection and lot/transaction evidence before continuity promotion.
CFAASBANC-0162,5833,255.9,Deutsche Bank AG Junior Subordinated .........DEU........ Perpet.,"321,575",40,4,part2,5828,CFAASBACP2-0101,,Danske Bank A/S Junior Subordinated Perpet. Deutsche Bank AG Junior Subordinated Perpet.,bank;deutsche,0.6667,0.5000,ambiguous-or-partial-name-candidate,Candidate-only fuzzy name bridge; requires page/row inspection and lot/transaction evidence before continuity promotion.
CFAASBANC-0163,5833,255.9,Deutsche Bank AG Junior Subordinated .........DEU........ Perpet.,"321,575",40,5,part2,5828,CFAASBACP2-0103,,Deutsche Bank AG Junior Subordinated Perpet. DNB Bank ASA Junior Subordinated Perpet.,bank;deutsche,0.6667,0.4000,ambiguous-or-partial-name-candidate,Candidate-only fuzzy name bridge; requires page/row inspection and lot/transaction evidence before continuity promotion.
CFAASBANC-0164,5833,269.6,DNB Bank ASA Junior Subordinated .........NOR........ Perpet.,"16,227,829",41,1,part1,5819,CFAASBACP-0230,,DNB Bank ASA Junior Subordinated Perpet.,asa;bank;dnb,1.0000,0.7500,unique-high-coverage-name-candidate,Candidate-only fuzzy name bridge; requires page/row inspection and lot/transaction evidence before continuity promotion.
CFAASBANC-0165,5833,269.6,DNB Bank ASA Junior Subordinated .........NOR........ Perpet.,"16,227,829",41,2,part2,5828,CFAASBACP2-0103,,Deutsche Bank AG Junior Subordinated Perpet. DNB Bank ASA Junior Subordinated Perpet.,asa;bank;dnb,0.7500,0.6000,unique-high-coverage-name-candidate,Candidate-only fuzzy name bridge; requires page/row inspection and lot/transaction evidence before continuity promotion.
CFAASBANC-0166,5833,269.6,DNB Bank ASA Junior Subordinated .........NOR........ Perpet.,"16,227,829",41,3,part2,5828,CFAASBACP2-0104,404280-BP-3,DNB Bank ASA Junior Subordinated Perpet. HSBC Holdings PLC,asa;bank;dnb,0.7500,0.4286,unique-high-coverage-name-candidate,Candidate-only fuzzy name bridge; requires page/row inspection and lot/transaction evidence before continuity promotion.
CFAASBANC-0167,5833,326.7,ING Groep NV Junior Subordinated .........NLD........ Perpet.,"78,693",42,1,part1,5819,CFAASBACP-0231,456837-AR-4,ING Groep NV Junior Subordinated Perpet.,groep;ing,1.0000,1.0000,ambiguous-or-partial-name-candidate,Candidate-only fuzzy name bridge; requires page/row inspection and lot/transaction evidence before continuity promotion.
CFAASBANC-0168,5833,326.7,ING Groep NV Junior Subordinated .........NLD........ Perpet.,"78,693",42,2,part1,5819,CFAASBACP-0232,456837-BT-9,ING Groep NV Junior Subordinated Perpet.,groep;ing,1.0000,1.0000,ambiguous-or-partial-name-candidate,Candidate-only fuzzy name bridge; requires page/row inspection and lot/transaction evidence before continuity promotion.
CFAASBANC-0169,5833,326.7,ING Groep NV Junior Subordinated .........NLD........ Perpet.,"78,693",42,3,part1,5819,CFAASBACP-0233,,ING Groep NV Junior Subordinated Perpet.,groep;ing,1.0000,1.0000,ambiguous-or-partial-name-candidate,Candidate-only fuzzy name bridge; requires page/row inspection and lot/transaction evidence before continuity promotion.
CFAASBANC-0170,5833,326.7,ING Groep NV Junior Subordinated .........NLD........ Perpet.,"78,693",42,4,part1,5819,CFAASBACP-0234,,ING Groep NV Junior Subordinated Perpet.,groep;ing,1.0000,1.0000,ambiguous-or-partial-name-candidate,Candidate-only fuzzy name bridge; requires page/row inspection and lot/transaction evidence before continuity promotion.
CFAASBANC-0171,5833,326.7,ING Groep NV Junior Subordinated .........NLD........ Perpet.,"78,693",42,5,part2,5828,CFAASBACP2-0106,456837-AR-4,ING Groep NV ING Groep NV Junior Subordinated Perpet.,groep;ing,1.0000,1.0000,ambiguous-or-partial-name-candidate,Candidate-only fuzzy name bridge; requires page/row inspection and lot/transaction evidence before continuity promotion.
CFAASBANC-0172,5833,340.4,ING Groep NV Junior Subordinated .........NLD........ Perpet.,"437,805",43,1,part1,5819,CFAASBACP-0231,456837-AR-4,ING Groep NV Junior Subordinated Perpet.,groep;ing,1.0000,1.0000,ambiguous-or-partial-name-candidate,Candidate-only fuzzy name bridge; requires page/row inspection and lot/transaction evidence before continuity promotion.
CFAASBANC-0173,5833,340.4,ING Groep NV Junior Subordinated .........NLD........ Perpet.,"437,805",43,2,part1,5819,CFAASBACP-0232,456837-BT-9,ING Groep NV Junior Subordinated Perpet.,groep;ing,1.0000,1.0000,ambiguous-or-partial-name-candidate,Candidate-only fuzzy name bridge; requires page/row inspection and lot/transaction evidence before continuity promotion.
CFAASBANC-0174,5833,340.4,ING Groep NV Junior Subordinated .........NLD........ Perpet.,"437,805",43,3,part1,5819,CFAASBACP-0233,,ING Groep NV Junior Subordinated Perpet.,groep;ing,1.0000,1.0000,ambiguous-or-partial-name-candidate,Candidate-only fuzzy name bridge; requires page/row inspection and lot/transaction evidence before continuity promotion.
CFAASBANC-0175,5833,340.4,ING Groep NV Junior Subordinated .........NLD........ Perpet.,"437,805",43,4,part1,5819,CFAASBACP-0234,,ING Groep NV Junior Subordinated Perpet.,groep;ing,1.0000,1.0000,ambiguous-or-partial-name-candidate,Candidate-only fuzzy name bridge; requires page/row inspection and lot/transaction evidence before continuity promotion.
CFAASBANC-0176,5833,340.4,ING Groep NV Junior Subordinated .........NLD........ Perpet.,"437,805",43,5,part2,5828,CFAASBACP2-0106,456837-AR-4,ING Groep NV ING Groep NV Junior Subordinated Perpet.,groep;ing,1.0000,1.0000,ambiguous-or-partial-name-candidate,Candidate-only fuzzy name bridge; requires page/row inspection and lot/transaction evidence before continuity promotion.
CFAASBANC-0177,5833,354.0,Legal & General Group PLC Junior Subordinated .........GBR........ Perpet.,"10,739,037",44,1,part1,5819,CFAASBACP-0235,G54404-AU-5,Legal & General Group PLC Junior Subordinated Perpet.,general;group;legal;plc,1.0000,1.0000,unique-high-coverage-name-candidate,Candidate-only fuzzy name bridge; requires page/row inspection and lot/transaction evidence before continuity promotion.
CFAASBANC-0178,5833,354.0,Legal & General Group PLC Junior Subordinated .........GBR........ Perpet.,"10,739,037",44,2,part2,5828,CFAASBACP2-0110,,ING Groep NV Junior Subordinated Perpet. Legal & General Group PLC Junior Subordinated Perpet.,general;group;legal;plc,1.0000,0.6667,unique-high-coverage-name-candidate,Candidate-only fuzzy name bridge; requires page/row inspection and lot/transaction evidence before continuity promotion.
CFAASBANC-0179,5833,354.0,Legal & General Group PLC Junior Subordinated .........GBR........ Perpet.,"10,739,037",44,3,part2,5828,CFAASBACP2-0111,539439-AU-3,Legal & General Group PLC Junior Subordinated Perpet. Lloyds Banking Group PLC Junior Subordinated Perpet.,general;group;legal;plc,1.0000,0.6667,unique-high-coverage-name-candidate,Candidate-only fuzzy name bridge; requires page/row inspection and lot/transaction evidence before continuity promotion.
CFAASBANC-0180,5833,354.0,Legal & General Group PLC Junior Subordinated .........GBR........ Perpet.,"10,739,037",44,4,part1,5818,CFAASBACP-0199,,AIB Group PLC AIB GROUP PLC Perpetual Perpet.,group;plc,0.6667,0.4000,unique-high-coverage-name-candidate,Candidate-only fuzzy name bridge; requires page/row inspection and lot/transaction evidence before continuity promotion.
CFAASBANC-0181,5833,354.0,Legal & General Group PLC Junior Subordinated .........GBR........ Perpet.,"10,739,037",44,5,part1,5820,CFAASBACP-0242,639057-AT-5,NatWest Group PLC Junior Subordinated Perpet.,group;plc,0.6667,0.4000,unique-high-coverage-name-candidate,Candidate-only fuzzy name bridge; requires page/row inspection and lot/transaction evidence before continuity promotion.
CFAASBANC-0182,5833,408.8,Lloyds Banking Group PLC Junior Subordinated .........GBR........ Perpet.,"148,000",45,1,part1,5819,CFAASBACP-0236,539439-BF-5,Lloyds Banking Group PLC Junior Subordinated Perpet.,banking;group;lloyds;plc,1.0000,1.0000,ambiguous-or-partial-name-candidate,Candidate-only fuzzy name bridge; requires page/row inspection and lot/transaction evidence before continuity promotion.
CFAASBANC-0183,5833,408.8,Lloyds Banking Group PLC Junior Subordinated .........GBR........ Perpet.,"148,000",45,2,part1,5819,CFAASBACP-0237,,Lloyds Banking Group PLC Junior Subordinated Perpet.,banking;group;lloyds;plc,1.0000,1.0000,ambiguous-or-partial-name-candidate,Candidate-only fuzzy name bridge; requires page/row inspection and lot/transaction evidence before continuity promotion.
CFAASBANC-0184,5833,408.8,Lloyds Banking Group PLC Junior Subordinated .........GBR........ Perpet.,"148,000",45,3,part1,5820,CFAASBACP-0238,53944Y-AV-5,Lloyds Banking Group PLC Junior Subordinated Perpet.,banking;group;lloyds;plc,1.0000,1.0000,ambiguous-or-partial-name-candidate,Candidate-only fuzzy name bridge; requires page/row inspection and lot/transaction evidence before continuity promotion.
CFAASBANC-0185,5833,408.8,Lloyds Banking Group PLC Junior Subordinated .........GBR........ Perpet.,"148,000",45,4,part1,5820,CFAASBACP-0239,,Lloyds Banking Group PLC Junior Subordinated Perpet.,banking;group;lloyds;plc,1.0000,1.0000,ambiguous-or-partial-name-candidate,Candidate-only fuzzy name bridge; requires page/row inspection and lot/transaction evidence before continuity promotion.
CFAASBANC-0186,5833,408.8,Lloyds Banking Group PLC Junior Subordinated .........GBR........ Perpet.,"148,000",45,5,part1,5820,CFAASBACP-0240,53944Y-BB-8,Lloyds Banking Group PLC LLOYDS BANKING GROUP PLC Perpet.,banking;group;lloyds;plc,1.0000,1.0000,ambiguous-or-partial-name-candidate,Candidate-only fuzzy name bridge; requires page/row inspection and lot/transaction evidence before continuity promotion.
CFAASBANC-0187,5833,506.9,Nordea Bank Abp Junior Subordinated .........FIN........ Perpet.,"33,537,121",48,1,part1,5820,CFAASBACP-0246,65559C-AA-9,Nordea Bank Abp Jr Subordinated Perpet.,abp;bank;nordea,1.0000,0.7500,ambiguous-or-partial-name-candidate,Candidate-only fuzzy name bridge; requires page/row inspection and lot/transaction evidence before continuity promotion.
CFAASBANC-0188,5833,506.9,Nordea Bank Abp Junior Subordinated .........FIN........ Perpet.,"33,537,121",48,2,part1,5820,CFAASBACP-0247,65558R-AK-5,Nordea Bank Abp Junior Subordinated Perpet.,abp;bank;nordea,1.0000,0.7500,ambiguous-or-partial-name-candidate,Candidate-only fuzzy name bridge; requires page/row inspection and lot/transaction evidence before continuity promotion.
CFAASBANC-0189,5833,506.9,Nordea Bank Abp Junior Subordinated .........FIN........ Perpet.,"33,537,121",48,3,part1,5820,CFAASBACP-0248,,Nordea Bank Abp Junior Subordinated Perpet.,abp;bank;nordea,1.0000,0.7500,ambiguous-or-partial-name-candidate,Candidate-only fuzzy name bridge; requires page/row inspection and lot/transaction evidence before continuity promotion.
CFAASBANC-0190,5833,506.9,Nordea Bank Abp Junior Subordinated .........FIN........ Perpet.,"33,537,121",48,4,part2,5828,CFAASBACP2-0123,65559C-AA-9,Nordea Bank Abp Nordea Bank Abp Jr Subordinated Perpet.,abp;bank;nordea,1.0000,0.7500,ambiguous-or-partial-name-candidate,Candidate-only fuzzy name bridge; requires page/row inspection and lot/transaction evidence before continuity promotion.
CFAASBANC-0191,5833,506.9,Nordea Bank Abp Junior Subordinated .........FIN........ Perpet.,"33,537,121",48,5,part2,5828,CFAASBACP2-0124,65558R-AK-5,Nordea Bank Abp Jr Subordinated Perpet. Nordea Bank Abp Junior Subordinated Perpet.,abp;bank;nordea,1.0000,0.7500,ambiguous-or-partial-name-candidate,Candidate-only fuzzy name bridge; requires page/row inspection and lot/transaction evidence before continuity promotion.
CFAASBANC-0192,5833,520.6,Phoenix Group Holdings PLC Junior .........GBR........ Subordinated Perpet.,"19,123,685",49,1,part1,5820,CFAASBACP-0249,G7091M-AA-7,Phoenix Group Holdings PLC Junior Subordinated Perpet.,group;holdings;phoenix;plc,1.0000,1.0000,ambiguous-or-partial-name-candidate,Candidate-only fuzzy name bridge; requires page/row inspection and lot/transaction evidence before continuity promotion.
CFAASBANC-0193,5833,520.6,Phoenix Group Holdings PLC Junior .........GBR........ Subordinated Perpet.,"19,123,685",49,2,part1,5820,CFAASBACP-0250,,Phoenix Group Holdings PLC Junior Subordinated Perpet.,group;holdings;phoenix;plc,1.0000,1.0000,ambiguous-or-partial-name-candidate,Candidate-only fuzzy name bridge; requires page/row inspection and lot/transaction evidence before continuity promotion.
CFAASBANC-0194,5833,520.6,Phoenix Group Holdings PLC Junior .........GBR........ Subordinated Perpet.,"19,123,685",49,3,part2,5828,CFAASBACP2-0127,,Phoenix Group Holdings PLC Junior Subordinated Perpet. Phoenix Group Holdings PLC Junior Subordinated Perpet.,group;holdings;phoenix;plc,1.0000,1.0000,ambiguous-or-partial-name-candidate,Candidate-only fuzzy name bridge; requires page/row inspection and lot/transaction evidence before continuity promotion.
CFAASBANC-0195,5833,520.6,Phoenix Group Holdings PLC Junior .........GBR........ Subordinated Perpet.,"19,123,685",49,4,part2,5828,CFAASBACP2-0128,,Phoenix Group Holdings PLC Junior Subordinated Perpet. Rothesay Life PLC Junior Subordinated Perpet.,group;holdings;phoenix;plc,1.0000,0.6667,ambiguous-or-partial-name-candidate,Candidate-only fuzzy name bridge; requires page/row inspection and lot/transaction evidence before continuity promotion.
CFAASBANC-0196,5833,520.6,Phoenix Group Holdings PLC Junior .........GBR........ Subordinated Perpet.,"19,123,685",49,5,part2,5828,CFAASBACP2-0126,,Nordea Bank Abp Junior Subordinated Perpet. Phoenix Group Holdings PLC Junior Subordinated Perpet.,group;holdings;phoenix;plc,1.0000,0.5714,ambiguous-or-partial-name-candidate,Candidate-only fuzzy name bridge; requires page/row inspection and lot/transaction evidence before continuity promotion.
CFAASBANC-0197,5833,534.3,Phoenix Group Holdings PLC Junior .........GBR........ Subordinated Perpet.,"6,279,298",50,1,part1,5820,CFAASBACP-0249,G7091M-AA-7,Phoenix Group Holdings PLC Junior Subordinated Perpet.,group;holdings;phoenix;plc,1.0000,1.0000,ambiguous-or-partial-name-candidate,Candidate-only fuzzy name bridge; requires page/row inspection and lot/transaction evidence before continuity promotion.
CFAASBANC-0198,5833,534.3,Phoenix Group Holdings PLC Junior .........GBR........ Subordinated Perpet.,"6,279,298",50,2,part1,5820,CFAASBACP-0250,,Phoenix Group Holdings PLC Junior Subordinated Perpet.,group;holdings;phoenix;plc,1.0000,1.0000,ambiguous-or-partial-name-candidate,Candidate-only fuzzy name bridge; requires page/row inspection and lot/transaction evidence before continuity promotion.
CFAASBANC-0199,5833,534.3,Phoenix Group Holdings PLC Junior .........GBR........ Subordinated Perpet.,"6,279,298",50,3,part2,5828,CFAASBACP2-0127,,Phoenix Group Holdings PLC Junior Subordinated Perpet. Phoenix Group Holdings PLC Junior Subordinated Perpet.,group;holdings;phoenix;plc,1.0000,1.0000,ambiguous-or-partial-name-candidate,Candidate-only fuzzy name bridge; requires page/row inspection and lot/transaction evidence before continuity promotion.
CFAASBANC-0200,5833,534.3,Phoenix Group Holdings PLC Junior .........GBR........ Subordinated Perpet.,"6,279,298",50,4,part2,5828,CFAASBACP2-0128,,Phoenix Group Holdings PLC Junior Subordinated Perpet. Rothesay Life PLC Junior Subordinated Perpet.,group;holdings;phoenix;plc,1.0000,0.6667,ambiguous-or-partial-name-candidate,Candidate-only fuzzy name bridge; requires page/row inspection and lot/transaction evidence before continuity promotion.
CFAASBANC-0201,5833,534.3,Phoenix Group Holdings PLC Junior .........GBR........ Subordinated Perpet.,"6,279,298",50,5,part2,5828,CFAASBACP2-0126,,Nordea Bank Abp Junior Subordinated Perpet. Phoenix Group Holdings PLC Junior Subordinated Perpet.,group;holdings;phoenix;plc,1.0000,0.5714,ambiguous-or-partial-name-candidate,Candidate-only fuzzy name bridge; requires page/row inspection and lot/transaction evidence before continuity promotion.
CFAASBANC-0202,5834,228.5,Skandinaviska Enskilda Banken Jr .........SWE........ Subordinated Perpet.,"19,197,507",51,1,part1,5820,CFAASBACP-0256,,Skandinaviska Enskilda Banken Jr Subordinated Perpet.,banken;enskilda;skandinaviska,1.0000,0.7500,ambiguous-or-partial-name-candidate,Candidate-only fuzzy name bridge; requires page/row inspection and lot/transaction evidence before continuity promotion.
CFAASBANC-0203,5834,228.5,Skandinaviska Enskilda Banken Jr .........SWE........ Subordinated Perpet.,"19,197,507",51,2,part1,5820,CFAASBACP-0257,BW9249-93-7,Skandinaviska Enskilda Banken Jr Subordinated Perpet.,banken;enskilda;skandinaviska,1.0000,0.7500,ambiguous-or-partial-name-candidate,Candidate-only fuzzy name bridge; requires page/row inspection and lot/transaction evidence before continuity promotion.
CFAASBANC-0204,5834,228.5,Skandinaviska Enskilda Banken Jr .........SWE........ Subordinated Perpet.,"19,197,507",51,3,part2,5828,CFAASBACP2-0134,,Skandinaviska Enskilda Banken Jr Subordinated Perpet. Skandinaviska Enskilda Banken Jr Subordinated Perpet.,banken;enskilda;skandinaviska,1.0000,0.7500,ambiguous-or-partial-name-candidate,Candidate-only fuzzy name bridge; requires page/row inspection and lot/transaction evidence before continuity promotion.
CFAASBANC-0205,5834,228.5,Skandinaviska Enskilda Banken Jr .........SWE........ Subordinated Perpet.,"19,197,507",51,4,part2,5828,CFAASBACP2-0135,,Skandinaviska Enskilda Banken Jr Subordinated Perpet. Swedbank AB,banken;enskilda;skandinaviska,0.7500,0.6000,ambiguous-or-partial-name-candidate,Candidate-only fuzzy name bridge; requires page/row inspection and lot/transaction evidence before continuity promotion.
CFAASBANC-0206,5834,228.5,Skandinaviska Enskilda Banken Jr .........SWE........ Subordinated Perpet.,"19,197,507",51,5,part2,5828,CFAASBACP2-0133,,Royal Bank of Canada Junior Subordinated Skandinaviska Enskilda Banken Jr Subordinated Perpet.,banken;enskilda;skandinaviska,0.7500,0.4286,ambiguous-or-partial-name-candidate,Candidate-only fuzzy name bridge; requires page/row inspection and lot/transaction evidence before continuity promotion.
CFAASBANC-0207,5834,242.2,Skandinaviska Enskilda Banken Jr .........SWE........ Subordinated Perpet.,"12,635,224",52,1,part1,5820,CFAASBACP-0256,,Skandinaviska Enskilda Banken Jr Subordinated Perpet.,banken;enskilda;skandinaviska,1.0000,0.7500,ambiguous-or-partial-name-candidate,Candidate-only fuzzy name bridge; requires page/row inspection and lot/transaction evidence before continuity promotion.
CFAASBANC-0208,5834,242.2,Skandinaviska Enskilda Banken Jr .........SWE........ Subordinated Perpet.,"12,635,224",52,2,part1,5820,CFAASBACP-0257,BW9249-93-7,Skandinaviska Enskilda Banken Jr Subordinated Perpet.,banken;enskilda;skandinaviska,1.0000,0.7500,ambiguous-or-partial-name-candidate,Candidate-only fuzzy name bridge; requires page/row inspection and lot/transaction evidence before continuity promotion.
CFAASBANC-0209,5834,242.2,Skandinaviska Enskilda Banken Jr .........SWE........ Subordinated Perpet.,"12,635,224",52,3,part2,5828,CFAASBACP2-0134,,Skandinaviska Enskilda Banken Jr Subordinated Perpet. Skandinaviska Enskilda Banken Jr Subordinated Perpet.,banken;enskilda;skandinaviska,1.0000,0.7500,ambiguous-or-partial-name-candidate,Candidate-only fuzzy name bridge; requires page/row inspection and lot/transaction evidence before continuity promotion.
CFAASBANC-0210,5834,242.2,Skandinaviska Enskilda Banken Jr .........SWE........ Subordinated Perpet.,"12,635,224",52,4,part2,5828,CFAASBACP2-0135,,Skandinaviska Enskilda Banken Jr Subordinated Perpet. Swedbank AB,banken;enskilda;skandinaviska,0.7500,0.6000,ambiguous-or-partial-name-candidate,Candidate-only fuzzy name bridge; requires page/row inspection and lot/transaction evidence before continuity promotion.
CFAASBANC-0211,5834,242.2,Skandinaviska Enskilda Banken Jr .........SWE........ Subordinated Perpet.,"12,635,224",52,5,part2,5828,CFAASBACP2-0133,,Royal Bank of Canada Junior Subordinated Skandinaviska Enskilda Banken Jr Subordinated Perpet.,banken;enskilda;skandinaviska,0.7500,0.4286,ambiguous-or-partial-name-candidate,Candidate-only fuzzy name bridge; requires page/row inspection and lot/transaction evidence before continuity promotion.
CFAASBANC-0212,5834,408.8,Vontobel Holding AG Subordinated .........CHE........ Perpet.,"36,319,447",56,1,part1,5821,CFAASBACP-0270,ZH2256-56-3,Vontobel Holding AG Subordinated Perpet.,holding;vontobel,1.0000,0.6667,ambiguous-or-partial-name-candidate,Candidate-only fuzzy name bridge; requires page/row inspection and lot/transaction evidence before continuity promotion.
CFAASBANC-0213,5834,408.8,Vontobel Holding AG Subordinated .........CHE........ Perpet.,"36,319,447",56,2,part1,5821,CFAASBACP-0271,,Vontobel Holding AG Subordinated Perpet.,holding;vontobel,1.0000,0.6667,ambiguous-or-partial-name-candidate,Candidate-only fuzzy name bridge; requires page/row inspection and lot/transaction evidence before continuity promotion.
CFAASBANC-0214,5834,408.8,Vontobel Holding AG Subordinated .........CHE........ Perpet.,"36,319,447",56,3,part2,5828,CFAASBACP2-0149,,Vontobel Holding AG Subordinated Perpet. Vontobel Holding AG Subordinated Perpet.,holding;vontobel,1.0000,0.6667,ambiguous-or-partial-name-candidate,Candidate-only fuzzy name bridge; requires page/row inspection and lot/transaction evidence before continuity promotion.
CFAASBANC-0215,5834,408.8,Vontobel Holding AG Subordinated .........CHE........ Perpet.,"36,319,447",56,4,part2,5828,CFAASBACP2-0148,,UBS Group AG Junior Subordinated Perpet. Vontobel Holding AG Subordinated Perpet.,holding;vontobel,0.6667,0.4000,ambiguous-or-partial-name-candidate,Candidate-only fuzzy name bridge; requires page/row inspection and lot/transaction evidence before continuity promotion.
CFAASBANC-0216,5834,422.4,Vontobel Holding AG Subordinated .........CHE........ Perpet.,"36,855,207",57,1,part1,5821,CFAASBACP-0270,ZH2256-56-3,Vontobel Holding AG Subordinated Perpet.,holding;vontobel,1.0000,0.6667,ambiguous-or-partial-name-candidate,Candidate-only fuzzy name bridge; requires page/row inspection and lot/transaction evidence before continuity promotion.
CFAASBANC-0217,5834,422.4,Vontobel Holding AG Subordinated .........CHE........ Perpet.,"36,855,207",57,2,part1,5821,CFAASBACP-0271,,Vontobel Holding AG Subordinated Perpet.,holding;vontobel,1.0000,0.6667,ambiguous-or-partial-name-candidate,Candidate-only fuzzy name bridge; requires page/row inspection and lot/transaction evidence before continuity promotion.
CFAASBANC-0218,5834,422.4,Vontobel Holding AG Subordinated .........CHE........ Perpet.,"36,855,207",57,3,part2,5828,CFAASBACP2-0149,,Vontobel Holding AG Subordinated Perpet. Vontobel Holding AG Subordinated Perpet.,holding;vontobel,1.0000,0.6667,ambiguous-or-partial-name-candidate,Candidate-only fuzzy name bridge; requires page/row inspection and lot/transaction evidence before continuity promotion.
CFAASBANC-0219,5834,422.4,Vontobel Holding AG Subordinated .........CHE........ Perpet.,"36,855,207",57,4,part2,5828,CFAASBACP2-0148,,UBS Group AG Junior Subordinated Perpet. Vontobel Holding AG Subordinated Perpet.,holding;vontobel,0.6667,0.4000,ambiguous-or-partial-name-candidate,Candidate-only fuzzy name bridge; requires page/row inspection and lot/transaction evidence before continuity promotion.
CFAASBANC-0220,5834,445.1,Access Point Financial LLC APF Term Loan GA......... Facility Atlanta,"12,551,641",58,1,part1,5821,CFAASBACP-0272,,Access Point Financial LLC APF Term Loan Facility,access;apf;facility;financial;loan;point;term,1.0000,0.8750,unique-high-coverage-name-candidate,Candidate-only fuzzy name bridge; requires page/row inspection and lot/transaction evidence before continuity promotion.
CFAASBANC-0221,5834,445.1,Access Point Financial LLC APF Term Loan GA......... Facility Atlanta,"12,551,641",58,2,part2,5829,CFAASBACP2-0150,,Access Point Financial LLC Atlanta,access;atlanta;financial;point,1.0000,0.5000,unique-high-coverage-name-candidate,Candidate-only fuzzy name bridge; requires page/row inspection and lot/transaction evidence before continuity promotion.
CFAASBANC-0222,5834,458.8,Builders Capital Builders Capital WA......... Puyallup,"278,973,089",59,1,part1,5821,CFAASBACP-0273,,Builders Capital Builders Capital,builders;capital,1.0000,0.6667,unique-high-coverage-name-candidate,Candidate-only fuzzy name bridge; requires page/row inspection and lot/transaction evidence before continuity promotion.
CFAASBANC-0223,5834,458.8,Builders Capital Builders Capital WA......... Puyallup,"278,973,089",59,2,part1,5821,CFAASBACP-0274,,Builders Capital Builders Capital II 19JUN27,builders;capital,0.6667,0.5000,unique-high-coverage-name-candidate,Candidate-only fuzzy name bridge; requires page/row inspection and lot/transaction evidence before continuity promotion.
CFAASBANC-0224,5834,472.5,Builders Capital Builders Capital II 19JUN27 WA......... Puyallup,"42,636,410",60,1,part1,5821,CFAASBACP-0274,,Builders Capital Builders Capital II 19JUN27,19jun27;builders;capital,1.0000,0.7500,unique-high-coverage-name-candidate,Candidate-only fuzzy name bridge; requires page/row inspection and lot/transaction evidence before continuity promotion.
CFAASBANC-0225,5834,472.5,Builders Capital Builders Capital II 19JUN27 WA......... Puyallup,"42,636,410",60,2,part1,5821,CFAASBACP-0273,,Builders Capital Builders Capital,builders;capital,1.0000,0.5000,unique-high-coverage-name-candidate,Candidate-only fuzzy name bridge; requires page/row inspection and lot/transaction evidence before continuity promotion.
CFAASBANC-0226,5834,489.5,"DE......... Citi ESG LIHTC Partners I, LLC Wilmington","(1,939,835)",61,1,part2,5829,CFAASBACP2-0151,,"Citi ESG LIHTC Partners I, LLC Wilmington",citi;esg;lihtc;partners,1.0000,1.0000,unique-high-coverage-name-candidate,Candidate-only fuzzy name bridge; requires page/row inspection and lot/transaction evidence before continuity promotion.
CFAASBANC-0227,5834,489.5,"DE......... Citi ESG LIHTC Partners I, LLC Wilmington","(1,939,835)",61,2,part2,5829,CFAASBACP2-0152,,"Citi ESG LIHTC Partners I, LLC Wilmington Interspace Ventures LLC Wilmington",citi;esg;lihtc;partners,1.0000,0.6667,unique-high-coverage-name-candidate,Candidate-only fuzzy name bridge; requires page/row inspection and lot/transaction evidence before continuity promotion.
CFAASBANC-0228,5834,489.5,"DE......... Citi ESG LIHTC Partners I, LLC Wilmington","(1,939,835)",61,3,part1,5821,CFAASBACP-0277,,"Serrano Solar Partners, LLC USB LIHTC Fund 2023-5, LLC",lihtc;partners,0.5000,0.2857,unique-high-coverage-name-candidate,Candidate-only fuzzy name bridge; requires page/row inspection and lot/transaction evidence before continuity promotion.
CFAASBANC-0229,5834,489.5,"DE......... Citi ESG LIHTC Partners I, LLC Wilmington","(1,939,835)",61,4,part2,5829,CFAASBACP2-0154,,"Serrano Solar Partners, LLC Wilmington USB LIHTC Fund 2023-5, LLC Wilmington",lihtc;partners,0.5000,0.2857,unique-high-coverage-name-candidate,Candidate-only fuzzy name bridge; requires page/row inspection and lot/transaction evidence before continuity promotion.
CFAASBANC-0230,5834,497.6,"Citi ESG LIHTC Partners I, LLC Wilmington DE......... Interspace Ventures LLC Wilmington",,62,1,part2,5829,CFAASBACP2-0152,,"Citi ESG LIHTC Partners I, LLC Wilmington Interspace Ventures LLC Wilmington",citi;esg;interspace;lihtc;partners;ventures,1.0000,1.0000,unique-high-coverage-name-candidate,Candidate-only fuzzy name bridge; requires page/row inspection and lot/transaction evidence before continuity promotion.
CFAASBANC-0231,5834,497.6,"Citi ESG LIHTC Partners I, LLC Wilmington DE......... Interspace Ventures LLC Wilmington",,62,2,part2,5829,CFAASBACP2-0151,,"Citi ESG LIHTC Partners I, LLC Wilmington",citi;esg;lihtc;partners,1.0000,0.6667,unique-high-coverage-name-candidate,Candidate-only fuzzy name bridge; requires page/row inspection and lot/transaction evidence before continuity promotion.
CFAASBANC-0232,5834,497.6,"Citi ESG LIHTC Partners I, LLC Wilmington DE......... Interspace Ventures LLC Wilmington",,62,3,part1,5821,CFAASBACP-0275,,Interspace Ventures LLC,interspace;ventures,1.0000,0.3333,unique-high-coverage-name-candidate,Candidate-only fuzzy name bridge; requires page/row inspection and lot/transaction evidence before continuity promotion.
CFAASBANC-0233,5834,497.6,"Citi ESG LIHTC Partners I, LLC Wilmington DE......... Interspace Ventures LLC Wilmington",,62,4,part1,5821,CFAASBACP-0276,,"Interspace Ventures LLC Serrano Solar Partners, LLC",interspace;partners;ventures,0.6000,0.3750,unique-high-coverage-name-candidate,Candidate-only fuzzy name bridge; requires page/row inspection and lot/transaction evidence before continuity promotion.
CFAASBANC-0234,5834,497.6,"Citi ESG LIHTC Partners I, LLC Wilmington DE......... Interspace Ventures LLC Wilmington",,62,5,part2,5829,CFAASBACP2-0153,,"Interspace Ventures LLC Wilmington Serrano Solar Partners, LLC Wilmington",interspace;partners;ventures,0.6000,0.3750,unique-high-coverage-name-candidate,Candidate-only fuzzy name bridge; requires page/row inspection and lot/transaction evidence before continuity promotion.
CFAASBANC-0235,5834,505.6,"Interspace Ventures LLC Wilmington DE......... Serrano Solar Partners, LLC Wilmington","640,497",63,1,part1,5821,CFAASBACP-0276,,"Interspace Ventures LLC Serrano Solar Partners, LLC",interspace;partners;serrano;solar;ventures,1.0000,1.0000,ambiguous-or-partial-name-candidate,Candidate-only fuzzy name bridge; requires page/row inspection and lot/transaction evidence before continuity promotion.
CFAASBANC-0236,5834,505.6,"Interspace Ventures LLC Wilmington DE......... Serrano Solar Partners, LLC Wilmington","640,497",63,2,part2,5829,CFAASBACP2-0153,,"Interspace Ventures LLC Wilmington Serrano Solar Partners, LLC Wilmington",interspace;partners;serrano;solar;ventures,1.0000,1.0000,ambiguous-or-partial-name-candidate,Candidate-only fuzzy name bridge; requires page/row inspection and lot/transaction evidence before continuity promotion.
CFAASBANC-0237,5834,505.6,"Interspace Ventures LLC Wilmington DE......... Serrano Solar Partners, LLC Wilmington","640,497",63,3,part1,5821,CFAASBACP-0275,,Interspace Ventures LLC,interspace;ventures,1.0000,0.4000,ambiguous-or-partial-name-candidate,Candidate-only fuzzy name bridge; requires page/row inspection and lot/transaction evidence before continuity promotion.
CFAASBANC-0238,5834,505.6,"Interspace Ventures LLC Wilmington DE......... Serrano Solar Partners, LLC Wilmington","640,497",63,4,part1,5821,CFAASBACP-0277,,"Serrano Solar Partners, LLC USB LIHTC Fund 2023-5, LLC",partners;serrano;solar,0.6000,0.4286,ambiguous-or-partial-name-candidate,Candidate-only fuzzy name bridge; requires page/row inspection and lot/transaction evidence before continuity promotion.
CFAASBANC-0239,5834,505.6,"Interspace Ventures LLC Wilmington DE......... Serrano Solar Partners, LLC Wilmington","640,497",63,5,part2,5829,CFAASBACP2-0154,,"Serrano Solar Partners, LLC Wilmington USB LIHTC Fund 2023-5, LLC Wilmington",partners;serrano;solar,0.6000,0.4286,ambiguous-or-partial-name-candidate,Candidate-only fuzzy name bridge; requires page/row inspection and lot/transaction evidence before continuity promotion.
CFAASBANC-0240,5834,513.6,"Serrano Solar Partners, LLC Wilmington DE......... USB LIHTC Fund 2023-5, LLC Wilmington",,64,1,part1,5821,CFAASBACP-0277,,"Serrano Solar Partners, LLC USB LIHTC Fund 2023-5, LLC",lihtc;partners;serrano;solar;usb,1.0000,1.0000,ambiguous-or-partial-name-candidate,Candidate-only fuzzy name bridge; requires page/row inspection and lot/transaction evidence before continuity promotion.
CFAASBANC-0241,5834,513.6,"Serrano Solar Partners, LLC Wilmington DE......... USB LIHTC Fund 2023-5, LLC Wilmington",,64,2,part2,5829,CFAASBACP2-0154,,"Serrano Solar Partners, LLC Wilmington USB LIHTC Fund 2023-5, LLC Wilmington",lihtc;partners;serrano;solar;usb,1.0000,1.0000,ambiguous-or-partial-name-candidate,Candidate-only fuzzy name bridge; requires page/row inspection and lot/transaction evidence before continuity promotion.
CFAASBANC-0242,5834,513.6,"Serrano Solar Partners, LLC Wilmington DE......... USB LIHTC Fund 2023-5, LLC Wilmington",,64,3,part1,5821,CFAASBACP-0276,,"Interspace Ventures LLC Serrano Solar Partners, LLC",partners;serrano;solar,0.6000,0.4286,ambiguous-or-partial-name-candidate,Candidate-only fuzzy name bridge; requires page/row inspection and lot/transaction evidence before continuity promotion.
CFAASBANC-0243,5834,513.6,"Serrano Solar Partners, LLC Wilmington DE......... USB LIHTC Fund 2023-5, LLC Wilmington",,64,4,part2,5829,CFAASBACP2-0153,,"Interspace Ventures LLC Wilmington Serrano Solar Partners, LLC Wilmington",partners;serrano;solar,0.6000,0.4286,ambiguous-or-partial-name-candidate,Candidate-only fuzzy name bridge; requires page/row inspection and lot/transaction evidence before continuity promotion.
CFAASBANC-0244,5834,513.6,"Serrano Solar Partners, LLC Wilmington DE......... USB LIHTC Fund 2023-5, LLC Wilmington",,64,5,part2,5829,CFAASBACP2-0151,,"Citi ESG LIHTC Partners I, LLC Wilmington",lihtc;partners,0.5000,0.2857,ambiguous-or-partial-name-candidate,Candidate-only fuzzy name bridge; requires page/row inspection and lot/transaction evidence before continuity promotion.
CFAASBANC-0245,5835,168.2,WI......... Aqua AssetCo Alt Trust II Wausau,"47,368,686",65,1,part2,5829,CFAASBACP2-0159,03841S-AF-2,Aqua AssetCo Alt Trust II Wausau Aqua AssetCo Alt Trust II R Wausau,alt;aqua;assetco;trust;wausau,1.0000,1.0000,unique-high-coverage-name-candidate,Candidate-only fuzzy name bridge; requires page/row inspection and lot/transaction evidence before continuity promotion.
CFAASBANC-0246,5835,168.2,WI......... Aqua AssetCo Alt Trust II Wausau,"47,368,686",65,2,part2,5829,CFAASBACP2-0160,,Aqua AssetCo Alt Trust II R Wausau Aqua Borrower Trust L Wausau,alt;aqua;assetco;trust;wausau,1.0000,0.8333,unique-high-coverage-name-candidate,Candidate-only fuzzy name bridge; requires page/row inspection and lot/transaction evidence before continuity promotion.
CFAASBANC-0247,5835,168.2,WI......... Aqua AssetCo Alt Trust II Wausau,"47,368,686",65,3,part1,5821,CFAASBACP-0282,03841S-AF-2,Aqua AssetCo Alt Trust II R,alt;aqua;assetco;trust,1.0000,0.8000,unique-high-coverage-name-candidate,Candidate-only fuzzy name bridge; requires page/row inspection and lot/transaction evidence before continuity promotion.
CFAASBANC-0248,5835,168.2,WI......... Aqua AssetCo Alt Trust II Wausau,"47,368,686",65,4,part2,5829,CFAASBACP2-0158,,"Apollo Asset-Backed Finance Lending Company, L.P. Wilmington Aqua AssetCo Alt Trust II Wausau",alt;aqua;assetco;trust;wausau,1.0000,0.5000,unique-high-coverage-name-candidate,Candidate-only fuzzy name bridge; requires page/row inspection and lot/transaction evidence before continuity promotion.
CFAASBANC-0249,5835,168.2,WI......... Aqua AssetCo Alt Trust II Wausau,"47,368,686",65,5,part2,5829,CFAASBACP2-0161,03844A-AF-8,Aqua Borrower Trust L Wausau Aqua Borrower Trust L R Wausau,aqua;trust;wausau,0.7500,0.5000,unique-high-coverage-name-candidate,Candidate-only fuzzy name bridge; requires page/row inspection and lot/transaction evidence before continuity promotion.
CFAASBANC-0250,5835,189.9,Wausau WI......... Aqua Borrower Trust L Wausau,"73,331,666",66,1,part2,5829,CFAASBACP2-0161,03844A-AF-8,Aqua Borrower Trust L Wausau Aqua Borrower Trust L R Wausau,aqua;borrower;trust;wausau,1.0000,1.0000,unique-high-coverage-name-candidate,Candidate-only fuzzy name bridge; requires page/row inspection and lot/transaction evidence before continuity promotion.
CFAASBANC-0251,5835,189.9,Wausau WI......... Aqua Borrower Trust L Wausau,"73,331,666",66,2,part1,5821,CFAASBACP-0283,03844A-AF-8,Aqua Borrower Trust L R,aqua;borrower;trust,1.0000,0.7500,unique-high-coverage-name-candidate,Candidate-only fuzzy name bridge; requires page/row inspection and lot/transaction evidence before continuity promotion.
CFAASBANC-0252,5835,189.9,Wausau WI......... Aqua Borrower Trust L Wausau,"73,331,666",66,3,part2,5829,CFAASBACP2-0160,,Aqua AssetCo Alt Trust II R Wausau Aqua Borrower Trust L Wausau,aqua;borrower;trust;wausau,1.0000,0.6667,unique-high-coverage-name-candidate,Candidate-only fuzzy name bridge; requires page/row inspection and lot/transaction evidence before continuity promotion.
CFAASBANC-0253,5835,189.9,Wausau WI......... Aqua Borrower Trust L Wausau,"73,331,666",66,4,part2,5829,CFAASBACP2-0162,00076M-AF-7,Aqua Borrower Trust L R Wausau BHG Forward Flow BHG Forward Flow Class R Fort,aqua;borrower;trust;wausau,1.0000,0.4444,unique-high-coverage-name-candidate,Candidate-only fuzzy name bridge; requires page/row inspection and lot/transaction evidence before continuity promotion.
CFAASBANC-0254,5835,189.9,Wausau WI......... Aqua Borrower Trust L Wausau,"73,331,666",66,5,part2,5829,CFAASBACP2-0159,03841S-AF-2,Aqua AssetCo Alt Trust II Wausau Aqua AssetCo Alt Trust II R Wausau,aqua;trust;wausau,0.7500,0.5000,unique-high-coverage-name-candidate,Candidate-only fuzzy name bridge; requires page/row inspection and lot/transaction evidence before continuity promotion.
CFAASBANC-0255,5835,228.6,"DE......... Bluewater Investment Holdings, LLC Wilmington","377,401",67,1,part1,5821,CFAASBACP-0287,,"Bluewater Investment Holdings, LLC",bluewater;holdings;investment,1.0000,1.0000,ambiguous-or-partial-name-candidate,Candidate-only fuzzy name bridge; requires page/row inspection and lot/transaction evidence before continuity promotion.
CFAASBANC-0256,5835,228.6,"DE......... Bluewater Investment Holdings, LLC Wilmington","377,401",67,2,part1,5821,CFAASBACP-0288,,"Bluewater Investment Holdings, LLC Bluewater Investment Holdings, LLC",bluewater;holdings;investment,1.0000,1.0000,ambiguous-or-partial-name-candidate,Candidate-only fuzzy name bridge; requires page/row inspection and lot/transaction evidence before continuity promotion.
CFAASBANC-0257,5835,245.7,.........AUS........ Turbin Finance Trust,"8,042,305",68,1,part1,5821,CFAASBACP-0289,,Turbin Finance Trust Turbin Finance Trust A1,finance;trust;turbin,1.0000,1.0000,ambiguous-or-partial-name-candidate,Candidate-only fuzzy name bridge; requires page/row inspection and lot/transaction evidence before continuity promotion.
CFAASBANC-0258,5835,245.7,.........AUS........ Turbin Finance Trust,"8,042,305",68,2,part1,5821,CFAASBACP-0290,Q0286*-AH-0,Turbin Finance Trust Turbin Finance Trust G1,finance;trust;turbin,1.0000,1.0000,ambiguous-or-partial-name-candidate,Candidate-only fuzzy name bridge; requires page/row inspection and lot/transaction evidence before continuity promotion.
CFAASBANC-0259,5835,245.7,.........AUS........ Turbin Finance Trust,"8,042,305",68,3,part1,5821,CFAASBACP-0291,,Turbin Finance Trust Turbin Finance Trust X-,finance;trust;turbin,1.0000,1.0000,ambiguous-or-partial-name-candidate,Candidate-only fuzzy name bridge; requires page/row inspection and lot/transaction evidence before continuity promotion.
CFAASBANC-0260,5835,245.7,.........AUS........ Turbin Finance Trust,"8,042,305",68,4,part1,5822,CFAASBACP-0295,Q7457#-AH-4,Turbin Finance Trust A1-X,finance;trust;turbin,1.0000,1.0000,ambiguous-or-partial-name-candidate,Candidate-only fuzzy name bridge; requires page/row inspection and lot/transaction evidence before continuity promotion.
CFAASBANC-0261,5835,245.7,.........AUS........ Turbin Finance Trust,"8,042,305",68,5,part1,5822,CFAASBACP-0296,Q7457#-AJ-0,Turbin Finance Trust B1-X,finance;trust;turbin,1.0000,1.0000,ambiguous-or-partial-name-candidate,Candidate-only fuzzy name bridge; requires page/row inspection and lot/transaction evidence before continuity promotion.
CFAASBANC-0262,5835,259.4,Turbin Finance Trust Turbin Finance .........AUS........ Trust A1,391,69,1,part1,5821,CFAASBACP-0289,,Turbin Finance Trust Turbin Finance Trust A1,finance;trust;turbin,1.0000,1.0000,ambiguous-or-partial-name-candidate,Candidate-only fuzzy name bridge; requires page/row inspection and lot/transaction evidence before continuity promotion.
CFAASBANC-0263,5835,259.4,Turbin Finance Trust Turbin Finance .........AUS........ Trust A1,391,69,2,part1,5821,CFAASBACP-0290,Q0286*-AH-0,Turbin Finance Trust Turbin Finance Trust G1,finance;trust;turbin,1.0000,1.0000,ambiguous-or-partial-name-candidate,Candidate-only fuzzy name bridge; requires page/row inspection and lot/transaction evidence before continuity promotion.
CFAASBANC-0264,5835,259.4,Turbin Finance Trust Turbin Finance .........AUS........ Trust A1,391,69,3,part1,5821,CFAASBACP-0291,,Turbin Finance Trust Turbin Finance Trust X-,finance;trust;turbin,1.0000,1.0000,ambiguous-or-partial-name-candidate,Candidate-only fuzzy name bridge; requires page/row inspection and lot/transaction evidence before continuity promotion.
CFAASBANC-0265,5835,259.4,Turbin Finance Trust Turbin Finance .........AUS........ Trust A1,391,69,4,part1,5822,CFAASBACP-0295,Q7457#-AH-4,Turbin Finance Trust A1-X,finance;trust;turbin,1.0000,1.0000,ambiguous-or-partial-name-candidate,Candidate-only fuzzy name bridge; requires page/row inspection and lot/transaction evidence before continuity promotion.
CFAASBANC-0266,5835,259.4,Turbin Finance Trust Turbin Finance .........AUS........ Trust A1,391,69,5,part1,5822,CFAASBACP-0296,Q7457#-AJ-0,Turbin Finance Trust B1-X,finance;trust;turbin,1.0000,1.0000,ambiguous-or-partial-name-candidate,Candidate-only fuzzy name bridge; requires page/row inspection and lot/transaction evidence before continuity promotion.
CFAASBANC-0267,5835,273.0,Turbin Finance Trust Turbin Finance .........AUS........ Trust X-,391,70,1,part1,5821,CFAASBACP-0289,,Turbin Finance Trust Turbin Finance Trust A1,finance;trust;turbin,1.0000,1.0000,ambiguous-or-partial-name-candidate,Candidate-only fuzzy name bridge; requires page/row inspection and lot/transaction evidence before continuity promotion.
CFAASBANC-0268,5835,273.0,Turbin Finance Trust Turbin Finance .........AUS........ Trust X-,391,70,2,part1,5821,CFAASBACP-0290,Q0286*-AH-0,Turbin Finance Trust Turbin Finance Trust G1,finance;trust;turbin,1.0000,1.0000,ambiguous-or-partial-name-candidate,Candidate-only fuzzy name bridge; requires page/row inspection and lot/transaction evidence before continuity promotion.
CFAASBANC-0269,5835,273.0,Turbin Finance Trust Turbin Finance .........AUS........ Trust X-,391,70,3,part1,5821,CFAASBACP-0291,,Turbin Finance Trust Turbin Finance Trust X-,finance;trust;turbin,1.0000,1.0000,ambiguous-or-partial-name-candidate,Candidate-only fuzzy name bridge; requires page/row inspection and lot/transaction evidence before continuity promotion.
CFAASBANC-0270,5835,273.0,Turbin Finance Trust Turbin Finance .........AUS........ Trust X-,391,70,4,part1,5822,CFAASBACP-0295,Q7457#-AH-4,Turbin Finance Trust A1-X,finance;trust;turbin,1.0000,1.0000,ambiguous-or-partial-name-candidate,Candidate-only fuzzy name bridge; requires page/row inspection and lot/transaction evidence before continuity promotion.
CFAASBANC-0271,5835,273.0,Turbin Finance Trust Turbin Finance .........AUS........ Trust X-,391,70,5,part1,5822,CFAASBACP-0296,Q7457#-AJ-0,Turbin Finance Trust B1-X,finance;trust;turbin,1.0000,1.0000,ambiguous-or-partial-name-candidate,Candidate-only fuzzy name bridge; requires page/row inspection and lot/transaction evidence before continuity promotion.
CFAASBANC-0272,5835,309.4,IRMT-DE1 DESIGNATED ACTIVITY C IRMT-DE1 SUB .........IRL........,"1,113,524",71,1,part1,5822,CFAASBACP-0292,,IRMT-DE1 DESIGNATED ACTIVITY C IRMT-DE1 SUB,activity;de1;designated;irmt;sub,1.0000,1.0000,ambiguous-or-partial-name-candidate,Candidate-only fuzzy name bridge; requires page/row inspection and lot/transaction evidence before continuity promotion.
CFAASBANC-0273,5835,309.4,IRMT-DE1 DESIGNATED ACTIVITY C IRMT-DE1 SUB .........IRL........,"1,113,524",71,2,part1,5822,CFAASBACP-0293,,IRMT-DE1 DESIGNATED ACTIVITY C IRMT-DE1 SUB,activity;de1;designated;irmt;sub,1.0000,1.0000,ambiguous-or-partial-name-candidate,Candidate-only fuzzy name bridge; requires page/row inspection and lot/transaction evidence before continuity promotion.
CFAASBANC-0274,5835,309.4,IRMT-DE1 DESIGNATED ACTIVITY C IRMT-DE1 SUB .........IRL........,"1,113,524",71,3,part1,5822,CFAASBACP-0294,,IRMT-DE1 DESIGNATED ACTIVITY C IRMT-DE1 SUB,activity;de1;designated;irmt;sub,1.0000,1.0000,ambiguous-or-partial-name-candidate,Candidate-only fuzzy name bridge; requires page/row inspection and lot/transaction evidence before continuity promotion.
CFAASBANC-0275,5835,309.4,IRMT-DE1 DESIGNATED ACTIVITY C IRMT-DE1 SUB .........IRL........,"1,113,524",71,4,part2,5829,CFAASBACP2-0167,,IRMT-DE1 DESIGNATED ACTIVITY C IRMT-DE1 SUB,activity;de1;designated;irmt;sub,1.0000,1.0000,ambiguous-or-partial-name-candidate,Candidate-only fuzzy name bridge; requires page/row inspection and lot/transaction evidence before continuity promotion.
CFAASBANC-0276,5835,309.4,IRMT-DE1 DESIGNATED ACTIVITY C IRMT-DE1 SUB .........IRL........,"1,113,524",71,5,part2,5829,CFAASBACP2-0168,,IRMT-DE1 DESIGNATED ACTIVITY C IRMT-DE1 SUB IRMT-DE1 DESIGNATED ACTIVITY C IRMT-DE1 SUB,activity;de1;designated;irmt;sub,1.0000,1.0000,ambiguous-or-partial-name-candidate,Candidate-only fuzzy name bridge; requires page/row inspection and lot/transaction evidence before continuity promotion.
CFAASBANC-0277,5835,323.1,IRMT-DE1 DESIGNATED ACTIVITY C IRMT-DE1 SUB .........IRL........,"867,196",72,1,part1,5822,CFAASBACP-0292,,IRMT-DE1 DESIGNATED ACTIVITY C IRMT-DE1 SUB,activity;de1;designated;irmt;sub,1.0000,1.0000,ambiguous-or-partial-name-candidate,Candidate-only fuzzy name bridge; requires page/row inspection and lot/transaction evidence before continuity promotion.
CFAASBANC-0278,5835,323.1,IRMT-DE1 DESIGNATED ACTIVITY C IRMT-DE1 SUB .........IRL........,"867,196",72,2,part1,5822,CFAASBACP-0293,,IRMT-DE1 DESIGNATED ACTIVITY C IRMT-DE1 SUB,activity;de1;designated;irmt;sub,1.0000,1.0000,ambiguous-or-partial-name-candidate,Candidate-only fuzzy name bridge; requires page/row inspection and lot/transaction evidence before continuity promotion.
CFAASBANC-0279,5835,323.1,IRMT-DE1 DESIGNATED ACTIVITY C IRMT-DE1 SUB .........IRL........,"867,196",72,3,part1,5822,CFAASBACP-0294,,IRMT-DE1 DESIGNATED ACTIVITY C IRMT-DE1 SUB,activity;de1;designated;irmt;sub,1.0000,1.0000,ambiguous-or-partial-name-candidate,Candidate-only fuzzy name bridge; requires page/row inspection and lot/transaction evidence before continuity promotion.
CFAASBANC-0280,5835,323.1,IRMT-DE1 DESIGNATED ACTIVITY C IRMT-DE1 SUB .........IRL........,"867,196",72,4,part2,5829,CFAASBACP2-0167,,IRMT-DE1 DESIGNATED ACTIVITY C IRMT-DE1 SUB,activity;de1;designated;irmt;sub,1.0000,1.0000,ambiguous-or-partial-name-candidate,Candidate-only fuzzy name bridge; requires page/row inspection and lot/transaction evidence before continuity promotion.
CFAASBANC-0281,5835,323.1,IRMT-DE1 DESIGNATED ACTIVITY C IRMT-DE1 SUB .........IRL........,"867,196",72,5,part2,5829,CFAASBACP2-0168,,IRMT-DE1 DESIGNATED ACTIVITY C IRMT-DE1 SUB IRMT-DE1 DESIGNATED ACTIVITY C IRMT-DE1 SUB,activity;de1;designated;irmt;sub,1.0000,1.0000,ambiguous-or-partial-name-candidate,Candidate-only fuzzy name bridge; requires page/row inspection and lot/transaction evidence before continuity promotion.
CFAASBANC-0282,5835,331.1,.........AUS........ Turbin Finance Trust,"3,975,944",73,1,part1,5821,CFAASBACP-0289,,Turbin Finance Trust Turbin Finance Trust A1,finance;trust;turbin,1.0000,1.0000,ambiguous-or-partial-name-candidate,Candidate-only fuzzy name bridge; requires page/row inspection and lot/transaction evidence before continuity promotion.
CFAASBANC-0283,5835,331.1,.........AUS........ Turbin Finance Trust,"3,975,944",73,2,part1,5821,CFAASBACP-0290,Q0286*-AH-0,Turbin Finance Trust Turbin Finance Trust G1,finance;trust;turbin,1.0000,1.0000,ambiguous-or-partial-name-candidate,Candidate-only fuzzy name bridge; requires page/row inspection and lot/transaction evidence before continuity promotion.
CFAASBANC-0284,5835,331.1,.........AUS........ Turbin Finance Trust,"3,975,944",73,3,part1,5821,CFAASBACP-0291,,Turbin Finance Trust Turbin Finance Trust X-,finance;trust;turbin,1.0000,1.0000,ambiguous-or-partial-name-candidate,Candidate-only fuzzy name bridge; requires page/row inspection and lot/transaction evidence before continuity promotion.
CFAASBANC-0285,5835,331.1,.........AUS........ Turbin Finance Trust,"3,975,944",73,4,part1,5822,CFAASBACP-0295,Q7457#-AH-4,Turbin Finance Trust A1-X,finance;trust;turbin,1.0000,1.0000,ambiguous-or-partial-name-candidate,Candidate-only fuzzy name bridge; requires page/row inspection and lot/transaction evidence before continuity promotion.
CFAASBANC-0286,5835,331.1,.........AUS........ Turbin Finance Trust,"3,975,944",73,5,part1,5822,CFAASBACP-0296,Q7457#-AJ-0,Turbin Finance Trust B1-X,finance;trust;turbin,1.0000,1.0000,ambiguous-or-partial-name-candidate,Candidate-only fuzzy name bridge; requires page/row inspection and lot/transaction evidence before continuity promotion.
CFAASBANC-0287,5835,361.8,MN......... Acoma II Royalties Saint Paul,238,74,1,part2,5829,CFAASBACP2-0178,,Acoma II Royalties Saint,acoma;royalties;saint,1.0000,0.7500,ambiguous-or-partial-name-candidate,Candidate-only fuzzy name bridge; requires page/row inspection and lot/transaction evidence before continuity promotion.
CFAASBANC-0288,5835,361.8,MN......... Acoma II Royalties Saint Paul,238,74,2,part2,5829,CFAASBACP2-0179,,Acoma II Royalties Saint Acoma Royalties Saint,acoma;royalties;saint,1.0000,0.7500,ambiguous-or-partial-name-candidate,Candidate-only fuzzy name bridge; requires page/row inspection and lot/transaction evidence before continuity promotion.
CFAASBANC-0289,5835,361.8,MN......... Acoma II Royalties Saint Paul,238,74,3,part2,5829,CFAASBACP2-0180,,Acoma Royalties Saint Conners Ferrari (Niobrara) Royalties Wilmington,acoma;royalties;saint,0.7500,0.4286,ambiguous-or-partial-name-candidate,Candidate-only fuzzy name bridge; requires page/row inspection and lot/transaction evidence before continuity promotion.
CFAASBANC-0290,5835,369.9,Acoma II Royalties Saint Paul MN......... Acoma Royalties Saint Paul,,75,1,part2,5829,CFAASBACP2-0178,,Acoma II Royalties Saint,acoma;royalties;saint,1.0000,0.7500,ambiguous-or-partial-name-candidate,Candidate-only fuzzy name bridge; requires page/row inspection and lot/transaction evidence before continuity promotion.
CFAASBANC-0291,5835,369.9,Acoma II Royalties Saint Paul MN......... Acoma Royalties Saint Paul,,75,2,part2,5829,CFAASBACP2-0179,,Acoma II Royalties Saint Acoma Royalties Saint,acoma;royalties;saint,1.0000,0.7500,ambiguous-or-partial-name-candidate,Candidate-only fuzzy name bridge; requires page/row inspection and lot/transaction evidence before continuity promotion.
CFAASBANC-0292,5835,369.9,Acoma II Royalties Saint Paul MN......... Acoma Royalties Saint Paul,,75,3,part2,5829,CFAASBACP2-0180,,Acoma Royalties Saint Conners Ferrari (Niobrara) Royalties Wilmington,acoma;royalties;saint,0.7500,0.4286,ambiguous-or-partial-name-candidate,Candidate-only fuzzy name bridge; requires page/row inspection and lot/transaction evidence before continuity promotion.
CFAASBANC-0293,5835,377.9,"Acoma Royalties Saint Paul TX......... Aven Gas & Oil, Inc. Royalties Hemphill","118,617",76,1,part2,5829,CFAASBACP2-0178,,Acoma II Royalties Saint,acoma;royalties;saint,1.0000,0.3750,ambiguous-or-partial-name-candidate,Candidate-only fuzzy name bridge; requires page/row inspection and lot/transaction evidence before continuity promotion.
CFAASBANC-0294,5835,377.9,"Acoma Royalties Saint Paul TX......... Aven Gas & Oil, Inc. Royalties Hemphill","118,617",76,2,part2,5829,CFAASBACP2-0179,,Acoma II Royalties Saint Acoma Royalties Saint,acoma;royalties;saint,1.0000,0.3750,ambiguous-or-partial-name-candidate,Candidate-only fuzzy name bridge; requires page/row inspection and lot/transaction evidence before continuity promotion.
CFAASBANC-0295,5835,377.9,"Acoma Royalties Saint Paul TX......... Aven Gas & Oil, Inc. Royalties Hemphill","118,617",76,3,part1,5823,CFAASBACP-0330,1BA08A-CQ-1,"AUDAX 2024-9A A1 Aven Gas & Oil, Inc. Royalties",aven;gas;oil;royalties,0.8000,0.4444,ambiguous-or-partial-name-candidate,Candidate-only fuzzy name bridge; requires page/row inspection and lot/transaction evidence before continuity promotion.
CFAASBANC-0296,5835,377.9,"Acoma Royalties Saint Paul TX......... Aven Gas & Oil, Inc. Royalties Hemphill","118,617",76,4,part1,5823,CFAASBACP-0331,06051G-GF-0,"Aven Gas & Oil, Inc. Royalties BAC MTN",aven;gas;oil;royalties,0.6667,0.4000,ambiguous-or-partial-name-candidate,Candidate-only fuzzy name bridge; requires page/row inspection and lot/transaction evidence before continuity promotion.
CFAASBANC-0297,5835,377.9,"Acoma Royalties Saint Paul TX......... Aven Gas & Oil, Inc. Royalties Hemphill","118,617",76,5,part2,5829,CFAASBACP2-0180,,Acoma Royalties Saint Conners Ferrari (Niobrara) Royalties Wilmington,acoma;royalties;saint,0.5000,0.2727,ambiguous-or-partial-name-candidate,Candidate-only fuzzy name bridge; requires page/row inspection and lot/transaction evidence before continuity promotion.
CFAASBANC-0298,5835,386.0,"Aven Gas & Oil, Inc. Royalties Hemphill DE......... Conners Ferrari (Niobrara) Royalties Wilmington",,77,1,part2,5829,CFAASBACP2-0181,,Conners Ferrari (Niobrara) Royalties Wilmington Ferrari Royalties Wilmington,conners;ferrari;niobrara;royalties,1.0000,0.5000,unique-high-coverage-name-candidate,Candidate-only fuzzy name bridge; requires page/row inspection and lot/transaction evidence before continuity promotion.
CFAASBANC-0299,5835,386.0,"Aven Gas & Oil, Inc. Royalties Hemphill DE......... Conners Ferrari (Niobrara) Royalties Wilmington",,77,2,part1,5823,CFAASBACP-0330,1BA08A-CQ-1,"AUDAX 2024-9A A1 Aven Gas & Oil, Inc. Royalties",aven;gas;oil;royalties,0.8000,0.4444,unique-high-coverage-name-candidate,Candidate-only fuzzy name bridge; requires page/row inspection and lot/transaction evidence before continuity promotion.
CFAASBANC-0300,5835,386.0,"Aven Gas & Oil, Inc. Royalties Hemphill DE......... Conners Ferrari (Niobrara) Royalties Wilmington",,77,3,part1,5823,CFAASBACP-0331,06051G-GF-0,"Aven Gas & Oil, Inc. Royalties BAC MTN",aven;gas;oil;royalties,0.6667,0.4000,unique-high-coverage-name-candidate,Candidate-only fuzzy name bridge; requires page/row inspection and lot/transaction evidence before continuity promotion.
CFAASBANC-0301,5835,386.0,"Aven Gas & Oil, Inc. Royalties Hemphill DE......... Conners Ferrari (Niobrara) Royalties Wilmington",,77,4,part2,5829,CFAASBACP2-0180,,Acoma Royalties Saint Conners Ferrari (Niobrara) Royalties Wilmington,conners;ferrari;niobrara;royalties,0.6667,0.4000,unique-high-coverage-name-candidate,Candidate-only fuzzy name bridge; requires page/row inspection and lot/transaction evidence before continuity promotion.
CFAASBANC-0302,5835,386.0,"Aven Gas & Oil, Inc. Royalties Hemphill DE......... Conners Ferrari (Niobrara) Royalties Wilmington",,77,5,part2,5829,CFAASBACP2-0182,,Ferrari Royalties Wilmington Viking Royalties Wilmington,ferrari;royalties,0.6667,0.2222,unique-high-coverage-name-candidate,Candidate-only fuzzy name bridge; requires page/row inspection and lot/transaction evidence before continuity promotion.
CFAASBANC-0303,5835,394.0,Conners Ferrari (Niobrara) Royalties Wilmington DE......... Ferrari Royalties Wilmington,(218),78,1,part2,5829,CFAASBACP2-0181,,Conners Ferrari (Niobrara) Royalties Wilmington Ferrari Royalties Wilmington,conners;ferrari;niobrara;royalties,1.0000,1.0000,unique-high-coverage-name-candidate,Candidate-only fuzzy name bridge; requires page/row inspection and lot/transaction evidence before continuity promotion.
CFAASBANC-0304,5835,394.0,Conners Ferrari (Niobrara) Royalties Wilmington DE......... Ferrari Royalties Wilmington,(218),78,2,part2,5829,CFAASBACP2-0180,,Acoma Royalties Saint Conners Ferrari (Niobrara) Royalties Wilmington,conners;ferrari;niobrara;royalties,1.0000,0.6667,unique-high-coverage-name-candidate,Candidate-only fuzzy name bridge; requires page/row inspection and lot/transaction evidence before continuity promotion.
CFAASBANC-0305,5835,394.0,Conners Ferrari (Niobrara) Royalties Wilmington DE......... Ferrari Royalties Wilmington,(218),78,3,part2,5829,CFAASBACP2-0182,,Ferrari Royalties Wilmington Viking Royalties Wilmington,ferrari;royalties,0.6667,0.4000,unique-high-coverage-name-candidate,Candidate-only fuzzy name bridge; requires page/row inspection and lot/transaction evidence before continuity promotion.
CFAASBANC-0306,5835,394.0,Conners Ferrari (Niobrara) Royalties Wilmington DE......... Ferrari Royalties Wilmington,(218),78,4,part2,5829,CFAASBACP2-0183,,Viking Royalties Wilmington Wolf Resources Royalties Hunter's Cove (Niobrara) Wilmington,niobrara;royalties,0.5000,0.2222,unique-high-coverage-name-candidate,Candidate-only fuzzy name bridge; requires page/row inspection and lot/transaction evidence before continuity promotion.
CFAASBANC-0307,5835,394.0,Conners Ferrari (Niobrara) Royalties Wilmington DE......... Ferrari Royalties Wilmington,(218),78,5,part2,5829,CFAASBACP2-0184,,Wolf Resources Royalties Hunter's Cove (Niobrara) Wilmington Wolf Resources Royalties Meadowvale & Gordon (Niobrara) Wilmington,niobrara;royalties,0.5000,0.2000,unique-high-coverage-name-candidate,Candidate-only fuzzy name bridge; requires page/row inspection and lot/transaction evidence before continuity promotion.
CFAASBANC-0308,5835,402.0,Ferrari Royalties Wilmington OK......... Highfill Royalties Alfafa,"75,200",79,1,part2,5829,CFAASBACP2-0182,,Ferrari Royalties Wilmington Viking Royalties Wilmington,ferrari;royalties,0.6667,0.4000,ambiguous-or-partial-name-candidate,Candidate-only fuzzy name bridge; requires page/row inspection and lot/transaction evidence before continuity promotion.
CFAASBANC-0309,5835,402.0,Ferrari Royalties Wilmington OK......... Highfill Royalties Alfafa,"75,200",79,2,part2,5829,CFAASBACP2-0181,,Conners Ferrari (Niobrara) Royalties Wilmington Ferrari Royalties Wilmington,ferrari;royalties,0.5000,0.3333,ambiguous-or-partial-name-candidate,Candidate-only fuzzy name bridge; requires page/row inspection and lot/transaction evidence before continuity promotion.
CFAASBANC-0310,5835,402.0,Ferrari Royalties Wilmington OK......... Highfill Royalties Alfafa,"75,200",79,3,part2,5829,CFAASBACP2-0180,,Acoma Royalties Saint Conners Ferrari (Niobrara) Royalties Wilmington,ferrari;royalties,0.5000,0.2500,ambiguous-or-partial-name-candidate,Candidate-only fuzzy name bridge; requires page/row inspection and lot/transaction evidence before continuity promotion.
CFAASBANC-0311,5835,415.7,Leann Sellers Grady County (Woodford- Scoop) OK......... Royalties Chickasha,"52,434",80,1,part1,5824,CFAASBACP-0388,1BAN0F-SW-P,Leann Sellers Grady County (Woodford- Scoop) Royalties,county;grady;leann;royalties;scoop;sellers;woodford,1.0000,0.8750,unique-high-coverage-name-candidate,Candidate-only fuzzy name bridge; requires page/row inspection and lot/transaction evidence before continuity promotion.
CFAASBANC-0312,5835,423.8,Royalties Chickasha TX......... Red Cloud Royalties Karnes,"366,279",81,1,part1,5824,CFAASBACP-0409,1BA06E-YZ-1,PM Red Cloud Royalties,cloud;red;royalties,1.0000,0.6000,unique-high-coverage-name-candidate,Candidate-only fuzzy name bridge; requires page/row inspection and lot/transaction evidence before continuity promotion.
CFAASBANC-0313,5835,423.8,Royalties Chickasha TX......... Red Cloud Royalties Karnes,"366,279",81,2,part1,5824,CFAASBACP-0410,758970-AA-5,Red Cloud Royalties REG27 2024-1A A1,cloud;red;royalties,0.7500,0.5000,unique-high-coverage-name-candidate,Candidate-only fuzzy name bridge; requires page/row inspection and lot/transaction evidence before continuity promotion.
CFAASBANC-0314,5835,431.8,Red Cloud Royalties Karnes DE......... Viking Royalties Wilmington,"(12,057)",82,1,part1,5824,CFAASBACP-0409,1BA06E-YZ-1,PM Red Cloud Royalties,cloud;red;royalties,1.0000,0.6000,unique-high-coverage-name-candidate,Candidate-only fuzzy name bridge; requires page/row inspection and lot/transaction evidence before continuity promotion.
CFAASBANC-0315,5835,431.8,Red Cloud Royalties Karnes DE......... Viking Royalties Wilmington,"(12,057)",82,2,part1,5824,CFAASBACP-0410,758970-AA-5,Red Cloud Royalties REG27 2024-1A A1,cloud;red;royalties,0.7500,0.5000,unique-high-coverage-name-candidate,Candidate-only fuzzy name bridge; requires page/row inspection and lot/transaction evidence before continuity promotion.
CFAASBANC-0316,5835,431.8,Red Cloud Royalties Karnes DE......... Viking Royalties Wilmington,"(12,057)",82,3,part2,5829,CFAASBACP2-0182,,Ferrari Royalties Wilmington Viking Royalties Wilmington,royalties;viking,0.6667,0.3333,unique-high-coverage-name-candidate,Candidate-only fuzzy name bridge; requires page/row inspection and lot/transaction evidence before continuity promotion.
CFAASBANC-0317,5835,431.8,Red Cloud Royalties Karnes DE......... Viking Royalties Wilmington,"(12,057)",82,4,part2,5829,CFAASBACP2-0183,,Viking Royalties Wilmington Wolf Resources Royalties Hunter's Cove (Niobrara) Wilmington,royalties;viking,0.4000,0.2000,unique-high-coverage-name-candidate,Candidate-only fuzzy name bridge; requires page/row inspection and lot/transaction evidence before continuity promotion.
CFAASBANC-0318,5835,445.5,Wolf Resources Royalties Hunter's Cove DE......... Wilmington (Niobrara),615,83,1,part2,5829,CFAASBACP2-0183,,Viking Royalties Wilmington Wolf Resources Royalties Hunter's Cove (Niobrara) Wilmington,cove;hunter;niobrara;resources;royalties;wolf,1.0000,0.8571,unique-high-coverage-name-candidate,Candidate-only fuzzy name bridge; requires page/row inspection and lot/transaction evidence before continuity promotion.
CFAASBANC-0319,5835,445.5,Wolf Resources Royalties Hunter's Cove DE......... Wilmington (Niobrara),615,83,2,part2,5829,CFAASBACP2-0184,,Wolf Resources Royalties Hunter's Cove (Niobrara) Wilmington Wolf Resources Royalties Meadowvale & Gordon (Niobrara) Wilmington,cove;hunter;niobrara;resources;royalties;wolf,1.0000,0.7500,unique-high-coverage-name-candidate,Candidate-only fuzzy name bridge; requires page/row inspection and lot/transaction evidence before continuity promotion.
CFAASBANC-0320,5835,445.5,Wolf Resources Royalties Hunter's Cove DE......... Wilmington (Niobrara),615,83,3,part2,5829,CFAASBACP2-0181,,Conners Ferrari (Niobrara) Royalties Wilmington Ferrari Royalties Wilmington,niobrara;royalties,0.5000,0.2500,unique-high-coverage-name-candidate,Candidate-only fuzzy name bridge; requires page/row inspection and lot/transaction evidence before continuity promotion.
CFAASBANC-0321,5835,445.5,Wolf Resources Royalties Hunter's Cove DE......... Wilmington (Niobrara),615,83,4,part2,5829,CFAASBACP2-0180,,Acoma Royalties Saint Conners Ferrari (Niobrara) Royalties Wilmington,niobrara;royalties,0.3333,0.2000,unique-high-coverage-name-candidate,Candidate-only fuzzy name bridge; requires page/row inspection and lot/transaction evidence before continuity promotion.
CFAASBANC-0322,5835,459.2,Wolf Resources Royalties Meadowvale & DE......... Gordon (Niobrara) Wilmington,,84,1,part2,5829,CFAASBACP2-0184,,Wolf Resources Royalties Hunter's Cove (Niobrara) Wilmington Wolf Resources Royalties Meadowvale & Gordon (Niobrara) Wilmington,gordon;meadowvale;niobrara;resources;royalties;wolf,1.0000,0.7500,unique-high-coverage-name-candidate,Candidate-only fuzzy name bridge; requires page/row inspection and lot/transaction evidence before continuity promotion.
CFAASBANC-0323,5835,459.2,Wolf Resources Royalties Meadowvale & DE......... Gordon (Niobrara) Wilmington,,84,2,part2,5829,CFAASBACP2-0183,,Viking Royalties Wilmington Wolf Resources Royalties Hunter's Cove (Niobrara) Wilmington,niobrara;resources;royalties;wolf,0.6667,0.4444,unique-high-coverage-name-candidate,Candidate-only fuzzy name bridge; requires page/row inspection and lot/transaction evidence before continuity promotion.
CFAASBANC-0324,5835,459.2,Wolf Resources Royalties Meadowvale & DE......... Gordon (Niobrara) Wilmington,,84,3,part2,5829,CFAASBACP2-0181,,Conners Ferrari (Niobrara) Royalties Wilmington Ferrari Royalties Wilmington,niobrara;royalties,0.5000,0.2500,unique-high-coverage-name-candidate,Candidate-only fuzzy name bridge; requires page/row inspection and lot/transaction evidence before continuity promotion.
CFAASBANC-0325,5835,459.2,Wolf Resources Royalties Meadowvale & DE......... Gordon (Niobrara) Wilmington,,84,4,part2,5829,CFAASBACP2-0180,,Acoma Royalties Saint Conners Ferrari (Niobrara) Royalties Wilmington,niobrara;royalties,0.3333,0.2000,unique-high-coverage-name-candidate,Candidate-only fuzzy name bridge; requires page/row inspection and lot/transaction evidence before continuity promotion.
