ledger_id,source_page,derivative_identifier,derivative_description,derivative_instrument_type,cash_instrument_cusip,cash_instrument_description,derivative_notional_candidates,derivative_book_value_candidates,derivative_fair_value_candidates,cash_instrument_book_value_candidates,cash_instrument_fair_value_candidates,row_mapping_status,what_is_proven,boundary,next_proof
CFAASDBPC-0001,465,07387UA@0,Synthetic 10 year ABS Resecuritization Bond,Credit Default Swap,912810-TC-2,US TREASURY N/B,"2,000,000","2,901,300","2,000,987","2,901,300","2,076,105",source-row-visible-component-columns-resolved,Schedule DB Part C names a derivative/synthetic-asset row and its cash-instrument CUSIP/description in the statutory source.,"Source-row identity and candidate columns are not settlement, counterparty remittance, hedge cost, liability allocation, borrower receipt, or Apollo owner cash.","Verify row coordinates and numeric columns, then match Schedule DB verification, custody/counterparty, cash settlement, hedged liability block, and related income."
CFAASDBPC-0002,465,07387UA*2,Synthetic 10 year ABS Resecuritization Bond,Credit Default Swap,912810-TC-2,US TREASURY N/B,"3,000,000","4,351,950","3,001,481","4,351,950","3,114,158",source-row-visible-component-columns-resolved,Schedule DB Part C names a derivative/synthetic-asset row and its cash-instrument CUSIP/description in the statutory source.,"Source-row identity and candidate columns are not settlement, counterparty remittance, hedge cost, liability allocation, borrower receipt, or Apollo owner cash.","Verify row coordinates and numeric columns, then match Schedule DB verification, custody/counterparty, cash settlement, hedged liability block, and related income."
CFAASDBPC-0003,465,07387UA#8,Synthetic 10 year ABS Resecuritization Bond,Credit Default Swap,037411-AW-5,Apache Corp Sr. Unsecured,"5,000,000","5,054,370","4,149,327","5,054,370","4,337,121",source-row-visible-component-columns-resolved,Schedule DB Part C names a derivative/synthetic-asset row and its cash-instrument CUSIP/description in the statutory source.,"Source-row identity and candidate columns are not settlement, counterparty remittance, hedge cost, liability allocation, borrower receipt, or Apollo owner cash.","Verify row coordinates and numeric columns, then match Schedule DB verification, custody/counterparty, cash settlement, hedged liability block, and related income."
CFAASDBPC-0004,465,04687#AA6,Structured Credit Callable Fixed Bond Replication,Interest Rate Swap,00037Q-AU-3,ABBSL 2021-3A D1R,,"7,396,419","7,773,488","7,396,419","7,773,488",source-row-visible-component-columns-resolved,Schedule DB Part C names a derivative/synthetic-asset row and its cash-instrument CUSIP/description in the statutory source.,"Source-row identity and candidate columns are not settlement, counterparty remittance, hedge cost, liability allocation, borrower receipt, or Apollo owner cash.","Verify row coordinates and numeric columns, then match Schedule DB verification, custody/counterparty, cash settlement, hedged liability block, and related income."
CFAASDBPC-0005,465,04687#AA6,Structured Credit Callable Fixed Bond Replication,Interest Rate Swap,00111W-AC-9,ABPCI 2024-18A B,"17,600,000","17,513,109",,"17,513,109",,source-row-visible-column-sparse,Schedule DB Part C names a derivative/synthetic-asset row and its cash-instrument CUSIP/description in the statutory source.,"Source-row identity and candidate columns are not settlement, counterparty remittance, hedge cost, liability allocation, borrower receipt, or Apollo owner cash.","Verify row coordinates and numeric columns, then match Schedule DB verification, custody/counterparty, cash settlement, hedged liability block, and related income."
CFAASDBPC-0006,465,04687#AA6,Structured Credit Callable Fixed Bond Replication,Interest Rate Swap,00118X-AY-2,AGL 2022-22A CR,"985,781","999,966",,"999,966",,source-row-visible-column-sparse,Schedule DB Part C names a derivative/synthetic-asset row and its cash-instrument CUSIP/description in the statutory source.,"Source-row identity and candidate columns are not settlement, counterparty remittance, hedge cost, liability allocation, borrower receipt, or Apollo owner cash.","Verify row coordinates and numeric columns, then match Schedule DB verification, custody/counterparty, cash settlement, hedged liability block, and related income."
CFAASDBPC-0007,465,04687#AA6,Structured Credit Callable Fixed Bond Replication,Interest Rate Swap,00120D-AQ-9,AGL 2022-17A DR,,"6,375,000","6,310,791","6,375,000","6,310,791",source-row-visible-component-columns-resolved,Schedule DB Part C names a derivative/synthetic-asset row and its cash-instrument CUSIP/description in the statutory source.,"Source-row identity and candidate columns are not settlement, counterparty remittance, hedge cost, liability allocation, borrower receipt, or Apollo owner cash.","Verify row coordinates and numeric columns, then match Schedule DB verification, custody/counterparty, cash settlement, hedged liability block, and related income."
CFAASDBPC-0008,465,04687#AA6,Structured Credit Callable Fixed Bond Replication,Interest Rate Swap,00121M-AJ-4,AGL 2024-37A D1,,"8,867,593|8,787,830",,"8,867,593|8,787,830",,source-row-visible-column-ambiguous,Schedule DB Part C names a derivative/synthetic-asset row and its cash-instrument CUSIP/description in the statutory source.,"Source-row identity and candidate columns are not settlement, counterparty remittance, hedge cost, liability allocation, borrower receipt, or Apollo owner cash.","Verify row coordinates and numeric columns, then match Schedule DB verification, custody/counterparty, cash settlement, hedged liability block, and related income."
CFAASDBPC-0009,465,04687#AA6,Structured Credit Callable Fixed Bond Replication,Interest Rate Swap,00177L-AN-0,AMMC 2021-24A CR,"9,000,000",,"8,978,211",,"8,978,211",source-row-visible-column-sparse,Schedule DB Part C names a derivative/synthetic-asset row and its cash-instrument CUSIP/description in the statutory source.,"Source-row identity and candidate columns are not settlement, counterparty remittance, hedge cost, liability allocation, borrower receipt, or Apollo owner cash.","Verify row coordinates and numeric columns, then match Schedule DB verification, custody/counterparty, cash settlement, hedged liability block, and related income."
CFAASDBPC-0010,465,04687#AA6,Structured Credit Callable Fixed Bond Replication,Interest Rate Swap,00177L-AQ-3,AMMC 2021-24A DR,"8,800,000",,"8,786,589",,"8,786,589",source-row-visible-column-sparse,Schedule DB Part C names a derivative/synthetic-asset row and its cash-instrument CUSIP/description in the statutory source.,"Source-row identity and candidate columns are not settlement, counterparty remittance, hedge cost, liability allocation, borrower receipt, or Apollo owner cash.","Verify row coordinates and numeric columns, then match Schedule DB verification, custody/counterparty, cash settlement, hedged liability block, and related income."
CFAASDBPC-0011,465,04687#AA6,Structured Credit Callable Fixed Bond Replication,Interest Rate Swap,00851W-AQ-2,AGL 2021-14A CR,"11,250,000","11,223,056",,"11,223,056",,source-row-visible-column-sparse,Schedule DB Part C names a derivative/synthetic-asset row and its cash-instrument CUSIP/description in the statutory source.,"Source-row identity and candidate columns are not settlement, counterparty remittance, hedge cost, liability allocation, borrower receipt, or Apollo owner cash.","Verify row coordinates and numeric columns, then match Schedule DB verification, custody/counterparty, cash settlement, hedged liability block, and related income."
CFAASDBPC-0012,465,04687#AA6,Structured Credit Callable Fixed Bond Replication,Interest Rate Swap,00851W-AS-8,AGL 2021-14A DR,"13,000,000","12,903,332",,"12,903,332",,source-row-visible-column-sparse,Schedule DB Part C names a derivative/synthetic-asset row and its cash-instrument CUSIP/description in the statutory source.,"Source-row identity and candidate columns are not settlement, counterparty remittance, hedge cost, liability allocation, borrower receipt, or Apollo owner cash.","Verify row coordinates and numeric columns, then match Schedule DB verification, custody/counterparty, cash settlement, hedged liability block, and related income."
CFAASDBPC-0013,465,04687#AA6,Structured Credit Callable Fixed Bond Replication,Interest Rate Swap,03665J-AU-2,ANTR 2017-1A CRR,"94,000,000","92,968,914",,"92,968,914",,source-row-visible-column-sparse,Schedule DB Part C names a derivative/synthetic-asset row and its cash-instrument CUSIP/description in the statutory source.,"Source-row identity and candidate columns are not settlement, counterparty remittance, hedge cost, liability allocation, borrower receipt, or Apollo owner cash.","Verify row coordinates and numeric columns, then match Schedule DB verification, custody/counterparty, cash settlement, hedged liability block, and related income."
CFAASDBPC-0014,465,04687#AA6,Structured Credit Callable Fixed Bond Replication,Interest Rate Swap,03665J-AW-8,ANTR 2017-1A DRR,"75,000,000","74,380,800",,"74,380,800",,source-row-visible-column-sparse,Schedule DB Part C names a derivative/synthetic-asset row and its cash-instrument CUSIP/description in the statutory source.,"Source-row identity and candidate columns are not settlement, counterparty remittance, hedge cost, liability allocation, borrower receipt, or Apollo owner cash.","Verify row coordinates and numeric columns, then match Schedule DB verification, custody/counterparty, cash settlement, hedged liability block, and related income."
CFAASDBPC-0015,465,04687#AA6,Structured Credit Callable Fixed Bond Replication,Interest Rate Swap,03990H-AE-8,Ares Loan Funding IX - Tranche,"15,000,000","14,933,610",,"14,933,610",,source-row-visible-column-sparse,Schedule DB Part C names a derivative/synthetic-asset row and its cash-instrument CUSIP/description in the statutory source.,"Source-row identity and candidate columns are not settlement, counterparty remittance, hedge cost, liability allocation, borrower receipt, or Apollo owner cash.","Verify row coordinates and numeric columns, then match Schedule DB verification, custody/counterparty, cash settlement, hedged liability block, and related income."
CFAASDBPC-0016,465,04687#AA6,Structured Credit Callable Fixed Bond Replication,Interest Rate Swap,03990H-AG-3,Ares Loan Funding IX - Tranche,"17,400,000","17,342,023",,"17,342,023",,source-row-visible-column-sparse,Schedule DB Part C names a derivative/synthetic-asset row and its cash-instrument CUSIP/description in the statutory source.,"Source-row identity and candidate columns are not settlement, counterparty remittance, hedge cost, liability allocation, borrower receipt, or Apollo owner cash.","Verify row coordinates and numeric columns, then match Schedule DB verification, custody/counterparty, cash settlement, hedged liability block, and related income."
CFAASDBPC-0017,465,04687#AA6,Structured Credit Callable Fixed Bond Replication,Interest Rate Swap,03990H-AJ-7,Ares Loan Funding IX - Tranche,"15,000,000","14,999,505",,"14,999,505",,source-row-visible-column-sparse,Schedule DB Part C names a derivative/synthetic-asset row and its cash-instrument CUSIP/description in the statutory source.,"Source-row identity and candidate columns are not settlement, counterparty remittance, hedge cost, liability allocation, borrower receipt, or Apollo owner cash.","Verify row coordinates and numeric columns, then match Schedule DB verification, custody/counterparty, cash settlement, hedged liability block, and related income."
CFAASDBPC-0018,465,04687#AA6,Structured Credit Callable Fixed Bond Replication,Interest Rate Swap,054978-AS-0,BBAM 2022-1A D1R,,"2,460,632","2,571,962","2,460,632","2,571,962",source-row-visible-component-columns-resolved,Schedule DB Part C names a derivative/synthetic-asset row and its cash-instrument CUSIP/description in the statutory source.,"Source-row identity and candidate columns are not settlement, counterparty remittance, hedge cost, liability allocation, borrower receipt, or Apollo owner cash.","Verify row coordinates and numeric columns, then match Schedule DB verification, custody/counterparty, cash settlement, hedged liability block, and related income."
CFAASDBPC-0019,465,04687#AA6,Structured Credit Callable Fixed Bond Replication,Interest Rate Swap,05555G-AE-2,BCMM 2024-1A C,"11,500,000","11,554,717",,"11,554,717",,source-row-visible-column-sparse,Schedule DB Part C names a derivative/synthetic-asset row and its cash-instrument CUSIP/description in the statutory source.,"Source-row identity and candidate columns are not settlement, counterparty remittance, hedge cost, liability allocation, borrower receipt, or Apollo owner cash.","Verify row coordinates and numeric columns, then match Schedule DB verification, custody/counterparty, cash settlement, hedged liability block, and related income."
CFAASDBPC-0020,465,04687#AA6,Structured Credit Callable Fixed Bond Replication,Interest Rate Swap,05766G-AJ-6,BOBA 2021-2A D,,"2,002,898","1,986,342","2,002,898","1,986,342",source-row-visible-component-columns-resolved,Schedule DB Part C names a derivative/synthetic-asset row and its cash-instrument CUSIP/description in the statutory source.,"Source-row identity and candidate columns are not settlement, counterparty remittance, hedge cost, liability allocation, borrower receipt, or Apollo owner cash.","Verify row coordinates and numeric columns, then match Schedule DB verification, custody/counterparty, cash settlement, hedged liability block, and related income."
CFAASDBPC-0021,465,04687#AA6,Structured Credit Callable Fixed Bond Replication,Interest Rate Swap,107921-AJ-7,BRDGS 2025-1A D1A,,"1,453,158","1,500,926","1,453,158","1,500,926",source-row-visible-component-columns-resolved,Schedule DB Part C names a derivative/synthetic-asset row and its cash-instrument CUSIP/description in the statutory source.,"Source-row identity and candidate columns are not settlement, counterparty remittance, hedge cost, liability allocation, borrower receipt, or Apollo owner cash.","Verify row coordinates and numeric columns, then match Schedule DB verification, custody/counterparty, cash settlement, hedged liability block, and related income."
CFAASDBPC-0022,465,04687#AA6,Structured Credit Callable Fixed Bond Replication,Interest Rate Swap,13876N-BA-0,CANYC 2020-2A CR2,"10,760,591","10,774,577",,"10,774,577",,source-row-visible-column-sparse,Schedule DB Part C names a derivative/synthetic-asset row and its cash-instrument CUSIP/description in the statutory source.,"Source-row identity and candidate columns are not settlement, counterparty remittance, hedge cost, liability allocation, borrower receipt, or Apollo owner cash.","Verify row coordinates and numeric columns, then match Schedule DB verification, custody/counterparty, cash settlement, hedged liability block, and related income."
CFAASDBPC-0023,465,04687#AA6,Structured Credit Callable Fixed Bond Replication,Interest Rate Swap,13876N-BC-6,CANYC 2020-2A DR2,"14,400,000","14,274,490",,"14,274,490",,source-row-visible-column-sparse,Schedule DB Part C names a derivative/synthetic-asset row and its cash-instrument CUSIP/description in the statutory source.,"Source-row identity and candidate columns are not settlement, counterparty remittance, hedge cost, liability allocation, borrower receipt, or Apollo owner cash.","Verify row coordinates and numeric columns, then match Schedule DB verification, custody/counterparty, cash settlement, hedged liability block, and related income."
CFAASDBPC-0024,465,04687#AA6,Structured Credit Callable Fixed Bond Replication,Interest Rate Swap,13877L-AY-2,CANYC 2022-2A CR,"11,400,000","11,361,924",,"11,361,924",,source-row-visible-column-sparse,Schedule DB Part C names a derivative/synthetic-asset row and its cash-instrument CUSIP/description in the statutory source.,"Source-row identity and candidate columns are not settlement, counterparty remittance, hedge cost, liability allocation, borrower receipt, or Apollo owner cash.","Verify row coordinates and numeric columns, then match Schedule DB verification, custody/counterparty, cash settlement, hedged liability block, and related income."
CFAASDBPC-0025,465,04687#AA6,Structured Credit Callable Fixed Bond Replication,Interest Rate Swap,13877L-BA-3,CANYC 2022-2A D1R,"8,100,000",,"8,072,663",,"8,072,663",source-row-visible-column-sparse,Schedule DB Part C names a derivative/synthetic-asset row and its cash-instrument CUSIP/description in the statutory source.,"Source-row identity and candidate columns are not settlement, counterparty remittance, hedge cost, liability allocation, borrower receipt, or Apollo owner cash.","Verify row coordinates and numeric columns, then match Schedule DB verification, custody/counterparty, cash settlement, hedged liability block, and related income."
CFAASDBPC-0026,465,04687#AA6,Structured Credit Callable Fixed Bond Replication,Interest Rate Swap,142915-AG-2,CGMS 2024-8A C,"13,645,000","13,600,858",,"13,600,858",,source-row-visible-column-sparse,Schedule DB Part C names a derivative/synthetic-asset row and its cash-instrument CUSIP/description in the statutory source.,"Source-row identity and candidate columns are not settlement, counterparty remittance, hedge cost, liability allocation, borrower receipt, or Apollo owner cash.","Verify row coordinates and numeric columns, then match Schedule DB verification, custody/counterparty, cash settlement, hedged liability block, and related income."
CFAASDBPC-0027,465,04687#AA6,Structured Credit Callable Fixed Bond Replication,Interest Rate Swap,142915-AJ-6,CGMS 2024-8A D1,"14,700,000","14,699,192",,"14,699,192",,source-row-visible-column-sparse,Schedule DB Part C names a derivative/synthetic-asset row and its cash-instrument CUSIP/description in the statutory source.,"Source-row identity and candidate columns are not settlement, counterparty remittance, hedge cost, liability allocation, borrower receipt, or Apollo owner cash.","Verify row coordinates and numeric columns, then match Schedule DB verification, custody/counterparty, cash settlement, hedged liability block, and related income."
CFAASDBPC-0028,465,04687#AA6,Structured Credit Callable Fixed Bond Replication,Interest Rate Swap,17181N-AL-8,CIFC 2018-1A D1R,"13,050,000","13,117,873",,"13,117,873",,source-row-visible-column-sparse,Schedule DB Part C names a derivative/synthetic-asset row and its cash-instrument CUSIP/description in the statutory source.,"Source-row identity and candidate columns are not settlement, counterparty remittance, hedge cost, liability allocation, borrower receipt, or Apollo owner cash.","Verify row coordinates and numeric columns, then match Schedule DB verification, custody/counterparty, cash settlement, hedged liability block, and related income."
CFAASDBPC-0029,465,04687#AA6,Structured Credit Callable Fixed Bond Replication,Interest Rate Swap,25255J-AQ-0,DCLO 2022-3A BR,"18,200,000","18,141,978",,"18,141,978",,source-row-visible-column-sparse,Schedule DB Part C names a derivative/synthetic-asset row and its cash-instrument CUSIP/description in the statutory source.,"Source-row identity and candidate columns are not settlement, counterparty remittance, hedge cost, liability allocation, borrower receipt, or Apollo owner cash.","Verify row coordinates and numeric columns, then match Schedule DB verification, custody/counterparty, cash settlement, hedged liability block, and related income."
CFAASDBPC-0030,466,04687#AA6,Structured Credit Callable Fixed Bond Replication,Interest Rate Swap,25255J-AS-6,DCLO 2022-3A CR,"16,800,000","16,756,186",,"16,756,186",,source-row-visible-column-sparse,Schedule DB Part C names a derivative/synthetic-asset row and its cash-instrument CUSIP/description in the statutory source.,"Source-row identity and candidate columns are not settlement, counterparty remittance, hedge cost, liability allocation, borrower receipt, or Apollo owner cash.","Verify row coordinates and numeric columns, then match Schedule DB verification, custody/counterparty, cash settlement, hedged liability block, and related income."
CFAASDBPC-0031,466,04687#AA6,Structured Credit Callable Fixed Bond Replication,Interest Rate Swap,26253H-AJ-0,DRSLF 2025-123A D1,,"1,736,969","1,751,104","1,736,969","1,751,104",source-row-visible-component-columns-resolved,Schedule DB Part C names a derivative/synthetic-asset row and its cash-instrument CUSIP/description in the statutory source.,"Source-row identity and candidate columns are not settlement, counterparty remittance, hedge cost, liability allocation, borrower receipt, or Apollo owner cash.","Verify row coordinates and numeric columns, then match Schedule DB verification, custody/counterparty, cash settlement, hedged liability block, and related income."
CFAASDBPC-0032,466,04687#AA6,Structured Credit Callable Fixed Bond Replication,Interest Rate Swap,26253V-AG-5,DRSLF 2024-121A C,,"1,994,490","2,001,242","1,994,490","2,001,242",source-row-visible-component-columns-resolved,Schedule DB Part C names a derivative/synthetic-asset row and its cash-instrument CUSIP/description in the statutory source.,"Source-row identity and candidate columns are not settlement, counterparty remittance, hedge cost, liability allocation, borrower receipt, or Apollo owner cash.","Verify row coordinates and numeric columns, then match Schedule DB verification, custody/counterparty, cash settlement, hedged liability block, and related income."
CFAASDBPC-0033,466,04687#AA6,Structured Credit Callable Fixed Bond Replication,Interest Rate Swap,29003W-AU-9,ELM14 2022-1A DR,"8,207,000",,"8,206,614",,"8,206,614",source-row-visible-column-sparse,Schedule DB Part C names a derivative/synthetic-asset row and its cash-instrument CUSIP/description in the statutory source.,"Source-row identity and candidate columns are not settlement, counterparty remittance, hedge cost, liability allocation, borrower receipt, or Apollo owner cash.","Verify row coordinates and numeric columns, then match Schedule DB verification, custody/counterparty, cash settlement, hedged liability block, and related income."
CFAASDBPC-0034,466,04687#AA6,Structured Credit Callable Fixed Bond Replication,Interest Rate Swap,29247B-AS-6,EMPWR 2023-2A CR,,"3,850,000","3,836,625","3,850,000","3,836,625",source-row-visible-component-columns-resolved,Schedule DB Part C names a derivative/synthetic-asset row and its cash-instrument CUSIP/description in the statutory source.,"Source-row identity and candidate columns are not settlement, counterparty remittance, hedge cost, liability allocation, borrower receipt, or Apollo owner cash.","Verify row coordinates and numeric columns, then match Schedule DB verification, custody/counterparty, cash settlement, hedged liability block, and related income."
CFAASDBPC-0035,466,04687#AA6,Structured Credit Callable Fixed Bond Replication,Interest Rate Swap,34966V-AJ-1,FCBSL 2024-4A D1,"14,700,000","14,699,324",,"14,699,324",,source-row-visible-column-sparse,Schedule DB Part C names a derivative/synthetic-asset row and its cash-instrument CUSIP/description in the statutory source.,"Source-row identity and candidate columns are not settlement, counterparty remittance, hedge cost, liability allocation, borrower receipt, or Apollo owner cash.","Verify row coordinates and numeric columns, then match Schedule DB verification, custody/counterparty, cash settlement, hedged liability block, and related income."
CFAASDBPC-0036,466,04687#AA6,Structured Credit Callable Fixed Bond Replication,Interest Rate Swap,38177Y-AQ-5,GCBSL 2021-53A CR,"5,800,000",,"5,794,757",,"5,794,757",source-row-visible-column-sparse,Schedule DB Part C names a derivative/synthetic-asset row and its cash-instrument CUSIP/description in the statutory source.,"Source-row identity and candidate columns are not settlement, counterparty remittance, hedge cost, liability allocation, borrower receipt, or Apollo owner cash.","Verify row coordinates and numeric columns, then match Schedule DB verification, custody/counterparty, cash settlement, hedged liability block, and related income."
CFAASDBPC-0037,466,04687#AA6,Structured Credit Callable Fixed Bond Replication,Interest Rate Swap,381936-AC-7,GOCAP 2021-59A A2R,,"105,000,000|103,374,075",,"105,000,000|103,374,075",,source-row-visible-column-ambiguous,Schedule DB Part C names a derivative/synthetic-asset row and its cash-instrument CUSIP/description in the statutory source.,"Source-row identity and candidate columns are not settlement, counterparty remittance, hedge cost, liability allocation, borrower receipt, or Apollo owner cash.","Verify row coordinates and numeric columns, then match Schedule DB verification, custody/counterparty, cash settlement, hedged liability block, and related income."
CFAASDBPC-0038,466,04687#AA6,Structured Credit Callable Fixed Bond Replication,Interest Rate Swap,381936-AE-3,GOCAP 2021-59A BR,,"106,500,000|105,330,098",,"106,500,000|105,330,098",,source-row-visible-column-ambiguous,Schedule DB Part C names a derivative/synthetic-asset row and its cash-instrument CUSIP/description in the statutory source.,"Source-row identity and candidate columns are not settlement, counterparty remittance, hedge cost, liability allocation, borrower receipt, or Apollo owner cash.","Verify row coordinates and numeric columns, then match Schedule DB verification, custody/counterparty, cash settlement, hedged liability block, and related income."
CFAASDBPC-0039,466,04687#AA6,Structured Credit Callable Fixed Bond Replication,Interest Rate Swap,381936-AG-8,GOCAP 2021-59A CR,"77,500,000","76,618,205",,"76,618,205",,source-row-visible-column-sparse,Schedule DB Part C names a derivative/synthetic-asset row and its cash-instrument CUSIP/description in the statutory source.,"Source-row identity and candidate columns are not settlement, counterparty remittance, hedge cost, liability allocation, borrower receipt, or Apollo owner cash.","Verify row coordinates and numeric columns, then match Schedule DB verification, custody/counterparty, cash settlement, hedged liability block, and related income."
CFAASDBPC-0040,466,04687#AA6,Structured Credit Callable Fixed Bond Replication,Interest Rate Swap,381936-AJ-2,GOCAP 2021-59A DR,"23,500,000","23,404,567",,"23,404,567",,source-row-visible-column-sparse,Schedule DB Part C names a derivative/synthetic-asset row and its cash-instrument CUSIP/description in the statutory source.,"Source-row identity and candidate columns are not settlement, counterparty remittance, hedge cost, liability allocation, borrower receipt, or Apollo owner cash.","Verify row coordinates and numeric columns, then match Schedule DB verification, custody/counterparty, cash settlement, hedged liability block, and related income."
CFAASDBPC-0041,466,04687#AA6,Structured Credit Callable Fixed Bond Replication,Interest Rate Swap,55820Y-AW-7,MDPK 2018-27A D1R,,"2,898,186","2,999,862","2,898,186","2,999,862",source-row-visible-component-columns-resolved,Schedule DB Part C names a derivative/synthetic-asset row and its cash-instrument CUSIP/description in the statutory source.,"Source-row identity and candidate columns are not settlement, counterparty remittance, hedge cost, liability allocation, borrower receipt, or Apollo owner cash.","Verify row coordinates and numeric columns, then match Schedule DB verification, custody/counterparty, cash settlement, hedged liability block, and related income."
CFAASDBPC-0042,466,04687#AA6,Structured Credit Callable Fixed Bond Replication,Interest Rate Swap,55954K-BC-8,MAGNE 2017-19A DRR,"6,650,000",,"6,640,231",,"6,640,231",source-row-visible-column-sparse,Schedule DB Part C names a derivative/synthetic-asset row and its cash-instrument CUSIP/description in the statutory source.,"Source-row identity and candidate columns are not settlement, counterparty remittance, hedge cost, liability allocation, borrower receipt, or Apollo owner cash.","Verify row coordinates and numeric columns, then match Schedule DB verification, custody/counterparty, cash settlement, hedged liability block, and related income."
CFAASDBPC-0043,466,04687#AA6,Structured Credit Callable Fixed Bond Replication,Interest Rate Swap,55954Y-BC-8,MAGNE 2020-26A D1R2,,"3,403,646","3,465,497","3,403,646","3,465,497",source-row-visible-component-columns-resolved,Schedule DB Part C names a derivative/synthetic-asset row and its cash-instrument CUSIP/description in the statutory source.,"Source-row identity and candidate columns are not settlement, counterparty remittance, hedge cost, liability allocation, borrower receipt, or Apollo owner cash.","Verify row coordinates and numeric columns, then match Schedule DB verification, custody/counterparty, cash settlement, hedged liability block, and related income."
CFAASDBPC-0044,466,04687#AA6,Structured Credit Callable Fixed Bond Replication,Interest Rate Swap,671026-AS-1,OCP 2021-23A D1R,,"2,900,491","2,991,885","2,900,491","2,991,885",source-row-visible-component-columns-resolved,Schedule DB Part C names a derivative/synthetic-asset row and its cash-instrument CUSIP/description in the statutory source.,"Source-row identity and candidate columns are not settlement, counterparty remittance, hedge cost, liability allocation, borrower receipt, or Apollo owner cash.","Verify row coordinates and numeric columns, then match Schedule DB verification, custody/counterparty, cash settlement, hedged liability block, and related income."
CFAASDBPC-0045,466,04687#AA6,Structured Credit Callable Fixed Bond Replication,Interest Rate Swap,67579E-AJ-8,OCT75 2025-1A D1,,"1,691,009","1,796,366","1,691,009","1,796,366",source-row-visible-component-columns-resolved,Schedule DB Part C names a derivative/synthetic-asset row and its cash-instrument CUSIP/description in the statutory source.,"Source-row identity and candidate columns are not settlement, counterparty remittance, hedge cost, liability allocation, borrower receipt, or Apollo owner cash.","Verify row coordinates and numeric columns, then match Schedule DB verification, custody/counterparty, cash settlement, hedged liability block, and related income."
CFAASDBPC-0046,466,04687#AA6,Structured Credit Callable Fixed Bond Replication,Interest Rate Swap,69703W-AJ-3,PLMRS 2024-4A D1,,"1,481,753","1,495,061","1,481,753","1,495,061",source-row-visible-component-columns-resolved,Schedule DB Part C names a derivative/synthetic-asset row and its cash-instrument CUSIP/description in the statutory source.,"Source-row identity and candidate columns are not settlement, counterparty remittance, hedge cost, liability allocation, borrower receipt, or Apollo owner cash.","Verify row coordinates and numeric columns, then match Schedule DB verification, custody/counterparty, cash settlement, hedged liability block, and related income."
CFAASDBPC-0047,466,04687#AA6,Structured Credit Callable Fixed Bond Replication,Interest Rate Swap,72134A-AW-5,PIPK 2021-9A D1R,"14,740,000","14,739,071",,"14,739,071",,source-row-visible-column-sparse,Schedule DB Part C names a derivative/synthetic-asset row and its cash-instrument CUSIP/description in the statutory source.,"Source-row identity and candidate columns are not settlement, counterparty remittance, hedge cost, liability allocation, borrower receipt, or Apollo owner cash.","Verify row coordinates and numeric columns, then match Schedule DB verification, custody/counterparty, cash settlement, hedged liability block, and related income."
CFAASDBPC-0048,466,04687#AA6,Structured Credit Callable Fixed Bond Replication,Interest Rate Swap,749762-AE-0,RRAM 2025-40A B,"27,300,000","27,149,659",,"27,149,659",,source-row-visible-column-sparse,Schedule DB Part C names a derivative/synthetic-asset row and its cash-instrument CUSIP/description in the statutory source.,"Source-row identity and candidate columns are not settlement, counterparty remittance, hedge cost, liability allocation, borrower receipt, or Apollo owner cash.","Verify row coordinates and numeric columns, then match Schedule DB verification, custody/counterparty, cash settlement, hedged liability block, and related income."
CFAASDBPC-0049,466,04687#AA6,Structured Credit Callable Fixed Bond Replication,Interest Rate Swap,74983A-AL-7,RRAM 2021-19A A2R,"11,183,000","11,100,715",,"11,100,715",,source-row-visible-column-sparse,Schedule DB Part C names a derivative/synthetic-asset row and its cash-instrument CUSIP/description in the statutory source.,"Source-row identity and candidate columns are not settlement, counterparty remittance, hedge cost, liability allocation, borrower receipt, or Apollo owner cash.","Verify row coordinates and numeric columns, then match Schedule DB verification, custody/counterparty, cash settlement, hedged liability block, and related income."
CFAASDBPC-0050,466,04687#AA6,Structured Credit Callable Fixed Bond Replication,Interest Rate Swap,74983A-AN-3,RRAM 2021-19A BR,"39,200,000","39,070,875",,"39,070,875",,source-row-visible-column-sparse,Schedule DB Part C names a derivative/synthetic-asset row and its cash-instrument CUSIP/description in the statutory source.,"Source-row identity and candidate columns are not settlement, counterparty remittance, hedge cost, liability allocation, borrower receipt, or Apollo owner cash.","Verify row coordinates and numeric columns, then match Schedule DB verification, custody/counterparty, cash settlement, hedged liability block, and related income."
CFAASDBPC-0051,466,04687#AA6,Structured Credit Callable Fixed Bond Replication,Interest Rate Swap,74988F-AG-2,RRAM 2025-38A B,"17,000,000","16,943,526",,"16,943,526",,source-row-visible-column-sparse,Schedule DB Part C names a derivative/synthetic-asset row and its cash-instrument CUSIP/description in the statutory source.,"Source-row identity and candidate columns are not settlement, counterparty remittance, hedge cost, liability allocation, borrower receipt, or Apollo owner cash.","Verify row coordinates and numeric columns, then match Schedule DB verification, custody/counterparty, cash settlement, hedged liability block, and related income."
CFAASDBPC-0052,466,04687#AA6,Structured Credit Callable Fixed Bond Replication,Interest Rate Swap,74988F-AJ-6,RRAM 2025-38A C1,"14,400,000","14,255,438",,"14,255,438",,source-row-visible-column-sparse,Schedule DB Part C names a derivative/synthetic-asset row and its cash-instrument CUSIP/description in the statutory source.,"Source-row identity and candidate columns are not settlement, counterparty remittance, hedge cost, liability allocation, borrower receipt, or Apollo owner cash.","Verify row coordinates and numeric columns, then match Schedule DB verification, custody/counterparty, cash settlement, hedged liability block, and related income."
CFAASDBPC-0053,466,04687#AA6,Structured Credit Callable Fixed Bond Replication,Interest Rate Swap,74989M-AQ-4,RRAM 2023-26A A2R,"16,325,000","16,292,072",,"16,292,072",,source-row-visible-column-sparse,Schedule DB Part C names a derivative/synthetic-asset row and its cash-instrument CUSIP/description in the statutory source.,"Source-row identity and candidate columns are not settlement, counterparty remittance, hedge cost, liability allocation, borrower receipt, or Apollo owner cash.","Verify row coordinates and numeric columns, then match Schedule DB verification, custody/counterparty, cash settlement, hedged liability block, and related income."
CFAASDBPC-0054,466,04687#AA6,Structured Credit Callable Fixed Bond Replication,Interest Rate Swap,74989U-AN-3,RRAM 2022-20A BR,"10,000,000",,"9,974,780",,"9,974,780",source-row-visible-column-sparse,Schedule DB Part C names a derivative/synthetic-asset row and its cash-instrument CUSIP/description in the statutory source.,"Source-row identity and candidate columns are not settlement, counterparty remittance, hedge cost, liability allocation, borrower receipt, or Apollo owner cash.","Verify row coordinates and numeric columns, then match Schedule DB verification, custody/counterparty, cash settlement, hedged liability block, and related income."
CFAASDBPC-0055,466,04687#AA6,Structured Credit Callable Fixed Bond Replication,Interest Rate Swap,74989U-AQ-6,RRAM 2022-20A CR,"6,500,000",,"6,449,534",,"6,449,534",source-row-visible-column-sparse,Schedule DB Part C names a derivative/synthetic-asset row and its cash-instrument CUSIP/description in the statutory source.,"Source-row identity and candidate columns are not settlement, counterparty remittance, hedge cost, liability allocation, borrower receipt, or Apollo owner cash.","Verify row coordinates and numeric columns, then match Schedule DB verification, custody/counterparty, cash settlement, hedged liability block, and related income."
CFAASDBPC-0056,466,04687#AA6,Structured Credit Callable Fixed Bond Replication,Interest Rate Swap,749972-AG-0,RAD 2024-27A C,,"8,325,930","8,370,211","8,325,930","8,370,211",source-row-visible-component-columns-resolved,Schedule DB Part C names a derivative/synthetic-asset row and its cash-instrument CUSIP/description in the statutory source.,"Source-row identity and candidate columns are not settlement, counterparty remittance, hedge cost, liability allocation, borrower receipt, or Apollo owner cash.","Verify row coordinates and numeric columns, then match Schedule DB verification, custody/counterparty, cash settlement, hedged liability block, and related income."
CFAASDBPC-0057,466,04687#AA6,Structured Credit Callable Fixed Bond Replication,Interest Rate Swap,749972-AJ-4,RAD 2024-27A D1,,"2,616,174","2,741,693","2,616,174","2,741,693",source-row-visible-component-columns-resolved,Schedule DB Part C names a derivative/synthetic-asset row and its cash-instrument CUSIP/description in the statutory source.,"Source-row identity and candidate columns are not settlement, counterparty remittance, hedge cost, liability allocation, borrower receipt, or Apollo owner cash.","Verify row coordinates and numeric columns, then match Schedule DB verification, custody/counterparty, cash settlement, hedged liability block, and related income."
CFAASDBPC-0058,466,04687#AA6,Structured Credit Callable Fixed Bond Replication,Interest Rate Swap,75000H-BG-8,RRAM 2022-24A BR2,"26,400,000","26,313,778",,"26,313,778",,source-row-visible-column-sparse,Schedule DB Part C names a derivative/synthetic-asset row and its cash-instrument CUSIP/description in the statutory source.,"Source-row identity and candidate columns are not settlement, counterparty remittance, hedge cost, liability allocation, borrower receipt, or Apollo owner cash.","Verify row coordinates and numeric columns, then match Schedule DB verification, custody/counterparty, cash settlement, hedged liability block, and related income."
CFAASDBPC-0059,466,04687#AA6,Structured Credit Callable Fixed Bond Replication,Interest Rate Swap,75000H-BN-3,RRAM 2022-24A C1A2,"21,500,000","21,429,179",,"21,429,179",,source-row-visible-column-sparse,Schedule DB Part C names a derivative/synthetic-asset row and its cash-instrument CUSIP/description in the statutory source.,"Source-row identity and candidate columns are not settlement, counterparty remittance, hedge cost, liability allocation, borrower receipt, or Apollo owner cash.","Verify row coordinates and numeric columns, then match Schedule DB verification, custody/counterparty, cash settlement, hedged liability block, and related income."
CFAASDBPC-0060,467,04687#AA6,Structured Credit Callable Fixed Bond Replication,Interest Rate Swap,75009N-AG-7,RAD 2020-9A CR,"13,825,000","13,851,489",,"13,851,489",,source-row-visible-column-sparse,Schedule DB Part C names a derivative/synthetic-asset row and its cash-instrument CUSIP/description in the statutory source.,"Source-row identity and candidate columns are not settlement, counterparty remittance, hedge cost, liability allocation, borrower receipt, or Apollo owner cash.","Verify row coordinates and numeric columns, then match Schedule DB verification, custody/counterparty, cash settlement, hedged liability block, and related income."
CFAASDBPC-0061,467,04687#AA6,Structured Credit Callable Fixed Bond Replication,Interest Rate Swap,75009N-AJ-1,RAD 2020-9A D1R,"10,100,000","10,099,626",,"10,099,626",,source-row-visible-column-sparse,Schedule DB Part C names a derivative/synthetic-asset row and its cash-instrument CUSIP/description in the statutory source.,"Source-row identity and candidate columns are not settlement, counterparty remittance, hedge cost, liability allocation, borrower receipt, or Apollo owner cash.","Verify row coordinates and numeric columns, then match Schedule DB verification, custody/counterparty, cash settlement, hedged liability block, and related income."
CFAASDBPC-0062,467,04687#AA6,Structured Credit Callable Fixed Bond Replication,Interest Rate Swap,83012K-AU-1,SIXST 2021-19A D1R,,"8,643,000","8,642,585","8,643,000","8,642,585",source-row-visible-component-columns-resolved,Schedule DB Part C names a derivative/synthetic-asset row and its cash-instrument CUSIP/description in the statutory source.,"Source-row identity and candidate columns are not settlement, counterparty remittance, hedge cost, liability allocation, borrower receipt, or Apollo owner cash.","Verify row coordinates and numeric columns, then match Schedule DB verification, custody/counterparty, cash settlement, hedged liability block, and related income."
CFAASDBPC-0063,467,04687#AA6,Structured Credit Callable Fixed Bond Replication,Interest Rate Swap,88238E-AE-8,TCIFC 2024-2A B,"12,000,000","12,028,272",,"12,028,272",,source-row-visible-column-sparse,Schedule DB Part C names a derivative/synthetic-asset row and its cash-instrument CUSIP/description in the statutory source.,"Source-row identity and candidate columns are not settlement, counterparty remittance, hedge cost, liability allocation, borrower receipt, or Apollo owner cash.","Verify row coordinates and numeric columns, then match Schedule DB verification, custody/counterparty, cash settlement, hedged liability block, and related income."
CFAASDBPC-0064,467,04687#AA6,Structured Credit Callable Fixed Bond Replication,Interest Rate Swap,88238E-AG-3,TCIFC 2024-2A C,"15,000,000","14,951,685",,"14,951,685",,source-row-visible-column-sparse,Schedule DB Part C names a derivative/synthetic-asset row and its cash-instrument CUSIP/description in the statutory source.,"Source-row identity and candidate columns are not settlement, counterparty remittance, hedge cost, liability allocation, borrower receipt, or Apollo owner cash.","Verify row coordinates and numeric columns, then match Schedule DB verification, custody/counterparty, cash settlement, hedged liability block, and related income."
CFAASDBPC-0065,467,04687#AA6,Structured Credit Callable Fixed Bond Replication,Interest Rate Swap,88238E-AJ-7,TCIFC 2024-2A D1,"16,000,000","15,968,176",,"15,968,176",,source-row-visible-column-sparse,Schedule DB Part C names a derivative/synthetic-asset row and its cash-instrument CUSIP/description in the statutory source.,"Source-row identity and candidate columns are not settlement, counterparty remittance, hedge cost, liability allocation, borrower receipt, or Apollo owner cash.","Verify row coordinates and numeric columns, then match Schedule DB verification, custody/counterparty, cash settlement, hedged liability block, and related income."
CFAASDBPC-0066,467,04687#AG3,Structured Credit Callable Fixed Bond Replication,Interest Rate Swap,02300A-AC-4,AMAPS 1 LLC - Tranche B Note,"58,950,000","58,950,000",,"58,950,000",,source-row-visible-column-sparse,Schedule DB Part C names a derivative/synthetic-asset row and its cash-instrument CUSIP/description in the statutory source.,"Source-row identity and candidate columns are not settlement, counterparty remittance, hedge cost, liability allocation, borrower receipt, or Apollo owner cash.","Verify row coordinates and numeric columns, then match Schedule DB verification, custody/counterparty, cash settlement, hedged liability block, and related income."
CFAASDBPC-0067,467,04687#AG3,Structured Credit Callable Fixed Bond Replication,Interest Rate Swap,"03770*-AB-8Company,",Apollo Asset-Backed Finance Lending L.P. - C,"20,000,000","20,000,000",,"20,000,000",,source-row-visible-column-sparse,Schedule DB Part C names a derivative/synthetic-asset row and its cash-instrument CUSIP/description in the statutory source.,"Source-row identity and candidate columns are not settlement, counterparty remittance, hedge cost, liability allocation, borrower receipt, or Apollo owner cash.","Verify row coordinates and numeric columns, then match Schedule DB verification, custody/counterparty, cash settlement, hedged liability block, and related income."
CFAASDBPC-0068,467,04687#AG3,Structured Credit Callable Fixed Bond Replication,Interest Rate Swap,"03770*-AC-6Company,",Apollo Asset-Backed Finance Lending L.P. - B,"80,000,000","80,000,000",,"80,000,000",,source-row-visible-column-sparse,Schedule DB Part C names a derivative/synthetic-asset row and its cash-instrument CUSIP/description in the statutory source.,"Source-row identity and candidate columns are not settlement, counterparty remittance, hedge cost, liability allocation, borrower receipt, or Apollo owner cash.","Verify row coordinates and numeric columns, then match Schedule DB verification, custody/counterparty, cash settlement, hedged liability block, and related income."
CFAASDBPC-0069,467,04687#AG3,Structured Credit Callable Fixed Bond Replication,Interest Rate Swap,04940#-AA-9-,ATLAS SECURITIZED PRODUCTS FUNDING A,,"146,810,811|146,282,292",,"146,810,811|146,282,292",,source-row-visible-column-ambiguous,Schedule DB Part C names a derivative/synthetic-asset row and its cash-instrument CUSIP/description in the statutory source.,"Source-row identity and candidate columns are not settlement, counterparty remittance, hedge cost, liability allocation, borrower receipt, or Apollo owner cash.","Verify row coordinates and numeric columns, then match Schedule DB verification, custody/counterparty, cash settlement, hedged liability block, and related income."
CFAASDBPC-0070,467,04687#AG3,Structured Credit Callable Fixed Bond Replication,Interest Rate Swap,04940#-AB-7-,ATLAS SECURITIZED PRODUCTS FUNDING b,"12,953,895","12,953,895",,"12,953,895",,source-row-visible-column-sparse,Schedule DB Part C names a derivative/synthetic-asset row and its cash-instrument CUSIP/description in the statutory source.,"Source-row identity and candidate columns are not settlement, counterparty remittance, hedge cost, liability allocation, borrower receipt, or Apollo owner cash.","Verify row coordinates and numeric columns, then match Schedule DB verification, custody/counterparty, cash settlement, hedged liability block, and related income."
CFAASDBPC-0071,467,04687#AG3,Structured Credit Callable Fixed Bond Replication,Interest Rate Swap,04941*-AC-8,ATLAS Funding 1 A1B,"454,727,017","454,132,255",,"454,132,255",,source-row-visible-column-sparse,Schedule DB Part C names a derivative/synthetic-asset row and its cash-instrument CUSIP/description in the statutory source.,"Source-row identity and candidate columns are not settlement, counterparty remittance, hedge cost, liability allocation, borrower receipt, or Apollo owner cash.","Verify row coordinates and numeric columns, then match Schedule DB verification, custody/counterparty, cash settlement, hedged liability block, and related income."
CFAASDBPC-0072,467,04687#AG3,Structured Credit Callable Fixed Bond Replication,Interest Rate Swap,35138C-AE-4,Fox Hedge LP - B,"259,455,000","259,455,000",,"259,455,000",,source-row-visible-column-sparse,Schedule DB Part C names a derivative/synthetic-asset row and its cash-instrument CUSIP/description in the statutory source.,"Source-row identity and candidate columns are not settlement, counterparty remittance, hedge cost, liability allocation, borrower receipt, or Apollo owner cash.","Verify row coordinates and numeric columns, then match Schedule DB verification, custody/counterparty, cash settlement, hedged liability block, and related income."
CFAASDBPC-0073,467,04687#AG3,Structured Credit Callable Fixed Bond Replication,Interest Rate Swap,35138C-AF-1,Fox Hedge LP - C,"142,545,000","142,545,000",,"142,545,000",,source-row-visible-column-sparse,Schedule DB Part C names a derivative/synthetic-asset row and its cash-instrument CUSIP/description in the statutory source.,"Source-row identity and candidate columns are not settlement, counterparty remittance, hedge cost, liability allocation, borrower receipt, or Apollo owner cash.","Verify row coordinates and numeric columns, then match Schedule DB verification, custody/counterparty, cash settlement, hedged liability block, and related income."
CFAASDBPC-0074,467,04687#AF5,Structured Credit Callable Fixed Bond Replication,Interest Rate Swap,02300A-AA-8,AMAPS 1 LLC - Tranche A Note,,"286,950,000","286,950,000","286,950,000","286,950,000",source-row-visible-component-columns-resolved,Schedule DB Part C names a derivative/synthetic-asset row and its cash-instrument CUSIP/description in the statutory source.,"Source-row identity and candidate columns are not settlement, counterparty remittance, hedge cost, liability allocation, borrower receipt, or Apollo owner cash.","Verify row coordinates and numeric columns, then match Schedule DB verification, custody/counterparty, cash settlement, hedged liability block, and related income."
CFAASDBPC-0075,467,04687#AF5,Structured Credit Callable Fixed Bond Replication,Interest Rate Swap,049400-AA-2,"ATLAS SECURED ADVANCE FUNDING,",,"460,000,000","460,000,000","460,000,000","460,000,000",source-row-visible-component-columns-resolved,Schedule DB Part C names a derivative/synthetic-asset row and its cash-instrument CUSIP/description in the statutory source.,"Source-row identity and candidate columns are not settlement, counterparty remittance, hedge cost, liability allocation, borrower receipt, or Apollo owner cash.","Verify row coordinates and numeric columns, then match Schedule DB verification, custody/counterparty, cash settlement, hedged liability block, and related income."
CFAASDBPC-0076,467,04687#AF5,Structured Credit Callable Fixed Bond Replication,Interest Rate Swap,04941*-AA-2,ATLAS Funding 1 A1A,"411,047,132",,"410,512,770",,"410,512,770",source-row-visible-column-sparse,Schedule DB Part C names a derivative/synthetic-asset row and its cash-instrument CUSIP/description in the statutory source.,"Source-row identity and candidate columns are not settlement, counterparty remittance, hedge cost, liability allocation, borrower receipt, or Apollo owner cash.","Verify row coordinates and numeric columns, then match Schedule DB verification, custody/counterparty, cash settlement, hedged liability block, and related income."
CFAASDBPC-0077,467,04687#AH1,Structured Credit Callable Fixed Bond Replication,Interest Rate Swap,00112H-AC-1,ACREC 2025-FL3 AS,,"5,486,250","5,460,973","5,486,250","5,460,973",source-row-visible-component-columns-resolved,Schedule DB Part C names a derivative/synthetic-asset row and its cash-instrument CUSIP/description in the statutory source.,"Source-row identity and candidate columns are not settlement, counterparty remittance, hedge cost, liability allocation, borrower receipt, or Apollo owner cash.","Verify row coordinates and numeric columns, then match Schedule DB verification, custody/counterparty, cash settlement, hedged liability block, and related income."
CFAASDBPC-0078,467,04687#AH1,Structured Credit Callable Fixed Bond Replication,Interest Rate Swap,00112H-AE-7,ACREC 2025-FL3 B,,"3,906,520","3,910,897","3,906,520","3,910,897",source-row-visible-component-columns-resolved,Schedule DB Part C names a derivative/synthetic-asset row and its cash-instrument CUSIP/description in the statutory source.,"Source-row identity and candidate columns are not settlement, counterparty remittance, hedge cost, liability allocation, borrower receipt, or Apollo owner cash.","Verify row coordinates and numeric columns, then match Schedule DB verification, custody/counterparty, cash settlement, hedged liability block, and related income."
CFAASDBPC-0079,467,04687#AH1,Structured Credit Callable Fixed Bond Replication,Interest Rate Swap,00501D-AB-1,ACRES 2025-FL3 AS,"36,843,660","37,029,537",,"37,029,537",,source-row-visible-column-sparse,Schedule DB Part C names a derivative/synthetic-asset row and its cash-instrument CUSIP/description in the statutory source.,"Source-row identity and candidate columns are not settlement, counterparty remittance, hedge cost, liability allocation, borrower receipt, or Apollo owner cash.","Verify row coordinates and numeric columns, then match Schedule DB verification, custody/counterparty, cash settlement, hedged liability block, and related income."
CFAASDBPC-0080,467,04687#AH1,Structured Credit Callable Fixed Bond Replication,Interest Rate Swap,00501D-AC-9,ACRES 2025-FL3 B,"36,150,326","36,401,728",,"36,401,728",,source-row-visible-column-sparse,Schedule DB Part C names a derivative/synthetic-asset row and its cash-instrument CUSIP/description in the statutory source.,"Source-row identity and candidate columns are not settlement, counterparty remittance, hedge cost, liability allocation, borrower receipt, or Apollo owner cash.","Verify row coordinates and numeric columns, then match Schedule DB verification, custody/counterparty, cash settlement, hedged liability block, and related income."
CFAASDBPC-0081,467,04687#AH1,Structured Credit Callable Fixed Bond Replication,Interest Rate Swap,00501D-AD-7,ACRES 2025-FL3 C,"15,068,921","15,179,257",,"15,179,257",,source-row-visible-column-sparse,Schedule DB Part C names a derivative/synthetic-asset row and its cash-instrument CUSIP/description in the statutory source.,"Source-row identity and candidate columns are not settlement, counterparty remittance, hedge cost, liability allocation, borrower receipt, or Apollo owner cash.","Verify row coordinates and numeric columns, then match Schedule DB verification, custody/counterparty, cash settlement, hedged liability block, and related income."
CFAASDBPC-0082,467,04687#AH1,Structured Credit Callable Fixed Bond Replication,Interest Rate Swap,00501D-AE-5,ACRES 2025-FL3 D,,"9,940,682|10,012,645",,"9,940,682|10,012,645",,source-row-visible-column-ambiguous,Schedule DB Part C names a derivative/synthetic-asset row and its cash-instrument CUSIP/description in the statutory source.,"Source-row identity and candidate columns are not settlement, counterparty remittance, hedge cost, liability allocation, borrower receipt, or Apollo owner cash.","Verify row coordinates and numeric columns, then match Schedule DB verification, custody/counterparty, cash settlement, hedged liability block, and related income."
CFAASDBPC-0083,467,04687#AH1,Structured Credit Callable Fixed Bond Replication,Interest Rate Swap,00501D-AF-2,ACRES 2025-FL3 E,,"4,677,972","4,711,374","4,677,972","4,711,374",source-row-visible-component-columns-resolved,Schedule DB Part C names a derivative/synthetic-asset row and its cash-instrument CUSIP/description in the statutory source.,"Source-row identity and candidate columns are not settlement, counterparty remittance, hedge cost, liability allocation, borrower receipt, or Apollo owner cash.","Verify row coordinates and numeric columns, then match Schedule DB verification, custody/counterparty, cash settlement, hedged liability block, and related income."
CFAASDBPC-0084,467,04687#AH1,Structured Credit Callable Fixed Bond Replication,Interest Rate Swap,01448M-AB-5,ALESC 3A A2,,"4,662,292","4,799,445","4,662,292","4,799,445",source-row-visible-component-columns-resolved,Schedule DB Part C names a derivative/synthetic-asset row and its cash-instrument CUSIP/description in the statutory source.,"Source-row identity and candidate columns are not settlement, counterparty remittance, hedge cost, liability allocation, borrower receipt, or Apollo owner cash.","Verify row coordinates and numeric columns, then match Schedule DB verification, custody/counterparty, cash settlement, hedged liability block, and related income."
CFAASDBPC-0085,467,04687#AH1,Structured Credit Callable Fixed Bond Replication,Interest Rate Swap,03844C-AB-3,Aqua AssetCo Borrower Trust D - A2,,"9,059,845","9,530,051","9,059,845","9,530,051",source-row-visible-component-columns-resolved,Schedule DB Part C names a derivative/synthetic-asset row and its cash-instrument CUSIP/description in the statutory source.,"Source-row identity and candidate columns are not settlement, counterparty remittance, hedge cost, liability allocation, borrower receipt, or Apollo owner cash.","Verify row coordinates and numeric columns, then match Schedule DB verification, custody/counterparty, cash settlement, hedged liability block, and related income."
CFAASDBPC-0086,467,04687#AH1,Structured Credit Callable Fixed Bond Replication,Interest Rate Swap,03844C-AD-9,Aqua AssetCo Borrower Trust D - B,,"5,602,783","6,039,240","5,602,783","6,039,240",source-row-visible-component-columns-resolved,Schedule DB Part C names a derivative/synthetic-asset row and its cash-instrument CUSIP/description in the statutory source.,"Source-row identity and candidate columns are not settlement, counterparty remittance, hedge cost, liability allocation, borrower receipt, or Apollo owner cash.","Verify row coordinates and numeric columns, then match Schedule DB verification, custody/counterparty, cash settlement, hedged liability block, and related income."
CFAASDBPC-0087,468,04687#AH1,Structured Credit Callable Fixed Bond Replication,Interest Rate Swap,03844C-AE-7,Aqua AssetCo Borrower Trust D - C,,"3,361,670","3,834,657","3,361,670","3,834,657",source-row-visible-component-columns-resolved,Schedule DB Part C names a derivative/synthetic-asset row and its cash-instrument CUSIP/description in the statutory source.,"Source-row identity and candidate columns are not settlement, counterparty remittance, hedge cost, liability allocation, borrower receipt, or Apollo owner cash.","Verify row coordinates and numeric columns, then match Schedule DB verification, custody/counterparty, cash settlement, hedged liability block, and related income."
CFAASDBPC-0088,468,04687#AH1,Structured Credit Callable Fixed Bond Replication,Interest Rate Swap,040104-PD-7,ARSI 2005-W3 M2,,"9,652,854|10,038,738",,"9,652,854|10,038,738",,source-row-visible-column-ambiguous,Schedule DB Part C names a derivative/synthetic-asset row and its cash-instrument CUSIP/description in the statutory source.,"Source-row identity and candidate columns are not settlement, counterparty remittance, hedge cost, liability allocation, borrower receipt, or Apollo owner cash.","Verify row coordinates and numeric columns, then match Schedule DB verification, custody/counterparty, cash settlement, hedged liability block, and related income."
CFAASDBPC-0089,468,04687#AH1,Structured Credit Callable Fixed Bond Replication,Interest Rate Swap,05555M-AG-4,BDS 2024-FL13 C,,"5,573,323","5,556,844","5,573,323","5,556,844",source-row-visible-component-columns-resolved,Schedule DB Part C names a derivative/synthetic-asset row and its cash-instrument CUSIP/description in the statutory source.,"Source-row identity and candidate columns are not settlement, counterparty remittance, hedge cost, liability allocation, borrower receipt, or Apollo owner cash.","Verify row coordinates and numeric columns, then match Schedule DB verification, custody/counterparty, cash settlement, hedged liability block, and related income."
CFAASDBPC-0090,468,04687#AH1,Structured Credit Callable Fixed Bond Replication,Interest Rate Swap,05555M-AJ-8,BDS 2024-FL13 D,,"3,483,159","3,472,140","3,483,159","3,472,140",source-row-visible-component-columns-resolved,Schedule DB Part C names a derivative/synthetic-asset row and its cash-instrument CUSIP/description in the statutory source.,"Source-row identity and candidate columns are not settlement, counterparty remittance, hedge cost, liability allocation, borrower receipt, or Apollo owner cash.","Verify row coordinates and numeric columns, then match Schedule DB verification, custody/counterparty, cash settlement, hedged liability block, and related income."
CFAASDBPC-0091,468,04687#AH1,Structured Credit Callable Fixed Bond Replication,Interest Rate Swap,05556E-AG-1,BDS 2025-FL15 C,"1,800,000",,"1,803,105",,"1,803,105",source-row-visible-column-sparse,Schedule DB Part C names a derivative/synthetic-asset row and its cash-instrument CUSIP/description in the statutory source.,"Source-row identity and candidate columns are not settlement, counterparty remittance, hedge cost, liability allocation, borrower receipt, or Apollo owner cash.","Verify row coordinates and numeric columns, then match Schedule DB verification, custody/counterparty, cash settlement, hedged liability block, and related income."
CFAASDBPC-0092,468,04687#AH1,Structured Credit Callable Fixed Bond Replication,Interest Rate Swap,05556E-AJ-5,BDS 2025-FL15 D,"6,300,000",,"6,310,820",,"6,310,820",source-row-visible-column-sparse,Schedule DB Part C names a derivative/synthetic-asset row and its cash-instrument CUSIP/description in the statutory source.,"Source-row identity and candidate columns are not settlement, counterparty remittance, hedge cost, liability allocation, borrower receipt, or Apollo owner cash.","Verify row coordinates and numeric columns, then match Schedule DB verification, custody/counterparty, cash settlement, hedged liability block, and related income."
CFAASDBPC-0093,468,04687#AH1,Structured Credit Callable Fixed Bond Replication,Interest Rate Swap,05615K-AC-5,BSPDF 2025-FL2 AS,"17,630,813","17,727,046",,"17,727,046",,source-row-visible-column-sparse,Schedule DB Part C names a derivative/synthetic-asset row and its cash-instrument CUSIP/description in the statutory source.,"Source-row identity and candidate columns are not settlement, counterparty remittance, hedge cost, liability allocation, borrower receipt, or Apollo owner cash.","Verify row coordinates and numeric columns, then match Schedule DB verification, custody/counterparty, cash settlement, hedged liability block, and related income."
CFAASDBPC-0094,468,04687#AH1,Structured Credit Callable Fixed Bond Replication,Interest Rate Swap,05615K-AE-1,BSPDF 2025-FL2 B,"21,937,139",,"22,259,833",,"22,259,833",source-row-visible-column-sparse,Schedule DB Part C names a derivative/synthetic-asset row and its cash-instrument CUSIP/description in the statutory source.,"Source-row identity and candidate columns are not settlement, counterparty remittance, hedge cost, liability allocation, borrower receipt, or Apollo owner cash.","Verify row coordinates and numeric columns, then match Schedule DB verification, custody/counterparty, cash settlement, hedged liability block, and related income."
CFAASDBPC-0095,468,04687#AH1,Structured Credit Callable Fixed Bond Replication,Interest Rate Swap,05615K-AG-6,BSPDF 2025-FL2 C,"16,377,099","16,624,056",,"16,624,056",,source-row-visible-column-sparse,Schedule DB Part C names a derivative/synthetic-asset row and its cash-instrument CUSIP/description in the statutory source.,"Source-row identity and candidate columns are not settlement, counterparty remittance, hedge cost, liability allocation, borrower receipt, or Apollo owner cash.","Verify row coordinates and numeric columns, then match Schedule DB verification, custody/counterparty, cash settlement, hedged liability block, and related income."
CFAASDBPC-0096,468,04687#AH1,Structured Credit Callable Fixed Bond Replication,Interest Rate Swap,05619B-AG-2,BSPRT 2025-FL12 C,,"3,985,790","4,010,622","3,985,790","4,010,622",source-row-visible-component-columns-resolved,Schedule DB Part C names a derivative/synthetic-asset row and its cash-instrument CUSIP/description in the statutory source.,"Source-row identity and candidate columns are not settlement, counterparty remittance, hedge cost, liability allocation, borrower receipt, or Apollo owner cash.","Verify row coordinates and numeric columns, then match Schedule DB verification, custody/counterparty, cash settlement, hedged liability block, and related income."
CFAASDBPC-0097,468,04687#AH1,Structured Credit Callable Fixed Bond Replication,Interest Rate Swap,07388C-AF-7,BSABS 2006-HE5 M2,,"2,299,338","6,531,854","2,299,338","6,531,854",source-row-visible-component-columns-resolved,Schedule DB Part C names a derivative/synthetic-asset row and its cash-instrument CUSIP/description in the statutory source.,"Source-row identity and candidate columns are not settlement, counterparty remittance, hedge cost, liability allocation, borrower receipt, or Apollo owner cash.","Verify row coordinates and numeric columns, then match Schedule DB verification, custody/counterparty, cash settlement, hedged liability block, and related income."
CFAASDBPC-0098,468,04687#AH1,Structured Credit Callable Fixed Bond Replication,Interest Rate Swap,088928-AA-4,BHMS 2025-ATLS A,"75,000,000","75,222,863",,"75,222,863",,source-row-visible-column-sparse,Schedule DB Part C names a derivative/synthetic-asset row and its cash-instrument CUSIP/description in the statutory source.,"Source-row identity and candidate columns are not settlement, counterparty remittance, hedge cost, liability allocation, borrower receipt, or Apollo owner cash.","Verify row coordinates and numeric columns, then match Schedule DB verification, custody/counterparty, cash settlement, hedged liability block, and related income."
CFAASDBPC-0099,468,04687#AH1,Structured Credit Callable Fixed Bond Replication,Interest Rate Swap,26860F-AB-6,ELMCL 2024-GTWY B,"19,135,999","19,330,271",,"19,330,271",,source-row-visible-column-sparse,Schedule DB Part C names a derivative/synthetic-asset row and its cash-instrument CUSIP/description in the statutory source.,"Source-row identity and candidate columns are not settlement, counterparty remittance, hedge cost, liability allocation, borrower receipt, or Apollo owner cash.","Verify row coordinates and numeric columns, then match Schedule DB verification, custody/counterparty, cash settlement, hedged liability block, and related income."
CFAASDBPC-0100,468,04687#AH1,Structured Credit Callable Fixed Bond Replication,Interest Rate Swap,362414-AC-8,GWT 2024-WLF2 B,"10,984,986","10,995,427",,"10,995,427",,source-row-visible-column-sparse,Schedule DB Part C names a derivative/synthetic-asset row and its cash-instrument CUSIP/description in the statutory source.,"Source-row identity and candidate columns are not settlement, counterparty remittance, hedge cost, liability allocation, borrower receipt, or Apollo owner cash.","Verify row coordinates and numeric columns, then match Schedule DB verification, custody/counterparty, cash settlement, hedged liability block, and related income."
CFAASDBPC-0101,468,04687#AH1,Structured Credit Callable Fixed Bond Replication,Interest Rate Swap,362414-AE-4,GWT 2024-WLF2 C,"10,426,101","10,435,565",,"10,435,565",,source-row-visible-column-sparse,Schedule DB Part C names a derivative/synthetic-asset row and its cash-instrument CUSIP/description in the statutory source.,"Source-row identity and candidate columns are not settlement, counterparty remittance, hedge cost, liability allocation, borrower receipt, or Apollo owner cash.","Verify row coordinates and numeric columns, then match Schedule DB verification, custody/counterparty, cash settlement, hedged liability block, and related income."
CFAASDBPC-0102,468,04687#AH1,Structured Credit Callable Fixed Bond Replication,Interest Rate Swap,362414-AG-9,GWT 2024-WLF2 D,"10,385,825","10,424,004",,"10,424,004",,source-row-visible-column-sparse,Schedule DB Part C names a derivative/synthetic-asset row and its cash-instrument CUSIP/description in the statutory source.,"Source-row identity and candidate columns are not settlement, counterparty remittance, hedge cost, liability allocation, borrower receipt, or Apollo owner cash.","Verify row coordinates and numeric columns, then match Schedule DB verification, custody/counterparty, cash settlement, hedged liability block, and related income."
CFAASDBPC-0103,468,04687#AH1,Structured Credit Callable Fixed Bond Replication,Interest Rate Swap,36270A-AB-0,GSMBS 2024-HE1 M1,,"5,211,214","5,212,408","5,211,214","5,212,408",source-row-visible-component-columns-resolved,Schedule DB Part C names a derivative/synthetic-asset row and its cash-instrument CUSIP/description in the statutory source.,"Source-row identity and candidate columns are not settlement, counterparty remittance, hedge cost, liability allocation, borrower receipt, or Apollo owner cash.","Verify row coordinates and numeric columns, then match Schedule DB verification, custody/counterparty, cash settlement, hedged liability block, and related income."
CFAASDBPC-0104,468,04687#AH1,Structured Credit Callable Fixed Bond Replication,Interest Rate Swap,45339N-AA-4,INCREF 2025-FL1 A,"89,551,488","90,220,779",,"90,220,779",,source-row-visible-column-sparse,Schedule DB Part C names a derivative/synthetic-asset row and its cash-instrument CUSIP/description in the statutory source.,"Source-row identity and candidate columns are not settlement, counterparty remittance, hedge cost, liability allocation, borrower receipt, or Apollo owner cash.","Verify row coordinates and numeric columns, then match Schedule DB verification, custody/counterparty, cash settlement, hedged liability block, and related income."
CFAASDBPC-0105,468,04687#AH1,Structured Credit Callable Fixed Bond Replication,Interest Rate Swap,45660L-VZ-9,INDX 2005-AR18 1A1,,"1,337,219","1,328,926","1,337,219","1,328,926",source-row-visible-component-columns-resolved,Schedule DB Part C names a derivative/synthetic-asset row and its cash-instrument CUSIP/description in the statutory source.,"Source-row identity and candidate columns are not settlement, counterparty remittance, hedge cost, liability allocation, borrower receipt, or Apollo owner cash.","Verify row coordinates and numeric columns, then match Schedule DB verification, custody/counterparty, cash settlement, hedged liability block, and related income."
CFAASDBPC-0106,468,04687#AH1,Structured Credit Callable Fixed Bond Replication,Interest Rate Swap,45660L-VZ-9,INDX 2005-AR18 1A1,,"8,345,425","8,275,772","8,345,425","8,275,772",source-row-visible-component-columns-resolved,Schedule DB Part C names a derivative/synthetic-asset row and its cash-instrument CUSIP/description in the statutory source.,"Source-row identity and candidate columns are not settlement, counterparty remittance, hedge cost, liability allocation, borrower receipt, or Apollo owner cash.","Verify row coordinates and numeric columns, then match Schedule DB verification, custody/counterparty, cash settlement, hedged liability block, and related income."
CFAASDBPC-0107,468,04687#AH1,Structured Credit Callable Fixed Bond Replication,Interest Rate Swap,52522C-AB-9,LXS 2006-14N 1A1B,"8,151,061",,"8,258,824",,"8,258,824",source-row-visible-column-sparse,Schedule DB Part C names a derivative/synthetic-asset row and its cash-instrument CUSIP/description in the statutory source.,"Source-row identity and candidate columns are not settlement, counterparty remittance, hedge cost, liability allocation, borrower receipt, or Apollo owner cash.","Verify row coordinates and numeric columns, then match Schedule DB verification, custody/counterparty, cash settlement, hedged liability block, and related income."
CFAASDBPC-0108,468,04687#AH1,Structured Credit Callable Fixed Bond Replication,Interest Rate Swap,539910-AA-7,LMREC 2024-CRE5 A,"29,925,000",,"29,934,927",,"29,934,927",source-row-visible-column-sparse,Schedule DB Part C names a derivative/synthetic-asset row and its cash-instrument CUSIP/description in the statutory source.,"Source-row identity and candidate columns are not settlement, counterparty remittance, hedge cost, liability allocation, borrower receipt, or Apollo owner cash.","Verify row coordinates and numeric columns, then match Schedule DB verification, custody/counterparty, cash settlement, hedged liability block, and related income."
CFAASDBPC-0109,468,04687#AH1,Structured Credit Callable Fixed Bond Replication,Interest Rate Swap,55285H-AA-0,MF1 2022-B1 A,"295,404,154","296,452,851",,"296,452,851",,source-row-visible-column-sparse,Schedule DB Part C names a derivative/synthetic-asset row and its cash-instrument CUSIP/description in the statutory source.,"Source-row identity and candidate columns are not settlement, counterparty remittance, hedge cost, liability allocation, borrower receipt, or Apollo owner cash.","Verify row coordinates and numeric columns, then match Schedule DB verification, custody/counterparty, cash settlement, hedged liability block, and related income."
CFAASDBPC-0110,468,04687#AH1,Structured Credit Callable Fixed Bond Replication,Interest Rate Swap,55285H-AE-2,MF1 2022-B1 B,"23,405,411","23,236,460",,"23,236,460",,source-row-visible-column-sparse,Schedule DB Part C names a derivative/synthetic-asset row and its cash-instrument CUSIP/description in the statutory source.,"Source-row identity and candidate columns are not settlement, counterparty remittance, hedge cost, liability allocation, borrower receipt, or Apollo owner cash.","Verify row coordinates and numeric columns, then match Schedule DB verification, custody/counterparty, cash settlement, hedged liability block, and related income."
CFAASDBPC-0111,468,04687#AH1,Structured Credit Callable Fixed Bond Replication,Interest Rate Swap,55285H-AL-6,MF1 2022-B1 E,"25,660,667","24,643,412",,"24,643,412",,source-row-visible-column-sparse,Schedule DB Part C names a derivative/synthetic-asset row and its cash-instrument CUSIP/description in the statutory source.,"Source-row identity and candidate columns are not settlement, counterparty remittance, hedge cost, liability allocation, borrower receipt, or Apollo owner cash.","Verify row coordinates and numeric columns, then match Schedule DB verification, custody/counterparty, cash settlement, hedged liability block, and related income."
CFAASDBPC-0112,468,04687#AH1,Structured Credit Callable Fixed Bond Replication,Interest Rate Swap,55285H-AN-2,MF1 2022-B1 F,"32,484,919","30,698,117",,"30,698,117",,source-row-visible-column-sparse,Schedule DB Part C names a derivative/synthetic-asset row and its cash-instrument CUSIP/description in the statutory source.,"Source-row identity and candidate columns are not settlement, counterparty remittance, hedge cost, liability allocation, borrower receipt, or Apollo owner cash.","Verify row coordinates and numeric columns, then match Schedule DB verification, custody/counterparty, cash settlement, hedged liability block, and related income."
CFAASDBPC-0113,468,04687#AH1,Structured Credit Callable Fixed Bond Replication,Interest Rate Swap,55287E-AC-1,MF1 2024-FL16 AS,"24,883,635","24,977,297",,"24,977,297",,source-row-visible-column-sparse,Schedule DB Part C names a derivative/synthetic-asset row and its cash-instrument CUSIP/description in the statutory source.,"Source-row identity and candidate columns are not settlement, counterparty remittance, hedge cost, liability allocation, borrower receipt, or Apollo owner cash.","Verify row coordinates and numeric columns, then match Schedule DB verification, custody/counterparty, cash settlement, hedged liability block, and related income."
CFAASDBPC-0114,468,04687#AH1,Structured Credit Callable Fixed Bond Replication,Interest Rate Swap,55287E-AE-7,MF1 2024-FL16 B,,"9,213,443","9,245,199","9,213,443","9,245,199",source-row-visible-component-columns-resolved,Schedule DB Part C names a derivative/synthetic-asset row and its cash-instrument CUSIP/description in the statutory source.,"Source-row identity and candidate columns are not settlement, counterparty remittance, hedge cost, liability allocation, borrower receipt, or Apollo owner cash.","Verify row coordinates and numeric columns, then match Schedule DB verification, custody/counterparty, cash settlement, hedged liability block, and related income."
CFAASDBPC-0115,468,04687#AH1,Structured Credit Callable Fixed Bond Replication,Interest Rate Swap,55287E-AG-2,MF1 2024-FL16 C,"11,765,996","11,798,416",,"11,798,416",,source-row-visible-column-sparse,Schedule DB Part C names a derivative/synthetic-asset row and its cash-instrument CUSIP/description in the statutory source.,"Source-row identity and candidate columns are not settlement, counterparty remittance, hedge cost, liability allocation, borrower receipt, or Apollo owner cash.","Verify row coordinates and numeric columns, then match Schedule DB verification, custody/counterparty, cash settlement, hedged liability block, and related income."
CFAASDBPC-0116,468,04687#AH1,Structured Credit Callable Fixed Bond Replication,Interest Rate Swap,55287E-AJ-6,MF1 2024-FL16 D,,"9,373,093","9,349,348","9,373,093","9,349,348",source-row-visible-component-columns-resolved,Schedule DB Part C names a derivative/synthetic-asset row and its cash-instrument CUSIP/description in the statutory source.,"Source-row identity and candidate columns are not settlement, counterparty remittance, hedge cost, liability allocation, borrower receipt, or Apollo owner cash.","Verify row coordinates and numeric columns, then match Schedule DB verification, custody/counterparty, cash settlement, hedged liability block, and related income."
CFAASDBPC-0117,469,04687#AH1,Structured Credit Callable Fixed Bond Replication,Interest Rate Swap,58003M-AC-0,MF1 2024-FL15 AS,"11,065,950","11,112,624",,"11,112,624",,source-row-visible-column-sparse,Schedule DB Part C names a derivative/synthetic-asset row and its cash-instrument CUSIP/description in the statutory source.,"Source-row identity and candidate columns are not settlement, counterparty remittance, hedge cost, liability allocation, borrower receipt, or Apollo owner cash.","Verify row coordinates and numeric columns, then match Schedule DB verification, custody/counterparty, cash settlement, hedged liability block, and related income."
CFAASDBPC-0118,469,04687#AH1,Structured Credit Callable Fixed Bond Replication,Interest Rate Swap,58003M-AE-6,MF1 2024-FL15 B,,"4,386,375","4,402,311","4,386,375","4,402,311",source-row-visible-component-columns-resolved,Schedule DB Part C names a derivative/synthetic-asset row and its cash-instrument CUSIP/description in the statutory source.,"Source-row identity and candidate columns are not settlement, counterparty remittance, hedge cost, liability allocation, borrower receipt, or Apollo owner cash.","Verify row coordinates and numeric columns, then match Schedule DB verification, custody/counterparty, cash settlement, hedged liability block, and related income."
CFAASDBPC-0119,469,04687#AH1,Structured Credit Callable Fixed Bond Replication,Interest Rate Swap,592918-AC-0,MF1 2025-B2 AS,"60,000,000","60,786,930",,"60,786,930",,source-row-visible-column-sparse,Schedule DB Part C names a derivative/synthetic-asset row and its cash-instrument CUSIP/description in the statutory source.,"Source-row identity and candidate columns are not settlement, counterparty remittance, hedge cost, liability allocation, borrower receipt, or Apollo owner cash.","Verify row coordinates and numeric columns, then match Schedule DB verification, custody/counterparty, cash settlement, hedged liability block, and related income."
CFAASDBPC-0120,469,04687#AH1,Structured Credit Callable Fixed Bond Replication,Interest Rate Swap,592918-AJ-5,MF1 2025-B2 D,"11,327,000","11,493,364",,"11,493,364",,source-row-visible-column-sparse,Schedule DB Part C names a derivative/synthetic-asset row and its cash-instrument CUSIP/description in the statutory source.,"Source-row identity and candidate columns are not settlement, counterparty remittance, hedge cost, liability allocation, borrower receipt, or Apollo owner cash.","Verify row coordinates and numeric columns, then match Schedule DB verification, custody/counterparty, cash settlement, hedged liability block, and related income."
CFAASDBPC-0121,469,04687#AH1,Structured Credit Callable Fixed Bond Replication,Interest Rate Swap,59319C-AG-0,MF1 2025-FL20 C,"11,970,000","11,990,654",,"11,990,654",,source-row-visible-column-sparse,Schedule DB Part C names a derivative/synthetic-asset row and its cash-instrument CUSIP/description in the statutory source.,"Source-row identity and candidate columns are not settlement, counterparty remittance, hedge cost, liability allocation, borrower receipt, or Apollo owner cash.","Verify row coordinates and numeric columns, then match Schedule DB verification, custody/counterparty, cash settlement, hedged liability block, and related income."
CFAASDBPC-0122,469,04687#AH1,Structured Credit Callable Fixed Bond Replication,Interest Rate Swap,69291W-AC-6,PFP 2024-11 AS,"16,962,927","17,020,487",,"17,020,487",,source-row-visible-column-sparse,Schedule DB Part C names a derivative/synthetic-asset row and its cash-instrument CUSIP/description in the statutory source.,"Source-row identity and candidate columns are not settlement, counterparty remittance, hedge cost, liability allocation, borrower receipt, or Apollo owner cash.","Verify row coordinates and numeric columns, then match Schedule DB verification, custody/counterparty, cash settlement, hedged liability block, and related income."
CFAASDBPC-0123,469,04687#AH1,Structured Credit Callable Fixed Bond Replication,Interest Rate Swap,69382J-AB-7,PFP 2025-12 AS,"11,093,973","11,148,080",,"11,148,080",,source-row-visible-column-sparse,Schedule DB Part C names a derivative/synthetic-asset row and its cash-instrument CUSIP/description in the statutory source.,"Source-row identity and candidate columns are not settlement, counterparty remittance, hedge cost, liability allocation, borrower receipt, or Apollo owner cash.","Verify row coordinates and numeric columns, then match Schedule DB verification, custody/counterparty, cash settlement, hedged liability block, and related income."
CFAASDBPC-0124,469,04687#AH1,Structured Credit Callable Fixed Bond Replication,Interest Rate Swap,69382J-AC-5,PFP 2025-12 B,,"5,537,156","5,562,039","5,537,156","5,562,039",source-row-visible-component-columns-resolved,Schedule DB Part C names a derivative/synthetic-asset row and its cash-instrument CUSIP/description in the statutory source.,"Source-row identity and candidate columns are not settlement, counterparty remittance, hedge cost, liability allocation, borrower receipt, or Apollo owner cash.","Verify row coordinates and numeric columns, then match Schedule DB verification, custody/counterparty, cash settlement, hedged liability block, and related income."
CFAASDBPC-0125,469,04687#AH1,Structured Credit Callable Fixed Bond Replication,Interest Rate Swap,69382J-AD-3,PFP 2025-12 C,,"8,217,779","8,254,527","8,217,779","8,254,527",source-row-visible-component-columns-resolved,Schedule DB Part C names a derivative/synthetic-asset row and its cash-instrument CUSIP/description in the statutory source.,"Source-row identity and candidate columns are not settlement, counterparty remittance, hedge cost, liability allocation, borrower receipt, or Apollo owner cash.","Verify row coordinates and numeric columns, then match Schedule DB verification, custody/counterparty, cash settlement, hedged liability block, and related income."
CFAASDBPC-0126,469,04687#AH1,Structured Credit Callable Fixed Bond Replication,Interest Rate Swap,70475#-AA-3,Project Pearl Financing,"12,000,000","12,043,200",,"12,043,200",,source-row-visible-column-sparse,Schedule DB Part C names a derivative/synthetic-asset row and its cash-instrument CUSIP/description in the statutory source.,"Source-row identity and candidate columns are not settlement, counterparty remittance, hedge cost, liability allocation, borrower receipt, or Apollo owner cash.","Verify row coordinates and numeric columns, then match Schedule DB verification, custody/counterparty, cash settlement, hedged liability block, and related income."
CFAASDBPC-0127,469,04687#AH1,Structured Credit Callable Fixed Bond Replication,Interest Rate Swap,751150-AA-1,RALI 2006-QO7 1A1,,"6,388,684","6,036,664","6,388,684","6,036,664",source-row-visible-component-columns-resolved,Schedule DB Part C names a derivative/synthetic-asset row and its cash-instrument CUSIP/description in the statutory source.,"Source-row identity and candidate columns are not settlement, counterparty remittance, hedge cost, liability allocation, borrower receipt, or Apollo owner cash.","Verify row coordinates and numeric columns, then match Schedule DB verification, custody/counterparty, cash settlement, hedged liability block, and related income."
CFAASDBPC-0128,469,04687#AH1,Structured Credit Callable Fixed Bond Replication,Interest Rate Swap,761118-WR-5,RALI 2006-QO3 A3,,"4,752,392","5,046,381","4,752,392","5,046,381",source-row-visible-component-columns-resolved,Schedule DB Part C names a derivative/synthetic-asset row and its cash-instrument CUSIP/description in the statutory source.,"Source-row identity and candidate columns are not settlement, counterparty remittance, hedge cost, liability allocation, borrower receipt, or Apollo owner cash.","Verify row coordinates and numeric columns, then match Schedule DB verification, custody/counterparty, cash settlement, hedged liability block, and related income."
CFAASDBPC-0129,469,04687#AH1,Structured Credit Callable Fixed Bond Replication,Interest Rate Swap,86361X-AA-7,SAMI 2006-AR8 A1BG,,"6,012,546","6,012,546","6,012,546","6,012,546",source-row-visible-component-columns-resolved,Schedule DB Part C names a derivative/synthetic-asset row and its cash-instrument CUSIP/description in the statutory source.,"Source-row identity and candidate columns are not settlement, counterparty remittance, hedge cost, liability allocation, borrower receipt, or Apollo owner cash.","Verify row coordinates and numeric columns, then match Schedule DB verification, custody/counterparty, cash settlement, hedged liability block, and related income."
CFAASDBPC-0130,469,04687#AH1,Structured Credit Callable Fixed Bond Replication,Interest Rate Swap,91835W-AA-7,Varde Partners Inc,"42,168,725",,"42,525,849",,"42,525,849",source-row-visible-column-sparse,Schedule DB Part C names a derivative/synthetic-asset row and its cash-instrument CUSIP/description in the statutory source.,"Source-row identity and candidate columns are not settlement, counterparty remittance, hedge cost, liability allocation, borrower receipt, or Apollo owner cash.","Verify row coordinates and numeric columns, then match Schedule DB verification, custody/counterparty, cash settlement, hedged liability block, and related income."
CFAASDBPC-0131,469,04687#AH1,Structured Credit Callable Fixed Bond Replication,Interest Rate Swap,91835W-AC-3,Varde Partners Inc,,"6,798,343|6,861,688",,"6,798,343|6,861,688",,source-row-visible-column-ambiguous,Schedule DB Part C names a derivative/synthetic-asset row and its cash-instrument CUSIP/description in the statutory source.,"Source-row identity and candidate columns are not settlement, counterparty remittance, hedge cost, liability allocation, borrower receipt, or Apollo owner cash.","Verify row coordinates and numeric columns, then match Schedule DB verification, custody/counterparty, cash settlement, hedged liability block, and related income."
CFAASDBPC-0132,469,04687#AH1,Structured Credit Callable Fixed Bond Replication,Interest Rate Swap,91835W-AE-9,Varde Partners Inc,,"5,404,046","5,455,453","5,404,046","5,455,453",source-row-visible-component-columns-resolved,Schedule DB Part C names a derivative/synthetic-asset row and its cash-instrument CUSIP/description in the statutory source.,"Source-row identity and candidate columns are not settlement, counterparty remittance, hedge cost, liability allocation, borrower receipt, or Apollo owner cash.","Verify row coordinates and numeric columns, then match Schedule DB verification, custody/counterparty, cash settlement, hedged liability block, and related income."
CFAASDBPC-0133,469,04687#AQ1,Structured Credit Callable Fixed Bond Replication,Interest Rate Swap,03665L-AN-3,ANTR 2018-3A A2R,"15,000,000","14,902,380",,"14,902,380",,source-row-visible-column-sparse,Schedule DB Part C names a derivative/synthetic-asset row and its cash-instrument CUSIP/description in the statutory source.,"Source-row identity and candidate columns are not settlement, counterparty remittance, hedge cost, liability allocation, borrower receipt, or Apollo owner cash.","Verify row coordinates and numeric columns, then match Schedule DB verification, custody/counterparty, cash settlement, hedged liability block, and related income."
CFAASDBPC-0134,469,04687#AQ1,Structured Credit Callable Fixed Bond Replication,Interest Rate Swap,03665L-AQ-6,ANTR 2018-3A BR,"51,500,000","50,997,154",,"50,997,154",,source-row-visible-column-sparse,Schedule DB Part C names a derivative/synthetic-asset row and its cash-instrument CUSIP/description in the statutory source.,"Source-row identity and candidate columns are not settlement, counterparty remittance, hedge cost, liability allocation, borrower receipt, or Apollo owner cash.","Verify row coordinates and numeric columns, then match Schedule DB verification, custody/counterparty, cash settlement, hedged liability block, and related income."
CFAASDBPC-0135,469,04687#AQ1,Structured Credit Callable Fixed Bond Replication,Interest Rate Swap,06763D-AF-2,BABSN 2024-4A D1,"8,000,000",,"7,979,232",,"7,979,232",source-row-visible-column-sparse,Schedule DB Part C names a derivative/synthetic-asset row and its cash-instrument CUSIP/description in the statutory source.,"Source-row identity and candidate columns are not settlement, counterparty remittance, hedge cost, liability allocation, borrower receipt, or Apollo owner cash.","Verify row coordinates and numeric columns, then match Schedule DB verification, custody/counterparty, cash settlement, hedged liability block, and related income."
CFAASDBPC-0136,469,04687#AQ1,Structured Credit Callable Fixed Bond Replication,Interest Rate Swap,12553D-AW-7,CIFC 2019-1A BR2,"8,000,000",,"7,985,360",,"7,985,360",source-row-visible-column-sparse,Schedule DB Part C names a derivative/synthetic-asset row and its cash-instrument CUSIP/description in the statutory source.,"Source-row identity and candidate columns are not settlement, counterparty remittance, hedge cost, liability allocation, borrower receipt, or Apollo owner cash.","Verify row coordinates and numeric columns, then match Schedule DB verification, custody/counterparty, cash settlement, hedged liability block, and related income."
CFAASDBPC-0137,469,04687#AQ1,Structured Credit Callable Fixed Bond Replication,Interest Rate Swap,25255L-AU-6,DCLO 2021-2A A2R,"27,000,000","27,046,035",,"27,046,035",,source-row-visible-column-sparse,Schedule DB Part C names a derivative/synthetic-asset row and its cash-instrument CUSIP/description in the statutory source.,"Source-row identity and candidate columns are not settlement, counterparty remittance, hedge cost, liability allocation, borrower receipt, or Apollo owner cash.","Verify row coordinates and numeric columns, then match Schedule DB verification, custody/counterparty, cash settlement, hedged liability block, and related income."
CFAASDBPC-0138,469,04687#AQ1,Structured Credit Callable Fixed Bond Replication,Interest Rate Swap,25255R-AS-8,DCLO 2023-5A C1R,,"7,695,000","7,721,840","7,695,000","7,721,840",source-row-visible-component-columns-resolved,Schedule DB Part C names a derivative/synthetic-asset row and its cash-instrument CUSIP/description in the statutory source.,"Source-row identity and candidate columns are not settlement, counterparty remittance, hedge cost, liability allocation, borrower receipt, or Apollo owner cash.","Verify row coordinates and numeric columns, then match Schedule DB verification, custody/counterparty, cash settlement, hedged liability block, and related income."
CFAASDBPC-0139,469,04687#AQ1,Structured Credit Callable Fixed Bond Replication,Interest Rate Swap,29001M-AE-9,ELM34 2024-10A B,"60,000,000","60,104,280",,"60,104,280",,source-row-visible-column-sparse,Schedule DB Part C names a derivative/synthetic-asset row and its cash-instrument CUSIP/description in the statutory source.,"Source-row identity and candidate columns are not settlement, counterparty remittance, hedge cost, liability allocation, borrower receipt, or Apollo owner cash.","Verify row coordinates and numeric columns, then match Schedule DB verification, custody/counterparty, cash settlement, hedged liability block, and related income."
CFAASDBPC-0140,469,04687#AQ1,Structured Credit Callable Fixed Bond Replication,Interest Rate Swap,74971C-AN-3,RRAM 2021-16A BR,"33,950,000","33,871,406",,"33,871,406",,source-row-visible-column-sparse,Schedule DB Part C names a derivative/synthetic-asset row and its cash-instrument CUSIP/description in the statutory source.,"Source-row identity and candidate columns are not settlement, counterparty remittance, hedge cost, liability allocation, borrower receipt, or Apollo owner cash.","Verify row coordinates and numeric columns, then match Schedule DB verification, custody/counterparty, cash settlement, hedged liability block, and related income."
CFAASDBPC-0141,469,04687#AQ1,Structured Credit Callable Fixed Bond Replication,Interest Rate Swap,749752-AU-5,RRAM 2021-18A C1R,"27,570,000","27,569,063",,"27,569,063",,source-row-visible-column-sparse,Schedule DB Part C names a derivative/synthetic-asset row and its cash-instrument CUSIP/description in the statutory source.,"Source-row identity and candidate columns are not settlement, counterparty remittance, hedge cost, liability allocation, borrower receipt, or Apollo owner cash.","Verify row coordinates and numeric columns, then match Schedule DB verification, custody/counterparty, cash settlement, hedged liability block, and related income."
CFAASDBPC-0142,469,04687#AQ1,Structured Credit Callable Fixed Bond Replication,Interest Rate Swap,749764-AJ-5,RRAM 2025-41A C1A,"15,075,000","14,952,983",,"14,952,983",,source-row-visible-column-sparse,Schedule DB Part C names a derivative/synthetic-asset row and its cash-instrument CUSIP/description in the statutory source.,"Source-row identity and candidate columns are not settlement, counterparty remittance, hedge cost, liability allocation, borrower receipt, or Apollo owner cash.","Verify row coordinates and numeric columns, then match Schedule DB verification, custody/counterparty, cash settlement, hedged liability block, and related income."
CFAASDBPC-0143,469,04687#AQ1,Structured Credit Callable Fixed Bond Replication,Interest Rate Swap,74980Q-AS-0,RRAM 2021-17A BR,"44,160,000","44,057,549",,"44,057,549",,source-row-visible-column-sparse,Schedule DB Part C names a derivative/synthetic-asset row and its cash-instrument CUSIP/description in the statutory source.,"Source-row identity and candidate columns are not settlement, counterparty remittance, hedge cost, liability allocation, borrower receipt, or Apollo owner cash.","Verify row coordinates and numeric columns, then match Schedule DB verification, custody/counterparty, cash settlement, hedged liability block, and related income."
CFAASDBPC-0144,469,04687#AC2,Structured Credit Fixed Bond Replication,Interest Rate Swap,00092P-AJ-2,AIMCO 2025-24A C,"878,000","874,880",,"874,880",,source-row-visible-column-sparse,Schedule DB Part C names a derivative/synthetic-asset row and its cash-instrument CUSIP/description in the statutory source.,"Source-row identity and candidate columns are not settlement, counterparty remittance, hedge cost, liability allocation, borrower receipt, or Apollo owner cash.","Verify row coordinates and numeric columns, then match Schedule DB verification, custody/counterparty, cash settlement, hedged liability block, and related income."
CFAASDBPC-0145,470,04687#AC2,Structured Credit Fixed Bond Replication,Interest Rate Swap,00092P-AL-7,AIMCO 2025-24A D,"1,173,000",,"1,172,578",,"1,172,578",source-row-visible-column-sparse,Schedule DB Part C names a derivative/synthetic-asset row and its cash-instrument CUSIP/description in the statutory source.,"Source-row identity and candidate columns are not settlement, counterparty remittance, hedge cost, liability allocation, borrower receipt, or Apollo owner cash.","Verify row coordinates and numeric columns, then match Schedule DB verification, custody/counterparty, cash settlement, hedged liability block, and related income."
CFAASDBPC-0146,470,04687#AC2,Structured Credit Fixed Bond Replication,Interest Rate Swap,00121P-AJ-7,AGL 2025-41A D1,,"1,625,000","1,619,626","1,625,000","1,619,626",source-row-visible-component-columns-resolved,Schedule DB Part C names a derivative/synthetic-asset row and its cash-instrument CUSIP/description in the statutory source.,"Source-row identity and candidate columns are not settlement, counterparty remittance, hedge cost, liability allocation, borrower receipt, or Apollo owner cash.","Verify row coordinates and numeric columns, then match Schedule DB verification, custody/counterparty, cash settlement, hedged liability block, and related income."
CFAASDBPC-0147,470,04687#AC2,Structured Credit Fixed Bond Replication,Interest Rate Swap,03330D-AA-4,ANCHF 2024-17A A,"7,500,000",,"7,506,893",,"7,506,893",source-row-visible-column-sparse,Schedule DB Part C names a derivative/synthetic-asset row and its cash-instrument CUSIP/description in the statutory source.,"Source-row identity and candidate columns are not settlement, counterparty remittance, hedge cost, liability allocation, borrower receipt, or Apollo owner cash.","Verify row coordinates and numeric columns, then match Schedule DB verification, custody/counterparty, cash settlement, hedged liability block, and related income."
CFAASDBPC-0148,470,04687#AC2,Structured Credit Fixed Bond Replication,Interest Rate Swap,03330D-AC-0,ANCHF 2024-17A B,,"3,454,000","3,460,842","3,454,000","3,460,842",source-row-visible-component-columns-resolved,Schedule DB Part C names a derivative/synthetic-asset row and its cash-instrument CUSIP/description in the statutory source.,"Source-row identity and candidate columns are not settlement, counterparty remittance, hedge cost, liability allocation, borrower receipt, or Apollo owner cash.","Verify row coordinates and numeric columns, then match Schedule DB verification, custody/counterparty, cash settlement, hedged liability block, and related income."
CFAASDBPC-0149,470,04687#AC2,Structured Credit Fixed Bond Replication,Interest Rate Swap,03330D-AE-6,ANCHF 2024-17A C,,"1,035,000","1,036,566","1,035,000","1,036,566",source-row-visible-component-columns-resolved,Schedule DB Part C names a derivative/synthetic-asset row and its cash-instrument CUSIP/description in the statutory source.,"Source-row identity and candidate columns are not settlement, counterparty remittance, hedge cost, liability allocation, borrower receipt, or Apollo owner cash.","Verify row coordinates and numeric columns, then match Schedule DB verification, custody/counterparty, cash settlement, hedged liability block, and related income."
CFAASDBPC-0150,470,04687#AC2,Structured Credit Fixed Bond Replication,Interest Rate Swap,03330D-AG-1,ANCHF 2024-17A D1,"920,000","922,109",,"922,109",,source-row-visible-column-sparse,Schedule DB Part C names a derivative/synthetic-asset row and its cash-instrument CUSIP/description in the statutory source.,"Source-row identity and candidate columns are not settlement, counterparty remittance, hedge cost, liability allocation, borrower receipt, or Apollo owner cash.","Verify row coordinates and numeric columns, then match Schedule DB verification, custody/counterparty, cash settlement, hedged liability block, and related income."
CFAASDBPC-0151,470,04687#AC2,Structured Credit Fixed Bond Replication,Interest Rate Swap,03990K-AJ-0,ARES 2025-77A D1,"1,100,000",,"1,103,453",,"1,103,453",source-row-visible-column-sparse,Schedule DB Part C names a derivative/synthetic-asset row and its cash-instrument CUSIP/description in the statutory source.,"Source-row identity and candidate columns are not settlement, counterparty remittance, hedge cost, liability allocation, borrower receipt, or Apollo owner cash.","Verify row coordinates and numeric columns, then match Schedule DB verification, custody/counterparty, cash settlement, hedged liability block, and related income."
CFAASDBPC-0152,470,04687#AC2,Structured Credit Fixed Bond Replication,Interest Rate Swap,04020T-AG-9,ARES 2024-ALF6A C,"1,960,000",,"1,962,979",,"1,962,979",source-row-visible-column-sparse,Schedule DB Part C names a derivative/synthetic-asset row and its cash-instrument CUSIP/description in the statutory source.,"Source-row identity and candidate columns are not settlement, counterparty remittance, hedge cost, liability allocation, borrower receipt, or Apollo owner cash.","Verify row coordinates and numeric columns, then match Schedule DB verification, custody/counterparty, cash settlement, hedged liability block, and related income."
CFAASDBPC-0153,470,04687#AC2,Structured Credit Fixed Bond Replication,Interest Rate Swap,04020T-AJ-3,ARES 2024-ALF6A D,"2,100,000",,"2,094,742",,"2,094,742",source-row-visible-column-sparse,Schedule DB Part C names a derivative/synthetic-asset row and its cash-instrument CUSIP/description in the statutory source.,"Source-row identity and candidate columns are not settlement, counterparty remittance, hedge cost, liability allocation, borrower receipt, or Apollo owner cash.","Verify row coordinates and numeric columns, then match Schedule DB verification, custody/counterparty, cash settlement, hedged liability block, and related income."
CFAASDBPC-0154,470,04687#AC2,Structured Credit Fixed Bond Replication,Interest Rate Swap,04020W-AG-2,ARES 2024-72A C,"2,700,000",,"2,704,901",,"2,704,901",source-row-visible-column-sparse,Schedule DB Part C names a derivative/synthetic-asset row and its cash-instrument CUSIP/description in the statutory source.,"Source-row identity and candidate columns are not settlement, counterparty remittance, hedge cost, liability allocation, borrower receipt, or Apollo owner cash.","Verify row coordinates and numeric columns, then match Schedule DB verification, custody/counterparty, cash settlement, hedged liability block, and related income."
CFAASDBPC-0155,470,04687#AC2,Structured Credit Fixed Bond Replication,Interest Rate Swap,04020W-AJ-6,ARES 2024-72A D,"5,000,000",,"4,990,510",,"4,990,510",source-row-visible-column-sparse,Schedule DB Part C names a derivative/synthetic-asset row and its cash-instrument CUSIP/description in the statutory source.,"Source-row identity and candidate columns are not settlement, counterparty remittance, hedge cost, liability allocation, borrower receipt, or Apollo owner cash.","Verify row coordinates and numeric columns, then match Schedule DB verification, custody/counterparty, cash settlement, hedged liability block, and related income."
CFAASDBPC-0156,470,04687#AC2,Structured Credit Fixed Bond Replication,Interest Rate Swap,05555J-AG-1,BBAM 2024-4A B,"1,600,000",,"1,605,758",,"1,605,758",source-row-visible-column-sparse,Schedule DB Part C names a derivative/synthetic-asset row and its cash-instrument CUSIP/description in the statutory source.,"Source-row identity and candidate columns are not settlement, counterparty remittance, hedge cost, liability allocation, borrower receipt, or Apollo owner cash.","Verify row coordinates and numeric columns, then match Schedule DB verification, custody/counterparty, cash settlement, hedged liability block, and related income."
CFAASDBPC-0157,470,04687#AC2,Structured Credit Fixed Bond Replication,Interest Rate Swap,05876H-AJ-1,BALLY 2024-28A C1,,"1,403,931","1,497,975","1,403,931","1,497,975",source-row-visible-component-columns-resolved,Schedule DB Part C names a derivative/synthetic-asset row and its cash-instrument CUSIP/description in the statutory source.,"Source-row identity and candidate columns are not settlement, counterparty remittance, hedge cost, liability allocation, borrower receipt, or Apollo owner cash.","Verify row coordinates and numeric columns, then match Schedule DB verification, custody/counterparty, cash settlement, hedged liability block, and related income."
CFAASDBPC-0158,470,04687#AC2,Structured Credit Fixed Bond Replication,Interest Rate Swap,06764L-AE-6,BABSN 2025-2A D1,"950,000","949,691",,"949,691",,source-row-visible-column-sparse,Schedule DB Part C names a derivative/synthetic-asset row and its cash-instrument CUSIP/description in the statutory source.,"Source-row identity and candidate columns are not settlement, counterparty remittance, hedge cost, liability allocation, borrower receipt, or Apollo owner cash.","Verify row coordinates and numeric columns, then match Schedule DB verification, custody/counterparty, cash settlement, hedged liability block, and related income."
CFAASDBPC-0159,470,04687#AC2,Structured Credit Fixed Bond Replication,Interest Rate Swap,12572V-AE-4,CIFC 2025-1A C,"247,259","250,320",,"250,320",,source-row-visible-column-sparse,Schedule DB Part C names a derivative/synthetic-asset row and its cash-instrument CUSIP/description in the statutory source.,"Source-row identity and candidate columns are not settlement, counterparty remittance, hedge cost, liability allocation, borrower receipt, or Apollo owner cash.","Verify row coordinates and numeric columns, then match Schedule DB verification, custody/counterparty, cash settlement, hedged liability block, and related income."
CFAASDBPC-0160,470,04687#AC2,Structured Credit Fixed Bond Replication,Interest Rate Swap,14316K-BC-8,CGMS 2021-2A D1R,"480,792","500,637",,"500,637",,source-row-visible-column-sparse,Schedule DB Part C names a derivative/synthetic-asset row and its cash-instrument CUSIP/description in the statutory source.,"Source-row identity and candidate columns are not settlement, counterparty remittance, hedge cost, liability allocation, borrower receipt, or Apollo owner cash.","Verify row coordinates and numeric columns, then match Schedule DB verification, custody/counterparty, cash settlement, hedged liability block, and related income."
CFAASDBPC-0161,470,04687#AC2,Structured Credit Fixed Bond Replication,Interest Rate Swap,14320E-AE-3,CGMS 2025-3A C,,"1,525,000","1,516,318","1,525,000","1,516,318",source-row-visible-component-columns-resolved,Schedule DB Part C names a derivative/synthetic-asset row and its cash-instrument CUSIP/description in the statutory source.,"Source-row identity and candidate columns are not settlement, counterparty remittance, hedge cost, liability allocation, borrower receipt, or Apollo owner cash.","Verify row coordinates and numeric columns, then match Schedule DB verification, custody/counterparty, cash settlement, hedged liability block, and related income."
CFAASDBPC-0162,470,04687#AC2,Structured Credit Fixed Bond Replication,Interest Rate Swap,14320E-AG-8,CGMS 2025-3A D,"1,850,000",,"1,843,038",,"1,843,038",source-row-visible-column-sparse,Schedule DB Part C names a derivative/synthetic-asset row and its cash-instrument CUSIP/description in the statutory source.,"Source-row identity and candidate columns are not settlement, counterparty remittance, hedge cost, liability allocation, borrower receipt, or Apollo owner cash.","Verify row coordinates and numeric columns, then match Schedule DB verification, custody/counterparty, cash settlement, hedged liability block, and related income."
CFAASDBPC-0163,470,04687#AC2,Structured Credit Fixed Bond Replication,Interest Rate Swap,29003Y-AQ-4,ELM23 2023-2A DR,"620,000","618,309",,"618,309",,source-row-visible-column-sparse,Schedule DB Part C names a derivative/synthetic-asset row and its cash-instrument CUSIP/description in the statutory source.,"Source-row identity and candidate columns are not settlement, counterparty remittance, hedge cost, liability allocation, borrower receipt, or Apollo owner cash.","Verify row coordinates and numeric columns, then match Schedule DB verification, custody/counterparty, cash settlement, hedged liability block, and related income."
CFAASDBPC-0164,470,04687#AC2,Structured Credit Fixed Bond Replication,Interest Rate Swap,29005B-AE-9,ELM41 2025-4A C,"525,000","523,111",,"523,111",,source-row-visible-column-sparse,Schedule DB Part C names a derivative/synthetic-asset row and its cash-instrument CUSIP/description in the statutory source.,"Source-row identity and candidate columns are not settlement, counterparty remittance, hedge cost, liability allocation, borrower receipt, or Apollo owner cash.","Verify row coordinates and numeric columns, then match Schedule DB verification, custody/counterparty, cash settlement, hedged liability block, and related income."
CFAASDBPC-0165,470,04687#AC2,Structured Credit Fixed Bond Replication,Interest Rate Swap,29005B-AG-4,ELM41 2025-4A D,"975,000","974,632",,"974,632",,source-row-visible-column-sparse,Schedule DB Part C names a derivative/synthetic-asset row and its cash-instrument CUSIP/description in the statutory source.,"Source-row identity and candidate columns are not settlement, counterparty remittance, hedge cost, liability allocation, borrower receipt, or Apollo owner cash.","Verify row coordinates and numeric columns, then match Schedule DB verification, custody/counterparty, cash settlement, hedged liability block, and related income."
CFAASDBPC-0166,470,04687#AC2,Structured Credit Fixed Bond Replication,Interest Rate Swap,34966G-AE-5,FCBSL 2024-2A C,"1,000,000",,"1,004,031",,"1,004,031",source-row-visible-column-sparse,Schedule DB Part C names a derivative/synthetic-asset row and its cash-instrument CUSIP/description in the statutory source.,"Source-row identity and candidate columns are not settlement, counterparty remittance, hedge cost, liability allocation, borrower receipt, or Apollo owner cash.","Verify row coordinates and numeric columns, then match Schedule DB verification, custody/counterparty, cash settlement, hedged liability block, and related income."
CFAASDBPC-0167,470,04687#AC2,Structured Credit Fixed Bond Replication,Interest Rate Swap,34966G-AG-0,FCBSL 2024-2A D1A,"1,500,000",,"1,512,900",,"1,512,900",source-row-visible-column-sparse,Schedule DB Part C names a derivative/synthetic-asset row and its cash-instrument CUSIP/description in the statutory source.,"Source-row identity and candidate columns are not settlement, counterparty remittance, hedge cost, liability allocation, borrower receipt, or Apollo owner cash.","Verify row coordinates and numeric columns, then match Schedule DB verification, custody/counterparty, cash settlement, hedged liability block, and related income."
CFAASDBPC-0168,470,04687#AC2,Structured Credit Fixed Bond Replication,Interest Rate Swap,35138C-AE-4,Fox Hedge LP - B,"34,000,000","34,000,000",,"34,000,000",,source-row-visible-column-sparse,Schedule DB Part C names a derivative/synthetic-asset row and its cash-instrument CUSIP/description in the statutory source.,"Source-row identity and candidate columns are not settlement, counterparty remittance, hedge cost, liability allocation, borrower receipt, or Apollo owner cash.","Verify row coordinates and numeric columns, then match Schedule DB verification, custody/counterparty, cash settlement, hedged liability block, and related income."
CFAASDBPC-0169,470,04687#AC2,Structured Credit Fixed Bond Replication,Interest Rate Swap,35138C-AF-1,Fox Hedge LP - C,"21,500,000","21,500,000",,"21,500,000",,source-row-visible-column-sparse,Schedule DB Part C names a derivative/synthetic-asset row and its cash-instrument CUSIP/description in the statutory source.,"Source-row identity and candidate columns are not settlement, counterparty remittance, hedge cost, liability allocation, borrower receipt, or Apollo owner cash.","Verify row coordinates and numeric columns, then match Schedule DB verification, custody/counterparty, cash settlement, hedged liability block, and related income."
CFAASDBPC-0170,470,04687#AC2,Structured Credit Fixed Bond Replication,Interest Rate Swap,48250E-BG-9,KKR 30A CR2,"1,200,000",,"1,202,550",,"1,202,550",source-row-visible-column-sparse,Schedule DB Part C names a derivative/synthetic-asset row and its cash-instrument CUSIP/description in the statutory source.,"Source-row identity and candidate columns are not settlement, counterparty remittance, hedge cost, liability allocation, borrower receipt, or Apollo owner cash.","Verify row coordinates and numeric columns, then match Schedule DB verification, custody/counterparty, cash settlement, hedged liability block, and related income."
CFAASDBPC-0171,470,04687#AC2,Structured Credit Fixed Bond Replication,Interest Rate Swap,55823D-AG-5,MDPK 2025-72A C,"1,675,000","1,664,801",,"1,664,801",,source-row-visible-column-sparse,Schedule DB Part C names a derivative/synthetic-asset row and its cash-instrument CUSIP/description in the statutory source.,"Source-row identity and candidate columns are not settlement, counterparty remittance, hedge cost, liability allocation, borrower receipt, or Apollo owner cash.","Verify row coordinates and numeric columns, then match Schedule DB verification, custody/counterparty, cash settlement, hedged liability block, and related income."
CFAASDBPC-0172,470,04687#AC2,Structured Credit Fixed Bond Replication,Interest Rate Swap,55823D-AJ-9,MDPK 2025-72A D1,"1,675,000","1,669,168",,"1,669,168",,source-row-visible-column-sparse,Schedule DB Part C names a derivative/synthetic-asset row and its cash-instrument CUSIP/description in the statutory source.,"Source-row identity and candidate columns are not settlement, counterparty remittance, hedge cost, liability allocation, borrower receipt, or Apollo owner cash.","Verify row coordinates and numeric columns, then match Schedule DB verification, custody/counterparty, cash settlement, hedged liability block, and related income."
CFAASDBPC-0173,470,04687#AC2,Structured Credit Fixed Bond Replication,Interest Rate Swap,55953Y-AU-0,MAGNE 2022-33A DR,"494,197","498,710",,"498,710",,source-row-visible-column-sparse,Schedule DB Part C names a derivative/synthetic-asset row and its cash-instrument CUSIP/description in the statutory source.,"Source-row identity and candidate columns are not settlement, counterparty remittance, hedge cost, liability allocation, borrower receipt, or Apollo owner cash.","Verify row coordinates and numeric columns, then match Schedule DB verification, custody/counterparty, cash settlement, hedged liability block, and related income."
CFAASDBPC-0174,470,04687#AC2,Structured Credit Fixed Bond Replication,Interest Rate Swap,55956M-AG-4,MAGNE 2025-50A C,"515,000","512,042",,"512,042",,source-row-visible-column-sparse,Schedule DB Part C names a derivative/synthetic-asset row and its cash-instrument CUSIP/description in the statutory source.,"Source-row identity and candidate columns are not settlement, counterparty remittance, hedge cost, liability allocation, borrower receipt, or Apollo owner cash.","Verify row coordinates and numeric columns, then match Schedule DB verification, custody/counterparty, cash settlement, hedged liability block, and related income."
CFAASDBPC-0175,471,04687#AC2,Structured Credit Fixed Bond Replication,Interest Rate Swap,55956M-AJ-8,MAGNE 2025-50A D1,,"1,920,000","1,912,668","1,920,000","1,912,668",source-row-visible-component-columns-resolved,Schedule DB Part C names a derivative/synthetic-asset row and its cash-instrument CUSIP/description in the statutory source.,"Source-row identity and candidate columns are not settlement, counterparty remittance, hedge cost, liability allocation, borrower receipt, or Apollo owner cash.","Verify row coordinates and numeric columns, then match Schedule DB verification, custody/counterparty, cash settlement, hedged liability block, and related income."
CFAASDBPC-0176,471,04687#AC2,Structured Credit Fixed Bond Replication,Interest Rate Swap,57068U-AG-7,MKTST 2025-1A C,"875,000","882,163",,"882,163",,source-row-visible-column-sparse,Schedule DB Part C names a derivative/synthetic-asset row and its cash-instrument CUSIP/description in the statutory source.,"Source-row identity and candidate columns are not settlement, counterparty remittance, hedge cost, liability allocation, borrower receipt, or Apollo owner cash.","Verify row coordinates and numeric columns, then match Schedule DB verification, custody/counterparty, cash settlement, hedged liability block, and related income."
CFAASDBPC-0177,471,04687#AC2,Structured Credit Fixed Bond Replication,Interest Rate Swap,57068U-AJ-1,MKTST 2025-1A D1,"950,000","949,947",,"949,947",,source-row-visible-column-sparse,Schedule DB Part C names a derivative/synthetic-asset row and its cash-instrument CUSIP/description in the statutory source.,"Source-row identity and candidate columns are not settlement, counterparty remittance, hedge cost, liability allocation, borrower receipt, or Apollo owner cash.","Verify row coordinates and numeric columns, then match Schedule DB verification, custody/counterparty, cash settlement, hedged liability block, and related income."
CFAASDBPC-0178,471,04687#AC2,Structured Credit Fixed Bond Replication,Interest Rate Swap,64135W-AS-2,NEUB 2023-53A D1R,,"2,945,685","2,999,823","2,945,685","2,999,823",source-row-visible-component-columns-resolved,Schedule DB Part C names a derivative/synthetic-asset row and its cash-instrument CUSIP/description in the statutory source.,"Source-row identity and candidate columns are not settlement, counterparty remittance, hedge cost, liability allocation, borrower receipt, or Apollo owner cash.","Verify row coordinates and numeric columns, then match Schedule DB verification, custody/counterparty, cash settlement, hedged liability block, and related income."
CFAASDBPC-0179,471,04687#AC2,Structured Credit Fixed Bond Replication,Interest Rate Swap,670891-AN-0,OCP 2023-28A CR,"600,000","597,974",,"597,974",,source-row-visible-column-sparse,Schedule DB Part C names a derivative/synthetic-asset row and its cash-instrument CUSIP/description in the statutory source.,"Source-row identity and candidate columns are not settlement, counterparty remittance, hedge cost, liability allocation, borrower receipt, or Apollo owner cash.","Verify row coordinates and numeric columns, then match Schedule DB verification, custody/counterparty, cash settlement, hedged liability block, and related income."
CFAASDBPC-0180,471,04687#AC2,Structured Credit Fixed Bond Replication,Interest Rate Swap,670891-AQ-3,OCP 2023-28A D1R,"443,000","443,281",,"443,281",,source-row-visible-column-sparse,Schedule DB Part C names a derivative/synthetic-asset row and its cash-instrument CUSIP/description in the statutory source.,"Source-row identity and candidate columns are not settlement, counterparty remittance, hedge cost, liability allocation, borrower receipt, or Apollo owner cash.","Verify row coordinates and numeric columns, then match Schedule DB verification, custody/counterparty, cash settlement, hedged liability block, and related income."
CFAASDBPC-0181,471,04687#AC2,Structured Credit Fixed Bond Replication,Interest Rate Swap,67117T-AU-9,OCP 2021-22A D1R,,"1,474,778","1,497,063","1,474,778","1,497,063",source-row-visible-component-columns-resolved,Schedule DB Part C names a derivative/synthetic-asset row and its cash-instrument CUSIP/description in the statutory source.,"Source-row identity and candidate columns are not settlement, counterparty remittance, hedge cost, liability allocation, borrower receipt, or Apollo owner cash.","Verify row coordinates and numeric columns, then match Schedule DB verification, custody/counterparty, cash settlement, hedged liability block, and related income."
CFAASDBPC-0182,471,04687#AC2,Structured Credit Fixed Bond Replication,Interest Rate Swap,67403H-AE-4,OAKCL 2024-28A C,"900,229","897,061",,"897,061",,source-row-visible-column-sparse,Schedule DB Part C names a derivative/synthetic-asset row and its cash-instrument CUSIP/description in the statutory source.,"Source-row identity and candidate columns are not settlement, counterparty remittance, hedge cost, liability allocation, borrower receipt, or Apollo owner cash.","Verify row coordinates and numeric columns, then match Schedule DB verification, custody/counterparty, cash settlement, hedged liability block, and related income."
CFAASDBPC-0183,471,04687#AC2,Structured Credit Fixed Bond Replication,Interest Rate Swap,674436-AE-0,OBRAC 2025-2A B,,"2,356,000","2,343,782","2,356,000","2,343,782",source-row-visible-component-columns-resolved,Schedule DB Part C names a derivative/synthetic-asset row and its cash-instrument CUSIP/description in the statutory source.,"Source-row identity and candidate columns are not settlement, counterparty remittance, hedge cost, liability allocation, borrower receipt, or Apollo owner cash.","Verify row coordinates and numeric columns, then match Schedule DB verification, custody/counterparty, cash settlement, hedged liability block, and related income."
CFAASDBPC-0184,471,04687#AC2,Structured Credit Fixed Bond Replication,Interest Rate Swap,674436-AG-5,OBRAC 2025-2A C,"950,000","945,372",,"945,372",,source-row-visible-column-sparse,Schedule DB Part C names a derivative/synthetic-asset row and its cash-instrument CUSIP/description in the statutory source.,"Source-row identity and candidate columns are not settlement, counterparty remittance, hedge cost, liability allocation, borrower receipt, or Apollo owner cash.","Verify row coordinates and numeric columns, then match Schedule DB verification, custody/counterparty, cash settlement, hedged liability block, and related income."
CFAASDBPC-0185,471,04687#AC2,Structured Credit Fixed Bond Replication,Interest Rate Swap,674436-AJ-9,OBRAC 2025-2A D1,"931,000","925,833",,"925,833",,source-row-visible-column-sparse,Schedule DB Part C names a derivative/synthetic-asset row and its cash-instrument CUSIP/description in the statutory source.,"Source-row identity and candidate columns are not settlement, counterparty remittance, hedge cost, liability allocation, borrower receipt, or Apollo owner cash.","Verify row coordinates and numeric columns, then match Schedule DB verification, custody/counterparty, cash settlement, hedged liability block, and related income."
CFAASDBPC-0186,471,04687#AC2,Structured Credit Fixed Bond Replication,Interest Rate Swap,67578U-AG-9,OCT69 2024-3A C,"910,000","910,511",,"910,511",,source-row-visible-column-sparse,Schedule DB Part C names a derivative/synthetic-asset row and its cash-instrument CUSIP/description in the statutory source.,"Source-row identity and candidate columns are not settlement, counterparty remittance, hedge cost, liability allocation, borrower receipt, or Apollo owner cash.","Verify row coordinates and numeric columns, then match Schedule DB verification, custody/counterparty, cash settlement, hedged liability block, and related income."
CFAASDBPC-0187,471,04687#AC2,Structured Credit Fixed Bond Replication,Interest Rate Swap,675947-AU-9,OCT61 2023-2A D1R,"400,000","399,974",,"399,974",,source-row-visible-column-sparse,Schedule DB Part C names a derivative/synthetic-asset row and its cash-instrument CUSIP/description in the statutory source.,"Source-row identity and candidate columns are not settlement, counterparty remittance, hedge cost, liability allocation, borrower receipt, or Apollo owner cash.","Verify row coordinates and numeric columns, then match Schedule DB verification, custody/counterparty, cash settlement, hedged liability block, and related income."
CFAASDBPC-0188,471,04687#AC2,Structured Credit Fixed Bond Replication,Interest Rate Swap,68627C-AC-7,ANTOR 2025-5A B,"1,750,000",,"1,744,426",,"1,744,426",source-row-visible-column-sparse,Schedule DB Part C names a derivative/synthetic-asset row and its cash-instrument CUSIP/description in the statutory source.,"Source-row identity and candidate columns are not settlement, counterparty remittance, hedge cost, liability allocation, borrower receipt, or Apollo owner cash.","Verify row coordinates and numeric columns, then match Schedule DB verification, custody/counterparty, cash settlement, hedged liability block, and related income."
CFAASDBPC-0189,471,04687#AC2,Structured Credit Fixed Bond Replication,Interest Rate Swap,68627C-AE-3,ANTOR 2025-5A C,"1,050,000",,"1,047,152",,"1,047,152",source-row-visible-column-sparse,Schedule DB Part C names a derivative/synthetic-asset row and its cash-instrument CUSIP/description in the statutory source.,"Source-row identity and candidate columns are not settlement, counterparty remittance, hedge cost, liability allocation, borrower receipt, or Apollo owner cash.","Verify row coordinates and numeric columns, then match Schedule DB verification, custody/counterparty, cash settlement, hedged liability block, and related income."
CFAASDBPC-0190,471,04687#AC2,Structured Credit Fixed Bond Replication,Interest Rate Swap,68627C-AG-8,ANTOR 2025-5A D1,"1,000,000","999,951",,"999,951",,source-row-visible-column-sparse,Schedule DB Part C names a derivative/synthetic-asset row and its cash-instrument CUSIP/description in the statutory source.,"Source-row identity and candidate columns are not settlement, counterparty remittance, hedge cost, liability allocation, borrower receipt, or Apollo owner cash.","Verify row coordinates and numeric columns, then match Schedule DB verification, custody/counterparty, cash settlement, hedged liability block, and related income."
CFAASDBPC-0191,471,04687#AC2,Structured Credit Fixed Bond Replication,Interest Rate Swap,70019C-AG-0,PKBLU 2024-5A C,,"1,540,000","1,542,068","1,540,000","1,542,068",source-row-visible-component-columns-resolved,Schedule DB Part C names a derivative/synthetic-asset row and its cash-instrument CUSIP/description in the statutory source.,"Source-row identity and candidate columns are not settlement, counterparty remittance, hedge cost, liability allocation, borrower receipt, or Apollo owner cash.","Verify row coordinates and numeric columns, then match Schedule DB verification, custody/counterparty, cash settlement, hedged liability block, and related income."
CFAASDBPC-0192,471,04687#AC2,Structured Credit Fixed Bond Replication,Interest Rate Swap,72132E-AJ-8,PIPK 2024-16A D1,,"2,300,000","2,304,138","2,300,000","2,304,138",source-row-visible-component-columns-resolved,Schedule DB Part C names a derivative/synthetic-asset row and its cash-instrument CUSIP/description in the statutory source.,"Source-row identity and candidate columns are not settlement, counterparty remittance, hedge cost, liability allocation, borrower receipt, or Apollo owner cash.","Verify row coordinates and numeric columns, then match Schedule DB verification, custody/counterparty, cash settlement, hedged liability block, and related income."
CFAASDBPC-0193,471,04687#AC2,Structured Credit Fixed Bond Replication,Interest Rate Swap,749762-AE-0,RRAM 2025-40A B,"2,100,000",,"2,088,435",,"2,088,435",source-row-visible-column-sparse,Schedule DB Part C names a derivative/synthetic-asset row and its cash-instrument CUSIP/description in the statutory source.,"Source-row identity and candidate columns are not settlement, counterparty remittance, hedge cost, liability allocation, borrower receipt, or Apollo owner cash.","Verify row coordinates and numeric columns, then match Schedule DB verification, custody/counterparty, cash settlement, hedged liability block, and related income."
CFAASDBPC-0194,471,04687#AC2,Structured Credit Fixed Bond Replication,Interest Rate Swap,749762-AG-5,RRAM 2025-40A C,"1,675,000",,"1,671,253",,"1,671,253",source-row-visible-column-sparse,Schedule DB Part C names a derivative/synthetic-asset row and its cash-instrument CUSIP/description in the statutory source.,"Source-row identity and candidate columns are not settlement, counterparty remittance, hedge cost, liability allocation, borrower receipt, or Apollo owner cash.","Verify row coordinates and numeric columns, then match Schedule DB verification, custody/counterparty, cash settlement, hedged liability block, and related income."
CFAASDBPC-0195,471,04687#AC2,Structured Credit Fixed Bond Replication,Interest Rate Swap,749979-AS-9,RAD 2023-20A C1R,"925,000","924,957",,"924,957",,source-row-visible-column-sparse,Schedule DB Part C names a derivative/synthetic-asset row and its cash-instrument CUSIP/description in the statutory source.,"Source-row identity and candidate columns are not settlement, counterparty remittance, hedge cost, liability allocation, borrower receipt, or Apollo owner cash.","Verify row coordinates and numeric columns, then match Schedule DB verification, custody/counterparty, cash settlement, hedged liability block, and related income."
CFAASDBPC-0196,471,04687#AC2,Structured Credit Fixed Bond Replication,Interest Rate Swap,749986-AJ-4,RAD 2019-3A CR2,"1,600,000",,"1,602,413",,"1,602,413",source-row-visible-column-sparse,Schedule DB Part C names a derivative/synthetic-asset row and its cash-instrument CUSIP/description in the statutory source.,"Source-row identity and candidate columns are not settlement, counterparty remittance, hedge cost, liability allocation, borrower receipt, or Apollo owner cash.","Verify row coordinates and numeric columns, then match Schedule DB verification, custody/counterparty, cash settlement, hedged liability block, and related income."
CFAASDBPC-0197,471,04687#AC2,Structured Credit Fixed Bond Replication,Interest Rate Swap,749986-AL-9,RAD 2019-3A D1R2,"1,500,000",,"1,499,942",,"1,499,942",source-row-visible-column-sparse,Schedule DB Part C names a derivative/synthetic-asset row and its cash-instrument CUSIP/description in the statutory source.,"Source-row identity and candidate columns are not settlement, counterparty remittance, hedge cost, liability allocation, borrower receipt, or Apollo owner cash.","Verify row coordinates and numeric columns, then match Schedule DB verification, custody/counterparty, cash settlement, hedged liability block, and related income."
CFAASDBPC-0198,471,04687#AC2,Structured Credit Fixed Bond Replication,Interest Rate Swap,750103-AQ-6,RAD 2021-15A BR,"1,150,000",,"1,146,085",,"1,146,085",source-row-visible-column-sparse,Schedule DB Part C names a derivative/synthetic-asset row and its cash-instrument CUSIP/description in the statutory source.,"Source-row identity and candidate columns are not settlement, counterparty remittance, hedge cost, liability allocation, borrower receipt, or Apollo owner cash.","Verify row coordinates and numeric columns, then match Schedule DB verification, custody/counterparty, cash settlement, hedged liability block, and related income."
CFAASDBPC-0199,471,04687#AC2,Structured Credit Fixed Bond Replication,Interest Rate Swap,750103-AS-2,RAD 2021-15A C1R,"920,000","919,958",,"919,958",,source-row-visible-column-sparse,Schedule DB Part C names a derivative/synthetic-asset row and its cash-instrument CUSIP/description in the statutory source.,"Source-row identity and candidate columns are not settlement, counterparty remittance, hedge cost, liability allocation, borrower receipt, or Apollo owner cash.","Verify row coordinates and numeric columns, then match Schedule DB verification, custody/counterparty, cash settlement, hedged liability block, and related income."
CFAASDBPC-0200,471,04687#AC2,Structured Credit Fixed Bond Replication,Interest Rate Swap,75884A-AG-5,REG32 2025-4A C,"250,000","248,452",,"248,452",,source-row-visible-column-sparse,Schedule DB Part C names a derivative/synthetic-asset row and its cash-instrument CUSIP/description in the statutory source.,"Source-row identity and candidate columns are not settlement, counterparty remittance, hedge cost, liability allocation, borrower receipt, or Apollo owner cash.","Verify row coordinates and numeric columns, then match Schedule DB verification, custody/counterparty, cash settlement, hedged liability block, and related income."
CFAASDBPC-0201,471,04687#AC2,Structured Credit Fixed Bond Replication,Interest Rate Swap,75884A-AJ-9,REG32 2025-4A D1,"925,000","921,108",,"921,108",,source-row-visible-column-sparse,Schedule DB Part C names a derivative/synthetic-asset row and its cash-instrument CUSIP/description in the statutory source.,"Source-row identity and candidate columns are not settlement, counterparty remittance, hedge cost, liability allocation, borrower receipt, or Apollo owner cash.","Verify row coordinates and numeric columns, then match Schedule DB verification, custody/counterparty, cash settlement, hedged liability block, and related income."
CFAASDBPC-0202,471,04687#AC2,Structured Credit Fixed Bond Replication,Interest Rate Swap,75903U-AJ-2,REG30 2024-4A D1,,"1,203,513|1,200,718",,"1,203,513|1,200,718",,source-row-visible-column-ambiguous,Schedule DB Part C names a derivative/synthetic-asset row and its cash-instrument CUSIP/description in the statutory source.,"Source-row identity and candidate columns are not settlement, counterparty remittance, hedge cost, liability allocation, borrower receipt, or Apollo owner cash.","Verify row coordinates and numeric columns, then match Schedule DB verification, custody/counterparty, cash settlement, hedged liability block, and related income."
CFAASDBPC-0203,471,04687#AC2,Structured Credit Fixed Bond Replication,Interest Rate Swap,75904B-AG-9,REG34 2025-3A C,,"1,025,000","1,020,614","1,025,000","1,020,614",source-row-visible-component-columns-resolved,Schedule DB Part C names a derivative/synthetic-asset row and its cash-instrument CUSIP/description in the statutory source.,"Source-row identity and candidate columns are not settlement, counterparty remittance, hedge cost, liability allocation, borrower receipt, or Apollo owner cash.","Verify row coordinates and numeric columns, then match Schedule DB verification, custody/counterparty, cash settlement, hedged liability block, and related income."
CFAASDBPC-0204,471,04687#AC2,Structured Credit Fixed Bond Replication,Interest Rate Swap,75904B-AJ-3,REG34 2025-3A D1,"1,200,000",,"1,197,191",,"1,197,191",source-row-visible-column-sparse,Schedule DB Part C names a derivative/synthetic-asset row and its cash-instrument CUSIP/description in the statutory source.,"Source-row identity and candidate columns are not settlement, counterparty remittance, hedge cost, liability allocation, borrower receipt, or Apollo owner cash.","Verify row coordinates and numeric columns, then match Schedule DB verification, custody/counterparty, cash settlement, hedged liability block, and related income."
CFAASDBPC-0205,472,04687#AC2,Structured Credit Fixed Bond Replication,Interest Rate Swap,77341A-AJ-2,ROCKT 2025-1A D1,"970,240",,"1,000,622",,"1,000,622",source-row-visible-column-sparse,Schedule DB Part C names a derivative/synthetic-asset row and its cash-instrument CUSIP/description in the statutory source.,"Source-row identity and candidate columns are not settlement, counterparty remittance, hedge cost, liability allocation, borrower receipt, or Apollo owner cash.","Verify row coordinates and numeric columns, then match Schedule DB verification, custody/counterparty, cash settlement, hedged liability block, and related income."
CFAASDBPC-0206,472,04687#AC2,Structured Credit Fixed Bond Replication,Interest Rate Swap,78110T-AW-9,RRAM 2022-21A BR,"1,750,000",,"1,753,164",,"1,753,164",source-row-visible-column-sparse,Schedule DB Part C names a derivative/synthetic-asset row and its cash-instrument CUSIP/description in the statutory source.,"Source-row identity and candidate columns are not settlement, counterparty remittance, hedge cost, liability allocation, borrower receipt, or Apollo owner cash.","Verify row coordinates and numeric columns, then match Schedule DB verification, custody/counterparty, cash settlement, hedged liability block, and related income."
CFAASDBPC-0207,472,04687#AC2,Structured Credit Fixed Bond Replication,Interest Rate Swap,78110T-AY-5,RRAM 2022-21A C1R,"1,750,000",,"1,755,415",,"1,755,415",source-row-visible-column-sparse,Schedule DB Part C names a derivative/synthetic-asset row and its cash-instrument CUSIP/description in the statutory source.,"Source-row identity and candidate columns are not settlement, counterparty remittance, hedge cost, liability allocation, borrower receipt, or Apollo owner cash.","Verify row coordinates and numeric columns, then match Schedule DB verification, custody/counterparty, cash settlement, hedged liability block, and related income."
CFAASDBPC-0208,472,04687#AC2,Structured Credit Fixed Bond Replication,Interest Rate Swap,83011V-AE-4,SIXST 2024-25A C,"1,000,000","1,001,612",,"1,001,612",,source-row-visible-column-sparse,Schedule DB Part C names a derivative/synthetic-asset row and its cash-instrument CUSIP/description in the statutory source.,"Source-row identity and candidate columns are not settlement, counterparty remittance, hedge cost, liability allocation, borrower receipt, or Apollo owner cash.","Verify row coordinates and numeric columns, then match Schedule DB verification, custody/counterparty, cash settlement, hedged liability block, and related income."
CFAASDBPC-0209,472,04687#AC2,Structured Credit Fixed Bond Replication,Interest Rate Swap,83013B-AG-1,SIXST 2025-29A D,"400,000","399,061",,"399,061",,source-row-visible-column-sparse,Schedule DB Part C names a derivative/synthetic-asset row and its cash-instrument CUSIP/description in the statutory source.,"Source-row identity and candidate columns are not settlement, counterparty remittance, hedge cost, liability allocation, borrower receipt, or Apollo owner cash.","Verify row coordinates and numeric columns, then match Schedule DB verification, custody/counterparty, cash settlement, hedged liability block, and related income."
CFAASDBPC-0210,472,04687#AC2,Structured Credit Fixed Bond Replication,Interest Rate Swap,83013T-AE-7,SIXST 2025-28A C,,"1,825,000","1,821,436","1,825,000","1,821,436",source-row-visible-component-columns-resolved,Schedule DB Part C names a derivative/synthetic-asset row and its cash-instrument CUSIP/description in the statutory source.,"Source-row identity and candidate columns are not settlement, counterparty remittance, hedge cost, liability allocation, borrower receipt, or Apollo owner cash.","Verify row coordinates and numeric columns, then match Schedule DB verification, custody/counterparty, cash settlement, hedged liability block, and related income."
CFAASDBPC-0211,472,04687#AC2,Structured Credit Fixed Bond Replication,Interest Rate Swap,83013T-AG-2,SIXST 2025-28A D1,"1,050,000",,"1,049,944",,"1,049,944",source-row-visible-column-sparse,Schedule DB Part C names a derivative/synthetic-asset row and its cash-instrument CUSIP/description in the statutory source.,"Source-row identity and candidate columns are not settlement, counterparty remittance, hedge cost, liability allocation, borrower receipt, or Apollo owner cash.","Verify row coordinates and numeric columns, then match Schedule DB verification, custody/counterparty, cash settlement, hedged liability block, and related income."
CFAASDBPC-0212,472,04687#AC2,Structured Credit Fixed Bond Replication,Interest Rate Swap,87268J-AJ-1,TPGCLO 2025-1A D1,"453,213","456,131",,"456,131",,source-row-visible-column-sparse,Schedule DB Part C names a derivative/synthetic-asset row and its cash-instrument CUSIP/description in the statutory source.,"Source-row identity and candidate columns are not settlement, counterparty remittance, hedge cost, liability allocation, borrower receipt, or Apollo owner cash.","Verify row coordinates and numeric columns, then match Schedule DB verification, custody/counterparty, cash settlement, hedged liability block, and related income."
CFAASDBPC-0213,472,04687#AC2,Structured Credit Fixed Bond Replication,Interest Rate Swap,88676P-AG-7,TKO 2024-1A C,"1,000,000","1,001,840",,"1,001,840",,source-row-visible-column-sparse,Schedule DB Part C names a derivative/synthetic-asset row and its cash-instrument CUSIP/description in the statutory source.,"Source-row identity and candidate columns are not settlement, counterparty remittance, hedge cost, liability allocation, borrower receipt, or Apollo owner cash.","Verify row coordinates and numeric columns, then match Schedule DB verification, custody/counterparty, cash settlement, hedged liability block, and related income."
CFAASDBPC-0214,472,04687#AC2,Structured Credit Fixed Bond Replication,Interest Rate Swap,88676P-AJ-1,TKO 2024-1A D1,"1,400,000",,"1,399,926",,"1,399,926",source-row-visible-column-sparse,Schedule DB Part C names a derivative/synthetic-asset row and its cash-instrument CUSIP/description in the statutory source.,"Source-row identity and candidate columns are not settlement, counterparty remittance, hedge cost, liability allocation, borrower receipt, or Apollo owner cash.","Verify row coordinates and numeric columns, then match Schedule DB verification, custody/counterparty, cash settlement, hedged liability block, and related income."
CFAASDBPC-0215,472,04687#AC2,Structured Credit Fixed Bond Replication,Interest Rate Swap,92895F-AG-6,VOYA 2024-3A C,"998,294",,"1,001,799",,"1,001,799",source-row-visible-column-sparse,Schedule DB Part C names a derivative/synthetic-asset row and its cash-instrument CUSIP/description in the statutory source.,"Source-row identity and candidate columns are not settlement, counterparty remittance, hedge cost, liability allocation, borrower receipt, or Apollo owner cash.","Verify row coordinates and numeric columns, then match Schedule DB verification, custody/counterparty, cash settlement, hedged liability block, and related income."
CFAASDBPC-0216,472,04687#AC2,Structured Credit Fixed Bond Replication,Interest Rate Swap,92895F-AJ-0,VOYA 2024-3A D,"998,194","998,712",,"998,712",,source-row-visible-column-sparse,Schedule DB Part C names a derivative/synthetic-asset row and its cash-instrument CUSIP/description in the statutory source.,"Source-row identity and candidate columns are not settlement, counterparty remittance, hedge cost, liability allocation, borrower receipt, or Apollo owner cash.","Verify row coordinates and numeric columns, then match Schedule DB verification, custody/counterparty, cash settlement, hedged liability block, and related income."
CFAASDBPC-0217,472,04687#AC2,Structured Credit Fixed Bond Replication,Interest Rate Swap,92945V-AG-1,VOYA 2025-3A C,"500,000","497,508",,"497,508",,source-row-visible-column-sparse,Schedule DB Part C names a derivative/synthetic-asset row and its cash-instrument CUSIP/description in the statutory source.,"Source-row identity and candidate columns are not settlement, counterparty remittance, hedge cost, liability allocation, borrower receipt, or Apollo owner cash.","Verify row coordinates and numeric columns, then match Schedule DB verification, custody/counterparty, cash settlement, hedged liability block, and related income."
CFAASDBPC-0218,472,04687#AC2,Structured Credit Fixed Bond Replication,Interest Rate Swap,92945V-AJ-5,VOYA 2025-3A D1,"500,000","498,824",,"498,824",,source-row-visible-column-sparse,Schedule DB Part C names a derivative/synthetic-asset row and its cash-instrument CUSIP/description in the statutory source.,"Source-row identity and candidate columns are not settlement, counterparty remittance, hedge cost, liability allocation, borrower receipt, or Apollo owner cash.","Verify row coordinates and numeric columns, then match Schedule DB verification, custody/counterparty, cash settlement, hedged liability block, and related income."
CFAASDBPC-0219,472,04687#AC2,Structured Credit Fixed Bond Replication,Interest Rate Swap,97816W-AE-9,WONPK 2025-1A C,,"1,425,000","1,417,751","1,425,000","1,417,751",source-row-visible-component-columns-resolved,Schedule DB Part C names a derivative/synthetic-asset row and its cash-instrument CUSIP/description in the statutory source.,"Source-row identity and candidate columns are not settlement, counterparty remittance, hedge cost, liability allocation, borrower receipt, or Apollo owner cash.","Verify row coordinates and numeric columns, then match Schedule DB verification, custody/counterparty, cash settlement, hedged liability block, and related income."
CFAASDBPC-0220,472,04687#AC2,Structured Credit Fixed Bond Replication,Interest Rate Swap,97816W-AG-4,WONPK 2025-1A D1,"1,300,000",,"1,295,039",,"1,295,039",source-row-visible-column-sparse,Schedule DB Part C names a derivative/synthetic-asset row and its cash-instrument CUSIP/description in the statutory source.,"Source-row identity and candidate columns are not settlement, counterparty remittance, hedge cost, liability allocation, borrower receipt, or Apollo owner cash.","Verify row coordinates and numeric columns, then match Schedule DB verification, custody/counterparty, cash settlement, hedged liability block, and related income."
CFAASDBPC-0221,472,04687#AM0,Structured Credit Callable Fixed Bond Replication,Interest Rate Swap,00038G-AG-5,ABBSL 2024-5A C,,"7,243,770","7,363,811","7,243,770","7,363,811",source-row-visible-component-columns-resolved,Schedule DB Part C names a derivative/synthetic-asset row and its cash-instrument CUSIP/description in the statutory source.,"Source-row identity and candidate columns are not settlement, counterparty remittance, hedge cost, liability allocation, borrower receipt, or Apollo owner cash.","Verify row coordinates and numeric columns, then match Schedule DB verification, custody/counterparty, cash settlement, hedged liability block, and related income."
CFAASDBPC-0222,472,04687#AM0,Structured Credit Callable Fixed Bond Replication,Interest Rate Swap,000823-AW-4,ABPCI 2017-1A A2RR,,"4,350,000","4,297,948","4,350,000","4,297,948",source-row-visible-component-columns-resolved,Schedule DB Part C names a derivative/synthetic-asset row and its cash-instrument CUSIP/description in the statutory source.,"Source-row identity and candidate columns are not settlement, counterparty remittance, hedge cost, liability allocation, borrower receipt, or Apollo owner cash.","Verify row coordinates and numeric columns, then match Schedule DB verification, custody/counterparty, cash settlement, hedged liability block, and related income."
CFAASDBPC-0223,472,04687#AM0,Structured Credit Callable Fixed Bond Replication,Interest Rate Swap,00118X-BA-3,AGL 2022-22A D1R,,"9,580,549","9,770,524","9,580,549","9,770,524",source-row-visible-component-columns-resolved,Schedule DB Part C names a derivative/synthetic-asset row and its cash-instrument CUSIP/description in the statutory source.,"Source-row identity and candidate columns are not settlement, counterparty remittance, hedge cost, liability allocation, borrower receipt, or Apollo owner cash.","Verify row coordinates and numeric columns, then match Schedule DB verification, custody/counterparty, cash settlement, hedged liability block, and related income."
CFAASDBPC-0224,472,04687#AM0,Structured Credit Callable Fixed Bond Replication,Interest Rate Swap,00119E-AW-7,AGL 2022-23A D1R,,"8,749,273|8,878,977",,"8,749,273|8,878,977",,source-row-visible-column-ambiguous,Schedule DB Part C names a derivative/synthetic-asset row and its cash-instrument CUSIP/description in the statutory source.,"Source-row identity and candidate columns are not settlement, counterparty remittance, hedge cost, liability allocation, borrower receipt, or Apollo owner cash.","Verify row coordinates and numeric columns, then match Schedule DB verification, custody/counterparty, cash settlement, hedged liability block, and related income."
CFAASDBPC-0225,472,04687#AM0,Structured Credit Callable Fixed Bond Replication,Interest Rate Swap,00119Y-AG-8,AGL 2021-10A D,,"2,125,000","2,116,315","2,125,000","2,116,315",source-row-visible-component-columns-resolved,Schedule DB Part C names a derivative/synthetic-asset row and its cash-instrument CUSIP/description in the statutory source.,"Source-row identity and candidate columns are not settlement, counterparty remittance, hedge cost, liability allocation, borrower receipt, or Apollo owner cash.","Verify row coordinates and numeric columns, then match Schedule DB verification, custody/counterparty, cash settlement, hedged liability block, and related income."
CFAASDBPC-0226,472,04687#AM0,Structured Credit Callable Fixed Bond Replication,Interest Rate Swap,00121D-AD-7,AGL 2024-33A D1,,"4,213,395","4,205,053","4,213,395","4,205,053",source-row-visible-component-columns-resolved,Schedule DB Part C names a derivative/synthetic-asset row and its cash-instrument CUSIP/description in the statutory source.,"Source-row identity and candidate columns are not settlement, counterparty remittance, hedge cost, liability allocation, borrower receipt, or Apollo owner cash.","Verify row coordinates and numeric columns, then match Schedule DB verification, custody/counterparty, cash settlement, hedged liability block, and related income."
CFAASDBPC-0227,472,04687#AM0,Structured Credit Callable Fixed Bond Replication,Interest Rate Swap,03771B-AG-1,APID 2024-49A C,"10,537,212","10,499,549",,"10,499,549",,source-row-visible-column-sparse,Schedule DB Part C names a derivative/synthetic-asset row and its cash-instrument CUSIP/description in the statutory source.,"Source-row identity and candidate columns are not settlement, counterparty remittance, hedge cost, liability allocation, borrower receipt, or Apollo owner cash.","Verify row coordinates and numeric columns, then match Schedule DB verification, custody/counterparty, cash settlement, hedged liability block, and related income."
CFAASDBPC-0228,472,04687#AM0,Structured Credit Callable Fixed Bond Replication,Interest Rate Swap,03771B-AJ-5,APID 2024-49A D1,"10,433,919","10,499,391",,"10,499,391",,source-row-visible-column-sparse,Schedule DB Part C names a derivative/synthetic-asset row and its cash-instrument CUSIP/description in the statutory source.,"Source-row identity and candidate columns are not settlement, counterparty remittance, hedge cost, liability allocation, borrower receipt, or Apollo owner cash.","Verify row coordinates and numeric columns, then match Schedule DB verification, custody/counterparty, cash settlement, hedged liability block, and related income."
CFAASDBPC-0229,472,04687#AM0,Structured Credit Callable Fixed Bond Replication,Interest Rate Swap,039939-AY-9,ARES 2022-67A D1R,,"3,490,875","3,592,721","3,490,875","3,592,721",source-row-visible-component-columns-resolved,Schedule DB Part C names a derivative/synthetic-asset row and its cash-instrument CUSIP/description in the statutory source.,"Source-row identity and candidate columns are not settlement, counterparty remittance, hedge cost, liability allocation, borrower receipt, or Apollo owner cash.","Verify row coordinates and numeric columns, then match Schedule DB verification, custody/counterparty, cash settlement, hedged liability block, and related income."
CFAASDBPC-0230,472,04687#AM0,Structured Credit Callable Fixed Bond Replication,Interest Rate Swap,04019H-AY-9,ARES 2022-64A DR,,"4,598,943","4,624,815","4,598,943","4,624,815",source-row-visible-component-columns-resolved,Schedule DB Part C names a derivative/synthetic-asset row and its cash-instrument CUSIP/description in the statutory source.,"Source-row identity and candidate columns are not settlement, counterparty remittance, hedge cost, liability allocation, borrower receipt, or Apollo owner cash.","Verify row coordinates and numeric columns, then match Schedule DB verification, custody/counterparty, cash settlement, hedged liability block, and related income."
CFAASDBPC-0231,472,04687#AM0,Structured Credit Callable Fixed Bond Replication,Interest Rate Swap,04021M-AJ-7,ARES 2024-ALF8 D1,,"1,470,344","1,505,834","1,470,344","1,505,834",source-row-visible-component-columns-resolved,Schedule DB Part C names a derivative/synthetic-asset row and its cash-instrument CUSIP/description in the statutory source.,"Source-row identity and candidate columns are not settlement, counterparty remittance, hedge cost, liability allocation, borrower receipt, or Apollo owner cash.","Verify row coordinates and numeric columns, then match Schedule DB verification, custody/counterparty, cash settlement, hedged liability block, and related income."
CFAASDBPC-0232,472,04687#AM0,Structured Credit Callable Fixed Bond Replication,Interest Rate Swap,056162-AS-9,BABSN 2015-IA CR,,"1,823,500","1,824,660","1,823,500","1,824,660",source-row-visible-component-columns-resolved,Schedule DB Part C names a derivative/synthetic-asset row and its cash-instrument CUSIP/description in the statutory source.,"Source-row identity and candidate columns are not settlement, counterparty remittance, hedge cost, liability allocation, borrower receipt, or Apollo owner cash.","Verify row coordinates and numeric columns, then match Schedule DB verification, custody/counterparty, cash settlement, hedged liability block, and related income."
CFAASDBPC-0233,472,04687#AM0,Structured Credit Callable Fixed Bond Replication,Interest Rate Swap,067924-AJ-9,BABSN 2024-3A D,,"4,218,230","4,239,197","4,218,230","4,239,197",source-row-visible-component-columns-resolved,Schedule DB Part C names a derivative/synthetic-asset row and its cash-instrument CUSIP/description in the statutory source.,"Source-row identity and candidate columns are not settlement, counterparty remittance, hedge cost, liability allocation, borrower receipt, or Apollo owner cash.","Verify row coordinates and numeric columns, then match Schedule DB verification, custody/counterparty, cash settlement, hedged liability block, and related income."
CFAASDBPC-0234,473,04687#AM0,Structured Credit Callable Fixed Bond Replication,Interest Rate Swap,072917-AE-7,BXCMM 2022-1A B,"7,500,000",,"7,462,620",,"7,462,620",source-row-visible-column-sparse,Schedule DB Part C names a derivative/synthetic-asset row and its cash-instrument CUSIP/description in the statutory source.,"Source-row identity and candidate columns are not settlement, counterparty remittance, hedge cost, liability allocation, borrower receipt, or Apollo owner cash.","Verify row coordinates and numeric columns, then match Schedule DB verification, custody/counterparty, cash settlement, hedged liability block, and related income."
CFAASDBPC-0235,473,04687#AM0,Structured Credit Callable Fixed Bond Replication,Interest Rate Swap,12553D-BA-4,CIFC 2019-1A D1R2,"6,500,000",,"6,503,809",,"6,503,809",source-row-visible-column-sparse,Schedule DB Part C names a derivative/synthetic-asset row and its cash-instrument CUSIP/description in the statutory source.,"Source-row identity and candidate columns are not settlement, counterparty remittance, hedge cost, liability allocation, borrower receipt, or Apollo owner cash.","Verify row coordinates and numeric columns, then match Schedule DB verification, custody/counterparty, cash settlement, hedged liability block, and related income."
CFAASDBPC-0236,473,04687#AM0,Structured Credit Callable Fixed Bond Replication,Interest Rate Swap,12567M-AW-1,CIFC 2022-2A DR,,"4,385,031","4,442,715","4,385,031","4,442,715",source-row-visible-component-columns-resolved,Schedule DB Part C names a derivative/synthetic-asset row and its cash-instrument CUSIP/description in the statutory source.,"Source-row identity and candidate columns are not settlement, counterparty remittance, hedge cost, liability allocation, borrower receipt, or Apollo owner cash.","Verify row coordinates and numeric columns, then match Schedule DB verification, custody/counterparty, cash settlement, hedged liability block, and related income."
CFAASDBPC-0237,473,04687#AM0,Structured Credit Callable Fixed Bond Replication,Interest Rate Swap,12572V-AE-4,CIFC 2025-1A C,,"3,214,363","3,254,154","3,214,363","3,254,154",source-row-visible-component-columns-resolved,Schedule DB Part C names a derivative/synthetic-asset row and its cash-instrument CUSIP/description in the statutory source.,"Source-row identity and candidate columns are not settlement, counterparty remittance, hedge cost, liability allocation, borrower receipt, or Apollo owner cash.","Verify row coordinates and numeric columns, then match Schedule DB verification, custody/counterparty, cash settlement, hedged liability block, and related income."
CFAASDBPC-0238,473,04687#AM0,Structured Credit Callable Fixed Bond Replication,Interest Rate Swap,13877J-AE-1,CANYC 2022-1A C,,"2,500,435","2,495,050","2,500,435","2,495,050",source-row-visible-component-columns-resolved,Schedule DB Part C names a derivative/synthetic-asset row and its cash-instrument CUSIP/description in the statutory source.,"Source-row identity and candidate columns are not settlement, counterparty remittance, hedge cost, liability allocation, borrower receipt, or Apollo owner cash.","Verify row coordinates and numeric columns, then match Schedule DB verification, custody/counterparty, cash settlement, hedged liability block, and related income."
CFAASDBPC-0239,473,04687#AM0,Structured Credit Callable Fixed Bond Replication,Interest Rate Swap,14319K-AE-2,CGMS 2024-5A B,,"7,940,000","7,949,091","7,940,000","7,949,091",source-row-visible-component-columns-resolved,Schedule DB Part C names a derivative/synthetic-asset row and its cash-instrument CUSIP/description in the statutory source.,"Source-row identity and candidate columns are not settlement, counterparty remittance, hedge cost, liability allocation, borrower receipt, or Apollo owner cash.","Verify row coordinates and numeric columns, then match Schedule DB verification, custody/counterparty, cash settlement, hedged liability block, and related income."
CFAASDBPC-0240,473,04687#AM0,Structured Credit Callable Fixed Bond Replication,Interest Rate Swap,14319K-AJ-1,CGMS 2024-5A D1,"5,800,000",,"5,799,664",,"5,799,664",source-row-visible-column-sparse,Schedule DB Part C names a derivative/synthetic-asset row and its cash-instrument CUSIP/description in the statutory source.,"Source-row identity and candidate columns are not settlement, counterparty remittance, hedge cost, liability allocation, borrower receipt, or Apollo owner cash.","Verify row coordinates and numeric columns, then match Schedule DB verification, custody/counterparty, cash settlement, hedged liability block, and related income."
CFAASDBPC-0241,473,04687#AM0,Structured Credit Callable Fixed Bond Replication,Interest Rate Swap,14319P-AG-6,CGMS 2024-6A C,,"5,024,853","5,002,905","5,024,853","5,002,905",source-row-visible-component-columns-resolved,Schedule DB Part C names a derivative/synthetic-asset row and its cash-instrument CUSIP/description in the statutory source.,"Source-row identity and candidate columns are not settlement, counterparty remittance, hedge cost, liability allocation, borrower receipt, or Apollo owner cash.","Verify row coordinates and numeric columns, then match Schedule DB verification, custody/counterparty, cash settlement, hedged liability block, and related income."
CFAASDBPC-0242,473,04687#AM0,Structured Credit Callable Fixed Bond Replication,Interest Rate Swap,14319R-AG-2,CGMS 2024-7A D1,"5,000,000",,"4,999,810",,"4,999,810",source-row-visible-column-sparse,Schedule DB Part C names a derivative/synthetic-asset row and its cash-instrument CUSIP/description in the statutory source.,"Source-row identity and candidate columns are not settlement, counterparty remittance, hedge cost, liability allocation, borrower receipt, or Apollo owner cash.","Verify row coordinates and numeric columns, then match Schedule DB verification, custody/counterparty, cash settlement, hedged liability block, and related income."
CFAASDBPC-0243,473,04687#AM0,Structured Credit Callable Fixed Bond Replication,Interest Rate Swap,17180W-AS-4,CIFC 2018-2A D1R,,"4,716,563","4,749,767","4,716,563","4,749,767",source-row-visible-component-columns-resolved,Schedule DB Part C names a derivative/synthetic-asset row and its cash-instrument CUSIP/description in the statutory source.,"Source-row identity and candidate columns are not settlement, counterparty remittance, hedge cost, liability allocation, borrower receipt, or Apollo owner cash.","Verify row coordinates and numeric columns, then match Schedule DB verification, custody/counterparty, cash settlement, hedged liability block, and related income."
CFAASDBPC-0244,473,04687#AM0,Structured Credit Callable Fixed Bond Replication,Interest Rate Swap,17181D-AE-6,CIFC 2025-2A C,,"1,325,227","1,320,858","1,325,227","1,320,858",source-row-visible-component-columns-resolved,Schedule DB Part C names a derivative/synthetic-asset row and its cash-instrument CUSIP/description in the statutory source.,"Source-row identity and candidate columns are not settlement, counterparty remittance, hedge cost, liability allocation, borrower receipt, or Apollo owner cash.","Verify row coordinates and numeric columns, then match Schedule DB verification, custody/counterparty, cash settlement, hedged liability block, and related income."
CFAASDBPC-0245,473,04687#AM0,Structured Credit Callable Fixed Bond Replication,Interest Rate Swap,17181T-AN-1,CIFC 2018-4A CR,,"3,494,890","3,488,461","3,494,890","3,488,461",source-row-visible-component-columns-resolved,Schedule DB Part C names a derivative/synthetic-asset row and its cash-instrument CUSIP/description in the statutory source.,"Source-row identity and candidate columns are not settlement, counterparty remittance, hedge cost, liability allocation, borrower receipt, or Apollo owner cash.","Verify row coordinates and numeric columns, then match Schedule DB verification, custody/counterparty, cash settlement, hedged liability block, and related income."
CFAASDBPC-0246,473,04687#AM0,Structured Credit Callable Fixed Bond Replication,Interest Rate Swap,25255D-AQ-3,DCLO 2021-1A BR,"6,000,000",,"5,992,464",,"5,992,464",source-row-visible-column-sparse,Schedule DB Part C names a derivative/synthetic-asset row and its cash-instrument CUSIP/description in the statutory source.,"Source-row identity and candidate columns are not settlement, counterparty remittance, hedge cost, liability allocation, borrower receipt, or Apollo owner cash.","Verify row coordinates and numeric columns, then match Schedule DB verification, custody/counterparty, cash settlement, hedged liability block, and related income."
CFAASDBPC-0247,473,04687#AM0,Structured Credit Callable Fixed Bond Replication,Interest Rate Swap,25290B-AG-6,DCLO 2025-10A D1,,"4,250,000","4,236,086","4,250,000","4,236,086",source-row-visible-component-columns-resolved,Schedule DB Part C names a derivative/synthetic-asset row and its cash-instrument CUSIP/description in the statutory source.,"Source-row identity and candidate columns are not settlement, counterparty remittance, hedge cost, liability allocation, borrower receipt, or Apollo owner cash.","Verify row coordinates and numeric columns, then match Schedule DB verification, custody/counterparty, cash settlement, hedged liability block, and related income."
CFAASDBPC-0248,473,04687#AM0,Structured Credit Callable Fixed Bond Replication,Interest Rate Swap,26245X-AU-1,DRSLF 2020-86A DR,,"2,791,658","2,798,706","2,791,658","2,798,706",source-row-visible-component-columns-resolved,Schedule DB Part C names a derivative/synthetic-asset row and its cash-instrument CUSIP/description in the statutory source.,"Source-row identity and candidate columns are not settlement, counterparty remittance, hedge cost, liability allocation, borrower receipt, or Apollo owner cash.","Verify row coordinates and numeric columns, then match Schedule DB verification, custody/counterparty, cash settlement, hedged liability block, and related income."
CFAASDBPC-0249,473,04687#AM0,Structured Credit Callable Fixed Bond Replication,Interest Rate Swap,26246B-AY-0,DRSLF 2020-85A BR2,,"7,893,000","7,901,911","7,893,000","7,901,911",source-row-visible-component-columns-resolved,Schedule DB Part C names a derivative/synthetic-asset row and its cash-instrument CUSIP/description in the statutory source.,"Source-row identity and candidate columns are not settlement, counterparty remittance, hedge cost, liability allocation, borrower receipt, or Apollo owner cash.","Verify row coordinates and numeric columns, then match Schedule DB verification, custody/counterparty, cash settlement, hedged liability block, and related income."
CFAASDBPC-0250,473,04687#AM0,Structured Credit Callable Fixed Bond Replication,Interest Rate Swap,26252N-AU-3,DRSLF 2019-72A DR,,"3,789,827","3,956,652","3,789,827","3,956,652",source-row-visible-component-columns-resolved,Schedule DB Part C names a derivative/synthetic-asset row and its cash-instrument CUSIP/description in the statutory source.,"Source-row identity and candidate columns are not settlement, counterparty remittance, hedge cost, liability allocation, borrower receipt, or Apollo owner cash.","Verify row coordinates and numeric columns, then match Schedule DB verification, custody/counterparty, cash settlement, hedged liability block, and related income."
CFAASDBPC-0251,473,04687#AM0,Structured Credit Callable Fixed Bond Replication,Interest Rate Swap,26253H-AJ-0,DRSLF 2025-123A D1,,"1,753,093","1,751,104","1,753,093","1,751,104",source-row-visible-component-columns-resolved,Schedule DB Part C names a derivative/synthetic-asset row and its cash-instrument CUSIP/description in the statutory source.,"Source-row identity and candidate columns are not settlement, counterparty remittance, hedge cost, liability allocation, borrower receipt, or Apollo owner cash.","Verify row coordinates and numeric columns, then match Schedule DB verification, custody/counterparty, cash settlement, hedged liability block, and related income."
CFAASDBPC-0252,473,04687#AM0,Structured Credit Callable Fixed Bond Replication,Interest Rate Swap,26253M-AU-4,DRSLF 2022-108A CR,"7,560,000",,"7,571,884",,"7,571,884",source-row-visible-column-sparse,Schedule DB Part C names a derivative/synthetic-asset row and its cash-instrument CUSIP/description in the statutory source.,"Source-row identity and candidate columns are not settlement, counterparty remittance, hedge cost, liability allocation, borrower receipt, or Apollo owner cash.","Verify row coordinates and numeric columns, then match Schedule DB verification, custody/counterparty, cash settlement, hedged liability block, and related income."
CFAASDBPC-0253,473,04687#AM0,Structured Credit Callable Fixed Bond Replication,Interest Rate Swap,26253M-AW-0,DRSLF 2022-108A D1R,"6,000,000",,"5,999,700",,"5,999,700",source-row-visible-column-sparse,Schedule DB Part C names a derivative/synthetic-asset row and its cash-instrument CUSIP/description in the statutory source.,"Source-row identity and candidate columns are not settlement, counterparty remittance, hedge cost, liability allocation, borrower receipt, or Apollo owner cash.","Verify row coordinates and numeric columns, then match Schedule DB verification, custody/counterparty, cash settlement, hedged liability block, and related income."
CFAASDBPC-0254,473,04687#AM0,Structured Credit Callable Fixed Bond Replication,Interest Rate Swap,26253V-AG-5,DRSLF 2024-121A C,,"8,762,486","8,805,465","8,762,486","8,805,465",source-row-visible-component-columns-resolved,Schedule DB Part C names a derivative/synthetic-asset row and its cash-instrument CUSIP/description in the statutory source.,"Source-row identity and candidate columns are not settlement, counterparty remittance, hedge cost, liability allocation, borrower receipt, or Apollo owner cash.","Verify row coordinates and numeric columns, then match Schedule DB verification, custody/counterparty, cash settlement, hedged liability block, and related income."
CFAASDBPC-0255,473,04687#AM0,Structured Credit Callable Fixed Bond Replication,Interest Rate Swap,26254C-AS-0,DRSLF 2022-106A BR,"17,105,000","17,084,252",,"17,084,252",,source-row-visible-column-sparse,Schedule DB Part C names a derivative/synthetic-asset row and its cash-instrument CUSIP/description in the statutory source.,"Source-row identity and candidate columns are not settlement, counterparty remittance, hedge cost, liability allocation, borrower receipt, or Apollo owner cash.","Verify row coordinates and numeric columns, then match Schedule DB verification, custody/counterparty, cash settlement, hedged liability block, and related income."
CFAASDBPC-0256,473,04687#AM0,Structured Credit Callable Fixed Bond Replication,Interest Rate Swap,29001E-AE-7,ELM33 2024-9RA CR,,"5,183,917","5,186,636","5,183,917","5,186,636",source-row-visible-component-columns-resolved,Schedule DB Part C names a derivative/synthetic-asset row and its cash-instrument CUSIP/description in the statutory source.,"Source-row identity and candidate columns are not settlement, counterparty remittance, hedge cost, liability allocation, borrower receipt, or Apollo owner cash.","Verify row coordinates and numeric columns, then match Schedule DB verification, custody/counterparty, cash settlement, hedged liability block, and related income."
CFAASDBPC-0257,473,04687#AM0,Structured Credit Callable Fixed Bond Replication,Interest Rate Swap,29001L-BE-0,ELMW2 2019-2A D1RR,,"5,674,911","5,702,298","5,674,911","5,702,298",source-row-visible-component-columns-resolved,Schedule DB Part C names a derivative/synthetic-asset row and its cash-instrument CUSIP/description in the statutory source.,"Source-row identity and candidate columns are not settlement, counterparty remittance, hedge cost, liability allocation, borrower receipt, or Apollo owner cash.","Verify row coordinates and numeric columns, then match Schedule DB verification, custody/counterparty, cash settlement, hedged liability block, and related income."
CFAASDBPC-0258,473,04687#AM0,Structured Credit Callable Fixed Bond Replication,Interest Rate Swap,29003H-AJ-7,ELM31 2024-7A D1,,"1,502,883","1,499,928","1,502,883","1,499,928",source-row-visible-component-columns-resolved,Schedule DB Part C names a derivative/synthetic-asset row and its cash-instrument CUSIP/description in the statutory source.,"Source-row identity and candidate columns are not settlement, counterparty remittance, hedge cost, liability allocation, borrower receipt, or Apollo owner cash.","Verify row coordinates and numeric columns, then match Schedule DB verification, custody/counterparty, cash settlement, hedged liability block, and related income."
CFAASDBPC-0259,473,04687#AM0,Structured Credit Callable Fixed Bond Replication,Interest Rate Swap,29005B-AE-9,ELM41 2025-4A C,"6,300,000",,"6,277,326",,"6,277,326",source-row-visible-column-sparse,Schedule DB Part C names a derivative/synthetic-asset row and its cash-instrument CUSIP/description in the statutory source.,"Source-row identity and candidate columns are not settlement, counterparty remittance, hedge cost, liability allocation, borrower receipt, or Apollo owner cash.","Verify row coordinates and numeric columns, then match Schedule DB verification, custody/counterparty, cash settlement, hedged liability block, and related income."
CFAASDBPC-0260,473,04687#AM0,Structured Credit Callable Fixed Bond Replication,Interest Rate Swap,34960N-AU-0,FCBSL 2015-1A DR,"10,000,000","10,001,780",,"10,001,780",,source-row-visible-column-sparse,Schedule DB Part C names a derivative/synthetic-asset row and its cash-instrument CUSIP/description in the statutory source.,"Source-row identity and candidate columns are not settlement, counterparty remittance, hedge cost, liability allocation, borrower receipt, or Apollo owner cash.","Verify row coordinates and numeric columns, then match Schedule DB verification, custody/counterparty, cash settlement, hedged liability block, and related income."
CFAASDBPC-0261,473,04687#AM0,Structured Credit Callable Fixed Bond Replication,Interest Rate Swap,34966P-AJ-4,FCBSL 2024-3A D1,,"4,522,000","4,559,225","4,522,000","4,559,225",source-row-visible-component-columns-resolved,Schedule DB Part C names a derivative/synthetic-asset row and its cash-instrument CUSIP/description in the statutory source.,"Source-row identity and candidate columns are not settlement, counterparty remittance, hedge cost, liability allocation, borrower receipt, or Apollo owner cash.","Verify row coordinates and numeric columns, then match Schedule DB verification, custody/counterparty, cash settlement, hedged liability block, and related income."
CFAASDBPC-0262,473,04687#AM0,Structured Credit Callable Fixed Bond Replication,Interest Rate Swap,34990B-AG-1,FCBSL 2025-1A D1,,"5,200,000","5,227,591","5,200,000","5,227,591",source-row-visible-component-columns-resolved,Schedule DB Part C names a derivative/synthetic-asset row and its cash-instrument CUSIP/description in the statutory source.,"Source-row identity and candidate columns are not settlement, counterparty remittance, hedge cost, liability allocation, borrower receipt, or Apollo owner cash.","Verify row coordinates and numeric columns, then match Schedule DB verification, custody/counterparty, cash settlement, hedged liability block, and related income."
CFAASDBPC-0263,473,04687#AM0,Structured Credit Callable Fixed Bond Replication,Interest Rate Swap,38138F-BA-8,GLM 2022-12A DR,,"4,009,954","4,007,240","4,009,954","4,007,240",source-row-visible-component-columns-resolved,Schedule DB Part C names a derivative/synthetic-asset row and its cash-instrument CUSIP/description in the statutory source.,"Source-row identity and candidate columns are not settlement, counterparty remittance, hedge cost, liability allocation, borrower receipt, or Apollo owner cash.","Verify row coordinates and numeric columns, then match Schedule DB verification, custody/counterparty, cash settlement, hedged liability block, and related income."
CFAASDBPC-0264,474,04687#AM0,Structured Credit Callable Fixed Bond Replication,Interest Rate Swap,38139E-AJ-2,GLM 2024-22A C,,"2,191,563","2,242,933","2,191,563","2,242,933",source-row-visible-component-columns-resolved,Schedule DB Part C names a derivative/synthetic-asset row and its cash-instrument CUSIP/description in the statutory source.,"Source-row identity and candidate columns are not settlement, counterparty remittance, hedge cost, liability allocation, borrower receipt, or Apollo owner cash.","Verify row coordinates and numeric columns, then match Schedule DB verification, custody/counterparty, cash settlement, hedged liability block, and related income."
CFAASDBPC-0265,474,04687#AM0,Structured Credit Callable Fixed Bond Replication,Interest Rate Swap,39808P-AQ-9,GWOLF 2015-1A BR,,"5,929,520","5,950,373","5,929,520","5,950,373",source-row-visible-component-columns-resolved,Schedule DB Part C names a derivative/synthetic-asset row and its cash-instrument CUSIP/description in the statutory source.,"Source-row identity and candidate columns are not settlement, counterparty remittance, hedge cost, liability allocation, borrower receipt, or Apollo owner cash.","Verify row coordinates and numeric columns, then match Schedule DB verification, custody/counterparty, cash settlement, hedged liability block, and related income."
CFAASDBPC-0266,474,04687#AM0,Structured Credit Callable Fixed Bond Replication,Interest Rate Swap,39808P-AS-5,GWOLF 2015-1A CR,,"5,728,548","5,754,939","5,728,548","5,754,939",source-row-visible-component-columns-resolved,Schedule DB Part C names a derivative/synthetic-asset row and its cash-instrument CUSIP/description in the statutory source.,"Source-row identity and candidate columns are not settlement, counterparty remittance, hedge cost, liability allocation, borrower receipt, or Apollo owner cash.","Verify row coordinates and numeric columns, then match Schedule DB verification, custody/counterparty, cash settlement, hedged liability block, and related income."
CFAASDBPC-0267,474,04687#AM0,Structured Credit Callable Fixed Bond Replication,Interest Rate Swap,40172D-AG-4,GUGG 2020-1A DR,,"6,250,000","6,251,438","6,250,000","6,251,438",source-row-visible-component-columns-resolved,Schedule DB Part C names a derivative/synthetic-asset row and its cash-instrument CUSIP/description in the statutory source.,"Source-row identity and candidate columns are not settlement, counterparty remittance, hedge cost, liability allocation, borrower receipt, or Apollo owner cash.","Verify row coordinates and numeric columns, then match Schedule DB verification, custody/counterparty, cash settlement, hedged liability block, and related income."
CFAASDBPC-0268,474,04687#AM0,Structured Credit Callable Fixed Bond Replication,Interest Rate Swap,44929B-BA-8,ICG 2014-2A CRR,,"2,488,000","2,487,950","2,488,000","2,487,950",source-row-visible-component-columns-resolved,Schedule DB Part C names a derivative/synthetic-asset row and its cash-instrument CUSIP/description in the statutory source.,"Source-row identity and candidate columns are not settlement, counterparty remittance, hedge cost, liability allocation, borrower receipt, or Apollo owner cash.","Verify row coordinates and numeric columns, then match Schedule DB verification, custody/counterparty, cash settlement, hedged liability block, and related income."
CFAASDBPC-0269,474,04687#AM0,Structured Credit Callable Fixed Bond Replication,Interest Rate Swap,481939-AX-4,KKR 49A D1R,,"3,104,023","3,134,619","3,104,023","3,134,619",source-row-visible-component-columns-resolved,Schedule DB Part C names a derivative/synthetic-asset row and its cash-instrument CUSIP/description in the statutory source.,"Source-row identity and candidate columns are not settlement, counterparty remittance, hedge cost, liability allocation, borrower receipt, or Apollo owner cash.","Verify row coordinates and numeric columns, then match Schedule DB verification, custody/counterparty, cash settlement, hedged liability block, and related income."
CFAASDBPC-0270,474,04687#AM0,Structured Credit Callable Fixed Bond Replication,Interest Rate Swap,48255A-AG-3,KKR 36A D,,"4,500,000","4,438,679","4,500,000","4,438,679",source-row-visible-component-columns-resolved,Schedule DB Part C names a derivative/synthetic-asset row and its cash-instrument CUSIP/description in the statutory source.,"Source-row identity and candidate columns are not settlement, counterparty remittance, hedge cost, liability allocation, borrower receipt, or Apollo owner cash.","Verify row coordinates and numeric columns, then match Schedule DB verification, custody/counterparty, cash settlement, hedged liability block, and related income."
CFAASDBPC-0271,474,04687#AM0,Structured Credit Callable Fixed Bond Replication,Interest Rate Swap,48256N-AE-9,KKR 2024-51A B,"7,000,000",,"7,012,145",,"7,012,145",source-row-visible-column-sparse,Schedule DB Part C names a derivative/synthetic-asset row and its cash-instrument CUSIP/description in the statutory source.,"Source-row identity and candidate columns are not settlement, counterparty remittance, hedge cost, liability allocation, borrower receipt, or Apollo owner cash.","Verify row coordinates and numeric columns, then match Schedule DB verification, custody/counterparty, cash settlement, hedged liability block, and related income."
CFAASDBPC-0272,474,04687#AM0,Structured Credit Callable Fixed Bond Replication,Interest Rate Swap,48256N-AJ-8,KKR 2024-51A D1,"7,750,000",,"7,725,239",,"7,725,239",source-row-visible-column-sparse,Schedule DB Part C names a derivative/synthetic-asset row and its cash-instrument CUSIP/description in the statutory source.,"Source-row identity and candidate columns are not settlement, counterparty remittance, hedge cost, liability allocation, borrower receipt, or Apollo owner cash.","Verify row coordinates and numeric columns, then match Schedule DB verification, custody/counterparty, cash settlement, hedged liability block, and related income."
CFAASDBPC-0273,474,04687#AM0,Structured Credit Callable Fixed Bond Replication,Interest Rate Swap,509827-AG-6,LAKEG 2025-1A D,"10,000,000",,"9,932,910",,"9,932,910",source-row-visible-column-sparse,Schedule DB Part C names a derivative/synthetic-asset row and its cash-instrument CUSIP/description in the statutory source.,"Source-row identity and candidate columns are not settlement, counterparty remittance, hedge cost, liability allocation, borrower receipt, or Apollo owner cash.","Verify row coordinates and numeric columns, then match Schedule DB verification, custody/counterparty, cash settlement, hedged liability block, and related income."
CFAASDBPC-0274,474,04687#AM0,Structured Credit Callable Fixed Bond Replication,Interest Rate Swap,527911-AL-5,LEWEY 2024-1A D1,,"2,447,685","2,445,218","2,447,685","2,445,218",source-row-visible-component-columns-resolved,Schedule DB Part C names a derivative/synthetic-asset row and its cash-instrument CUSIP/description in the statutory source.,"Source-row identity and candidate columns are not settlement, counterparty remittance, hedge cost, liability allocation, borrower receipt, or Apollo owner cash.","Verify row coordinates and numeric columns, then match Schedule DB verification, custody/counterparty, cash settlement, hedged liability block, and related income."
CFAASDBPC-0275,474,04687#AM0,Structured Credit Callable Fixed Bond Replication,Interest Rate Swap,55953Y-AS-5,MAGNE 2022-33A CR,,"4,533,551","4,560,516","4,533,551","4,560,516",source-row-visible-component-columns-resolved,Schedule DB Part C names a derivative/synthetic-asset row and its cash-instrument CUSIP/description in the statutory source.,"Source-row identity and candidate columns are not settlement, counterparty remittance, hedge cost, liability allocation, borrower receipt, or Apollo owner cash.","Verify row coordinates and numeric columns, then match Schedule DB verification, custody/counterparty, cash settlement, hedged liability block, and related income."
CFAASDBPC-0276,474,04687#AM0,Structured Credit Callable Fixed Bond Replication,Interest Rate Swap,55955U-AJ-1,MAGNE 2024-44A D1,,"3,013,506","2,997,996","3,013,506","2,997,996",source-row-visible-component-columns-resolved,Schedule DB Part C names a derivative/synthetic-asset row and its cash-instrument CUSIP/description in the statutory source.,"Source-row identity and candidate columns are not settlement, counterparty remittance, hedge cost, liability allocation, borrower receipt, or Apollo owner cash.","Verify row coordinates and numeric columns, then match Schedule DB verification, custody/counterparty, cash settlement, hedged liability block, and related income."
CFAASDBPC-0277,474,04687#AM0,Structured Credit Callable Fixed Bond Replication,Interest Rate Swap,55956M-AG-4,MAGNE 2025-50A C,,"6,695,000","6,656,544","6,695,000","6,656,544",source-row-visible-component-columns-resolved,Schedule DB Part C names a derivative/synthetic-asset row and its cash-instrument CUSIP/description in the statutory source.,"Source-row identity and candidate columns are not settlement, counterparty remittance, hedge cost, liability allocation, borrower receipt, or Apollo owner cash.","Verify row coordinates and numeric columns, then match Schedule DB verification, custody/counterparty, cash settlement, hedged liability block, and related income."
CFAASDBPC-0278,474,04687#AM0,Structured Credit Callable Fixed Bond Replication,Interest Rate Swap,559916-AJ-0,MAGNE 2024-47A D1,,"7,446,458","7,380,434","7,446,458","7,380,434",source-row-visible-component-columns-resolved,Schedule DB Part C names a derivative/synthetic-asset row and its cash-instrument CUSIP/description in the statutory source.,"Source-row identity and candidate columns are not settlement, counterparty remittance, hedge cost, liability allocation, borrower receipt, or Apollo owner cash.","Verify row coordinates and numeric columns, then match Schedule DB verification, custody/counterparty, cash settlement, hedged liability block, and related income."
CFAASDBPC-0279,474,04687#AM0,Structured Credit Callable Fixed Bond Replication,Interest Rate Swap,56607W-AE-8,MP24 2022-1A B,,"7,203,724","7,283,373","7,203,724","7,283,373",source-row-visible-component-columns-resolved,Schedule DB Part C names a derivative/synthetic-asset row and its cash-instrument CUSIP/description in the statutory source.,"Source-row identity and candidate columns are not settlement, counterparty remittance, hedge cost, liability allocation, borrower receipt, or Apollo owner cash.","Verify row coordinates and numeric columns, then match Schedule DB verification, custody/counterparty, cash settlement, hedged liability block, and related income."
CFAASDBPC-0280,474,04687#AM0,Structured Credit Callable Fixed Bond Replication,Interest Rate Swap,58286Q-AG-0,MCHPK 2024-1A C,,"5,510,984","5,482,543","5,510,984","5,482,543",source-row-visible-component-columns-resolved,Schedule DB Part C names a derivative/synthetic-asset row and its cash-instrument CUSIP/description in the statutory source.,"Source-row identity and candidate columns are not settlement, counterparty remittance, hedge cost, liability allocation, borrower receipt, or Apollo owner cash.","Verify row coordinates and numeric columns, then match Schedule DB verification, custody/counterparty, cash settlement, hedged liability block, and related income."
CFAASDBPC-0281,474,04687#AM0,Structured Credit Callable Fixed Bond Replication,Interest Rate Swap,59966P-AS-1,MLFPK 2022-1A CR,,"1,747,498","1,749,942","1,747,498","1,749,942",source-row-visible-component-columns-resolved,Schedule DB Part C names a derivative/synthetic-asset row and its cash-instrument CUSIP/description in the statutory source.,"Source-row identity and candidate columns are not settlement, counterparty remittance, hedge cost, liability allocation, borrower receipt, or Apollo owner cash.","Verify row coordinates and numeric columns, then match Schedule DB verification, custody/counterparty, cash settlement, hedged liability block, and related income."
CFAASDBPC-0282,474,04687#AM0,Structured Credit Callable Fixed Bond Replication,Interest Rate Swap,64132J-BA-2,NEUB 2019-31A CR2,,"2,441,483","2,491,763","2,441,483","2,491,763",source-row-visible-component-columns-resolved,Schedule DB Part C names a derivative/synthetic-asset row and its cash-instrument CUSIP/description in the statutory source.,"Source-row identity and candidate columns are not settlement, counterparty remittance, hedge cost, liability allocation, borrower receipt, or Apollo owner cash.","Verify row coordinates and numeric columns, then match Schedule DB verification, custody/counterparty, cash settlement, hedged liability block, and related income."
CFAASDBPC-0283,474,04687#AM0,Structured Credit Callable Fixed Bond Replication,Interest Rate Swap,64135B-AS-8,NEUB 2022-51A D1R,,"1,981,448","1,994,724","1,981,448","1,994,724",source-row-visible-component-columns-resolved,Schedule DB Part C names a derivative/synthetic-asset row and its cash-instrument CUSIP/description in the statutory source.,"Source-row identity and candidate columns are not settlement, counterparty remittance, hedge cost, liability allocation, borrower receipt, or Apollo owner cash.","Verify row coordinates and numeric columns, then match Schedule DB verification, custody/counterparty, cash settlement, hedged liability block, and related income."
CFAASDBPC-0284,474,04687#AM0,Structured Credit Callable Fixed Bond Replication,Interest Rate Swap,670891-AN-0,OCP 2023-28A CR,"7,800,000","7,773,667",,"7,773,667",,source-row-visible-column-sparse,Schedule DB Part C names a derivative/synthetic-asset row and its cash-instrument CUSIP/description in the statutory source.,"Source-row identity and candidate columns are not settlement, counterparty remittance, hedge cost, liability allocation, borrower receipt, or Apollo owner cash.","Verify row coordinates and numeric columns, then match Schedule DB verification, custody/counterparty, cash settlement, hedged liability block, and related income."
CFAASDBPC-0285,474,04687#AM0,Structured Credit Callable Fixed Bond Replication,Interest Rate Swap,670891-AQ-3,OCP 2023-28A D1R,,"5,769,000","5,772,663","5,769,000","5,772,663",source-row-visible-component-columns-resolved,Schedule DB Part C names a derivative/synthetic-asset row and its cash-instrument CUSIP/description in the statutory source.,"Source-row identity and candidate columns are not settlement, counterparty remittance, hedge cost, liability allocation, borrower receipt, or Apollo owner cash.","Verify row coordinates and numeric columns, then match Schedule DB verification, custody/counterparty, cash settlement, hedged liability block, and related income."
CFAASDBPC-0286,474,04687#AM0,Structured Credit Callable Fixed Bond Replication,Interest Rate Swap,671000-AS-6,OCP 2021-21A D1R,,"2,413,605","2,548,207","2,413,605","2,548,207",source-row-visible-component-columns-resolved,Schedule DB Part C names a derivative/synthetic-asset row and its cash-instrument CUSIP/description in the statutory source.,"Source-row identity and candidate columns are not settlement, counterparty remittance, hedge cost, liability allocation, borrower receipt, or Apollo owner cash.","Verify row coordinates and numeric columns, then match Schedule DB verification, custody/counterparty, cash settlement, hedged liability block, and related income."
CFAASDBPC-0287,474,04687#AM0,Structured Credit Callable Fixed Bond Replication,Interest Rate Swap,67100S-AN-6,OAKC 2024-19A C,,"1,985,189","1,999,930","1,985,189","1,999,930",source-row-visible-component-columns-resolved,Schedule DB Part C names a derivative/synthetic-asset row and its cash-instrument CUSIP/description in the statutory source.,"Source-row identity and candidate columns are not settlement, counterparty remittance, hedge cost, liability allocation, borrower receipt, or Apollo owner cash.","Verify row coordinates and numeric columns, then match Schedule DB verification, custody/counterparty, cash settlement, hedged liability block, and related income."
CFAASDBPC-0288,474,04687#AM0,Structured Credit Callable Fixed Bond Replication,Interest Rate Swap,67102Q-BR-8,OAKC 2012-7A CR4,,"2,269,775","2,267,465","2,269,775","2,267,465",source-row-visible-component-columns-resolved,Schedule DB Part C names a derivative/synthetic-asset row and its cash-instrument CUSIP/description in the statutory source.,"Source-row identity and candidate columns are not settlement, counterparty remittance, hedge cost, liability allocation, borrower receipt, or Apollo owner cash.","Verify row coordinates and numeric columns, then match Schedule DB verification, custody/counterparty, cash settlement, hedged liability block, and related income."
CFAASDBPC-0289,474,04687#AM0,Structured Credit Callable Fixed Bond Replication,Interest Rate Swap,67113G-BA-4,OAKC 2020-5A CR,,"2,995,919","2,990,508","2,995,919","2,990,508",source-row-visible-component-columns-resolved,Schedule DB Part C names a derivative/synthetic-asset row and its cash-instrument CUSIP/description in the statutory source.,"Source-row identity and candidate columns are not settlement, counterparty remittance, hedge cost, liability allocation, borrower receipt, or Apollo owner cash.","Verify row coordinates and numeric columns, then match Schedule DB verification, custody/counterparty, cash settlement, hedged liability block, and related income."
CFAASDBPC-0290,474,04687#AM0,Structured Credit Callable Fixed Bond Replication,Interest Rate Swap,67570E-AJ-7,OCP 2024-36A D1,"6,400,000",,"6,416,013",,"6,416,013",source-row-visible-column-sparse,Schedule DB Part C names a derivative/synthetic-asset row and its cash-instrument CUSIP/description in the statutory source.,"Source-row identity and candidate columns are not settlement, counterparty remittance, hedge cost, liability allocation, borrower receipt, or Apollo owner cash.","Verify row coordinates and numeric columns, then match Schedule DB verification, custody/counterparty, cash settlement, hedged liability block, and related income."
CFAASDBPC-0291,474,04687#AM0,Structured Credit Callable Fixed Bond Replication,Interest Rate Swap,67570E-AN-8,OCP 2024-36A B1,"7,200,000","7,187,090",,"7,187,090",,source-row-visible-column-sparse,Schedule DB Part C names a derivative/synthetic-asset row and its cash-instrument CUSIP/description in the statutory source.,"Source-row identity and candidate columns are not settlement, counterparty remittance, hedge cost, liability allocation, borrower receipt, or Apollo owner cash.","Verify row coordinates and numeric columns, then match Schedule DB verification, custody/counterparty, cash settlement, hedged liability block, and related income."
CFAASDBPC-0292,474,04687#AM0,Structured Credit Callable Fixed Bond Replication,Interest Rate Swap,67570M-AG-5,OCP 2024-34A C,"1,500,000",,"1,495,332",,"1,495,332",source-row-visible-column-sparse,Schedule DB Part C names a derivative/synthetic-asset row and its cash-instrument CUSIP/description in the statutory source.,"Source-row identity and candidate columns are not settlement, counterparty remittance, hedge cost, liability allocation, borrower receipt, or Apollo owner cash.","Verify row coordinates and numeric columns, then match Schedule DB verification, custody/counterparty, cash settlement, hedged liability block, and related income."
CFAASDBPC-0293,474,04687#AM0,Structured Credit Callable Fixed Bond Replication,Interest Rate Swap,67579E-AJ-8,OCT75 2025-1A D1,,"1,396,115","1,397,173","1,396,115","1,397,173",source-row-visible-component-columns-resolved,Schedule DB Part C names a derivative/synthetic-asset row and its cash-instrument CUSIP/description in the statutory source.,"Source-row identity and candidate columns are not settlement, counterparty remittance, hedge cost, liability allocation, borrower receipt, or Apollo owner cash.","Verify row coordinates and numeric columns, then match Schedule DB verification, custody/counterparty, cash settlement, hedged liability block, and related income."
CFAASDBPC-0294,475,04687#AM0,Structured Credit Callable Fixed Bond Replication,Interest Rate Swap,675935-AW-0,OCT60 2022-1A CR,,"3,250,000","3,241,713","3,250,000","3,241,713",source-row-visible-component-columns-resolved,Schedule DB Part C names a derivative/synthetic-asset row and its cash-instrument CUSIP/description in the statutory source.,"Source-row identity and candidate columns are not settlement, counterparty remittance, hedge cost, liability allocation, borrower receipt, or Apollo owner cash.","Verify row coordinates and numeric columns, then match Schedule DB verification, custody/counterparty, cash settlement, hedged liability block, and related income."
CFAASDBPC-0295,475,04687#AM0,Structured Credit Callable Fixed Bond Replication,Interest Rate Swap,67690A-AW-1,OAKC 2021-9A CR,,"5,875,000","5,856,435","5,875,000","5,856,435",source-row-visible-component-columns-resolved,Schedule DB Part C names a derivative/synthetic-asset row and its cash-instrument CUSIP/description in the statutory source.,"Source-row identity and candidate columns are not settlement, counterparty remittance, hedge cost, liability allocation, borrower receipt, or Apollo owner cash.","Verify row coordinates and numeric columns, then match Schedule DB verification, custody/counterparty, cash settlement, hedged liability block, and related income."
CFAASDBPC-0296,475,04687#AM0,Structured Credit Callable Fixed Bond Replication,Interest Rate Swap,67706Q-AJ-7,OAKC 2023-14RA C,,"7,932,000","7,936,934","7,932,000","7,936,934",source-row-visible-component-columns-resolved,Schedule DB Part C names a derivative/synthetic-asset row and its cash-instrument CUSIP/description in the statutory source.,"Source-row identity and candidate columns are not settlement, counterparty remittance, hedge cost, liability allocation, borrower receipt, or Apollo owner cash.","Verify row coordinates and numeric columns, then match Schedule DB verification, custody/counterparty, cash settlement, hedged liability block, and related income."
CFAASDBPC-0297,475,04687#AM0,Structured Credit Callable Fixed Bond Replication,Interest Rate Swap,67706Q-AN-8,OAKC 2023-14RA D1,,"5,970,000","5,985,486","5,970,000","5,985,486",source-row-visible-component-columns-resolved,Schedule DB Part C names a derivative/synthetic-asset row and its cash-instrument CUSIP/description in the statutory source.,"Source-row identity and candidate columns are not settlement, counterparty remittance, hedge cost, liability allocation, borrower receipt, or Apollo owner cash.","Verify row coordinates and numeric columns, then match Schedule DB verification, custody/counterparty, cash settlement, hedged liability block, and related income."
CFAASDBPC-0298,475,04687#AM0,Structured Credit Callable Fixed Bond Replication,Interest Rate Swap,67706X-AW-3,OAKC 2017-14A CR,,"1,981,297","1,993,824","1,981,297","1,993,824",source-row-visible-component-columns-resolved,Schedule DB Part C names a derivative/synthetic-asset row and its cash-instrument CUSIP/description in the statutory source.,"Source-row identity and candidate columns are not settlement, counterparty remittance, hedge cost, liability allocation, borrower receipt, or Apollo owner cash.","Verify row coordinates and numeric columns, then match Schedule DB verification, custody/counterparty, cash settlement, hedged liability block, and related income."
CFAASDBPC-0299,475,04687#AM0,Structured Credit Callable Fixed Bond Replication,Interest Rate Swap,67707G-BA-6,OAKC 2021-8A D1R,,"3,714,043","3,740,100","3,714,043","3,740,100",source-row-visible-component-columns-resolved,Schedule DB Part C names a derivative/synthetic-asset row and its cash-instrument CUSIP/description in the statutory source.,"Source-row identity and candidate columns are not settlement, counterparty remittance, hedge cost, liability allocation, borrower receipt, or Apollo owner cash.","Verify row coordinates and numeric columns, then match Schedule DB verification, custody/counterparty, cash settlement, hedged liability block, and related income."
CFAASDBPC-0300,475,04687#AM0,Structured Credit Callable Fixed Bond Replication,Interest Rate Swap,68626J-AE-9,ANTOR 2024-4A C,,"5,007,590","4,984,135","5,007,590","4,984,135",source-row-visible-component-columns-resolved,Schedule DB Part C names a derivative/synthetic-asset row and its cash-instrument CUSIP/description in the statutory source.,"Source-row identity and candidate columns are not settlement, counterparty remittance, hedge cost, liability allocation, borrower receipt, or Apollo owner cash.","Verify row coordinates and numeric columns, then match Schedule DB verification, custody/counterparty, cash settlement, hedged liability block, and related income."
CFAASDBPC-0301,475,04687#AM0,Structured Credit Callable Fixed Bond Replication,Interest Rate Swap,69688G-AC-2,PLMRS 2024-3A B,"7,200,000",,"7,179,142",,"7,179,142",source-row-visible-column-sparse,Schedule DB Part C names a derivative/synthetic-asset row and its cash-instrument CUSIP/description in the statutory source.,"Source-row identity and candidate columns are not settlement, counterparty remittance, hedge cost, liability allocation, borrower receipt, or Apollo owner cash.","Verify row coordinates and numeric columns, then match Schedule DB verification, custody/counterparty, cash settlement, hedged liability block, and related income."
CFAASDBPC-0302,475,04687#AM0,Structured Credit Callable Fixed Bond Replication,Interest Rate Swap,69700X-AU-9,PLMRS 2022-4A CR,"3,000,000",,"2,990,460",,"2,990,460",source-row-visible-column-sparse,Schedule DB Part C names a derivative/synthetic-asset row and its cash-instrument CUSIP/description in the statutory source.,"Source-row identity and candidate columns are not settlement, counterparty remittance, hedge cost, liability allocation, borrower receipt, or Apollo owner cash.","Verify row coordinates and numeric columns, then match Schedule DB verification, custody/counterparty, cash settlement, hedged liability block, and related income."
CFAASDBPC-0303,475,04687#AM0,Structured Credit Callable Fixed Bond Replication,Interest Rate Swap,69700X-AW-5,PLMRS 2022-4A D1R,"5,000,000",,"4,999,765",,"4,999,765",source-row-visible-column-sparse,Schedule DB Part C names a derivative/synthetic-asset row and its cash-instrument CUSIP/description in the statutory source.,"Source-row identity and candidate columns are not settlement, counterparty remittance, hedge cost, liability allocation, borrower receipt, or Apollo owner cash.","Verify row coordinates and numeric columns, then match Schedule DB verification, custody/counterparty, cash settlement, hedged liability block, and related income."
CFAASDBPC-0304,475,04687#AM0,Structured Credit Callable Fixed Bond Replication,Interest Rate Swap,69703W-AJ-3,PLMRS 2024-4A D1,,"4,841,629","4,983,535","4,841,629","4,983,535",source-row-visible-component-columns-resolved,Schedule DB Part C names a derivative/synthetic-asset row and its cash-instrument CUSIP/description in the statutory source.,"Source-row identity and candidate columns are not settlement, counterparty remittance, hedge cost, liability allocation, borrower receipt, or Apollo owner cash.","Verify row coordinates and numeric columns, then match Schedule DB verification, custody/counterparty, cash settlement, hedged liability block, and related income."
CFAASDBPC-0305,475,04687#AM0,Structured Credit Callable Fixed Bond Replication,Interest Rate Swap,70019H-AJ-3,PKBLU 2025-7A D1,"5,000,000",,"4,983,175",,"4,983,175",source-row-visible-column-sparse,Schedule DB Part C names a derivative/synthetic-asset row and its cash-instrument CUSIP/description in the statutory source.,"Source-row identity and candidate columns are not settlement, counterparty remittance, hedge cost, liability allocation, borrower receipt, or Apollo owner cash.","Verify row coordinates and numeric columns, then match Schedule DB verification, custody/counterparty, cash settlement, hedged liability block, and related income."
CFAASDBPC-0306,475,04687#AM0,Structured Credit Callable Fixed Bond Replication,Interest Rate Swap,720916-AG-0,PIPK 2025-18A D,"10,540,000","10,505,155",,"10,505,155",,source-row-visible-column-sparse,Schedule DB Part C names a derivative/synthetic-asset row and its cash-instrument CUSIP/description in the statutory source.,"Source-row identity and candidate columns are not settlement, counterparty remittance, hedge cost, liability allocation, borrower receipt, or Apollo owner cash.","Verify row coordinates and numeric columns, then match Schedule DB verification, custody/counterparty, cash settlement, hedged liability block, and related income."
CFAASDBPC-0307,475,04687#AM0,Structured Credit Callable Fixed Bond Replication,Interest Rate Swap,72133L-AV-4,PIPK 2023-12A D1R,,"7,590,755","7,574,282","7,590,755","7,574,282",source-row-visible-component-columns-resolved,Schedule DB Part C names a derivative/synthetic-asset row and its cash-instrument CUSIP/description in the statutory source.,"Source-row identity and candidate columns are not settlement, counterparty remittance, hedge cost, liability allocation, borrower receipt, or Apollo owner cash.","Verify row coordinates and numeric columns, then match Schedule DB verification, custody/counterparty, cash settlement, hedged liability block, and related income."
CFAASDBPC-0308,475,04687#AM0,Structured Credit Callable Fixed Bond Replication,Interest Rate Swap,72133P-AQ-6,PIPK 2020-5A BR,"6,075,000",,"6,060,347",,"6,060,347",source-row-visible-column-sparse,Schedule DB Part C names a derivative/synthetic-asset row and its cash-instrument CUSIP/description in the statutory source.,"Source-row identity and candidate columns are not settlement, counterparty remittance, hedge cost, liability allocation, borrower receipt, or Apollo owner cash.","Verify row coordinates and numeric columns, then match Schedule DB verification, custody/counterparty, cash settlement, hedged liability block, and related income."
CFAASDBPC-0309,475,04687#AM0,Structured Credit Callable Fixed Bond Replication,Interest Rate Swap,72133P-AU-7,PIPK 2020-5A D1R,"6,075,000","6,070,863",,"6,070,863",,source-row-visible-column-sparse,Schedule DB Part C names a derivative/synthetic-asset row and its cash-instrument CUSIP/description in the statutory source.,"Source-row identity and candidate columns are not settlement, counterparty remittance, hedge cost, liability allocation, borrower receipt, or Apollo owner cash.","Verify row coordinates and numeric columns, then match Schedule DB verification, custody/counterparty, cash settlement, hedged liability block, and related income."
CFAASDBPC-0310,475,04687#AM0,Structured Credit Callable Fixed Bond Replication,Interest Rate Swap,73742R-AG-5,POST 2024-2A C,,"2,750,000","2,757,354","2,750,000","2,757,354",source-row-visible-component-columns-resolved,Schedule DB Part C names a derivative/synthetic-asset row and its cash-instrument CUSIP/description in the statutory source.,"Source-row identity and candidate columns are not settlement, counterparty remittance, hedge cost, liability allocation, borrower receipt, or Apollo owner cash.","Verify row coordinates and numeric columns, then match Schedule DB verification, custody/counterparty, cash settlement, hedged liability block, and related income."
CFAASDBPC-0311,475,04687#AM0,Structured Credit Callable Fixed Bond Replication,Interest Rate Swap,74988W-AJ-9,RRAM 2024-34RA C1AR,"17,500,000","17,443,825",,"17,443,825",,source-row-visible-column-sparse,Schedule DB Part C names a derivative/synthetic-asset row and its cash-instrument CUSIP/description in the statutory source.,"Source-row identity and candidate columns are not settlement, counterparty remittance, hedge cost, liability allocation, borrower receipt, or Apollo owner cash.","Verify row coordinates and numeric columns, then match Schedule DB verification, custody/counterparty, cash settlement, hedged liability block, and related income."
CFAASDBPC-0312,475,04687#AM0,Structured Credit Callable Fixed Bond Replication,Interest Rate Swap,75009J-AS-0,RAD 2022-17A CR,"988,043","1,000,614",,"1,000,614",,source-row-visible-column-sparse,Schedule DB Part C names a derivative/synthetic-asset row and its cash-instrument CUSIP/description in the statutory source.,"Source-row identity and candidate columns are not settlement, counterparty remittance, hedge cost, liability allocation, borrower receipt, or Apollo owner cash.","Verify row coordinates and numeric columns, then match Schedule DB verification, custody/counterparty, cash settlement, hedged liability block, and related income."
CFAASDBPC-0313,475,04687#AM0,Structured Credit Callable Fixed Bond Replication,Interest Rate Swap,75884A-AG-5,REG32 2025-4A C,,"3,250,000","3,229,870","3,250,000","3,229,870",source-row-visible-component-columns-resolved,Schedule DB Part C names a derivative/synthetic-asset row and its cash-instrument CUSIP/description in the statutory source.,"Source-row identity and candidate columns are not settlement, counterparty remittance, hedge cost, liability allocation, borrower receipt, or Apollo owner cash.","Verify row coordinates and numeric columns, then match Schedule DB verification, custody/counterparty, cash settlement, hedged liability block, and related income."
CFAASDBPC-0314,475,04687#AM0,Structured Credit Callable Fixed Bond Replication,Interest Rate Swap,758962-AG-9,REG31 2025-1A B,,"7,374,323","7,427,577","7,374,323","7,427,577",source-row-visible-component-columns-resolved,Schedule DB Part C names a derivative/synthetic-asset row and its cash-instrument CUSIP/description in the statutory source.,"Source-row identity and candidate columns are not settlement, counterparty remittance, hedge cost, liability allocation, borrower receipt, or Apollo owner cash.","Verify row coordinates and numeric columns, then match Schedule DB verification, custody/counterparty, cash settlement, hedged liability block, and related income."
CFAASDBPC-0315,475,04687#AM0,Structured Credit Callable Fixed Bond Replication,Interest Rate Swap,758971-AJ-4,REG29 2024-3A C,"996,844","996,896",,"996,896",,source-row-visible-column-sparse,Schedule DB Part C names a derivative/synthetic-asset row and its cash-instrument CUSIP/description in the statutory source.,"Source-row identity and candidate columns are not settlement, counterparty remittance, hedge cost, liability allocation, borrower receipt, or Apollo owner cash.","Verify row coordinates and numeric columns, then match Schedule DB verification, custody/counterparty, cash settlement, hedged liability block, and related income."
CFAASDBPC-0316,475,04687#AM0,Structured Credit Callable Fixed Bond Replication,Interest Rate Swap,77341A-AJ-2,ROCKT 2025-1A D1,"4,000,000",,"4,002,488",,"4,002,488",source-row-visible-column-sparse,Schedule DB Part C names a derivative/synthetic-asset row and its cash-instrument CUSIP/description in the statutory source.,"Source-row identity and candidate columns are not settlement, counterparty remittance, hedge cost, liability allocation, borrower receipt, or Apollo owner cash.","Verify row coordinates and numeric columns, then match Schedule DB verification, custody/counterparty, cash settlement, hedged liability block, and related income."
CFAASDBPC-0317,475,04687#AM0,Structured Credit Callable Fixed Bond Replication,Interest Rate Swap,78110X-AG-5,RRAM 2025-37A B,,"7,250,000","7,225,916","7,250,000","7,225,916",source-row-visible-component-columns-resolved,Schedule DB Part C names a derivative/synthetic-asset row and its cash-instrument CUSIP/description in the statutory source.,"Source-row identity and candidate columns are not settlement, counterparty remittance, hedge cost, liability allocation, borrower receipt, or Apollo owner cash.","Verify row coordinates and numeric columns, then match Schedule DB verification, custody/counterparty, cash settlement, hedged liability block, and related income."
CFAASDBPC-0318,475,04687#AM0,Structured Credit Callable Fixed Bond Replication,Interest Rate Swap,83012F-AU-2,SIXST 2021-17A D1R,,"2,598,037","2,626,617","2,598,037","2,626,617",source-row-visible-component-columns-resolved,Schedule DB Part C names a derivative/synthetic-asset row and its cash-instrument CUSIP/description in the statutory source.,"Source-row identity and candidate columns are not settlement, counterparty remittance, hedge cost, liability allocation, borrower receipt, or Apollo owner cash.","Verify row coordinates and numeric columns, then match Schedule DB verification, custody/counterparty, cash settlement, hedged liability block, and related income."
CFAASDBPC-0319,475,04687#AM0,Structured Credit Callable Fixed Bond Replication,Interest Rate Swap,83013B-AG-1,SIXST 2025-29A D,,"5,200,000","5,187,796","5,200,000","5,187,796",source-row-visible-component-columns-resolved,Schedule DB Part C names a derivative/synthetic-asset row and its cash-instrument CUSIP/description in the statutory source.,"Source-row identity and candidate columns are not settlement, counterparty remittance, hedge cost, liability allocation, borrower receipt, or Apollo owner cash.","Verify row coordinates and numeric columns, then match Schedule DB verification, custody/counterparty, cash settlement, hedged liability block, and related income."
CFAASDBPC-0320,475,04687#AM0,Structured Credit Callable Fixed Bond Replication,Interest Rate Swap,881936-AC-2,TCIFC 2025-1A B,,"9,825,218","9,794,553","9,825,218","9,794,553",source-row-visible-component-columns-resolved,Schedule DB Part C names a derivative/synthetic-asset row and its cash-instrument CUSIP/description in the statutory source.,"Source-row identity and candidate columns are not settlement, counterparty remittance, hedge cost, liability allocation, borrower receipt, or Apollo owner cash.","Verify row coordinates and numeric columns, then match Schedule DB verification, custody/counterparty, cash settlement, hedged liability block, and related income."
CFAASDBPC-0321,475,04687#AM0,Structured Credit Callable Fixed Bond Replication,Interest Rate Swap,88238E-AJ-7,TCIFC 2024-2A D1,"10,000,000",,"9,980,110",,"9,980,110",source-row-visible-column-sparse,Schedule DB Part C names a derivative/synthetic-asset row and its cash-instrument CUSIP/description in the statutory source.,"Source-row identity and candidate columns are not settlement, counterparty remittance, hedge cost, liability allocation, borrower receipt, or Apollo owner cash.","Verify row coordinates and numeric columns, then match Schedule DB verification, custody/counterparty, cash settlement, hedged liability block, and related income."
CFAASDBPC-0322,475,04687#AM0,Structured Credit Callable Fixed Bond Replication,Interest Rate Swap,88677F-AE-3,TKO 2025-1A C,"4,700,000",,"4,690,694",,"4,690,694",source-row-visible-column-sparse,Schedule DB Part C names a derivative/synthetic-asset row and its cash-instrument CUSIP/description in the statutory source.,"Source-row identity and candidate columns are not settlement, counterparty remittance, hedge cost, liability allocation, borrower receipt, or Apollo owner cash.","Verify row coordinates and numeric columns, then match Schedule DB verification, custody/counterparty, cash settlement, hedged liability block, and related income."
CFAASDBPC-0323,475,04687#AM0,Structured Credit Callable Fixed Bond Replication,Interest Rate Swap,88677F-AG-8,TKO 2025-1A D1,"7,200,000",,"7,199,568",,"7,199,568",source-row-visible-column-sparse,Schedule DB Part C names a derivative/synthetic-asset row and its cash-instrument CUSIP/description in the statutory source.,"Source-row identity and candidate columns are not settlement, counterparty remittance, hedge cost, liability allocation, borrower receipt, or Apollo owner cash.","Verify row coordinates and numeric columns, then match Schedule DB verification, custody/counterparty, cash settlement, hedged liability block, and related income."
CFAASDBPC-0324,476,04687#AM0,Structured Credit Callable Fixed Bond Replication,Interest Rate Swap,92919A-AW-4,VOYA 2021-2A D1R,"7,750,000",,"7,749,667",,"7,749,667",source-row-visible-column-sparse,Schedule DB Part C names a derivative/synthetic-asset row and its cash-instrument CUSIP/description in the statutory source.,"Source-row identity and candidate columns are not settlement, counterparty remittance, hedge cost, liability allocation, borrower receipt, or Apollo owner cash.","Verify row coordinates and numeric columns, then match Schedule DB verification, custody/counterparty, cash settlement, hedged liability block, and related income."
CFAASDBPC-0325,476,04687#AM0,Structured Credit Callable Fixed Bond Replication,Interest Rate Swap,92945V-AG-1,VOYA 2025-3A C,"6,500,000",,"6,467,604",,"6,467,604",source-row-visible-column-sparse,Schedule DB Part C names a derivative/synthetic-asset row and its cash-instrument CUSIP/description in the statutory source.,"Source-row identity and candidate columns are not settlement, counterparty remittance, hedge cost, liability allocation, borrower receipt, or Apollo owner cash.","Verify row coordinates and numeric columns, then match Schedule DB verification, custody/counterparty, cash settlement, hedged liability block, and related income."
CFAASDBPC-0326,476,04687#AM0,Structured Credit Callable Fixed Bond Replication,Interest Rate Swap,92945V-AJ-5,VOYA 2025-3A D1,"6,500,000",,"6,484,712",,"6,484,712",source-row-visible-column-sparse,Schedule DB Part C names a derivative/synthetic-asset row and its cash-instrument CUSIP/description in the statutory source.,"Source-row identity and candidate columns are not settlement, counterparty remittance, hedge cost, liability allocation, borrower receipt, or Apollo owner cash.","Verify row coordinates and numeric columns, then match Schedule DB verification, custody/counterparty, cash settlement, hedged liability block, and related income."
CFAASDBPC-0327,476,04687#AM0,Structured Credit Callable Fixed Bond Replication,Interest Rate Swap,949575-AE-4,WELLI 2024-3A C,"2,800,000",,"2,791,393",,"2,791,393",source-row-visible-column-sparse,Schedule DB Part C names a derivative/synthetic-asset row and its cash-instrument CUSIP/description in the statutory source.,"Source-row identity and candidate columns are not settlement, counterparty remittance, hedge cost, liability allocation, borrower receipt, or Apollo owner cash.","Verify row coordinates and numeric columns, then match Schedule DB verification, custody/counterparty, cash settlement, hedged liability block, and related income."
CFAASDBPC-0328,476,04687#AM0,Structured Credit Callable Fixed Bond Replication,Interest Rate Swap,949575-AG-9,WELLI 2024-3A D1,,"5,394,552","5,399,735","5,394,552","5,399,735",source-row-visible-component-columns-resolved,Schedule DB Part C names a derivative/synthetic-asset row and its cash-instrument CUSIP/description in the statutory source.,"Source-row identity and candidate columns are not settlement, counterparty remittance, hedge cost, liability allocation, borrower receipt, or Apollo owner cash.","Verify row coordinates and numeric columns, then match Schedule DB verification, custody/counterparty, cash settlement, hedged liability block, and related income."
CFAASDBPC-0329,476,04687#AM0,Structured Credit Callable Fixed Bond Replication,Interest Rate Swap,979926-AS-1,WDMNT 2023-12A BR,"5,000,000",,"4,977,865",,"4,977,865",source-row-visible-column-sparse,Schedule DB Part C names a derivative/synthetic-asset row and its cash-instrument CUSIP/description in the statutory source.,"Source-row identity and candidate columns are not settlement, counterparty remittance, hedge cost, liability allocation, borrower receipt, or Apollo owner cash.","Verify row coordinates and numeric columns, then match Schedule DB verification, custody/counterparty, cash settlement, hedged liability block, and related income."
CFAASDBPC-0330,476,04687#AM0,Structured Credit Callable Fixed Bond Replication,Interest Rate Swap,979926-AU-6,WDMNT 2023-12A CR,"5,000,000",,"4,974,105",,"4,974,105",source-row-visible-column-sparse,Schedule DB Part C names a derivative/synthetic-asset row and its cash-instrument CUSIP/description in the statutory source.,"Source-row identity and candidate columns are not settlement, counterparty remittance, hedge cost, liability allocation, borrower receipt, or Apollo owner cash.","Verify row coordinates and numeric columns, then match Schedule DB verification, custody/counterparty, cash settlement, hedged liability block, and related income."
CFAASDBPC-0331,476,12776*SP3,Bond Replication CDX.NA.HY.45,Interest Rate Swap Credit Default Swap,979926-AU-6,WDMNT 2023-12A CR,"100,000,000|13,721,767","15,173,882","4,974,105",,"4,974,105",source-row-visible-column-ambiguous,Schedule DB Part C names a derivative/synthetic-asset row and its cash-instrument CUSIP/description in the statutory source.,"Source-row identity and candidate columns are not settlement, counterparty remittance, hedge cost, liability allocation, borrower receipt, or Apollo owner cash.","Verify row coordinates and numeric columns, then match Schedule DB verification, custody/counterparty, cash settlement, hedged liability block, and related income."
CFAASDBPC-0332,476,12776*SP3,CDX.NA.HY.45 CDX.NA.HY.45,Credit Default Swap Credit Default Swap,912810-TC-2,US TREASURY N/B,"100,000,000|13,721,767|145,309,962","15,173,882|104,880,525",,"104,880,525",,source-row-visible-column-ambiguous,Schedule DB Part C names a derivative/synthetic-asset row and its cash-instrument CUSIP/description in the statutory source.,"Source-row identity and candidate columns are not settlement, counterparty remittance, hedge cost, liability allocation, borrower receipt, or Apollo owner cash.","Verify row coordinates and numeric columns, then match Schedule DB verification, custody/counterparty, cash settlement, hedged liability block, and related income."
CFAASDBPC-0333,476,04687#AR9,Structured Credit Callable Fixed Bond Replication,Interest Rate Swap,00120B-AW-0,AGL 2021-12A D1R,"4,800,000",,"4,811,698",,"4,811,698",source-row-visible-column-sparse,Schedule DB Part C names a derivative/synthetic-asset row and its cash-instrument CUSIP/description in the statutory source.,"Source-row identity and candidate columns are not settlement, counterparty remittance, hedge cost, liability allocation, borrower receipt, or Apollo owner cash.","Verify row coordinates and numeric columns, then match Schedule DB verification, custody/counterparty, cash settlement, hedged liability block, and related income."
CFAASDBPC-0334,476,04687#AR9,Structured Credit Callable Fixed Bond Replication,Interest Rate Swap,050922-AG-8,AUDAX 2024-11A A2,"9,800,000",,"9,702,235",,"9,702,235",source-row-visible-column-sparse,Schedule DB Part C names a derivative/synthetic-asset row and its cash-instrument CUSIP/description in the statutory source.,"Source-row identity and candidate columns are not settlement, counterparty remittance, hedge cost, liability allocation, borrower receipt, or Apollo owner cash.","Verify row coordinates and numeric columns, then match Schedule DB verification, custody/counterparty, cash settlement, hedged liability block, and related income."
CFAASDBPC-0335,476,04687#AR9,Structured Credit Callable Fixed Bond Replication,Interest Rate Swap,050922-AJ-2,AUDAX 2024-11A B,"11,200,000","11,092,704",,"11,092,704",,source-row-visible-column-sparse,Schedule DB Part C names a derivative/synthetic-asset row and its cash-instrument CUSIP/description in the statutory source.,"Source-row identity and candidate columns are not settlement, counterparty remittance, hedge cost, liability allocation, borrower receipt, or Apollo owner cash.","Verify row coordinates and numeric columns, then match Schedule DB verification, custody/counterparty, cash settlement, hedged liability block, and related income."
CFAASDBPC-0336,476,04687#AR9,Structured Credit Callable Fixed Bond Replication,Interest Rate Swap,06763D-AC-9,BABSN 2024-4A B,"8,000,000",,"7,985,488",,"7,985,488",source-row-visible-column-sparse,Schedule DB Part C names a derivative/synthetic-asset row and its cash-instrument CUSIP/description in the statutory source.,"Source-row identity and candidate columns are not settlement, counterparty remittance, hedge cost, liability allocation, borrower receipt, or Apollo owner cash.","Verify row coordinates and numeric columns, then match Schedule DB verification, custody/counterparty, cash settlement, hedged liability block, and related income."
CFAASDBPC-0337,476,04687#AR9,Structured Credit Callable Fixed Bond Replication,Interest Rate Swap,06763D-AE-5,BABSN 2024-4A C,"5,000,000",,"4,984,040",,"4,984,040",source-row-visible-column-sparse,Schedule DB Part C names a derivative/synthetic-asset row and its cash-instrument CUSIP/description in the statutory source.,"Source-row identity and candidate columns are not settlement, counterparty remittance, hedge cost, liability allocation, borrower receipt, or Apollo owner cash.","Verify row coordinates and numeric columns, then match Schedule DB verification, custody/counterparty, cash settlement, hedged liability block, and related income."
CFAASDBPC-0338,476,04687#AR9,Structured Credit Callable Fixed Bond Replication,Interest Rate Swap,13876R-AS-3,CANYC 2020-3A BR,"5,000,000",,"5,008,705",,"5,008,705",source-row-visible-column-sparse,Schedule DB Part C names a derivative/synthetic-asset row and its cash-instrument CUSIP/description in the statutory source.,"Source-row identity and candidate columns are not settlement, counterparty remittance, hedge cost, liability allocation, borrower receipt, or Apollo owner cash.","Verify row coordinates and numeric columns, then match Schedule DB verification, custody/counterparty, cash settlement, hedged liability block, and related income."
CFAASDBPC-0339,476,04687#AR9,Structured Credit Callable Fixed Bond Replication,Interest Rate Swap,38179W-AC-8,GOCAP 2024-73A A2,"9,000,000",,"8,926,353",,"8,926,353",source-row-visible-column-sparse,Schedule DB Part C names a derivative/synthetic-asset row and its cash-instrument CUSIP/description in the statutory source.,"Source-row identity and candidate columns are not settlement, counterparty remittance, hedge cost, liability allocation, borrower receipt, or Apollo owner cash.","Verify row coordinates and numeric columns, then match Schedule DB verification, custody/counterparty, cash settlement, hedged liability block, and related income."
CFAASDBPC-0340,476,04687#AR9,Structured Credit Callable Fixed Bond Replication,Interest Rate Swap,38179W-AE-4,GOCAP 2024-73A B,"38,500,000","38,163,241",,"38,163,241",,source-row-visible-column-sparse,Schedule DB Part C names a derivative/synthetic-asset row and its cash-instrument CUSIP/description in the statutory source.,"Source-row identity and candidate columns are not settlement, counterparty remittance, hedge cost, liability allocation, borrower receipt, or Apollo owner cash.","Verify row coordinates and numeric columns, then match Schedule DB verification, custody/counterparty, cash settlement, hedged liability block, and related income."
CFAASDBPC-0341,476,04687#AR9,Structured Credit Callable Fixed Bond Replication,Interest Rate Swap,381931-AE-4,GOCAP 2019-45A A2R,"14,300,000","14,143,444",,"14,143,444",,source-row-visible-column-sparse,Schedule DB Part C names a derivative/synthetic-asset row and its cash-instrument CUSIP/description in the statutory source.,"Source-row identity and candidate columns are not settlement, counterparty remittance, hedge cost, liability allocation, borrower receipt, or Apollo owner cash.","Verify row coordinates and numeric columns, then match Schedule DB verification, custody/counterparty, cash settlement, hedged liability block, and related income."
CFAASDBPC-0342,476,04687#AR9,Structured Credit Callable Fixed Bond Replication,Interest Rate Swap,527911-AL-5,LEWEY 2024-1A D1,"5,000,000",,"4,990,240",,"4,990,240",source-row-visible-column-sparse,Schedule DB Part C names a derivative/synthetic-asset row and its cash-instrument CUSIP/description in the statutory source.,"Source-row identity and candidate columns are not settlement, counterparty remittance, hedge cost, liability allocation, borrower receipt, or Apollo owner cash.","Verify row coordinates and numeric columns, then match Schedule DB verification, custody/counterparty, cash settlement, hedged liability block, and related income."
CFAASDBPC-0343,476,04687#AR9,Structured Credit Callable Fixed Bond Replication,Interest Rate Swap,675935-AY-6,OCT60 2022-1A D1R,"7,500,000",,"7,490,168",,"7,490,168",source-row-visible-column-sparse,Schedule DB Part C names a derivative/synthetic-asset row and its cash-instrument CUSIP/description in the statutory source.,"Source-row identity and candidate columns are not settlement, counterparty remittance, hedge cost, liability allocation, borrower receipt, or Apollo owner cash.","Verify row coordinates and numeric columns, then match Schedule DB verification, custody/counterparty, cash settlement, hedged liability block, and related income."
CFAASDBPC-0344,476,04687#AR9,Structured Credit Callable Fixed Bond Replication,Interest Rate Swap,74971C-AQ-6,RRAM 2021-16A CR,,"7,495,000","7,441,021","7,495,000","7,441,021",source-row-visible-component-columns-resolved,Schedule DB Part C names a derivative/synthetic-asset row and its cash-instrument CUSIP/description in the statutory source.,"Source-row identity and candidate columns are not settlement, counterparty remittance, hedge cost, liability allocation, borrower receipt, or Apollo owner cash.","Verify row coordinates and numeric columns, then match Schedule DB verification, custody/counterparty, cash settlement, hedged liability block, and related income."
CFAASDBPC-0345,476,04687#AR9,Structured Credit Callable Fixed Bond Replication,Interest Rate Swap,749752-AS-0,RRAM 2021-18A BR,"18,090,000","18,029,181",,"18,029,181",,source-row-visible-column-sparse,Schedule DB Part C names a derivative/synthetic-asset row and its cash-instrument CUSIP/description in the statutory source.,"Source-row identity and candidate columns are not settlement, counterparty remittance, hedge cost, liability allocation, borrower receipt, or Apollo owner cash.","Verify row coordinates and numeric columns, then match Schedule DB verification, custody/counterparty, cash settlement, hedged liability block, and related income."
CFAASDBPC-0346,476,04687#AR9,Structured Credit Callable Fixed Bond Replication,Interest Rate Swap,74980Q-AU-5,RRAM 2021-17A CR,"20,000,000","19,855,480",,"19,855,480",,source-row-visible-column-sparse,Schedule DB Part C names a derivative/synthetic-asset row and its cash-instrument CUSIP/description in the statutory source.,"Source-row identity and candidate columns are not settlement, counterparty remittance, hedge cost, liability allocation, borrower receipt, or Apollo owner cash.","Verify row coordinates and numeric columns, then match Schedule DB verification, custody/counterparty, cash settlement, hedged liability block, and related income."
CFAASDBPC-0347,476,04687#AR9,Structured Credit Callable Fixed Bond Replication,Interest Rate Swap,74988C-AC-8,RRAM 2024-32RA A2R,"51,250,000","51,159,390",,"51,159,390",,source-row-visible-column-sparse,Schedule DB Part C names a derivative/synthetic-asset row and its cash-instrument CUSIP/description in the statutory source.,"Source-row identity and candidate columns are not settlement, counterparty remittance, hedge cost, liability allocation, borrower receipt, or Apollo owner cash.","Verify row coordinates and numeric columns, then match Schedule DB verification, custody/counterparty, cash settlement, hedged liability block, and related income."
CFAASDBPC-0348,476,04687#AR9,Structured Credit Callable Fixed Bond Replication,Interest Rate Swap,74988C-AJ-3,RRAM 2024-32RA BR,"29,500,000","29,407,518",,"29,407,518",,source-row-visible-column-sparse,Schedule DB Part C names a derivative/synthetic-asset row and its cash-instrument CUSIP/description in the statutory source.,"Source-row identity and candidate columns are not settlement, counterparty remittance, hedge cost, liability allocation, borrower receipt, or Apollo owner cash.","Verify row coordinates and numeric columns, then match Schedule DB verification, custody/counterparty, cash settlement, hedged liability block, and related income."
CFAASDBPC-0349,476,04687#AR9,Structured Credit Callable Fixed Bond Replication,Interest Rate Swap,75009A-BC-3,RAD 2023-18A D1R,"7,630,000",,"7,629,687",,"7,629,687",source-row-visible-column-sparse,Schedule DB Part C names a derivative/synthetic-asset row and its cash-instrument CUSIP/description in the statutory source.,"Source-row identity and candidate columns are not settlement, counterparty remittance, hedge cost, liability allocation, borrower receipt, or Apollo owner cash.","Verify row coordinates and numeric columns, then match Schedule DB verification, custody/counterparty, cash settlement, hedged liability block, and related income."
CFAASDBPC-0350,476,04687#AR9,Structured Credit Callable Fixed Bond Replication,Interest Rate Swap,78110T-BA-6,RRAM 2022-21A C2R,"5,000,000",,"5,010,275",,"5,010,275",source-row-visible-column-sparse,Schedule DB Part C names a derivative/synthetic-asset row and its cash-instrument CUSIP/description in the statutory source.,"Source-row identity and candidate columns are not settlement, counterparty remittance, hedge cost, liability allocation, borrower receipt, or Apollo owner cash.","Verify row coordinates and numeric columns, then match Schedule DB verification, custody/counterparty, cash settlement, hedged liability block, and related income."
CFAASDBPC-0351,476,04687#AR9,Structured Credit Callable Fixed Bond Replication,Interest Rate Swap,78110V-AY-0,RRAM 2023-27A BR,"18,760,000","18,695,334",,"18,695,334",,source-row-visible-column-sparse,Schedule DB Part C names a derivative/synthetic-asset row and its cash-instrument CUSIP/description in the statutory source.,"Source-row identity and candidate columns are not settlement, counterparty remittance, hedge cost, liability allocation, borrower receipt, or Apollo owner cash.","Verify row coordinates and numeric columns, then match Schedule DB verification, custody/counterparty, cash settlement, hedged liability block, and related income."
CFAASDBPC-0352,476,04687#AR9,Structured Credit Callable Fixed Bond Replication,Interest Rate Swap,78110V-BA-1,RRAM 2023-27A C1AR,"6,030,000",,"6,017,295",,"6,017,295",source-row-visible-column-sparse,Schedule DB Part C names a derivative/synthetic-asset row and its cash-instrument CUSIP/description in the statutory source.,"Source-row identity and candidate columns are not settlement, counterparty remittance, hedge cost, liability allocation, borrower receipt, or Apollo owner cash.","Verify row coordinates and numeric columns, then match Schedule DB verification, custody/counterparty, cash settlement, hedged liability block, and related income."
CFAASDBPC-0353,476,04687#AR9,Structured Credit Callable Fixed Bond Replication,Interest Rate Swap,97988Q-BC-7,WDMNT 2017-2A BRR,"39,500,000","39,085,645",,"39,085,645",,source-row-visible-column-sparse,Schedule DB Part C names a derivative/synthetic-asset row and its cash-instrument CUSIP/description in the statutory source.,"Source-row identity and candidate columns are not settlement, counterparty remittance, hedge cost, liability allocation, borrower receipt, or Apollo owner cash.","Verify row coordinates and numeric columns, then match Schedule DB verification, custody/counterparty, cash settlement, hedged liability block, and related income."
CFAASDBPC-0354,477,04687#AR9,Structured Credit Callable Fixed Bond Replication,Interest Rate Swap,97988R-BC-5,WDMNT 2022-9A A2R,"13,000,000","12,860,367",,"12,860,367",,source-row-visible-column-sparse,Schedule DB Part C names a derivative/synthetic-asset row and its cash-instrument CUSIP/description in the statutory source.,"Source-row identity and candidate columns are not settlement, counterparty remittance, hedge cost, liability allocation, borrower receipt, or Apollo owner cash.","Verify row coordinates and numeric columns, then match Schedule DB verification, custody/counterparty, cash settlement, hedged liability block, and related income."
CFAASDBPC-0355,477,04687#AJ7,Structured Credit Callable Fixed Bond Replication,Interest Rate Swap,00024D-AL-7,AAIF 2024-1A A1D,"13,000,000","13,013,000",,"13,013,000",,source-row-visible-column-sparse,Schedule DB Part C names a derivative/synthetic-asset row and its cash-instrument CUSIP/description in the statutory source.,"Source-row identity and candidate columns are not settlement, counterparty remittance, hedge cost, liability allocation, borrower receipt, or Apollo owner cash.","Verify row coordinates and numeric columns, then match Schedule DB verification, custody/counterparty, cash settlement, hedged liability block, and related income."
CFAASDBPC-0356,477,04687#AJ7,Structured Credit Callable Fixed Bond Replication,Interest Rate Swap,00112C-AL-2,ABPCI 2024-19A E,"6,000,000",,"6,137,460",,"6,137,460",source-row-visible-column-sparse,Schedule DB Part C names a derivative/synthetic-asset row and its cash-instrument CUSIP/description in the statutory source.,"Source-row identity and candidate columns are not settlement, counterparty remittance, hedge cost, liability allocation, borrower receipt, or Apollo owner cash.","Verify row coordinates and numeric columns, then match Schedule DB verification, custody/counterparty, cash settlement, hedged liability block, and related income."
CFAASDBPC-0357,477,04687#AJ7,Structured Credit Callable Fixed Bond Replication,Interest Rate Swap,00122J-AG-6,AGL 2025-40A C,"18,550,000","18,536,904",,"18,536,904",,source-row-visible-column-sparse,Schedule DB Part C names a derivative/synthetic-asset row and its cash-instrument CUSIP/description in the statutory source.,"Source-row identity and candidate columns are not settlement, counterparty remittance, hedge cost, liability allocation, borrower receipt, or Apollo owner cash.","Verify row coordinates and numeric columns, then match Schedule DB verification, custody/counterparty, cash settlement, hedged liability block, and related income."
CFAASDBPC-0358,477,04687#AJ7,Structured Credit Callable Fixed Bond Replication,Interest Rate Swap,03770G-AS-5,APID 2022-42A CR,,"3,777,096","3,837,068","3,777,096","3,837,068",source-row-visible-component-columns-resolved,Schedule DB Part C names a derivative/synthetic-asset row and its cash-instrument CUSIP/description in the statutory source.,"Source-row identity and candidate columns are not settlement, counterparty remittance, hedge cost, liability allocation, borrower receipt, or Apollo owner cash.","Verify row coordinates and numeric columns, then match Schedule DB verification, custody/counterparty, cash settlement, hedged liability block, and related income."
CFAASDBPC-0359,477,04687#AJ7,Structured Credit Callable Fixed Bond Replication,Interest Rate Swap,03771B-AE-6,APID 2024-49A B,"9,000,000",,"8,999,649",,"8,999,649",source-row-visible-column-sparse,Schedule DB Part C names a derivative/synthetic-asset row and its cash-instrument CUSIP/description in the statutory source.,"Source-row identity and candidate columns are not settlement, counterparty remittance, hedge cost, liability allocation, borrower receipt, or Apollo owner cash.","Verify row coordinates and numeric columns, then match Schedule DB verification, custody/counterparty, cash settlement, hedged liability block, and related income."
CFAASDBPC-0360,477,04687#AJ7,Structured Credit Callable Fixed Bond Replication,Interest Rate Swap,039939-AW-3,ARES 2022-67A CR,,"2,737,800","2,790,774","2,737,800","2,790,774",source-row-visible-component-columns-resolved,Schedule DB Part C names a derivative/synthetic-asset row and its cash-instrument CUSIP/description in the statutory source.,"Source-row identity and candidate columns are not settlement, counterparty remittance, hedge cost, liability allocation, borrower receipt, or Apollo owner cash.","Verify row coordinates and numeric columns, then match Schedule DB verification, custody/counterparty, cash settlement, hedged liability block, and related income."
CFAASDBPC-0361,477,04687#AJ7,Structured Credit Callable Fixed Bond Replication,Interest Rate Swap,04018B-BC-0,ARES 2020-55A CR2,"16,200,000","16,158,852",,"16,158,852",,source-row-visible-column-sparse,Schedule DB Part C names a derivative/synthetic-asset row and its cash-instrument CUSIP/description in the statutory source.,"Source-row identity and candidate columns are not settlement, counterparty remittance, hedge cost, liability allocation, borrower receipt, or Apollo owner cash.","Verify row coordinates and numeric columns, then match Schedule DB verification, custody/counterparty, cash settlement, hedged liability block, and related income."
CFAASDBPC-0362,477,04687#AJ7,Structured Credit Callable Fixed Bond Replication,Interest Rate Swap,04018N-BC-4,ARES 2020-56A CR2,,"4,064,891","4,111,520","4,064,891","4,111,520",source-row-visible-component-columns-resolved,Schedule DB Part C names a derivative/synthetic-asset row and its cash-instrument CUSIP/description in the statutory source.,"Source-row identity and candidate columns are not settlement, counterparty remittance, hedge cost, liability allocation, borrower receipt, or Apollo owner cash.","Verify row coordinates and numeric columns, then match Schedule DB verification, custody/counterparty, cash settlement, hedged liability block, and related income."
CFAASDBPC-0363,477,04687#AJ7,Structured Credit Callable Fixed Bond Replication,Interest Rate Swap,05555J-AG-1,BBAM 2024-4A B,,"4,200,000","4,215,116","4,200,000","4,215,116",source-row-visible-component-columns-resolved,Schedule DB Part C names a derivative/synthetic-asset row and its cash-instrument CUSIP/description in the statutory source.,"Source-row identity and candidate columns are not settlement, counterparty remittance, hedge cost, liability allocation, borrower receipt, or Apollo owner cash.","Verify row coordinates and numeric columns, then match Schedule DB verification, custody/counterparty, cash settlement, hedged liability block, and related income."
CFAASDBPC-0364,477,04687#AJ7,Structured Credit Callable Fixed Bond Replication,Interest Rate Swap,10805Y-AN-1,BRDGS 2020-1A A2R,"7,400,000",,"7,412,550",,"7,412,550",source-row-visible-column-sparse,Schedule DB Part C names a derivative/synthetic-asset row and its cash-instrument CUSIP/description in the statutory source.,"Source-row identity and candidate columns are not settlement, counterparty remittance, hedge cost, liability allocation, borrower receipt, or Apollo owner cash.","Verify row coordinates and numeric columns, then match Schedule DB verification, custody/counterparty, cash settlement, hedged liability block, and related income."
CFAASDBPC-0365,477,04687#AJ7,Structured Credit Callable Fixed Bond Replication,Interest Rate Swap,12481H-AU-9,CBAM 2017-3A CR,"23,196,974",,"23,203,933",,"23,203,933",source-row-visible-column-sparse,Schedule DB Part C names a derivative/synthetic-asset row and its cash-instrument CUSIP/description in the statutory source.,"Source-row identity and candidate columns are not settlement, counterparty remittance, hedge cost, liability allocation, borrower receipt, or Apollo owner cash.","Verify row coordinates and numeric columns, then match Schedule DB verification, custody/counterparty, cash settlement, hedged liability block, and related income."
CFAASDBPC-0366,477,04687#AJ7,Structured Credit Callable Fixed Bond Replication,Interest Rate Swap,12481K-AW-8,CBAM 2017-2A CR,"50,000,000","49,997,800",,"49,997,800",,source-row-visible-column-sparse,Schedule DB Part C names a derivative/synthetic-asset row and its cash-instrument CUSIP/description in the statutory source.,"Source-row identity and candidate columns are not settlement, counterparty remittance, hedge cost, liability allocation, borrower receipt, or Apollo owner cash.","Verify row coordinates and numeric columns, then match Schedule DB verification, custody/counterparty, cash settlement, hedged liability block, and related income."
CFAASDBPC-0367,477,04687#AJ7,Structured Credit Callable Fixed Bond Replication,Interest Rate Swap,14316E-BA-6,CGMS 2019-2A BR2,"6,075,000","6,081,968",,"6,081,968",,source-row-visible-column-sparse,Schedule DB Part C names a derivative/synthetic-asset row and its cash-instrument CUSIP/description in the statutory source.,"Source-row identity and candidate columns are not settlement, counterparty remittance, hedge cost, liability allocation, borrower receipt, or Apollo owner cash.","Verify row coordinates and numeric columns, then match Schedule DB verification, custody/counterparty, cash settlement, hedged liability block, and related income."
CFAASDBPC-0368,477,04687#AJ7,Structured Credit Callable Fixed Bond Replication,Interest Rate Swap,14316E-BC-2,CGMS 2019-2A CR2,,"4,725,000","4,718,995","4,725,000","4,718,995",source-row-visible-component-columns-resolved,Schedule DB Part C names a derivative/synthetic-asset row and its cash-instrument CUSIP/description in the statutory source.,"Source-row identity and candidate columns are not settlement, counterparty remittance, hedge cost, liability allocation, borrower receipt, or Apollo owner cash.","Verify row coordinates and numeric columns, then match Schedule DB verification, custody/counterparty, cash settlement, hedged liability block, and related income."
CFAASDBPC-0369,477,04687#AJ7,Structured Credit Callable Fixed Bond Replication,Interest Rate Swap,14319P-AE-1,CGMS 2024-6A B,,"2,250,000","2,247,266","2,250,000","2,247,266",source-row-visible-component-columns-resolved,Schedule DB Part C names a derivative/synthetic-asset row and its cash-instrument CUSIP/description in the statutory source.,"Source-row identity and candidate columns are not settlement, counterparty remittance, hedge cost, liability allocation, borrower receipt, or Apollo owner cash.","Verify row coordinates and numeric columns, then match Schedule DB verification, custody/counterparty, cash settlement, hedged liability block, and related income."
CFAASDBPC-0370,477,04687#AJ7,Structured Credit Callable Fixed Bond Replication,Interest Rate Swap,14319R-AC-1,CGMS 2024-7A B,"17,000,000","17,020,077",,"17,020,077",,source-row-visible-column-sparse,Schedule DB Part C names a derivative/synthetic-asset row and its cash-instrument CUSIP/description in the statutory source.,"Source-row identity and candidate columns are not settlement, counterparty remittance, hedge cost, liability allocation, borrower receipt, or Apollo owner cash.","Verify row coordinates and numeric columns, then match Schedule DB verification, custody/counterparty, cash settlement, hedged liability block, and related income."
CFAASDBPC-0371,477,04687#AJ7,Structured Credit Callable Fixed Bond Replication,Interest Rate Swap,14319R-AE-7,CGMS 2024-7A C,"19,000,000","18,938,934",,"18,938,934",,source-row-visible-column-sparse,Schedule DB Part C names a derivative/synthetic-asset row and its cash-instrument CUSIP/description in the statutory source.,"Source-row identity and candidate columns are not settlement, counterparty remittance, hedge cost, liability allocation, borrower receipt, or Apollo owner cash.","Verify row coordinates and numeric columns, then match Schedule DB verification, custody/counterparty, cash settlement, hedged liability block, and related income."
CFAASDBPC-0372,477,04687#AJ7,Structured Credit Callable Fixed Bond Replication,Interest Rate Swap,14319V-AG-3,CGMS 2025-1A C,"10,000,000","10,006,110",,"10,006,110",,source-row-visible-column-sparse,Schedule DB Part C names a derivative/synthetic-asset row and its cash-instrument CUSIP/description in the statutory source.,"Source-row identity and candidate columns are not settlement, counterparty remittance, hedge cost, liability allocation, borrower receipt, or Apollo owner cash.","Verify row coordinates and numeric columns, then match Schedule DB verification, custody/counterparty, cash settlement, hedged liability block, and related income."
CFAASDBPC-0373,477,04687#AJ7,Structured Credit Callable Fixed Bond Replication,Interest Rate Swap,17181D-AC-0,CIFC 2025-2A B,"3,800,000",,"3,771,994",,"3,771,994",source-row-visible-column-sparse,Schedule DB Part C names a derivative/synthetic-asset row and its cash-instrument CUSIP/description in the statutory source.,"Source-row identity and candidate columns are not settlement, counterparty remittance, hedge cost, liability allocation, borrower receipt, or Apollo owner cash.","Verify row coordinates and numeric columns, then match Schedule DB verification, custody/counterparty, cash settlement, hedged liability block, and related income."
CFAASDBPC-0374,477,04687#AJ7,Structured Credit Callable Fixed Bond Replication,Interest Rate Swap,17181D-AE-6,CIFC 2025-2A C,"10,274,773","10,240,897",,"10,240,897",,source-row-visible-column-sparse,Schedule DB Part C names a derivative/synthetic-asset row and its cash-instrument CUSIP/description in the statutory source.,"Source-row identity and candidate columns are not settlement, counterparty remittance, hedge cost, liability allocation, borrower receipt, or Apollo owner cash.","Verify row coordinates and numeric columns, then match Schedule DB verification, custody/counterparty, cash settlement, hedged liability block, and related income."
CFAASDBPC-0375,477,04687#AJ7,Structured Credit Callable Fixed Bond Replication,Interest Rate Swap,171929-AC-6,CHMML 2024-3A B,"15,500,000","15,351,324",,"15,351,324",,source-row-visible-column-sparse,Schedule DB Part C names a derivative/synthetic-asset row and its cash-instrument CUSIP/description in the statutory source.,"Source-row identity and candidate columns are not settlement, counterparty remittance, hedge cost, liability allocation, borrower receipt, or Apollo owner cash.","Verify row coordinates and numeric columns, then match Schedule DB verification, custody/counterparty, cash settlement, hedged liability block, and related income."
CFAASDBPC-0376,477,04687#AJ7,Structured Credit Callable Fixed Bond Replication,Interest Rate Swap,185833-AJ-9,CLRMPK 2025-1A C,"10,000,000",,"9,966,920",,"9,966,920",source-row-visible-column-sparse,Schedule DB Part C names a derivative/synthetic-asset row and its cash-instrument CUSIP/description in the statutory source.,"Source-row identity and candidate columns are not settlement, counterparty remittance, hedge cost, liability allocation, borrower receipt, or Apollo owner cash.","Verify row coordinates and numeric columns, then match Schedule DB verification, custody/counterparty, cash settlement, hedged liability block, and related income."
CFAASDBPC-0377,477,04687#AJ7,Structured Credit Callable Fixed Bond Replication,Interest Rate Swap,25254A-AG-2,DCLO 2025-9A C,"9,000,000",,"9,029,205",,"9,029,205",source-row-visible-column-sparse,Schedule DB Part C names a derivative/synthetic-asset row and its cash-instrument CUSIP/description in the statutory source.,"Source-row identity and candidate columns are not settlement, counterparty remittance, hedge cost, liability allocation, borrower receipt, or Apollo owner cash.","Verify row coordinates and numeric columns, then match Schedule DB verification, custody/counterparty, cash settlement, hedged liability block, and related income."
CFAASDBPC-0378,477,04687#AJ7,Structured Credit Callable Fixed Bond Replication,Interest Rate Swap,25255L-AW-2,DCLO 2021-2A BR,"7,000,000",,"6,991,201",,"6,991,201",source-row-visible-column-sparse,Schedule DB Part C names a derivative/synthetic-asset row and its cash-instrument CUSIP/description in the statutory source.,"Source-row identity and candidate columns are not settlement, counterparty remittance, hedge cost, liability allocation, borrower receipt, or Apollo owner cash.","Verify row coordinates and numeric columns, then match Schedule DB verification, custody/counterparty, cash settlement, hedged liability block, and related income."
CFAASDBPC-0379,477,04687#AJ7,Structured Credit Callable Fixed Bond Replication,Interest Rate Swap,25290B-AC-5,DCLO 2025-10A B,"7,000,000",,"7,012,376",,"7,012,376",source-row-visible-column-sparse,Schedule DB Part C names a derivative/synthetic-asset row and its cash-instrument CUSIP/description in the statutory source.,"Source-row identity and candidate columns are not settlement, counterparty remittance, hedge cost, liability allocation, borrower receipt, or Apollo owner cash.","Verify row coordinates and numeric columns, then match Schedule DB verification, custody/counterparty, cash settlement, hedged liability block, and related income."
CFAASDBPC-0380,477,04687#AJ7,Structured Credit Callable Fixed Bond Replication,Interest Rate Swap,26246B-AY-0,DRSLF 2020-85A BR2,"12,000,000","12,013,548",,"12,013,548",,source-row-visible-column-sparse,Schedule DB Part C names a derivative/synthetic-asset row and its cash-instrument CUSIP/description in the statutory source.,"Source-row identity and candidate columns are not settlement, counterparty remittance, hedge cost, liability allocation, borrower receipt, or Apollo owner cash.","Verify row coordinates and numeric columns, then match Schedule DB verification, custody/counterparty, cash settlement, hedged liability block, and related income."
CFAASDBPC-0381,477,04687#AJ7,Structured Credit Callable Fixed Bond Replication,Interest Rate Swap,26248K-AQ-5,DRSLF 2022-109A CR,,"5,566,231","5,581,262","5,566,231","5,581,262",source-row-visible-component-columns-resolved,Schedule DB Part C names a derivative/synthetic-asset row and its cash-instrument CUSIP/description in the statutory source.,"Source-row identity and candidate columns are not settlement, counterparty remittance, hedge cost, liability allocation, borrower receipt, or Apollo owner cash.","Verify row coordinates and numeric columns, then match Schedule DB verification, custody/counterparty, cash settlement, hedged liability block, and related income."
CFAASDBPC-0382,477,04687#AJ7,Structured Credit Callable Fixed Bond Replication,Interest Rate Swap,26253V-AG-5,DRSLF 2024-121A C,,"9,846,919|10,006,210",,"9,846,919|10,006,210",,source-row-visible-column-ambiguous,Schedule DB Part C names a derivative/synthetic-asset row and its cash-instrument CUSIP/description in the statutory source.,"Source-row identity and candidate columns are not settlement, counterparty remittance, hedge cost, liability allocation, borrower receipt, or Apollo owner cash.","Verify row coordinates and numeric columns, then match Schedule DB verification, custody/counterparty, cash settlement, hedged liability block, and related income."
CFAASDBPC-0383,478,04687#AJ7,Structured Credit Callable Fixed Bond Replication,Interest Rate Swap,29001B-AE-3,ELM25 2024-1A B,"3,000,000",,"3,002,484",,"3,002,484",source-row-visible-column-sparse,Schedule DB Part C names a derivative/synthetic-asset row and its cash-instrument CUSIP/description in the statutory source.,"Source-row identity and candidate columns are not settlement, counterparty remittance, hedge cost, liability allocation, borrower receipt, or Apollo owner cash.","Verify row coordinates and numeric columns, then match Schedule DB verification, custody/counterparty, cash settlement, hedged liability block, and related income."
CFAASDBPC-0384,478,04687#AJ7,Structured Credit Callable Fixed Bond Replication,Interest Rate Swap,29001M-AG-4,ELM34 2024-10A C,"10,000,000",,"9,968,490",,"9,968,490",source-row-visible-column-sparse,Schedule DB Part C names a derivative/synthetic-asset row and its cash-instrument CUSIP/description in the statutory source.,"Source-row identity and candidate columns are not settlement, counterparty remittance, hedge cost, liability allocation, borrower receipt, or Apollo owner cash.","Verify row coordinates and numeric columns, then match Schedule DB verification, custody/counterparty, cash settlement, hedged liability block, and related income."
CFAASDBPC-0385,478,04687#AJ7,Structured Credit Callable Fixed Bond Replication,Interest Rate Swap,29003E-AW-5,ELMW8 2021-1A CR,,"6,532,280","6,540,042","6,532,280","6,540,042",source-row-visible-component-columns-resolved,Schedule DB Part C names a derivative/synthetic-asset row and its cash-instrument CUSIP/description in the statutory source.,"Source-row identity and candidate columns are not settlement, counterparty remittance, hedge cost, liability allocation, borrower receipt, or Apollo owner cash.","Verify row coordinates and numeric columns, then match Schedule DB verification, custody/counterparty, cash settlement, hedged liability block, and related income."
CFAASDBPC-0386,478,04687#AJ7,Structured Credit Callable Fixed Bond Replication,Interest Rate Swap,29004F-AE-1,ELM40 2025-3A C,"38,500,000","38,372,334",,"38,372,334",,source-row-visible-column-sparse,Schedule DB Part C names a derivative/synthetic-asset row and its cash-instrument CUSIP/description in the statutory source.,"Source-row identity and candidate columns are not settlement, counterparty remittance, hedge cost, liability allocation, borrower receipt, or Apollo owner cash.","Verify row coordinates and numeric columns, then match Schedule DB verification, custody/counterparty, cash settlement, hedged liability block, and related income."
CFAASDBPC-0387,478,04687#AJ7,Structured Credit Callable Fixed Bond Replication,Interest Rate Swap,34963D-AC-9,FCBSL 2021-2A B,"37,368,890","37,400,673",,"37,400,673",,source-row-visible-column-sparse,Schedule DB Part C names a derivative/synthetic-asset row and its cash-instrument CUSIP/description in the statutory source.,"Source-row identity and candidate columns are not settlement, counterparty remittance, hedge cost, liability allocation, borrower receipt, or Apollo owner cash.","Verify row coordinates and numeric columns, then match Schedule DB verification, custody/counterparty, cash settlement, hedged liability block, and related income."
CFAASDBPC-0388,478,04687#AJ7,Structured Credit Callable Fixed Bond Replication,Interest Rate Swap,34963D-AE-5,FCBSL 2021-2A C,,"9,194,386","9,203,441","9,194,386","9,203,441",source-row-visible-component-columns-resolved,Schedule DB Part C names a derivative/synthetic-asset row and its cash-instrument CUSIP/description in the statutory source.,"Source-row identity and candidate columns are not settlement, counterparty remittance, hedge cost, liability allocation, borrower receipt, or Apollo owner cash.","Verify row coordinates and numeric columns, then match Schedule DB verification, custody/counterparty, cash settlement, hedged liability block, and related income."
CFAASDBPC-0389,478,04687#AJ7,Structured Credit Callable Fixed Bond Replication,Interest Rate Swap,34963D-AQ-8,FCBSL 2021-4A C,,"6,999,055","6,999,762","6,999,055","6,999,762",source-row-visible-component-columns-resolved,Schedule DB Part C names a derivative/synthetic-asset row and its cash-instrument CUSIP/description in the statutory source.,"Source-row identity and candidate columns are not settlement, counterparty remittance, hedge cost, liability allocation, borrower receipt, or Apollo owner cash.","Verify row coordinates and numeric columns, then match Schedule DB verification, custody/counterparty, cash settlement, hedged liability block, and related income."
CFAASDBPC-0390,478,04687#AJ7,Structured Credit Callable Fixed Bond Replication,Interest Rate Swap,34963W-AE-3,FCBSL 2021-5A C,"11,014,765","11,014,225",,"11,014,225",,source-row-visible-column-sparse,Schedule DB Part C names a derivative/synthetic-asset row and its cash-instrument CUSIP/description in the statutory source.,"Source-row identity and candidate columns are not settlement, counterparty remittance, hedge cost, liability allocation, borrower receipt, or Apollo owner cash.","Verify row coordinates and numeric columns, then match Schedule DB verification, custody/counterparty, cash settlement, hedged liability block, and related income."
CFAASDBPC-0391,478,04687#AJ7,Structured Credit Callable Fixed Bond Replication,Interest Rate Swap,34964R-AW-3,FCO 2022-19A DR,"11,400,000","11,318,661",,"11,318,661",,source-row-visible-column-sparse,Schedule DB Part C names a derivative/synthetic-asset row and its cash-instrument CUSIP/description in the statutory source.,"Source-row identity and candidate columns are not settlement, counterparty remittance, hedge cost, liability allocation, borrower receipt, or Apollo owner cash.","Verify row coordinates and numeric columns, then match Schedule DB verification, custody/counterparty, cash settlement, hedged liability block, and related income."
CFAASDBPC-0392,478,04687#AJ7,Structured Credit Callable Fixed Bond Replication,Interest Rate Swap,34966P-AC-9,FCBSL 2024-3A A2,"1,650,000",,"1,647,165",,"1,647,165",source-row-visible-column-sparse,Schedule DB Part C names a derivative/synthetic-asset row and its cash-instrument CUSIP/description in the statutory source.,"Source-row identity and candidate columns are not settlement, counterparty remittance, hedge cost, liability allocation, borrower receipt, or Apollo owner cash.","Verify row coordinates and numeric columns, then match Schedule DB verification, custody/counterparty, cash settlement, hedged liability block, and related income."
CFAASDBPC-0393,478,04687#AJ7,Structured Credit Callable Fixed Bond Replication,Interest Rate Swap,34966P-AE-5,FCBSL 2024-3A B,,"8,325,000","8,339,319","8,325,000","8,339,319",source-row-visible-component-columns-resolved,Schedule DB Part C names a derivative/synthetic-asset row and its cash-instrument CUSIP/description in the statutory source.,"Source-row identity and candidate columns are not settlement, counterparty remittance, hedge cost, liability allocation, borrower receipt, or Apollo owner cash.","Verify row coordinates and numeric columns, then match Schedule DB verification, custody/counterparty, cash settlement, hedged liability block, and related income."
CFAASDBPC-0394,478,04687#AJ7,Structured Credit Callable Fixed Bond Replication,Interest Rate Swap,34990B-AC-0,FCBSL 2025-1A B,"13,200,000","13,215,774",,"13,215,774",,source-row-visible-column-sparse,Schedule DB Part C names a derivative/synthetic-asset row and its cash-instrument CUSIP/description in the statutory source.,"Source-row identity and candidate columns are not settlement, counterparty remittance, hedge cost, liability allocation, borrower receipt, or Apollo owner cash.","Verify row coordinates and numeric columns, then match Schedule DB verification, custody/counterparty, cash settlement, hedged liability block, and related income."
CFAASDBPC-0395,478,04687#AJ7,Structured Credit Callable Fixed Bond Replication,Interest Rate Swap,34990B-AE-6,FCBSL 2025-1A C,"7,600,000",,"7,589,892",,"7,589,892",source-row-visible-column-sparse,Schedule DB Part C names a derivative/synthetic-asset row and its cash-instrument CUSIP/description in the statutory source.,"Source-row identity and candidate columns are not settlement, counterparty remittance, hedge cost, liability allocation, borrower receipt, or Apollo owner cash.","Verify row coordinates and numeric columns, then match Schedule DB verification, custody/counterparty, cash settlement, hedged liability block, and related income."
CFAASDBPC-0396,478,04687#AJ7,Structured Credit Callable Fixed Bond Replication,Interest Rate Swap,370912-AE-7,GNRT 2024-20A C,,"2,723,331","2,741,120","2,723,331","2,741,120",source-row-visible-component-columns-resolved,Schedule DB Part C names a derivative/synthetic-asset row and its cash-instrument CUSIP/description in the statutory source.,"Source-row identity and candidate columns are not settlement, counterparty remittance, hedge cost, liability allocation, borrower receipt, or Apollo owner cash.","Verify row coordinates and numeric columns, then match Schedule DB verification, custody/counterparty, cash settlement, hedged liability block, and related income."
CFAASDBPC-0397,478,04687#AJ7,Structured Credit Callable Fixed Bond Replication,Interest Rate Swap,38180P-AE-6,GCBSL 2019-43A BR,"22,000,000","22,025,718",,"22,025,718",,source-row-visible-column-sparse,Schedule DB Part C names a derivative/synthetic-asset row and its cash-instrument CUSIP/description in the statutory source.,"Source-row identity and candidate columns are not settlement, counterparty remittance, hedge cost, liability allocation, borrower receipt, or Apollo owner cash.","Verify row coordinates and numeric columns, then match Schedule DB verification, custody/counterparty, cash settlement, hedged liability block, and related income."
CFAASDBPC-0398,478,04687#AJ7,Structured Credit Callable Fixed Bond Replication,Interest Rate Swap,48190D-AC-4,KKR 2024-47A B,"38,000,000","38,182,590",,"38,182,590",,source-row-visible-column-sparse,Schedule DB Part C names a derivative/synthetic-asset row and its cash-instrument CUSIP/description in the statutory source.,"Source-row identity and candidate columns are not settlement, counterparty remittance, hedge cost, liability allocation, borrower receipt, or Apollo owner cash.","Verify row coordinates and numeric columns, then match Schedule DB verification, custody/counterparty, cash settlement, hedged liability block, and related income."
CFAASDBPC-0399,478,04687#AJ7,Structured Credit Callable Fixed Bond Replication,Interest Rate Swap,48256N-AE-9,KKR 2024-51A B,"1,750,000",,"1,753,036",,"1,753,036",source-row-visible-column-sparse,Schedule DB Part C names a derivative/synthetic-asset row and its cash-instrument CUSIP/description in the statutory source.,"Source-row identity and candidate columns are not settlement, counterparty remittance, hedge cost, liability allocation, borrower receipt, or Apollo owner cash.","Verify row coordinates and numeric columns, then match Schedule DB verification, custody/counterparty, cash settlement, hedged liability block, and related income."
CFAASDBPC-0400,478,04687#AJ7,Structured Credit Callable Fixed Bond Replication,Interest Rate Swap,48256R-AE-0,KKR 2024-53A B,"5,000,000",,"5,012,035",,"5,012,035",source-row-visible-column-sparse,Schedule DB Part C names a derivative/synthetic-asset row and its cash-instrument CUSIP/description in the statutory source.,"Source-row identity and candidate columns are not settlement, counterparty remittance, hedge cost, liability allocation, borrower receipt, or Apollo owner cash.","Verify row coordinates and numeric columns, then match Schedule DB verification, custody/counterparty, cash settlement, hedged liability block, and related income."
CFAASDBPC-0401,478,04687#AJ7,Structured Credit Callable Fixed Bond Replication,Interest Rate Swap,48256V-AE-1,KKR 2024-54A C,,"9,823,631","9,967,500","9,823,631","9,967,500",source-row-visible-component-columns-resolved,Schedule DB Part C names a derivative/synthetic-asset row and its cash-instrument CUSIP/description in the statutory source.,"Source-row identity and candidate columns are not settlement, counterparty remittance, hedge cost, liability allocation, borrower receipt, or Apollo owner cash.","Verify row coordinates and numeric columns, then match Schedule DB verification, custody/counterparty, cash settlement, hedged liability block, and related income."
CFAASDBPC-0402,478,04687#AJ7,Structured Credit Callable Fixed Bond Replication,Interest Rate Swap,509827-AC-5,LAKEG 2025-1A B,"12,000,000","11,940,564",,"11,940,564",,source-row-visible-column-sparse,Schedule DB Part C names a derivative/synthetic-asset row and its cash-instrument CUSIP/description in the statutory source.,"Source-row identity and candidate columns are not settlement, counterparty remittance, hedge cost, liability allocation, borrower receipt, or Apollo owner cash.","Verify row coordinates and numeric columns, then match Schedule DB verification, custody/counterparty, cash settlement, hedged liability block, and related income."
CFAASDBPC-0403,478,04687#AJ7,Structured Credit Callable Fixed Bond Replication,Interest Rate Swap,509827-AE-1,LAKEG 2025-1A C,"21,600,000","21,528,374",,"21,528,374",,source-row-visible-column-sparse,Schedule DB Part C names a derivative/synthetic-asset row and its cash-instrument CUSIP/description in the statutory source.,"Source-row identity and candidate columns are not settlement, counterparty remittance, hedge cost, liability allocation, borrower receipt, or Apollo owner cash.","Verify row coordinates and numeric columns, then match Schedule DB verification, custody/counterparty, cash settlement, hedged liability block, and related income."
CFAASDBPC-0404,478,04687#AJ7,Structured Credit Callable Fixed Bond Replication,Interest Rate Swap,51218Y-AC-0,LAKES 2025-1A B1,"15,000,000","14,981,205",,"14,981,205",,source-row-visible-column-sparse,Schedule DB Part C names a derivative/synthetic-asset row and its cash-instrument CUSIP/description in the statutory source.,"Source-row identity and candidate columns are not settlement, counterparty remittance, hedge cost, liability allocation, borrower receipt, or Apollo owner cash.","Verify row coordinates and numeric columns, then match Schedule DB verification, custody/counterparty, cash settlement, hedged liability block, and related income."
CFAASDBPC-0405,478,04687#AJ7,Structured Credit Callable Fixed Bond Replication,Interest Rate Swap,51218Y-AG-1,LAKES 2025-1A C,"21,900,000","21,827,489",,"21,827,489",,source-row-visible-column-sparse,Schedule DB Part C names a derivative/synthetic-asset row and its cash-instrument CUSIP/description in the statutory source.,"Source-row identity and candidate columns are not settlement, counterparty remittance, hedge cost, liability allocation, borrower receipt, or Apollo owner cash.","Verify row coordinates and numeric columns, then match Schedule DB verification, custody/counterparty, cash settlement, hedged liability block, and related income."
CFAASDBPC-0406,478,04687#AJ7,Structured Credit Callable Fixed Bond Replication,Interest Rate Swap,55822Y-AE-5,MDPK 2024-66A B,"32,750,000","32,709,357",,"32,709,357",,source-row-visible-column-sparse,Schedule DB Part C names a derivative/synthetic-asset row and its cash-instrument CUSIP/description in the statutory source.,"Source-row identity and candidate columns are not settlement, counterparty remittance, hedge cost, liability allocation, borrower receipt, or Apollo owner cash.","Verify row coordinates and numeric columns, then match Schedule DB verification, custody/counterparty, cash settlement, hedged liability block, and related income."
CFAASDBPC-0407,478,04687#AJ7,Structured Credit Callable Fixed Bond Replication,Interest Rate Swap,67098U-BE-4,OAKC 2020-6A CR2,"4,000,000",,"3,987,304",,"3,987,304",source-row-visible-column-sparse,Schedule DB Part C names a derivative/synthetic-asset row and its cash-instrument CUSIP/description in the statutory source.,"Source-row identity and candidate columns are not settlement, counterparty remittance, hedge cost, liability allocation, borrower receipt, or Apollo owner cash.","Verify row coordinates and numeric columns, then match Schedule DB verification, custody/counterparty, cash settlement, hedged liability block, and related income."
CFAASDBPC-0408,478,04687#AJ7,Structured Credit Callable Fixed Bond Replication,Interest Rate Swap,671000-AQ-0,OCP 2021-21A CR,,"3,249,155","3,304,084","3,249,155","3,304,084",source-row-visible-component-columns-resolved,Schedule DB Part C names a derivative/synthetic-asset row and its cash-instrument CUSIP/description in the statutory source.,"Source-row identity and candidate columns are not settlement, counterparty remittance, hedge cost, liability allocation, borrower receipt, or Apollo owner cash.","Verify row coordinates and numeric columns, then match Schedule DB verification, custody/counterparty, cash settlement, hedged liability block, and related income."
CFAASDBPC-0409,478,04687#AJ7,Structured Credit Callable Fixed Bond Replication,Interest Rate Swap,67120A-AJ-0,OCP 2024-37A C,,"4,900,000","4,884,384","4,900,000","4,884,384",source-row-visible-component-columns-resolved,Schedule DB Part C names a derivative/synthetic-asset row and its cash-instrument CUSIP/description in the statutory source.,"Source-row identity and candidate columns are not settlement, counterparty remittance, hedge cost, liability allocation, borrower receipt, or Apollo owner cash.","Verify row coordinates and numeric columns, then match Schedule DB verification, custody/counterparty, cash settlement, hedged liability block, and related income."
CFAASDBPC-0410,478,04687#AJ7,Structured Credit Callable Fixed Bond Replication,Interest Rate Swap,67120M-AE-5,OHACP 2024-17A B1,"19,500,000","19,465,212",,"19,465,212",,source-row-visible-column-sparse,Schedule DB Part C names a derivative/synthetic-asset row and its cash-instrument CUSIP/description in the statutory source.,"Source-row identity and candidate columns are not settlement, counterparty remittance, hedge cost, liability allocation, borrower receipt, or Apollo owner cash.","Verify row coordinates and numeric columns, then match Schedule DB verification, custody/counterparty, cash settlement, hedged liability block, and related income."
CFAASDBPC-0411,478,04687#AJ7,Structured Credit Callable Fixed Bond Replication,Interest Rate Swap,67577E-AC-5,OCT56 2021-1A B,,"6,980,841","7,014,433","6,980,841","7,014,433",source-row-visible-component-columns-resolved,Schedule DB Part C names a derivative/synthetic-asset row and its cash-instrument CUSIP/description in the statutory source.,"Source-row identity and candidate columns are not settlement, counterparty remittance, hedge cost, liability allocation, borrower receipt, or Apollo owner cash.","Verify row coordinates and numeric columns, then match Schedule DB verification, custody/counterparty, cash settlement, hedged liability block, and related income."
CFAASDBPC-0412,478,04687#AJ7,Structured Credit Callable Fixed Bond Replication,Interest Rate Swap,67578U-AG-9,OCT69 2024-3A C,,"4,627,248","4,627,595","4,627,248","4,627,595",source-row-visible-component-columns-resolved,Schedule DB Part C names a derivative/synthetic-asset row and its cash-instrument CUSIP/description in the statutory source.,"Source-row identity and candidate columns are not settlement, counterparty remittance, hedge cost, liability allocation, borrower receipt, or Apollo owner cash.","Verify row coordinates and numeric columns, then match Schedule DB verification, custody/counterparty, cash settlement, hedged liability block, and related income."
CFAASDBPC-0413,479,04687#AJ7,Structured Credit Callable Fixed Bond Replication,Interest Rate Swap,675932-AS-6,OCT58 2022-1A BR,"28,000,000","27,964,384",,"27,964,384",,source-row-visible-column-sparse,Schedule DB Part C names a derivative/synthetic-asset row and its cash-instrument CUSIP/description in the statutory source.,"Source-row identity and candidate columns are not settlement, counterparty remittance, hedge cost, liability allocation, borrower receipt, or Apollo owner cash.","Verify row coordinates and numeric columns, then match Schedule DB verification, custody/counterparty, cash settlement, hedged liability block, and related income."
CFAASDBPC-0414,479,04687#AJ7,Structured Credit Callable Fixed Bond Replication,Interest Rate Swap,675932-AU-1,OCT58 2022-1A CR,,"9,750,000","9,717,815","9,750,000","9,717,815",source-row-visible-component-columns-resolved,Schedule DB Part C names a derivative/synthetic-asset row and its cash-instrument CUSIP/description in the statutory source.,"Source-row identity and candidate columns are not settlement, counterparty remittance, hedge cost, liability allocation, borrower receipt, or Apollo owner cash.","Verify row coordinates and numeric columns, then match Schedule DB verification, custody/counterparty, cash settlement, hedged liability block, and related income."
CFAASDBPC-0415,479,04687#AJ7,Structured Credit Callable Fixed Bond Replication,Interest Rate Swap,67690A-AS-0,OAKC 2021-9A B1R,"3,800,000",,"3,793,114",,"3,793,114",source-row-visible-column-sparse,Schedule DB Part C names a derivative/synthetic-asset row and its cash-instrument CUSIP/description in the statutory source.,"Source-row identity and candidate columns are not settlement, counterparty remittance, hedge cost, liability allocation, borrower receipt, or Apollo owner cash.","Verify row coordinates and numeric columns, then match Schedule DB verification, custody/counterparty, cash settlement, hedged liability block, and related income."
CFAASDBPC-0416,479,04687#AJ7,Structured Credit Callable Fixed Bond Replication,Interest Rate Swap,69700X-AU-9,PLMRS 2022-4A CR,"8,500,000",,"8,472,970",,"8,472,970",source-row-visible-column-sparse,Schedule DB Part C names a derivative/synthetic-asset row and its cash-instrument CUSIP/description in the statutory source.,"Source-row identity and candidate columns are not settlement, counterparty remittance, hedge cost, liability allocation, borrower receipt, or Apollo owner cash.","Verify row coordinates and numeric columns, then match Schedule DB verification, custody/counterparty, cash settlement, hedged liability block, and related income."
CFAASDBPC-0417,479,04687#AJ7,Structured Credit Callable Fixed Bond Replication,Interest Rate Swap,70018C-AU-0,PKBLU 2022-2A CR,"3,000,000",,"3,004,764",,"3,004,764",source-row-visible-column-sparse,Schedule DB Part C names a derivative/synthetic-asset row and its cash-instrument CUSIP/description in the statutory source.,"Source-row identity and candidate columns are not settlement, counterparty remittance, hedge cost, liability allocation, borrower receipt, or Apollo owner cash.","Verify row coordinates and numeric columns, then match Schedule DB verification, custody/counterparty, cash settlement, hedged liability block, and related income."
CFAASDBPC-0418,479,04687#AJ7,Structured Credit Callable Fixed Bond Replication,Interest Rate Swap,70019H-AE-4,PKBLU 2025-7A B,"18,000,000","17,943,228",,"17,943,228",,source-row-visible-column-sparse,Schedule DB Part C names a derivative/synthetic-asset row and its cash-instrument CUSIP/description in the statutory source.,"Source-row identity and candidate columns are not settlement, counterparty remittance, hedge cost, liability allocation, borrower receipt, or Apollo owner cash.","Verify row coordinates and numeric columns, then match Schedule DB verification, custody/counterparty, cash settlement, hedged liability block, and related income."
CFAASDBPC-0419,479,04687#AJ7,Structured Credit Callable Fixed Bond Replication,Interest Rate Swap,720916-AE-5,PIPK 2025-18A C,"15,540,000","15,509,138",,"15,509,138",,source-row-visible-column-sparse,Schedule DB Part C names a derivative/synthetic-asset row and its cash-instrument CUSIP/description in the statutory source.,"Source-row identity and candidate columns are not settlement, counterparty remittance, hedge cost, liability allocation, borrower receipt, or Apollo owner cash.","Verify row coordinates and numeric columns, then match Schedule DB verification, custody/counterparty, cash settlement, hedged liability block, and related income."
CFAASDBPC-0420,479,04687#AJ7,Structured Credit Callable Fixed Bond Replication,Interest Rate Swap,72133L-AT-9,PIPK 2023-12A C1R,,"4,993,411","5,003,165","4,993,411","5,003,165",source-row-visible-component-columns-resolved,Schedule DB Part C names a derivative/synthetic-asset row and its cash-instrument CUSIP/description in the statutory source.,"Source-row identity and candidate columns are not settlement, counterparty remittance, hedge cost, liability allocation, borrower receipt, or Apollo owner cash.","Verify row coordinates and numeric columns, then match Schedule DB verification, custody/counterparty, cash settlement, hedged liability block, and related income."
CFAASDBPC-0421,479,04687#AJ7,Structured Credit Callable Fixed Bond Replication,Interest Rate Swap,72133P-AS-2,PIPK 2020-5A CR,,"8,550,000","8,559,773","8,550,000","8,559,773",source-row-visible-component-columns-resolved,Schedule DB Part C names a derivative/synthetic-asset row and its cash-instrument CUSIP/description in the statutory source.,"Source-row identity and candidate columns are not settlement, counterparty remittance, hedge cost, liability allocation, borrower receipt, or Apollo owner cash.","Verify row coordinates and numeric columns, then match Schedule DB verification, custody/counterparty, cash settlement, hedged liability block, and related income."
CFAASDBPC-0422,479,04687#AJ7,Structured Credit Callable Fixed Bond Replication,Interest Rate Swap,72583U-AJ-6,PXLY 2024-1A C,"12,220,634","12,334,930",,"12,334,930",,source-row-visible-column-sparse,Schedule DB Part C names a derivative/synthetic-asset row and its cash-instrument CUSIP/description in the statutory source.,"Source-row identity and candidate columns are not settlement, counterparty remittance, hedge cost, liability allocation, borrower receipt, or Apollo owner cash.","Verify row coordinates and numeric columns, then match Schedule DB verification, custody/counterparty, cash settlement, hedged liability block, and related income."
CFAASDBPC-0423,479,04687#AJ7,Structured Credit Callable Fixed Bond Replication,Interest Rate Swap,74988W-AC-4,RRAM 2024-34RA A2AR,"21,375,000","21,349,478",,"21,349,478",,source-row-visible-column-sparse,Schedule DB Part C names a derivative/synthetic-asset row and its cash-instrument CUSIP/description in the statutory source.,"Source-row identity and candidate columns are not settlement, counterparty remittance, hedge cost, liability allocation, borrower receipt, or Apollo owner cash.","Verify row coordinates and numeric columns, then match Schedule DB verification, custody/counterparty, cash settlement, hedged liability block, and related income."
CFAASDBPC-0424,479,04687#AJ7,Structured Credit Callable Fixed Bond Replication,Interest Rate Swap,74989M-AS-0,RRAM 2023-26A B1R,"29,750,000","29,670,330",,"29,670,330",,source-row-visible-column-sparse,Schedule DB Part C names a derivative/synthetic-asset row and its cash-instrument CUSIP/description in the statutory source.,"Source-row identity and candidate columns are not settlement, counterparty remittance, hedge cost, liability allocation, borrower receipt, or Apollo owner cash.","Verify row coordinates and numeric columns, then match Schedule DB verification, custody/counterparty, cash settlement, hedged liability block, and related income."
CFAASDBPC-0425,479,04687#AJ7,Structured Credit Callable Fixed Bond Replication,Interest Rate Swap,74989M-AU-5,RRAM 2023-26A B2R,"5,000,000",,"4,989,155",,"4,989,155",source-row-visible-column-sparse,Schedule DB Part C names a derivative/synthetic-asset row and its cash-instrument CUSIP/description in the statutory source.,"Source-row identity and candidate columns are not settlement, counterparty remittance, hedge cost, liability allocation, borrower receipt, or Apollo owner cash.","Verify row coordinates and numeric columns, then match Schedule DB verification, custody/counterparty, cash settlement, hedged liability block, and related income."
CFAASDBPC-0426,479,04687#AJ7,Structured Credit Callable Fixed Bond Replication,Interest Rate Swap,75009P-AQ-0,RAD 2021-12A BR,"11,390,000","11,358,746",,"11,358,746",,source-row-visible-column-sparse,Schedule DB Part C names a derivative/synthetic-asset row and its cash-instrument CUSIP/description in the statutory source.,"Source-row identity and candidate columns are not settlement, counterparty remittance, hedge cost, liability allocation, borrower receipt, or Apollo owner cash.","Verify row coordinates and numeric columns, then match Schedule DB verification, custody/counterparty, cash settlement, hedged liability block, and related income."
CFAASDBPC-0427,479,04687#AJ7,Structured Credit Callable Fixed Bond Replication,Interest Rate Swap,750103-AQ-6,RAD 2021-15A BR,"14,950,000","14,899,110",,"14,899,110",,source-row-visible-column-sparse,Schedule DB Part C names a derivative/synthetic-asset row and its cash-instrument CUSIP/description in the statutory source.,"Source-row identity and candidate columns are not settlement, counterparty remittance, hedge cost, liability allocation, borrower receipt, or Apollo owner cash.","Verify row coordinates and numeric columns, then match Schedule DB verification, custody/counterparty, cash settlement, hedged liability block, and related income."
CFAASDBPC-0428,479,04687#AJ7,Structured Credit Callable Fixed Bond Replication,Interest Rate Swap,75010R-AC-4,RAD 2025-29A B,"22,000,000","21,958,200",,"21,958,200",,source-row-visible-column-sparse,Schedule DB Part C names a derivative/synthetic-asset row and its cash-instrument CUSIP/description in the statutory source.,"Source-row identity and candidate columns are not settlement, counterparty remittance, hedge cost, liability allocation, borrower receipt, or Apollo owner cash.","Verify row coordinates and numeric columns, then match Schedule DB verification, custody/counterparty, cash settlement, hedged liability block, and related income."
CFAASDBPC-0429,479,04687#AJ7,Structured Credit Callable Fixed Bond Replication,Interest Rate Swap,75010R-AE-0,RAD 2025-29A C,"18,000,000","17,939,898",,"17,939,898",,source-row-visible-column-sparse,Schedule DB Part C names a derivative/synthetic-asset row and its cash-instrument CUSIP/description in the statutory source.,"Source-row identity and candidate columns are not settlement, counterparty remittance, hedge cost, liability allocation, borrower receipt, or Apollo owner cash.","Verify row coordinates and numeric columns, then match Schedule DB verification, custody/counterparty, cash settlement, hedged liability block, and related income."
CFAASDBPC-0430,479,04687#AJ7,Structured Credit Callable Fixed Bond Replication,Interest Rate Swap,77341A-AG-8,ROCKT 2025-1A C,,"7,250,000","7,249,804","7,250,000","7,249,804",source-row-visible-component-columns-resolved,Schedule DB Part C names a derivative/synthetic-asset row and its cash-instrument CUSIP/description in the statutory source.,"Source-row identity and candidate columns are not settlement, counterparty remittance, hedge cost, liability allocation, borrower receipt, or Apollo owner cash.","Verify row coordinates and numeric columns, then match Schedule DB verification, custody/counterparty, cash settlement, hedged liability block, and related income."
CFAASDBPC-0431,479,04687#AJ7,Structured Credit Callable Fixed Bond Replication,Interest Rate Swap,77341K-AG-6,ROCKT 2021-1A C,,"4,836,445","4,835,029","4,836,445","4,835,029",source-row-visible-component-columns-resolved,Schedule DB Part C names a derivative/synthetic-asset row and its cash-instrument CUSIP/description in the statutory source.,"Source-row identity and candidate columns are not settlement, counterparty remittance, hedge cost, liability allocation, borrower receipt, or Apollo owner cash.","Verify row coordinates and numeric columns, then match Schedule DB verification, custody/counterparty, cash settlement, hedged liability block, and related income."
CFAASDBPC-0432,479,04687#AJ7,Structured Credit Callable Fixed Bond Replication,Interest Rate Swap,77342B-AG-5,ROCKT 2024-1A C,"6,611,567",,"6,624,189",,"6,624,189",source-row-visible-column-sparse,Schedule DB Part C names a derivative/synthetic-asset row and its cash-instrument CUSIP/description in the statutory source.,"Source-row identity and candidate columns are not settlement, counterparty remittance, hedge cost, liability allocation, borrower receipt, or Apollo owner cash.","Verify row coordinates and numeric columns, then match Schedule DB verification, custody/counterparty, cash settlement, hedged liability block, and related income."
CFAASDBPC-0433,479,04687#AJ7,Structured Credit Callable Fixed Bond Replication,Interest Rate Swap,78110Q-AE-5,RRAM 2024-33A A2,"5,000,000",,"4,990,905",,"4,990,905",source-row-visible-column-sparse,Schedule DB Part C names a derivative/synthetic-asset row and its cash-instrument CUSIP/description in the statutory source.,"Source-row identity and candidate columns are not settlement, counterparty remittance, hedge cost, liability allocation, borrower receipt, or Apollo owner cash.","Verify row coordinates and numeric columns, then match Schedule DB verification, custody/counterparty, cash settlement, hedged liability block, and related income."
CFAASDBPC-0434,479,04687#AJ7,Structured Credit Callable Fixed Bond Replication,Interest Rate Swap,82809V-AE-2,SPCLO 2025-9A B,"15,450,000","15,506,470",,"15,506,470",,source-row-visible-column-sparse,Schedule DB Part C names a derivative/synthetic-asset row and its cash-instrument CUSIP/description in the statutory source.,"Source-row identity and candidate columns are not settlement, counterparty remittance, hedge cost, liability allocation, borrower receipt, or Apollo owner cash.","Verify row coordinates and numeric columns, then match Schedule DB verification, custody/counterparty, cash settlement, hedged liability block, and related income."
CFAASDBPC-0435,479,04687#AJ7,Structured Credit Callable Fixed Bond Replication,Interest Rate Swap,83013T-AE-7,SIXST 2025-28A C,"20,075,000","20,035,794",,"20,035,794",,source-row-visible-column-sparse,Schedule DB Part C names a derivative/synthetic-asset row and its cash-instrument CUSIP/description in the statutory source.,"Source-row identity and candidate columns are not settlement, counterparty remittance, hedge cost, liability allocation, borrower receipt, or Apollo owner cash.","Verify row coordinates and numeric columns, then match Schedule DB verification, custody/counterparty, cash settlement, hedged liability block, and related income."
CFAASDBPC-0436,479,04687#AJ7,Structured Credit Callable Fixed Bond Replication,Interest Rate Swap,881936-AC-2,TCIFC 2025-1A B,,"2,174,782","2,167,995","2,174,782","2,167,995",source-row-visible-component-columns-resolved,Schedule DB Part C names a derivative/synthetic-asset row and its cash-instrument CUSIP/description in the statutory source.,"Source-row identity and candidate columns are not settlement, counterparty remittance, hedge cost, liability allocation, borrower receipt, or Apollo owner cash.","Verify row coordinates and numeric columns, then match Schedule DB verification, custody/counterparty, cash settlement, hedged liability block, and related income."
CFAASDBPC-0437,479,04687#AJ7,Structured Credit Callable Fixed Bond Replication,Interest Rate Swap,88677F-AE-3,TKO 2025-1A C,,"2,900,000","2,894,258","2,900,000","2,894,258",source-row-visible-component-columns-resolved,Schedule DB Part C names a derivative/synthetic-asset row and its cash-instrument CUSIP/description in the statutory source.,"Source-row identity and candidate columns are not settlement, counterparty remittance, hedge cost, liability allocation, borrower receipt, or Apollo owner cash.","Verify row coordinates and numeric columns, then match Schedule DB verification, custody/counterparty, cash settlement, hedged liability block, and related income."
CFAASDBPC-0438,479,04687#AJ7,Structured Credit Callable Fixed Bond Replication,Interest Rate Swap,89531M-AS-1,TREST 2018-2A CR,,"5,630,014","5,644,958","5,630,014","5,644,958",source-row-visible-component-columns-resolved,Schedule DB Part C names a derivative/synthetic-asset row and its cash-instrument CUSIP/description in the statutory source.,"Source-row identity and candidate columns are not settlement, counterparty remittance, hedge cost, liability allocation, borrower receipt, or Apollo owner cash.","Verify row coordinates and numeric columns, then match Schedule DB verification, custody/counterparty, cash settlement, hedged liability block, and related income."
CFAASDBPC-0439,479,04687#AJ7,Structured Credit Callable Fixed Bond Replication,Interest Rate Swap,89624U-AG-7,CAVU 2021-2A C,,"3,546,356","3,546,168","3,546,356","3,546,168",source-row-visible-component-columns-resolved,Schedule DB Part C names a derivative/synthetic-asset row and its cash-instrument CUSIP/description in the statutory source.,"Source-row identity and candidate columns are not settlement, counterparty remittance, hedge cost, liability allocation, borrower receipt, or Apollo owner cash.","Verify row coordinates and numeric columns, then match Schedule DB verification, custody/counterparty, cash settlement, hedged liability block, and related income."
CFAASDBPC-0440,479,04687#AJ7,Structured Credit Callable Fixed Bond Replication,Interest Rate Swap,92918B-AU-7,VOYA 2019-4A CR,,"2,994,450","3,002,988","2,994,450","3,002,988",source-row-visible-component-columns-resolved,Schedule DB Part C names a derivative/synthetic-asset row and its cash-instrument CUSIP/description in the statutory source.,"Source-row identity and candidate columns are not settlement, counterparty remittance, hedge cost, liability allocation, borrower receipt, or Apollo owner cash.","Verify row coordinates and numeric columns, then match Schedule DB verification, custody/counterparty, cash settlement, hedged liability block, and related income."
CFAASDBPC-0441,479,04687#AJ7,Structured Credit Callable Fixed Bond Replication,Interest Rate Swap,92920T-AG-5,VOYA 2024-6A B1,"32,000,000","32,038,144",,"32,038,144",,source-row-visible-column-sparse,Schedule DB Part C names a derivative/synthetic-asset row and its cash-instrument CUSIP/description in the statutory source.,"Source-row identity and candidate columns are not settlement, counterparty remittance, hedge cost, liability allocation, borrower receipt, or Apollo owner cash.","Verify row coordinates and numeric columns, then match Schedule DB verification, custody/counterparty, cash settlement, hedged liability block, and related income."
CFAASDBPC-0442,479,04687#AJ7,Structured Credit Callable Fixed Bond Replication,Interest Rate Swap,92920T-AJ-9,VOYA 2024-6A C,"13,500,000","13,456,071",,"13,456,071",,source-row-visible-column-sparse,Schedule DB Part C names a derivative/synthetic-asset row and its cash-instrument CUSIP/description in the statutory source.,"Source-row identity and candidate columns are not settlement, counterparty remittance, hedge cost, liability allocation, borrower receipt, or Apollo owner cash.","Verify row coordinates and numeric columns, then match Schedule DB verification, custody/counterparty, cash settlement, hedged liability block, and related income."
CFAASDBPC-0443,480,04687#AJ7,Structured Credit Callable Fixed Bond Replication,Interest Rate Swap,97816W-AE-9,WONPK 2025-1A C,"18,525,000","18,430,763",,"18,430,763",,source-row-visible-column-sparse,Schedule DB Part C names a derivative/synthetic-asset row and its cash-instrument CUSIP/description in the statutory source.,"Source-row identity and candidate columns are not settlement, counterparty remittance, hedge cost, liability allocation, borrower receipt, or Apollo owner cash.","Verify row coordinates and numeric columns, then match Schedule DB verification, custody/counterparty, cash settlement, hedged liability block, and related income."
CFAASDBPC-0444,480,04687#AJ7,Structured Credit Callable Fixed Bond Replication,Interest Rate Swap,97988F-AQ-1,WDMNT 2022-10A A2R,,"4,750,000","4,675,819","4,750,000","4,675,819",source-row-visible-component-columns-resolved,Schedule DB Part C names a derivative/synthetic-asset row and its cash-instrument CUSIP/description in the statutory source.,"Source-row identity and candidate columns are not settlement, counterparty remittance, hedge cost, liability allocation, borrower receipt, or Apollo owner cash.","Verify row coordinates and numeric columns, then match Schedule DB verification, custody/counterparty, cash settlement, hedged liability block, and related income."
CFAASDBPC-0445,480,04687#AJ7,Structured Credit Callable Fixed Bond Replication,Interest Rate Swap,979926-AU-6,WDMNT 2023-12A CR,,"9,300,000","9,251,835","9,300,000","9,251,835",source-row-visible-component-columns-resolved,Schedule DB Part C names a derivative/synthetic-asset row and its cash-instrument CUSIP/description in the statutory source.,"Source-row identity and candidate columns are not settlement, counterparty remittance, hedge cost, liability allocation, borrower receipt, or Apollo owner cash.","Verify row coordinates and numeric columns, then match Schedule DB verification, custody/counterparty, cash settlement, hedged liability block, and related income."
CFAASDBPC-0446,480,04687#AJ7,Structured Credit Callable Fixed Bond Replication,Interest Rate Swap,979926-AW-2,WDMNT 2023-12A DR,"9,000,000",,"8,959,302",,"8,959,302",source-row-visible-column-sparse,Schedule DB Part C names a derivative/synthetic-asset row and its cash-instrument CUSIP/description in the statutory source.,"Source-row identity and candidate columns are not settlement, counterparty remittance, hedge cost, liability allocation, borrower receipt, or Apollo owner cash.","Verify row coordinates and numeric columns, then match Schedule DB verification, custody/counterparty, cash settlement, hedged liability block, and related income."
CFAASDBPC-0447,480,04687#AL2,Structured Credit Callable Fixed Bond Replication,Interest Rate Swap,00024D-AL-7,AAIF 2024-1A A1D,"14,625,000","14,639,625",,"14,639,625",,source-row-visible-column-sparse,Schedule DB Part C names a derivative/synthetic-asset row and its cash-instrument CUSIP/description in the statutory source.,"Source-row identity and candidate columns are not settlement, counterparty remittance, hedge cost, liability allocation, borrower receipt, or Apollo owner cash.","Verify row coordinates and numeric columns, then match Schedule DB verification, custody/counterparty, cash settlement, hedged liability block, and related income."
CFAASDBPC-0448,480,04687#AL2,Structured Credit Callable Fixed Bond Replication,Interest Rate Swap,00024D-AQ-6,AAIF 2024-1A BD,"11,700,000","11,711,700",,"11,711,700",,source-row-visible-column-sparse,Schedule DB Part C names a derivative/synthetic-asset row and its cash-instrument CUSIP/description in the statutory source.,"Source-row identity and candidate columns are not settlement, counterparty remittance, hedge cost, liability allocation, borrower receipt, or Apollo owner cash.","Verify row coordinates and numeric columns, then match Schedule DB verification, custody/counterparty, cash settlement, hedged liability block, and related income."
CFAASDBPC-0449,480,04687#AL2,Structured Credit Callable Fixed Bond Replication,Interest Rate Swap,00092P-AJ-2,AIMCO 2025-24A C,"10,530,000","10,492,576",,"10,492,576",,source-row-visible-column-sparse,Schedule DB Part C names a derivative/synthetic-asset row and its cash-instrument CUSIP/description in the statutory source.,"Source-row identity and candidate columns are not settlement, counterparty remittance, hedge cost, liability allocation, borrower receipt, or Apollo owner cash.","Verify row coordinates and numeric columns, then match Schedule DB verification, custody/counterparty, cash settlement, hedged liability block, and related income."
CFAASDBPC-0450,480,04687#AL2,Structured Credit Callable Fixed Bond Replication,Interest Rate Swap,00092P-AL-7,AIMCO 2025-24A D,"14,070,000","14,064,935",,"14,064,935",,source-row-visible-column-sparse,Schedule DB Part C names a derivative/synthetic-asset row and its cash-instrument CUSIP/description in the statutory source.,"Source-row identity and candidate columns are not settlement, counterparty remittance, hedge cost, liability allocation, borrower receipt, or Apollo owner cash.","Verify row coordinates and numeric columns, then match Schedule DB verification, custody/counterparty, cash settlement, hedged liability block, and related income."
CFAASDBPC-0451,480,04687#AL2,Structured Credit Callable Fixed Bond Replication,Interest Rate Swap,00112C-AC-2,ABPCI 2024-19A A2,"13,800,000","13,669,121",,"13,669,121",,source-row-visible-column-sparse,Schedule DB Part C names a derivative/synthetic-asset row and its cash-instrument CUSIP/description in the statutory source.,"Source-row identity and candidate columns are not settlement, counterparty remittance, hedge cost, liability allocation, borrower receipt, or Apollo owner cash.","Verify row coordinates and numeric columns, then match Schedule DB verification, custody/counterparty, cash settlement, hedged liability block, and related income."
CFAASDBPC-0452,480,04687#AL2,Structured Credit Callable Fixed Bond Replication,Interest Rate Swap,00112C-AE-8,ABPCI 2024-19A B,"16,800,000","16,634,890",,"16,634,890",,source-row-visible-column-sparse,Schedule DB Part C names a derivative/synthetic-asset row and its cash-instrument CUSIP/description in the statutory source.,"Source-row identity and candidate columns are not settlement, counterparty remittance, hedge cost, liability allocation, borrower receipt, or Apollo owner cash.","Verify row coordinates and numeric columns, then match Schedule DB verification, custody/counterparty, cash settlement, hedged liability block, and related income."
CFAASDBPC-0453,480,04687#AL2,Structured Credit Callable Fixed Bond Replication,Interest Rate Swap,00122J-AJ-0,AGL 2025-40A D1,"13,600,000","13,617,598",,"13,617,598",,source-row-visible-column-sparse,Schedule DB Part C names a derivative/synthetic-asset row and its cash-instrument CUSIP/description in the statutory source.,"Source-row identity and candidate columns are not settlement, counterparty remittance, hedge cost, liability allocation, borrower receipt, or Apollo owner cash.","Verify row coordinates and numeric columns, then match Schedule DB verification, custody/counterparty, cash settlement, hedged liability block, and related income."
CFAASDBPC-0454,480,04687#AL2,Structured Credit Callable Fixed Bond Replication,Interest Rate Swap,03664X-AE-8,ANTR 2024-6A B,"15,679,000","15,531,351",,"15,531,351",,source-row-visible-column-sparse,Schedule DB Part C names a derivative/synthetic-asset row and its cash-instrument CUSIP/description in the statutory source.,"Source-row identity and candidate columns are not settlement, counterparty remittance, hedge cost, liability allocation, borrower receipt, or Apollo owner cash.","Verify row coordinates and numeric columns, then match Schedule DB verification, custody/counterparty, cash settlement, hedged liability block, and related income."
CFAASDBPC-0455,480,04687#AL2,Structured Credit Callable Fixed Bond Replication,Interest Rate Swap,03665M-AL-5,ANTR 2018-1A A2R,"14,400,000","14,146,848",,"14,146,848",,source-row-visible-column-sparse,Schedule DB Part C names a derivative/synthetic-asset row and its cash-instrument CUSIP/description in the statutory source.,"Source-row identity and candidate columns are not settlement, counterparty remittance, hedge cost, liability allocation, borrower receipt, or Apollo owner cash.","Verify row coordinates and numeric columns, then match Schedule DB verification, custody/counterparty, cash settlement, hedged liability block, and related income."
CFAASDBPC-0456,480,04687#AL2,Structured Credit Callable Fixed Bond Replication,Interest Rate Swap,03665M-AN-1,ANTR 2018-1A BR,"17,500,000","17,488,730",,"17,488,730",,source-row-visible-column-sparse,Schedule DB Part C names a derivative/synthetic-asset row and its cash-instrument CUSIP/description in the statutory source.,"Source-row identity and candidate columns are not settlement, counterparty remittance, hedge cost, liability allocation, borrower receipt, or Apollo owner cash.","Verify row coordinates and numeric columns, then match Schedule DB verification, custody/counterparty, cash settlement, hedged liability block, and related income."
CFAASDBPC-0457,480,04687#AL2,Structured Credit Callable Fixed Bond Replication,Interest Rate Swap,03990K-AJ-0,ARES 2025-77A D1,"14,300,000","14,344,888",,"14,344,888",,source-row-visible-column-sparse,Schedule DB Part C names a derivative/synthetic-asset row and its cash-instrument CUSIP/description in the statutory source.,"Source-row identity and candidate columns are not settlement, counterparty remittance, hedge cost, liability allocation, borrower receipt, or Apollo owner cash.","Verify row coordinates and numeric columns, then match Schedule DB verification, custody/counterparty, cash settlement, hedged liability block, and related income."
CFAASDBPC-0458,480,04687#AL2,Structured Credit Callable Fixed Bond Replication,Interest Rate Swap,05071U-AG-1,AUDAX 2025-12A B,"13,200,000","12,991,004",,"12,991,004",,source-row-visible-column-sparse,Schedule DB Part C names a derivative/synthetic-asset row and its cash-instrument CUSIP/description in the statutory source.,"Source-row identity and candidate columns are not settlement, counterparty remittance, hedge cost, liability allocation, borrower receipt, or Apollo owner cash.","Verify row coordinates and numeric columns, then match Schedule DB verification, custody/counterparty, cash settlement, hedged liability block, and related income."
CFAASDBPC-0459,480,04687#AL2,Structured Credit Callable Fixed Bond Replication,Interest Rate Swap,05071U-AJ-5,AUDAX 2025-12A C,"13,350,000","13,127,723",,"13,127,723",,source-row-visible-column-sparse,Schedule DB Part C names a derivative/synthetic-asset row and its cash-instrument CUSIP/description in the statutory source.,"Source-row identity and candidate columns are not settlement, counterparty remittance, hedge cost, liability allocation, borrower receipt, or Apollo owner cash.","Verify row coordinates and numeric columns, then match Schedule DB verification, custody/counterparty, cash settlement, hedged liability block, and related income."
CFAASDBPC-0460,480,04687#AL2,Structured Credit Callable Fixed Bond Replication,Interest Rate Swap,050922-AA-1,AUDAX 2024-11A A1,"25,000,000","24,907,650",,"24,907,650",,source-row-visible-column-sparse,Schedule DB Part C names a derivative/synthetic-asset row and its cash-instrument CUSIP/description in the statutory source.,"Source-row identity and candidate columns are not settlement, counterparty remittance, hedge cost, liability allocation, borrower receipt, or Apollo owner cash.","Verify row coordinates and numeric columns, then match Schedule DB verification, custody/counterparty, cash settlement, hedged liability block, and related income."
CFAASDBPC-0461,480,04687#AL2,Structured Credit Callable Fixed Bond Replication,Interest Rate Swap,05555J-AJ-5,BBAM 2024-4A C,"9,600,000",,"9,611,386",,"9,611,386",source-row-visible-column-sparse,Schedule DB Part C names a derivative/synthetic-asset row and its cash-instrument CUSIP/description in the statutory source.,"Source-row identity and candidate columns are not settlement, counterparty remittance, hedge cost, liability allocation, borrower receipt, or Apollo owner cash.","Verify row coordinates and numeric columns, then match Schedule DB verification, custody/counterparty, cash settlement, hedged liability block, and related income."
CFAASDBPC-0462,480,04687#AL2,Structured Credit Callable Fixed Bond Replication,Interest Rate Swap,06764L-AE-6,BABSN 2025-2A D1,"12,350,000","12,345,986",,"12,345,986",,source-row-visible-column-sparse,Schedule DB Part C names a derivative/synthetic-asset row and its cash-instrument CUSIP/description in the statutory source.,"Source-row identity and candidate columns are not settlement, counterparty remittance, hedge cost, liability allocation, borrower receipt, or Apollo owner cash.","Verify row coordinates and numeric columns, then match Schedule DB verification, custody/counterparty, cash settlement, hedged liability block, and related income."
CFAASDBPC-0463,480,04687#AL2,Structured Credit Callable Fixed Bond Replication,Interest Rate Swap,10805Y-AN-1,BRDGS 2020-1A A2R,"14,700,000","14,724,931",,"14,724,931",,source-row-visible-column-sparse,Schedule DB Part C names a derivative/synthetic-asset row and its cash-instrument CUSIP/description in the statutory source.,"Source-row identity and candidate columns are not settlement, counterparty remittance, hedge cost, liability allocation, borrower receipt, or Apollo owner cash.","Verify row coordinates and numeric columns, then match Schedule DB verification, custody/counterparty, cash settlement, hedged liability block, and related income."
CFAASDBPC-0464,480,04687#AL2,Structured Credit Callable Fixed Bond Replication,Interest Rate Swap,14319P-AJ-0,CGMS 2024-6A D1,"8,000,000",,"8,019,792",,"8,019,792",source-row-visible-column-sparse,Schedule DB Part C names a derivative/synthetic-asset row and its cash-instrument CUSIP/description in the statutory source.,"Source-row identity and candidate columns are not settlement, counterparty remittance, hedge cost, liability allocation, borrower receipt, or Apollo owner cash.","Verify row coordinates and numeric columns, then match Schedule DB verification, custody/counterparty, cash settlement, hedged liability block, and related income."
CFAASDBPC-0465,480,04687#AL2,Structured Credit Callable Fixed Bond Replication,Interest Rate Swap,25255D-AS-9,DCLO 2021-1A CR,"15,000,000","14,971,440",,"14,971,440",,source-row-visible-column-sparse,Schedule DB Part C names a derivative/synthetic-asset row and its cash-instrument CUSIP/description in the statutory source.,"Source-row identity and candidate columns are not settlement, counterparty remittance, hedge cost, liability allocation, borrower receipt, or Apollo owner cash.","Verify row coordinates and numeric columns, then match Schedule DB verification, custody/counterparty, cash settlement, hedged liability block, and related income."
CFAASDBPC-0466,480,04687#AL2,Structured Credit Callable Fixed Bond Replication,Interest Rate Swap,29001M-AG-4,ELM34 2024-10A C,"10,013,672",,"9,968,490",,"9,968,490",source-row-visible-column-sparse,Schedule DB Part C names a derivative/synthetic-asset row and its cash-instrument CUSIP/description in the statutory source.,"Source-row identity and candidate columns are not settlement, counterparty remittance, hedge cost, liability allocation, borrower receipt, or Apollo owner cash.","Verify row coordinates and numeric columns, then match Schedule DB verification, custody/counterparty, cash settlement, hedged liability block, and related income."
CFAASDBPC-0467,480,04687#AL2,Structured Credit Callable Fixed Bond Replication,Interest Rate Swap,29001M-AJ-8,ELM34 2024-10A D1,"10,000,000",,"9,993,180",,"9,993,180",source-row-visible-column-sparse,Schedule DB Part C names a derivative/synthetic-asset row and its cash-instrument CUSIP/description in the statutory source.,"Source-row identity and candidate columns are not settlement, counterparty remittance, hedge cost, liability allocation, borrower receipt, or Apollo owner cash.","Verify row coordinates and numeric columns, then match Schedule DB verification, custody/counterparty, cash settlement, hedged liability block, and related income."
CFAASDBPC-0468,480,04687#AL2,Structured Credit Callable Fixed Bond Replication,Interest Rate Swap,29005B-AG-4,ELM41 2025-4A D,"11,700,000","11,695,589",,"11,695,589",,source-row-visible-column-sparse,Schedule DB Part C names a derivative/synthetic-asset row and its cash-instrument CUSIP/description in the statutory source.,"Source-row identity and candidate columns are not settlement, counterparty remittance, hedge cost, liability allocation, borrower receipt, or Apollo owner cash.","Verify row coordinates and numeric columns, then match Schedule DB verification, custody/counterparty, cash settlement, hedged liability block, and related income."
CFAASDBPC-0469,480,04687#AL2,Structured Credit Callable Fixed Bond Replication,Interest Rate Swap,46603P-AS-7,IVYH 18A CR,"13,500,000",,"13,425,359",,"13,425,359",source-row-visible-column-sparse,Schedule DB Part C names a derivative/synthetic-asset row and its cash-instrument CUSIP/description in the statutory source.,"Source-row identity and candidate columns are not settlement, counterparty remittance, hedge cost, liability allocation, borrower receipt, or Apollo owner cash.","Verify row coordinates and numeric columns, then match Schedule DB verification, custody/counterparty, cash settlement, hedged liability block, and related income."
CFAASDBPC-0470,480,04687#AL2,Structured Credit Callable Fixed Bond Replication,Interest Rate Swap,48190D-AG-5,KKR 2024-47A D1,"9,000,000",,"8,999,649",,"8,999,649",source-row-visible-column-sparse,Schedule DB Part C names a derivative/synthetic-asset row and its cash-instrument CUSIP/description in the statutory source.,"Source-row identity and candidate columns are not settlement, counterparty remittance, hedge cost, liability allocation, borrower receipt, or Apollo owner cash.","Verify row coordinates and numeric columns, then match Schedule DB verification, custody/counterparty, cash settlement, hedged liability block, and related income."
CFAASDBPC-0471,480,04687#AL2,Structured Credit Callable Fixed Bond Replication,Interest Rate Swap,527911-AJ-0,LEWEY 2024-1A C,"8,500,000",,"8,473,064",,"8,473,064",source-row-visible-column-sparse,Schedule DB Part C names a derivative/synthetic-asset row and its cash-instrument CUSIP/description in the statutory source.,"Source-row identity and candidate columns are not settlement, counterparty remittance, hedge cost, liability allocation, borrower receipt, or Apollo owner cash.","Verify row coordinates and numeric columns, then match Schedule DB verification, custody/counterparty, cash settlement, hedged liability block, and related income."
CFAASDBPC-0472,481,04687#AL2,Structured Credit Callable Fixed Bond Replication,Interest Rate Swap,67098U-BE-4,OAKC 2020-6A CR2,"11,500,000","11,463,499",,"11,463,499",,source-row-visible-column-sparse,Schedule DB Part C names a derivative/synthetic-asset row and its cash-instrument CUSIP/description in the statutory source.,"Source-row identity and candidate columns are not settlement, counterparty remittance, hedge cost, liability allocation, borrower receipt, or Apollo owner cash.","Verify row coordinates and numeric columns, then match Schedule DB verification, custody/counterparty, cash settlement, hedged liability block, and related income."
CFAASDBPC-0473,481,04687#AL2,Structured Credit Callable Fixed Bond Replication,Interest Rate Swap,67120A-AJ-0,OCP 2024-37A C,"13,600,000","13,556,657",,"13,556,657",,source-row-visible-column-sparse,Schedule DB Part C names a derivative/synthetic-asset row and its cash-instrument CUSIP/description in the statutory source.,"Source-row identity and candidate columns are not settlement, counterparty remittance, hedge cost, liability allocation, borrower receipt, or Apollo owner cash.","Verify row coordinates and numeric columns, then match Schedule DB verification, custody/counterparty, cash settlement, hedged liability block, and related income."
CFAASDBPC-0474,481,04687#AL2,Structured Credit Callable Fixed Bond Replication,Interest Rate Swap,67120M-AE-5,OHACP 2024-17A B1,"9,000,000",,"8,983,944",,"8,983,944",source-row-visible-column-sparse,Schedule DB Part C names a derivative/synthetic-asset row and its cash-instrument CUSIP/description in the statutory source.,"Source-row identity and candidate columns are not settlement, counterparty remittance, hedge cost, liability allocation, borrower receipt, or Apollo owner cash.","Verify row coordinates and numeric columns, then match Schedule DB verification, custody/counterparty, cash settlement, hedged liability block, and related income."
CFAASDBPC-0475,481,04687#AL2,Structured Credit Callable Fixed Bond Replication,Interest Rate Swap,67120M-AL-9,OHACP 2024-17A D1,"17,000,000","16,988,372",,"16,988,372",,source-row-visible-column-sparse,Schedule DB Part C names a derivative/synthetic-asset row and its cash-instrument CUSIP/description in the statutory source.,"Source-row identity and candidate columns are not settlement, counterparty remittance, hedge cost, liability allocation, borrower receipt, or Apollo owner cash.","Verify row coordinates and numeric columns, then match Schedule DB verification, custody/counterparty, cash settlement, hedged liability block, and related income."
CFAASDBPC-0476,481,04687#AL2,Structured Credit Callable Fixed Bond Replication,Interest Rate Swap,674436-AJ-9,OBRAC 2025-2A D1,"11,106,000","11,044,362",,"11,044,362",,source-row-visible-column-sparse,Schedule DB Part C names a derivative/synthetic-asset row and its cash-instrument CUSIP/description in the statutory source.,"Source-row identity and candidate columns are not settlement, counterparty remittance, hedge cost, liability allocation, borrower receipt, or Apollo owner cash.","Verify row coordinates and numeric columns, then match Schedule DB verification, custody/counterparty, cash settlement, hedged liability block, and related income."
CFAASDBPC-0477,481,04687#AL2,Structured Credit Callable Fixed Bond Replication,Interest Rate Swap,67690A-AY-7,OAKC 2021-9A D1R,"9,000,000",,"9,022,365",,"9,022,365",source-row-visible-column-sparse,Schedule DB Part C names a derivative/synthetic-asset row and its cash-instrument CUSIP/description in the statutory source.,"Source-row identity and candidate columns are not settlement, counterparty remittance, hedge cost, liability allocation, borrower receipt, or Apollo owner cash.","Verify row coordinates and numeric columns, then match Schedule DB verification, custody/counterparty, cash settlement, hedged liability block, and related income."
CFAASDBPC-0478,481,04687#AL2,Structured Credit Callable Fixed Bond Replication,Interest Rate Swap,68626J-AC-3,ANTOR 2024-4A B,"11,000,000","11,012,507",,"11,012,507",,source-row-visible-column-sparse,Schedule DB Part C names a derivative/synthetic-asset row and its cash-instrument CUSIP/description in the statutory source.,"Source-row identity and candidate columns are not settlement, counterparty remittance, hedge cost, liability allocation, borrower receipt, or Apollo owner cash.","Verify row coordinates and numeric columns, then match Schedule DB verification, custody/counterparty, cash settlement, hedged liability block, and related income."
CFAASDBPC-0479,481,04687#AL2,Structured Credit Callable Fixed Bond Replication,Interest Rate Swap,68626J-AG-4,ANTOR 2024-4A D1,"11,000,000","10,999,461",,"10,999,461",,source-row-visible-column-sparse,Schedule DB Part C names a derivative/synthetic-asset row and its cash-instrument CUSIP/description in the statutory source.,"Source-row identity and candidate columns are not settlement, counterparty remittance, hedge cost, liability allocation, borrower receipt, or Apollo owner cash.","Verify row coordinates and numeric columns, then match Schedule DB verification, custody/counterparty, cash settlement, hedged liability block, and related income."
CFAASDBPC-0480,481,04687#AL2,Structured Credit Callable Fixed Bond Replication,Interest Rate Swap,68627C-AG-8,ANTOR 2025-5A D1,"13,000,000","12,999,363",,"12,999,363",,source-row-visible-column-sparse,Schedule DB Part C names a derivative/synthetic-asset row and its cash-instrument CUSIP/description in the statutory source.,"Source-row identity and candidate columns are not settlement, counterparty remittance, hedge cost, liability allocation, borrower receipt, or Apollo owner cash.","Verify row coordinates and numeric columns, then match Schedule DB verification, custody/counterparty, cash settlement, hedged liability block, and related income."
CFAASDBPC-0481,481,04687#AL2,Structured Credit Callable Fixed Bond Replication,Interest Rate Swap,70019H-AG-9,PKBLU 2025-7A C,"12,300,000","12,258,992",,"12,258,992",,source-row-visible-column-sparse,Schedule DB Part C names a derivative/synthetic-asset row and its cash-instrument CUSIP/description in the statutory source.,"Source-row identity and candidate columns are not settlement, counterparty remittance, hedge cost, liability allocation, borrower receipt, or Apollo owner cash.","Verify row coordinates and numeric columns, then match Schedule DB verification, custody/counterparty, cash settlement, hedged liability block, and related income."
CFAASDBPC-0482,481,04687#AL2,Structured Credit Callable Fixed Bond Replication,Interest Rate Swap,72132E-AJ-8,PIPK 2024-16A D1,"16,796,625","16,730,043",,"16,730,043",,source-row-visible-column-sparse,Schedule DB Part C names a derivative/synthetic-asset row and its cash-instrument CUSIP/description in the statutory source.,"Source-row identity and candidate columns are not settlement, counterparty remittance, hedge cost, liability allocation, borrower receipt, or Apollo owner cash.","Verify row coordinates and numeric columns, then match Schedule DB verification, custody/counterparty, cash settlement, hedged liability block, and related income."
CFAASDBPC-0483,481,04687#AL2,Structured Credit Callable Fixed Bond Replication,Interest Rate Swap,749979-AS-9,RAD 2023-20A C1R,"12,025,000","12,024,447",,"12,024,447",,source-row-visible-column-sparse,Schedule DB Part C names a derivative/synthetic-asset row and its cash-instrument CUSIP/description in the statutory source.,"Source-row identity and candidate columns are not settlement, counterparty remittance, hedge cost, liability allocation, borrower receipt, or Apollo owner cash.","Verify row coordinates and numeric columns, then match Schedule DB verification, custody/counterparty, cash settlement, hedged liability block, and related income."
CFAASDBPC-0484,481,04687#AL2,Structured Credit Callable Fixed Bond Replication,Interest Rate Swap,750103-AS-2,RAD 2021-15A C1R,"11,960,000","11,959,450",,"11,959,450",,source-row-visible-column-sparse,Schedule DB Part C names a derivative/synthetic-asset row and its cash-instrument CUSIP/description in the statutory source.,"Source-row identity and candidate columns are not settlement, counterparty remittance, hedge cost, liability allocation, borrower receipt, or Apollo owner cash.","Verify row coordinates and numeric columns, then match Schedule DB verification, custody/counterparty, cash settlement, hedged liability block, and related income."
CFAASDBPC-0485,481,04687#AL2,Structured Credit Callable Fixed Bond Replication,Interest Rate Swap,75884A-AJ-9,REG32 2025-4A D1,"12,025,000","11,974,399",,"11,974,399",,source-row-visible-column-sparse,Schedule DB Part C names a derivative/synthetic-asset row and its cash-instrument CUSIP/description in the statutory source.,"Source-row identity and candidate columns are not settlement, counterparty remittance, hedge cost, liability allocation, borrower receipt, or Apollo owner cash.","Verify row coordinates and numeric columns, then match Schedule DB verification, custody/counterparty, cash settlement, hedged liability block, and related income."
CFAASDBPC-0486,481,04687#AL2,Structured Credit Callable Fixed Bond Replication,Interest Rate Swap,75888H-BC-4,REG12 2019-1A D1RR,,"8,250,000","8,249,678","8,250,000","8,249,678",source-row-visible-component-columns-resolved,Schedule DB Part C names a derivative/synthetic-asset row and its cash-instrument CUSIP/description in the statutory source.,"Source-row identity and candidate columns are not settlement, counterparty remittance, hedge cost, liability allocation, borrower receipt, or Apollo owner cash.","Verify row coordinates and numeric columns, then match Schedule DB verification, custody/counterparty, cash settlement, hedged liability block, and related income."
CFAASDBPC-0487,481,04687#AL2,Structured Credit Callable Fixed Bond Replication,Interest Rate Swap,75903U-AG-8,REG30 2024-4A C,"14,177,877","14,352,941",,"14,352,941",,source-row-visible-column-sparse,Schedule DB Part C names a derivative/synthetic-asset row and its cash-instrument CUSIP/description in the statutory source.,"Source-row identity and candidate columns are not settlement, counterparty remittance, hedge cost, liability allocation, borrower receipt, or Apollo owner cash.","Verify row coordinates and numeric columns, then match Schedule DB verification, custody/counterparty, cash settlement, hedged liability block, and related income."
CFAASDBPC-0488,481,04687#AL2,Structured Credit Callable Fixed Bond Replication,Interest Rate Swap,75904B-AJ-3,REG34 2025-3A D1,"15,600,000","15,563,480",,"15,563,480",,source-row-visible-column-sparse,Schedule DB Part C names a derivative/synthetic-asset row and its cash-instrument CUSIP/description in the statutory source.,"Source-row identity and candidate columns are not settlement, counterparty remittance, hedge cost, liability allocation, borrower receipt, or Apollo owner cash.","Verify row coordinates and numeric columns, then match Schedule DB verification, custody/counterparty, cash settlement, hedged liability block, and related income."
CFAASDBPC-0489,481,04687#AL2,Structured Credit Callable Fixed Bond Replication,Interest Rate Swap,77341G-AY-6,ROCKT 2019-2A DR2,"12,125,000","12,102,060",,"12,102,060",,source-row-visible-column-sparse,Schedule DB Part C names a derivative/synthetic-asset row and its cash-instrument CUSIP/description in the statutory source.,"Source-row identity and candidate columns are not settlement, counterparty remittance, hedge cost, liability allocation, borrower receipt, or Apollo owner cash.","Verify row coordinates and numeric columns, then match Schedule DB verification, custody/counterparty, cash settlement, hedged liability block, and related income."
CFAASDBPC-0490,481,04687#AL2,Structured Credit Callable Fixed Bond Replication,Interest Rate Swap,82809V-AJ-1,SPCLO 2025-9A D1,"8,100,000","8,180,141",,"8,180,141",,source-row-visible-column-sparse,Schedule DB Part C names a derivative/synthetic-asset row and its cash-instrument CUSIP/description in the statutory source.,"Source-row identity and candidate columns are not settlement, counterparty remittance, hedge cost, liability allocation, borrower receipt, or Apollo owner cash.","Verify row coordinates and numeric columns, then match Schedule DB verification, custody/counterparty, cash settlement, hedged liability block, and related income."
CFAASDBPC-0491,481,04687#AL2,Structured Credit Callable Fixed Bond Replication,Interest Rate Swap,88238E-AE-8,TCIFC 2024-2A B,"12,008,343","12,028,272",,"12,028,272",,source-row-visible-column-sparse,Schedule DB Part C names a derivative/synthetic-asset row and its cash-instrument CUSIP/description in the statutory source.,"Source-row identity and candidate columns are not settlement, counterparty remittance, hedge cost, liability allocation, borrower receipt, or Apollo owner cash.","Verify row coordinates and numeric columns, then match Schedule DB verification, custody/counterparty, cash settlement, hedged liability block, and related income."
CFAASDBPC-0492,481,04687#AL2,Structured Credit Callable Fixed Bond Replication,Interest Rate Swap,89641X-AJ-4,TRNTS 2021-15A D,"10,750,000","10,745,130",,"10,745,130",,source-row-visible-column-sparse,Schedule DB Part C names a derivative/synthetic-asset row and its cash-instrument CUSIP/description in the statutory source.,"Source-row identity and candidate columns are not settlement, counterparty remittance, hedge cost, liability allocation, borrower receipt, or Apollo owner cash.","Verify row coordinates and numeric columns, then match Schedule DB verification, custody/counterparty, cash settlement, hedged liability block, and related income."
CFAASDBPC-0493,481,04687#AL2,Structured Credit Callable Fixed Bond Replication,Interest Rate Swap,92920T-AJ-9,VOYA 2024-6A C,"10,500,000","10,465,833",,"10,465,833",,source-row-visible-column-sparse,Schedule DB Part C names a derivative/synthetic-asset row and its cash-instrument CUSIP/description in the statutory source.,"Source-row identity and candidate columns are not settlement, counterparty remittance, hedge cost, liability allocation, borrower receipt, or Apollo owner cash.","Verify row coordinates and numeric columns, then match Schedule DB verification, custody/counterparty, cash settlement, hedged liability block, and related income."
CFAASDBPC-0494,481,04687#AL2,Structured Credit Callable Fixed Bond Replication,Interest Rate Swap,92920T-AL-4,VOYA 2024-6A D1,"10,750,000","10,756,439",,"10,756,439",,source-row-visible-column-sparse,Schedule DB Part C names a derivative/synthetic-asset row and its cash-instrument CUSIP/description in the statutory source.,"Source-row identity and candidate columns are not settlement, counterparty remittance, hedge cost, liability allocation, borrower receipt, or Apollo owner cash.","Verify row coordinates and numeric columns, then match Schedule DB verification, custody/counterparty, cash settlement, hedged liability block, and related income."
CFAASDBPC-0495,481,04687#AL2,Structured Credit Callable Fixed Bond Replication,Interest Rate Swap,97816W-AG-4,WONPK 2025-1A D1,"16,900,000","16,835,510",,"16,835,510",,source-row-visible-column-sparse,Schedule DB Part C names a derivative/synthetic-asset row and its cash-instrument CUSIP/description in the statutory source.,"Source-row identity and candidate columns are not settlement, counterparty remittance, hedge cost, liability allocation, borrower receipt, or Apollo owner cash.","Verify row coordinates and numeric columns, then match Schedule DB verification, custody/counterparty, cash settlement, hedged liability block, and related income."
CFAASDBPC-0496,481,04687#AP3,Structured Credit Callable Fixed Bond Replication,Interest Rate Swap,049400-AA-2,"ATLAS SECURED ADVANCE FUNDING,",,"300,000,000","300,000,000","300,000,000","300,000,000",source-row-visible-component-columns-resolved,Schedule DB Part C names a derivative/synthetic-asset row and its cash-instrument CUSIP/description in the statutory source.,"Source-row identity and candidate columns are not settlement, counterparty remittance, hedge cost, liability allocation, borrower receipt, or Apollo owner cash.","Verify row coordinates and numeric columns, then match Schedule DB verification, custody/counterparty, cash settlement, hedged liability block, and related income."
CFAASDBPC-0497,481,04687#AP3,Structured Credit Callable Fixed Bond Replication,Interest Rate Swap,"04940J-AD-51,",Atlas Securitized Products Funding L.P. - A1,,"220,000,000","220,682,000","220,000,000","220,682,000",source-row-visible-component-columns-resolved,Schedule DB Part C names a derivative/synthetic-asset row and its cash-instrument CUSIP/description in the statutory source.,"Source-row identity and candidate columns are not settlement, counterparty remittance, hedge cost, liability allocation, borrower receipt, or Apollo owner cash.","Verify row coordinates and numeric columns, then match Schedule DB verification, custody/counterparty, cash settlement, hedged liability block, and related income."
CFAASDBPC-0498,481,04687#AD0,Structured Credit Callable Fixed Bond Replication,Interest Rate Swap,000823-AU-8,ABPCI 2017-1A A1RR,"16,350,000","16,349,493",,"16,349,493",,source-row-visible-column-sparse,Schedule DB Part C names a derivative/synthetic-asset row and its cash-instrument CUSIP/description in the statutory source.,"Source-row identity and candidate columns are not settlement, counterparty remittance, hedge cost, liability allocation, borrower receipt, or Apollo owner cash.","Verify row coordinates and numeric columns, then match Schedule DB verification, custody/counterparty, cash settlement, hedged liability block, and related income."
CFAASDBPC-0499,481,04687#AD0,Structured Credit Callable Fixed Bond Replication,Interest Rate Swap,00119C-AU-5,AGL 2022-20A CR,"12,375,000",,"12,343,444",,"12,343,444",source-row-visible-column-sparse,Schedule DB Part C names a derivative/synthetic-asset row and its cash-instrument CUSIP/description in the statutory source.,"Source-row identity and candidate columns are not settlement, counterparty remittance, hedge cost, liability allocation, borrower receipt, or Apollo owner cash.","Verify row coordinates and numeric columns, then match Schedule DB verification, custody/counterparty, cash settlement, hedged liability block, and related income."
CFAASDBPC-0500,482,04687#AD0,Structured Credit Callable Fixed Bond Replication,Interest Rate Swap,00119H-AU-4,AGL 2019-1A CRR,"20,200,000","20,152,146",,"20,152,146",,source-row-visible-column-sparse,Schedule DB Part C names a derivative/synthetic-asset row and its cash-instrument CUSIP/description in the statutory source.,"Source-row identity and candidate columns are not settlement, counterparty remittance, hedge cost, liability allocation, borrower receipt, or Apollo owner cash.","Verify row coordinates and numeric columns, then match Schedule DB verification, custody/counterparty, cash settlement, hedged liability block, and related income."
CFAASDBPC-0501,482,04687#AD0,Structured Credit Callable Fixed Bond Replication,Interest Rate Swap,03663Y-AC-1,ANTR 2024-5A B,"23,648,000",,"23,428,594",,"23,428,594",source-row-visible-column-sparse,Schedule DB Part C names a derivative/synthetic-asset row and its cash-instrument CUSIP/description in the statutory source.,"Source-row identity and candidate columns are not settlement, counterparty remittance, hedge cost, liability allocation, borrower receipt, or Apollo owner cash.","Verify row coordinates and numeric columns, then match Schedule DB verification, custody/counterparty, cash settlement, hedged liability block, and related income."
CFAASDBPC-0502,482,04687#AD0,Structured Credit Callable Fixed Bond Replication,Interest Rate Swap,03665A-AW-7,ANTR 2017-2A BRR,"96,600,000","95,264,505",,"95,264,505",,source-row-visible-column-sparse,Schedule DB Part C names a derivative/synthetic-asset row and its cash-instrument CUSIP/description in the statutory source.,"Source-row identity and candidate columns are not settlement, counterparty remittance, hedge cost, liability allocation, borrower receipt, or Apollo owner cash.","Verify row coordinates and numeric columns, then match Schedule DB verification, custody/counterparty, cash settlement, hedged liability block, and related income."
CFAASDBPC-0503,482,04687#AD0,Structured Credit Callable Fixed Bond Replication,Interest Rate Swap,03666J-AC-1,ANTR 2024-3A B,"90,827,000","89,951,337",,"89,951,337",,source-row-visible-column-sparse,Schedule DB Part C names a derivative/synthetic-asset row and its cash-instrument CUSIP/description in the statutory source.,"Source-row identity and candidate columns are not settlement, counterparty remittance, hedge cost, liability allocation, borrower receipt, or Apollo owner cash.","Verify row coordinates and numeric columns, then match Schedule DB verification, custody/counterparty, cash settlement, hedged liability block, and related income."
CFAASDBPC-0504,482,04687#AD0,Structured Credit Callable Fixed Bond Replication,Interest Rate Swap,"03770*-AA-0Company,",Apollo Asset-Backed Finance Lending L.P. - A,"50,000,000","50,000,000",,"50,000,000",,source-row-visible-column-sparse,Schedule DB Part C names a derivative/synthetic-asset row and its cash-instrument CUSIP/description in the statutory source.,"Source-row identity and candidate columns are not settlement, counterparty remittance, hedge cost, liability allocation, borrower receipt, or Apollo owner cash.","Verify row coordinates and numeric columns, then match Schedule DB verification, custody/counterparty, cash settlement, hedged liability block, and related income."
CFAASDBPC-0505,482,04687#AD0,Structured Credit Callable Fixed Bond Replication,Interest Rate Swap,037989-AQ-3,APID 2023-44A D1R,,"2,638,092","2,705,897","2,638,092","2,705,897",source-row-visible-component-columns-resolved,Schedule DB Part C names a derivative/synthetic-asset row and its cash-instrument CUSIP/description in the statutory source.,"Source-row identity and candidate columns are not settlement, counterparty remittance, hedge cost, liability allocation, borrower receipt, or Apollo owner cash.","Verify row coordinates and numeric columns, then match Schedule DB verification, custody/counterparty, cash settlement, hedged liability block, and related income."
CFAASDBPC-0506,482,04687#AD0,Structured Credit Callable Fixed Bond Replication,Interest Rate Swap,03990F-AE-2,ARES 2024-74A B,"14,000,000","13,974,632",,"13,974,632",,source-row-visible-column-sparse,Schedule DB Part C names a derivative/synthetic-asset row and its cash-instrument CUSIP/description in the statutory source.,"Source-row identity and candidate columns are not settlement, counterparty remittance, hedge cost, liability allocation, borrower receipt, or Apollo owner cash.","Verify row coordinates and numeric columns, then match Schedule DB verification, custody/counterparty, cash settlement, hedged liability block, and related income."
CFAASDBPC-0507,482,04687#AD0,Structured Credit Callable Fixed Bond Replication,Interest Rate Swap,03990F-AJ-1,ARES 2024-74A D,"18,000,000","17,976,420",,"17,976,420",,source-row-visible-column-sparse,Schedule DB Part C names a derivative/synthetic-asset row and its cash-instrument CUSIP/description in the statutory source.,"Source-row identity and candidate columns are not settlement, counterparty remittance, hedge cost, liability allocation, borrower receipt, or Apollo owner cash.","Verify row coordinates and numeric columns, then match Schedule DB verification, custody/counterparty, cash settlement, hedged liability block, and related income."
CFAASDBPC-0508,482,04687#AD0,Structured Credit Callable Fixed Bond Replication,Interest Rate Swap,04020W-AG-2,ARES 2024-72A C,"16,300,000","16,329,585",,"16,329,585",,source-row-visible-column-sparse,Schedule DB Part C names a derivative/synthetic-asset row and its cash-instrument CUSIP/description in the statutory source.,"Source-row identity and candidate columns are not settlement, counterparty remittance, hedge cost, liability allocation, borrower receipt, or Apollo owner cash.","Verify row coordinates and numeric columns, then match Schedule DB verification, custody/counterparty, cash settlement, hedged liability block, and related income."
CFAASDBPC-0509,482,04687#AD0,Structured Credit Callable Fixed Bond Replication,Interest Rate Swap,04020W-AJ-6,ARES 2024-72A D,"17,000,000","16,967,734",,"16,967,734",,source-row-visible-column-sparse,Schedule DB Part C names a derivative/synthetic-asset row and its cash-instrument CUSIP/description in the statutory source.,"Source-row identity and candidate columns are not settlement, counterparty remittance, hedge cost, liability allocation, borrower receipt, or Apollo owner cash.","Verify row coordinates and numeric columns, then match Schedule DB verification, custody/counterparty, cash settlement, hedged liability block, and related income."
CFAASDBPC-0510,482,04687#AD0,Structured Credit Callable Fixed Bond Replication,Interest Rate Swap,05555W-AC-1,BCRED 2024-2A B,,"4,869,609","4,897,120","4,869,609","4,897,120",source-row-visible-component-columns-resolved,Schedule DB Part C names a derivative/synthetic-asset row and its cash-instrument CUSIP/description in the statutory source.,"Source-row identity and candidate columns are not settlement, counterparty remittance, hedge cost, liability allocation, borrower receipt, or Apollo owner cash.","Verify row coordinates and numeric columns, then match Schedule DB verification, custody/counterparty, cash settlement, hedged liability block, and related income."
CFAASDBPC-0511,482,04687#AD0,Structured Credit Callable Fixed Bond Replication,Interest Rate Swap,056912-AL-2,BCC 2024-5A D1,,"4,550,000","4,555,506","4,550,000","4,555,506",source-row-visible-component-columns-resolved,Schedule DB Part C names a derivative/synthetic-asset row and its cash-instrument CUSIP/description in the statutory source.,"Source-row identity and candidate columns are not settlement, counterparty remittance, hedge cost, liability allocation, borrower receipt, or Apollo owner cash.","Verify row coordinates and numeric columns, then match Schedule DB verification, custody/counterparty, cash settlement, hedged liability block, and related income."
CFAASDBPC-0512,482,04687#AD0,Structured Credit Callable Fixed Bond Replication,Interest Rate Swap,12553D-AY-3,CIFC 2019-1A CR2,"8,000,000",,"8,009,784",,"8,009,784",source-row-visible-column-sparse,Schedule DB Part C names a derivative/synthetic-asset row and its cash-instrument CUSIP/description in the statutory source.,"Source-row identity and candidate columns are not settlement, counterparty remittance, hedge cost, liability allocation, borrower receipt, or Apollo owner cash.","Verify row coordinates and numeric columns, then match Schedule DB verification, custody/counterparty, cash settlement, hedged liability block, and related income."
CFAASDBPC-0513,482,04687#AD0,Structured Credit Callable Fixed Bond Replication,Interest Rate Swap,13877J-AE-1,CANYC 2022-1A C,,"2,500,000","2,495,050","2,500,000","2,495,050",source-row-visible-component-columns-resolved,Schedule DB Part C names a derivative/synthetic-asset row and its cash-instrument CUSIP/description in the statutory source.,"Source-row identity and candidate columns are not settlement, counterparty remittance, hedge cost, liability allocation, borrower receipt, or Apollo owner cash.","Verify row coordinates and numeric columns, then match Schedule DB verification, custody/counterparty, cash settlement, hedged liability block, and related income."
CFAASDBPC-0514,482,04687#AD0,Structured Credit Callable Fixed Bond Replication,Interest Rate Swap,14319P-AJ-0,CGMS 2024-6A D1,"25,114,757","25,061,850",,"25,061,850",,source-row-visible-column-sparse,Schedule DB Part C names a derivative/synthetic-asset row and its cash-instrument CUSIP/description in the statutory source.,"Source-row identity and candidate columns are not settlement, counterparty remittance, hedge cost, liability allocation, borrower receipt, or Apollo owner cash.","Verify row coordinates and numeric columns, then match Schedule DB verification, custody/counterparty, cash settlement, hedged liability block, and related income."
CFAASDBPC-0515,482,04687#AD0,Structured Credit Callable Fixed Bond Replication,Interest Rate Swap,14319R-AG-2,CGMS 2024-7A D1,"10,024,525",,"9,999,620",,"9,999,620",source-row-visible-column-sparse,Schedule DB Part C names a derivative/synthetic-asset row and its cash-instrument CUSIP/description in the statutory source.,"Source-row identity and candidate columns are not settlement, counterparty remittance, hedge cost, liability allocation, borrower receipt, or Apollo owner cash.","Verify row coordinates and numeric columns, then match Schedule DB verification, custody/counterparty, cash settlement, hedged liability block, and related income."
CFAASDBPC-0516,482,04687#AD0,Structured Credit Callable Fixed Bond Replication,Interest Rate Swap,156945-AA-5,CERB 2024-3A A,"16,049,952","16,006,184",,"16,006,184",,source-row-visible-column-sparse,Schedule DB Part C names a derivative/synthetic-asset row and its cash-instrument CUSIP/description in the statutory source.,"Source-row identity and candidate columns are not settlement, counterparty remittance, hedge cost, liability allocation, borrower receipt, or Apollo owner cash.","Verify row coordinates and numeric columns, then match Schedule DB verification, custody/counterparty, cash settlement, hedged liability block, and related income."
CFAASDBPC-0517,482,04687#AD0,Structured Credit Callable Fixed Bond Replication,Interest Rate Swap,17181W-AE-4,CIFC 2024-4A C,,"4,900,000","4,884,634","4,900,000","4,884,634",source-row-visible-component-columns-resolved,Schedule DB Part C names a derivative/synthetic-asset row and its cash-instrument CUSIP/description in the statutory source.,"Source-row identity and candidate columns are not settlement, counterparty remittance, hedge cost, liability allocation, borrower receipt, or Apollo owner cash.","Verify row coordinates and numeric columns, then match Schedule DB verification, custody/counterparty, cash settlement, hedged liability block, and related income."
CFAASDBPC-0518,482,04687#AD0,Structured Credit Callable Fixed Bond Replication,Interest Rate Swap,25255L-AW-2,DCLO 2021-2A BR,"26,000,000","25,967,318",,"25,967,318",,source-row-visible-column-sparse,Schedule DB Part C names a derivative/synthetic-asset row and its cash-instrument CUSIP/description in the statutory source.,"Source-row identity and candidate columns are not settlement, counterparty remittance, hedge cost, liability allocation, borrower receipt, or Apollo owner cash.","Verify row coordinates and numeric columns, then match Schedule DB verification, custody/counterparty, cash settlement, hedged liability block, and related income."
CFAASDBPC-0519,482,04687#AD0,Structured Credit Callable Fixed Bond Replication,Interest Rate Swap,25256J-AG-1,DCLO 2024-8A B,"10,500,000","10,486,718",,"10,486,718",,source-row-visible-column-sparse,Schedule DB Part C names a derivative/synthetic-asset row and its cash-instrument CUSIP/description in the statutory source.,"Source-row identity and candidate columns are not settlement, counterparty remittance, hedge cost, liability allocation, borrower receipt, or Apollo owner cash.","Verify row coordinates and numeric columns, then match Schedule DB verification, custody/counterparty, cash settlement, hedged liability block, and related income."
CFAASDBPC-0520,482,04687#AD0,Structured Credit Callable Fixed Bond Replication,Interest Rate Swap,26253M-AS-9,DRSLF 2022-108A BR,"9,000,000",,"9,015,309",,"9,015,309",source-row-visible-column-sparse,Schedule DB Part C names a derivative/synthetic-asset row and its cash-instrument CUSIP/description in the statutory source.,"Source-row identity and candidate columns are not settlement, counterparty remittance, hedge cost, liability allocation, borrower receipt, or Apollo owner cash.","Verify row coordinates and numeric columns, then match Schedule DB verification, custody/counterparty, cash settlement, hedged liability block, and related income."
CFAASDBPC-0521,482,04687#AD0,Structured Credit Callable Fixed Bond Replication,Interest Rate Swap,28655*-AA-7,Eliant Invest Holding LP. - B,"16,687,458","16,687,458",,"16,687,458",,source-row-visible-column-sparse,Schedule DB Part C names a derivative/synthetic-asset row and its cash-instrument CUSIP/description in the statutory source.,"Source-row identity and candidate columns are not settlement, counterparty remittance, hedge cost, liability allocation, borrower receipt, or Apollo owner cash.","Verify row coordinates and numeric columns, then match Schedule DB verification, custody/counterparty, cash settlement, hedged liability block, and related income."
CFAASDBPC-0522,482,04687#AD0,Structured Credit Callable Fixed Bond Replication,Interest Rate Swap,29001M-AJ-8,ELM34 2024-10A D1,"17,000,000","16,988,406",,"16,988,406",,source-row-visible-column-sparse,Schedule DB Part C names a derivative/synthetic-asset row and its cash-instrument CUSIP/description in the statutory source.,"Source-row identity and candidate columns are not settlement, counterparty remittance, hedge cost, liability allocation, borrower receipt, or Apollo owner cash.","Verify row coordinates and numeric columns, then match Schedule DB verification, custody/counterparty, cash settlement, hedged liability block, and related income."
CFAASDBPC-0523,482,04687#AD0,Structured Credit Callable Fixed Bond Replication,Interest Rate Swap,34966Q-AJ-2,FCO 2024-25A D,"17,100,000","16,983,566",,"16,983,566",,source-row-visible-column-sparse,Schedule DB Part C names a derivative/synthetic-asset row and its cash-instrument CUSIP/description in the statutory source.,"Source-row identity and candidate columns are not settlement, counterparty remittance, hedge cost, liability allocation, borrower receipt, or Apollo owner cash.","Verify row coordinates and numeric columns, then match Schedule DB verification, custody/counterparty, cash settlement, hedged liability block, and related income."
CFAASDBPC-0524,482,04687#AD0,Structured Credit Callable Fixed Bond Replication,Interest Rate Swap,38180H-AE-4,GCBSL 2022-62A CR,"13,400,000","13,382,687",,"13,382,687",,source-row-visible-column-sparse,Schedule DB Part C names a derivative/synthetic-asset row and its cash-instrument CUSIP/description in the statutory source.,"Source-row identity and candidate columns are not settlement, counterparty remittance, hedge cost, liability allocation, borrower receipt, or Apollo owner cash.","Verify row coordinates and numeric columns, then match Schedule DB verification, custody/counterparty, cash settlement, hedged liability block, and related income."
CFAASDBPC-0525,482,04687#AD0,Structured Credit Callable Fixed Bond Replication,Interest Rate Swap,38180Y-AC-1,GOCAP 2023-65A A2R,,"136,500,000|134,744,610",,"136,500,000|134,744,610",,source-row-visible-column-ambiguous,Schedule DB Part C names a derivative/synthetic-asset row and its cash-instrument CUSIP/description in the statutory source.,"Source-row identity and candidate columns are not settlement, counterparty remittance, hedge cost, liability allocation, borrower receipt, or Apollo owner cash.","Verify row coordinates and numeric columns, then match Schedule DB verification, custody/counterparty, cash settlement, hedged liability block, and related income."
CFAASDBPC-0526,482,04687#AD0,Structured Credit Callable Fixed Bond Replication,Interest Rate Swap,38180Y-AE-7,Golub 65(M) Reset Tranche B-R,"123,550,000","121,869,596",,"121,869,596",,source-row-visible-column-sparse,Schedule DB Part C names a derivative/synthetic-asset row and its cash-instrument CUSIP/description in the statutory source.,"Source-row identity and candidate columns are not settlement, counterparty remittance, hedge cost, liability allocation, borrower receipt, or Apollo owner cash.","Verify row coordinates and numeric columns, then match Schedule DB verification, custody/counterparty, cash settlement, hedged liability block, and related income."
CFAASDBPC-0527,482,04687#AD0,Structured Credit Callable Fixed Bond Replication,Interest Rate Swap,48255A-AG-3,KKR 36A D,,"2,964,364","2,959,119","2,964,364","2,959,119",source-row-visible-component-columns-resolved,Schedule DB Part C names a derivative/synthetic-asset row and its cash-instrument CUSIP/description in the statutory source.,"Source-row identity and candidate columns are not settlement, counterparty remittance, hedge cost, liability allocation, borrower receipt, or Apollo owner cash.","Verify row coordinates and numeric columns, then match Schedule DB verification, custody/counterparty, cash settlement, hedged liability block, and related income."
CFAASDBPC-0528,482,04687#AD0,Structured Credit Callable Fixed Bond Replication,Interest Rate Swap,48256G-AJ-3,KKR 2024-56A D1,,"8,727,512","8,733,130","8,727,512","8,733,130",source-row-visible-component-columns-resolved,Schedule DB Part C names a derivative/synthetic-asset row and its cash-instrument CUSIP/description in the statutory source.,"Source-row identity and candidate columns are not settlement, counterparty remittance, hedge cost, liability allocation, borrower receipt, or Apollo owner cash.","Verify row coordinates and numeric columns, then match Schedule DB verification, custody/counterparty, cash settlement, hedged liability block, and related income."
CFAASDBPC-0529,482,04687#AD0,Structured Credit Callable Fixed Bond Replication,Interest Rate Swap,48256R-AE-0,KKR 2024-53A B,"14,000,000","14,033,698",,"14,033,698",,source-row-visible-column-sparse,Schedule DB Part C names a derivative/synthetic-asset row and its cash-instrument CUSIP/description in the statutory source.,"Source-row identity and candidate columns are not settlement, counterparty remittance, hedge cost, liability allocation, borrower receipt, or Apollo owner cash.","Verify row coordinates and numeric columns, then match Schedule DB verification, custody/counterparty, cash settlement, hedged liability block, and related income."
CFAASDBPC-0530,483,04687#AD0,Structured Credit Callable Fixed Bond Replication,Interest Rate Swap,557910-AW-6,MDPK 2022-60A D1R,,"1,935,198","1,977,194","1,935,198","1,977,194",source-row-visible-component-columns-resolved,Schedule DB Part C names a derivative/synthetic-asset row and its cash-instrument CUSIP/description in the statutory source.,"Source-row identity and candidate columns are not settlement, counterparty remittance, hedge cost, liability allocation, borrower receipt, or Apollo owner cash.","Verify row coordinates and numeric columns, then match Schedule DB verification, custody/counterparty, cash settlement, hedged liability block, and related income."
CFAASDBPC-0531,483,04687#AD0,Structured Credit Callable Fixed Bond Replication,Interest Rate Swap,58286Q-AJ-4,MCHPK 2024-1A D,,"1,956,934","1,998,628","1,956,934","1,998,628",source-row-visible-component-columns-resolved,Schedule DB Part C names a derivative/synthetic-asset row and its cash-instrument CUSIP/description in the statutory source.,"Source-row identity and candidate columns are not settlement, counterparty remittance, hedge cost, liability allocation, borrower receipt, or Apollo owner cash.","Verify row coordinates and numeric columns, then match Schedule DB verification, custody/counterparty, cash settlement, hedged liability block, and related income."
CFAASDBPC-0532,483,04687#AD0,Structured Credit Callable Fixed Bond Replication,Interest Rate Swap,67115L-AL-8,OAKC 2021-16A B1R,"12,000,000","12,041,736",,"12,041,736",,source-row-visible-column-sparse,Schedule DB Part C names a derivative/synthetic-asset row and its cash-instrument CUSIP/description in the statutory source.,"Source-row identity and candidate columns are not settlement, counterparty remittance, hedge cost, liability allocation, borrower receipt, or Apollo owner cash.","Verify row coordinates and numeric columns, then match Schedule DB verification, custody/counterparty, cash settlement, hedged liability block, and related income."
CFAASDBPC-0533,483,04687#AD0,Structured Credit Callable Fixed Bond Replication,Interest Rate Swap,67115L-AQ-7,OAKC 2021-16A CR,"16,000,000","15,999,456",,"15,999,456",,source-row-visible-column-sparse,Schedule DB Part C names a derivative/synthetic-asset row and its cash-instrument CUSIP/description in the statutory source.,"Source-row identity and candidate columns are not settlement, counterparty remittance, hedge cost, liability allocation, borrower receipt, or Apollo owner cash.","Verify row coordinates and numeric columns, then match Schedule DB verification, custody/counterparty, cash settlement, hedged liability block, and related income."
CFAASDBPC-0534,483,04687#AD0,Structured Credit Callable Fixed Bond Replication,Interest Rate Swap,67115V-AW-2,OAKC 2022-11A D1R,,"1,507,569","1,498,062","1,507,569","1,498,062",source-row-visible-component-columns-resolved,Schedule DB Part C names a derivative/synthetic-asset row and its cash-instrument CUSIP/description in the statutory source.,"Source-row identity and candidate columns are not settlement, counterparty remittance, hedge cost, liability allocation, borrower receipt, or Apollo owner cash.","Verify row coordinates and numeric columns, then match Schedule DB verification, custody/counterparty, cash settlement, hedged liability block, and related income."
CFAASDBPC-0535,483,04687#AD0,Structured Credit Callable Fixed Bond Replication,Interest Rate Swap,67403H-AE-4,OAKCL 2024-28A C,"11,702,979","11,661,788",,"11,661,788",,source-row-visible-column-sparse,Schedule DB Part C names a derivative/synthetic-asset row and its cash-instrument CUSIP/description in the statutory source.,"Source-row identity and candidate columns are not settlement, counterparty remittance, hedge cost, liability allocation, borrower receipt, or Apollo owner cash.","Verify row coordinates and numeric columns, then match Schedule DB verification, custody/counterparty, cash settlement, hedged liability block, and related income."
CFAASDBPC-0536,483,04687#AD0,Structured Credit Callable Fixed Bond Replication,Interest Rate Swap,675944-AJ-1,OCT65 2024-4A D1,"18,200,000","18,187,533",,"18,187,533",,source-row-visible-column-sparse,Schedule DB Part C names a derivative/synthetic-asset row and its cash-instrument CUSIP/description in the statutory source.,"Source-row identity and candidate columns are not settlement, counterparty remittance, hedge cost, liability allocation, borrower receipt, or Apollo owner cash.","Verify row coordinates and numeric columns, then match Schedule DB verification, custody/counterparty, cash settlement, hedged liability block, and related income."
CFAASDBPC-0537,483,04687#AD0,Structured Credit Callable Fixed Bond Replication,Interest Rate Swap,69688G-AG-3,PLMRS 2024-3A D1,"11,000,000","10,992,641",,"10,992,641",,source-row-visible-column-sparse,Schedule DB Part C names a derivative/synthetic-asset row and its cash-instrument CUSIP/description in the statutory source.,"Source-row identity and candidate columns are not settlement, counterparty remittance, hedge cost, liability allocation, borrower receipt, or Apollo owner cash.","Verify row coordinates and numeric columns, then match Schedule DB verification, custody/counterparty, cash settlement, hedged liability block, and related income."
CFAASDBPC-0538,483,04687#AD0,Structured Credit Callable Fixed Bond Replication,Interest Rate Swap,72132W-AS-8,PIPK 2019-4A CRR,"16,500,000","16,461,555",,"16,461,555",,source-row-visible-column-sparse,Schedule DB Part C names a derivative/synthetic-asset row and its cash-instrument CUSIP/description in the statutory source.,"Source-row identity and candidate columns are not settlement, counterparty remittance, hedge cost, liability allocation, borrower receipt, or Apollo owner cash.","Verify row coordinates and numeric columns, then match Schedule DB verification, custody/counterparty, cash settlement, hedged liability block, and related income."
CFAASDBPC-0539,483,04687#AD0,Structured Credit Callable Fixed Bond Replication,Interest Rate Swap,72132W-AU-3,PIPK 2019-4A DRR,"21,000,000","20,949,033",,"20,949,033",,source-row-visible-column-sparse,Schedule DB Part C names a derivative/synthetic-asset row and its cash-instrument CUSIP/description in the statutory source.,"Source-row identity and candidate columns are not settlement, counterparty remittance, hedge cost, liability allocation, borrower receipt, or Apollo owner cash.","Verify row coordinates and numeric columns, then match Schedule DB verification, custody/counterparty, cash settlement, hedged liability block, and related income."
CFAASDBPC-0540,483,04687#AD0,Structured Credit Callable Fixed Bond Replication,Interest Rate Swap,74938R-AG-7,RAD 2025-30A B,"22,110,000","22,130,452",,"22,130,452",,source-row-visible-column-sparse,Schedule DB Part C names a derivative/synthetic-asset row and its cash-instrument CUSIP/description in the statutory source.,"Source-row identity and candidate columns are not settlement, counterparty remittance, hedge cost, liability allocation, borrower receipt, or Apollo owner cash.","Verify row coordinates and numeric columns, then match Schedule DB verification, custody/counterparty, cash settlement, hedged liability block, and related income."
CFAASDBPC-0541,483,04687#AD0,Structured Credit Callable Fixed Bond Replication,Interest Rate Swap,74988A-AL-2,RRAM 2024-31A C2,,"2,500,000","2,504,665","2,500,000","2,504,665",source-row-visible-component-columns-resolved,Schedule DB Part C names a derivative/synthetic-asset row and its cash-instrument CUSIP/description in the statutory source.,"Source-row identity and candidate columns are not settlement, counterparty remittance, hedge cost, liability allocation, borrower receipt, or Apollo owner cash.","Verify row coordinates and numeric columns, then match Schedule DB verification, custody/counterparty, cash settlement, hedged liability block, and related income."
CFAASDBPC-0542,483,04687#AD0,Structured Credit Callable Fixed Bond Replication,Interest Rate Swap,74988C-AE-4,RRAM 2024-32RA C1AR,"18,500,000","18,452,622",,"18,452,622",,source-row-visible-column-sparse,Schedule DB Part C names a derivative/synthetic-asset row and its cash-instrument CUSIP/description in the statutory source.,"Source-row identity and candidate columns are not settlement, counterparty remittance, hedge cost, liability allocation, borrower receipt, or Apollo owner cash.","Verify row coordinates and numeric columns, then match Schedule DB verification, custody/counterparty, cash settlement, hedged liability block, and related income."
CFAASDBPC-0543,483,04687#AD0,Structured Credit Callable Fixed Bond Replication,Interest Rate Swap,74989H-AS-1,RRAM 2020-12A BR3,"15,640,000","15,626,237",,"15,626,237",,source-row-visible-column-sparse,Schedule DB Part C names a derivative/synthetic-asset row and its cash-instrument CUSIP/description in the statutory source.,"Source-row identity and candidate columns are not settlement, counterparty remittance, hedge cost, liability allocation, borrower receipt, or Apollo owner cash.","Verify row coordinates and numeric columns, then match Schedule DB verification, custody/counterparty, cash settlement, hedged liability block, and related income."
CFAASDBPC-0544,483,04687#AD0,Structured Credit Callable Fixed Bond Replication,Interest Rate Swap,74989V-AE-1,RRAM 2024-29RA B,"15,000,000","15,027,000",,"15,027,000",,source-row-visible-column-sparse,Schedule DB Part C names a derivative/synthetic-asset row and its cash-instrument CUSIP/description in the statutory source.,"Source-row identity and candidate columns are not settlement, counterparty remittance, hedge cost, liability allocation, borrower receipt, or Apollo owner cash.","Verify row coordinates and numeric columns, then match Schedule DB verification, custody/counterparty, cash settlement, hedged liability block, and related income."
CFAASDBPC-0545,483,04687#AD0,Structured Credit Callable Fixed Bond Replication,Interest Rate Swap,74989V-AJ-0,RRAM 2024-29RA C2R,,"2,400,000","2,404,932","2,400,000","2,404,932",source-row-visible-component-columns-resolved,Schedule DB Part C names a derivative/synthetic-asset row and its cash-instrument CUSIP/description in the statutory source.,"Source-row identity and candidate columns are not settlement, counterparty remittance, hedge cost, liability allocation, borrower receipt, or Apollo owner cash.","Verify row coordinates and numeric columns, then match Schedule DB verification, custody/counterparty, cash settlement, hedged liability block, and related income."
CFAASDBPC-0546,483,04687#AD0,Structured Credit Callable Fixed Bond Replication,Interest Rate Swap,77341X-AN-3,ROCKT 2022-3A BR,"8,000,000",,"8,008,928",,"8,008,928",source-row-visible-column-sparse,Schedule DB Part C names a derivative/synthetic-asset row and its cash-instrument CUSIP/description in the statutory source.,"Source-row identity and candidate columns are not settlement, counterparty remittance, hedge cost, liability allocation, borrower receipt, or Apollo owner cash.","Verify row coordinates and numeric columns, then match Schedule DB verification, custody/counterparty, cash settlement, hedged liability block, and related income."
CFAASDBPC-0547,483,04687#AD0,Structured Credit Callable Fixed Bond Replication,Interest Rate Swap,77341X-AS-2,ROCKT 2022-3A D1R,"8,000,000",,"7,989,816",,"7,989,816",source-row-visible-column-sparse,Schedule DB Part C names a derivative/synthetic-asset row and its cash-instrument CUSIP/description in the statutory source.,"Source-row identity and candidate columns are not settlement, counterparty remittance, hedge cost, liability allocation, borrower receipt, or Apollo owner cash.","Verify row coordinates and numeric columns, then match Schedule DB verification, custody/counterparty, cash settlement, hedged liability block, and related income."
CFAASDBPC-0548,483,04687#AD0,Structured Credit Callable Fixed Bond Replication,Interest Rate Swap,78110Q-AG-0,RRAM 2024-33A B,"24,000,000",,"23,923,392",,"23,923,392",source-row-visible-column-sparse,Schedule DB Part C names a derivative/synthetic-asset row and its cash-instrument CUSIP/description in the statutory source.,"Source-row identity and candidate columns are not settlement, counterparty remittance, hedge cost, liability allocation, borrower receipt, or Apollo owner cash.","Verify row coordinates and numeric columns, then match Schedule DB verification, custody/counterparty, cash settlement, hedged liability block, and related income."
CFAASDBPC-0549,483,04687#AD0,Structured Credit Callable Fixed Bond Replication,Interest Rate Swap,87252G-AJ-5,TCW 2024-2A C,"4,800,000",,"4,812,379",,"4,812,379",source-row-visible-column-sparse,Schedule DB Part C names a derivative/synthetic-asset row and its cash-instrument CUSIP/description in the statutory source.,"Source-row identity and candidate columns are not settlement, counterparty remittance, hedge cost, liability allocation, borrower receipt, or Apollo owner cash.","Verify row coordinates and numeric columns, then match Schedule DB verification, custody/counterparty, cash settlement, hedged liability block, and related income."
CFAASDBPC-0550,483,04687#AD0,Structured Credit Callable Fixed Bond Replication,Interest Rate Swap,87252G-AL-0,TCW 2024-2A D1,,"9,200,000","9,209,274","9,200,000","9,209,274",source-row-visible-component-columns-resolved,Schedule DB Part C names a derivative/synthetic-asset row and its cash-instrument CUSIP/description in the statutory source.,"Source-row identity and candidate columns are not settlement, counterparty remittance, hedge cost, liability allocation, borrower receipt, or Apollo owner cash.","Verify row coordinates and numeric columns, then match Schedule DB verification, custody/counterparty, cash settlement, hedged liability block, and related income."
CFAASDBPC-0551,483,04687#AD0,Structured Credit Callable Fixed Bond Replication,Interest Rate Swap,92944Y-AL-5,VOYA 2024-5A C,"3,000,000",,"2,996,145",,"2,996,145",source-row-visible-column-sparse,Schedule DB Part C names a derivative/synthetic-asset row and its cash-instrument CUSIP/description in the statutory source.,"Source-row identity and candidate columns are not settlement, counterparty remittance, hedge cost, liability allocation, borrower receipt, or Apollo owner cash.","Verify row coordinates and numeric columns, then match Schedule DB verification, custody/counterparty, cash settlement, hedged liability block, and related income."
CFAASDBPC-0552,483,04687#AD0,Structured Credit Callable Fixed Bond Replication,Interest Rate Swap,92944Y-AN-1,VOYA 2024-5A D1A,"13,565,020","13,590,902",,"13,590,902",,source-row-visible-column-sparse,Schedule DB Part C names a derivative/synthetic-asset row and its cash-instrument CUSIP/description in the statutory source.,"Source-row identity and candidate columns are not settlement, counterparty remittance, hedge cost, liability allocation, borrower receipt, or Apollo owner cash.","Verify row coordinates and numeric columns, then match Schedule DB verification, custody/counterparty, cash settlement, hedged liability block, and related income."
CFAASDBPC-0553,483,04687#AD0,Structured Credit Callable Fixed Bond Replication,Interest Rate Swap,949575-AE-4,WELLI 2024-3A C,"5,000,000",,"4,984,630",,"4,984,630",source-row-visible-column-sparse,Schedule DB Part C names a derivative/synthetic-asset row and its cash-instrument CUSIP/description in the statutory source.,"Source-row identity and candidate columns are not settlement, counterparty remittance, hedge cost, liability allocation, borrower receipt, or Apollo owner cash.","Verify row coordinates and numeric columns, then match Schedule DB verification, custody/counterparty, cash settlement, hedged liability block, and related income."
CFAASDBPC-0554,483,04687#AD0,Structured Credit Callable Fixed Bond Replication,Interest Rate Swap,968209-AG-1,WILDPK 2024-1A C,,"9,750,000","9,719,171","9,750,000","9,719,171",source-row-visible-component-columns-resolved,Schedule DB Part C names a derivative/synthetic-asset row and its cash-instrument CUSIP/description in the statutory source.,"Source-row identity and candidate columns are not settlement, counterparty remittance, hedge cost, liability allocation, borrower receipt, or Apollo owner cash.","Verify row coordinates and numeric columns, then match Schedule DB verification, custody/counterparty, cash settlement, hedged liability block, and related income."
CFAASDBPC-0555,483,04687#AD0,Structured Credit Callable Fixed Bond Replication,Interest Rate Swap,968209-AJ-5,WILDPK 2024-1A D1,,"9,750,000","9,774,268","9,750,000","9,774,268",source-row-visible-component-columns-resolved,Schedule DB Part C names a derivative/synthetic-asset row and its cash-instrument CUSIP/description in the statutory source.,"Source-row identity and candidate columns are not settlement, counterparty remittance, hedge cost, liability allocation, borrower receipt, or Apollo owner cash.","Verify row coordinates and numeric columns, then match Schedule DB verification, custody/counterparty, cash settlement, hedged liability block, and related income."
CFAASDBPC-0556,483,04687#AK4,Structured Credit Callable Fixed Bond Replication,Interest Rate Swap,03663Y-AC-1,ANTR 2024-5A B,"17,852,000","17,686,369",,"17,686,369",,source-row-visible-column-sparse,Schedule DB Part C names a derivative/synthetic-asset row and its cash-instrument CUSIP/description in the statutory source.,"Source-row identity and candidate columns are not settlement, counterparty remittance, hedge cost, liability allocation, borrower receipt, or Apollo owner cash.","Verify row coordinates and numeric columns, then match Schedule DB verification, custody/counterparty, cash settlement, hedged liability block, and related income."
CFAASDBPC-0557,483,04687#AK4,Structured Credit Callable Fixed Bond Replication,Interest Rate Swap,03665M-AQ-4,ANTR 2018-1A CR,"22,890,000","22,602,250",,"22,602,250",,source-row-visible-column-sparse,Schedule DB Part C names a derivative/synthetic-asset row and its cash-instrument CUSIP/description in the statutory source.,"Source-row identity and candidate columns are not settlement, counterparty remittance, hedge cost, liability allocation, borrower receipt, or Apollo owner cash.","Verify row coordinates and numeric columns, then match Schedule DB verification, custody/counterparty, cash settlement, hedged liability block, and related income."
CFAASDBPC-0558,483,04687#AK4,Structured Credit Callable Fixed Bond Replication,Interest Rate Swap,03666J-AC-1,ANTR 2024-3A B,"40,998,625","40,604,719",,"40,604,719",,source-row-visible-column-sparse,Schedule DB Part C names a derivative/synthetic-asset row and its cash-instrument CUSIP/description in the statutory source.,"Source-row identity and candidate columns are not settlement, counterparty remittance, hedge cost, liability allocation, borrower receipt, or Apollo owner cash.","Verify row coordinates and numeric columns, then match Schedule DB verification, custody/counterparty, cash settlement, hedged liability block, and related income."
CFAASDBPC-0559,484,04687#AK4,Structured Credit Callable Fixed Bond Replication,Interest Rate Swap,04017J-AS-0,ARES 2018-49A BR,"31,250,000","31,286,438",,"31,286,438",,source-row-visible-column-sparse,Schedule DB Part C names a derivative/synthetic-asset row and its cash-instrument CUSIP/description in the statutory source.,"Source-row identity and candidate columns are not settlement, counterparty remittance, hedge cost, liability allocation, borrower receipt, or Apollo owner cash.","Verify row coordinates and numeric columns, then match Schedule DB verification, custody/counterparty, cash settlement, hedged liability block, and related income."
CFAASDBPC-0560,484,04687#AK4,Structured Credit Callable Fixed Bond Replication,Interest Rate Swap,14319P-AE-1,CGMS 2024-6A B,"26,750,000","26,717,499",,"26,717,499",,source-row-visible-column-sparse,Schedule DB Part C names a derivative/synthetic-asset row and its cash-instrument CUSIP/description in the statutory source.,"Source-row identity and candidate columns are not settlement, counterparty remittance, hedge cost, liability allocation, borrower receipt, or Apollo owner cash.","Verify row coordinates and numeric columns, then match Schedule DB verification, custody/counterparty, cash settlement, hedged liability block, and related income."
CFAASDBPC-0561,484,04687#AK4,Structured Credit Callable Fixed Bond Replication,Interest Rate Swap,14320E-AE-3,CGMS 2025-3A C,"19,825,000","19,712,136",,"19,712,136",,source-row-visible-column-sparse,Schedule DB Part C names a derivative/synthetic-asset row and its cash-instrument CUSIP/description in the statutory source.,"Source-row identity and candidate columns are not settlement, counterparty remittance, hedge cost, liability allocation, borrower receipt, or Apollo owner cash.","Verify row coordinates and numeric columns, then match Schedule DB verification, custody/counterparty, cash settlement, hedged liability block, and related income."
CFAASDBPC-0562,484,04687#AK4,Structured Credit Callable Fixed Bond Replication,Interest Rate Swap,14320E-AG-8,CGMS 2025-3A D,"22,050,000","21,967,026",,"21,967,026",,source-row-visible-column-sparse,Schedule DB Part C names a derivative/synthetic-asset row and its cash-instrument CUSIP/description in the statutory source.,"Source-row identity and candidate columns are not settlement, counterparty remittance, hedge cost, liability allocation, borrower receipt, or Apollo owner cash.","Verify row coordinates and numeric columns, then match Schedule DB verification, custody/counterparty, cash settlement, hedged liability block, and related income."
CFAASDBPC-0563,484,04687#AK4,Structured Credit Callable Fixed Bond Replication,Interest Rate Swap,29001M-AE-9,ELM34 2024-10A B,"30,000,000","30,052,140",,"30,052,140",,source-row-visible-column-sparse,Schedule DB Part C names a derivative/synthetic-asset row and its cash-instrument CUSIP/description in the statutory source.,"Source-row identity and candidate columns are not settlement, counterparty remittance, hedge cost, liability allocation, borrower receipt, or Apollo owner cash.","Verify row coordinates and numeric columns, then match Schedule DB verification, custody/counterparty, cash settlement, hedged liability block, and related income."
CFAASDBPC-0564,484,04687#AK4,Structured Credit Callable Fixed Bond Replication,Interest Rate Swap,29004F-AG-6,ELM40 2025-3A D1,"18,000,000","17,999,118",,"17,999,118",,source-row-visible-column-sparse,Schedule DB Part C names a derivative/synthetic-asset row and its cash-instrument CUSIP/description in the statutory source.,"Source-row identity and candidate columns are not settlement, counterparty remittance, hedge cost, liability allocation, borrower receipt, or Apollo owner cash.","Verify row coordinates and numeric columns, then match Schedule DB verification, custody/counterparty, cash settlement, hedged liability block, and related income."
CFAASDBPC-0565,484,04687#AK4,Structured Credit Callable Fixed Bond Replication,Interest Rate Swap,38180N-AA-9,GOCAP 2019-44A A1R,,"105,000,000|105,092,715",,"105,000,000|105,092,715",,source-row-visible-column-ambiguous,Schedule DB Part C names a derivative/synthetic-asset row and its cash-instrument CUSIP/description in the statutory source.,"Source-row identity and candidate columns are not settlement, counterparty remittance, hedge cost, liability allocation, borrower receipt, or Apollo owner cash.","Verify row coordinates and numeric columns, then match Schedule DB verification, custody/counterparty, cash settlement, hedged liability block, and related income."
CFAASDBPC-0566,484,04687#AK4,Structured Credit Callable Fixed Bond Replication,Interest Rate Swap,38180N-AE-1,GOCAP 2019-44A BR,"38,400,000","37,975,450",,"37,975,450",,source-row-visible-column-sparse,Schedule DB Part C names a derivative/synthetic-asset row and its cash-instrument CUSIP/description in the statutory source.,"Source-row identity and candidate columns are not settlement, counterparty remittance, hedge cost, liability allocation, borrower receipt, or Apollo owner cash.","Verify row coordinates and numeric columns, then match Schedule DB verification, custody/counterparty, cash settlement, hedged liability block, and related income."
CFAASDBPC-0567,484,04687#AK4,Structured Credit Callable Fixed Bond Replication,Interest Rate Swap,38180P-AJ-5,GCBSL 2019-43A D1R,"18,943,000","18,930,005",,"18,930,005",,source-row-visible-column-sparse,Schedule DB Part C names a derivative/synthetic-asset row and its cash-instrument CUSIP/description in the statutory source.,"Source-row identity and candidate columns are not settlement, counterparty remittance, hedge cost, liability allocation, borrower receipt, or Apollo owner cash.","Verify row coordinates and numeric columns, then match Schedule DB verification, custody/counterparty, cash settlement, hedged liability block, and related income."
CFAASDBPC-0568,484,04687#AK4,Structured Credit Callable Fixed Bond Replication,Interest Rate Swap,381948-AA-6,GOCAP 2020-47A A1AR,"30,291,984","30,298,606",,"30,298,606",,source-row-visible-column-sparse,Schedule DB Part C names a derivative/synthetic-asset row and its cash-instrument CUSIP/description in the statutory source.,"Source-row identity and candidate columns are not settlement, counterparty remittance, hedge cost, liability allocation, borrower receipt, or Apollo owner cash.","Verify row coordinates and numeric columns, then match Schedule DB verification, custody/counterparty, cash settlement, hedged liability block, and related income."
CFAASDBPC-0569,484,04687#AK4,Structured Credit Callable Fixed Bond Replication,Interest Rate Swap,55822Y-AJ-4,MDPK 2024-66A D1,"39,000,000","38,972,973",,"38,972,973",,source-row-visible-column-sparse,Schedule DB Part C names a derivative/synthetic-asset row and its cash-instrument CUSIP/description in the statutory source.,"Source-row identity and candidate columns are not settlement, counterparty remittance, hedge cost, liability allocation, borrower receipt, or Apollo owner cash.","Verify row coordinates and numeric columns, then match Schedule DB verification, custody/counterparty, cash settlement, hedged liability block, and related income."
CFAASDBPC-0570,484,04687#AK4,Structured Credit Callable Fixed Bond Replication,Interest Rate Swap,55823D-AG-5,MDPK 2025-72A C,"21,775,000","21,642,412",,"21,642,412",,source-row-visible-column-sparse,Schedule DB Part C names a derivative/synthetic-asset row and its cash-instrument CUSIP/description in the statutory source.,"Source-row identity and candidate columns are not settlement, counterparty remittance, hedge cost, liability allocation, borrower receipt, or Apollo owner cash.","Verify row coordinates and numeric columns, then match Schedule DB verification, custody/counterparty, cash settlement, hedged liability block, and related income."
CFAASDBPC-0571,484,04687#AK4,Structured Credit Callable Fixed Bond Replication,Interest Rate Swap,55823D-AJ-9,MDPK 2025-72A D1,"19,775,000","19,706,143",,"19,706,143",,source-row-visible-column-sparse,Schedule DB Part C names a derivative/synthetic-asset row and its cash-instrument CUSIP/description in the statutory source.,"Source-row identity and candidate columns are not settlement, counterparty remittance, hedge cost, liability allocation, borrower receipt, or Apollo owner cash.","Verify row coordinates and numeric columns, then match Schedule DB verification, custody/counterparty, cash settlement, hedged liability block, and related income."
CFAASDBPC-0572,484,04687#AK4,Structured Credit Callable Fixed Bond Replication,Interest Rate Swap,55956M-AJ-8,MAGNE 2025-50A D1,"24,960,000","24,864,678",,"24,864,678",,source-row-visible-column-sparse,Schedule DB Part C names a derivative/synthetic-asset row and its cash-instrument CUSIP/description in the statutory source.,"Source-row identity and candidate columns are not settlement, counterparty remittance, hedge cost, liability allocation, borrower receipt, or Apollo owner cash.","Verify row coordinates and numeric columns, then match Schedule DB verification, custody/counterparty, cash settlement, hedged liability block, and related income."
CFAASDBPC-0573,484,04687#AK4,Structured Credit Callable Fixed Bond Replication,Interest Rate Swap,674436-AE-0,OBRAC 2025-2A B,"27,631,000","27,487,706",,"27,487,706",,source-row-visible-column-sparse,Schedule DB Part C names a derivative/synthetic-asset row and its cash-instrument CUSIP/description in the statutory source.,"Source-row identity and candidate columns are not settlement, counterparty remittance, hedge cost, liability allocation, borrower receipt, or Apollo owner cash.","Verify row coordinates and numeric columns, then match Schedule DB verification, custody/counterparty, cash settlement, hedged liability block, and related income."
CFAASDBPC-0574,484,04687#AK4,Structured Credit Callable Fixed Bond Replication,Interest Rate Swap,68627C-AC-7,ANTOR 2025-5A B,"22,750,000","22,677,541",,"22,677,541",,source-row-visible-column-sparse,Schedule DB Part C names a derivative/synthetic-asset row and its cash-instrument CUSIP/description in the statutory source.,"Source-row identity and candidate columns are not settlement, counterparty remittance, hedge cost, liability allocation, borrower receipt, or Apollo owner cash.","Verify row coordinates and numeric columns, then match Schedule DB verification, custody/counterparty, cash settlement, hedged liability block, and related income."
CFAASDBPC-0575,484,04687#AK4,Structured Credit Callable Fixed Bond Replication,Interest Rate Swap,74989K-AJ-4,RRAM 2017-2A BR,"31,917,204","31,959,143",,"31,959,143",,source-row-visible-column-sparse,Schedule DB Part C names a derivative/synthetic-asset row and its cash-instrument CUSIP/description in the statutory source.,"Source-row identity and candidate columns are not settlement, counterparty remittance, hedge cost, liability allocation, borrower receipt, or Apollo owner cash.","Verify row coordinates and numeric columns, then match Schedule DB verification, custody/counterparty, cash settlement, hedged liability block, and related income."
CFAASDBPC-0576,484,04687#AK4,Structured Credit Callable Fixed Bond Replication,Interest Rate Swap,881936-AE-8,TCIFC 2025-1A C,"21,604,104","21,528,418",,"21,528,418",,source-row-visible-column-sparse,Schedule DB Part C names a derivative/synthetic-asset row and its cash-instrument CUSIP/description in the statutory source.,"Source-row identity and candidate columns are not settlement, counterparty remittance, hedge cost, liability allocation, borrower receipt, or Apollo owner cash.","Verify row coordinates and numeric columns, then match Schedule DB verification, custody/counterparty, cash settlement, hedged liability block, and related income."
CFAASDBPC-0577,484,04687#AK4,Structured Credit Callable Fixed Bond Replication,Interest Rate Swap,88238E-AG-3,TCIFC 2024-2A C,"19,013,813","18,938,801",,"18,938,801",,source-row-visible-column-sparse,Schedule DB Part C names a derivative/synthetic-asset row and its cash-instrument CUSIP/description in the statutory source.,"Source-row identity and candidate columns are not settlement, counterparty remittance, hedge cost, liability allocation, borrower receipt, or Apollo owner cash.","Verify row coordinates and numeric columns, then match Schedule DB verification, custody/counterparty, cash settlement, hedged liability block, and related income."
CFAASDBPC-0578,484,04687#AN8,Structured Credit Callable Fixed Bond Replication,Interest Rate Swap,00112H-AC-1,ACREC 2025-FL3 AS,,"6,894,000","6,851,039","6,894,000","6,851,039",source-row-visible-component-columns-resolved,Schedule DB Part C names a derivative/synthetic-asset row and its cash-instrument CUSIP/description in the statutory source.,"Source-row identity and candidate columns are not settlement, counterparty remittance, hedge cost, liability allocation, borrower receipt, or Apollo owner cash.","Verify row coordinates and numeric columns, then match Schedule DB verification, custody/counterparty, cash settlement, hedged liability block, and related income."
CFAASDBPC-0579,484,04687#AN8,Structured Credit Callable Fixed Bond Replication,Interest Rate Swap,00112H-AE-7,ACREC 2025-FL3 B,,"1,178,025","1,172,872","1,178,025","1,172,872",source-row-visible-component-columns-resolved,Schedule DB Part C names a derivative/synthetic-asset row and its cash-instrument CUSIP/description in the statutory source.,"Source-row identity and candidate columns are not settlement, counterparty remittance, hedge cost, liability allocation, borrower receipt, or Apollo owner cash.","Verify row coordinates and numeric columns, then match Schedule DB verification, custody/counterparty, cash settlement, hedged liability block, and related income."
CFAASDBPC-0580,484,04687#AN8,Structured Credit Callable Fixed Bond Replication,Interest Rate Swap,02300A-AA-8,AMAPS 1 LLC - Tranche A Note,,"117,500,000","117,500,000","117,500,000","117,500,000",source-row-visible-component-columns-resolved,Schedule DB Part C names a derivative/synthetic-asset row and its cash-instrument CUSIP/description in the statutory source.,"Source-row identity and candidate columns are not settlement, counterparty remittance, hedge cost, liability allocation, borrower receipt, or Apollo owner cash.","Verify row coordinates and numeric columns, then match Schedule DB verification, custody/counterparty, cash settlement, hedged liability block, and related income."
CFAASDBPC-0581,484,04687#AN8,Structured Credit Callable Fixed Bond Replication,Interest Rate Swap,05555M-AC-3,BDS 2024-FL13 AS,"21,175,828","21,184,149",,"21,184,149",,source-row-visible-column-sparse,Schedule DB Part C names a derivative/synthetic-asset row and its cash-instrument CUSIP/description in the statutory source.,"Source-row identity and candidate columns are not settlement, counterparty remittance, hedge cost, liability allocation, borrower receipt, or Apollo owner cash.","Verify row coordinates and numeric columns, then match Schedule DB verification, custody/counterparty, cash settlement, hedged liability block, and related income."
CFAASDBPC-0582,484,04687#AN8,Structured Credit Callable Fixed Bond Replication,Interest Rate Swap,05613R-AA-6,BSPRT 2024-FL11 A,"95,383,547","95,667,419",,"95,667,419",,source-row-visible-column-sparse,Schedule DB Part C names a derivative/synthetic-asset row and its cash-instrument CUSIP/description in the statutory source.,"Source-row identity and candidate columns are not settlement, counterparty remittance, hedge cost, liability allocation, borrower receipt, or Apollo owner cash.","Verify row coordinates and numeric columns, then match Schedule DB verification, custody/counterparty, cash settlement, hedged liability block, and related income."
CFAASDBPC-0583,484,04687#AN8,Structured Credit Callable Fixed Bond Replication,Interest Rate Swap,07387A-EG-6,BSARM 2005-9 A1,,"2,788","2,674","2,788","2,674",source-row-visible-component-columns-resolved,Schedule DB Part C names a derivative/synthetic-asset row and its cash-instrument CUSIP/description in the statutory source.,"Source-row identity and candidate columns are not settlement, counterparty remittance, hedge cost, liability allocation, borrower receipt, or Apollo owner cash.","Verify row coordinates and numeric columns, then match Schedule DB verification, custody/counterparty, cash settlement, hedged liability block, and related income."
CFAASDBPC-0584,484,04687#AN8,Structured Credit Callable Fixed Bond Replication,Interest Rate Swap,07387A-EG-6,BSARM 2005-9 A1,"112,446","105,795",,"105,795",,source-row-visible-column-sparse,Schedule DB Part C names a derivative/synthetic-asset row and its cash-instrument CUSIP/description in the statutory source.,"Source-row identity and candidate columns are not settlement, counterparty remittance, hedge cost, liability allocation, borrower receipt, or Apollo owner cash.","Verify row coordinates and numeric columns, then match Schedule DB verification, custody/counterparty, cash settlement, hedged liability block, and related income."
CFAASDBPC-0585,484,04687#AN8,Structured Credit Callable Fixed Bond Replication,Interest Rate Swap,07387A-EG-6,BSARM 2005-9 A1,"836,726","786,254",,"786,254",,source-row-visible-column-sparse,Schedule DB Part C names a derivative/synthetic-asset row and its cash-instrument CUSIP/description in the statutory source.,"Source-row identity and candidate columns are not settlement, counterparty remittance, hedge cost, liability allocation, borrower receipt, or Apollo owner cash.","Verify row coordinates and numeric columns, then match Schedule DB verification, custody/counterparty, cash settlement, hedged liability block, and related income."
CFAASDBPC-0586,484,04687#AN8,Structured Credit Callable Fixed Bond Replication,Interest Rate Swap,07387A-EG-6,BSARM 2005-9 A1,"1,168,603",,"1,085,480",,"1,085,480",source-row-visible-column-sparse,Schedule DB Part C names a derivative/synthetic-asset row and its cash-instrument CUSIP/description in the statutory source.,"Source-row identity and candidate columns are not settlement, counterparty remittance, hedge cost, liability allocation, borrower receipt, or Apollo owner cash.","Verify row coordinates and numeric columns, then match Schedule DB verification, custody/counterparty, cash settlement, hedged liability block, and related income."
CFAASDBPC-0587,484,04687#AN8,Structured Credit Callable Fixed Bond Replication,Interest Rate Swap,30338W-AA-7,FSRIA 2024-FL9 AS,"12,568,500","12,630,600",,"12,630,600",,source-row-visible-column-sparse,Schedule DB Part C names a derivative/synthetic-asset row and its cash-instrument CUSIP/description in the statutory source.,"Source-row identity and candidate columns are not settlement, counterparty remittance, hedge cost, liability allocation, borrower receipt, or Apollo owner cash.","Verify row coordinates and numeric columns, then match Schedule DB verification, custody/counterparty, cash settlement, hedged liability block, and related income."
CFAASDBPC-0588,485,04687#AN8,Structured Credit Callable Fixed Bond Replication,Interest Rate Swap,30338W-AL-3,FSRIA 2024-FL9 A,"37,877,070","37,936,675",,"37,936,675",,source-row-visible-column-sparse,Schedule DB Part C names a derivative/synthetic-asset row and its cash-instrument CUSIP/description in the statutory source.,"Source-row identity and candidate columns are not settlement, counterparty remittance, hedge cost, liability allocation, borrower receipt, or Apollo owner cash.","Verify row coordinates and numeric columns, then match Schedule DB verification, custody/counterparty, cash settlement, hedged liability block, and related income."
CFAASDBPC-0589,485,04687#AN8,Structured Credit Callable Fixed Bond Replication,Interest Rate Swap,30340K-AC-5,FSRIA 2025-FL10 AS,"19,951,670","19,772,920",,"19,772,920",,source-row-visible-column-sparse,Schedule DB Part C names a derivative/synthetic-asset row and its cash-instrument CUSIP/description in the statutory source.,"Source-row identity and candidate columns are not settlement, counterparty remittance, hedge cost, liability allocation, borrower receipt, or Apollo owner cash.","Verify row coordinates and numeric columns, then match Schedule DB verification, custody/counterparty, cash settlement, hedged liability block, and related income."
CFAASDBPC-0590,485,04687#AN8,Structured Credit Callable Fixed Bond Replication,Interest Rate Swap,45339N-AC-0,INCREF 2025-FL1 AS,"32,919,927","33,168,211",,"33,168,211",,source-row-visible-column-sparse,Schedule DB Part C names a derivative/synthetic-asset row and its cash-instrument CUSIP/description in the statutory source.,"Source-row identity and candidate columns are not settlement, counterparty remittance, hedge cost, liability allocation, borrower receipt, or Apollo owner cash.","Verify row coordinates and numeric columns, then match Schedule DB verification, custody/counterparty, cash settlement, hedged liability block, and related income."
CFAASDBPC-0591,485,04687#AN8,Structured Credit Callable Fixed Bond Replication,Interest Rate Swap,53947F-AC-5,LNCR 2025-CRE8 AS,"15,710,625","15,677,289",,"15,677,289",,source-row-visible-column-sparse,Schedule DB Part C names a derivative/synthetic-asset row and its cash-instrument CUSIP/description in the statutory source.,"Source-row identity and candidate columns are not settlement, counterparty remittance, hedge cost, liability allocation, borrower receipt, or Apollo owner cash.","Verify row coordinates and numeric columns, then match Schedule DB verification, custody/counterparty, cash settlement, hedged liability block, and related income."
CFAASDBPC-0592,485,04687#AN8,Structured Credit Callable Fixed Bond Replication,Interest Rate Swap,55285H-AA-0,MF1 2022-B1 A,"40,327,831","40,535,727",,"40,535,727",,source-row-visible-column-sparse,Schedule DB Part C names a derivative/synthetic-asset row and its cash-instrument CUSIP/description in the statutory source.,"Source-row identity and candidate columns are not settlement, counterparty remittance, hedge cost, liability allocation, borrower receipt, or Apollo owner cash.","Verify row coordinates and numeric columns, then match Schedule DB verification, custody/counterparty, cash settlement, hedged liability block, and related income."
CFAASDBPC-0593,485,04687#AN8,Structured Credit Callable Fixed Bond Replication,Interest Rate Swap,55287E-AA-5,MF1 2024-FL16 A,"24,094,613","24,197,539",,"24,197,539",,source-row-visible-column-sparse,Schedule DB Part C names a derivative/synthetic-asset row and its cash-instrument CUSIP/description in the statutory source.,"Source-row identity and candidate columns are not settlement, counterparty remittance, hedge cost, liability allocation, borrower receipt, or Apollo owner cash.","Verify row coordinates and numeric columns, then match Schedule DB verification, custody/counterparty, cash settlement, hedged liability block, and related income."
CFAASDBPC-0594,485,04687#AN8,Structured Credit Callable Fixed Bond Replication,Interest Rate Swap,55287H-AC-4,MF1 2025-FL17 AS,"32,809,022","32,818,383",,"32,818,383",,source-row-visible-column-sparse,Schedule DB Part C names a derivative/synthetic-asset row and its cash-instrument CUSIP/description in the statutory source.,"Source-row identity and candidate columns are not settlement, counterparty remittance, hedge cost, liability allocation, borrower receipt, or Apollo owner cash.","Verify row coordinates and numeric columns, then match Schedule DB verification, custody/counterparty, cash settlement, hedged liability block, and related income."
CFAASDBPC-0595,485,04687#AN8,Structured Credit Callable Fixed Bond Replication,Interest Rate Swap,55287H-AG-5,MF1 2025-FL17 C,"11,222,879","11,212,959",,"11,212,959",,source-row-visible-column-sparse,Schedule DB Part C names a derivative/synthetic-asset row and its cash-instrument CUSIP/description in the statutory source.,"Source-row identity and candidate columns are not settlement, counterparty remittance, hedge cost, liability allocation, borrower receipt, or Apollo owner cash.","Verify row coordinates and numeric columns, then match Schedule DB verification, custody/counterparty, cash settlement, hedged liability block, and related income."
CFAASDBPC-0596,485,04687#AN8,Structured Credit Callable Fixed Bond Replication,Interest Rate Swap,69382J-AD-3,PFP 2025-12 C,,"4,225,507","4,202,305","4,225,507","4,202,305",source-row-visible-component-columns-resolved,Schedule DB Part C names a derivative/synthetic-asset row and its cash-instrument CUSIP/description in the statutory source.,"Source-row identity and candidate columns are not settlement, counterparty remittance, hedge cost, liability allocation, borrower receipt, or Apollo owner cash.","Verify row coordinates and numeric columns, then match Schedule DB verification, custody/counterparty, cash settlement, hedged liability block, and related income."
CFAASDBPC-0597,485,04687#AN8,Structured Credit Callable Fixed Bond Replication,Interest Rate Swap,91835W-AA-7,Varde Partners Inc,"126,992,478","127,577,536",,"127,577,536",,source-row-visible-column-sparse,Schedule DB Part C names a derivative/synthetic-asset row and its cash-instrument CUSIP/description in the statutory source.,"Source-row identity and candidate columns are not settlement, counterparty remittance, hedge cost, liability allocation, borrower receipt, or Apollo owner cash.","Verify row coordinates and numeric columns, then match Schedule DB verification, custody/counterparty, cash settlement, hedged liability block, and related income."
CFAASDBPC-0598,485,12776*SS7,Bond Replication CDX.NA.HY.45,Interest Rate Swap Credit Default Swap,91835W-AA-7,Varde Partners Inc,"50,000,000","6,865,992","7,696,045",,,source-row-visible-column-sparse,Schedule DB Part C names a derivative/synthetic-asset row and its cash-instrument CUSIP/description in the statutory source.,"Source-row identity and candidate columns are not settlement, counterparty remittance, hedge cost, liability allocation, borrower receipt, or Apollo owner cash.","Verify row coordinates and numeric columns, then match Schedule DB verification, custody/counterparty, cash settlement, hedged liability block, and related income."
CFAASDBPC-0599,485,12776*SS7,CDX.NA.HY.45 CDX.NA.HY.45,Credit Default Swap Credit Default Swap,912810-TC-2,US TREASURY N/B,"50,000,000|72,532,500","6,865,992|52,440,263","7,696,045","52,440,263",,source-row-visible-column-ambiguous,Schedule DB Part C names a derivative/synthetic-asset row and its cash-instrument CUSIP/description in the statutory source.,"Source-row identity and candidate columns are not settlement, counterparty remittance, hedge cost, liability allocation, borrower receipt, or Apollo owner cash.","Verify row coordinates and numeric columns, then match Schedule DB verification, custody/counterparty, cash settlement, hedged liability block, and related income."
CFAASDBPC-0600,485,12776*SQ1,CDX.NA.HY.45 CDX.NA.HY.45,Credit Default Swap Credit Default Swap,912810-TC-2,US TREASURY N/B,"50,000,000","6,839,509","7,586,941",,,source-row-visible-column-sparse,Schedule DB Part C names a derivative/synthetic-asset row and its cash-instrument CUSIP/description in the statutory source.,"Source-row identity and candidate columns are not settlement, counterparty remittance, hedge cost, liability allocation, borrower receipt, or Apollo owner cash.","Verify row coordinates and numeric columns, then match Schedule DB verification, custody/counterparty, cash settlement, hedged liability block, and related income."
CFAASDBPC-0601,485,12776*SQ1,CDX.NA.HY.45 CDX.NA.HY.45,Credit Default Swap Credit Default Swap,912810-TC-2,US TREASURY N/B,"50,000,000|72,532,500","6,839,509|52,440,263","7,586,941","52,440,263",,source-row-visible-column-ambiguous,Schedule DB Part C names a derivative/synthetic-asset row and its cash-instrument CUSIP/description in the statutory source.,"Source-row identity and candidate columns are not settlement, counterparty remittance, hedge cost, liability allocation, borrower receipt, or Apollo owner cash.","Verify row coordinates and numeric columns, then match Schedule DB verification, custody/counterparty, cash settlement, hedged liability block, and related income."
CFAASDBPC-0602,485,12776*TE7,CDX.NA.HY.45 CDX.NA.HY.45,Credit Default Swap Credit Default Swap,912810-TC-2,US TREASURY N/B,"100,000,000|13,646,792","15,173,126",,,,source-row-visible-column-ambiguous,Schedule DB Part C names a derivative/synthetic-asset row and its cash-instrument CUSIP/description in the statutory source.,"Source-row identity and candidate columns are not settlement, counterparty remittance, hedge cost, liability allocation, borrower receipt, or Apollo owner cash.","Verify row coordinates and numeric columns, then match Schedule DB verification, custody/counterparty, cash settlement, hedged liability block, and related income."
CFAASDBPC-0603,485,12776*TE7,CDX.NA.HY.45 CDX.NA.HY.45,Credit Default Swap Credit Default Swap,912810-TC-2,US TREASURY N/B,"100,000,000|13,646,792|144,513,859","15,173,126|104,880,525",,"104,880,525",,source-row-visible-column-ambiguous,Schedule DB Part C names a derivative/synthetic-asset row and its cash-instrument CUSIP/description in the statutory source.,"Source-row identity and candidate columns are not settlement, counterparty remittance, hedge cost, liability allocation, borrower receipt, or Apollo owner cash.","Verify row coordinates and numeric columns, then match Schedule DB verification, custody/counterparty, cash settlement, hedged liability block, and related income."
CFAASDBPC-0604,485,04687#AE8,Structured Credit Callable Fixed Bond Replication,Interest Rate Swap,00119C-AS-0,AGL 2022-20A BR,,"3,750,000","3,758,843","3,750,000","3,758,843",source-row-visible-component-columns-resolved,Schedule DB Part C names a derivative/synthetic-asset row and its cash-instrument CUSIP/description in the statutory source.,"Source-row identity and candidate columns are not settlement, counterparty remittance, hedge cost, liability allocation, borrower receipt, or Apollo owner cash.","Verify row coordinates and numeric columns, then match Schedule DB verification, custody/counterparty, cash settlement, hedged liability block, and related income."
CFAASDBPC-0605,485,04687#AE8,Structured Credit Callable Fixed Bond Replication,Interest Rate Swap,00119C-AW-1,AGL 2022-20A D1R,"12,375,000","12,366,585",,"12,366,585",,source-row-visible-column-sparse,Schedule DB Part C names a derivative/synthetic-asset row and its cash-instrument CUSIP/description in the statutory source.,"Source-row identity and candidate columns are not settlement, counterparty remittance, hedge cost, liability allocation, borrower receipt, or Apollo owner cash.","Verify row coordinates and numeric columns, then match Schedule DB verification, custody/counterparty, cash settlement, hedged liability block, and related income."
CFAASDBPC-0606,485,04687#AE8,Structured Credit Callable Fixed Bond Replication,Interest Rate Swap,00119F-AU-8,AGL 2022-21A D1R,,"5,249,634","5,372,276","5,249,634","5,372,276",source-row-visible-component-columns-resolved,Schedule DB Part C names a derivative/synthetic-asset row and its cash-instrument CUSIP/description in the statutory source.,"Source-row identity and candidate columns are not settlement, counterparty remittance, hedge cost, liability allocation, borrower receipt, or Apollo owner cash.","Verify row coordinates and numeric columns, then match Schedule DB verification, custody/counterparty, cash settlement, hedged liability block, and related income."
CFAASDBPC-0607,485,04687#AE8,Structured Credit Callable Fixed Bond Replication,Interest Rate Swap,00119Y-AG-8,AGL 2021-10A D,,"8,261,272","8,216,282","8,261,272","8,216,282",source-row-visible-component-columns-resolved,Schedule DB Part C names a derivative/synthetic-asset row and its cash-instrument CUSIP/description in the statutory source.,"Source-row identity and candidate columns are not settlement, counterparty remittance, hedge cost, liability allocation, borrower receipt, or Apollo owner cash.","Verify row coordinates and numeric columns, then match Schedule DB verification, custody/counterparty, cash settlement, hedged liability block, and related income."
CFAASDBPC-0608,485,04687#AE8,Structured Credit Callable Fixed Bond Replication,Interest Rate Swap,00121P-AJ-7,AGL 2025-41A D1,"17,875,000","17,815,887",,"17,815,887",,source-row-visible-column-sparse,Schedule DB Part C names a derivative/synthetic-asset row and its cash-instrument CUSIP/description in the statutory source.,"Source-row identity and candidate columns are not settlement, counterparty remittance, hedge cost, liability allocation, borrower receipt, or Apollo owner cash.","Verify row coordinates and numeric columns, then match Schedule DB verification, custody/counterparty, cash settlement, hedged liability block, and related income."
CFAASDBPC-0609,485,04687#AE8,Structured Credit Callable Fixed Bond Replication,Interest Rate Swap,03664X-AE-8,ANTR 2024-6A B,"28,321,000","28,054,301",,"28,054,301",,source-row-visible-column-sparse,Schedule DB Part C names a derivative/synthetic-asset row and its cash-instrument CUSIP/description in the statutory source.,"Source-row identity and candidate columns are not settlement, counterparty remittance, hedge cost, liability allocation, borrower receipt, or Apollo owner cash.","Verify row coordinates and numeric columns, then match Schedule DB verification, custody/counterparty, cash settlement, hedged liability block, and related income."
CFAASDBPC-0610,485,04687#AE8,Structured Credit Callable Fixed Bond Replication,Interest Rate Swap,03665L-AU-7,ANTR 2018-3A DR,"13,100,000","13,144,357",,"13,144,357",,source-row-visible-column-sparse,Schedule DB Part C names a derivative/synthetic-asset row and its cash-instrument CUSIP/description in the statutory source.,"Source-row identity and candidate columns are not settlement, counterparty remittance, hedge cost, liability allocation, borrower receipt, or Apollo owner cash.","Verify row coordinates and numeric columns, then match Schedule DB verification, custody/counterparty, cash settlement, hedged liability block, and related income."
CFAASDBPC-0611,485,04687#AE8,Structured Credit Callable Fixed Bond Replication,Interest Rate Swap,03990F-AG-7,ARES 2024-74A C,"12,000,000","11,961,828",,"11,961,828",,source-row-visible-column-sparse,Schedule DB Part C names a derivative/synthetic-asset row and its cash-instrument CUSIP/description in the statutory source.,"Source-row identity and candidate columns are not settlement, counterparty remittance, hedge cost, liability allocation, borrower receipt, or Apollo owner cash.","Verify row coordinates and numeric columns, then match Schedule DB verification, custody/counterparty, cash settlement, hedged liability block, and related income."
CFAASDBPC-0612,485,04687#AE8,Structured Credit Callable Fixed Bond Replication,Interest Rate Swap,04018B-BE-6,ARES 2020-55A D1R2,"11,250,000","11,235,409",,"11,235,409",,source-row-visible-column-sparse,Schedule DB Part C names a derivative/synthetic-asset row and its cash-instrument CUSIP/description in the statutory source.,"Source-row identity and candidate columns are not settlement, counterparty remittance, hedge cost, liability allocation, borrower receipt, or Apollo owner cash.","Verify row coordinates and numeric columns, then match Schedule DB verification, custody/counterparty, cash settlement, hedged liability block, and related income."
CFAASDBPC-0613,485,04687#AE8,Structured Credit Callable Fixed Bond Replication,Interest Rate Swap,04020W-AE-7,ARES 2024-72A B,"26,000,000","25,954,006",,"25,954,006",,source-row-visible-column-sparse,Schedule DB Part C names a derivative/synthetic-asset row and its cash-instrument CUSIP/description in the statutory source.,"Source-row identity and candidate columns are not settlement, counterparty remittance, hedge cost, liability allocation, borrower receipt, or Apollo owner cash.","Verify row coordinates and numeric columns, then match Schedule DB verification, custody/counterparty, cash settlement, hedged liability block, and related income."
CFAASDBPC-0614,485,04687#AE8,Structured Credit Callable Fixed Bond Replication,Interest Rate Swap,"04940J-AD-51,",Atlas Securitized Products Funding L.P. - A1,,"140,000,000|140,434,000",,"140,000,000|140,434,000",,source-row-visible-column-ambiguous,Schedule DB Part C names a derivative/synthetic-asset row and its cash-instrument CUSIP/description in the statutory source.,"Source-row identity and candidate columns are not settlement, counterparty remittance, hedge cost, liability allocation, borrower receipt, or Apollo owner cash.","Verify row coordinates and numeric columns, then match Schedule DB verification, custody/counterparty, cash settlement, hedged liability block, and related income."
CFAASDBPC-0615,485,04687#AE8,Structured Credit Callable Fixed Bond Replication,Interest Rate Swap,050922-AA-1,AUDAX 2024-11A A1,"24,000,000","23,911,344",,"23,911,344",,source-row-visible-column-sparse,Schedule DB Part C names a derivative/synthetic-asset row and its cash-instrument CUSIP/description in the statutory source.,"Source-row identity and candidate columns are not settlement, counterparty remittance, hedge cost, liability allocation, borrower receipt, or Apollo owner cash.","Verify row coordinates and numeric columns, then match Schedule DB verification, custody/counterparty, cash settlement, hedged liability block, and related income."
CFAASDBPC-0616,485,04687#AE8,Structured Credit Callable Fixed Bond Replication,Interest Rate Swap,05766B-AY-4,BOBA 2020-1A CRR,"8,500,000",,"8,505,491",,"8,505,491",source-row-visible-column-sparse,Schedule DB Part C names a derivative/synthetic-asset row and its cash-instrument CUSIP/description in the statutory source.,"Source-row identity and candidate columns are not settlement, counterparty remittance, hedge cost, liability allocation, borrower receipt, or Apollo owner cash.","Verify row coordinates and numeric columns, then match Schedule DB verification, custody/counterparty, cash settlement, hedged liability block, and related income."
CFAASDBPC-0617,485,04687#AE8,Structured Credit Callable Fixed Bond Replication,Interest Rate Swap,05766B-BA-5,BOBA 2020-1A D1RR,,"9,500,000","9,514,260","9,500,000","9,514,260",source-row-visible-component-columns-resolved,Schedule DB Part C names a derivative/synthetic-asset row and its cash-instrument CUSIP/description in the statutory source.,"Source-row identity and candidate columns are not settlement, counterparty remittance, hedge cost, liability allocation, borrower receipt, or Apollo owner cash.","Verify row coordinates and numeric columns, then match Schedule DB verification, custody/counterparty, cash settlement, hedged liability block, and related income."
CFAASDBPC-0618,485,04687#AE8,Structured Credit Callable Fixed Bond Replication,Interest Rate Swap,072917-AA-5,BXCMM 2022-1A A1,,"3,500,000","3,502,394","3,500,000","3,502,394",source-row-visible-component-columns-resolved,Schedule DB Part C names a derivative/synthetic-asset row and its cash-instrument CUSIP/description in the statutory source.,"Source-row identity and candidate columns are not settlement, counterparty remittance, hedge cost, liability allocation, borrower receipt, or Apollo owner cash.","Verify row coordinates and numeric columns, then match Schedule DB verification, custody/counterparty, cash settlement, hedged liability block, and related income."
CFAASDBPC-0619,485,04687#AE8,Structured Credit Callable Fixed Bond Replication,Interest Rate Swap,09631B-AJ-2,BLUEM 2021-31A D,,"4,158,274","4,188,937","4,158,274","4,188,937",source-row-visible-component-columns-resolved,Schedule DB Part C names a derivative/synthetic-asset row and its cash-instrument CUSIP/description in the statutory source.,"Source-row identity and candidate columns are not settlement, counterparty remittance, hedge cost, liability allocation, borrower receipt, or Apollo owner cash.","Verify row coordinates and numeric columns, then match Schedule DB verification, custody/counterparty, cash settlement, hedged liability block, and related income."
CFAASDBPC-0620,486,04687#AE8,Structured Credit Callable Fixed Bond Replication,Interest Rate Swap,12553D-BA-4,CIFC 2019-1A D1R2,"10,000,000","10,005,860",,"10,005,860",,source-row-visible-column-sparse,Schedule DB Part C names a derivative/synthetic-asset row and its cash-instrument CUSIP/description in the statutory source.,"Source-row identity and candidate columns are not settlement, counterparty remittance, hedge cost, liability allocation, borrower receipt, or Apollo owner cash.","Verify row coordinates and numeric columns, then match Schedule DB verification, custody/counterparty, cash settlement, hedged liability block, and related income."
CFAASDBPC-0621,486,04687#AE8,Structured Credit Callable Fixed Bond Replication,Interest Rate Swap,13877J-AG-6,CANYC 2022-1A D,,"3,903,737","3,960,184","3,903,737","3,960,184",source-row-visible-component-columns-resolved,Schedule DB Part C names a derivative/synthetic-asset row and its cash-instrument CUSIP/description in the statutory source.,"Source-row identity and candidate columns are not settlement, counterparty remittance, hedge cost, liability allocation, borrower receipt, or Apollo owner cash.","Verify row coordinates and numeric columns, then match Schedule DB verification, custody/counterparty, cash settlement, hedged liability block, and related income."
CFAASDBPC-0622,486,04687#AE8,Structured Credit Callable Fixed Bond Replication,Interest Rate Swap,143119-AU-9,CGMS 2022-2A D1R,,"5,937,246","5,980,619","5,937,246","5,980,619",source-row-visible-component-columns-resolved,Schedule DB Part C names a derivative/synthetic-asset row and its cash-instrument CUSIP/description in the statutory source.,"Source-row identity and candidate columns are not settlement, counterparty remittance, hedge cost, liability allocation, borrower receipt, or Apollo owner cash.","Verify row coordinates and numeric columns, then match Schedule DB verification, custody/counterparty, cash settlement, hedged liability block, and related income."
CFAASDBPC-0623,486,04687#AE8,Structured Credit Callable Fixed Bond Replication,Interest Rate Swap,14319P-AG-6,CGMS 2024-6A C,"25,000,000","25,014,525",,"25,014,525",,source-row-visible-column-sparse,Schedule DB Part C names a derivative/synthetic-asset row and its cash-instrument CUSIP/description in the statutory source.,"Source-row identity and candidate columns are not settlement, counterparty remittance, hedge cost, liability allocation, borrower receipt, or Apollo owner cash.","Verify row coordinates and numeric columns, then match Schedule DB verification, custody/counterparty, cash settlement, hedged liability block, and related income."
CFAASDBPC-0624,486,04687#AE8,Structured Credit Callable Fixed Bond Replication,Interest Rate Swap,17180W-AS-4,CIFC 2018-2A D1R,,"3,492,947","3,499,829","3,492,947","3,499,829",source-row-visible-component-columns-resolved,Schedule DB Part C names a derivative/synthetic-asset row and its cash-instrument CUSIP/description in the statutory source.,"Source-row identity and candidate columns are not settlement, counterparty remittance, hedge cost, liability allocation, borrower receipt, or Apollo owner cash.","Verify row coordinates and numeric columns, then match Schedule DB verification, custody/counterparty, cash settlement, hedged liability block, and related income."
CFAASDBPC-0625,486,04687#AE8,Structured Credit Callable Fixed Bond Replication,Interest Rate Swap,17181W-AG-9,CIFC 2024-4A D1,,"4,200,000","4,194,540","4,200,000","4,194,540",source-row-visible-component-columns-resolved,Schedule DB Part C names a derivative/synthetic-asset row and its cash-instrument CUSIP/description in the statutory source.,"Source-row identity and candidate columns are not settlement, counterparty remittance, hedge cost, liability allocation, borrower receipt, or Apollo owner cash.","Verify row coordinates and numeric columns, then match Schedule DB verification, custody/counterparty, cash settlement, hedged liability block, and related income."
CFAASDBPC-0626,486,04687#AE8,Structured Credit Callable Fixed Bond Replication,Interest Rate Swap,227800-AE-9,CRTPK 2024-1A B,"18,400,000","18,366,770",,"18,366,770",,source-row-visible-column-sparse,Schedule DB Part C names a derivative/synthetic-asset row and its cash-instrument CUSIP/description in the statutory source.,"Source-row identity and candidate columns are not settlement, counterparty remittance, hedge cost, liability allocation, borrower receipt, or Apollo owner cash.","Verify row coordinates and numeric columns, then match Schedule DB verification, custody/counterparty, cash settlement, hedged liability block, and related income."
CFAASDBPC-0627,486,04687#AE8,Structured Credit Callable Fixed Bond Replication,Interest Rate Swap,227800-AG-4,CRTPK 2024-1A C,"25,600,000","25,519,258",,"25,519,258",,source-row-visible-column-sparse,Schedule DB Part C names a derivative/synthetic-asset row and its cash-instrument CUSIP/description in the statutory source.,"Source-row identity and candidate columns are not settlement, counterparty remittance, hedge cost, liability allocation, borrower receipt, or Apollo owner cash.","Verify row coordinates and numeric columns, then match Schedule DB verification, custody/counterparty, cash settlement, hedged liability block, and related income."
CFAASDBPC-0628,486,04687#AE8,Structured Credit Callable Fixed Bond Replication,Interest Rate Swap,227800-AJ-8,CRTPK 2024-1A D,"25,600,000","25,631,437",,"25,631,437",,source-row-visible-column-sparse,Schedule DB Part C names a derivative/synthetic-asset row and its cash-instrument CUSIP/description in the statutory source.,"Source-row identity and candidate columns are not settlement, counterparty remittance, hedge cost, liability allocation, borrower receipt, or Apollo owner cash.","Verify row coordinates and numeric columns, then match Schedule DB verification, custody/counterparty, cash settlement, hedged liability block, and related income."
CFAASDBPC-0629,486,04687#AE8,Structured Credit Callable Fixed Bond Replication,Interest Rate Swap,25255D-AN-0,DCLO 2021-1A A2R,"41,700,000","41,771,057",,"41,771,057",,source-row-visible-column-sparse,Schedule DB Part C names a derivative/synthetic-asset row and its cash-instrument CUSIP/description in the statutory source.,"Source-row identity and candidate columns are not settlement, counterparty remittance, hedge cost, liability allocation, borrower receipt, or Apollo owner cash.","Verify row coordinates and numeric columns, then match Schedule DB verification, custody/counterparty, cash settlement, hedged liability block, and related income."
CFAASDBPC-0630,486,04687#AE8,Structured Credit Callable Fixed Bond Replication,Interest Rate Swap,25255D-AQ-3,DCLO 2021-1A BR,"22,000,000","21,972,368",,"21,972,368",,source-row-visible-column-sparse,Schedule DB Part C names a derivative/synthetic-asset row and its cash-instrument CUSIP/description in the statutory source.,"Source-row identity and candidate columns are not settlement, counterparty remittance, hedge cost, liability allocation, borrower receipt, or Apollo owner cash.","Verify row coordinates and numeric columns, then match Schedule DB verification, custody/counterparty, cash settlement, hedged liability block, and related income."
CFAASDBPC-0631,486,04687#AE8,Structured Credit Callable Fixed Bond Replication,Interest Rate Swap,25256J-AE-6,DCLO 2024-8A A2,"16,100,000","16,127,499",,"16,127,499",,source-row-visible-column-sparse,Schedule DB Part C names a derivative/synthetic-asset row and its cash-instrument CUSIP/description in the statutory source.,"Source-row identity and candidate columns are not settlement, counterparty remittance, hedge cost, liability allocation, borrower receipt, or Apollo owner cash.","Verify row coordinates and numeric columns, then match Schedule DB verification, custody/counterparty, cash settlement, hedged liability block, and related income."
CFAASDBPC-0632,486,04687#AE8,Structured Credit Callable Fixed Bond Replication,Interest Rate Swap,26246B-BC-7,DRSLF 2020-85A D1R2,"15,250,000","15,277,862",,"15,277,862",,source-row-visible-column-sparse,Schedule DB Part C names a derivative/synthetic-asset row and its cash-instrument CUSIP/description in the statutory source.,"Source-row identity and candidate columns are not settlement, counterparty remittance, hedge cost, liability allocation, borrower receipt, or Apollo owner cash.","Verify row coordinates and numeric columns, then match Schedule DB verification, custody/counterparty, cash settlement, hedged liability block, and related income."
CFAASDBPC-0633,486,04687#AE8,Structured Credit Callable Fixed Bond Replication,Interest Rate Swap,29001E-AG-2,ELM33 2024-9RA D1R,"8,488,870",,"8,532,181",,"8,532,181",source-row-visible-column-sparse,Schedule DB Part C names a derivative/synthetic-asset row and its cash-instrument CUSIP/description in the statutory source.,"Source-row identity and candidate columns are not settlement, counterparty remittance, hedge cost, liability allocation, borrower receipt, or Apollo owner cash.","Verify row coordinates and numeric columns, then match Schedule DB verification, custody/counterparty, cash settlement, hedged liability block, and related income."
CFAASDBPC-0634,486,04687#AE8,Structured Credit Callable Fixed Bond Replication,Interest Rate Swap,29003Y-AQ-4,ELM23 2023-2A DR,"8,060,000",,"8,038,020",,"8,038,020",source-row-visible-column-sparse,Schedule DB Part C names a derivative/synthetic-asset row and its cash-instrument CUSIP/description in the statutory source.,"Source-row identity and candidate columns are not settlement, counterparty remittance, hedge cost, liability allocation, borrower receipt, or Apollo owner cash.","Verify row coordinates and numeric columns, then match Schedule DB verification, custody/counterparty, cash settlement, hedged liability block, and related income."
CFAASDBPC-0635,486,04687#AE8,Structured Credit Callable Fixed Bond Replication,Interest Rate Swap,34960J-BG-9,FCO 2015-6A A1T2,"24,900,000","24,806,027",,"24,806,027",,source-row-visible-column-sparse,Schedule DB Part C names a derivative/synthetic-asset row and its cash-instrument CUSIP/description in the statutory source.,"Source-row identity and candidate columns are not settlement, counterparty remittance, hedge cost, liability allocation, borrower receipt, or Apollo owner cash.","Verify row coordinates and numeric columns, then match Schedule DB verification, custody/counterparty, cash settlement, hedged liability block, and related income."
CFAASDBPC-0636,486,04687#AE8,Structured Credit Callable Fixed Bond Replication,Interest Rate Swap,34966Q-AG-8,FCO 2024-25A C,"18,900,000","18,801,644",,"18,801,644",,source-row-visible-column-sparse,Schedule DB Part C names a derivative/synthetic-asset row and its cash-instrument CUSIP/description in the statutory source.,"Source-row identity and candidate columns are not settlement, counterparty remittance, hedge cost, liability allocation, borrower receipt, or Apollo owner cash.","Verify row coordinates and numeric columns, then match Schedule DB verification, custody/counterparty, cash settlement, hedged liability block, and related income."
CFAASDBPC-0637,486,04687#AE8,Structured Credit Callable Fixed Bond Replication,Interest Rate Swap,34966Q-AL-7,FCO 2024-25A E,"7,100,000",,"7,103,536",,"7,103,536",source-row-visible-column-sparse,Schedule DB Part C names a derivative/synthetic-asset row and its cash-instrument CUSIP/description in the statutory source.,"Source-row identity and candidate columns are not settlement, counterparty remittance, hedge cost, liability allocation, borrower receipt, or Apollo owner cash.","Verify row coordinates and numeric columns, then match Schedule DB verification, custody/counterparty, cash settlement, hedged liability block, and related income."
CFAASDBPC-0638,486,04687#AE8,Structured Credit Callable Fixed Bond Replication,Interest Rate Swap,38136R-AY-3,GLM 2022-14A DR,,"3,626,632","3,630,824","3,626,632","3,630,824",source-row-visible-component-columns-resolved,Schedule DB Part C names a derivative/synthetic-asset row and its cash-instrument CUSIP/description in the statutory source.,"Source-row identity and candidate columns are not settlement, counterparty remittance, hedge cost, liability allocation, borrower receipt, or Apollo owner cash.","Verify row coordinates and numeric columns, then match Schedule DB verification, custody/counterparty, cash settlement, hedged liability block, and related income."
CFAASDBPC-0639,486,04687#AE8,Structured Credit Callable Fixed Bond Replication,Interest Rate Swap,38172U-AC-9,GOCAP 2018-38A A2R,"30,699,770","30,558,565",,"30,558,565",,source-row-visible-column-sparse,Schedule DB Part C names a derivative/synthetic-asset row and its cash-instrument CUSIP/description in the statutory source.,"Source-row identity and candidate columns are not settlement, counterparty remittance, hedge cost, liability allocation, borrower receipt, or Apollo owner cash.","Verify row coordinates and numeric columns, then match Schedule DB verification, custody/counterparty, cash settlement, hedged liability block, and related income."
CFAASDBPC-0640,486,04687#AE8,Structured Credit Callable Fixed Bond Replication,Interest Rate Swap,38172U-AE-5,GOCAP 2018-38A BR,"35,370,520","35,175,300",,"35,175,300",,source-row-visible-column-sparse,Schedule DB Part C names a derivative/synthetic-asset row and its cash-instrument CUSIP/description in the statutory source.,"Source-row identity and candidate columns are not settlement, counterparty remittance, hedge cost, liability allocation, borrower receipt, or Apollo owner cash.","Verify row coordinates and numeric columns, then match Schedule DB verification, custody/counterparty, cash settlement, hedged liability block, and related income."
CFAASDBPC-0641,486,04687#AE8,Structured Credit Callable Fixed Bond Replication,Interest Rate Swap,38180H-AG-9,GCBSL 2022-62A D1R,"14,000,000","13,981,688",,"13,981,688",,source-row-visible-column-sparse,Schedule DB Part C names a derivative/synthetic-asset row and its cash-instrument CUSIP/description in the statutory source.,"Source-row identity and candidate columns are not settlement, counterparty remittance, hedge cost, liability allocation, borrower receipt, or Apollo owner cash.","Verify row coordinates and numeric columns, then match Schedule DB verification, custody/counterparty, cash settlement, hedged liability block, and related income."
CFAASDBPC-0642,486,04687#AE8,Structured Credit Callable Fixed Bond Replication,Interest Rate Swap,48256R-AJ-9,KKR 2024-53A D1,"9,800,000",,"9,799,618",,"9,799,618",source-row-visible-column-sparse,Schedule DB Part C names a derivative/synthetic-asset row and its cash-instrument CUSIP/description in the statutory source.,"Source-row identity and candidate columns are not settlement, counterparty remittance, hedge cost, liability allocation, borrower receipt, or Apollo owner cash.","Verify row coordinates and numeric columns, then match Schedule DB verification, custody/counterparty, cash settlement, hedged liability block, and related income."
CFAASDBPC-0643,486,04687#AE8,Structured Credit Callable Fixed Bond Replication,Interest Rate Swap,48256V-AG-6,KKR 2024-54A D1,,"3,326,956","3,499,874","3,326,956","3,499,874",source-row-visible-component-columns-resolved,Schedule DB Part C names a derivative/synthetic-asset row and its cash-instrument CUSIP/description in the statutory source.,"Source-row identity and candidate columns are not settlement, counterparty remittance, hedge cost, liability allocation, borrower receipt, or Apollo owner cash.","Verify row coordinates and numeric columns, then match Schedule DB verification, custody/counterparty, cash settlement, hedged liability block, and related income."
CFAASDBPC-0644,486,04687#AE8,Structured Credit Callable Fixed Bond Replication,Interest Rate Swap,55954P-AU-8,MAGNE 2019-21A DR,,"4,832,205","4,978,950","4,832,205","4,978,950",source-row-visible-component-columns-resolved,Schedule DB Part C names a derivative/synthetic-asset row and its cash-instrument CUSIP/description in the statutory source.,"Source-row identity and candidate columns are not settlement, counterparty remittance, hedge cost, liability allocation, borrower receipt, or Apollo owner cash.","Verify row coordinates and numeric columns, then match Schedule DB verification, custody/counterparty, cash settlement, hedged liability block, and related income."
CFAASDBPC-0645,486,04687#AE8,Structured Credit Callable Fixed Bond Replication,Interest Rate Swap,64129U-CL-7,NEUB 2014-17A D1R3,"8,011,689",,"7,999,568",,"7,999,568",source-row-visible-column-sparse,Schedule DB Part C names a derivative/synthetic-asset row and its cash-instrument CUSIP/description in the statutory source.,"Source-row identity and candidate columns are not settlement, counterparty remittance, hedge cost, liability allocation, borrower receipt, or Apollo owner cash.","Verify row coordinates and numeric columns, then match Schedule DB verification, custody/counterparty, cash settlement, hedged liability block, and related income."
CFAASDBPC-0646,486,04687#AE8,Structured Credit Callable Fixed Bond Replication,Interest Rate Swap,67115L-AS-3,OAKC 2021-16A D1R,"8,360,000",,"8,380,791",,"8,380,791",source-row-visible-column-sparse,Schedule DB Part C names a derivative/synthetic-asset row and its cash-instrument CUSIP/description in the statutory source.,"Source-row identity and candidate columns are not settlement, counterparty remittance, hedge cost, liability allocation, borrower receipt, or Apollo owner cash.","Verify row coordinates and numeric columns, then match Schedule DB verification, custody/counterparty, cash settlement, hedged liability block, and related income."
CFAASDBPC-0647,486,04687#AE8,Structured Credit Callable Fixed Bond Replication,Interest Rate Swap,67120A-AL-5,OCP 2024-37A D1,"17,250,000","17,238,322",,"17,238,322",,source-row-visible-column-sparse,Schedule DB Part C names a derivative/synthetic-asset row and its cash-instrument CUSIP/description in the statutory source.,"Source-row identity and candidate columns are not settlement, counterparty remittance, hedge cost, liability allocation, borrower receipt, or Apollo owner cash.","Verify row coordinates and numeric columns, then match Schedule DB verification, custody/counterparty, cash settlement, hedged liability block, and related income."
CFAASDBPC-0648,486,04687#AE8,Structured Credit Callable Fixed Bond Replication,Interest Rate Swap,675944-AE-2,OCT65 2024-4A B,"15,838,000","15,809,381",,"15,809,381",,source-row-visible-column-sparse,Schedule DB Part C names a derivative/synthetic-asset row and its cash-instrument CUSIP/description in the statutory source.,"Source-row identity and candidate columns are not settlement, counterparty remittance, hedge cost, liability allocation, borrower receipt, or Apollo owner cash.","Verify row coordinates and numeric columns, then match Schedule DB verification, custody/counterparty, cash settlement, hedged liability block, and related income."
CFAASDBPC-0649,486,04687#AE8,Structured Credit Callable Fixed Bond Replication,Interest Rate Swap,675944-AG-7,OCT65 2024-4A C,"18,200,000","18,176,577",,"18,176,577",,source-row-visible-column-sparse,Schedule DB Part C names a derivative/synthetic-asset row and its cash-instrument CUSIP/description in the statutory source.,"Source-row identity and candidate columns are not settlement, counterparty remittance, hedge cost, liability allocation, borrower receipt, or Apollo owner cash.","Verify row coordinates and numeric columns, then match Schedule DB verification, custody/counterparty, cash settlement, hedged liability block, and related income."
CFAASDBPC-0650,487,04687#AE8,Structured Credit Callable Fixed Bond Replication,Interest Rate Swap,68563J-AJ-3,ORCHPK 2024-1A D1,,"3,433,751","3,499,832","3,433,751","3,499,832",source-row-visible-component-columns-resolved,Schedule DB Part C names a derivative/synthetic-asset row and its cash-instrument CUSIP/description in the statutory source.,"Source-row identity and candidate columns are not settlement, counterparty remittance, hedge cost, liability allocation, borrower receipt, or Apollo owner cash.","Verify row coordinates and numeric columns, then match Schedule DB verification, custody/counterparty, cash settlement, hedged liability block, and related income."
CFAASDBPC-0651,487,04687#AE8,Structured Credit Callable Fixed Bond Replication,Interest Rate Swap,69688G-AE-8,PLMRS 2024-3A C,"7,200,000","7,177,802",,"7,177,802",,source-row-visible-column-sparse,Schedule DB Part C names a derivative/synthetic-asset row and its cash-instrument CUSIP/description in the statutory source.,"Source-row identity and candidate columns are not settlement, counterparty remittance, hedge cost, liability allocation, borrower receipt, or Apollo owner cash.","Verify row coordinates and numeric columns, then match Schedule DB verification, custody/counterparty, cash settlement, hedged liability block, and related income."
CFAASDBPC-0652,487,04687#AE8,Structured Credit Callable Fixed Bond Replication,Interest Rate Swap,69688N-AS-2,PLMRS 2022-2A D1R,"7,400,000",,"7,335,383",,"7,335,383",source-row-visible-column-sparse,Schedule DB Part C names a derivative/synthetic-asset row and its cash-instrument CUSIP/description in the statutory source.,"Source-row identity and candidate columns are not settlement, counterparty remittance, hedge cost, liability allocation, borrower receipt, or Apollo owner cash.","Verify row coordinates and numeric columns, then match Schedule DB verification, custody/counterparty, cash settlement, hedged liability block, and related income."
CFAASDBPC-0653,487,04687#AE8,Structured Credit Callable Fixed Bond Replication,Interest Rate Swap,69700X-AU-9,PLMRS 2022-4A CR,"9,000,000",,"8,971,380",,"8,971,380",source-row-visible-column-sparse,Schedule DB Part C names a derivative/synthetic-asset row and its cash-instrument CUSIP/description in the statutory source.,"Source-row identity and candidate columns are not settlement, counterparty remittance, hedge cost, liability allocation, borrower receipt, or Apollo owner cash.","Verify row coordinates and numeric columns, then match Schedule DB verification, custody/counterparty, cash settlement, hedged liability block, and related income."
CFAASDBPC-0654,487,04687#AE8,Structured Credit Callable Fixed Bond Replication,Interest Rate Swap,69700X-AW-5,PLMRS 2022-4A D1R,,"3,500,000","3,499,836","3,500,000","3,499,836",source-row-visible-component-columns-resolved,Schedule DB Part C names a derivative/synthetic-asset row and its cash-instrument CUSIP/description in the statutory source.,"Source-row identity and candidate columns are not settlement, counterparty remittance, hedge cost, liability allocation, borrower receipt, or Apollo owner cash.","Verify row coordinates and numeric columns, then match Schedule DB verification, custody/counterparty, cash settlement, hedged liability block, and related income."
CFAASDBPC-0655,487,04687#AE8,Structured Credit Callable Fixed Bond Replication,Interest Rate Swap,69702M-AQ-0,PLMRS 2022-5A BR,,"5,250,000","5,240,508","5,250,000","5,240,508",source-row-visible-component-columns-resolved,Schedule DB Part C names a derivative/synthetic-asset row and its cash-instrument CUSIP/description in the statutory source.,"Source-row identity and candidate columns are not settlement, counterparty remittance, hedge cost, liability allocation, borrower receipt, or Apollo owner cash.","Verify row coordinates and numeric columns, then match Schedule DB verification, custody/counterparty, cash settlement, hedged liability block, and related income."
CFAASDBPC-0656,487,04687#AE8,Structured Credit Callable Fixed Bond Replication,Interest Rate Swap,69702M-AU-1,PLMRS 2022-5A D1R,"5,600,000",,"5,606,798",,"5,606,798",source-row-visible-column-sparse,Schedule DB Part C names a derivative/synthetic-asset row and its cash-instrument CUSIP/description in the statutory source.,"Source-row identity and candidate columns are not settlement, counterparty remittance, hedge cost, liability allocation, borrower receipt, or Apollo owner cash.","Verify row coordinates and numeric columns, then match Schedule DB verification, custody/counterparty, cash settlement, hedged liability block, and related income."
CFAASDBPC-0657,487,04687#AE8,Structured Credit Callable Fixed Bond Replication,Interest Rate Swap,72133J-BC-0,PIPK 2018-2A CRR,"9,000,000",,"9,012,591",,"9,012,591",source-row-visible-column-sparse,Schedule DB Part C names a derivative/synthetic-asset row and its cash-instrument CUSIP/description in the statutory source.,"Source-row identity and candidate columns are not settlement, counterparty remittance, hedge cost, liability allocation, borrower receipt, or Apollo owner cash.","Verify row coordinates and numeric columns, then match Schedule DB verification, custody/counterparty, cash settlement, hedged liability block, and related income."
CFAASDBPC-0658,487,04687#AE8,Structured Credit Callable Fixed Bond Replication,Interest Rate Swap,74938R-AJ-1,RAD 2025-30A C1,"23,115,000","23,086,823",,"23,086,823",,source-row-visible-column-sparse,Schedule DB Part C names a derivative/synthetic-asset row and its cash-instrument CUSIP/description in the statutory source.,"Source-row identity and candidate columns are not settlement, counterparty remittance, hedge cost, liability allocation, borrower receipt, or Apollo owner cash.","Verify row coordinates and numeric columns, then match Schedule DB verification, custody/counterparty, cash settlement, hedged liability block, and related income."
CFAASDBPC-0659,487,04687#AE8,Structured Credit Callable Fixed Bond Replication,Interest Rate Swap,74988A-AG-3,RRAM 2024-31A C1,"13,650,000","13,632,132",,"13,632,132",,source-row-visible-column-sparse,Schedule DB Part C names a derivative/synthetic-asset row and its cash-instrument CUSIP/description in the statutory source.,"Source-row identity and candidate columns are not settlement, counterparty remittance, hedge cost, liability allocation, borrower receipt, or Apollo owner cash.","Verify row coordinates and numeric columns, then match Schedule DB verification, custody/counterparty, cash settlement, hedged liability block, and related income."
CFAASDBPC-0660,487,04687#AE8,Structured Credit Callable Fixed Bond Replication,Interest Rate Swap,74988A-AJ-7,RRAM 2024-31A A2,"13,475,000","13,490,644",,"13,490,644",,source-row-visible-column-sparse,Schedule DB Part C names a derivative/synthetic-asset row and its cash-instrument CUSIP/description in the statutory source.,"Source-row identity and candidate columns are not settlement, counterparty remittance, hedge cost, liability allocation, borrower receipt, or Apollo owner cash.","Verify row coordinates and numeric columns, then match Schedule DB verification, custody/counterparty, cash settlement, hedged liability block, and related income."
CFAASDBPC-0661,487,04687#AE8,Structured Credit Callable Fixed Bond Replication,Interest Rate Swap,74988C-AL-8,RRAM 2024-32RA C1BR,,"3,500,000","3,515,981","3,500,000","3,515,981",source-row-visible-component-columns-resolved,Schedule DB Part C names a derivative/synthetic-asset row and its cash-instrument CUSIP/description in the statutory source.,"Source-row identity and candidate columns are not settlement, counterparty remittance, hedge cost, liability allocation, borrower receipt, or Apollo owner cash.","Verify row coordinates and numeric columns, then match Schedule DB verification, custody/counterparty, cash settlement, hedged liability block, and related income."
CFAASDBPC-0662,487,04687#AE8,Structured Credit Callable Fixed Bond Replication,Interest Rate Swap,74989V-AC-5,RRAM 2024-29RA A,"20,400,000","20,422,705",,"20,422,705",,source-row-visible-column-sparse,Schedule DB Part C names a derivative/synthetic-asset row and its cash-instrument CUSIP/description in the statutory source.,"Source-row identity and candidate columns are not settlement, counterparty remittance, hedge cost, liability allocation, borrower receipt, or Apollo owner cash.","Verify row coordinates and numeric columns, then match Schedule DB verification, custody/counterparty, cash settlement, hedged liability block, and related income."
CFAASDBPC-0663,487,04687#AE8,Structured Credit Callable Fixed Bond Replication,Interest Rate Swap,74989V-AG-6,RRAM 2024-29RA C1R,"12,000,000","11,984,628",,"11,984,628",,source-row-visible-column-sparse,Schedule DB Part C names a derivative/synthetic-asset row and its cash-instrument CUSIP/description in the statutory source.,"Source-row identity and candidate columns are not settlement, counterparty remittance, hedge cost, liability allocation, borrower receipt, or Apollo owner cash.","Verify row coordinates and numeric columns, then match Schedule DB verification, custody/counterparty, cash settlement, hedged liability block, and related income."
CFAASDBPC-0664,487,04687#AE8,Structured Credit Callable Fixed Bond Replication,Interest Rate Swap,75009A-BA-7,RAD 2023-18A CR,"6,300,000",,"6,286,027",,"6,286,027",source-row-visible-column-sparse,Schedule DB Part C names a derivative/synthetic-asset row and its cash-instrument CUSIP/description in the statutory source.,"Source-row identity and candidate columns are not settlement, counterparty remittance, hedge cost, liability allocation, borrower receipt, or Apollo owner cash.","Verify row coordinates and numeric columns, then match Schedule DB verification, custody/counterparty, cash settlement, hedged liability block, and related income."
CFAASDBPC-0665,487,04687#AE8,Structured Credit Callable Fixed Bond Replication,Interest Rate Swap,75009V-AC-8,RAD 2024-26A B1,"14,000,000","14,041,412",,"14,041,412",,source-row-visible-column-sparse,Schedule DB Part C names a derivative/synthetic-asset row and its cash-instrument CUSIP/description in the statutory source.,"Source-row identity and candidate columns are not settlement, counterparty remittance, hedge cost, liability allocation, borrower receipt, or Apollo owner cash.","Verify row coordinates and numeric columns, then match Schedule DB verification, custody/counterparty, cash settlement, hedged liability block, and related income."
CFAASDBPC-0666,487,04687#AE8,Structured Credit Callable Fixed Bond Replication,Interest Rate Swap,75009V-AG-9,RAD 2024-26A C,"16,500,000","16,446,870",,"16,446,870",,source-row-visible-column-sparse,Schedule DB Part C names a derivative/synthetic-asset row and its cash-instrument CUSIP/description in the statutory source.,"Source-row identity and candidate columns are not settlement, counterparty remittance, hedge cost, liability allocation, borrower receipt, or Apollo owner cash.","Verify row coordinates and numeric columns, then match Schedule DB verification, custody/counterparty, cash settlement, hedged liability block, and related income."
CFAASDBPC-0667,487,04687#AE8,Structured Credit Callable Fixed Bond Replication,Interest Rate Swap,77341X-AQ-6,ROCKT 2022-3A CR,"7,200,000",,"7,211,434",,"7,211,434",source-row-visible-column-sparse,Schedule DB Part C names a derivative/synthetic-asset row and its cash-instrument CUSIP/description in the statutory source.,"Source-row identity and candidate columns are not settlement, counterparty remittance, hedge cost, liability allocation, borrower receipt, or Apollo owner cash.","Verify row coordinates and numeric columns, then match Schedule DB verification, custody/counterparty, cash settlement, hedged liability block, and related income."
CFAASDBPC-0668,487,04687#AE8,Structured Credit Callable Fixed Bond Replication,Interest Rate Swap,780932-AE-9,RRAM 2024-30A A2,"6,400,000",,"6,388,614",,"6,388,614",source-row-visible-column-sparse,Schedule DB Part C names a derivative/synthetic-asset row and its cash-instrument CUSIP/description in the statutory source.,"Source-row identity and candidate columns are not settlement, counterparty remittance, hedge cost, liability allocation, borrower receipt, or Apollo owner cash.","Verify row coordinates and numeric columns, then match Schedule DB verification, custody/counterparty, cash settlement, hedged liability block, and related income."
CFAASDBPC-0669,487,04687#AE8,Structured Credit Callable Fixed Bond Replication,Interest Rate Swap,780932-AG-4,RRAM 2024-30A B,"8,400,000",,"8,373,968",,"8,373,968",source-row-visible-column-sparse,Schedule DB Part C names a derivative/synthetic-asset row and its cash-instrument CUSIP/description in the statutory source.,"Source-row identity and candidate columns are not settlement, counterparty remittance, hedge cost, liability allocation, borrower receipt, or Apollo owner cash.","Verify row coordinates and numeric columns, then match Schedule DB verification, custody/counterparty, cash settlement, hedged liability block, and related income."
CFAASDBPC-0670,487,04687#AE8,Structured Credit Callable Fixed Bond Replication,Interest Rate Swap,780932-AJ-8,RRAM 2024-30A C1,"8,000,000","8,004,760",,"8,004,760",,source-row-visible-column-sparse,Schedule DB Part C names a derivative/synthetic-asset row and its cash-instrument CUSIP/description in the statutory source.,"Source-row identity and candidate columns are not settlement, counterparty remittance, hedge cost, liability allocation, borrower receipt, or Apollo owner cash.","Verify row coordinates and numeric columns, then match Schedule DB verification, custody/counterparty, cash settlement, hedged liability block, and related income."
CFAASDBPC-0671,487,04687#AE8,Structured Credit Callable Fixed Bond Replication,Interest Rate Swap,78110Q-AE-5,RRAM 2024-33A A2,"20,000,000","19,963,620",,"19,963,620",,source-row-visible-column-sparse,Schedule DB Part C names a derivative/synthetic-asset row and its cash-instrument CUSIP/description in the statutory source.,"Source-row identity and candidate columns are not settlement, counterparty remittance, hedge cost, liability allocation, borrower receipt, or Apollo owner cash.","Verify row coordinates and numeric columns, then match Schedule DB verification, custody/counterparty, cash settlement, hedged liability block, and related income."
CFAASDBPC-0672,487,04687#AE8,Structured Credit Callable Fixed Bond Replication,Interest Rate Swap,78110T-AU-3,RRAM 2022-21A A2R,,"3,425,000","3,418,931","3,425,000","3,418,931",source-row-visible-component-columns-resolved,Schedule DB Part C names a derivative/synthetic-asset row and its cash-instrument CUSIP/description in the statutory source.,"Source-row identity and candidate columns are not settlement, counterparty remittance, hedge cost, liability allocation, borrower receipt, or Apollo owner cash.","Verify row coordinates and numeric columns, then match Schedule DB verification, custody/counterparty, cash settlement, hedged liability block, and related income."
CFAASDBPC-0673,487,04687#AE8,Structured Credit Callable Fixed Bond Replication,Interest Rate Swap,78110T-AW-9,RRAM 2022-21A BR,"23,250,000","23,292,036",,"23,292,036",,source-row-visible-column-sparse,Schedule DB Part C names a derivative/synthetic-asset row and its cash-instrument CUSIP/description in the statutory source.,"Source-row identity and candidate columns are not settlement, counterparty remittance, hedge cost, liability allocation, borrower receipt, or Apollo owner cash.","Verify row coordinates and numeric columns, then match Schedule DB verification, custody/counterparty, cash settlement, hedged liability block, and related income."
CFAASDBPC-0674,487,04687#AE8,Structured Credit Callable Fixed Bond Replication,Interest Rate Swap,88676P-AE-2,TKO 2024-1A B,"25,100,000","25,128,112",,"25,128,112",,source-row-visible-column-sparse,Schedule DB Part C names a derivative/synthetic-asset row and its cash-instrument CUSIP/description in the statutory source.,"Source-row identity and candidate columns are not settlement, counterparty remittance, hedge cost, liability allocation, borrower receipt, or Apollo owner cash.","Verify row coordinates and numeric columns, then match Schedule DB verification, custody/counterparty, cash settlement, hedged liability block, and related income."
CFAASDBPC-0675,487,04687#AE8,Structured Credit Callable Fixed Bond Replication,Interest Rate Swap,92895F-AE-1,VOYA 2024-3A B,,"7,497,518","7,491,030","7,497,518","7,491,030",source-row-visible-component-columns-resolved,Schedule DB Part C names a derivative/synthetic-asset row and its cash-instrument CUSIP/description in the statutory source.,"Source-row identity and candidate columns are not settlement, counterparty remittance, hedge cost, liability allocation, borrower receipt, or Apollo owner cash.","Verify row coordinates and numeric columns, then match Schedule DB verification, custody/counterparty, cash settlement, hedged liability block, and related income."
CFAASDBPC-0676,487,04687#AE8,Structured Credit Callable Fixed Bond Replication,Interest Rate Swap,92920K-AE-9,VOYA 2024-4A B,,"7,197,689|7,187,098",,"7,197,689|7,187,098",,source-row-visible-column-ambiguous,Schedule DB Part C names a derivative/synthetic-asset row and its cash-instrument CUSIP/description in the statutory source.,"Source-row identity and candidate columns are not settlement, counterparty remittance, hedge cost, liability allocation, borrower receipt, or Apollo owner cash.","Verify row coordinates and numeric columns, then match Schedule DB verification, custody/counterparty, cash settlement, hedged liability block, and related income."
CFAASDBPC-0677,487,04687#AE8,Structured Credit Callable Fixed Bond Replication,Interest Rate Swap,968209-AC-0,WILDPK 2024-1A B1,,"9,750,000","9,732,489","9,750,000","9,732,489",source-row-visible-component-columns-resolved,Schedule DB Part C names a derivative/synthetic-asset row and its cash-instrument CUSIP/description in the statutory source.,"Source-row identity and candidate columns are not settlement, counterparty remittance, hedge cost, liability allocation, borrower receipt, or Apollo owner cash.","Verify row coordinates and numeric columns, then match Schedule DB verification, custody/counterparty, cash settlement, hedged liability block, and related income."
CFAASDBPC-0678,487,04687#AE8,Structured Credit Callable Fixed Bond Replication,Interest Rate Swap,97988Q-BE-3,WDMNT 2017-2A CRR,"51,800,000","51,235,173",,"51,235,173",,source-row-visible-column-sparse,Schedule DB Part C names a derivative/synthetic-asset row and its cash-instrument CUSIP/description in the statutory source.,"Source-row identity and candidate columns are not settlement, counterparty remittance, hedge cost, liability allocation, borrower receipt, or Apollo owner cash.","Verify row coordinates and numeric columns, then match Schedule DB verification, custody/counterparty, cash settlement, hedged liability block, and related income."
CFAASDBPC-0679,487,04687#AE8,Structured Credit Callable Fixed Bond Replication,Interest Rate Swap,97988Q-BG-8,WDMNT 2017-2A DRR,"32,500,000","32,701,598",,"32,701,598",,source-row-visible-column-sparse,Schedule DB Part C names a derivative/synthetic-asset row and its cash-instrument CUSIP/description in the statutory source.,"Source-row identity and candidate columns are not settlement, counterparty remittance, hedge cost, liability allocation, borrower receipt, or Apollo owner cash.","Verify row coordinates and numeric columns, then match Schedule DB verification, custody/counterparty, cash settlement, hedged liability block, and related income."
CFAASDBPC-0680,488,04687#AE8,Structured Credit Callable Fixed Bond Replication,Interest Rate Swap,979926-AQ-5,WDMNT 2023-12A A2R,,"5,625,000","5,602,635","5,625,000","5,602,635",source-row-visible-component-columns-resolved,Schedule DB Part C names a derivative/synthetic-asset row and its cash-instrument CUSIP/description in the statutory source.,"Source-row identity and candidate columns are not settlement, counterparty remittance, hedge cost, liability allocation, borrower receipt, or Apollo owner cash.","Verify row coordinates and numeric columns, then match Schedule DB verification, custody/counterparty, cash settlement, hedged liability block, and related income."
CFAASDBPC-0681,488,04687#AB4,Structured Credit Fixed Bond Replication,Interest Rate Swap,00193A-AC-8,AREIT 2024-CRE9 AS,,"3,690,750","3,708,809","3,690,750","3,708,809",source-row-visible-component-columns-resolved,Schedule DB Part C names a derivative/synthetic-asset row and its cash-instrument CUSIP/description in the statutory source.,"Source-row identity and candidate columns are not settlement, counterparty remittance, hedge cost, liability allocation, borrower receipt, or Apollo owner cash.","Verify row coordinates and numeric columns, then match Schedule DB verification, custody/counterparty, cash settlement, hedged liability block, and related income."
CFAASDBPC-0682,488,04687#AB4,Structured Credit Fixed Bond Replication,Interest Rate Swap,00193A-AE-4,AREIT 2024-CRE9 B,,"1,596,209","1,596,599","1,596,209","1,596,599",source-row-visible-component-columns-resolved,Schedule DB Part C names a derivative/synthetic-asset row and its cash-instrument CUSIP/description in the statutory source.,"Source-row identity and candidate columns are not settlement, counterparty remittance, hedge cost, liability allocation, borrower receipt, or Apollo owner cash.","Verify row coordinates and numeric columns, then match Schedule DB verification, custody/counterparty, cash settlement, hedged liability block, and related income."
CFAASDBPC-0683,488,04687#AB4,Structured Credit Fixed Bond Replication,Interest Rate Swap,00193A-AG-9,AREIT 2024-CRE9 C,,"1,256,975","1,254,427","1,256,975","1,254,427",source-row-visible-component-columns-resolved,Schedule DB Part C names a derivative/synthetic-asset row and its cash-instrument CUSIP/description in the statutory source.,"Source-row identity and candidate columns are not settlement, counterparty remittance, hedge cost, liability allocation, borrower receipt, or Apollo owner cash.","Verify row coordinates and numeric columns, then match Schedule DB verification, custody/counterparty, cash settlement, hedged liability block, and related income."
CFAASDBPC-0684,488,04687#AB4,Structured Credit Fixed Bond Replication,Interest Rate Swap,00501D-AB-1,ACRES 2025-FL3 AS,,"1,939,140","1,948,923","1,939,140","1,948,923",source-row-visible-component-columns-resolved,Schedule DB Part C names a derivative/synthetic-asset row and its cash-instrument CUSIP/description in the statutory source.,"Source-row identity and candidate columns are not settlement, counterparty remittance, hedge cost, liability allocation, borrower receipt, or Apollo owner cash.","Verify row coordinates and numeric columns, then match Schedule DB verification, custody/counterparty, cash settlement, hedged liability block, and related income."
CFAASDBPC-0685,488,04687#AB4,Structured Credit Fixed Bond Replication,Interest Rate Swap,00501D-AC-9,ACRES 2025-FL3 B,"1,587,186",,"1,598,918",,"1,598,918",source-row-visible-column-sparse,Schedule DB Part C names a derivative/synthetic-asset row and its cash-instrument CUSIP/description in the statutory source.,"Source-row identity and candidate columns are not settlement, counterparty remittance, hedge cost, liability allocation, borrower receipt, or Apollo owner cash.","Verify row coordinates and numeric columns, then match Schedule DB verification, custody/counterparty, cash settlement, hedged liability block, and related income."
CFAASDBPC-0686,488,04687#AB4,Structured Credit Fixed Bond Replication,Interest Rate Swap,00501D-AD-7,ACRES 2025-FL3 C,,"1,291,280","1,300,735","1,291,280","1,300,735",source-row-visible-component-columns-resolved,Schedule DB Part C names a derivative/synthetic-asset row and its cash-instrument CUSIP/description in the statutory source.,"Source-row identity and candidate columns are not settlement, counterparty remittance, hedge cost, liability allocation, borrower receipt, or Apollo owner cash.","Verify row coordinates and numeric columns, then match Schedule DB verification, custody/counterparty, cash settlement, hedged liability block, and related income."
CFAASDBPC-0687,488,04687#AB4,Structured Credit Fixed Bond Replication,Interest Rate Swap,00501D-AE-5,ACRES 2025-FL3 D,"780,150","785,797",,"785,797",,source-row-visible-column-sparse,Schedule DB Part C names a derivative/synthetic-asset row and its cash-instrument CUSIP/description in the statutory source.,"Source-row identity and candidate columns are not settlement, counterparty remittance, hedge cost, liability allocation, borrower receipt, or Apollo owner cash.","Verify row coordinates and numeric columns, then match Schedule DB verification, custody/counterparty, cash settlement, hedged liability block, and related income."
CFAASDBPC-0688,488,04687#AB4,Structured Credit Fixed Bond Replication,Interest Rate Swap,00501D-AF-2,ACRES 2025-FL3 E,"403,531","406,412",,"406,412",,source-row-visible-column-sparse,Schedule DB Part C names a derivative/synthetic-asset row and its cash-instrument CUSIP/description in the statutory source.,"Source-row identity and candidate columns are not settlement, counterparty remittance, hedge cost, liability allocation, borrower receipt, or Apollo owner cash.","Verify row coordinates and numeric columns, then match Schedule DB verification, custody/counterparty, cash settlement, hedged liability block, and related income."
CFAASDBPC-0689,488,04687#AB4,Structured Credit Fixed Bond Replication,Interest Rate Swap,05555M-AC-3,BDS 2024-FL13 AS,,"2,992,500","2,993,676","2,992,500","2,993,676",source-row-visible-component-columns-resolved,Schedule DB Part C names a derivative/synthetic-asset row and its cash-instrument CUSIP/description in the statutory source.,"Source-row identity and candidate columns are not settlement, counterparty remittance, hedge cost, liability allocation, borrower receipt, or Apollo owner cash.","Verify row coordinates and numeric columns, then match Schedule DB verification, custody/counterparty, cash settlement, hedged liability block, and related income."
CFAASDBPC-0690,488,04687#AB4,Structured Credit Fixed Bond Replication,Interest Rate Swap,05555M-AE-9,BDS 2024-FL13 B,"995,272","998,166",,"998,166",,source-row-visible-column-sparse,Schedule DB Part C names a derivative/synthetic-asset row and its cash-instrument CUSIP/description in the statutory source.,"Source-row identity and candidate columns are not settlement, counterparty remittance, hedge cost, liability allocation, borrower receipt, or Apollo owner cash.","Verify row coordinates and numeric columns, then match Schedule DB verification, custody/counterparty, cash settlement, hedged liability block, and related income."
CFAASDBPC-0691,488,04687#AB4,Structured Credit Fixed Bond Replication,Interest Rate Swap,05555M-AG-4,BDS 2024-FL13 C,"796,190","793,835",,"793,835",,source-row-visible-column-sparse,Schedule DB Part C names a derivative/synthetic-asset row and its cash-instrument CUSIP/description in the statutory source.,"Source-row identity and candidate columns are not settlement, counterparty remittance, hedge cost, liability allocation, borrower receipt, or Apollo owner cash.","Verify row coordinates and numeric columns, then match Schedule DB verification, custody/counterparty, cash settlement, hedged liability block, and related income."
CFAASDBPC-0692,488,04687#AB4,Structured Credit Fixed Bond Replication,Interest Rate Swap,05555M-AJ-8,BDS 2024-FL13 D,"497,594","496,020",,"496,020",,source-row-visible-column-sparse,Schedule DB Part C names a derivative/synthetic-asset row and its cash-instrument CUSIP/description in the statutory source.,"Source-row identity and candidate columns are not settlement, counterparty remittance, hedge cost, liability allocation, borrower receipt, or Apollo owner cash.","Verify row coordinates and numeric columns, then match Schedule DB verification, custody/counterparty, cash settlement, hedged liability block, and related income."
CFAASDBPC-0693,488,04687#AB4,Structured Credit Fixed Bond Replication,Interest Rate Swap,05613R-AA-6,BSPRT 2024-FL11 A,"21,196,344","21,259,427",,"21,259,427",,source-row-visible-column-sparse,Schedule DB Part C names a derivative/synthetic-asset row and its cash-instrument CUSIP/description in the statutory source.,"Source-row identity and candidate columns are not settlement, counterparty remittance, hedge cost, liability allocation, borrower receipt, or Apollo owner cash.","Verify row coordinates and numeric columns, then match Schedule DB verification, custody/counterparty, cash settlement, hedged liability block, and related income."
CFAASDBPC-0694,488,04687#AB4,Structured Credit Fixed Bond Replication,Interest Rate Swap,05613R-AC-2,BSPRT 2024-FL11 AS,,"7,979,992","8,005,193","7,979,992","8,005,193",source-row-visible-component-columns-resolved,Schedule DB Part C names a derivative/synthetic-asset row and its cash-instrument CUSIP/description in the statutory source.,"Source-row identity and candidate columns are not settlement, counterparty remittance, hedge cost, liability allocation, borrower receipt, or Apollo owner cash.","Verify row coordinates and numeric columns, then match Schedule DB verification, custody/counterparty, cash settlement, hedged liability block, and related income."
CFAASDBPC-0695,488,04687#AB4,Structured Credit Fixed Bond Replication,Interest Rate Swap,05613R-AE-8,BSPRT 2024-FL11 B,,"2,347,155","2,370,814","2,347,155","2,370,814",source-row-visible-component-columns-resolved,Schedule DB Part C names a derivative/synthetic-asset row and its cash-instrument CUSIP/description in the statutory source.,"Source-row identity and candidate columns are not settlement, counterparty remittance, hedge cost, liability allocation, borrower receipt, or Apollo owner cash.","Verify row coordinates and numeric columns, then match Schedule DB verification, custody/counterparty, cash settlement, hedged liability block, and related income."
CFAASDBPC-0696,488,04687#AB4,Structured Credit Fixed Bond Replication,Interest Rate Swap,05613R-AG-3,BSPRT 2024-FL11 C,,"1,944,969|1,970,118",,"1,944,969|1,970,118",,source-row-visible-column-ambiguous,Schedule DB Part C names a derivative/synthetic-asset row and its cash-instrument CUSIP/description in the statutory source.,"Source-row identity and candidate columns are not settlement, counterparty remittance, hedge cost, liability allocation, borrower receipt, or Apollo owner cash.","Verify row coordinates and numeric columns, then match Schedule DB verification, custody/counterparty, cash settlement, hedged liability block, and related income."
CFAASDBPC-0697,488,04687#AB4,Structured Credit Fixed Bond Replication,Interest Rate Swap,05613R-AJ-7,BSPRT 2024-FL11 D,,"1,275,033","1,270,552","1,275,033","1,270,552",source-row-visible-component-columns-resolved,Schedule DB Part C names a derivative/synthetic-asset row and its cash-instrument CUSIP/description in the statutory source.,"Source-row identity and candidate columns are not settlement, counterparty remittance, hedge cost, liability allocation, borrower receipt, or Apollo owner cash.","Verify row coordinates and numeric columns, then match Schedule DB verification, custody/counterparty, cash settlement, hedged liability block, and related income."
CFAASDBPC-0698,488,04687#AB4,Structured Credit Fixed Bond Replication,Interest Rate Swap,05615K-AA-9,BSPDF 2025-FL2 A,"719,198","720,850",,"720,850",,source-row-visible-column-sparse,Schedule DB Part C names a derivative/synthetic-asset row and its cash-instrument CUSIP/description in the statutory source.,"Source-row identity and candidate columns are not settlement, counterparty remittance, hedge cost, liability allocation, borrower receipt, or Apollo owner cash.","Verify row coordinates and numeric columns, then match Schedule DB verification, custody/counterparty, cash settlement, hedged liability block, and related income."
CFAASDBPC-0699,488,04687#AB4,Structured Credit Fixed Bond Replication,Interest Rate Swap,05615K-AC-5,BSPDF 2025-FL2 AS,,"1,763,580","1,773,206","1,763,580","1,773,206",source-row-visible-component-columns-resolved,Schedule DB Part C names a derivative/synthetic-asset row and its cash-instrument CUSIP/description in the statutory source.,"Source-row identity and candidate columns are not settlement, counterparty remittance, hedge cost, liability allocation, borrower receipt, or Apollo owner cash.","Verify row coordinates and numeric columns, then match Schedule DB verification, custody/counterparty, cash settlement, hedged liability block, and related income."
CFAASDBPC-0700,488,04687#AB4,Structured Credit Fixed Bond Replication,Interest Rate Swap,05615K-AE-1,BSPDF 2025-FL2 B,,"2,193,814","2,226,084","2,193,814","2,226,084",source-row-visible-component-columns-resolved,Schedule DB Part C names a derivative/synthetic-asset row and its cash-instrument CUSIP/description in the statutory source.,"Source-row identity and candidate columns are not settlement, counterparty remittance, hedge cost, liability allocation, borrower receipt, or Apollo owner cash.","Verify row coordinates and numeric columns, then match Schedule DB verification, custody/counterparty, cash settlement, hedged liability block, and related income."
CFAASDBPC-0701,488,04687#AB4,Structured Credit Fixed Bond Replication,Interest Rate Swap,05615K-AG-6,BSPDF 2025-FL2 C,"1,638,108","1,662,810",,"1,662,810",,source-row-visible-column-sparse,Schedule DB Part C names a derivative/synthetic-asset row and its cash-instrument CUSIP/description in the statutory source.,"Source-row identity and candidate columns are not settlement, counterparty remittance, hedge cost, liability allocation, borrower receipt, or Apollo owner cash.","Verify row coordinates and numeric columns, then match Schedule DB verification, custody/counterparty, cash settlement, hedged liability block, and related income."
CFAASDBPC-0702,488,04687#AB4,Structured Credit Fixed Bond Replication,Interest Rate Swap,05615K-AJ-0,BSPDF 2025-FL2 D,"986,869",,"1,001,722",,"1,001,722",source-row-visible-column-sparse,Schedule DB Part C names a derivative/synthetic-asset row and its cash-instrument CUSIP/description in the statutory source.,"Source-row identity and candidate columns are not settlement, counterparty remittance, hedge cost, liability allocation, borrower receipt, or Apollo owner cash.","Verify row coordinates and numeric columns, then match Schedule DB verification, custody/counterparty, cash settlement, hedged liability block, and related income."
CFAASDBPC-0703,488,04687#AB4,Structured Credit Fixed Bond Replication,Interest Rate Swap,20682A-AJ-9,CONE 2024-DFW1 C,,"4,987,856","4,957,086","4,987,856","4,957,086",source-row-visible-component-columns-resolved,Schedule DB Part C names a derivative/synthetic-asset row and its cash-instrument CUSIP/description in the statutory source.,"Source-row identity and candidate columns are not settlement, counterparty remittance, hedge cost, liability allocation, borrower receipt, or Apollo owner cash.","Verify row coordinates and numeric columns, then match Schedule DB verification, custody/counterparty, cash settlement, hedged liability block, and related income."
CFAASDBPC-0704,488,04687#AB4,Structured Credit Fixed Bond Replication,Interest Rate Swap,30338W-AA-7,FSRIA 2024-FL9 AS,,"3,192,000","3,207,772","3,192,000","3,207,772",source-row-visible-component-columns-resolved,Schedule DB Part C names a derivative/synthetic-asset row and its cash-instrument CUSIP/description in the statutory source.,"Source-row identity and candidate columns are not settlement, counterparty remittance, hedge cost, liability allocation, borrower receipt, or Apollo owner cash.","Verify row coordinates and numeric columns, then match Schedule DB verification, custody/counterparty, cash settlement, hedged liability block, and related income."
CFAASDBPC-0705,488,04687#AB4,Structured Credit Fixed Bond Replication,Interest Rate Swap,30338W-AC-3,FSRIA 2024-FL9 B,,"2,485,357","2,501,486","2,485,357","2,501,486",source-row-visible-component-columns-resolved,Schedule DB Part C names a derivative/synthetic-asset row and its cash-instrument CUSIP/description in the statutory source.,"Source-row identity and candidate columns are not settlement, counterparty remittance, hedge cost, liability allocation, borrower receipt, or Apollo owner cash.","Verify row coordinates and numeric columns, then match Schedule DB verification, custody/counterparty, cash settlement, hedged liability block, and related income."
CFAASDBPC-0706,488,04687#AB4,Structured Credit Fixed Bond Replication,Interest Rate Swap,30338W-AL-3,FSRIA 2024-FL9 A,"20,773,935","20,806,626",,"20,806,626",,source-row-visible-column-sparse,Schedule DB Part C names a derivative/synthetic-asset row and its cash-instrument CUSIP/description in the statutory source.,"Source-row identity and candidate columns are not settlement, counterparty remittance, hedge cost, liability allocation, borrower receipt, or Apollo owner cash.","Verify row coordinates and numeric columns, then match Schedule DB verification, custody/counterparty, cash settlement, hedged liability block, and related income."
CFAASDBPC-0707,488,04687#AB4,Structured Credit Fixed Bond Replication,Interest Rate Swap,45339N-AA-4,INCREF 2025-FL1 A,,"9,952,054|10,024,531",,"9,952,054|10,024,531",,source-row-visible-column-ambiguous,Schedule DB Part C names a derivative/synthetic-asset row and its cash-instrument CUSIP/description in the statutory source.,"Source-row identity and candidate columns are not settlement, counterparty remittance, hedge cost, liability allocation, borrower receipt, or Apollo owner cash.","Verify row coordinates and numeric columns, then match Schedule DB verification, custody/counterparty, cash settlement, hedged liability block, and related income."
CFAASDBPC-0708,488,04687#AB4,Structured Credit Fixed Bond Replication,Interest Rate Swap,45339N-AC-0,INCREF 2025-FL1 AS,,"3,658,101","3,685,691","3,658,101","3,685,691",source-row-visible-component-columns-resolved,Schedule DB Part C names a derivative/synthetic-asset row and its cash-instrument CUSIP/description in the statutory source.,"Source-row identity and candidate columns are not settlement, counterparty remittance, hedge cost, liability allocation, borrower receipt, or Apollo owner cash.","Verify row coordinates and numeric columns, then match Schedule DB verification, custody/counterparty, cash settlement, hedged liability block, and related income."
CFAASDBPC-0709,489,04687#AB4,Structured Credit Fixed Bond Replication,Interest Rate Swap,45339N-AE-6,INCREF 2025-FL1 B,,"2,625,312","2,596,144","2,625,312","2,596,144",source-row-visible-component-columns-resolved,Schedule DB Part C names a derivative/synthetic-asset row and its cash-instrument CUSIP/description in the statutory source.,"Source-row identity and candidate columns are not settlement, counterparty remittance, hedge cost, liability allocation, borrower receipt, or Apollo owner cash.","Verify row coordinates and numeric columns, then match Schedule DB verification, custody/counterparty, cash settlement, hedged liability block, and related income."
CFAASDBPC-0710,489,04687#AB4,Structured Credit Fixed Bond Replication,Interest Rate Swap,45339N-AG-1,INCREF 2025-FL1 C,,"3,558,750","3,577,622","3,558,750","3,577,622",source-row-visible-component-columns-resolved,Schedule DB Part C names a derivative/synthetic-asset row and its cash-instrument CUSIP/description in the statutory source.,"Source-row identity and candidate columns are not settlement, counterparty remittance, hedge cost, liability allocation, borrower receipt, or Apollo owner cash.","Verify row coordinates and numeric columns, then match Schedule DB verification, custody/counterparty, cash settlement, hedged liability block, and related income."
CFAASDBPC-0711,489,04687#AB4,Structured Credit Fixed Bond Replication,Interest Rate Swap,55287E-AC-1,MF1 2024-FL16 AS,,"6,220,909","6,244,324","6,220,909","6,244,324",source-row-visible-component-columns-resolved,Schedule DB Part C names a derivative/synthetic-asset row and its cash-instrument CUSIP/description in the statutory source.,"Source-row identity and candidate columns are not settlement, counterparty remittance, hedge cost, liability allocation, borrower receipt, or Apollo owner cash.","Verify row coordinates and numeric columns, then match Schedule DB verification, custody/counterparty, cash settlement, hedged liability block, and related income."
CFAASDBPC-0712,489,04687#AB4,Structured Credit Fixed Bond Replication,Interest Rate Swap,55287E-AE-7,MF1 2024-FL16 B,,"2,303,361","2,311,300","2,303,361","2,311,300",source-row-visible-component-columns-resolved,Schedule DB Part C names a derivative/synthetic-asset row and its cash-instrument CUSIP/description in the statutory source.,"Source-row identity and candidate columns are not settlement, counterparty remittance, hedge cost, liability allocation, borrower receipt, or Apollo owner cash.","Verify row coordinates and numeric columns, then match Schedule DB verification, custody/counterparty, cash settlement, hedged liability block, and related income."
CFAASDBPC-0713,489,04687#AB4,Structured Credit Fixed Bond Replication,Interest Rate Swap,55287E-AG-2,MF1 2024-FL16 C,,"3,440,058","3,449,537","3,440,058","3,449,537",source-row-visible-component-columns-resolved,Schedule DB Part C names a derivative/synthetic-asset row and its cash-instrument CUSIP/description in the statutory source.,"Source-row identity and candidate columns are not settlement, counterparty remittance, hedge cost, liability allocation, borrower receipt, or Apollo owner cash.","Verify row coordinates and numeric columns, then match Schedule DB verification, custody/counterparty, cash settlement, hedged liability block, and related income."
CFAASDBPC-0714,489,04687#AB4,Structured Credit Fixed Bond Replication,Interest Rate Swap,55287E-AJ-6,MF1 2024-FL16 D,,"2,343,273","2,337,337","2,343,273","2,337,337",source-row-visible-component-columns-resolved,Schedule DB Part C names a derivative/synthetic-asset row and its cash-instrument CUSIP/description in the statutory source.,"Source-row identity and candidate columns are not settlement, counterparty remittance, hedge cost, liability allocation, borrower receipt, or Apollo owner cash.","Verify row coordinates and numeric columns, then match Schedule DB verification, custody/counterparty, cash settlement, hedged liability block, and related income."
CFAASDBPC-0715,489,04687#AB4,Structured Credit Fixed Bond Replication,Interest Rate Swap,55416A-AC-3,MF1 2024-FL14 AS 7.82659% 19 M,,"5,288,444","5,313,102","5,288,444","5,313,102",source-row-visible-component-columns-resolved,Schedule DB Part C names a derivative/synthetic-asset row and its cash-instrument CUSIP/description in the statutory source.,"Source-row identity and candidate columns are not settlement, counterparty remittance, hedge cost, liability allocation, borrower receipt, or Apollo owner cash.","Verify row coordinates and numeric columns, then match Schedule DB verification, custody/counterparty, cash settlement, hedged liability block, and related income."
CFAASDBPC-0716,489,04687#AB4,Structured Credit Fixed Bond Replication,Interest Rate Swap,55416A-AE-9,MF1 2024-FL14 B,,"2,993,527","3,004,807","2,993,527","3,004,807",source-row-visible-component-columns-resolved,Schedule DB Part C names a derivative/synthetic-asset row and its cash-instrument CUSIP/description in the statutory source.,"Source-row identity and candidate columns are not settlement, counterparty remittance, hedge cost, liability allocation, borrower receipt, or Apollo owner cash.","Verify row coordinates and numeric columns, then match Schedule DB verification, custody/counterparty, cash settlement, hedged liability block, and related income."
CFAASDBPC-0717,489,04687#AB4,Structured Credit Fixed Bond Replication,Interest Rate Swap,55416A-AG-4,MF1 2024-FL14 C,"997,834",,"1,001,044",,"1,001,044",source-row-visible-column-sparse,Schedule DB Part C names a derivative/synthetic-asset row and its cash-instrument CUSIP/description in the statutory source.,"Source-row identity and candidate columns are not settlement, counterparty remittance, hedge cost, liability allocation, borrower receipt, or Apollo owner cash.","Verify row coordinates and numeric columns, then match Schedule DB verification, custody/counterparty, cash settlement, hedged liability block, and related income."
CFAASDBPC-0718,489,04687#AB4,Structured Credit Fixed Bond Replication,Interest Rate Swap,58003M-AA-4,MF1 2024-FL15 A,,"5,266,179","5,293,207","5,266,179","5,293,207",source-row-visible-component-columns-resolved,Schedule DB Part C names a derivative/synthetic-asset row and its cash-instrument CUSIP/description in the statutory source.,"Source-row identity and candidate columns are not settlement, counterparty remittance, hedge cost, liability allocation, borrower receipt, or Apollo owner cash.","Verify row coordinates and numeric columns, then match Schedule DB verification, custody/counterparty, cash settlement, hedged liability block, and related income."
CFAASDBPC-0719,489,04687#AB4,Structured Credit Fixed Bond Replication,Interest Rate Swap,58003M-AC-0,MF1 2024-FL15 AS,"10,368,097","10,411,828",,"10,411,828",,source-row-visible-column-sparse,Schedule DB Part C names a derivative/synthetic-asset row and its cash-instrument CUSIP/description in the statutory source.,"Source-row identity and candidate columns are not settlement, counterparty remittance, hedge cost, liability allocation, borrower receipt, or Apollo owner cash.","Verify row coordinates and numeric columns, then match Schedule DB verification, custody/counterparty, cash settlement, hedged liability block, and related income."
CFAASDBPC-0720,489,04687#AB4,Structured Credit Fixed Bond Replication,Interest Rate Swap,58003M-AE-6,MF1 2024-FL15 B,,"4,426,251","4,442,332","4,426,251","4,442,332",source-row-visible-component-columns-resolved,Schedule DB Part C names a derivative/synthetic-asset row and its cash-instrument CUSIP/description in the statutory source.,"Source-row identity and candidate columns are not settlement, counterparty remittance, hedge cost, liability allocation, borrower receipt, or Apollo owner cash.","Verify row coordinates and numeric columns, then match Schedule DB verification, custody/counterparty, cash settlement, hedged liability block, and related income."
CFAASDBPC-0721,489,04687#AB4,Structured Credit Fixed Bond Replication,Interest Rate Swap,58003M-AG-1,MF1 2024-FL15 C,,"1,375,612","1,380,679","1,375,612","1,380,679",source-row-visible-component-columns-resolved,Schedule DB Part C names a derivative/synthetic-asset row and its cash-instrument CUSIP/description in the statutory source.,"Source-row identity and candidate columns are not settlement, counterparty remittance, hedge cost, liability allocation, borrower receipt, or Apollo owner cash.","Verify row coordinates and numeric columns, then match Schedule DB verification, custody/counterparty, cash settlement, hedged liability block, and related income."
CFAASDBPC-0722,489,04687#AB4,Structured Credit Fixed Bond Replication,Interest Rate Swap,592918-AE-6,MF1 2025-B2 B,,"2,882,000","2,924,319","2,882,000","2,924,319",source-row-visible-component-columns-resolved,Schedule DB Part C names a derivative/synthetic-asset row and its cash-instrument CUSIP/description in the statutory source.,"Source-row identity and candidate columns are not settlement, counterparty remittance, hedge cost, liability allocation, borrower receipt, or Apollo owner cash.","Verify row coordinates and numeric columns, then match Schedule DB verification, custody/counterparty, cash settlement, hedged liability block, and related income."
CFAASDBPC-0723,489,04687#AB4,Structured Credit Fixed Bond Replication,Interest Rate Swap,592918-AG-1,MF1 2025-B2 C,,"2,276,000","2,309,590","2,276,000","2,309,590",source-row-visible-component-columns-resolved,Schedule DB Part C names a derivative/synthetic-asset row and its cash-instrument CUSIP/description in the statutory source.,"Source-row identity and candidate columns are not settlement, counterparty remittance, hedge cost, liability allocation, borrower receipt, or Apollo owner cash.","Verify row coordinates and numeric columns, then match Schedule DB verification, custody/counterparty, cash settlement, hedged liability block, and related income."
CFAASDBPC-0724,489,04687#AB4,Structured Credit Fixed Bond Replication,Interest Rate Swap,69382J-AB-7,PFP 2025-12 AS,,"1,008,543","1,013,462","1,008,543","1,013,462",source-row-visible-component-columns-resolved,Schedule DB Part C names a derivative/synthetic-asset row and its cash-instrument CUSIP/description in the statutory source.,"Source-row identity and candidate columns are not settlement, counterparty remittance, hedge cost, liability allocation, borrower receipt, or Apollo owner cash.","Verify row coordinates and numeric columns, then match Schedule DB verification, custody/counterparty, cash settlement, hedged liability block, and related income."
CFAASDBPC-0725,489,04687#AB4,Structured Credit Fixed Bond Replication,Interest Rate Swap,69382J-AC-5,PFP 2025-12 B,"503,378","505,640",,"505,640",,source-row-visible-column-sparse,Schedule DB Part C names a derivative/synthetic-asset row and its cash-instrument CUSIP/description in the statutory source.,"Source-row identity and candidate columns are not settlement, counterparty remittance, hedge cost, liability allocation, borrower receipt, or Apollo owner cash.","Verify row coordinates and numeric columns, then match Schedule DB verification, custody/counterparty, cash settlement, hedged liability block, and related income."
CFAASDBPC-0726,489,04687#AB4,Structured Credit Fixed Bond Replication,Interest Rate Swap,69382J-AD-3,PFP 2025-12 C,"747,071","750,412",,"750,412",,source-row-visible-column-sparse,Schedule DB Part C names a derivative/synthetic-asset row and its cash-instrument CUSIP/description in the statutory source.,"Source-row identity and candidate columns are not settlement, counterparty remittance, hedge cost, liability allocation, borrower receipt, or Apollo owner cash.","Verify row coordinates and numeric columns, then match Schedule DB verification, custody/counterparty, cash settlement, hedged liability block, and related income."
CFAASDBPC-0727,489,04687#AB4,Structured Credit Fixed Bond Replication,Interest Rate Swap,91835W-AG-4,Varde Partners Inc,,"2,243,631","2,264,849","2,243,631","2,264,849",source-row-visible-component-columns-resolved,Schedule DB Part C names a derivative/synthetic-asset row and its cash-instrument CUSIP/description in the statutory source.,"Source-row identity and candidate columns are not settlement, counterparty remittance, hedge cost, liability allocation, borrower receipt, or Apollo owner cash.","Verify row coordinates and numeric columns, then match Schedule DB verification, custody/counterparty, cash settlement, hedged liability block, and related income."
CFAASDBPC-0728,489,12776*SR9,Replication CDX.NA.HY.45,Interest Rate Swap Credit Default Swap,91835W-AG-4,Varde Partners Inc,"50,000,000","2,243,631|6,911,912","2,264,849|7,696,045","2,243,631","2,264,849",source-row-visible-column-ambiguous,Schedule DB Part C names a derivative/synthetic-asset row and its cash-instrument CUSIP/description in the statutory source.,"Source-row identity and candidate columns are not settlement, counterparty remittance, hedge cost, liability allocation, borrower receipt, or Apollo owner cash.","Verify row coordinates and numeric columns, then match Schedule DB verification, custody/counterparty, cash settlement, hedged liability block, and related income."
CFAASDBPC-0729,489,12776*SR9,CDX.NA.HY.45 CDX.NA.HY.45,Credit Default Swap Credit Default Swap,912810-TC-2,US TREASURY N/B,"50,000,000|72,532,500","6,911,912|52,440,263","7,696,045","52,440,263",,source-row-visible-column-ambiguous,Schedule DB Part C names a derivative/synthetic-asset row and its cash-instrument CUSIP/description in the statutory source.,"Source-row identity and candidate columns are not settlement, counterparty remittance, hedge cost, liability allocation, borrower receipt, or Apollo owner cash.","Verify row coordinates and numeric columns, then match Schedule DB verification, custody/counterparty, cash settlement, hedged liability block, and related income."
CFAASDBPC-0730,489,12776*SN8,CDX.NA.HY.45 CDX.NA.HY.45,Credit Default Swap Credit Default Swap,912810-TC-2,US TREASURY N/B,"50,000,000|6,878,841",,"7,586,941",,,source-row-visible-column-ambiguous,Schedule DB Part C names a derivative/synthetic-asset row and its cash-instrument CUSIP/description in the statutory source.,"Source-row identity and candidate columns are not settlement, counterparty remittance, hedge cost, liability allocation, borrower receipt, or Apollo owner cash.","Verify row coordinates and numeric columns, then match Schedule DB verification, custody/counterparty, cash settlement, hedged liability block, and related income."
CFAASDBPC-0731,489,12776*SN8,CDX.NA.HY.45 CDX.NA.HY.45,Credit Default Swap Credit Default Swap,912810-TC-2,US TREASURY N/B,"50,000,000|6,878,841|72,532,500","52,440,263","7,586,941","52,440,263",,source-row-visible-column-ambiguous,Schedule DB Part C names a derivative/synthetic-asset row and its cash-instrument CUSIP/description in the statutory source.,"Source-row identity and candidate columns are not settlement, counterparty remittance, hedge cost, liability allocation, borrower receipt, or Apollo owner cash.","Verify row coordinates and numeric columns, then match Schedule DB verification, custody/counterparty, cash settlement, hedged liability block, and related income."
CFAASDBPC-0732,489,12776*TF4,CDX.NA.HY.45 CDX.NA.HY.45,Credit Default Swap Credit Default Swap,912810-TC-2,US TREASURY N/B,"50,000,000","6,823,396","7,586,941",,,source-row-visible-column-sparse,Schedule DB Part C names a derivative/synthetic-asset row and its cash-instrument CUSIP/description in the statutory source.,"Source-row identity and candidate columns are not settlement, counterparty remittance, hedge cost, liability allocation, borrower receipt, or Apollo owner cash.","Verify row coordinates and numeric columns, then match Schedule DB verification, custody/counterparty, cash settlement, hedged liability block, and related income."
CFAASDBPC-0733,489,12776*TF4,CDX.NA.HY.45 CDX.NA.HY.45,Credit Default Swap Credit Default Swap,912810-TC-2,US TREASURY N/B,"50,000,000|72,532,500","6,823,396|52,440,263","7,586,941","52,440,263",,source-row-visible-column-ambiguous,Schedule DB Part C names a derivative/synthetic-asset row and its cash-instrument CUSIP/description in the statutory source.,"Source-row identity and candidate columns are not settlement, counterparty remittance, hedge cost, liability allocation, borrower receipt, or Apollo owner cash.","Verify row coordinates and numeric columns, then match Schedule DB verification, custody/counterparty, cash settlement, hedged liability block, and related income."
CFAASDBPC-0734,489,12776*TG2,CDX.NA.HY.45 CDX.NA.HY.45,Credit Default Swap Credit Default Swap,912810-TC-2,US TREASURY N/B,"50,000,000","6,799,077","7,696,045",,,source-row-visible-column-sparse,Schedule DB Part C names a derivative/synthetic-asset row and its cash-instrument CUSIP/description in the statutory source.,"Source-row identity and candidate columns are not settlement, counterparty remittance, hedge cost, liability allocation, borrower receipt, or Apollo owner cash.","Verify row coordinates and numeric columns, then match Schedule DB verification, custody/counterparty, cash settlement, hedged liability block, and related income."
CFAASDBPC-0735,489,12776*TG2,CDX.NA.HY.45 CDX.NA.HY.45,Credit Default Swap Credit Default Swap,912810-TC-2,US TREASURY N/B,"50,000,000|72,532,500","6,799,077|52,440,263","7,696,045","52,440,263",,source-row-visible-column-ambiguous,Schedule DB Part C names a derivative/synthetic-asset row and its cash-instrument CUSIP/description in the statutory source.,"Source-row identity and candidate columns are not settlement, counterparty remittance, hedge cost, liability allocation, borrower receipt, or Apollo owner cash.","Verify row coordinates and numeric columns, then match Schedule DB verification, custody/counterparty, cash settlement, hedged liability block, and related income."
