parser_row_id,schedule,population,page,cusip_or_identifier,name_and_raw_terms,naic_designation_detected,asset_type_guess,first_numeric_values,current_status,proof_use,boundary
CFAASBAFR-00001,Schedule BA Part 1,year-end-owned-assets,5813,00264#-AA-5,"AP Aristotle Holdings LLC Aristotle Junior 0% Perpetual 0.000% 09/30/24 ...................... .......... WIlmington .......................... ......... DE......... Tax Free Exchange ........................... ......... .......... ....02/28/2025 ... ....... ....... ...... 16,122,455 ...... 10,783,834 ...... 10,783,834 ...... (5,338,621) ................. ................. ................. ................. ................. ................. ......0.000",,fund-partnership-or-private-asset,"16,122,455; 10,783,834; 10,783,834; (5,338,621)",full-range-schedule-ba-parser-row-visible,repeatable named Schedule BA detail row,"raw row population; Part 1/2/3 layouts differ, blanks are preserved, and row-level numeric columns are not promoted to cash or return proof"
CFAASBAFR-00002,Schedule BA Part 1,year-end-owned-assets,5813,G2973#-AB-4,"AP Chia Issuer LLC AP Chia PERP NC10 JR Notes 0.000% 04/14/25 ..................................... .......... ...................................... .........CYM........ ................................................. ......... .......... ....05/29/2025 ... ....... ....... ..........118,042 ..........112,655 ..........111,779 ........... (6,262) ..........9,118 ................. ................. ................. .............(24)................. ......0.000",,fund-partnership-or-private-asset,"118,042; 112,655; 111,779; (6,262); 9,118",full-range-schedule-ba-parser-row-visible,repeatable named Schedule BA detail row,"raw row population; Part 1/2/3 layouts differ, blanks are preserved, and row-level numeric columns are not promoted to cash or return proof"
CFAASBAFR-00003,Schedule BA Part 1,year-end-owned-assets,5813,G2971@-AA-0,"AP Pistachio LP Pistachio Jr Secured Perp Nts 0.000% 04/01/88 ..................................... .......... ...................................... .........CYM........ Transfer from Schedule D .................. ......... .......... ....01/01/2025 ... ....... ....... ........3,944,526 ........4,425,152 ........4,291,472 ................... ................. ................. ................. ........346,946 ................. ................. ......0.000",,fund-partnership-or-private-asset,"3,944,526; 4,425,152; 4,291,472; 346,946",full-range-schedule-ba-parser-row-visible,repeatable named Schedule BA detail row,"raw row population; Part 1/2/3 layouts differ, blanks are preserved, and row-level numeric columns are not promoted to cash or return proof"
CFAASBAFR-00004,Schedule BA Part 1,year-end-owned-assets,5813,90117P-AQ-8,"1211 Avenue of the Americas Tr AOTA 2015-1211 E 4.142% 08/10/35 ................................ .......... New York ............................ ......... NY......... Transfer from Schedule D .................. ....... 3.C ........ ....01/01/2025 ... ....... ....... ......85,081,101 ...... 77,949,983 ...... 77,949,983 ......(6,856,740) ........129,259 ................. ................. ................. .....3,463,856 ................. ......0.000",3.C,transferred-or-debt-style-asset,"85,081,101; 77,949,983; 77,949,983; (6,856,740); 129,259; 3,463,856",full-range-schedule-ba-parser-row-visible,repeatable named Schedule BA detail row,"raw row population; Part 1/2/3 layouts differ, blanks are preserved, and row-level numeric columns are not promoted to cash or return proof"
CFAASBAFR-00005,Schedule BA Part 1,year-end-owned-assets,5813,04410R-AQ-9,"Ashford Hospitality Trust 2018 AHT1 2018-ASHF F 8.022% 04/15/35 ................................ .......... Dallas ............................... ......... TX......... Transfer from Schedule D .................. ....... 3.B ........ ....01/01/2025 ... ....... ....... ...... 46,997,050 ...... 46,962,386 ...... 46,962,386 ..........(34,664) ........407,905 ................. ................. ................. ..... 4,052,450 ................. ......0.000",3.B,structured-credit-or-real-estate,"46,997,050; 46,962,386; 46,962,386; (34,664); 407,905; 4,052,450",full-range-schedule-ba-parser-row-visible,repeatable named Schedule BA detail row,"raw row population; Part 1/2/3 layouts differ, blanks are preserved, and row-level numeric columns are not promoted to cash or return proof"
CFAASBAFR-00006,Schedule BA Part 1,year-end-owned-assets,5813,61764B-AU-7,"Morgan Stanley Capital I Trust MSC 2014-150E G 4.295% 09/09/32 ..................................... .......... New York ............................ ......... NY......... Transfer from Schedule D .................. ........6. ........ ....01/01/2025 ... ....... ....... ...... 34,234,162 ...... 22,425,000 ...... 22,425,000 ................... .........20,409 ....11,809,162 ................. ................. ........595,159 ................. ......0.000",6.,structured-credit-or-real-estate,"34,234,162; 22,425,000; 22,425,000; 20,409; 11,809,162; 595,159",full-range-schedule-ba-parser-row-visible,repeatable named Schedule BA detail row,"raw row population; Part 1/2/3 layouts differ, blanks are preserved, and row-level numeric columns are not promoted to cash or return proof"
CFAASBAFR-00007,Schedule BA Part 1,year-end-owned-assets,5813,L0009*-AB-4,"AP Dolphin (Luxembourg) S.a.r. AP Dolphin 4.750% 12/31/32 ..................................... .......... ...................................... .........LUX........ Transfer from Schedule D .................. ....... 2.B ........ ....01/01/2025 ... ....... ....... ...... 33,967,353 ...... 37,110,374 ...... 37,110,374 .........(723,954).....4,438,791 ................. ................. .....3,939,010 ..... 1,393,124 ................. ......0.000",2.B,fund-partnership-or-private-asset,"33,967,353; 37,110,374; 37,110,374; (723,954); 4,438,791; 3,939,010; 1,393,124",full-range-schedule-ba-parser-row-visible,repeatable named Schedule BA detail row,"raw row population; Part 1/2/3 layouts differ, blanks are preserved, and row-level numeric columns are not promoted to cash or return proof"
CFAASBAFR-00008,Schedule BA Part 1,year-end-owned-assets,5813,G2964#-AB-5,"AP Grange Holdings LLC AP Grange Tranche B 5.000% 03/20/45 ..................................... .......... ...................................... .........CYM........ Transfer from Schedule D .................. ....... 2.B ........ ....01/01/2025 ... ....... ....... .....429,756,073 .....411,998,739 .....411,998,739 .....(17,743,830) ....42,889,185 ................. ................. ................. ....31,661,927 ................. ......0.000",2.B,fund-partnership-or-private-asset,"429,756,073; 411,998,739; 411,998,739; (17,743,830); 42,889,185; 31,661,927",full-range-schedule-ba-parser-row-visible,repeatable named Schedule BA detail row,"raw row population; Part 1/2/3 layouts differ, blanks are preserved, and row-level numeric columns are not promoted to cash or return proof"
CFAASBAFR-00009,Schedule BA Part 1,year-end-owned-assets,5817,16649@-AA-9,"Chesterfield Reinsurance Co Subordinated 7.125% 03/23/43 ..................................... .......... Chesterfield ....................... ......... VA......... Direct ......................................... ....... 1.F ........ ....03/23/2023 ... ....... ....... .....127,500,000 .....130,050,000 .....127,500,000 ................... ................. ................. ................. ................. ..... 2,238,833 ................. ......0.000",1.F,other-invested-asset,"127,500,000; 130,050,000; 127,500,000; 2,238,833",full-range-schedule-ba-parser-row-visible,repeatable named Schedule BA detail row,"raw row population; Part 1/2/3 layouts differ, blanks are preserved, and row-level numeric columns are not promoted to cash or return proof"
CFAASBAFR-00010,Schedule BA Part 1,year-end-owned-assets,5817,256141-AB-8,"Doctors Co An Interinsurance E Subordinated 4.500% 01/18/32 ..................................... .......... Napa ................................. ......... CA......... ................................................. ....... 2.B ........ ....01/12/2022 ... ....... ....... ...... 61,904,641 ......57,815,176 ...... 62,222,199 ................... ........223,308 ................. ................. ................. ........776,250 ................. ......0.000",2.B,other-invested-asset,"61,904,641; 57,815,176; 62,222,199; 223,308; 776,250",full-range-schedule-ba-parser-row-visible,repeatable named Schedule BA detail row,"raw row population; Part 1/2/3 layouts differ, blanks are preserved, and row-level numeric columns are not promoted to cash or return proof"
CFAASBAFR-00011,Schedule BA Part 1,year-end-owned-assets,5817,29226R-AA-5,"Employers Mutual Casualty Co SUB 5.750% 08/20/39 .............................................. .......... Des Moines .......................... ......... IA......... ................................................. ....... 2.A ........ ....05/17/2023 ... ....... ....... ........9,389,013 ........9,422,352 ........9,401,252 ................... ........(53,973)................. ................. ................. ........163,875 ................. ......0.000",2.A,other-invested-asset,"9,389,013; 9,422,352; 9,401,252; (53,973); 163,875",full-range-schedule-ba-parser-row-visible,repeatable named Schedule BA detail row,"raw row population; Part 1/2/3 layouts differ, blanks are preserved, and row-level numeric columns are not promoted to cash or return proof"
CFAASBAFR-00012,Schedule BA Part 1,year-end-owned-assets,5817,30958P-AA-1,"Farmers Exchange Capital II Subordinated 6.151% 11/01/53 ..................................... .......... Los Angeles ........................ ......... DE......... ................................................. ....... 2.A ........ ....07/25/2016 ... ....... ....... ...... 12,082,992 ...... 10,963,230 ...... 11,683,459 ................... ...... (228,917)................. ................. ................. ........686,083 ................. ......0.000",2.A,other-invested-asset,"12,082,992; 10,963,230; 11,683,459; (228,917); 686,083",full-range-schedule-ba-parser-row-visible,repeatable named Schedule BA detail row,"raw row population; Part 1/2/3 layouts differ, blanks are preserved, and row-level numeric columns are not promoted to cash or return proof"
CFAASBAFR-00013,Schedule BA Part 1,year-end-owned-assets,5817,30958Q-AA-9,"Farmers Exchange Capital III Subordinated 5.454% 10/15/54 ..................................... .......... Los Angeles ........................ ......... CA......... ................................................. ....... 2.A ........ ....08/30/2016 ... ....... ....... ....... 3,720,800 ........3,604,746 ........3,696,885 ................... ........(24,321)................. ................. ................. ........142,940 ................. ......0.000",2.A,other-invested-asset,"3,720,800; 3,604,746; 3,696,885; (24,321); 142,940",full-range-schedule-ba-parser-row-visible,repeatable named Schedule BA detail row,"raw row population; Part 1/2/3 layouts differ, blanks are preserved, and row-level numeric columns are not promoted to cash or return proof"
CFAASBAFR-00014,Schedule BA Part 1,year-end-owned-assets,5817,309601-AE-2,"Farmers Insurance Exchange Subordinated 4.747% 11/01/57 ..................................... .......... Los Angeles ........................ ......... CA......... ................................................. ....... 2.A ........ ....10/10/2017 ... ....... ....... ....... 4,000,000 ........3,398,578 ....... 4,000,000 ................... ................. ................. ................. ................. ........141,883 ................. ......0.000",2.A,other-invested-asset,"4,000,000; 3,398,578; 4,000,000; 141,883",full-range-schedule-ba-parser-row-visible,repeatable named Schedule BA detail row,"raw row population; Part 1/2/3 layouts differ, blanks are preserved, and row-level numeric columns are not promoted to cash or return proof"
CFAASBAFR-00015,Schedule BA Part 1,year-end-owned-assets,5817,401378-AC-8,"Guardian Life Insurance Co of Subordinated 4.850% 01/24/77 ..................................... .......... New York ............................ ......... NY......... ................................................. ....... 1.D ........ ....01/17/2017 ... ....... ....... ......12,018,830 ........9,862,337 ...... 12,017,929 ................... ........(18,717) ................. ................. ................. ........144,961 ................. ......0.000",1.D,other-invested-asset,"12,018,830; 9,862,337; 12,017,929; (18,717); 144,961",full-range-schedule-ba-parser-row-visible,repeatable named Schedule BA detail row,"raw row population; Part 1/2/3 layouts differ, blanks are preserved, and row-level numeric columns are not promoted to cash or return proof"
CFAASBAFR-00016,Schedule BA Part 1,year-end-owned-assets,5817,401378-AB-0,"Guardian Life Insurance Co of Subordinated 4.875% 06/19/64 ..................................... .......... New York ............................ ......... NY......... ................................................. ....... 1.D ........ ....01/26/2017 ... ....... ....... ........9,939,699 ........8,474,927 ........9,937,749 ................... ........(16,737)................. ................. ................. ........396,825 ................. ......0.000",1.D,other-invested-asset,"9,939,699; 8,474,927; 9,937,749; (16,737); 396,825",full-range-schedule-ba-parser-row-visible,repeatable named Schedule BA detail row,"raw row population; Part 1/2/3 layouts differ, blanks are preserved, and row-level numeric columns are not promoted to cash or return proof"
CFAASBAFR-00017,Schedule BA Part 1,year-end-owned-assets,5817,401378-AA-2,"Guardian Life Insurance Co of Subordinated 7.375% 09/30/39 ..................................... .......... New York ............................ ......... NY......... Direct ......................................... ....... 1.D ........ ....03/07/2018 ... ....... ....... ........4,170,245 ........3,471,949 ........3,852,349 ................... ........(34,185)................. ................. ................. ........192,180 ................. ......0.000",1.D,other-invested-asset,"4,170,245; 3,471,949; 3,852,349; (34,185); 192,180",full-range-schedule-ba-parser-row-visible,repeatable named Schedule BA detail row,"raw row population; Part 1/2/3 layouts differ, blanks are preserved, and row-level numeric columns are not promoted to cash or return proof"
CFAASBAFR-00018,Schedule BA Part 1,year-end-owned-assets,5817,575767-AR-9,"Massachusetts Mutual Life Insu Subordinated 3.200% 12/01/61 ..................................... .......... Springfield ........................ ......... MA......... Credit Suisse ................................ ....... 1.D ........ ....11/18/2021 ... ....... ....... ........3,615,990 ........2,693,896 ........3,632,231 ................... ..........8,064 ................. ................. ................. ........144,000 ................. ......0.000",1.D,other-invested-asset,"3,615,990; 2,693,896; 3,632,231; 8,064; 144,000",full-range-schedule-ba-parser-row-visible,repeatable named Schedule BA detail row,"raw row population; Part 1/2/3 layouts differ, blanks are preserved, and row-level numeric columns are not promoted to cash or return proof"
CFAASBAFR-00019,Schedule BA Part 1,year-end-owned-assets,5817,575767-AN-8,"Massachusetts Mutual Life Insu Subordinated 3.729% 10/15/70 ..................................... .......... Springfield ........................ ......... MA......... ................................................. ....... 1.D ........ ....10/10/2019 ... ....... ....... ........3,799,801 ........2,483,539 ....... 3,801,171 ................... .........(2,985)................. ................. ................. .........54,692 ................. ......0.000",1.D,other-invested-asset,"3,799,801; 2,483,539; 3,801,171; (2,985); 54,692",full-range-schedule-ba-parser-row-visible,repeatable named Schedule BA detail row,"raw row population; Part 1/2/3 layouts differ, blanks are preserved, and row-level numeric columns are not promoted to cash or return proof"
CFAASBAFR-00020,Schedule BA Part 1,year-end-owned-assets,5817,575767-AK-4,"Massachusetts Mutual Life Insu Subordinated 4.500% 04/15/65 ..................................... .......... Springfield ........................ ......... MA......... ................................................. ....... 1.D ........ ....08/14/2024 ... ....... ....... ........1,412,644 ........1,332,956 ........1,415,857 ................... .........(3,912)................. ................. ................. .........78,930 ................. ......0.000",1.D,other-invested-asset,"1,412,644; 1,332,956; 1,415,857; (3,912); 78,930",full-range-schedule-ba-parser-row-visible,repeatable named Schedule BA detail row,"raw row population; Part 1/2/3 layouts differ, blanks are preserved, and row-level numeric columns are not promoted to cash or return proof"
CFAASBAFR-00021,Schedule BA Part 1,year-end-owned-assets,5817,575767-AL-2,"Massachusetts Mutual Life Insu Subordinated 4.900% 04/01/77 ..................................... .......... Springfield ........................ ......... MA......... ................................................. ....... 1.D ........ ....03/20/2017 ... ....... ....... ...... 22,144,001 ......16,510,028 ...... 22,103,118 ................... ........(20,182)................. ................. ................. ........475,981 ................. ......0.000",1.D,other-invested-asset,"22,144,001; 16,510,028; 22,103,118; (20,182); 475,981",full-range-schedule-ba-parser-row-visible,repeatable named Schedule BA detail row,"raw row population; Part 1/2/3 layouts differ, blanks are preserved, and row-level numeric columns are not promoted to cash or return proof"
CFAASBAFR-00022,Schedule BA Part 1,year-end-owned-assets,5817,575767-AM-0,"Massachusetts Mutual Life Insu SUBORDINATED 5.077% 02/15/69 ..................................... .......... Springfield ........................ ......... MA......... ................................................. ....... 1.D ........ ....03/26/2021 ... ....... ....... ......18,000,000 ...... 16,013,221 ......18,000,000 ................... ................. ................. ................. ................. ........425,057 ................. ......0.000",1.D,other-invested-asset,"18,000,000; 16,013,221; 18,000,000; 425,057",full-range-schedule-ba-parser-row-visible,repeatable named Schedule BA detail row,"raw row population; Part 1/2/3 layouts differ, blanks are preserved, and row-level numeric columns are not promoted to cash or return proof"
CFAASBAFR-00023,Schedule BA Part 1,year-end-owned-assets,5817,575767-AT-5,"Massachusetts Mutual Life Insu Subordinated 5.672% 12/01/52 ..................................... .......... Springfield ........................ ......... MA......... Morgan Stanley ............................... ....... 1.D ........ ....09/09/2025 ... ....... ....... ...... 18,103,289 ...... 17,646,969 ...... 18,105,598 ................... .........(1,615)................. ................. ................. ........309,861 ................. ......0.000",1.D,other-invested-asset,"18,103,289; 17,646,969; 18,105,598; (1,615); 309,861",full-range-schedule-ba-parser-row-visible,repeatable named Schedule BA detail row,"raw row population; Part 1/2/3 layouts differ, blanks are preserved, and row-level numeric columns are not promoted to cash or return proof"
CFAASBAFR-00024,Schedule BA Part 1,year-end-owned-assets,5817,628312-AA-8,"Mutual of Omaha Insurance Co Subordinated 6.800% 06/15/36 ..................................... .......... Omaha ................................ ......... NE......... Jefferies & Co (PFI) ....................... ....... 1.G ........ ....03/15/2019 ... ....... ....... ....... 3,750,600 ........3,321,410 ........3,523,849 ................... ........(60,003)................. ................. ................. ........680,000 ................. ......0.000",1.G,other-invested-asset,"3,750,600; 3,321,410; 3,523,849; (60,003); 680,000",full-range-schedule-ba-parser-row-visible,repeatable named Schedule BA detail row,"raw row population; Part 1/2/3 layouts differ, blanks are preserved, and row-level numeric columns are not promoted to cash or return proof"
CFAASBAFR-00025,Schedule BA Part 1,year-end-owned-assets,5817,636792-AB-9,"National Life Insurance Co Subordinated 5.250% 07/19/68 ..................................... .......... Springfield ........................ ......... VT......... Credit Suisse ................................ ....... 1.G ........ ....07/10/2018 ... ....... ....... ...... 30,872,440 ......25,761,000 ...... 30,877,455 ................... ........(60,707) ................. ................. ................. ........285,104 ................. ......0.000",1.G,other-invested-asset,"30,872,440; 25,761,000; 30,877,455; (60,707); 285,104",full-range-schedule-ba-parser-row-visible,repeatable named Schedule BA detail row,"raw row population; Part 1/2/3 layouts differ, blanks are preserved, and row-level numeric columns are not promoted to cash or return proof"
CFAASBAFR-00026,Schedule BA Part 1,year-end-owned-assets,5817,64952G-AQ-1,"New York Life Insurance Co SUB 4.450% 05/15/69 .............................................. .......... New York ............................ ......... NY......... ................................................. ....... 1.D ........ ....04/01/2019 ... ....... ....... ........5,361,012 ........4,207,709 ........5,363,012 ................... ........(15,657)................. ................. ................. ........240,300 ................. ......0.000",1.D,other-invested-asset,"5,361,012; 4,207,709; 5,363,012; (15,657); 240,300",full-range-schedule-ba-parser-row-visible,repeatable named Schedule BA detail row,"raw row population; Part 1/2/3 layouts differ, blanks are preserved, and row-level numeric columns are not promoted to cash or return proof"
CFAASBAFR-00027,Schedule BA Part 1,year-end-owned-assets,5817,64952G-AT-5,"New York Life Insurance Co SUBORDINATED 3.750% 05/15/50 ..................................... .......... New York ............................ ......... NY......... ................................................. ....... 1.D ........ ....05/27/2020 ... ....... ....... ........4,542,452 ........2,973,327 ........4,473,715 ................... ..........7,118 ................. ................. ................. .........12,675 ................. ......0.000",1.D,other-invested-asset,"4,542,452; 2,973,327; 4,473,715; 7,118; 12,675",full-range-schedule-ba-parser-row-visible,repeatable named Schedule BA detail row,"raw row population; Part 1/2/3 layouts differ, blanks are preserved, and row-level numeric columns are not promoted to cash or return proof"
CFAASBAFR-00028,Schedule BA Part 1,year-end-owned-assets,5817,64952G-AF-5,"New York Life Insurance Co Subordinated 6.750% 11/15/39 ..................................... SD....... New York ............................ ......... NY......... Direct ......................................... ....... 1.D ........ ....03/07/2018 ... ....... ....... .......... 272,229 ..........228,751 .......... 253,292 ................... ........(45,379)................. ................. ................. .........13,500 ................. ......0.000",1.D,other-invested-asset,"272,229; 228,751; 253,292; (45,379); 13,500",full-range-schedule-ba-parser-row-visible,repeatable named Schedule BA detail row,"raw row population; Part 1/2/3 layouts differ, blanks are preserved, and row-level numeric columns are not promoted to cash or return proof"
CFAASBAFR-00029,Schedule BA Part 1,year-end-owned-assets,5817,64952G-AF-5,"New York Life Insurance Co Subordinated 6.750% 11/15/39 ..................................... .......... New York ............................ ......... NY......... Direct ......................................... ....... 1.D ........ ....09/09/2025 ... ....... ....... ...... 22,497,943 ...... 22,451,928 ...... 22,457,240 ................... ........(45,379)................. ................. ................. ........662,513 ................. ......0.000 ................ Ngm Insurance Co Surplus Notes 7.250% 11/02/36 .............................................. .......... Jacksonville ....................... ......... FL......... ................................................. ....... 1.G ........ ....10/28/2016 ... ....... ....... ......50,000,000 ...... 50,375,000 ......50,000,000 ................... ................. ................. ................. ................. .....2,900,000 ................. ......0.000",1.D,transferred-or-debt-style-asset,"22,497,943; 22,451,928; 22,457,240; (45,379); 662,513; 50,000,000; 50,375,000; 50,000,000; 2,900,000",full-range-schedule-ba-parser-row-visible,repeatable named Schedule BA detail row,"raw row population; Part 1/2/3 layouts differ, blanks are preserved, and row-level numeric columns are not promoted to cash or return proof"
CFAASBAFR-00030,Schedule BA Part 1,year-end-owned-assets,5817,668138-AC-4,"Northwestern Mutual Life Insur Subordinated 3.625% 09/30/59 ..................................... .......... Milwaukee ........................... ......... WI......... ................................................. ....... 1.D ........ ....09/12/2019 ... ....... ....... ...... 22,421,929 ...... 13,259,587 ...... 22,054,514 ................... ........(27,872)................. ................. ................. .........81,865 ................. ......0.000 E07.4",1.D,other-invested-asset,"22,421,929; 13,259,587; 22,054,514; (27,872); 81,865",full-range-schedule-ba-parser-row-visible,repeatable named Schedule BA detail row,"raw row population; Part 1/2/3 layouts differ, blanks are preserved, and row-level numeric columns are not promoted to cash or return proof"
CFAASBAFR-00031,Schedule BA Part 1,year-end-owned-assets,5818,69448F-AA-9,"Pacific Life Insurance Co Subordinated 4.300% 10/24/67 ..................................... .......... Newport Beach ...................... ......... CA......... ................................................. ....... 1.F ........ ....10/17/2017 ... ....... ....... ...... 15,944,770 ...... 12,860,395 ...... 15,947,841 ................... ........(26,105)................. ................. ................. ........401,333 ................. ......0.000 7620ET-AA-7 . RGA Reinsurance Co Sr Subordinated 4.000% 12/13/51 .............................................. C........ Springfield ........................ ......... MA......... Direct ......................................... ....... 1.F ........ ....11/29/2021 ... ....... ....... .....145,000,000 .....105,269,145 .....145,000,000 ................... ................. ................. ................. ................. .....3,815,789 ................. ......0.000 7620ET-AA-7 . RGA Reinsurance Co Sr Subordinated 4.000% 12/13/51 .............................................. .......... Springfield ........................ ......... MA......... Direct ......................................... ....... 1.F ........ ....11/29/2021 ... ....... ....... ......45,000,000 ...... 32,669,735 ......45,000,000 ................... ................. ................. ................. ................. .....1,184,211 ................. ...",1.F,other-invested-asset,"15,944,770; 12,860,395; 15,947,841; (26,105); 401,333; 145,000,000; 105,269,145; 145,000,000; 3,815,789; 45,000,000; 32,669,735; 45,000,000; 1,184,211",full-range-schedule-ba-parser-row-visible,repeatable named Schedule BA detail row,"raw row population; Part 1/2/3 layouts differ, blanks are preserved, and row-level numeric columns are not promoted to cash or return proof"
CFAASBAFR-00032,Schedule BA Part 1,year-end-owned-assets,5818,81372W-AB-5,"Secura Insurance Co Secura Insurance Co 8.670% 03/14/39 ..................................... .......... Neenah ............................... ......... WI......... Tax Free Exchange ........................... ....... 2.A ........ ....04/15/2024 ... ....... ....... ......65,000,000 ...... 65,975,000 ......65,000,000 ................... ................. ................. ................. ................. .....1,083,750 ................. ......0.000 878091-BG-1 . Teachers Insurance & Annuity A SUB 3.300% 05/15/50 .............................................. .......... New York ............................ ......... NY......... Citigroup ...................................... ....... 1.D ........ ....05/27/2020 ... ....... ....... ........4,380,819 ........2,922,419 ........4,365,054 ................... .........(3,977)................. ................. ................. .......... 9,304 ................. ......0.000",2.A,other-invested-asset,"65,000,000; 65,975,000; 65,000,000; 1,083,750; 4,380,819; 2,922,419; 4,365,054; (3,977); 9,304",full-range-schedule-ba-parser-row-visible,repeatable named Schedule BA detail row,"raw row population; Part 1/2/3 layouts differ, blanks are preserved, and row-level numeric columns are not promoted to cash or return proof"
CFAASBAFR-00033,Schedule BA Part 1,year-end-owned-assets,5818,878091-BF-3,"Teachers Insurance & Annuity A Subordinated 4.270% 05/15/47 ..................................... .......... New York ............................ ......... NY......... ................................................. ....... 1.D ........ ....05/03/2017 ... ....... ....... ...... 28,276,829 ...... 22,854,941 ...... 28,208,226 ................... ........(60,009)................. ................. ................. ........648,106 ................. ......0.000",1.D,other-invested-asset,"28,276,829; 22,854,941; 28,208,226; (60,009); 648,106",full-range-schedule-ba-parser-row-visible,repeatable named Schedule BA detail row,"raw row population; Part 1/2/3 layouts differ, blanks are preserved, and row-level numeric columns are not promoted to cash or return proof"
CFAASBAFR-00034,Schedule BA Part 1,year-end-owned-assets,5818,878091-BD-8,"Teachers Insurance & Annuity A Subordinated 4.900% 09/15/44 ..................................... .......... New York ............................ ......... NY......... ................................................. ....... 1.D ........ ....01/10/2017 ... ....... ....... ....... 9,885,860 ....... 8,190,661 ........9,702,976 ................... ........(87,414)................. ................. ................. ........245,000 ................. ......0.000",1.D,other-invested-asset,"9,885,860; 8,190,661; 9,702,976; (87,414); 245,000",full-range-schedule-ba-parser-row-visible,repeatable named Schedule BA detail row,"raw row population; Part 1/2/3 layouts differ, blanks are preserved, and row-level numeric columns are not promoted to cash or return proof"
CFAASBAFR-00035,Schedule BA Part 1,year-end-owned-assets,5818,878091-BC-0,"Teachers Insurance & Annuity A Subordinated 6.850% 12/16/39 ..................................... .......... New York ............................ ......... NY......... ................................................. ....... 1.D ........ ....07/08/2016 ... ....... ....... ...... 67,586,092 ...... 57,231,613 ...... 62,575,623 ................... ...... (726,622)................. ................. ................. .....1,791,475 ................. ......0.000",1.D,other-invested-asset,"67,586,092; 57,231,613; 62,575,623; (726,622); 1,791,475",full-range-schedule-ba-parser-row-visible,repeatable named Schedule BA detail row,"raw row population; Part 1/2/3 layouts differ, blanks are preserved, and row-level numeric columns are not promoted to cash or return proof"
CFAASBAFR-00036,Schedule BA Part 1,year-end-owned-assets,5818,95765P-AA-7,"Western And Southern Life Insu Subordinated 5.150% 01/15/49 ..................................... .......... Cincinnati .......................... ..........OH......... J.P. Morgan Sec .............................. ....... 1.F ........ ....01/17/2019 ... ....... ....... ......17,310,738 ...... 15,785,865 ...... 17,320,990 ................... ...... (170,546)................. ................. ................. ........515,000 ................. ......0.000",1.F,other-invested-asset,"17,310,738; 15,785,865; 17,320,990; (170,546); 515,000",full-range-schedule-ba-parser-row-visible,repeatable named Schedule BA detail row,"raw row population; Part 1/2/3 layouts differ, blanks are preserved, and row-level numeric columns are not promoted to cash or return proof"
CFAASBAFR-00037,Schedule BA Part 1,year-end-owned-assets,5818,92264H-AA-8,"Venerable Insurance and Annuity Subordinated 7.750% 06/29/45 ..................................... .......... West Chester ....................... ......... PA......... ................................................. ....... 2.A ........ ....08/28/2025 ... ....... ....... ...... 42,041,843 ......42,000,000 ...... 42,041,632 ................... ............(211)................. ................. ................. .....1,247,005 ................. ......0.000",2.A,other-invested-asset,"42,041,843; 42,000,000; 42,041,632; 1,247,005",full-range-schedule-ba-parser-row-visible,repeatable named Schedule BA detail row,"raw row population; Part 1/2/3 layouts differ, blanks are preserved, and row-level numeric columns are not promoted to cash or return proof"
CFAASBAFR-00038,Schedule BA Part 1,year-end-owned-assets,5818,AP4442-22-8,"ASR Nederland NV Subordinated 4.625% Perpet. .......................................................... .......... ...................................... .........NLD......... Goldman Sachs ................................ ....... 2.C ........ ....10/08/2025 ... ....... ....... ........9,762,142 ........9,796,523 ........9,866,303 ................... ................. ................. ................. ........104,161 ........101,301 ................. ......0.000",2.C,other-invested-asset,"9,762,142; 9,796,523; 9,866,303; 104,161; 101,301",full-range-schedule-ba-parser-row-visible,repeatable named Schedule BA detail row,"raw row population; Part 1/2/3 layouts differ, blanks are preserved, and row-level numeric columns are not promoted to cash or return proof"
CFAASBAFR-00039,Schedule BA Part 1,year-end-owned-assets,5818,05254H-AA-2,"Australia & New Zealand Bankin Junior Subordinated 6.750% Perpet. ................... .......... ...................................... .........AUS......... ................................................. ....... 2.B ........ ....01/01/2025 ... ....... ....... ......12,700,000 ...... 12,628,464 ...... 12,564,401 ................... ........(79,031)................. ................. ................. ........417,371 ................. ......0.000",2.B,other-invested-asset,"12,700,000; 12,628,464; 12,564,401; (79,031); 417,371",full-range-schedule-ba-parser-row-visible,repeatable named Schedule BA detail row,"raw row population; Part 1/2/3 layouts differ, blanks are preserved, and row-level numeric columns are not promoted to cash or return proof"
CFAASBAFR-00040,Schedule BA Part 1,year-end-owned-assets,5818,BX0460-26-7,"Aviva PLC Junior Subordinated 6.875% Perpet. .......................................................... .......... ...................................... .........GBR........ ................................................. ....... 2.B ........ ....01/01/2025 ... ....... ....... ...... 72,481,500 ...... 83,974,473 ...... 77,294,980 ................... ................. ................. ................. .....4,813,480 .....3,872,069 ................. ......0.000 ................ Aviva PLC Junior Subordinated 7.750% Perpet. .......................................................... .......... ...................................... .........GBR........ Morgan Stanley & Co. International ..... ....... 2.B ........ ....10/08/2025 ... ....... ....... ........6,249,115 ........6,314,259 ........6,314,259 ........... 28,256 ................. ................. ................. .........36,888 ........103,497 ................. ......0.000 ................ AXA SA AXA SA 6.375% Perpet. .................. .......... ...................................... .........FRA........ Morgan Stanley & Co. International ..... ....... 2.A ........ ....04/07/2025 ... ....... ....... ...... 52,578,691 ......59,606,867 ...... 56,033,939 ................... ........(33,889)................. ................. .....3,489,138 .....2,508,187 ................. ......0.000 ................ Banco de Sabadell ",2.B,other-invested-asset,"72,481,500; 83,974,473; 77,294,980; 4,813,480; 3,872,069; 6,249,115; 6,314,259; 6,314,259; 28,256; 36,888; 103,497; 52,578,691; 59,606,867; 56,033,939; (33,889); 3,489,138",full-range-schedule-ba-parser-row-visible,repeatable named Schedule BA detail row,"raw row population; Part 1/2/3 layouts differ, blanks are preserved, and row-level numeric columns are not promoted to cash or return proof"
CFAASBAFR-00041,Schedule BA Part 1,year-end-owned-assets,5818,06368L-Q5-8,"Bank of Montreal Unsecured 7.700% 05/26/84 .......... ...................................... .........CAN......... BMO Capital Markets (NY) .................. ....... 2.C ........ ....04/07/2025 ... ....... ....... ...... 88,658,402 ...... 93,243,363 ...... 88,515,292 ................... ........(65,051)................. ................. ................. .....2,102,131 ................. ......0.000 E07.5",2.C,other-invested-asset,"88,658,402; 93,243,363; 88,515,292; (65,051); 2,102,131",full-range-schedule-ba-parser-row-visible,repeatable named Schedule BA detail row,"raw row population; Part 1/2/3 layouts differ, blanks are preserved, and row-level numeric columns are not promoted to cash or return proof"
CFAASBAFR-00042,Schedule BA Part 1,year-end-owned-assets,5819,064159-8N-9,"Bank of Nova Scotia/The Junior Subordinated 3.625% 10/27/81 ..................................... .......... ...................................... .........CAN......... ................................................. ....... 2.C ........ ....01/01/2025 ... ....... ....... ......30,500,000 ...... 29,560,664 ......30,500,000 ................... ................. ................. ................. ................. ........306,544 ................. ......0.000",2.C,other-invested-asset,"30,500,000; 29,560,664; 30,500,000; 306,544",full-range-schedule-ba-parser-row-visible,repeatable named Schedule BA detail row,"raw row population; Part 1/2/3 layouts differ, blanks are preserved, and row-level numeric columns are not promoted to cash or return proof"
CFAASBAFR-00043,Schedule BA Part 1,year-end-owned-assets,5819,064159-8S-8,"Bank of Nova Scotia/The Junior Subordinated 8.625% 10/27/82 ..................................... .......... ...................................... .........CAN......... JPM SECURITIES LLC .......................... ....... 2.C ........ ....06/24/2025 ... ....... ....... ...... 15,997,500 ...... 15,931,376 ......15,788,381 ................... ...... (175,334)................. ................. ................. ........585,225 ................. ......0.000",2.C,fund-partnership-or-private-asset,"15,997,500; 15,931,376; 15,788,381; (175,334); 585,225",full-range-schedule-ba-parser-row-visible,repeatable named Schedule BA detail row,"raw row population; Part 1/2/3 layouts differ, blanks are preserved, and row-level numeric columns are not promoted to cash or return proof"
CFAASBAFR-00044,Schedule BA Part 1,year-end-owned-assets,5819,064159-8X-7,"Bank of Nova Scotia/The Unsecured 7.350% 04/27/85 .............................................. .......... ...................................... .........CAN......... BNP Paribas ................................... ....... 2.C ........ ....01/01/2025 ... ....... ....... ...... 10,458,290 ...... 10,404,478 ...... 10,443,363 ................... .........(4,214)................. ................. ................. ........198,578 ................. ......0.000",2.C,other-invested-asset,"10,458,290; 10,404,478; 10,443,363; (4,214); 198,578",full-range-schedule-ba-parser-row-visible,repeatable named Schedule BA detail row,"raw row population; Part 1/2/3 layouts differ, blanks are preserved, and row-level numeric columns are not promoted to cash or return proof"
CFAASBAFR-00045,Schedule BA Part 1,year-end-owned-assets,5819,05565A-DW-0,"BNP Paribas SA Junior Subordinated 5.125% Perpet. ................................................ .......... ...................................... .........FRA........ ................................................. ....... 2.C ........ ....01/01/2025 ... ....... ....... ........4,499,375 ........4,917,093 ........4,499,375 ................... ................. ................. ................. ................. ........128,125 ................. ......0.000",2.C,other-invested-asset,"4,499,375; 4,917,093; 4,499,375; 128,125",full-range-schedule-ba-parser-row-visible,repeatable named Schedule BA detail row,"raw row population; Part 1/2/3 layouts differ, blanks are preserved, and row-level numeric columns are not promoted to cash or return proof"
CFAASBAFR-00046,Schedule BA Part 1,year-end-owned-assets,5819,05602X-DJ-4,"BNP Paribas SA Junior Subordinated 8.000% Perpet. ................................................ .......... ...................................... .........FRA........ ................................................. ....... 2.C ........ ....01/01/2025 ... ....... ....... ...... 98,646,192 .....106,559,278 ...... 98,646,192 ................... ................. ................. ................. ................. .....2,192,060 ................. ......0.000 ................ CaixaBank SA CAIXABANK SA 5.875% Perpetual 5.875% Perpet. ....................................... .......... ...................................... .........ESP......... Barclays ....................................... ....... 3.A ........ ....09/12/2025 ... ....... ....... ...... 57,641,592 ...... 57,746,255 ...... 57,579,592 ................... ...... (275,503)................. ................. ........213,503 ........886,207 ................. ......0.000 ................ CaixaBank SA Junior Subordinated 8.250% Perpet. ................................................ .......... ...................................... .........ESP......... Merrill Lynch International .............. ....... 3.A ........ ....06/24/2025 ... ....... ....... ...... 48,763,912 ...... 48,423,417 ...... 48,314,812 .........(107,084) ...... (510,169)................. ................. ........168,153 .....1,284,209 .............",2.C,other-invested-asset,"98,646,192; 106,559,278; 98,646,192; 2,192,060; 57,641,592; 57,746,255; 57,579,592; (275,503); 213,503; 886,207; 48,763,912; 48,423,417; 48,314,812; (107,084); (510,169); 168,153",full-range-schedule-ba-parser-row-visible,repeatable named Schedule BA detail row,"raw row population; Part 1/2/3 layouts differ, blanks are preserved, and row-level numeric columns are not promoted to cash or return proof"
CFAASBAFR-00047,Schedule BA Part 1,year-end-owned-assets,5819,BO8410-65-2,"CNP Assurances SA Jr Subordinated 4.875% Perpet. ................................................ .......... ...................................... .........FRA........ Goldman Sachs ................................ ....... 2.B ........ ....04/09/2025 ... ....... ....... ....... 6,290,000 ....... 6,917,112 ....... 6,290,000 ................... ................. ................. ................. ................. ........215,989 ................. ......0.000 ................ Commerzbank AG Junior Subordinated 4.250% Perpet. ................................................ .......... ...................................... .........DEU......... Merrill Lynch International .............. ....... 3.B ........ ....06/24/2025 ... ....... ....... ...... 13,672,445 ......14,010,086 ...... 13,783,946 ................... ................. ................. ................. ........111,501 ........307,813 ................. ......0.000",2.B,other-invested-asset,"6,290,000; 6,917,112; 6,290,000; 215,989; 13,672,445; 14,010,086; 13,783,946; 111,501; 307,813",full-range-schedule-ba-parser-row-visible,repeatable named Schedule BA detail row,"raw row population; Part 1/2/3 layouts differ, blanks are preserved, and row-level numeric columns are not promoted to cash or return proof"
CFAASBAFR-00048,Schedule BA Part 1,year-end-owned-assets,5819,N22616-HJ-3,"Cooperatieve Rabobank UA Junior Subordinated 3.100% Perpet. ....................................... .......... ...................................... .........NLD......... ................................................. ....... 2.C ........ ....01/01/2025 ... ....... ....... ...... 26,488,351 ...... 26,476,211 ...... 26,801,213 ................... .........(6,779)................. ................. ........330,102 ........292,860 ................. ......0.000 ................ Cooperatieve Rabobank UA Junior Subordinated 4.375% Perpet. ....................................... .......... ...................................... .........NLD......... Bank of America .............................. ....... 2.C ........ ....12/17/2025 ... ....... ....... ....... 6,169,881 ........6,149,972 ....... 6,171,218 ................... .........(1,272)................. ................. ..........2,610 .......... 9,530 ................. ......0.000 ................ Cooperatieve Rabobank UA Junior Subordinated 4.875% Perpet. ....................................... .......... ...................................... .........NLD......... Morgan Stanley ............................... ....... 2.C ........ ....04/09/2025 ... ....... ....... ........5,133,091 ........5,952,504 ........5,515,635 ................... ................. ................. ................. ........382,544 ........203,812 .",2.C,other-invested-asset,"26,488,351; 26,476,211; 26,801,213; (6,779); 330,102; 292,860; 6,169,881; 6,149,972; 6,171,218; (1,272); 2,610; 9,530; 5,133,091; 5,952,504; 5,515,635; 382,544",full-range-schedule-ba-parser-row-visible,repeatable named Schedule BA detail row,"raw row population; Part 1/2/3 layouts differ, blanks are preserved, and row-level numeric columns are not promoted to cash or return proof"
CFAASBAFR-00049,Schedule BA Part 1,year-end-owned-assets,5819,F2276J-PP-4,"Credit Agricole SA Junior Subordinated 4.000% Perpet. ....................................... .......... ...................................... .........FRA........ ................................................. ....... 2.C ........ ....01/01/2025 ... ....... ....... ........5,976,874 ........5,630,266 ........5,962,767 ................... ...... (157,511)................. ................. ........142,065 ........108,127 ................. ......0.000",2.C,other-invested-asset,"5,976,874; 5,630,266; 5,962,767; (157,511); 142,065; 108,127",full-range-schedule-ba-parser-row-visible,repeatable named Schedule BA detail row,"raw row population; Part 1/2/3 layouts differ, blanks are preserved, and row-level numeric columns are not promoted to cash or return proof"
CFAASBAFR-00050,Schedule BA Part 1,year-end-owned-assets,5819,225313-AR-6,"Credit Agricole SA Junior Subordinated 6.700% Perpet. ....................................... .......... ...................................... .........FRA........ ................................................. ....... 2.C ........ ....09/24/2024 ... ....... ....... ......37,500,000 ...... 38,200,478 ......37,500,000 ................... ................. ................. ................. ................. ..... 2,499,941 ................. ......0.000 ................ Danske Bank A/S Junior Subordinated 4.375% Perpet. ................................................ .......... ...................................... .........DNK......... JPM Securities LLC .......................... ....... 2.C ........ ....05/19/2025 ... ....... ....... ...... 14,049,860 ...... 14,207,828 ...... 14,049,860 ................... ................. ................. ................. ................. ........259,802 ................. ......0.000 ................ Danske Bank A/S Junior Subordinated 7.000% Perpet. ................................................ .......... ...................................... .........DNK......... Bank of America .............................. ....... 2.C ........ ....04/07/2025 ... ....... ....... ...... 66,413,635 ...... 68,408,402 ...... 66,318,475 ................... ........(77,731)................. ................. ................. .....1,830,479 .....",2.C,fund-partnership-or-private-asset,"37,500,000; 38,200,478; 37,500,000; 2,499,941; 14,049,860; 14,207,828; 14,049,860; 259,802; 66,413,635; 68,408,402; 66,318,475; (77,731); 1,830,479",full-range-schedule-ba-parser-row-visible,repeatable named Schedule BA detail row,"raw row population; Part 1/2/3 layouts differ, blanks are preserved, and row-level numeric columns are not promoted to cash or return proof"
CFAASBAFR-00051,Schedule BA Part 1,year-end-owned-assets,5819,BS4777-87-3,"Deutsche Bank AG Junior Subordinated 4.500% Perpet. ................................................ .......... ...................................... .........DEU......... ................................................. ....... 3.B ........ ....10/29/2025 ... ....... ....... ........3,719,699 ........3,753,130 ........3,751,651 ................... ................. ................. ................. .........31,952 .........28,499 ................. ......0.000 ................ Deutsche Bank AG Junior Subordinated 10.000% Perpet. ................................................ .......... ...................................... .........DEU......... Deutsche Bank AG London .................... ....... 3.B ........ ....06/24/2025 ... ....... ....... ...... 15,534,116 ...... 15,475,136 ...... 15,397,381 ................... ...... (321,575)................. ................. ........184,841 ........706,649 ................. ......0.000 ................ DNB Bank ASA Junior Subordinated 7.375% Perpet. ................................................ .......... ...................................... .........NOR......... Morgan Stanley & Co. International ..... ....... 2.B ........ ....02/21/2025 ... ....... ....... ...... 48,250,275 ...... 49,520,151 ...... 48,124,495 ................... ...... (125,780)................. ................. ................. .....1,751,383 .........",3.B,other-invested-asset,"3,719,699; 3,753,130; 3,751,651; 31,952; 28,499; 15,534,116; 15,475,136; 15,397,381; (321,575); 184,841; 706,649; 48,250,275; 49,520,151; 48,124,495; (125,780); 1,751,383",full-range-schedule-ba-parser-row-visible,repeatable named Schedule BA detail row,"raw row population; Part 1/2/3 layouts differ, blanks are preserved, and row-level numeric columns are not promoted to cash or return proof"
CFAASBAFR-00052,Schedule BA Part 1,year-end-owned-assets,5819,456837-AR-4,"ING Groep NV Junior Subordinated 5.750% Perpet. ................................................ .......... ...................................... .........NLD......... ................................................. ....... 3.A ........ ....09/13/2024 ... ....... ....... ...... 54,663,477 ...... 54,960,237 ...... 54,626,213 ................... ........(37,239)................. ................. ................. .....1,366,798 ................. ......0.000",3.A,other-invested-asset,"54,663,477; 54,960,237; 54,626,213; (37,239); 1,366,798",full-range-schedule-ba-parser-row-visible,repeatable named Schedule BA detail row,"raw row population; Part 1/2/3 layouts differ, blanks are preserved, and row-level numeric columns are not promoted to cash or return proof"
CFAASBAFR-00053,Schedule BA Part 1,year-end-owned-assets,5819,456837-BT-9,"ING Groep NV Junior Subordinated 7.000% Perpet. ................................................ .......... ...................................... .........NLD......... Merrill Lynch International .............. ....... 3.A ........ ....09/02/2025 ... ....... ....... ...... 92,057,000 ...... 95,375,190 ...... 92,036,556 ................... ........(10,594)................. ................. ................. .....1,020,475 ................. ......0.000 ................ ING Groep NV Junior Subordinated 7.250% Perpet. ................................................ .......... ...................................... .........NLD......... Goldman Sachs ................................ ....... 3.A ........ ....03/10/2025 ... ....... ....... ...... 64,876,339 ...... 66,302,119 ...... 64,797,646 ................... ........(81,659)................. ................. ................. ..... 2,340,551 ................. ......0.000 ................ ING Groep NV Junior Subordinated 8.000% Perpet. ................................................ .......... ...................................... .........NLD......... ................................................. ....... 3.A ........ ....09/23/2024 ... ....... ....... ...... 62,388,949 ...... 63,521,188 ...... 61,934,278 ..........(16,866) ...... (437,805)................. ................. ................. ..... 3,279,928 .............",3.A,other-invested-asset,"92,057,000; 95,375,190; 92,036,556; (10,594); 1,020,475; 64,876,339; 66,302,119; 64,797,646; (81,659); 2,340,551; 62,388,949; 63,521,188; 61,934,278; (16,866); (437,805); 3,279,928",full-range-schedule-ba-parser-row-visible,repeatable named Schedule BA detail row,"raw row population; Part 1/2/3 layouts differ, blanks are preserved, and row-level numeric columns are not promoted to cash or return proof"
CFAASBAFR-00054,Schedule BA Part 1,year-end-owned-assets,5819,G54404-AU-5,"Legal & General Group PLC Junior Subordinated 5.625% Perpet. ....................................... .......... ...................................... .........GBR........ ................................................. ....... 2.B ........ ....01/01/2025 ... ....... ....... ...... 27,804,836 ......31,761,677 ...... 29,470,622 ................... ................. ................. ................. .....1,665,787 .....1,063,737 ................. ......0.000",2.B,other-invested-asset,"27,804,836; 31,761,677; 29,470,622; 1,665,787; 1,063,737",full-range-schedule-ba-parser-row-visible,repeatable named Schedule BA detail row,"raw row population; Part 1/2/3 layouts differ, blanks are preserved, and row-level numeric columns are not promoted to cash or return proof"
CFAASBAFR-00055,Schedule BA Part 1,year-end-owned-assets,5819,539439-BF-5,"Lloyds Banking Group PLC Junior Subordinated 6.625% Perpet. ....................................... .......... ...................................... .........GBR........ Lloyds Bank Corporate Markets ............ ....... 2.C ........ ....10/27/2025 ... ....... ....... ..........800,000 ..........801,508 ..........800,000 ................... ................. ................. ................. ................. .......... 6,404 ................. ......0.000 ................ Lloyds Banking Group PLC Junior Subordinated 7.500% Perpet. ....................................... .......... ...................................... .........GBR........ Morgan Stanley & Co. International ..... ....... 2.C ........ ....10/08/2025 ... ....... ....... ......18,686,076 ...... 18,981,457 ...... 18,981,457 ..........185,078 ................. ................. ................. ........110,303 ........302,149 ................. ......0.000 E07.6",2.C,other-invested-asset,"800,000; 801,508; 800,000; 6,404; 18,686,076; 18,981,457; 18,981,457; 185,078; 110,303; 302,149",full-range-schedule-ba-parser-row-visible,repeatable named Schedule BA detail row,"raw row population; Part 1/2/3 layouts differ, blanks are preserved, and row-level numeric columns are not promoted to cash or return proof"
CFAASBAFR-00056,Schedule BA Part 1,year-end-owned-assets,5820,53944Y-AV-5,"Lloyds Banking Group PLC Junior Subordinated 8.000% Perpet. ....................................... .......... ...................................... .........GBR........ Barclays ....................................... ....... 2.C ........ ....10/08/2025 ... ....... ....... ...... 12,494,477 ...... 12,484,157 ...... 12,494,477 ................... ................. ................. ................. ................. .........69,973 ................. ......0.000 ................ Lloyds Banking Group PLC Junior Subordinated 8.500% Perpet. ....................................... .......... ...................................... .........GBR........ Merrill Lynch International .............. ....... 2.C ........ ....06/24/2025 ... ....... ....... ...... 17,296,027 ......17,108,017 ...... 16,915,997 ................... ...... (148,000)................. ................. ...... (232,030)........700,990 ................. ......0.000",2.C,other-invested-asset,"12,494,477; 12,484,157; 12,494,477; 69,973; 17,296,027; 17,108,017; 16,915,997; (148,000); (232,030); 700,990",full-range-schedule-ba-parser-row-visible,repeatable named Schedule BA detail row,"raw row population; Part 1/2/3 layouts differ, blanks are preserved, and row-level numeric columns are not promoted to cash or return proof"
CFAASBAFR-00057,Schedule BA Part 1,year-end-owned-assets,5820,53944Y-BB-8,"Lloyds Banking Group PLC LLOYDS BANKING GROUP PLC 6.750% Perpet. ............................... .......... ...................................... .........GBR........ Deutsche Bank AG ............................ ....... 2.C ........ ....04/07/2025 ... ....... ....... ...... 32,090,625 ...... 36,239,102 ...... 32,090,625 ................... ................. ................. ................. ................. ........692,672 ................. ......0.000 ................ Nationwide Building Society Junior Subordinated 5.750% Perpet. .................... .......... ...................................... .........GBR........ Morgan Stanley & Co. International ..... ....... 2.C ........ ....10/08/2025 ... ....... ....... ......26,868,685 ...... 27,029,601 ...... 27,029,601 ..........(18,647) ................. ................. ................. ........179,563 ........208,620 ................. ......0.000",2.C,other-invested-asset,"32,090,625; 36,239,102; 32,090,625; 692,672; 26,868,685; 27,029,601; 27,029,601; (18,647); 179,563; 208,620",full-range-schedule-ba-parser-row-visible,repeatable named Schedule BA detail row,"raw row population; Part 1/2/3 layouts differ, blanks are preserved, and row-level numeric columns are not promoted to cash or return proof"
CFAASBAFR-00058,Schedule BA Part 1,year-end-owned-assets,5820,639057-AT-5,"NatWest Group PLC Junior Subordinated 7.300% Perpet. ................................................ .......... ...................................... .........GBR........ Barclays ....................................... ....... 2.C ........ ....10/08/2025 ... ....... ....... ........6,245,304 ........6,283,190 ........6,245,304 ................... ................. ................. ................. ................. .........49,218 ................. ......0.000",2.C,other-invested-asset,"6,245,304; 6,283,190; 6,245,304; 49,218",full-range-schedule-ba-parser-row-visible,repeatable named Schedule BA detail row,"raw row population; Part 1/2/3 layouts differ, blanks are preserved, and row-level numeric columns are not promoted to cash or return proof"
CFAASBAFR-00059,Schedule BA Part 1,year-end-owned-assets,5820,639057-AQ-1,"NatWest Group PLC Junior Subordinated 8.125% Perpet. ................................................ .......... ...................................... .........GBR........ Deutsche Bank AG ............................ ....... 2.C ........ ....04/08/2025 ... ....... ....... ......67,118,575 ...... 75,959,416 ......67,112,087 ................... .........(6,691)................. ................. ................. .....1,438,038 ................. ......0.000 ................ NN Group NV Junior Subordinated 5.750% Perpet. ................................................ .......... ...................................... .........NLD......... Morgan Stanley & Co. International ..... ....... 2.C ........ ....05/19/2025 ... ....... ....... ...... 55,362,230 ...... 59,909,523 ...... 57,060,254 ................... .........(2,682)................. ................. .....1,700,705 .....1,726,026 ................. ......0.000 ................ NN Group NV NN GROUP NV 6.375% Perpet. ..... .......... ...................................... .........NLD......... Morgan Stanley & Co. International ..... ....... 2.C ........ ....04/07/2025 ... ....... ....... ...... 34,107,809 ...... 38,382,097 ......36,608,684 ................... ........(49,600)................. ................. ..... 2,550,475 .....1,606,116 ................. ......0.000",2.C,other-invested-asset,"67,118,575; 75,959,416; 67,112,087; (6,691); 1,438,038; 55,362,230; 59,909,523; 57,060,254; (2,682); 1,700,705; 1,726,026; 34,107,809; 38,382,097; 36,608,684; (49,600); 2,550,475",full-range-schedule-ba-parser-row-visible,repeatable named Schedule BA detail row,"raw row population; Part 1/2/3 layouts differ, blanks are preserved, and row-level numeric columns are not promoted to cash or return proof"
CFAASBAFR-00060,Schedule BA Part 1,year-end-owned-assets,5820,65559C-AA-9,"Nordea Bank Abp Jr Subordinated 6.625% Perpet. ................................................ .......... ...................................... .........FIN........ ................................................. ....... 2.B ........ ....01/01/2025 ... ....... ....... ...... 36,402,942 ...... 36,619,850 ...... 36,238,225 ................... ........(66,676) ................. ................. ................. ........964,912 ................. ......0.000",2.B,other-invested-asset,"36,402,942; 36,619,850; 36,238,225; (66,676); 964,912",full-range-schedule-ba-parser-row-visible,repeatable named Schedule BA detail row,"raw row population; Part 1/2/3 layouts differ, blanks are preserved, and row-level numeric columns are not promoted to cash or return proof"
CFAASBAFR-00061,Schedule BA Part 1,year-end-owned-assets,5820,65558R-AK-5,"Nordea Bank Abp Junior Subordinated 6.300% Perpet. ................................................ .......... ...................................... .........FIN........ ................................................. ....... 2.B ........ ....09/19/2024 ... ....... ....... ......30,000,000 ...... 30,626,004 ......30,000,000 ................... ................. ................. ................. ................. .....1,890,000 ................. ......0.000 ................ Nordea Bank Abp Junior Subordinated 6.413% Perpet. ................................................ .......... ...................................... .........FIN........ Bank of America .............................. ....... 2.B ........ ....09/12/2025 ... ....... ....... ...... 25,312,500 ...... 25,683,153 ...... 25,301,371 ................... ........(11,129)................. ................. ................. ........250,074 ................. ......0.000 G7091M-AA-7 . Phoenix Group Holdings PLC Junior Subordinated 5.750% Perpet. ....................................... .......... ...................................... .........GBR........ ................................................. ....... 2.A ........ ....04/09/2025 ... ....... ....... ...... 19,123,685 ...... 21,467,501 ...... 20,133,735 ................... ................. ................. ................. .....1,010,050 ........464,105 .",2.B,other-invested-asset,"30,000,000; 30,626,004; 30,000,000; 1,890,000; 25,312,500; 25,683,153; 25,301,371; (11,129); 250,074; 19,123,685; 21,467,501; 20,133,735; 1,010,050; 464,105; 13,521,730; 13,909,342",full-range-schedule-ba-parser-row-visible,repeatable named Schedule BA detail row,"raw row population; Part 1/2/3 layouts differ, blanks are preserved, and row-level numeric columns are not promoted to cash or return proof"
CFAASBAFR-00062,Schedule BA Part 1,year-end-owned-assets,5820,780082-AY-9,"Royal Bank of Canada Junior Subordinated 6.500% 11/24/85 ..................................... .......... ...................................... .........CAN......... Royal Bank of Canada ........................ ....... 2.B ........ ....09/15/2025 ... ....... ....... ...... 26,734,079 ...... 26,720,354 ...... 26,733,856 ................... ............(127)................. ................. ................. ........236,152 ................. ......0.000",2.B,other-invested-asset,"26,734,079; 26,720,354; 26,733,856; 236,152",full-range-schedule-ba-parser-row-visible,repeatable named Schedule BA detail row,"raw row population; Part 1/2/3 layouts differ, blanks are preserved, and row-level numeric columns are not promoted to cash or return proof"
CFAASBAFR-00063,Schedule BA Part 1,year-end-owned-assets,5820,780082-AV-5,"Royal Bank of Canada Junior Subordinated 6.750% 08/24/85 ..................................... .......... ...................................... .........CAN......... Royal Bank of Canada ........................ ....... 2.B ........ ....06/04/2025 ... ....... ....... .....149,588,663 .....154,569,946 .....149,557,452 ................... ........(20,405)................. ................. ................. .....2,280,136 ................. ......0.000",2.B,other-invested-asset,"149,588,663; 154,569,946; 149,557,452; (20,405); 2,280,136",full-range-schedule-ba-parser-row-visible,repeatable named Schedule BA detail row,"raw row population; Part 1/2/3 layouts differ, blanks are preserved, and row-level numeric columns are not promoted to cash or return proof"
CFAASBAFR-00064,Schedule BA Part 1,year-end-owned-assets,5820,780082-AR-4,"Royal Bank of Canada Junior Subordinated 7.500% 05/02/84 ..................................... .......... ...................................... .........CAN......... ................................................. ....... 2.B ........ ....01/01/2025 ... ....... ....... .....117,934,779 .....122,781,031 .....117,558,317 ................... ...... (132,073)................. ................. ................. .....2,606,004 ................. ......0.000 ................ Skandinaviska Enskilda Banken Jr Subordinated 6.750% Perpet. ....................................... .......... ...................................... .........SWE........ Deutsche Bank AG ............................ ....... 2.C ........ ....04/07/2025 ... ....... ....... ...... 24,660,904 ...... 26,602,312 ...... 24,658,794 ................... .........(9,708)................. ................. ................. ........828,066 ................. ......0.000",2.B,other-invested-asset,"117,934,779; 122,781,031; 117,558,317; (132,073); 2,606,004; 24,660,904; 26,602,312; 24,658,794; (9,708); 828,066",full-range-schedule-ba-parser-row-visible,repeatable named Schedule BA detail row,"raw row population; Part 1/2/3 layouts differ, blanks are preserved, and row-level numeric columns are not promoted to cash or return proof"
CFAASBAFR-00065,Schedule BA Part 1,year-end-owned-assets,5820,BW9249-93-7,"Skandinaviska Enskilda Banken Jr Subordinated 6.875% Perpet. ....................................... .......... ...................................... .........SWE........ Morgan Stanley & Co. International ..... ....... 2.C ........ ....02/21/2025 ... ....... ....... ....... 6,310,856 ........6,361,520 ........6,272,926 ................... ........(37,930)................. ................. ................. ........120,200 ................. ......0.000 ................ Swedbank AB Junior Subordinated 7.625% Perpet. ................................................ .......... ...................................... .........SWE........ Goldman Sachs ................................ ....... 2.B ........ ....03/27/2025 ... ....... ....... ...... 41,362,382 ...... 41,948,548 ...... 41,051,953 ................... ...... (310,429)................. ................. ................. .....2,170,690 ................. ......0.000 ................ Swedbank AB Junior Subordinated 7.750% Perpet. ................................................ .......... ...................................... .........SWE........ ................................................. ....... 2.B ........ ....09/13/2024 ... ....... ....... .....101,927,830 .....107,809,329 .....101,581,293 ................... ...... (346,537)................. ................. ................. .....5,684,829 ................. .",2.C,other-invested-asset,"6,310,856; 6,361,520; 6,272,926; (37,930); 120,200; 41,362,382; 41,948,548; 41,051,953; (310,429); 2,170,690; 101,927,830; 107,809,329; 101,581,293; (346,537); 5,684,829",full-range-schedule-ba-parser-row-visible,repeatable named Schedule BA detail row,"raw row population; Part 1/2/3 layouts differ, blanks are preserved, and row-level numeric columns are not promoted to cash or return proof"
CFAASBAFR-00066,Schedule BA Part 1,year-end-owned-assets,5820,89116C-KP-1,"Toronto-Dominion Bank/The Junior Subordinated 7.250% 07/31/84 ..................................... .......... ...................................... .........CAN......... ................................................. ....... 2.B ........ ....01/01/2025 ... ....... ....... ......58,017,021 ...... 61,134,331 ...... 57,973,973 ................... ........(21,039)................. ................. ................. .....1,246,961 ................. ......0.000",2.B,other-invested-asset,"58,017,021; 61,134,331; 57,973,973; (21,039); 1,246,961",full-range-schedule-ba-parser-row-visible,repeatable named Schedule BA detail row,"raw row population; Part 1/2/3 layouts differ, blanks are preserved, and row-level numeric columns are not promoted to cash or return proof"
CFAASBAFR-00067,Schedule BA Part 1,year-end-owned-assets,5820,89117F-8Z-5,"Toronto-Dominion Bank/The Junior Subordinated 8.125% 10/31/82 ..................................... .......... ...................................... .........CAN......... ................................................. ....... 2.B ........ ....01/01/2025 ... ....... ....... ...... 21,803,371 ...... 21,702,189 ...... 21,447,203 ................... ........(76,437)................. ................. ................. ........391,446 ................. ......0.000",2.B,other-invested-asset,"21,803,371; 21,702,189; 21,447,203; (76,437); 391,446",full-range-schedule-ba-parser-row-visible,repeatable named Schedule BA detail row,"raw row population; Part 1/2/3 layouts differ, blanks are preserved, and row-level numeric columns are not promoted to cash or return proof"
CFAASBAFR-00068,Schedule BA Part 1,year-end-owned-assets,5820,89116C-4H-7,"Toronto-Dominion Bank/The TORONTO-DOMINION BANK 6.35% 31 6.350% 10/31/85 ................. .......... ...................................... .........CAN......... TD Securities (USA) LLC ................... ....... 2.B ........ ....09/12/2025 ... ....... ....... ...... 35,026,569 ...... 35,522,386 ...... 35,027,139 ................... .............285 ................. ................. ................. ........302,509 ................. ......0.000",2.B,fund-partnership-or-private-asset,"35,026,569; 35,522,386; 35,027,139; 302,509",full-range-schedule-ba-parser-row-visible,repeatable named Schedule BA detail row,"raw row population; Part 1/2/3 layouts differ, blanks are preserved, and row-level numeric columns are not promoted to cash or return proof"
CFAASBAFR-00069,Schedule BA Part 1,year-end-owned-assets,5820,902613-AD-0,"UBS Group AG Junior Subordinated 4.375% Perpet. ................................................ .......... ...................................... .........CHE......... ................................................. ....... 2.C ........ ....01/01/2025 ... ....... ....... ....... 5,300,000 ........4,866,254 ....... 5,300,000 ................... ................. ................. ................. ................. ........103,272 ................. ......0.000",2.C,other-invested-asset,"5,300,000; 4,866,254; 5,300,000; 103,272",full-range-schedule-ba-parser-row-visible,repeatable named Schedule BA detail row,"raw row population; Part 1/2/3 layouts differ, blanks are preserved, and row-level numeric columns are not promoted to cash or return proof"
CFAASBAFR-00070,Schedule BA Part 1,year-end-owned-assets,5820,902613-BN-7,"UBS Group AG Junior Subordinated 6.850% Perpet. ................................................ .......... ...................................... .........CHE......... ................................................. ....... 2.C ........ ....01/01/2025 ... ....... ....... ...... 59,956,017 ...... 61,230,729 ...... 59,935,757 ................... .........(8,380)................. ................. ................. .....1,503,578 ................. ......0.000",2.C,other-invested-asset,"59,956,017; 61,230,729; 59,935,757; (8,380); 1,503,578",full-range-schedule-ba-parser-row-visible,repeatable named Schedule BA detail row,"raw row population; Part 1/2/3 layouts differ, blanks are preserved, and row-level numeric columns are not promoted to cash or return proof"
CFAASBAFR-00071,Schedule BA Part 1,year-end-owned-assets,5820,225401-BH-0,"UBS Group AG Junior Subordinated 7.000% Perpet. ................................................ .......... ...................................... .........CHE......... UBS ............................................. ....... 2.C ........ ....02/05/2025 ... ....... ....... ...... 22,500,000 ...... 23,016,128 ...... 22,500,000 ................... ................. ................. ................. ................. .....1,404,375 ................. ......0.000 E07.7",2.C,other-invested-asset,"22,500,000; 23,016,128; 22,500,000; 1,404,375",full-range-schedule-ba-parser-row-visible,repeatable named Schedule BA detail row,"raw row population; Part 1/2/3 layouts differ, blanks are preserved, and row-level numeric columns are not promoted to cash or return proof"
CFAASBAFR-00072,Schedule BA Part 1,year-end-owned-assets,5821,225401-BJ-6,"UBS Group AG Junior Subordinated 7.125% Perpet. ................................................ .......... ...................................... .........CHE......... UBS ............................................. ....... 2.C ........ ....02/05/2025 ... ....... ....... ......17,437,000 ...... 17,925,403 ......17,437,000 ................... ................. ................. ................. ................. .....1,065,258 ................. ......0.000 ................ UBS Group AG Junior Subordinated 7.750% Perpet. ................................................ .......... ...................................... .........CHE......... Barclays ....................................... ....... 2.C ........ ....04/04/2025 ... ....... ....... ........7,721,250 ........8,092,348 ........7,699,051 ................... ........(22,199)................. ................. ................. ........426,381 ................. ......0.000",2.C,other-invested-asset,"17,437,000; 17,925,403; 17,437,000; 1,065,258; 7,721,250; 8,092,348; 7,699,051; (22,199); 426,381",full-range-schedule-ba-parser-row-visible,repeatable named Schedule BA detail row,"raw row population; Part 1/2/3 layouts differ, blanks are preserved, and row-level numeric columns are not promoted to cash or return proof"
CFAASBAFR-00073,Schedule BA Part 1,year-end-owned-assets,5821,902613-BK-3,"UBS Group AG Junior Subordinated 7.750% Perpet. ................................................ .......... ...................................... .........CHE......... Barclays ....................................... ....... 2.C ........ ....01/01/2025 ... ....... ....... ...... 33,993,200 ...... 36,685,310 ...... 33,993,200 ................... ................. ................. ................. ................. ........805,631 ................. ......0.000",2.C,other-invested-asset,"33,993,200; 36,685,310; 33,993,200; 805,631",full-range-schedule-ba-parser-row-visible,repeatable named Schedule BA detail row,"raw row population; Part 1/2/3 layouts differ, blanks are preserved, and row-level numeric columns are not promoted to cash or return proof"
CFAASBAFR-00074,Schedule BA Part 1,year-end-owned-assets,5821,902613-BF-4,"UBS Group AG Junior Subordinated 9.250% Perpet. ................................................ .......... ...................................... .........CHE......... Goldman Sachs ................................ ....... 2.C ........ ....04/29/2025 ... ....... ....... ...... 13,578,125 ...... 13,735,898 ...... 13,392,296 ................... ........(61,314)................. ................. ................. ........255,395 ................. ......0.000",2.C,other-invested-asset,"13,578,125; 13,735,898; 13,392,296; (61,314); 255,395",full-range-schedule-ba-parser-row-visible,repeatable named Schedule BA detail row,"raw row population; Part 1/2/3 layouts differ, blanks are preserved, and row-level numeric columns are not promoted to cash or return proof"
CFAASBAFR-00075,Schedule BA Part 1,year-end-owned-assets,5821,ZH2256-56-3,"Vontobel Holding AG Subordinated 9.480% Perpet. ................................................ .......... ...................................... .........CHE......... ................................................. ....... 2.C ........ ....01/01/2025 ... ....... ....... ...... 35,970,183 ...... 35,445,300 ...... 35,620,919 ................... .......(394,823)................. ................. ................. ..... 1,549,053 ................. ......0.000 ................ Vontobel Holding AG Subordinated 9.680% Perpet. ................................................ .......... ...................................... .........CHE......... ................................................. ....... 2.C ........ ....01/01/2025 ... ....... ....... ...... 36,560,958 ...... 35,864,400 ......36,266,710 ................... ...... (350,461)................. ................. ................. ..... 1,584,345 ................. ......0.000",2.C,other-invested-asset,"35,970,183; 35,445,300; 35,620,919; (394,823); 1,549,053; 36,560,958; 35,864,400; 36,266,710; (350,461); 1,584,345",full-range-schedule-ba-parser-row-visible,repeatable named Schedule BA detail row,"raw row population; Part 1/2/3 layouts differ, blanks are preserved, and row-level numeric columns are not promoted to cash or return proof"
CFAASBAFR-00076,Schedule BA Part 1,year-end-owned-assets,5821,03841S-AF-2,"Aqua AssetCo Alt Trust II R 0.000% 11/12/55 .......................................................... .......... Wausau ............................... ......... WI......... Tax Free Exchange ........................... ......... .......... ....10/29/2025 ... ....... ....... ...... 31,783,310 ...... 39,438,496 ...... 31,783,310 ................... ................. ................. ................. ................. ................. ................. ......0.000",,structured-credit-or-real-estate,"31,783,310; 39,438,496; 31,783,310",full-range-schedule-ba-parser-row-visible,repeatable named Schedule BA detail row,"raw row population; Part 1/2/3 layouts differ, blanks are preserved, and row-level numeric columns are not promoted to cash or return proof"
CFAASBAFR-00077,Schedule BA Part 1,year-end-owned-assets,5821,03844A-AF-8,"Aqua Borrower Trust L R 0.000% 01/12/56 ... .......... Wausau ............................... ......... WI......... Tax Free Exchange ........................... ......... .......... ....06/05/2025 ... ....... ....... ...... 50,974,714 ...... 62,425,426 ...... 50,974,714 ................... ................. ................. ................. ................. ................. ................. ......0.000 00076M-AF-7 . BHG 2025 Forward Flow BHG 2025 Forward Flow Class R 0.000% 04/29/36 ........................ .......... Fort Lauderdale ................... ......... FL......... Direct ......................................... ......... .......... ....10/17/2025 ... ....... ....... ...... 55,355,485 .......59,454,332 ...... 55,355,485 ................... ................. ................. ................. ................. ................. ................. ......0.000",,structured-credit-or-real-estate,"50,974,714; 62,425,426; 50,974,714; 55,355,485; 59,454,332; 55,355,485",full-range-schedule-ba-parser-row-visible,repeatable named Schedule BA detail row,"raw row population; Part 1/2/3 layouts differ, blanks are preserved, and row-level numeric columns are not promoted to cash or return proof"
CFAASBAFR-00078,Schedule BA Part 1,year-end-owned-assets,5821,Q0286*-AH-0,"Turbin Finance Trust 2025-1 Turbin Finance Trust 2025-1 G1 0.000% 02/12/67 .............. .......... ...................................... .........AUS......... Tax Free Exchange ........................... ......... .......... ....07/31/2025 ... ....... ....... ........6,046,624 ....... 6,101,437 ........6,212,353 ................... ................. ................. ................. ........165,729 ................. ................. ......0.000 ................ Turbin Finance Trust 2025-1 Turbin Finance Trust 2025-1 X- 2.500% 02/12/67 .............. .......... ...................................... .........AUS......... Over the Counter ............................. ......... .......... ....06/02/2025 ... ....... ....... ................... .............2,082 ................... ................... ................. ................. ................. ................. ................. ................. ......0.000",,structured-credit-or-real-estate,"6,046,624; 6,101,437; 6,212,353; 165,729; 2,082",full-range-schedule-ba-parser-row-visible,repeatable named Schedule BA detail row,"raw row population; Part 1/2/3 layouts differ, blanks are preserved, and row-level numeric columns are not promoted to cash or return proof"
CFAASBAFR-00079,Schedule BA Part 1,year-end-owned-assets,5822,Q7457#-AH-4,Turbin Finance Trust 2024-1 A1-X 3.000% 10/23/66 .............................................. .......... ...................................... .........AUS......... Tax Free Exchange ........................... ......... .......... ....07/31/2025 ... ....... ....... ................... .................13 ................... ................... ................. ................. ................. ................. ................. ................. ......0.000,,structured-credit-or-real-estate,,full-range-schedule-ba-parser-row-visible,repeatable named Schedule BA detail row,"raw row population; Part 1/2/3 layouts differ, blanks are preserved, and row-level numeric columns are not promoted to cash or return proof"
CFAASBAFR-00080,Schedule BA Part 1,year-end-owned-assets,5822,Q7457#-AJ-0,"Turbin Finance Trust 2024-1 B1-X 3.000% 10/23/66 .............................................. .......... ...................................... .........AUS......... Tax Free Exchange ........................... ......... .......... ....07/31/2025 ... ....... ....... ............29,526 ........... 32,200 ............30,994 ................... ................. ................. ................. ..........1,468 ................. ................. ......0.000",,structured-credit-or-real-estate,"29,526; 32,200; 30,994; 1,468",full-range-schedule-ba-parser-row-visible,repeatable named Schedule BA detail row,"raw row population; Part 1/2/3 layouts differ, blanks are preserved, and row-level numeric columns are not promoted to cash or return proof"
CFAASBAFR-00081,Schedule BA Part 1,year-end-owned-assets,5822,Q7457#-AK-7,"Turbin Finance Trust 2024-1 C1-X 3.000% 10/23/66 .............................................. .......... ...................................... .........AUS......... Tax Free Exchange ........................... ......... .......... ....07/31/2025 ... ....... ....... ........... 13,026 ........... 15,000 ........... 13,674 ................... ................. ................. ................. .............648 ................. ................. ......0.000",,structured-credit-or-real-estate,"13,026; 15,000; 13,674",full-range-schedule-ba-parser-row-visible,repeatable named Schedule BA detail row,"raw row population; Part 1/2/3 layouts differ, blanks are preserved, and row-level numeric columns are not promoted to cash or return proof"
CFAASBAFR-00082,Schedule BA Part 1,year-end-owned-assets,5822,Q7457#-AL-5,"Turbin Finance Trust 2024-1 D1-X 3.000% 10/23/66 .............................................. .......... ...................................... .........AUS......... Tax Free Exchange ........................... ......... .......... ....07/31/2025 ... ....... ....... .............9,553 ........... 11,000 ........... 10,028 ................... ................. ................. ................. .............475 ................. ................. ......0.000",,structured-credit-or-real-estate,"9,553; 11,000; 10,028",full-range-schedule-ba-parser-row-visible,repeatable named Schedule BA detail row,"raw row population; Part 1/2/3 layouts differ, blanks are preserved, and row-level numeric columns are not promoted to cash or return proof"
CFAASBAFR-00083,Schedule BA Part 1,year-end-owned-assets,5822,Q7457#-AM-3,"Turbin Finance Trust 2024-1 E1-X 3.000% 10/23/66 .............................................. .......... ...................................... .........AUS......... Tax Free Exchange ........................... ......... .......... ....07/31/2025 ... ....... ....... .............8,684 .............9,100 .............9,116 ................... ................. ................. ................. .............432 ................. ................. ......0.000",,structured-credit-or-real-estate,"8,684; 9,100; 9,116",full-range-schedule-ba-parser-row-visible,repeatable named Schedule BA detail row,"raw row population; Part 1/2/3 layouts differ, blanks are preserved, and row-level numeric columns are not promoted to cash or return proof"
CFAASBAFR-00084,Schedule BA Part 1,year-end-owned-assets,5822,Q7457#-AN-1,"Turbin Finance Trust 2024-1 F1-X 3.000% 10/23/66 .............................................. .......... ...................................... .........AUS......... Tax Free Exchange ........................... ......... .......... ....07/31/2025 ... ....... ....... .............4,342 .............4,700 .............4,558 ................... ................. ................. ................. .............216 ................. ................. ......0.000",,structured-credit-or-real-estate,"4,342; 4,700; 4,558",full-range-schedule-ba-parser-row-visible,repeatable named Schedule BA detail row,"raw row population; Part 1/2/3 layouts differ, blanks are preserved, and row-level numeric columns are not promoted to cash or return proof"
CFAASBAFR-00085,Schedule BA Part 1,year-end-owned-assets,5822,Q7457#-AG-6,"Turbin Finance Trust 2024-1 G1 11.544% 10/23/66 .............................................. .......... ...................................... .........AUS......... Tax Free Exchange ........................... ......... .......... ....07/31/2025 ... ....... ....... ........1,448,825 ........7,423,198 ....... 1,520,860 ................... ................. ................. ................. .........72,035 ................. ................. ......0.000",,structured-credit-or-real-estate,"1,448,825; 7,423,198; 1,520,860; 72,035",full-range-schedule-ba-parser-row-visible,repeatable named Schedule BA detail row,"raw row population; Part 1/2/3 layouts differ, blanks are preserved, and row-level numeric columns are not promoted to cash or return proof"
CFAASBAFR-00086,Schedule BA Part 1,year-end-owned-assets,5822,Q7457#-AP-6,"Turbin Finance Trust 2024-1 G1-X 3.000% 10/23/66 .............................................. .......... ...................................... .........AUS......... Tax Free Exchange ........................... ......... .......... ....07/31/2025 ... ....... ....... .............4,343 .............4,700 .............4,559 ................... ................. ................. ................. .............216 ................. ................. ......0.000",,structured-credit-or-real-estate,"4,343; 4,700; 4,559",full-range-schedule-ba-parser-row-visible,repeatable named Schedule BA detail row,"raw row population; Part 1/2/3 layouts differ, blanks are preserved, and row-level numeric columns are not promoted to cash or return proof"
CFAASBAFR-00087,Schedule BA Part 1,year-end-owned-assets,5822,00774M-BG-9,"AER 6.45 04/15/27 ................................... .......... ...................................... ..................... AltsCo LT Addition .......................... ......... .......... .......... ......... ....... ....... ................... ................... ........2,450,159 ................... ................. ................. ................. ................. ................. ................. ......0.000",,other-invested-asset,"2,450,159",full-range-schedule-ba-parser-row-visible,repeatable named Schedule BA detail row,"raw row population; Part 1/2/3 layouts differ, blanks are preserved, and row-level numeric columns are not promoted to cash or return proof"
CFAASBAFR-00088,Schedule BA Part 1,year-end-owned-assets,5822,001200-AJ-3,"AGL 2019-2A A1R ..................................... .......... ...................................... ..................... AltsCo LT Addition .......................... ......... .......... .......... ......... ....... ....... ................... ................... ........1,353,087 ................... ................. ................. ................. ................. ................. ................. ......0.000 00851K-AK-1 . AGL 2020-8A A1R2 .................................... .......... ...................................... ..................... AltsCo LT Addition .......................... ......... .......... .......... ......... ....... ....... ................... ................... ........2,625,179 ................... ................. ................. ................. ................. ................. ................. ......0.000",,other-invested-asset,"1,353,087; 2,625,179",full-range-schedule-ba-parser-row-visible,repeatable named Schedule BA detail row,"raw row population; Part 1/2/3 layouts differ, blanks are preserved, and row-level numeric columns are not promoted to cash or return proof"
CFAASBAFR-00089,Schedule BA Part 1,year-end-owned-assets,5822,00120V-AA-4,"AGL 2024-30RA A1 .................................... .......... ...................................... ..................... AltsCo LT Addition .......................... ......... .......... .......... ......... ....... ....... ................... ................... ........5,748,692 ................... ................. ................. ................. ................. ................. ................. ......0.000",,other-invested-asset,"5,748,692",full-range-schedule-ba-parser-row-visible,repeatable named Schedule BA detail row,"raw row population; Part 1/2/3 layouts differ, blanks are preserved, and row-level numeric columns are not promoted to cash or return proof"
CFAASBAFR-00090,Schedule BA Part 1,year-end-owned-assets,5822,00852M-AA-8,"AGL 2024-31A A ...................................... .......... ...................................... ..................... AltsCo LT Addition .......................... ......... .......... .......... ......... ....... ....... ................... ................... ........3,244,587 ................... ................. ................. ................. ................. ................. ................. ......0.000 ................ AMAPS C FLT 7/75 144A ............................. .......... ...................................... ..................... AltsCo LT Addition .......................... ......... .......... .......... ......... ....... ....... ................... ................... ...... 40,626,246 ................... ................. ................. ................. ................. ................. ................. ......0.000 ................ AMAPS2 C FLT 10/75 144A ........................... .......... ...................................... ..................... AltsCo LT Addition .......................... ......... .......... .......... ......... ....... ....... ................... ................... ...... 40,626,246 ................... ................. ................. ................. ................. ................. ................. ......0.000",,other-invested-asset,"3,244,587; 40,626,246; 40,626,246",full-range-schedule-ba-parser-row-visible,repeatable named Schedule BA detail row,"raw row population; Part 1/2/3 layouts differ, blanks are preserved, and row-level numeric columns are not promoted to cash or return proof"
CFAASBAFR-00091,Schedule BA Part 1,year-end-owned-assets,5822,031162-DB-3,"AMGN 1.65 08/15/28 ................................. .......... ...................................... ..................... AltsCo LT Addition .......................... ......... .......... .......... ......... ....... ....... ................... ................... ........1,551,891 ................... ................. ................. ................. ................. ................. ................. ......0.000",,other-invested-asset,"1,551,891",full-range-schedule-ba-parser-row-visible,repeatable named Schedule BA detail row,"raw row population; Part 1/2/3 layouts differ, blanks are preserved, and row-level numeric columns are not promoted to cash or return proof"
CFAASBAFR-00092,Schedule BA Part 1,year-end-owned-assets,5822,03665L-AL-7,"ANTR 2018-3A A1R .................................... .......... ...................................... ..................... AltsCo LT Addition .......................... ......... .......... .......... ......... ....... ....... ................... ................... ......16,778,913 ................... ................. ................. ................. ................. ................. ................. ......0.000",,other-invested-asset,"16,778,913",full-range-schedule-ba-parser-row-visible,repeatable named Schedule BA detail row,"raw row population; Part 1/2/3 layouts differ, blanks are preserved, and row-level numeric columns are not promoted to cash or return proof"
CFAASBAFR-00093,Schedule BA Part 1,year-end-owned-assets,5822,03665Y-AN-5,"ANTR 2019-2A A1R .................................... .......... ...................................... ..................... AltsCo LT Addition .......................... ......... .......... .......... ......... ....... ....... ................... ................... ........5,158,581 ................... ................. ................. ................. ................. ................. ................. ......0.000",,other-invested-asset,"5,158,581",full-range-schedule-ba-parser-row-visible,repeatable named Schedule BA detail row,"raw row population; Part 1/2/3 layouts differ, blanks are preserved, and row-level numeric columns are not promoted to cash or return proof"
CFAASBAFR-00094,Schedule BA Part 1,year-end-owned-assets,5822,03666B-AW-4,"ANTR 2021-1A A1R .................................... .......... ...................................... ..................... AltsCo LT Addition .......................... ......... .......... .......... ......... ....... ....... ................... ................... ........3,371,854 ................... ................. ................. ................. ................. ................. ................. ......0.000",,other-invested-asset,"3,371,854",full-range-schedule-ba-parser-row-visible,repeatable named Schedule BA detail row,"raw row population; Part 1/2/3 layouts differ, blanks are preserved, and row-level numeric columns are not promoted to cash or return proof"
CFAASBAFR-00095,Schedule BA Part 1,year-end-owned-assets,5822,03663Y-AA-5,"ANTR 2024-5A A ....................................... .......... ...................................... ..................... AltsCo LT Addition .......................... ......... .......... .......... ......... ....... ....... ................... ................... ........4,365,818 ................... ................. ................. ................. ................. ................. ................. ......0.000",,other-invested-asset,"4,365,818",full-range-schedule-ba-parser-row-visible,repeatable named Schedule BA detail row,"raw row population; Part 1/2/3 layouts differ, blanks are preserved, and row-level numeric columns are not promoted to cash or return proof"
CFAASBAFR-00096,Schedule BA Part 1,year-end-owned-assets,5822,03771R-AA-9,"APID 2025-54A A1 .................................... .......... ...................................... ..................... AltsCo LT Addition .......................... ......... .......... .......... ......... ....... ....... ................... ................... ........3,653,704 ................... ................. ................. ................. ................. ................. ................. ......0.000 05071L-AL-0 . AUDAX 2021-6A AR .................................... .......... ...................................... ..................... AltsCo LT Addition .......................... ......... .......... .......... ......... ....... ....... ................... ................... ....... 3,371,877 ................... ................. ................. ................. ................. ................. ................. ......0.000",,other-invested-asset,"3,653,704; 3,371,877",full-range-schedule-ba-parser-row-visible,repeatable named Schedule BA detail row,"raw row population; Part 1/2/3 layouts differ, blanks are preserved, and row-level numeric columns are not promoted to cash or return proof"
CFAASBAFR-00097,Schedule BA Part 1,year-end-owned-assets,5822,05072N-AA-9,"AUDAX 2024-10A A .................................... .......... ...................................... ..................... AltsCo LT Addition .......................... ......... .......... .......... ......... ....... ....... ................... ................... ........4,040,859 ................... ................. ................. ................. ................. ................. ................. ......0.000 E07.9",,other-invested-asset,"4,040,859",full-range-schedule-ba-parser-row-visible,repeatable named Schedule BA detail row,"raw row population; Part 1/2/3 layouts differ, blanks are preserved, and row-level numeric columns are not promoted to cash or return proof"
CFAASBAFR-00098,Schedule BA Part 1,year-end-owned-assets,5823,050931-AA-2,"AUDAX 2024-9A A1 .................................... .......... ...................................... ..................... AltsCo LT Addition .......................... ......... .......... .......... ......... ....... ....... ................... ................... ........2,847,165 ................... ................. ................. ................. ................. ................. ................. ......0.000",,other-invested-asset,"2,847,165",full-range-schedule-ba-parser-row-visible,repeatable named Schedule BA detail row,"raw row population; Part 1/2/3 layouts differ, blanks are preserved, and row-level numeric columns are not promoted to cash or return proof"
CFAASBAFR-00099,Schedule BA Part 1,year-end-owned-assets,5823,1BA08A-CQ-1,"Aven Gas & Oil, Inc. Royalties .................. .......... Hemphill ............................ ......... TX......... Aven Gas & Oil, Inc ........................ ......... .......... ....05/01/2015 ... ....... ....... ........1,546,895 ....... 1,560,606 ....... 1,560,606 .............5,814 ................. ................. ................. ................. .........50,002 ................. ...100.000 06051G-GF-0 . BAC 3.824 01/20/28 MTN ............................ .......... ...................................... ..................... AltsCo LT Addition .......................... ......... .......... .......... ......... ....... ....... ................... ................... ..........969,274 ................... ................. ................. ................. ................. ................. ................. ......0.000",,other-invested-asset,"1,546,895; 1,560,606; 1,560,606; 5,814; 50,002; 969,274",full-range-schedule-ba-parser-row-visible,repeatable named Schedule BA detail row,"raw row population; Part 1/2/3 layouts differ, blanks are preserved, and row-level numeric columns are not promoted to cash or return proof"
CFAASBAFR-00100,Schedule BA Part 1,year-end-owned-assets,5823,06738E-CJ-2,"BACR V6.496 09/13/27 ............................... .......... ...................................... ..................... AltsCo LT Addition .......................... ......... .......... .......... ......... ....... ....... ................... ................... ....... 1,689,086 ................... ................. ................. ................. ................. ................. ................. ......0.000",,other-invested-asset,"1,689,086",full-range-schedule-ba-parser-row-visible,repeatable named Schedule BA detail row,"raw row population; Part 1/2/3 layouts differ, blanks are preserved, and row-level numeric columns are not promoted to cash or return proof"
CFAASBAFR-00101,Schedule BA Part 1,year-end-owned-assets,5823,05876N-AA-7,"BALLY 2024-26A A1A ................................. .......... ...................................... ..................... AltsCo LT Addition .......................... ......... .......... .......... ......... ....... ....... ................... ................... ........3,647,286 ................... ................. ................. ................. ................. ................. ................. ......0.000",,other-invested-asset,"3,647,286",full-range-schedule-ba-parser-row-visible,repeatable named Schedule BA detail row,"raw row population; Part 1/2/3 layouts differ, blanks are preserved, and row-level numeric columns are not promoted to cash or return proof"
CFAASBAFR-00102,Schedule BA Part 1,year-end-owned-assets,5823,05526D-BB-0,"BATSLN 3.557 08/15/27 ............................. .......... ...................................... ..................... AltsCo LT Addition .......................... ......... .......... .......... ......... ....... ....... ................... ................... ......11,485,706 ................... ................. ................. ................. ................. ................. ................. ......0.000",,other-invested-asset,"11,485,706",full-range-schedule-ba-parser-row-visible,repeatable named Schedule BA detail row,"raw row population; Part 1/2/3 layouts differ, blanks are preserved, and row-level numeric columns are not promoted to cash or return proof"
CFAASBAFR-00103,Schedule BA Part 1,year-end-owned-assets,5823,05555Y-AA-1,"BCMM 2025-1A A1 ..................................... .......... ...................................... ..................... AltsCo LT Addition .......................... ......... .......... .......... ......... ....... ....... ................... ................... ...... 11,942,620 ................... ................. ................. ................. ................. ................. ................. ......0.000",,other-invested-asset,"11,942,620",full-range-schedule-ba-parser-row-visible,repeatable named Schedule BA detail row,"raw row population; Part 1/2/3 layouts differ, blanks are preserved, and row-level numeric columns are not promoted to cash or return proof"
CFAASBAFR-00104,Schedule BA Part 1,year-end-owned-assets,5823,09261H-AD-9,"BCRED 2.625 12/15/26 ............................... .......... ...................................... ..................... AltsCo LT Addition .......................... ......... .......... .......... ......... ....... ....... ................... ................... ........3,313,391 ................... ................. ................. ................. ................. ................. ................. ......0.000",,other-invested-asset,"3,313,391",full-range-schedule-ba-parser-row-visible,repeatable named Schedule BA detail row,"raw row population; Part 1/2/3 layouts differ, blanks are preserved, and row-level numeric columns are not promoted to cash or return proof"
CFAASBAFR-00105,Schedule BA Part 1,year-end-owned-assets,5823,05555W-AA-5,"BCRED 2024-2A A ..................................... .......... ...................................... ..................... AltsCo LT Addition .......................... ......... .......... .......... ......... ....... ....... ................... ................... ........4,722,469 ................... ................. ................. ................. ................. ................. ................. ......0.000",,other-invested-asset,"4,722,469",full-range-schedule-ba-parser-row-visible,repeatable named Schedule BA detail row,"raw row population; Part 1/2/3 layouts differ, blanks are preserved, and row-level numeric columns are not promoted to cash or return proof"
CFAASBAFR-00106,Schedule BA Part 1,year-end-owned-assets,5823,06279J-AB-5,"BKIR V2.029 09/30/27 144A ........................ .......... ...................................... ..................... AltsCo LT Addition .......................... ......... .......... .......... ......... ....... ....... ................... ................... ....... 1,174,702 ................... ................. ................. ................. ................. ................. ................. ......0.000",,other-invested-asset,"1,174,702",full-range-schedule-ba-parser-row-visible,repeatable named Schedule BA detail row,"raw row population; Part 1/2/3 layouts differ, blanks are preserved, and row-level numeric columns are not promoted to cash or return proof"
CFAASBAFR-00107,Schedule BA Part 1,year-end-owned-assets,5823,09659W-2N-3,"BNP V1.323 01/13/27 144A .......................... .......... ...................................... ..................... AltsCo LT Addition .......................... ......... .......... .......... ......... ....... ....... ................... ................... ........4,461,936 ................... ................. ................. ................. ................. ................. ................. ......0.000",,other-invested-asset,"4,461,936",full-range-schedule-ba-parser-row-visible,repeatable named Schedule BA detail row,"raw row population; Part 1/2/3 layouts differ, blanks are preserved, and row-level numeric columns are not promoted to cash or return proof"
CFAASBAFR-00108,Schedule BA Part 1,year-end-owned-assets,5823,172967-LD-1,"C 3.887 01/10/28 .................................... .......... ...................................... ..................... AltsCo LT Addition .......................... ......... .......... .......... ......... ....... ....... ................... ................... ........7,266,933 ................... ................. ................. ................. ................. ................. ................. ......0.000",,other-invested-asset,"7,266,933",full-range-schedule-ba-parser-row-visible,repeatable named Schedule BA detail row,"raw row population; Part 1/2/3 layouts differ, blanks are preserved, and row-level numeric columns are not promoted to cash or return proof"
CFAASBAFR-00109,Schedule BA Part 1,year-end-owned-assets,5823,12803R-AK-0,"CABKSM V4.634 7/3/29 144A ........................ .......... ...................................... ..................... AltsCo LT Addition .......................... ......... .......... .......... ......... ....... ....... ................... ................... ........2,737,948 ................... ................. ................. ................. ................. ................. ................. ......0.000",,other-invested-asset,"2,737,948",full-range-schedule-ba-parser-row-visible,repeatable named Schedule BA detail row,"raw row population; Part 1/2/3 layouts differ, blanks are preserved, and row-level numeric columns are not promoted to cash or return proof"
CFAASBAFR-00110,Schedule BA Part 1,year-end-owned-assets,5823,314382-AA-0,"CEG 3.046 01/31/27 ................................. .......... ...................................... ..................... AltsCo LT Addition .......................... ......... .......... .......... ......... ....... ....... ................... ................... ........4,998,085 ................... ................. ................. ................. ................. ................. ................. ......0.000",,other-invested-asset,"4,998,085",full-range-schedule-ba-parser-row-visible,repeatable named Schedule BA detail row,"raw row population; Part 1/2/3 layouts differ, blanks are preserved, and row-level numeric columns are not promoted to cash or return proof"
CFAASBAFR-00111,Schedule BA Part 1,year-end-owned-assets,5823,156940-AA-6,"CERB 2023-4A A ....................................... .......... ...................................... ..................... AltsCo LT Addition .......................... ......... .......... .......... ......... ....... ....... ................... ................... ........8,535,400 ................... ................. ................. ................. ................. ................. ................. ......0.000",,other-invested-asset,"8,535,400",full-range-schedule-ba-parser-row-visible,repeatable named Schedule BA detail row,"raw row population; Part 1/2/3 layouts differ, blanks are preserved, and row-level numeric columns are not promoted to cash or return proof"
CFAASBAFR-00112,Schedule BA Part 1,year-end-owned-assets,5823,15674D-AA-2,"CERB 2023-5A A ....................................... .......... ...................................... ..................... AltsCo LT Addition .......................... ......... .......... .......... ......... ....... ....... ................... ................... ....... 4,386,167 ................... ................. ................. ................. ................. ................. ................. ......0.000",,other-invested-asset,"4,386,167",full-range-schedule-ba-parser-row-visible,repeatable named Schedule BA detail row,"raw row population; Part 1/2/3 layouts differ, blanks are preserved, and row-level numeric columns are not promoted to cash or return proof"
CFAASBAFR-00113,Schedule BA Part 1,year-end-owned-assets,5823,15675B-AA-5,"CERB 2024-2A A ....................................... .......... ...................................... ..................... AltsCo LT Addition .......................... ......... .......... .......... ......... ....... ....... ................... ................... ........1,350,496 ................... ................. ................. ................. ................. ................. ................. ......0.000",,other-invested-asset,"1,350,496",full-range-schedule-ba-parser-row-visible,repeatable named Schedule BA detail row,"raw row population; Part 1/2/3 layouts differ, blanks are preserved, and row-level numeric columns are not promoted to cash or return proof"
CFAASBAFR-00114,Schedule BA Part 1,year-end-owned-assets,5823,143111-AL-6,"CGMS 2022-3A AR ..................................... .......... ...................................... ..................... AltsCo LT Addition .......................... ......... .......... .......... ......... ....... ....... ................... ................... ........2,872,390 ................... ................. ................. ................. ................. ................. ................. ......0.000",,other-invested-asset,"2,872,390",full-range-schedule-ba-parser-row-visible,repeatable named Schedule BA detail row,"raw row population; Part 1/2/3 layouts differ, blanks are preserved, and row-level numeric columns are not promoted to cash or return proof"
CFAASBAFR-00115,Schedule BA Part 1,year-end-owned-assets,5823,171512-AQ-9,"CHMML 2019-1A AR .................................... .......... ...................................... ..................... AltsCo LT Addition .......................... ......... .......... .......... ......... ....... ....... ................... ................... ........2,288,291 ................... ................. ................. ................. ................. ................. ................. ......0.000",,other-invested-asset,"2,288,291",full-range-schedule-ba-parser-row-visible,repeatable named Schedule BA detail row,"raw row population; Part 1/2/3 layouts differ, blanks are preserved, and row-level numeric columns are not promoted to cash or return proof"
CFAASBAFR-00116,Schedule BA Part 1,year-end-owned-assets,5823,17151L-AC-8,"CHMML 2023-2A A1 .................................... .......... ...................................... ..................... AltsCo LT Addition .......................... ......... .......... .......... ......... ....... ....... ................... ................... ........5,916,179 ................... ................. ................. ................. ................. ................. ................. ......0.000",,other-invested-asset,"5,916,179",full-range-schedule-ba-parser-row-visible,repeatable named Schedule BA detail row,"raw row population; Part 1/2/3 layouts differ, blanks are preserved, and row-level numeric columns are not promoted to cash or return proof"
CFAASBAFR-00117,Schedule BA Part 1,year-end-owned-assets,5823,161175-BJ-2,"CHTR 3.75 02/15/28 ................................. .......... ...................................... ..................... AltsCo LT Addition .......................... ......... .......... .......... ......... ....... ....... ................... ................... ........3,906,398 ................... ................. ................. ................. ................. ................. ................. ......0.000",,other-invested-asset,"3,906,398",full-range-schedule-ba-parser-row-visible,repeatable named Schedule BA detail row,"raw row population; Part 1/2/3 layouts differ, blanks are preserved, and row-level numeric columns are not promoted to cash or return proof"
CFAASBAFR-00118,Schedule BA Part 1,year-end-owned-assets,5823,224044-CR-6,"COXENT 5.45 09/15/28 144A ........................ .......... ...................................... ..................... AltsCo LT Addition .......................... ......... .......... .......... ......... ....... ....... ................... ................... ........5,704,756 ................... ................. ................. ................. ................. ................. ................. ......0.000",,other-invested-asset,"5,704,756",full-range-schedule-ba-parser-row-visible,repeatable named Schedule BA detail row,"raw row population; Part 1/2/3 layouts differ, blanks are preserved, and row-level numeric columns are not promoted to cash or return proof"
CFAASBAFR-00119,Schedule BA Part 1,year-end-owned-assets,5823,21871X-AD-1,"CRBG 3.65 04/05/27 ................................. .......... ...................................... ..................... AltsCo LT Addition .......................... ......... .......... .......... ......... ....... ....... ................... ................... ........5,702,609 ................... ................. ................. ................. ................. ................. ................. ......0.000",,other-invested-asset,"5,702,609",full-range-schedule-ba-parser-row-visible,repeatable named Schedule BA detail row,"raw row population; Part 1/2/3 layouts differ, blanks are preserved, and row-level numeric columns are not promoted to cash or return proof"
CFAASBAFR-00120,Schedule BA Part 1,year-end-owned-assets,5823,22966R-AD-8,"CUBE 3.125 09/01/26 ................................ .......... ...................................... ..................... AltsCo LT Addition .......................... ......... .......... .......... ......... ....... ....... ................... ................... ........3,533,554 ................... ................. ................. ................. ................. ................. ................. ......0.000",,other-invested-asset,"3,533,554",full-range-schedule-ba-parser-row-visible,repeatable named Schedule BA detail row,"raw row population; Part 1/2/3 layouts differ, blanks are preserved, and row-level numeric columns are not promoted to cash or return proof"
CFAASBAFR-00121,Schedule BA Part 1,year-end-owned-assets,5823,25160P-AH-0,"DB V2.552 01/07/28 ................................. .......... ...................................... ..................... AltsCo LT Addition .......................... ......... .......... .......... ......... ....... ....... ................... ................... ...... 12,805,210 ................... ................. ................. ................. ................. ................. ................. ......0.000",,other-invested-asset,"12,805,210",full-range-schedule-ba-parser-row-visible,repeatable named Schedule BA detail row,"raw row population; Part 1/2/3 layouts differ, blanks are preserved, and row-level numeric columns are not promoted to cash or return proof"
CFAASBAFR-00122,Schedule BA Part 1,year-end-owned-assets,5823,25255N-AQ-1,"DCLO 2022-4A A1R .................................... .......... ...................................... ..................... AltsCo LT Addition .......................... ......... .......... .......... ......... ....... ....... ................... ................... ..........892,446 ................... ................. ................. ................. ................. ................. ................. ......0.000",,other-invested-asset,"892,446",full-range-schedule-ba-parser-row-visible,repeatable named Schedule BA detail row,"raw row population; Part 1/2/3 layouts differ, blanks are preserved, and row-level numeric columns are not promoted to cash or return proof"
CFAASBAFR-00123,Schedule BA Part 1,year-end-owned-assets,5823,25389J-AV-8,"DLR 5.55 01/15/28 ................................... .......... ...................................... ..................... AltsCo LT Addition .......................... ......... .......... .......... ......... ....... ....... ................... ................... ....... 1,657,760 ................... ................. ................. ................. ................. ................. ................. ......0.000",,other-invested-asset,"1,657,760",full-range-schedule-ba-parser-row-visible,repeatable named Schedule BA detail row,"raw row population; Part 1/2/3 layouts differ, blanks are preserved, and row-level numeric columns are not promoted to cash or return proof"
CFAASBAFR-00124,Schedule BA Part 1,year-end-owned-assets,5823,26246E-AL-2,"DRSLF 2020-83A AR ................................... .......... ...................................... ..................... AltsCo LT Addition .......................... ......... .......... .......... ......... ....... ....... ................... ................... ........2,876,242 ................... ................. ................. ................. ................. ................. ................. ......0.000",,other-invested-asset,"2,876,242",full-range-schedule-ba-parser-row-visible,repeatable named Schedule BA detail row,"raw row population; Part 1/2/3 layouts differ, blanks are preserved, and row-level numeric columns are not promoted to cash or return proof"
CFAASBAFR-00125,Schedule BA Part 1,year-end-owned-assets,5823,29278G-AA-6,"ENELIM 3.625 5/25/27 144A ........................ .......... ...................................... ..................... AltsCo LT Addition .......................... ......... .......... .......... ......... ....... ....... ................... ................... ........4,689,852 ................... ................. ................. ................. ................. ................. ................. ......0.000",,other-invested-asset,"4,689,852",full-range-schedule-ba-parser-row-visible,repeatable named Schedule BA detail row,"raw row population; Part 1/2/3 layouts differ, blanks are preserved, and row-level numeric columns are not promoted to cash or return proof"
CFAASBAFR-00126,Schedule BA Part 1,year-end-owned-assets,5823,226373-AR-9,"ET 6 02/01/29 144A ................................. .......... ...................................... ..................... AltsCo LT Addition .......................... ......... .......... .......... ......... ....... ....... ................... ................... ........3,409,372 ................... ................. ................. ................. ................. ................. ................. ......0.000",,other-invested-asset,"3,409,372",full-range-schedule-ba-parser-row-visible,repeatable named Schedule BA detail row,"raw row population; Part 1/2/3 layouts differ, blanks are preserved, and row-level numeric columns are not promoted to cash or return proof"
CFAASBAFR-00127,Schedule BA Part 1,year-end-owned-assets,5823,30037F-AA-8,"EVRG 5.15 12/15/27 144A ........................... .......... ...................................... ..................... AltsCo LT Addition .......................... ......... .......... .......... ......... ....... ....... ................... ................... ....... 4,126,807 ................... ................. ................. ................. ................. ................. ................. ......0.000",,other-invested-asset,"4,126,807",full-range-schedule-ba-parser-row-visible,repeatable named Schedule BA detail row,"raw row population; Part 1/2/3 layouts differ, blanks are preserved, and row-level numeric columns are not promoted to cash or return proof"
CFAASBAFR-00128,Schedule BA Part 1,year-end-owned-assets,5823,34966G-AA-3,"FCBSL 2024-2A A ..................................... .......... ...................................... ..................... AltsCo LT Addition .......................... ......... .......... .......... ......... ....... ....... ................... ................... ...... 13,315,944 ................... ................. ................. ................. ................. ................. ................. ......0.000",,other-invested-asset,"13,315,944",full-range-schedule-ba-parser-row-visible,repeatable named Schedule BA detail row,"raw row population; Part 1/2/3 layouts differ, blanks are preserved, and row-level numeric columns are not promoted to cash or return proof"
CFAASBAFR-00129,Schedule BA Part 1,year-end-owned-assets,5823,34966Q-AA-1,"FCO 2024-25A A1T .................................... .......... ...................................... ..................... AltsCo LT Addition .......................... ......... .......... .......... ......... ....... ....... ................... ................... ...... 11,933,474 ................... ................. ................. ................. ................. ................. ................. ......0.000",,other-invested-asset,"11,933,474",full-range-schedule-ba-parser-row-visible,repeatable named Schedule BA detail row,"raw row population; Part 1/2/3 layouts differ, blanks are preserved, and row-level numeric columns are not promoted to cash or return proof"
CFAASBAFR-00130,Schedule BA Part 1,year-end-owned-assets,5823,708696-BY-4,"FE 3.25 03/15/28 144A .............................. .......... ...................................... ..................... AltsCo LT Addition .......................... ......... .......... .......... ......... ....... ....... ................... ................... ....... 2,656,118 ................... ................. ................. ................. ................. ................. ................. ......0.000",,other-invested-asset,"2,656,118",full-range-schedule-ba-parser-row-visible,repeatable named Schedule BA detail row,"raw row population; Part 1/2/3 layouts differ, blanks are preserved, and row-level numeric columns are not promoted to cash or return proof"
CFAASBAFR-00131,Schedule BA Part 1,year-end-owned-assets,5823,38181C-AA-2,"GBDC4 2025-1A A1 .................................... .......... ...................................... ..................... AltsCo LT Addition .......................... ......... .......... .......... ......... ....... ....... ................... ................... ...... 13,500,565 ................... ................. ................. ................. ................. ................. ................. ......0.000",,other-invested-asset,"13,500,565",full-range-schedule-ba-parser-row-visible,repeatable named Schedule BA detail row,"raw row population; Part 1/2/3 layouts differ, blanks are preserved, and row-level numeric columns are not promoted to cash or return proof"
CFAASBAFR-00132,Schedule BA Part 1,year-end-owned-assets,5823,36143L-2N-4,"GBLATL 4.4 09/23/27 144A .......................... .......... ...................................... ..................... AltsCo LT Addition .......................... ......... .......... .......... ......... ....... ....... ................... ................... ...... 15,728,569 ................... ................. ................. ................. ................. ................. ................. ......0.000",,other-invested-asset,"15,728,569",full-range-schedule-ba-parser-row-visible,repeatable named Schedule BA detail row,"raw row population; Part 1/2/3 layouts differ, blanks are preserved, and row-level numeric columns are not promoted to cash or return proof"
CFAASBAFR-00133,Schedule BA Part 1,year-end-owned-assets,5823,381941-AA-1,"GCBSL 2024-72A A .................................... .......... ...................................... ..................... AltsCo LT Addition .......................... ......... .......... .......... ......... ....... ....... ................... ................... ....... 6,875,977 ................... ................. ................. ................. ................. ................. ................. ......0.000",,other-invested-asset,"6,875,977",full-range-schedule-ba-parser-row-visible,repeatable named Schedule BA detail row,"raw row population; Part 1/2/3 layouts differ, blanks are preserved, and row-level numeric columns are not promoted to cash or return proof"
CFAASBAFR-00134,Schedule BA Part 1,year-end-owned-assets,5823,378272-BR-8,"GLENLN 5.338 04/04/27 144 ........................ .......... ...................................... ..................... AltsCo LT Addition .......................... ......... .......... .......... ......... ....... ....... ................... ................... ..........821,991 ................... ................. ................. ................. ................. ................. ................. ......0.000",,other-invested-asset,"821,991",full-range-schedule-ba-parser-row-visible,repeatable named Schedule BA detail row,"raw row population; Part 1/2/3 layouts differ, blanks are preserved, and row-level numeric columns are not promoted to cash or return proof"
CFAASBAFR-00135,Schedule BA Part 1,year-end-owned-assets,5823,378272-AQ-1,"GLENLN3.875 10/27/27 144 .......................... .......... ...................................... ..................... AltsCo LT Addition .......................... ......... .......... .......... ......... ....... ....... ................... ................... ..........990,978 ................... ................. ................. ................. ................. ................. ................. ......0.000",,other-invested-asset,"990,978",full-range-schedule-ba-parser-row-visible,repeatable named Schedule BA detail row,"raw row population; Part 1/2/3 layouts differ, blanks are preserved, and row-level numeric columns are not promoted to cash or return proof"
CFAASBAFR-00136,Schedule BA Part 1,year-end-owned-assets,5823,38139M-AC-9,"GLM 2024-20A A ...................................... .......... ...................................... ..................... AltsCo LT Addition .......................... ......... .......... .......... ......... ....... ....... ................... ................... ..........947,027 ................... ................. ................. ................. ................. ................. ................. ......0.000",,other-invested-asset,"947,027",full-range-schedule-ba-parser-row-visible,repeatable named Schedule BA detail row,"raw row population; Part 1/2/3 layouts differ, blanks are preserved, and row-level numeric columns are not promoted to cash or return proof"
CFAASBAFR-00137,Schedule BA Part 1,year-end-owned-assets,5823,370918-AA-2,"GNRT 2023-13A A1 .................................... .......... ...................................... ..................... AltsCo LT Addition .......................... ......... .......... .......... ......... ....... ....... ................... ................... ........3,759,546 ................... ................. ................. ................. ................. ................. ................. ......0.000",,other-invested-asset,"3,759,546",full-range-schedule-ba-parser-row-visible,repeatable named Schedule BA detail row,"raw row population; Part 1/2/3 layouts differ, blanks are preserved, and row-level numeric columns are not promoted to cash or return proof"
CFAASBAFR-00138,Schedule BA Part 1,year-end-owned-assets,5823,37147X-AA-1,"GNRT 2024-15A A ..................................... .......... ...................................... ..................... AltsCo LT Addition .......................... ......... .......... .......... ......... ....... ....... ................... ................... ........1,314,894 ................... ................. ................. ................. ................. ................. ................. ......0.000",,other-invested-asset,"1,314,894",full-range-schedule-ba-parser-row-visible,repeatable named Schedule BA detail row,"raw row population; Part 1/2/3 layouts differ, blanks are preserved, and row-level numeric columns are not promoted to cash or return proof"
CFAASBAFR-00139,Schedule BA Part 1,year-end-owned-assets,5823,38180J-AA-8,"GOCAP 2016-31A A1RR ................................ .......... ...................................... ..................... AltsCo LT Addition .......................... ......... .......... .......... ......... ....... ....... ................... ................... ........5,402,870 ................... ................. ................. ................. ................. ................. ................. ......0.000",,other-invested-asset,"5,402,870",full-range-schedule-ba-parser-row-visible,repeatable named Schedule BA detail row,"raw row population; Part 1/2/3 layouts differ, blanks are preserved, and row-level numeric columns are not promoted to cash or return proof"
CFAASBAFR-00140,Schedule BA Part 1,year-end-owned-assets,5823,38180N-AA-9,"GOCAP 2019-44A A1R ................................. .......... ...................................... ..................... AltsCo LT Addition .......................... ......... .......... .......... ......... ....... ....... ................... ................... ...... 19,872,042 ................... ................. ................. ................. ................. ................. ................. ......0.000",,other-invested-asset,"19,872,042",full-range-schedule-ba-parser-row-visible,repeatable named Schedule BA detail row,"raw row population; Part 1/2/3 layouts differ, blanks are preserved, and row-level numeric columns are not promoted to cash or return proof"
CFAASBAFR-00141,Schedule BA Part 1,year-end-owned-assets,5823,38181H-AC-7,"GOCAP 2020-49A A1R2 ................................ .......... ...................................... ..................... AltsCo LT Addition .......................... ......... .......... .......... ......... ....... ....... ................... ................... ........5,680,590 ................... ................. ................. ................. ................. ................. ................. ......0.000",,other-invested-asset,"5,680,590",full-range-schedule-ba-parser-row-visible,repeatable named Schedule BA detail row,"raw row population; Part 1/2/3 layouts differ, blanks are preserved, and row-level numeric columns are not promoted to cash or return proof"
CFAASBAFR-00142,Schedule BA Part 1,year-end-owned-assets,5823,38179P-AA-7,"GOCAP 2023-67A A1 ................................... .......... ...................................... ..................... AltsCo LT Addition .......................... ......... .......... .......... ......... ....... ....... ................... ................... ......10,831,615 ................... ................. ................. ................. ................. ................. ................. ......0.000",,other-invested-asset,"10,831,615",full-range-schedule-ba-parser-row-visible,repeatable named Schedule BA detail row,"raw row population; Part 1/2/3 layouts differ, blanks are preserved, and row-level numeric columns are not promoted to cash or return proof"
CFAASBAFR-00143,Schedule BA Part 1,year-end-owned-assets,5823,38179N-AB-0,"GOCAP 2024-71A A .................................... .......... ...................................... ..................... AltsCo LT Addition .......................... ......... .......... .......... ......... ....... ....... ................... ................... ..........997,281 ................... ................. ................. ................. ................. ................. ................. ......0.000",,other-invested-asset,"997,281",full-range-schedule-ba-parser-row-visible,repeatable named Schedule BA detail row,"raw row population; Part 1/2/3 layouts differ, blanks are preserved, and row-level numeric columns are not promoted to cash or return proof"
CFAASBAFR-00144,Schedule BA Part 1,year-end-owned-assets,5823,38141G-YG-3,"GS V1.542 09/10/27 ................................. .......... ...................................... ..................... AltsCo LT Addition .......................... ......... .......... .......... ......... ....... ....... ................... ................... ........5,244,002 ................... ................. ................. ................. ................. ................. ................. ......0.000 E07.10",,other-invested-asset,"5,244,002",full-range-schedule-ba-parser-row-visible,repeatable named Schedule BA detail row,"raw row population; Part 1/2/3 layouts differ, blanks are preserved, and row-level numeric columns are not promoted to cash or return proof"
CFAASBAFR-00145,Schedule BA Part 1,year-end-owned-assets,5824,40440V-AH-8,"HLEND 5.45 01/14/28 ................................ .......... ...................................... ..................... AltsCo LT Addition .......................... ......... .......... .......... ......... ....... ....... ................... ................... ........1,228,281 ................... ................. ................. ................. ................. ................. ................. ......0.000",,other-invested-asset,"1,228,281",full-range-schedule-ba-parser-row-visible,repeatable named Schedule BA detail row,"raw row population; Part 1/2/3 layouts differ, blanks are preserved, and row-level numeric columns are not promoted to cash or return proof"
CFAASBAFR-00146,Schedule BA Part 1,year-end-owned-assets,5824,442918-AA-6,"HLM 2025-25A A ....................................... .......... ...................................... ..................... AltsCo LT Addition .......................... ......... .......... .......... ......... ....... ....... ................... ................... ...... 10,151,735 ................... ................. ................. ................. ................. ................. ................. ......0.000",,other-invested-asset,"10,151,735",full-range-schedule-ba-parser-row-visible,repeatable named Schedule BA detail row,"raw row population; Part 1/2/3 layouts differ, blanks are preserved, and row-level numeric columns are not promoted to cash or return proof"
CFAASBAFR-00147,Schedule BA Part 1,year-end-owned-assets,5824,44328J-AV-3,"HPSPR 2023-1A A1R ................................... .......... ...................................... ..................... AltsCo LT Addition .......................... ......... .......... .......... ......... ....... ....... ................... ................... ...... 11,537,906 ................... ................. ................. ................. ................. ................. ................. ......0.000",,other-invested-asset,"11,537,906",full-range-schedule-ba-parser-row-visible,repeatable named Schedule BA detail row,"raw row population; Part 1/2/3 layouts differ, blanks are preserved, and row-level numeric columns are not promoted to cash or return proof"
CFAASBAFR-00148,Schedule BA Part 1,year-end-owned-assets,5824,40445Y-AA-2,"HPSPR 2025-3A A1 .................................... .......... ...................................... ..................... AltsCo LT Addition .......................... ......... .......... .......... ......... ....... ....... ................... ................... ....... 1,640,190 ................... ................. ................. ................. ................. ................. ................. ......0.000",,other-invested-asset,"1,640,190",full-range-schedule-ba-parser-row-visible,repeatable named Schedule BA detail row,"raw row population; Part 1/2/3 layouts differ, blanks are preserved, and row-level numeric columns are not promoted to cash or return proof"
CFAASBAFR-00149,Schedule BA Part 1,year-end-owned-assets,5824,46603P-AL-2,"IVYH 18A A1R ......................................... .......... ...................................... ..................... AltsCo LT Addition .......................... ......... .......... .......... ......... ....... ....... ................... ................... ........4,726,279 ................... ................. ................. ................. ................. ................. ................. ......0.000",,other-invested-asset,"4,726,279",full-range-schedule-ba-parser-row-visible,repeatable named Schedule BA detail row,"raw row population; Part 1/2/3 layouts differ, blanks are preserved, and row-level numeric columns are not promoted to cash or return proof"
CFAASBAFR-00150,Schedule BA Part 1,year-end-owned-assets,5824,46604C-AL-0,"IVYH 20A A1R ......................................... .......... ...................................... ..................... AltsCo LT Addition .......................... ......... .......... .......... ......... ....... ....... ................... ................... ........9,094,186 ................... ................. ................. ................. ................. ................. ................. ......0.000",,other-invested-asset,"9,094,186",full-range-schedule-ba-parser-row-visible,repeatable named Schedule BA detail row,"raw row population; Part 1/2/3 layouts differ, blanks are preserved, and row-level numeric columns are not promoted to cash or return proof"
CFAASBAFR-00151,Schedule BA Part 1,year-end-owned-assets,5824,46604E-AU-6,"IVYH 9A A1R3 ......................................... .......... ...................................... ..................... AltsCo LT Addition .......................... ......... .......... .......... ......... ....... ....... ................... ................... ........2,023,942 ................... ................. ................. ................. ................. ................. ................. ......0.000",,other-invested-asset,"2,023,942",full-range-schedule-ba-parser-row-visible,repeatable named Schedule BA detail row,"raw row population; Part 1/2/3 layouts differ, blanks are preserved, and row-level numeric columns are not promoted to cash or return proof"
CFAASBAFR-00152,Schedule BA Part 1,year-end-owned-assets,5824,46647P-DA-1,"JPM V4.323 04/26/28 ................................ .......... ...................................... ..................... AltsCo LT Addition .......................... ......... .......... .......... ......... ....... ....... ................... ................... ....... 5,418,608 ................... ................. ................. ................. ................. ................. ................. ......0.000",,other-invested-asset,"5,418,608",full-range-schedule-ba-parser-row-visible,repeatable named Schedule BA detail row,"raw row population; Part 1/2/3 layouts differ, blanks are preserved, and row-level numeric columns are not promoted to cash or return proof"
CFAASBAFR-00153,Schedule BA Part 1,year-end-owned-assets,5824,48255U-AJ-3,"KKR 2022-43A A1R .................................... .......... ...................................... ..................... AltsCo LT Addition .......................... ......... .......... .......... ......... ....... ....... ................... ................... ....... 3,758,678 ................... ................. ................. ................. ................. ................. ................. ......0.000",,other-invested-asset,"3,758,678",full-range-schedule-ba-parser-row-visible,repeatable named Schedule BA detail row,"raw row population; Part 1/2/3 layouts differ, blanks are preserved, and row-level numeric columns are not promoted to cash or return proof"
CFAASBAFR-00154,Schedule BA Part 1,year-end-owned-assets,5824,48257F-AA-3,"KKR 2025-55A A1 ..................................... .......... ...................................... ..................... AltsCo LT Addition .......................... ......... .......... .......... ......... ....... ....... ................... ................... ....... 1,986,657 ................... ................. ................. ................. ................. ................. ................. ......0.000",,other-invested-asset,"1,986,657",full-range-schedule-ba-parser-row-visible,repeatable named Schedule BA detail row,"raw row population; Part 1/2/3 layouts differ, blanks are preserved, and row-level numeric columns are not promoted to cash or return proof"
CFAASBAFR-00155,Schedule BA Part 1,year-end-owned-assets,5824,1BAN0F-SW-P,"Leann Sellers Grady County (Woodford- Scoop) Royalties ............................................. .......... Chickasha ........................... ......... OK......... Leann Fisher Sellers ....................... ......... .......... ....11/30/2016 ... ....... ....... ..........445,138 ..........463,274 ..........463,274 .............9,471 ................. ................. ................. ................. .........52,919 ................. ...100.000",,other-invested-asset,"445,138; 463,274; 463,274; 9,471; 52,919",full-range-schedule-ba-parser-row-visible,repeatable named Schedule BA detail row,"raw row population; Part 1/2/3 layouts differ, blanks are preserved, and row-level numeric columns are not promoted to cash or return proof"
CFAASBAFR-00156,Schedule BA Part 1,year-end-owned-assets,5824,539439-AX-7,"LLOYDS V5.871 03/06/29 ............................ .......... ...................................... ..................... AltsCo LT Addition .......................... ......... .......... .......... ......... ....... ....... ................... ................... ........4,339,075 ................... ................. ................. ................. ................. ................. ................. ......0.000",,other-invested-asset,"4,339,075",full-range-schedule-ba-parser-row-visible,repeatable named Schedule BA detail row,"raw row population; Part 1/2/3 layouts differ, blanks are preserved, and row-level numeric columns are not promoted to cash or return proof"
CFAASBAFR-00157,Schedule BA Part 1,year-end-owned-assets,5824,55952E-AA-9,"MAGNE 2024-38A A1 ................................... .......... ...................................... ..................... AltsCo LT Addition .......................... ......... .......... .......... ......... ....... ....... ................... ................... ........1,153,485 ................... ................. ................. ................. ................. ................. ................. ......0.000",,other-invested-asset,"1,153,485",full-range-schedule-ba-parser-row-visible,repeatable named Schedule BA detail row,"raw row population; Part 1/2/3 layouts differ, blanks are preserved, and row-level numeric columns are not promoted to cash or return proof"
CFAASBAFR-00158,Schedule BA Part 1,year-end-owned-assets,5824,55821Y-AA-4,"MDPK 2024-67A A1 .................................... .......... ...................................... ..................... AltsCo LT Addition .......................... ......... .......... .......... ......... ....... ....... ................... ................... ........7,657,903 ................... ................. ................. ................. ................. ................. ................. ......0.000",,other-invested-asset,"7,657,903",full-range-schedule-ba-parser-row-visible,repeatable named Schedule BA detail row,"raw row population; Part 1/2/3 layouts differ, blanks are preserved, and row-level numeric columns are not promoted to cash or return proof"
CFAASBAFR-00159,Schedule BA Part 1,year-end-owned-assets,5824,1BA211-30-4,Mp - Waters Edge Mezzanine LLC .................. .......... ...................................... ..................... Mp - Waters Edge Mezzanine LLC .......... ......... .......... ....01/23/2013 ... ....... ....... ..................1 ..................1 ..................1 ................... ................. ................. ................. ................. ................. ................. ......0.000,,fund-partnership-or-private-asset,,full-range-schedule-ba-parser-row-visible,repeatable named Schedule BA detail row,"raw row population; Part 1/2/3 layouts differ, blanks are preserved, and row-level numeric columns are not promoted to cash or return proof"
CFAASBAFR-00160,Schedule BA Part 1,year-end-owned-assets,5824,55336V-BN-9,"MPLX 4.25 12/01/27 ................................. .......... ...................................... ..................... AltsCo LT Addition .......................... ......... .......... .......... ......... ....... ....... ................... ................... ........6,955,966 ................... ................. ................. ................. ................. ................. ................. ......0.000 61776N-VE-0 . MS V4.466 07/06/28 * ............................... .......... ...................................... ..................... AltsCo LT Addition .......................... ......... .......... .......... ......... ....... ....... ................... ................... ...... 16,375,233 ................... ................. ................. ................. ................. ................. ................. ......0.000",,other-invested-asset,"6,955,966; 16,375,233",full-range-schedule-ba-parser-row-visible,repeatable named Schedule BA detail row,"raw row population; Part 1/2/3 layouts differ, blanks are preserved, and row-level numeric columns are not promoted to cash or return proof"
CFAASBAFR-00161,Schedule BA Part 1,year-end-owned-assets,5824,49338C-AB-9,"NGGLN 2.742 08/15/26 144A ........................ .......... ...................................... ..................... AltsCo LT Addition .......................... ......... .......... .......... ......... ....... ....... ................... ................... ........1,598,922 ................... ................. ................. ................. ................. ................. ................. ......0.000",,other-invested-asset,"1,598,922",full-range-schedule-ba-parser-row-visible,repeatable named Schedule BA detail row,"raw row population; Part 1/2/3 layouts differ, blanks are preserved, and row-level numeric columns are not promoted to cash or return proof"
CFAASBAFR-00162,Schedule BA Part 1,year-end-owned-assets,5824,67706J-AA-2,"OAKC 2024-18A A1 .................................... .......... ...................................... ..................... AltsCo LT Addition .......................... ......... .......... .......... ......... ....... ....... ................... ................... ........4,905,700 ................... ................. ................. ................. ................. ................. ................. ......0.000",,other-invested-asset,"4,905,700",full-range-schedule-ba-parser-row-visible,repeatable named Schedule BA detail row,"raw row population; Part 1/2/3 layouts differ, blanks are preserved, and row-level numeric columns are not promoted to cash or return proof"
CFAASBAFR-00163,Schedule BA Part 1,year-end-owned-assets,5824,67403C-AA-3,"OAKCL 2024-26A A1 ................................... .......... ...................................... ..................... AltsCo LT Addition .......................... ......... .......... .......... ......... ....... ....... ................... ................... ..........673,944 ................... ................. ................. ................. ................. ................. ................. ......0.000",,other-invested-asset,"673,944",full-range-schedule-ba-parser-row-visible,repeatable named Schedule BA detail row,"raw row population; Part 1/2/3 layouts differ, blanks are preserved, and row-level numeric columns are not promoted to cash or return proof"
CFAASBAFR-00164,Schedule BA Part 1,year-end-owned-assets,5824,674436-AA-8,"OBRAC 2025-2A A1 .................................... .......... ...................................... ..................... AltsCo LT Addition .......................... ......... .......... .......... ......... ....... ....... ................... ................... ........1,367,484 ................... ................. ................. ................. ................. ................. ................. ......0.000",,other-invested-asset,"1,367,484",full-range-schedule-ba-parser-row-visible,repeatable named Schedule BA detail row,"raw row population; Part 1/2/3 layouts differ, blanks are preserved, and row-level numeric columns are not promoted to cash or return proof"
CFAASBAFR-00165,Schedule BA Part 1,year-end-owned-assets,5824,69120V-AF-8,"OCINCC 4.7 02/08/27 NEW ........................... .......... ...................................... ..................... AltsCo LT Addition .......................... ......... .......... .......... ......... ....... ....... ................... ................... ..........605,480 ................... ................. ................. ................. ................. ................. ................. ......0.000",,other-invested-asset,"605,480",full-range-schedule-ba-parser-row-visible,repeatable named Schedule BA detail row,"raw row population; Part 1/2/3 layouts differ, blanks are preserved, and row-level numeric columns are not promoted to cash or return proof"
CFAASBAFR-00166,Schedule BA Part 1,year-end-owned-assets,5824,67570A-AA-4,"OCP 2024-31A A1 ..................................... .......... ...................................... ..................... AltsCo LT Addition .......................... ......... .......... .......... ......... ....... ....... ................... ................... ....... 2,873,116 ................... ................. ................. ................. ................. ................. ................. ......0.000",,other-invested-asset,"2,873,116",full-range-schedule-ba-parser-row-visible,repeatable named Schedule BA detail row,"raw row population; Part 1/2/3 layouts differ, blanks are preserved, and row-level numeric columns are not promoted to cash or return proof"
CFAASBAFR-00167,Schedule BA Part 1,year-end-owned-assets,5824,67570C-AA-0,"OCP 2024-32A A1 ..................................... .......... ...................................... ..................... AltsCo LT Addition .......................... ......... .......... .......... ......... ....... ....... ................... ................... ........3,195,454 ................... ................. ................. ................. ................. ................. ................. ......0.000 671080-AA-7 . OCP 2024-33A A1 ..................................... .......... ...................................... ..................... AltsCo LT Addition .......................... ......... .......... .......... ......... ....... ....... ................... ................... ...... 14,472,030 ................... ................. ................. ................. ................. ................. ................. ......0.000",,other-invested-asset,"3,195,454; 14,472,030",full-range-schedule-ba-parser-row-visible,repeatable named Schedule BA detail row,"raw row population; Part 1/2/3 layouts differ, blanks are preserved, and row-level numeric columns are not promoted to cash or return proof"
CFAASBAFR-00168,Schedule BA Part 1,year-end-owned-assets,5824,67578F-AN-7,"OCT49 2020-5A AR .................................... .......... ...................................... ..................... AltsCo LT Addition .......................... ......... .......... .......... ......... ....... ....... ................... ................... ....... 7,168,882 ................... ................. ................. ................. ................. ................. ................. ......0.000",,other-invested-asset,"7,168,882",full-range-schedule-ba-parser-row-visible,repeatable named Schedule BA detail row,"raw row population; Part 1/2/3 layouts differ, blanks are preserved, and row-level numeric columns are not promoted to cash or return proof"
CFAASBAFR-00169,Schedule BA Part 1,year-end-owned-assets,5824,682680-CB-7,"OKE 4.25 09/24/27 ................................... .......... ...................................... ..................... AltsCo LT Addition .......................... ......... .......... .......... ......... ....... ....... ................... ................... ........3,886,350 ................... ................. ................. ................. ................. ................. ................. ......0.000",,other-invested-asset,"3,886,350",full-range-schedule-ba-parser-row-visible,repeatable named Schedule BA detail row,"raw row population; Part 1/2/3 layouts differ, blanks are preserved, and row-level numeric columns are not promoted to cash or return proof"
CFAASBAFR-00170,Schedule BA Part 1,year-end-owned-assets,5824,69120D-AA-9,"OR 2020-3A AR ........................................ .......... ...................................... ..................... AltsCo LT Addition .......................... ......... .......... .......... ......... ....... ....... ................... ................... ........8,357,321 ................... ................. ................. ................. ................. ................. ................. ......0.000",,other-invested-asset,"8,357,321",full-range-schedule-ba-parser-row-visible,repeatable named Schedule BA detail row,"raw row population; Part 1/2/3 layouts differ, blanks are preserved, and row-level numeric columns are not promoted to cash or return proof"
CFAASBAFR-00171,Schedule BA Part 1,year-end-owned-assets,5824,68389X-BM-6,"ORCL 2.65 07/15/26 ................................. .......... ...................................... ..................... AltsCo LT Addition .......................... ......... .......... .......... ......... ....... ....... ................... ................... ........4,053,094 ................... ................. ................. ................. ................. ................. ................. ......0.000",,other-invested-asset,"4,053,094",full-range-schedule-ba-parser-row-visible,repeatable named Schedule BA detail row,"raw row population; Part 1/2/3 layouts differ, blanks are preserved, and row-level numeric columns are not promoted to cash or return proof"
CFAASBAFR-00172,Schedule BA Part 1,year-end-owned-assets,5824,72132H-AL-6,"PIPK 2022-10A A1R ................................... .......... ...................................... ..................... AltsCo LT Addition .......................... ......... .......... .......... ......... ....... ....... ................... ................... ........6,825,507 ................... ................. ................. ................. ................. ................. ................. ......0.000",,other-invested-asset,"6,825,507",full-range-schedule-ba-parser-row-visible,repeatable named Schedule BA detail row,"raw row population; Part 1/2/3 layouts differ, blanks are preserved, and row-level numeric columns are not promoted to cash or return proof"
CFAASBAFR-00173,Schedule BA Part 1,year-end-owned-assets,5824,718172-CV-9,"PM 5.125 11/17/27 ................................... .......... ...................................... ..................... AltsCo LT Addition .......................... ......... .......... .......... ......... ....... ....... ................... ................... ........8,036,226 ................... ................. ................. ................. ................. ................. ................. ......0.000 1BA06E-YZ-1 . Red Cloud Royalties ................................ .......... Karnes ............................... ......... TX......... Red Cloud Ventures, LLC .................... ......... .......... ....09/15/2014 ... ....... ....... ........3,925,410 ........3,674,292 ........3,674,292 ..........(69,451) ................. ................. ................. ................. .....2,032,004 ................. ...100.000",,fund-partnership-or-private-asset,"8,036,226; 3,925,410; 3,674,292; 3,674,292; (69,451); 2,032,004",full-range-schedule-ba-parser-row-visible,repeatable named Schedule BA detail row,"raw row population; Part 1/2/3 layouts differ, blanks are preserved, and row-level numeric columns are not promoted to cash or return proof"
CFAASBAFR-00174,Schedule BA Part 1,year-end-owned-assets,5824,758970-AA-5,"REG27 2024-1A A1 .................................... .......... ...................................... ..................... AltsCo LT Addition .......................... ......... .......... .......... ......... ....... ....... ................... ................... ........3,581,925 ................... ................. ................. ................. ................. ................. ................. ......0.000",,other-invested-asset,"3,581,925",full-range-schedule-ba-parser-row-visible,repeatable named Schedule BA detail row,"raw row population; Part 1/2/3 layouts differ, blanks are preserved, and row-level numeric columns are not promoted to cash or return proof"
CFAASBAFR-00175,Schedule BA Part 1,year-end-owned-assets,5824,75901P-AA-4,"REG28 2024-2A A1 .................................... .......... ...................................... ..................... AltsCo LT Addition .......................... ......... .......... .......... ......... ....... ....... ................... ................... ........2,875,585 ................... ................. ................. ................. ................. ................. ................. ......0.000",,other-invested-asset,"2,875,585",full-range-schedule-ba-parser-row-visible,repeatable named Schedule BA detail row,"raw row population; Part 1/2/3 layouts differ, blanks are preserved, and row-level numeric columns are not promoted to cash or return proof"
CFAASBAFR-00176,Schedule BA Part 1,year-end-owned-assets,5824,76209P-AC-7,"RGA 6 11/21/28 144A ................................ .......... ...................................... ..................... AltsCo LT Addition .......................... ......... .......... .......... ......... ....... ....... ................... ................... ....... 1,744,788 ................... ................. ................. ................. ................. ................. ................. ......0.000",,other-invested-asset,"1,744,788",full-range-schedule-ba-parser-row-visible,repeatable named Schedule BA detail row,"raw row population; Part 1/2/3 layouts differ, blanks are preserved, and row-level numeric columns are not promoted to cash or return proof"
CFAASBAFR-00177,Schedule BA Part 1,year-end-owned-assets,5824,913017-CY-3,"RTX 4.125 11/16/28 ................................. .......... ...................................... ..................... AltsCo LT Addition .......................... ......... .......... .......... ......... ....... ....... ................... ................... ...... 10,149,038 ................... ................. ................. ................. ................. ................. ................. ......0.000",,other-invested-asset,"10,149,038",full-range-schedule-ba-parser-row-visible,repeatable named Schedule BA detail row,"raw row population; Part 1/2/3 layouts differ, blanks are preserved, and row-level numeric columns are not promoted to cash or return proof"
CFAASBAFR-00178,Schedule BA Part 1,year-end-owned-assets,5824,79587J-2B-8,"SAMMON 5.05 01/10/28 144A ........................ .......... ...................................... ..................... AltsCo LT Addition .......................... ......... .......... .......... ......... ....... ....... ................... ................... ........6,240,294 ................... ................. ................. ................. ................. ................. ................. ......0.000",,other-invested-asset,"6,240,294",full-range-schedule-ba-parser-row-visible,repeatable named Schedule BA detail row,"raw row population; Part 1/2/3 layouts differ, blanks are preserved, and row-level numeric columns are not promoted to cash or return proof"
CFAASBAFR-00179,Schedule BA Part 1,year-end-owned-assets,5824,05964H-BF-1,"SANTAN V5.365 07/15/28 * .......................... .......... ...................................... ..................... AltsCo LT Addition .......................... ......... .......... .......... ......... ....... ....... ................... ................... ....... 1,685,307 ................... ................. ................. ................. ................. ................. ................. ......0.000",,other-invested-asset,"1,685,307",full-range-schedule-ba-parser-row-visible,repeatable named Schedule BA detail row,"raw row population; Part 1/2/3 layouts differ, blanks are preserved, and row-level numeric columns are not promoted to cash or return proof"
CFAASBAFR-00180,Schedule BA Part 1,year-end-owned-assets,5824,83011Q-AA-3,"SIXST 2024-24A A .................................... .......... ...................................... ..................... AltsCo LT Addition .......................... ......... .......... .......... ......... ....... ....... ................... ................... ........3,054,029 ................... ................. ................. ................. ................. ................. ................. ......0.000",,other-invested-asset,"3,054,029",full-range-schedule-ba-parser-row-visible,repeatable named Schedule BA detail row,"raw row population; Part 1/2/3 layouts differ, blanks are preserved, and row-level numeric columns are not promoted to cash or return proof"
CFAASBAFR-00181,Schedule BA Part 1,year-end-owned-assets,5824,83368R-BC-5,"SOCGEN V1.792 06/09/27 14 ........................ .......... ...................................... ..................... AltsCo LT Addition .......................... ......... .......... .......... ......... ....... ....... ................... ................... ........1,596,311 ................... ................. ................. ................. ................. ................. ................. ......0.000",,other-invested-asset,"1,596,311",full-range-schedule-ba-parser-row-visible,repeatable named Schedule BA detail row,"raw row population; Part 1/2/3 layouts differ, blanks are preserved, and row-level numeric columns are not promoted to cash or return proof"
CFAASBAFR-00182,Schedule BA Part 1,year-end-owned-assets,5824,82809E-AA-8,"SPCLO 2024-4A A1 .................................... .......... ...................................... ..................... AltsCo LT Addition .......................... ......... .......... .......... ......... ....... ....... ................... ................... ....... 1,056,897 ................... ................. ................. ................. ................. ................. ................. ......0.000",,other-invested-asset,"1,056,897",full-range-schedule-ba-parser-row-visible,repeatable named Schedule BA detail row,"raw row population; Part 1/2/3 layouts differ, blanks are preserved, and row-level numeric columns are not promoted to cash or return proof"
CFAASBAFR-00183,Schedule BA Part 1,year-end-owned-assets,5824,82809X-AA-6,"SPCLO 2025-11A A1 ................................... .......... ...................................... ..................... AltsCo LT Addition .......................... ......... .......... .......... ......... ....... ....... ................... ................... ....... 7,048,719 ................... ................. ................. ................. ................. ................. ................. ......0.000 ................ Sprout Pref Equity ................................. .......... Wilmington .......................... ......... DE......... Sprout Holdings, LLC ....................... ......... .......... ....12/17/2021 ... ....... ....... ..........162,898 ..........162,898 ..........162,898 ................... ................. ................. ................. ................. ................. ................. ......0.000",,fund-partnership-or-private-asset,"7,048,719; 162,898; 162,898; 162,898",full-range-schedule-ba-parser-row-visible,repeatable named Schedule BA detail row,"raw row population; Part 1/2/3 layouts differ, blanks are preserved, and row-level numeric columns are not promoted to cash or return proof"
CFAASBAFR-00184,Schedule BA Part 1,year-end-owned-assets,5824,00206R-GL-0,"T 4.1 02/15/28 ...................................... .......... ...................................... ..................... AltsCo LT Addition .......................... ......... .......... .......... ......... ....... ....... ................... ................... ....... 8,718,458 ................... ................. ................. ................. ................. ................. ................. ......0.000",,other-invested-asset,"8,718,458",full-range-schedule-ba-parser-row-visible,repeatable named Schedule BA detail row,"raw row population; Part 1/2/3 layouts differ, blanks are preserved, and row-level numeric columns are not promoted to cash or return proof"
CFAASBAFR-00185,Schedule BA Part 1,year-end-owned-assets,5824,87264A-DA-0,"TMUS 4.8 07/15/28 ................................... .......... ...................................... ..................... AltsCo LT Addition .......................... ......... .......... .......... ......... ....... ....... ................... ................... ........3,353,109 ................... ................. ................. ................. ................. ................. ................. ......0.000",,other-invested-asset,"3,353,109",full-range-schedule-ba-parser-row-visible,repeatable named Schedule BA detail row,"raw row population; Part 1/2/3 layouts differ, blanks are preserved, and row-level numeric columns are not promoted to cash or return proof"
CFAASBAFR-00186,Schedule BA Part 1,year-end-owned-assets,5824,895285-10-4,Trenwick America LLC ............................... .......... Wilmington .......................... ......... DE......... ................................................. ......... .......... ....04/27/2011 ... ....... ....... ..................6 ..................6 ..................6 ................... ................. ................. ................. ................. ................. ................. ......0.000 E07.11,,fund-partnership-or-private-asset,,full-range-schedule-ba-parser-row-visible,repeatable named Schedule BA detail row,"raw row population; Part 1/2/3 layouts differ, blanks are preserved, and row-level numeric columns are not promoted to cash or return proof"
CFAASBAFR-00187,Schedule BA Part 1,year-end-owned-assets,5825,902613-AH-1,"UBS V1.494 08/10/27 144A .......................... .......... ...................................... ..................... AltsCo LT Addition .......................... ......... .......... .......... ......... ....... ....... ................... ................... ....... 1,587,889 ................... ................. ................. ................. ................. ................. ................. ......0.000",,other-invested-asset,"1,587,889",full-range-schedule-ba-parser-row-visible,repeatable named Schedule BA detail row,"raw row population; Part 1/2/3 layouts differ, blanks are preserved, and row-level numeric columns are not promoted to cash or return proof"
CFAASBAFR-00188,Schedule BA Part 1,year-end-owned-assets,5825,92920L-AN-7,"VOYA 2022-4A A1R .................................... .......... New York ............................ ..................... AltsCo LT Addition .......................... ......... .......... .......... ......... ....... ....... ................... ................... ........3,158,554 ................... ................. ................. ................. ................. ................. ................. ......0.000",,other-invested-asset,"3,158,554",full-range-schedule-ba-parser-row-visible,repeatable named Schedule BA detail row,"raw row population; Part 1/2/3 layouts differ, blanks are preserved, and row-level numeric columns are not promoted to cash or return proof"
CFAASBAFR-00189,Schedule BA Part 2,current-year-acquisitions-additions,5826,00455*-AA-8,"Ace Credit Fund LP ACE J59738 5.420% 04/01/69 ................................................ .................................................... .........IRL........ Direct ......................................................................................... ....10/01/2025 ... ....... ....... ................. 50,955,599 .............................. .............................. .................0.000",,fund-partnership-or-private-asset,"50,955,599",full-range-schedule-ba-parser-row-visible,repeatable named Schedule BA detail row,"raw row population; Part 1/2/3 layouts differ, blanks are preserved, and row-level numeric columns are not promoted to cash or return proof"
CFAASBAFR-00190,Schedule BA Part 2,current-year-acquisitions-additions,5826,00455*-AB-6,"Ace Credit Fund LP ACE J59738 5.460% 07/18/68 ............................................... .................................................... .........IRL........ Direct ......................................................................................... ....10/01/2025 ... ....... ....... .................37,389,504 .............................. .............................. .................0.000 ....................... AP Aristotle Holdings LLC ............................................................................ WIlmington ....................................... ......... DE......... Transfer from Schedule D .................................................................. ....01/01/2025 ... ....... ....... ..................6,500,000 .............................. .............................. .................0.000",,fund-partnership-or-private-asset,"37,389,504; 6,500,000",full-range-schedule-ba-parser-row-visible,repeatable named Schedule BA detail row,"raw row population; Part 1/2/3 layouts differ, blanks are preserved, and row-level numeric columns are not promoted to cash or return proof"
CFAASBAFR-00191,Schedule BA Part 2,current-year-acquisitions-additions,5826,00264#-AA-5,"AP Aristotle Holdings LLC Aristotle Junior 0% Perpe tual 0.000% 09/30/24 .............. WIlmington ....................................... ......... DE......... Tax Free Exchange ........................................................................... ....02/28/2025 ... ....... ....... .................16,122,455 .............................. .............................. .................0.000",,fund-partnership-or-private-asset,"16,122,455",full-range-schedule-ba-parser-row-visible,repeatable named Schedule BA detail row,"raw row population; Part 1/2/3 layouts differ, blanks are preserved, and row-level numeric columns are not promoted to cash or return proof"
CFAASBAFR-00192,Schedule BA Part 2,current-year-acquisitions-additions,5826,G2973#-AB-4,"AP Chia Issuer LLC AP Chia PERP NC10 JR Notes 0.0 00% 04/14/25 ........................... .................................................... .........CYM........ ................................................................................................. ....05/29/2025 ... ....... ....... .....................118,042 .............................. .............................. .................0.000",,fund-partnership-or-private-asset,"118,042",full-range-schedule-ba-parser-row-visible,repeatable named Schedule BA detail row,"raw row population; Part 1/2/3 layouts differ, blanks are preserved, and row-level numeric columns are not promoted to cash or return proof"
CFAASBAFR-00193,Schedule BA Part 2,current-year-acquisitions-additions,5826,G2971@-AA-0,"AP Pistachio LP Pistachio Jr Secured Perp Nts 0.0 00% 04/01/88 ........................... .................................................... .........CYM........ Transfer from Schedule D .................................................................. ....01/01/2025 ... ....... ....... ...................3,944,526 .............................. .............................. .................0.000",,fund-partnership-or-private-asset,"3,944,526",full-range-schedule-ba-parser-row-visible,repeatable named Schedule BA detail row,"raw row population; Part 1/2/3 layouts differ, blanks are preserved, and row-level numeric columns are not promoted to cash or return proof"
CFAASBAFR-00194,Schedule BA Part 2,current-year-acquisitions-additions,5826,90117P-AQ-8,"1211 Avenue of the Americas Tr AOTA 2015-1211 E 4 .142% 08/10/35 ........................ New York .......................................... ......... NY......... Transfer from Schedule D .................................................................. ....01/01/2025 ... ....... ....... .................85,314,737 .................. 2,765,585 .............................. .................0.000",,transferred-or-debt-style-asset,"85,314,737; 2,765,585",full-range-schedule-ba-parser-row-visible,repeatable named Schedule BA detail row,"raw row population; Part 1/2/3 layouts differ, blanks are preserved, and row-level numeric columns are not promoted to cash or return proof"
CFAASBAFR-00195,Schedule BA Part 2,current-year-acquisitions-additions,5826,04410R-AQ-9,"Ashford Hospitality Trust 2018 AHT1 2018-ASHF F 8 .022% 04/15/35 ........................ Dallas ............................................ ......... TX......... Transfer from Schedule D .................................................................. ....01/01/2025 ... ....... ....... .................46,589,145 .....................407,905 .............................. .................0.000",,structured-credit-or-real-estate,"46,589,145; 407,905",full-range-schedule-ba-parser-row-visible,repeatable named Schedule BA detail row,"raw row population; Part 1/2/3 layouts differ, blanks are preserved, and row-level numeric columns are not promoted to cash or return proof"
CFAASBAFR-00196,Schedule BA Part 2,current-year-acquisitions-additions,5826,61764B-AU-7,"Morgan Stanley Capital I Trust MSC 2014-150E G 4. 295% 09/09/32 .......................... New York .......................................... ......... NY......... Transfer from Schedule D .................................................................. ....01/01/2025 ... ....... ....... ................. 34,319,355 .................34,134,099 .............................. .................0.000",4.,structured-credit-or-real-estate,"34,319,355; 34,134,099",full-range-schedule-ba-parser-row-visible,repeatable named Schedule BA detail row,"raw row population; Part 1/2/3 layouts differ, blanks are preserved, and row-level numeric columns are not promoted to cash or return proof"
CFAASBAFR-00197,Schedule BA Part 2,current-year-acquisitions-additions,5826,L0009*-AB-4,"AP Dolphin (Luxembourg) S.a.r. AP Dolphin 4.750% 12/31/32 ................................ .................................................... .........LUX........ Transfer from Schedule D .................................................................. ....01/01/2025 ... ....... ....... .................33,967,353 .............................. .............................. .................0.000",,fund-partnership-or-private-asset,"33,967,353",full-range-schedule-ba-parser-row-visible,repeatable named Schedule BA detail row,"raw row population; Part 1/2/3 layouts differ, blanks are preserved, and row-level numeric columns are not promoted to cash or return proof"
CFAASBAFR-00198,Schedule BA Part 2,current-year-acquisitions-additions,5826,G2964#-AB-5,"AP Grange Holdings LLC AP Grange Tranche B 5.000% 03/20/45 ............................... New York .......................................... ......... NY......... Transfer from Schedule D .................................................................. ....01/01/2025 ... ....... ....... ................396,661,750 .................33,407,636 .............................. .................0.000",,fund-partnership-or-private-asset,"396,661,750; 33,407,636",full-range-schedule-ba-parser-row-visible,repeatable named Schedule BA detail row,"raw row population; Part 1/2/3 layouts differ, blanks are preserved, and row-level numeric columns are not promoted to cash or return proof"
CFAASBAFR-00199,Schedule BA Part 2,current-year-acquisitions-additions,5826,12592T-AQ-8,"COMM 2015-3BP Mortgage Trust ........................................................................ Chicago ........................................... ......... IL......... Purchase ....................................................................................... ....01/31/2025 ... ....... ....... .................60,861,899 .............................. .............................. .................0.000",,structured-credit-or-real-estate,"60,861,899",full-range-schedule-ba-parser-row-visible,repeatable named Schedule BA detail row,"raw row population; Part 1/2/3 layouts differ, blanks are preserved, and row-level numeric columns are not promoted to cash or return proof"
CFAASBAFR-00200,Schedule BA Part 2,current-year-acquisitions-additions,5826,03765#-AA-3,"Apollo Total Return Fund - Inv ..................................................................... Wilmington ....................................... ......... DE......... Transfer from Schedule D .................................................................. ....01/01/2025 ... ....... ....... ................180,064,552 .............................. .............................. .................0.000 ....................... Motive Capital Fund II-B, LP ........................................................................ Wilmington ....................................... ......... DE......... Motive Capital Fund II GP ................................................................. ....12/27/2022 ... ....... ....... .............................. .....................684,243 .............................. .................1.327",,fund-partnership-or-private-asset,"180,064,552; 684,243",full-range-schedule-ba-parser-row-visible,repeatable named Schedule BA detail row,"raw row population; Part 1/2/3 layouts differ, blanks are preserved, and row-level numeric columns are not promoted to cash or return proof"
CFAASBAFR-00201,Schedule BA Part 2,current-year-acquisitions-additions,5826,256141-AB-8,"Doctors Co An Interinsurance E Subordinated 4.500% 01/18/32 .............................. Napa ............................................... ......... CA......... Wells Fargo ................................................................................... ....01/12/2022 ... ....... ....... .............................. .................20,557,952 .............................. .................0.000",,addition-or-acquisition,"20,557,952",full-range-schedule-ba-parser-row-visible,repeatable named Schedule BA detail row,"raw row population; Part 1/2/3 layouts differ, blanks are preserved, and row-level numeric columns are not promoted to cash or return proof"
CFAASBAFR-00202,Schedule BA Part 2,current-year-acquisitions-additions,5826,29226R-AA-5,"Employers Mutual Casualty Co SUB 5.750% 08/20/39 ............................................ Des Moines ....................................... ......... IA......... ................................................................................................. ....05/17/2023 ... ....... ....... .............................. .................. 6,560,283 .............................. .................0.000",,addition-or-acquisition,"6,560,283",full-range-schedule-ba-parser-row-visible,repeatable named Schedule BA detail row,"raw row population; Part 1/2/3 layouts differ, blanks are preserved, and row-level numeric columns are not promoted to cash or return proof"
CFAASBAFR-00203,Schedule BA Part 2,current-year-acquisitions-additions,5826,30958Q-AA-9,"Farmers Exchange Capital III Subordinated 5.454% 10/15/54 ................................ Los Angeles ...................................... ......... CA......... ................................................................................................. ....08/30/2016 ... ....... ....... .............................. .................. 7,495,560 .............................. .................0.000",,addition-or-acquisition,"7,495,560",full-range-schedule-ba-parser-row-visible,repeatable named Schedule BA detail row,"raw row population; Part 1/2/3 layouts differ, blanks are preserved, and row-level numeric columns are not promoted to cash or return proof"
CFAASBAFR-00204,Schedule BA Part 2,current-year-acquisitions-additions,5826,309601-AE-2,"Farmers Insurance Exchange Subordinated 4.747% 11/01/57 ................................... Los Angeles ...................................... ......... CA......... ................................................................................................. ....10/10/2017 ... ....... ....... .............................. ..................4,000,000 .............................. .................0.000",,addition-or-acquisition,"4,000,000",full-range-schedule-ba-parser-row-visible,repeatable named Schedule BA detail row,"raw row population; Part 1/2/3 layouts differ, blanks are preserved, and row-level numeric columns are not promoted to cash or return proof"
CFAASBAFR-00205,Schedule BA Part 2,current-year-acquisitions-additions,5826,401378-AC-8,"Guardian Life Insurance Co of Subordinated 4.850% 01/24/77 ............................... New York .......................................... ......... NY......... ................................................................................................. ....01/17/2017 ... ....... ....... .............................. .................. 4,033,858 .............................. .................0.000",,addition-or-acquisition,"4,033,858",full-range-schedule-ba-parser-row-visible,repeatable named Schedule BA detail row,"raw row population; Part 1/2/3 layouts differ, blanks are preserved, and row-level numeric columns are not promoted to cash or return proof"
CFAASBAFR-00206,Schedule BA Part 2,current-year-acquisitions-additions,5826,401378-AB-0,"Guardian Life Insurance Co of Subordinated 4.875% 06/19/64 ............................... New York .......................................... ......... NY......... ................................................................................................. ....01/26/2017 ... ....... ....... .............................. .................. 9,937,809 .............................. .................0.000",,addition-or-acquisition,"9,937,809",full-range-schedule-ba-parser-row-visible,repeatable named Schedule BA detail row,"raw row population; Part 1/2/3 layouts differ, blanks are preserved, and row-level numeric columns are not promoted to cash or return proof"
CFAASBAFR-00207,Schedule BA Part 2,current-year-acquisitions-additions,5826,401378-AA-2,"Guardian Life Insurance Co of Subordinated 7.375% 09/30/39 ............................... New York .......................................... ......... NY......... Direct ......................................................................................... ....03/07/2018 ... ....... ....... .............................. .................. 3,857,948 .............................. .................0.000",,addition-or-acquisition,"3,857,948",full-range-schedule-ba-parser-row-visible,repeatable named Schedule BA detail row,"raw row population; Part 1/2/3 layouts differ, blanks are preserved, and row-level numeric columns are not promoted to cash or return proof"
CFAASBAFR-00208,Schedule BA Part 2,current-year-acquisitions-additions,5826,575767-AR-9,"Massachusetts Mutual Life Insu Subordinated 3.200 % 12/01/61 ............................. Springfield ...................................... ......... MA......... Credit Suisse ................................................................................ ....11/18/2021 ... ....... ....... .............................. ....................... 7,970 .............................. .................0.000",,addition-or-acquisition,"7,970",full-range-schedule-ba-parser-row-visible,repeatable named Schedule BA detail row,"raw row population; Part 1/2/3 layouts differ, blanks are preserved, and row-level numeric columns are not promoted to cash or return proof"
CFAASBAFR-00209,Schedule BA Part 2,current-year-acquisitions-additions,5826,575767-AN-8,"Massachusetts Mutual Life Insu Subordinated 3.729 % 10/15/70 ............................. Springfield ...................................... ......... MA......... ................................................................................................. ....10/10/2019 ... ....... ....... .............................. .................. 1,182,184 .............................. .................0.000",,addition-or-acquisition,"1,182,184",full-range-schedule-ba-parser-row-visible,repeatable named Schedule BA detail row,"raw row population; Part 1/2/3 layouts differ, blanks are preserved, and row-level numeric columns are not promoted to cash or return proof"
CFAASBAFR-00210,Schedule BA Part 2,current-year-acquisitions-additions,5826,575767-AK-4,"Massachusetts Mutual Life Insu Subordinated 4.500 % 04/15/65 ............................. Springfield ...................................... ......... MA......... ................................................................................................. ....08/14/2024 ... ....... ....... .............................. ........................2,258 .............................. .................0.000",,addition-or-acquisition,"2,258",full-range-schedule-ba-parser-row-visible,repeatable named Schedule BA detail row,"raw row population; Part 1/2/3 layouts differ, blanks are preserved, and row-level numeric columns are not promoted to cash or return proof"
CFAASBAFR-00211,Schedule BA Part 2,current-year-acquisitions-additions,5826,575767-AL-2,"Massachusetts Mutual Life Insu Subordinated 4.900 % 04/01/77 ............................. Springfield ...................................... ......... MA......... ................................................................................................. ....03/20/2017 ... ....... ....... .............................. .................25,773,038 .............................. .................0.000",,addition-or-acquisition,"25,773,038",full-range-schedule-ba-parser-row-visible,repeatable named Schedule BA detail row,"raw row population; Part 1/2/3 layouts differ, blanks are preserved, and row-level numeric columns are not promoted to cash or return proof"
CFAASBAFR-00212,Schedule BA Part 2,current-year-acquisitions-additions,5826,575767-AM-0,"Massachusetts Mutual Life Insu SUBORDINATED 5.077 % 02/15/69 ............................. Springfield ...................................... ......... MA......... ................................................................................................. ....03/26/2021 ... ....... ....... .............................. .................22,000,000 .............................. .................0.000 E08",,addition-or-acquisition,"22,000,000",full-range-schedule-ba-parser-row-visible,repeatable named Schedule BA detail row,"raw row population; Part 1/2/3 layouts differ, blanks are preserved, and row-level numeric columns are not promoted to cash or return proof"
CFAASBAFR-00213,Schedule BA Part 2,current-year-acquisitions-additions,5827,575767-AT-5,"Massachusetts Mutual Life Insu Subordinated 5.672 % 12/01/52 ............................. Springfield ...................................... ......... MA......... Morgan Stanley ............................................................................... ....09/09/2025 ... ....... ....... .............................. .................36,209,128 .............................. .................0.000",,addition-or-acquisition,"36,209,128",full-range-schedule-ba-parser-row-visible,repeatable named Schedule BA detail row,"raw row population; Part 1/2/3 layouts differ, blanks are preserved, and row-level numeric columns are not promoted to cash or return proof"
CFAASBAFR-00214,Schedule BA Part 2,current-year-acquisitions-additions,5827,636792-AB-9,"National Life Insurance Co Subordinated 5.250% 07/19/68 ................................... Springfield ...................................... ......... VT......... Credit Suisse ................................................................................ ....07/10/2018 ... ....... ....... .............................. .................46,841,518 .............................. .................0.000",,addition-or-acquisition,"46,841,518",full-range-schedule-ba-parser-row-visible,repeatable named Schedule BA detail row,"raw row population; Part 1/2/3 layouts differ, blanks are preserved, and row-level numeric columns are not promoted to cash or return proof"
CFAASBAFR-00215,Schedule BA Part 2,current-year-acquisitions-additions,5827,64952G-AQ-1,New York Life Insurance Co SUB 4.450% 05/15/69 .............................................. New York .......................................... ......... NY......... ................................................................................................. ....04/01/2019 ... ....... ....... .............................. ..........................274 .............................. .................0.000,,addition-or-acquisition,,full-range-schedule-ba-parser-row-visible,repeatable named Schedule BA detail row,"raw row population; Part 1/2/3 layouts differ, blanks are preserved, and row-level numeric columns are not promoted to cash or return proof"
CFAASBAFR-00216,Schedule BA Part 2,current-year-acquisitions-additions,5827,64952G-AT-5,"New York Life Insurance Co SUBORDINATED 3.750% 05/15/50 ................................... New York .......................................... ......... NY......... ................................................................................................. ....05/27/2020 ... ....... ....... .............................. .................20,253,899 .............................. .................0.000",,addition-or-acquisition,"20,253,899",full-range-schedule-ba-parser-row-visible,repeatable named Schedule BA detail row,"raw row population; Part 1/2/3 layouts differ, blanks are preserved, and row-level numeric columns are not promoted to cash or return proof"
CFAASBAFR-00217,Schedule BA Part 2,current-year-acquisitions-additions,5827,64952G-AF-5,"New York Life Insurance Co Subordinated 6.750% 11/15/39 ................................... New York .......................................... ......... NY......... Morgan Stanley ............................................................................... ....03/07/2018 ... ....... ....... .............................. ................. 22,497,943 .............................. .................0.000",,addition-or-acquisition,"22,497,943",full-range-schedule-ba-parser-row-visible,repeatable named Schedule BA detail row,"raw row population; Part 1/2/3 layouts differ, blanks are preserved, and row-level numeric columns are not promoted to cash or return proof"
CFAASBAFR-00218,Schedule BA Part 2,current-year-acquisitions-additions,5827,668138-AC-4,"Northwestern Mutual Life Insur Subordinated 3.625% 09/30/59 .............................. Milwaukee ......................................... ......... WI......... Internal Transfer ........................................................................... ....09/12/2019 ... ....... ....... .............................. .................. 2,986,128 .............................. .................0.000",,addition-or-acquisition,"2,986,128",full-range-schedule-ba-parser-row-visible,repeatable named Schedule BA detail row,"raw row population; Part 1/2/3 layouts differ, blanks are preserved, and row-level numeric columns are not promoted to cash or return proof"
CFAASBAFR-00219,Schedule BA Part 2,current-year-acquisitions-additions,5827,668138-AA-8,"Northwestern Mutual Life Insur Subordinated 3.850% 09/30/47 .............................. Milwaukee ......................................... ......... WI......... ................................................................................................. ....09/21/2017 ... ....... ....... .............................. .................35,337,054 .............................. .................0.000",,addition-or-acquisition,"35,337,054",full-range-schedule-ba-parser-row-visible,repeatable named Schedule BA detail row,"raw row population; Part 1/2/3 layouts differ, blanks are preserved, and row-level numeric columns are not promoted to cash or return proof"
CFAASBAFR-00220,Schedule BA Part 2,current-year-acquisitions-additions,5827,69448F-AA-9,"Pacific Life Insurance Co Subordinated 4.300% 10/24/67 .................................... Newport Beach .................................... ......... CA......... ................................................................................................. ....10/17/2017 ... ....... ....... .............................. .................27,912,034 .............................. .................0.000",,addition-or-acquisition,"27,912,034",full-range-schedule-ba-parser-row-visible,repeatable named Schedule BA detail row,"raw row population; Part 1/2/3 layouts differ, blanks are preserved, and row-level numeric columns are not promoted to cash or return proof"
CFAASBAFR-00221,Schedule BA Part 2,current-year-acquisitions-additions,5827,7620ET-AA-7,"RGA Reinsurance Co Sr Subordinated 4.000% 12/13/51 ......................................... Springfield ...................................... ......... MA......... Direct ......................................................................................... ....11/29/2021 ... ....... ....... .............................. .................20,000,000 .............................. .................0.000",,addition-or-acquisition,"20,000,000",full-range-schedule-ba-parser-row-visible,repeatable named Schedule BA detail row,"raw row population; Part 1/2/3 layouts differ, blanks are preserved, and row-level numeric columns are not promoted to cash or return proof"
CFAASBAFR-00222,Schedule BA Part 2,current-year-acquisitions-additions,5827,878091-BG-1,"Teachers Insurance & Annuity A SUB 3.300% 05/15/5 0 ......................................... New York .......................................... ......... NY......... Citigroup ...................................................................................... ....05/27/2020 ... ....... ....... .............................. .................. 1,283,634 .............................. .................0.000",,addition-or-acquisition,"1,283,634",full-range-schedule-ba-parser-row-visible,repeatable named Schedule BA detail row,"raw row population; Part 1/2/3 layouts differ, blanks are preserved, and row-level numeric columns are not promoted to cash or return proof"
CFAASBAFR-00223,Schedule BA Part 2,current-year-acquisitions-additions,5827,878091-BF-3,"Teachers Insurance & Annuity A Subordinated 4.270% 05/15/47 .............................. New York .......................................... ......... NY......... ................................................................................................. ....05/03/2017 ... ....... ....... .............................. .................49,849,618 .............................. .................0.000",,addition-or-acquisition,"49,849,618",full-range-schedule-ba-parser-row-visible,repeatable named Schedule BA detail row,"raw row population; Part 1/2/3 layouts differ, blanks are preserved, and row-level numeric columns are not promoted to cash or return proof"
CFAASBAFR-00224,Schedule BA Part 2,current-year-acquisitions-additions,5827,878091-BC-0,"Teachers Insurance & Annuity A Subordinated 6.850% 12/16/39 ............................. New York .......................................... ......... NY......... ................................................................................................. ....07/08/2016 ... ....... ....... .............................. .................34,486,403 .............................. .................0.000",,addition-or-acquisition,"34,486,403",full-range-schedule-ba-parser-row-visible,repeatable named Schedule BA detail row,"raw row population; Part 1/2/3 layouts differ, blanks are preserved, and row-level numeric columns are not promoted to cash or return proof"
CFAASBAFR-00225,Schedule BA Part 2,current-year-acquisitions-additions,5827,95765P-AA-7,"Western And Southern Life Insu Subordinated 5.150% 01/15/49 .............................. Cincinnati ....................................... ..........OH......... J.P. Morgan Sec .............................................................................. ....01/17/2019 ... ....... ....... .............................. ....................... 1,751 .............................. .................0.000",,addition-or-acquisition,"1,751",full-range-schedule-ba-parser-row-visible,repeatable named Schedule BA detail row,"raw row population; Part 1/2/3 layouts differ, blanks are preserved, and row-level numeric columns are not promoted to cash or return proof"
CFAASBAFR-00226,Schedule BA Part 2,current-year-acquisitions-additions,5827,92264H-AA-8,"Venerable Insurance and Annuit Subordinated 7.750% 06/29/45 .............................. West Chester ..................................... ......... PA......... ................................................................................................. ....08/28/2025 ... ....... ....... .................42,041,843 .............................. .............................. .................0.000",,addition-or-acquisition,"42,041,843",full-range-schedule-ba-parser-row-visible,repeatable named Schedule BA detail row,"raw row population; Part 1/2/3 layouts differ, blanks are preserved, and row-level numeric columns are not promoted to cash or return proof"
CFAASBAFR-00227,Schedule BA Part 2,current-year-acquisitions-additions,5827,YR6758-93-6,"ABN AMRO Bank NV ....................................................................................... .................................................... .........NLD......... Deutsche Bank AG ............................................................................ ....04/09/2025 ... ....... ....... .................. 9,915,201 .................39,744,032 .............................. .................0.000 ....................... ABN AMRO Bank NV Junior Subordinated 5.750% Perpet. ........................................ .................................................... .........NLD......... Deutsche Bank AG ............................................................................ ....07/29/2025 ... ....... ....... .................75,227,807 .............................. .............................. .................0.000 ....................... ABN AMRO Bank NV Junior Subordinated 6.375% Perpet. ........................................ .................................................... .........NLD......... Morgan Stanley & Co International ....................................................... ....05/21/2025 ... ....... ....... .................48,531,698 .............................. .............................. .................0.000 ....................... Achmea BV Junior Subordinated 4.625% Perpet. ...............................................",,addition-or-acquisition,"9,915,201; 39,744,032; 75,227,807; 48,531,698; 6,206,008; 30,571,367; 31,540,465; 41,796,000",full-range-schedule-ba-parser-row-visible,repeatable named Schedule BA detail row,"raw row population; Part 1/2/3 layouts differ, blanks are preserved, and row-level numeric columns are not promoted to cash or return proof"
CFAASBAFR-00228,Schedule BA Part 2,current-year-acquisitions-additions,5827,018820-AE-0,"Allianz SE Unsecured 6.550% Perpet. ............................................................ .................................................... .........DEU......... Citigroup ...................................................................................... ....08/19/2025 ... ....... ....... .................90,035,001 .............................. .............................. .................0.000 ....................... ASR Nederland NV Junior Subordinated 6.500% Perpet. ........................................ .................................................... .........NLD......... Bank of America .............................................................................. ....10/17/2025 ... ....... ....... .................12,433,087 .............................. .............................. .................0.000 ....................... ASR Nederland NV Subordinated 4.625% Perpet. ................................................. .................................................... .........NLD......... Goldman Sachs ................................................................................ ....10/08/2025 ... ....... ....... .................. 9,762,142 .............................. .............................. .................0.000",,addition-or-acquisition,"90,035,001; 12,433,087; 9,762,142",full-range-schedule-ba-parser-row-visible,repeatable named Schedule BA detail row,"raw row population; Part 1/2/3 layouts differ, blanks are preserved, and row-level numeric columns are not promoted to cash or return proof"
CFAASBAFR-00229,Schedule BA Part 2,current-year-acquisitions-additions,5827,05254H-AA-2,"Australia & New Zealand Bankin Junior Subordinated 6.750% Perpet. ...................... .................................................... .........AUS......... Transfer from Schedule D .................................................................. ....01/01/2025 ... ....... ....... .................25,400,000 .............................. .............................. .................0.000 ....................... Aviva PLC Junior Subordinated 6.875% Perpet. ................................................. .................................................... .........GBR........ Various ........................................................................................ ....01/01/2025 ... ....... ....... .................11,664,023 .................66,649,488 .............................. .................0.000 ....................... Aviva PLC Junior Subordinated 7.750% Perpet. ................................................. .................................................... .........GBR........ Morgan Stanley ............................................................................... ....10/08/2025 ... ....... ....... .................. 6,249,115 .............................. .............................. .................0.000 ....................... AXA SA AXA SA 6.375% Perpet. ..................................................................... .",,transferred-or-debt-style-asset,"25,400,000; 11,664,023; 66,649,488; 6,249,115; 52,578,691; 14,057,091; 39,808,852",full-range-schedule-ba-parser-row-visible,repeatable named Schedule BA detail row,"raw row population; Part 1/2/3 layouts differ, blanks are preserved, and row-level numeric columns are not promoted to cash or return proof"
CFAASBAFR-00230,Schedule BA Part 2,current-year-acquisitions-additions,5827,06368L-8V-1,"Bank of Montreal Junior Subordinated 6.875% 11/26/85 ....................................... .................................................... .........CAN......... BMO Capital Markets (NY) .................................................................. ....07/21/2025 ... ....... ....... ................241,203,604 .............................. .............................. .................0.000",,addition-or-acquisition,"241,203,604",full-range-schedule-ba-parser-row-visible,repeatable named Schedule BA detail row,"raw row population; Part 1/2/3 layouts differ, blanks are preserved, and row-level numeric columns are not promoted to cash or return proof"
CFAASBAFR-00231,Schedule BA Part 2,current-year-acquisitions-additions,5827,06368L-5Q-5,"Bank of Montreal Unsecured ........................................................................... .................................................... .........CAN......... Transfer from Schedule D .................................................................. ....01/01/2025 ... ....... ....... .................54,928,206 .............................. .............................. .................0.000",,transferred-or-debt-style-asset,"54,928,206",full-range-schedule-ba-parser-row-visible,repeatable named Schedule BA detail row,"raw row population; Part 1/2/3 layouts differ, blanks are preserved, and row-level numeric columns are not promoted to cash or return proof"
CFAASBAFR-00232,Schedule BA Part 2,current-year-acquisitions-additions,5827,06368L-Q5-8,"Bank of Montreal Unsecured 7.700% 05/26/84 ................................................... .................................................... .........CAN......... Various ........................................................................................ ....04/07/2025 ... ....... ....... .................55,000,000 ................139,731,914 .............................. .................0.000",,addition-or-acquisition,"55,000,000; 139,731,914",full-range-schedule-ba-parser-row-visible,repeatable named Schedule BA detail row,"raw row population; Part 1/2/3 layouts differ, blanks are preserved, and row-level numeric columns are not promoted to cash or return proof"
CFAASBAFR-00233,Schedule BA Part 2,current-year-acquisitions-additions,5827,064159-8N-9,"Bank of Nova Scotia/The Junior Subordinated 3.625% 10/27/81 .............................. .................................................... .........CAN......... Transfer from Schedule D .................................................................. ....01/01/2025 ... ....... ....... ................208,500,000 .............................. .............................. .................0.000",,transferred-or-debt-style-asset,"208,500,000",full-range-schedule-ba-parser-row-visible,repeatable named Schedule BA detail row,"raw row population; Part 1/2/3 layouts differ, blanks are preserved, and row-level numeric columns are not promoted to cash or return proof"
CFAASBAFR-00234,Schedule BA Part 2,current-year-acquisitions-additions,5827,064159-8V-1,"Bank of Nova Scotia/The Junior Subordinated 8.000% 01/27/84 .............................. .................................................... .........CAN......... Various ........................................................................................ ....01/01/2025 ... ....... ....... .................16,000,000 .................57,630,125 .............................. .................0.000",,addition-or-acquisition,"16,000,000; 57,630,125",full-range-schedule-ba-parser-row-visible,repeatable named Schedule BA detail row,"raw row population; Part 1/2/3 layouts differ, blanks are preserved, and row-level numeric columns are not promoted to cash or return proof"
CFAASBAFR-00235,Schedule BA Part 2,current-year-acquisitions-additions,5827,064159-8S-8,"Bank of Nova Scotia/The Junior Subordinated 8.625% 10/27/82 .............................. .................................................... .........CAN......... Royal Bank of Canada ........................................................................ ....06/24/2025 ... ....... ....... .................25,537,500 .............................. .............................. .................0.000",,addition-or-acquisition,"25,537,500",full-range-schedule-ba-parser-row-visible,repeatable named Schedule BA detail row,"raw row population; Part 1/2/3 layouts differ, blanks are preserved, and row-level numeric columns are not promoted to cash or return proof"
CFAASBAFR-00236,Schedule BA Part 2,current-year-acquisitions-additions,5827,064159-8X-7,"Bank of Nova Scotia/The Unsecured 7.350% 04/27/85 .......................................... .................................................... .........CAN......... Transfer from Schedule D .................................................................. ....01/01/2025 ... ....... ....... .................35,084,061 .............................. .............................. .................0.000",,transferred-or-debt-style-asset,"35,084,061",full-range-schedule-ba-parser-row-visible,repeatable named Schedule BA detail row,"raw row population; Part 1/2/3 layouts differ, blanks are preserved, and row-level numeric columns are not promoted to cash or return proof"
CFAASBAFR-00237,Schedule BA Part 2,current-year-acquisitions-additions,5827,05565A-M3-4,"BNP PARIBAS JR SUBORDINA 144A 12/99 VAR .......................................................... .................................................... .........FRA........ Transfer from Schedule D .................................................................. ....01/01/2025 ... ....... ....... .................18,706,285 .............................. .............................. .................0.000",,transferred-or-debt-style-asset,"18,706,285",full-range-schedule-ba-parser-row-visible,repeatable named Schedule BA detail row,"raw row population; Part 1/2/3 layouts differ, blanks are preserved, and row-level numeric columns are not promoted to cash or return proof"
CFAASBAFR-00238,Schedule BA Part 2,current-year-acquisitions-additions,5827,05565A-S2-0,"BNP Paribas SA .......................................................................................... .................................................... .........FRA........ Various ........................................................................................ ....01/01/2025 ... ....... ....... .................12,456,210 .................. 6,255,750 .............................. .................0.000",,addition-or-acquisition,"12,456,210; 6,255,750",full-range-schedule-ba-parser-row-visible,repeatable named Schedule BA detail row,"raw row population; Part 1/2/3 layouts differ, blanks are preserved, and row-level numeric columns are not promoted to cash or return proof"
CFAASBAFR-00239,Schedule BA Part 2,current-year-acquisitions-additions,5827,05565A-5R-0,"BNP Paribas SA .......................................................................................... .................................................... .........FRA........ Transfer from Schedule D .................................................................. ....01/01/2025 ... ....... ....... .................12,413,740 .............................. .............................. .................0.000",,transferred-or-debt-style-asset,"12,413,740",full-range-schedule-ba-parser-row-visible,repeatable named Schedule BA detail row,"raw row population; Part 1/2/3 layouts differ, blanks are preserved, and row-level numeric columns are not promoted to cash or return proof"
CFAASBAFR-00240,Schedule BA Part 2,current-year-acquisitions-additions,5827,05565A-GF-4,"BNP Paribas SA 7.000%/VAR PERP 144A ............................................................... .................................................... .........FRA........ Transfer from Schedule D .................................................................. ....01/01/2025 ... ....... ....... .................18,399,300 .............................. .............................. .................0.000",,transferred-or-debt-style-asset,"18,399,300",full-range-schedule-ba-parser-row-visible,repeatable named Schedule BA detail row,"raw row population; Part 1/2/3 layouts differ, blanks are preserved, and row-level numeric columns are not promoted to cash or return proof"
CFAASBAFR-00241,Schedule BA Part 2,current-year-acquisitions-additions,5827,05602X-JC-3,"BNP Paribas SA 7.375%/VAR PERP 144A ............................................................... .................................................... .........FRA........ Transfer from Schedule D .................................................................. ....01/01/2025 ... ....... ....... .................42,289,759 .............................. .............................. .................0.000",,transferred-or-debt-style-asset,"42,289,759",full-range-schedule-ba-parser-row-visible,repeatable named Schedule BA detail row,"raw row population; Part 1/2/3 layouts differ, blanks are preserved, and row-level numeric columns are not promoted to cash or return proof"
CFAASBAFR-00242,Schedule BA Part 2,current-year-acquisitions-additions,5827,05565A-DW-0,"BNP Paribas SA Junior Subordinated 5.125% Perpet. ........................................... .................................................... .........FRA........ Transfer from Schedule D .................................................................. ....01/01/2025 ... ....... ....... .................. 8,998,750 .............................. .............................. .................0.000",,transferred-or-debt-style-asset,"8,998,750",full-range-schedule-ba-parser-row-visible,repeatable named Schedule BA detail row,"raw row population; Part 1/2/3 layouts differ, blanks are preserved, and row-level numeric columns are not promoted to cash or return proof"
CFAASBAFR-00243,Schedule BA Part 2,current-year-acquisitions-additions,5827,05602X-DJ-4,"BNP Paribas SA Junior Subordinated 8.000% Perpet. ........................................... .................................................... .........FRA........ Transfer from Schedule D .................................................................. ....01/01/2025 ... ....... ....... ................372,719,129 .............................. .............................. .................0.000 ....................... CaixaBank SA CAIXABANK SA 5.875% Perpetual 5.875% Perpet. ................................ .................................................... .........ESP......... Barclays ....................................................................................... ....09/12/2025 ... ....... ....... .................57,641,592 .............................. .............................. .................0.000 ....................... CaixaBank SA Junior Subordinated 8.250% Perpet. ............................................. .................................................... .........ESP......... Merrill Lynch International .............................................................. ....06/24/2025 ... ....... ....... .................48,763,912 .............................. .............................. .................0.000 ....................... CNP Assurances SA Jr Subordinated 4.875% Perpet. ............................................ .......",,transferred-or-debt-style-asset,"372,719,129; 57,641,592; 48,763,912; 8,500,000; 13,672,445; 11,367,304; 31,409,345; 6,169,881; 5,133,091; 30,277,212",full-range-schedule-ba-parser-row-visible,repeatable named Schedule BA detail row,"raw row population; Part 1/2/3 layouts differ, blanks are preserved, and row-level numeric columns are not promoted to cash or return proof"
CFAASBAFR-00244,Schedule BA Part 2,current-year-acquisitions-additions,5828,225313-AR-6,"Credit Agricole SA Junior Subordinated 6.700% Perpet. ..................................... .................................................... .........FRA........ Credit Agricole CIB ......................................................................... ....09/24/2024 ... ....... ....... .................40,000,000 .............................. .............................. .................0.000 ....................... Danske Bank A/S Junior Subordinated 4.375% Perpet. ......................................... .................................................... .........DNK......... JPM Securities LLC .......................................................................... ....05/19/2025 ... ....... ....... .................21,172,082 .................. 5,151,698 .............................. .................0.000 ....................... Danske Bank A/S Junior Subordinated 7.000% Perpet. ......................................... .................................................... .........DNK......... Bank of America .............................................................................. ....04/07/2025 ... ....... ....... .................70,617,713 .............................. .............................. .................0.000 ....................... Deutsche Bank AG Junior Subordinated 4.500% Perpet. ........................................ ........",,fund-partnership-or-private-asset,"40,000,000; 21,172,082; 5,151,698; 70,617,713; 3,719,699; 15,534,116; 64,352,324",full-range-schedule-ba-parser-row-visible,repeatable named Schedule BA detail row,"raw row population; Part 1/2/3 layouts differ, blanks are preserved, and row-level numeric columns are not promoted to cash or return proof"
CFAASBAFR-00245,Schedule BA Part 2,current-year-acquisitions-additions,5828,404280-BP-3,"HSBC Holdings PLC ...................................................................................... .................................................... .........NLD......... ................................................................................................. ....03/17/2025 ... ....... ....... .................. 2,005,395 .............................. .............................. .................0.000",,addition-or-acquisition,"2,005,395",full-range-schedule-ba-parser-row-visible,repeatable named Schedule BA detail row,"raw row population; Part 1/2/3 layouts differ, blanks are preserved, and row-level numeric columns are not promoted to cash or return proof"
CFAASBAFR-00246,Schedule BA Part 2,current-year-acquisitions-additions,5828,456837-AY-9,"ING Groep NV ............................................................................................. .................................................... .........NLD......... ING Groep ...................................................................................... ....10/08/2025 ... ....... ....... ..................6,161,869 .............................. .............................. .................0.000",,addition-or-acquisition,"6,161,869",full-range-schedule-ba-parser-row-visible,repeatable named Schedule BA detail row,"raw row population; Part 1/2/3 layouts differ, blanks are preserved, and row-level numeric columns are not promoted to cash or return proof"
CFAASBAFR-00247,Schedule BA Part 2,current-year-acquisitions-additions,5828,456837-AR-4,"ING Groep NV Junior Subordinated 5.750% Perpet. ............................................. .................................................... .........NLD......... ING Groep ...................................................................................... ....09/13/2024 ... ....... ....... ................. 42,419,532 ................. 12,243,945 .............................. .................0.000",,addition-or-acquisition,"42,419,532; 12,243,945",full-range-schedule-ba-parser-row-visible,repeatable named Schedule BA detail row,"raw row population; Part 1/2/3 layouts differ, blanks are preserved, and row-level numeric columns are not promoted to cash or return proof"
CFAASBAFR-00248,Schedule BA Part 2,current-year-acquisitions-additions,5828,456837-BT-9,"ING Groep NV Junior Subordinated 7.000% Perpet. ............................................. .................................................... .........NLD......... Merrill Lynch International .............................................................. ....09/02/2025 ... ....... ....... ................177,614,000 .............................. .............................. .................0.000 ....................... ING Groep NV Junior Subordinated 7.250% Perpet. ............................................. .................................................... .........NLD......... Goldman Sachs ................................................................................ ....03/10/2025 ... ....... ....... .................64,876,339 .............................. .............................. .................0.000 ....................... ING Groep NV Junior Subordinated 8.000% Perpet. ............................................. .................................................... .........NLD......... Barclays ....................................................................................... ....09/23/2024 ... ....... ....... .................. 6,242,250 .................56,146,699 .............................. .................0.000 ....................... Legal & General Group PLC Junior Subordinated 5.625% Perpet. ............................. .....",,addition-or-acquisition,"177,614,000; 64,876,339; 6,242,250; 56,146,699; 22,497,075; 16,046,797",full-range-schedule-ba-parser-row-visible,repeatable named Schedule BA detail row,"raw row population; Part 1/2/3 layouts differ, blanks are preserved, and row-level numeric columns are not promoted to cash or return proof"
CFAASBAFR-00249,Schedule BA Part 2,current-year-acquisitions-additions,5828,539439-AU-3,"Lloyds Banking Group PLC Junior Subordinated 4.246% Perpet. .............................. .................................................... .........GBR........ Lloyds Bank Corporate Markets ............................................................ ....10/01/2025 ... ....... ....... .................34,405,000 .................42,611,893 .............................. .................0.000",,addition-or-acquisition,"34,405,000; 42,611,893",full-range-schedule-ba-parser-row-visible,repeatable named Schedule BA detail row,"raw row population; Part 1/2/3 layouts differ, blanks are preserved, and row-level numeric columns are not promoted to cash or return proof"
CFAASBAFR-00250,Schedule BA Part 2,current-year-acquisitions-additions,5828,539439-BF-5,"Lloyds Banking Group PLC Junior Subordinated 6.625% Perpet. .............................. .................................................... .........GBR........ Lloyds Bank Corporate Markets ............................................................ ....10/27/2025 ... ....... ....... ..................1,600,000 .............................. .............................. .................0.000 ....................... Lloyds Banking Group PLC Junior Subordinated 7.500% Perpet. .............................. .................................................... .........GBR........ Morgan Stanley ............................................................................... ....10/08/2025 ... ....... ....... .................18,686,076 .............................. .............................. .................0.000",,addition-or-acquisition,"1,600,000; 18,686,076",full-range-schedule-ba-parser-row-visible,repeatable named Schedule BA detail row,"raw row population; Part 1/2/3 layouts differ, blanks are preserved, and row-level numeric columns are not promoted to cash or return proof"
CFAASBAFR-00251,Schedule BA Part 2,current-year-acquisitions-additions,5828,53944Y-AV-5,"Lloyds Banking Group PLC Junior Subordinated 8.000% Perpet. .............................. .................................................... .........GBR........ Barclays ....................................................................................... ....10/08/2025 ... ....... ....... .................37,483,430 .............................. .............................. .................0.000 ....................... Lloyds Banking Group PLC Junior Subordinated 8.500% Perpet. .............................. .................................................... .........GBR........ Merrill Lynch International .............................................................. ....06/24/2025 ... ....... ....... .................17,296,027 .............................. .............................. .................0.000",,addition-or-acquisition,"37,483,430; 17,296,027",full-range-schedule-ba-parser-row-visible,repeatable named Schedule BA detail row,"raw row population; Part 1/2/3 layouts differ, blanks are preserved, and row-level numeric columns are not promoted to cash or return proof"
CFAASBAFR-00252,Schedule BA Part 2,current-year-acquisitions-additions,5828,53944Y-BB-8,"Lloyds Banking Group PLC LLOYDS BANKING GROUP PLC 6.750% Perpet. ....................... .................................................... .........GBR........ Deutsche Bank AG ............................................................................ ....04/07/2025 ... ....... ....... .................91,687,500 .............................. .............................. .................0.000 ....................... Nationwide Building Society Junior Subordinated 5.750% Perpet. .......................... .................................................... .........GBR........ Morgan Stanley ............................................................................... ....10/08/2025 ... ....... ....... .................14,719,102 .................12,149,582 .............................. .................0.000",,addition-or-acquisition,"91,687,500; 14,719,102; 12,149,582",full-range-schedule-ba-parser-row-visible,repeatable named Schedule BA detail row,"raw row population; Part 1/2/3 layouts differ, blanks are preserved, and row-level numeric columns are not promoted to cash or return proof"
CFAASBAFR-00253,Schedule BA Part 2,current-year-acquisitions-additions,5828,639057-AT-5,"NatWest Group PLC Junior Subordinated 7.300% Perpet. ....................................... .................................................... .........GBR........ Barclays ....................................................................................... ....10/08/2025 ... ....... ....... .................12,490,608 .............................. .............................. .................0.000",,addition-or-acquisition,"12,490,608",full-range-schedule-ba-parser-row-visible,repeatable named Schedule BA detail row,"raw row population; Part 1/2/3 layouts differ, blanks are preserved, and row-level numeric columns are not promoted to cash or return proof"
CFAASBAFR-00254,Schedule BA Part 2,current-year-acquisitions-additions,5828,639057-AQ-1,"NatWest Group PLC Junior Subordinated 8.125% Perpet. ....................................... .................................................... .........GBR........ Deutsche Bank AG ............................................................................ ....04/08/2025 ... ....... ....... ................227,282,674 .............................. .............................. .................0.000 ....................... NN Group NV Junior Subordinated 5.750% Perpet. ............................................... .................................................... .........NLD......... Morgan Stanley & Co International ....................................................... ....05/19/2025 ... ....... ....... .................60,853,910 .............................. .............................. .................0.000 ....................... NN Group NV NN GROUP NV 6.375% Perpet. ......................................................... .................................................... .........NLD......... Morgan Stanley ............................................................................... ....04/07/2025 ... ....... ....... .................34,107,809 .............................. .............................. .................0.000",,addition-or-acquisition,"227,282,674; 60,853,910; 34,107,809",full-range-schedule-ba-parser-row-visible,repeatable named Schedule BA detail row,"raw row population; Part 1/2/3 layouts differ, blanks are preserved, and row-level numeric columns are not promoted to cash or return proof"
CFAASBAFR-00255,Schedule BA Part 2,current-year-acquisitions-additions,5828,65559C-AD-3,"Nordea Bank Abp ......................................................................................... .................................................... .........FIN........ Nordea Bank Abp .............................................................................. ....03/21/2025 ... ....... ....... .................10,830,550 .............................. .............................. .................0.000",,addition-or-acquisition,"10,830,550",full-range-schedule-ba-parser-row-visible,repeatable named Schedule BA detail row,"raw row population; Part 1/2/3 layouts differ, blanks are preserved, and row-level numeric columns are not promoted to cash or return proof"
CFAASBAFR-00256,Schedule BA Part 2,current-year-acquisitions-additions,5828,65559C-AA-9,"Nordea Bank Abp Jr Subordinated 6.625% Perpet. ............................................... .................................................... .........FIN........ JPM Securities LLC .......................................................................... ....01/01/2025 ... ....... ....... .................54,468,287 .............................. .............................. .................0.000",,fund-partnership-or-private-asset,"54,468,287",full-range-schedule-ba-parser-row-visible,repeatable named Schedule BA detail row,"raw row population; Part 1/2/3 layouts differ, blanks are preserved, and row-level numeric columns are not promoted to cash or return proof"
CFAASBAFR-00257,Schedule BA Part 2,current-year-acquisitions-additions,5828,65558R-AK-5,"Nordea Bank Abp Junior Subordinated 6.300% Perpet. .......................................... .................................................... .........FIN........ Bank of America .............................................................................. ....09/19/2024 ... ....... ....... .................30,000,000 .............................. .............................. .................0.000 ....................... Nordea Bank Abp Junior Subordinated 6.413% Perpet. .......................................... .................................................... .........FIN........ Goldman Sachs International ............................................................... ....09/12/2025 ... ....... ....... .................58,625,000 .............................. .............................. .................0.000 ....................... Phoenix Group Holdings PLC Junior Subordinated 5.750% Perpet. ........................... .................................................... .........GBR........ Internal Transfer ........................................................................... ....04/09/2025 ... ....... ....... .................38,247,369 .............................. .............................. .................0.000 ....................... Phoenix Group Holdings PLC Junior Subordinated 8.500% Perpet. ........................... .............",,addition-or-acquisition,"30,000,000; 58,625,000; 38,247,369; 13,521,730; 6,172,703; 24,000,000",full-range-schedule-ba-parser-row-visible,repeatable named Schedule BA detail row,"raw row population; Part 1/2/3 layouts differ, blanks are preserved, and row-level numeric columns are not promoted to cash or return proof"
CFAASBAFR-00258,Schedule BA Part 2,current-year-acquisitions-additions,5828,780082-AT-0,"Royal Bank of Canada Junior Subordinated 6.350% 11/24/84 .................................. .................................................... .........CAN......... Royal Bank of Canada ........................................................................ ....01/01/2025 ... ....... ....... .................51,500,000 .............................. .............................. .................0.000",,addition-or-acquisition,"51,500,000",full-range-schedule-ba-parser-row-visible,repeatable named Schedule BA detail row,"raw row population; Part 1/2/3 layouts differ, blanks are preserved, and row-level numeric columns are not promoted to cash or return proof"
CFAASBAFR-00259,Schedule BA Part 2,current-year-acquisitions-additions,5828,780082-AY-9,"Royal Bank of Canada Junior Subordinated 6.500% 11/24/85 .................................. .................................................... .........CAN......... Royal Bank of Canada ........................................................................ ....09/15/2025 ... ....... ....... .................57,467,725 .............................. .............................. .................0.000",,addition-or-acquisition,"57,467,725",full-range-schedule-ba-parser-row-visible,repeatable named Schedule BA detail row,"raw row population; Part 1/2/3 layouts differ, blanks are preserved, and row-level numeric columns are not promoted to cash or return proof"
CFAASBAFR-00260,Schedule BA Part 2,current-year-acquisitions-additions,5828,780082-AV-5,"Royal Bank of Canada Junior Subordinated 6.750% 08/24/85 .................................. .................................................... .........CAN......... Royal Bank of Canada ........................................................................ ....06/04/2025 ... ....... ....... ................366,414,860 .............................. .............................. .................0.000",,addition-or-acquisition,"366,414,860",full-range-schedule-ba-parser-row-visible,repeatable named Schedule BA detail row,"raw row population; Part 1/2/3 layouts differ, blanks are preserved, and row-level numeric columns are not promoted to cash or return proof"
CFAASBAFR-00261,Schedule BA Part 2,current-year-acquisitions-additions,5828,780082-AR-4,"Royal Bank of Canada Junior Subordinated 7.500% 05/02/84 .................................. .................................................... .........CAN......... Various ........................................................................................ ....01/01/2025 ... ....... ....... .................96,489,780 ................238,653,549 .............................. .................0.000 ....................... Skandinaviska Enskilda Banken Jr Subordinated 6.750% Perpet. ............................ .................................................... .........SWE........ Deutsche Bank AG ............................................................................ ....04/07/2025 ... ....... ....... .................43,472,154 .............................. .............................. .................0.000 ....................... Skandinaviska Enskilda Banken Jr Subordinated 6.875% Perpet. ............................ .................................................... .........SWE........ Morgan Stanley ............................................................................... ....02/21/2025 ... ....... ....... .................18,908,150 .............................. .............................. .................0.000 ....................... Swedbank AB ..............................................................................................",,addition-or-acquisition,"96,489,780; 238,653,549; 43,472,154; 18,908,150; 10,651,800; 41,362,382; 9,232,320; 98,704,033",full-range-schedule-ba-parser-row-visible,repeatable named Schedule BA detail row,"raw row population; Part 1/2/3 layouts differ, blanks are preserved, and row-level numeric columns are not promoted to cash or return proof"
CFAASBAFR-00262,Schedule BA Part 2,current-year-acquisitions-additions,5828,89116C-KP-1,"Toronto-Dominion Bank/The Junior Subordinated 7.250% 07/31/84 ........................... .................................................... .........CAN......... Various ........................................................................................ ....01/01/2025 ... ....... ....... .................25,000,000 ................156,554,292 .............................. .................0.000",,addition-or-acquisition,"25,000,000; 156,554,292",full-range-schedule-ba-parser-row-visible,repeatable named Schedule BA detail row,"raw row population; Part 1/2/3 layouts differ, blanks are preserved, and row-level numeric columns are not promoted to cash or return proof"
CFAASBAFR-00263,Schedule BA Part 2,current-year-acquisitions-additions,5828,89117F-8Z-5,"Toronto-Dominion Bank/The Junior Subordinated 8.125% 10/31/82 ........................... .................................................... .........CAN......... Various ........................................................................................ ....01/01/2025 ... ....... ....... .................70,239,696 .................33,960,740 .............................. .................0.000",,addition-or-acquisition,"70,239,696; 33,960,740",full-range-schedule-ba-parser-row-visible,repeatable named Schedule BA detail row,"raw row population; Part 1/2/3 layouts differ, blanks are preserved, and row-level numeric columns are not promoted to cash or return proof"
CFAASBAFR-00264,Schedule BA Part 2,current-year-acquisitions-additions,5828,89116C-4H-7,"Toronto-Dominion Bank/The TORONTO-DOMINION BANK 6.35% 31 6.350% 10/31/85 ............. .................................................... .........CAN......... TD Securities (USA) LLC ................................................................... ....09/12/2025 ... ....... ....... .................70,053,818 .............................. .............................. .................0.000",,fund-partnership-or-private-asset,"70,053,818",full-range-schedule-ba-parser-row-visible,repeatable named Schedule BA detail row,"raw row population; Part 1/2/3 layouts differ, blanks are preserved, and row-level numeric columns are not promoted to cash or return proof"
CFAASBAFR-00265,Schedule BA Part 2,current-year-acquisitions-additions,5828,902613-BE-7,"UBS Group AG ............................................................................................. .................................................... .........CHE......... UBS ............................................................................................. ....03/10/2025 ... ....... ....... .................81,145,958 .................50,343,750 .............................. .................0.000",,addition-or-acquisition,"81,145,958; 50,343,750",full-range-schedule-ba-parser-row-visible,repeatable named Schedule BA detail row,"raw row population; Part 1/2/3 layouts differ, blanks are preserved, and row-level numeric columns are not promoted to cash or return proof"
CFAASBAFR-00266,Schedule BA Part 2,current-year-acquisitions-additions,5828,902613-AD-0,"UBS Group AG Junior Subordinated 4.375% Perpet. ............................................. .................................................... .........CHE......... Transfer from Schedule D .................................................................. ....01/01/2025 ... ....... ....... .................11,900,000 .............................. .............................. .................0.000",,transferred-or-debt-style-asset,"11,900,000",full-range-schedule-ba-parser-row-visible,repeatable named Schedule BA detail row,"raw row population; Part 1/2/3 layouts differ, blanks are preserved, and row-level numeric columns are not promoted to cash or return proof"
CFAASBAFR-00267,Schedule BA Part 2,current-year-acquisitions-additions,5828,902613-BN-7,"UBS Group AG Junior Subordinated 6.850% Perpet. ............................................. .................................................... .........CHE......... Various ........................................................................................ ....01/01/2025 ... ....... ....... .................25,000,000 ................119,898,297 .............................. .................0.000",,addition-or-acquisition,"25,000,000; 119,898,297",full-range-schedule-ba-parser-row-visible,repeatable named Schedule BA detail row,"raw row population; Part 1/2/3 layouts differ, blanks are preserved, and row-level numeric columns are not promoted to cash or return proof"
CFAASBAFR-00268,Schedule BA Part 2,current-year-acquisitions-additions,5828,225401-BH-0,"UBS Group AG Junior Subordinated 7.000% Perpet. ............................................. .................................................... .........CHE......... UBS ............................................................................................. ....02/05/2025 ... ....... ....... .................22,500,000 .............................. .............................. .................0.000",,addition-or-acquisition,"22,500,000",full-range-schedule-ba-parser-row-visible,repeatable named Schedule BA detail row,"raw row population; Part 1/2/3 layouts differ, blanks are preserved, and row-level numeric columns are not promoted to cash or return proof"
CFAASBAFR-00269,Schedule BA Part 2,current-year-acquisitions-additions,5828,225401-BJ-6,"UBS Group AG Junior Subordinated 7.125% Perpet. ............................................. .................................................... .........CHE......... UBS ............................................................................................. ....02/05/2025 ... ....... ....... .................22,500,000 .............................. .............................. .................0.000",,addition-or-acquisition,"22,500,000",full-range-schedule-ba-parser-row-visible,repeatable named Schedule BA detail row,"raw row population; Part 1/2/3 layouts differ, blanks are preserved, and row-level numeric columns are not promoted to cash or return proof"
CFAASBAFR-00270,Schedule BA Part 2,current-year-acquisitions-additions,5828,902613-BK-3,"UBS Group AG Junior Subordinated 7.750% Perpet. ............................................. .................................................... .........CHE......... Various ........................................................................................ ....01/01/2025 ... ....... ....... ................111,977,600 .................15,442,500 .............................. .................0.000",,addition-or-acquisition,"111,977,600; 15,442,500",full-range-schedule-ba-parser-row-visible,repeatable named Schedule BA detail row,"raw row population; Part 1/2/3 layouts differ, blanks are preserved, and row-level numeric columns are not promoted to cash or return proof"
CFAASBAFR-00271,Schedule BA Part 2,current-year-acquisitions-additions,5828,902613-BF-4,"UBS Group AG Junior Subordinated 9.250% Perpet. ............................................. .................................................... .........CHE......... Goldman Sachs ................................................................................ ....04/29/2025 ... ....... ....... .................40,589,003 .............................. .............................. .................0.000 ....................... Vontobel Holding AG Subordinated 9.480% Perpet. ............................................. .................................................... .........CHE......... Various ........................................................................................ ....01/01/2025 ... ....... ....... .................35,989,800 .................35,950,566 .............................. .................0.000 ....................... Vontobel Holding AG Subordinated 9.680% Perpet. ............................................. .................................................... .........CHE......... Various ........................................................................................ ....01/01/2025 ... ....... ....... .................36,577,200 .................36,544,717 .............................. .................0.000",,addition-or-acquisition,"40,589,003; 35,989,800; 35,950,566; 36,577,200; 36,544,717",full-range-schedule-ba-parser-row-visible,repeatable named Schedule BA detail row,"raw row population; Part 1/2/3 layouts differ, blanks are preserved, and row-level numeric columns are not promoted to cash or return proof"
CFAASBAFR-00272,Schedule BA Part 2,current-year-acquisitions-additions,5829,37187A-AL-8,Genesis Financial Gnfl 20 GNFL 2020 F 18.960% 01/1 5/31 ..................................... Wilmington ....................................... ......... DE......... ................................................................................................. ....06/13/2023 ... ....... ....... .............................. ..........................302 .............................. .................0.000,,addition-or-acquisition,,full-range-schedule-ba-parser-row-visible,repeatable named Schedule BA detail row,"raw row population; Part 1/2/3 layouts differ, blanks are preserved, and row-level numeric columns are not promoted to cash or return proof"
CFAASBAFR-00273,Schedule BA Part 2,current-year-acquisitions-additions,5829,03841S-AF-2,"Aqua AssetCo Alt Trust II R 0.000% 11/12/55 ................................................. Wausau ............................................ ......... WI......... ................................................................................................. ....10/29/2025 ... ....... ....... .................34,661,604 .............................. .............................. .................0.000 ....................... Aqua Borrower Trust L ................................................................................. Wausau ............................................ ......... WI......... ................................................................................................. ....05/02/2025 ... ....... ....... .................. 1,903,469 .................71,012,429 .............................. .................0.000",,structured-credit-or-real-estate,"34,661,604; 1,903,469; 71,012,429",full-range-schedule-ba-parser-row-visible,repeatable named Schedule BA detail row,"raw row population; Part 1/2/3 layouts differ, blanks are preserved, and row-level numeric columns are not promoted to cash or return proof"
CFAASBAFR-00274,Schedule BA Part 2,current-year-acquisitions-additions,5829,03844A-AF-8,"Aqua Borrower Trust L R 0.000% 01/12/56 ....................................................... Wausau ............................................ ......... WI......... Tax Free Exchange ........................................................................... ....06/05/2025 ... ....... ....... ................186,376,898 .............................. .............................. .................0.000",,structured-credit-or-real-estate,"186,376,898",full-range-schedule-ba-parser-row-visible,repeatable named Schedule BA detail row,"raw row population; Part 1/2/3 layouts differ, blanks are preserved, and row-level numeric columns are not promoted to cash or return proof"
CFAASBAFR-00275,Schedule BA Part 2,current-year-acquisitions-additions,5829,00076M-AF-7,"BHG 2025 Forward Flow BHG 2025 Forward Flow Class R 0.000% 04/29/36 ................... Fort Lauderdale ................................. ......... FL......... Direct ......................................................................................... ....10/17/2025 ... ....... ....... .................54,231,463 .................. 6,918,430 .............................. .................0.000",,addition-or-acquisition,"54,231,463; 6,918,430",full-range-schedule-ba-parser-row-visible,repeatable named Schedule BA detail row,"raw row population; Part 1/2/3 layouts differ, blanks are preserved, and row-level numeric columns are not promoted to cash or return proof"
CFAASBAFR-00276,Schedule BA Part 2,current-year-acquisitions-additions,5829,Q0286*-AH-0,"Turbin Finance Trust 2025-1 Turbin Finance Trust 20 25-1 G1 0.000% 02/12/67 .......... .................................................... .........AUS......... Tax Free Exchange ........................................................................... ....07/31/2025 ... ....... ....... .................. 7,462,709 .............................. .............................. .................0.000 ....................... Turbin Finance Trust 2025-1 Turbin Finance Trust 20 25-1 X- 2.500% 02/12/67 .......... .................................................... .........AUS......... Over the Counter ............................................................................. ....06/02/2025 ... ....... ....... ..........................391 .............................. .............................. .................0.000",,structured-credit-or-real-estate,"7,462,709",full-range-schedule-ba-parser-row-visible,repeatable named Schedule BA detail row,"raw row population; Part 1/2/3 layouts differ, blanks are preserved, and row-level numeric columns are not promoted to cash or return proof"
CFAASBAFR-00277,Schedule BA Part 2,current-year-acquisitions-additions,5829,Q7457#-AH-4,"Turbin Finance Trust 2024-1 A1-X 3.000% 10/23/66 ........................................... .................................................... .........AUS......... Tax Free Exchange ........................................................................... ....07/31/2025 ... ....... ....... .....................289,886 .............................. .............................. .................0.000",,structured-credit-or-real-estate,"289,886",full-range-schedule-ba-parser-row-visible,repeatable named Schedule BA detail row,"raw row population; Part 1/2/3 layouts differ, blanks are preserved, and row-level numeric columns are not promoted to cash or return proof"
CFAASBAFR-00278,Schedule BA Part 2,current-year-acquisitions-additions,5829,Q7457#-AJ-0,"Turbin Finance Trust 2024-1 B1-X 3.000% 10/23/66 ........................................... .................................................... .........AUS......... Tax Free Exchange ........................................................................... ....07/31/2025 ... ....... ....... ...................... 29,526 .............................. .............................. .................0.000",,structured-credit-or-real-estate,"29,526",full-range-schedule-ba-parser-row-visible,repeatable named Schedule BA detail row,"raw row population; Part 1/2/3 layouts differ, blanks are preserved, and row-level numeric columns are not promoted to cash or return proof"
CFAASBAFR-00279,Schedule BA Part 2,current-year-acquisitions-additions,5829,Q7457#-AK-7,"Turbin Finance Trust 2024-1 C1-X 3.000% 10/23/66 ........................................... .................................................... .........AUS......... Tax Free Exchange ........................................................................... ....07/31/2025 ... ....... ....... ......................13,026 .............................. .............................. .................0.000",,structured-credit-or-real-estate,"13,026",full-range-schedule-ba-parser-row-visible,repeatable named Schedule BA detail row,"raw row population; Part 1/2/3 layouts differ, blanks are preserved, and row-level numeric columns are not promoted to cash or return proof"
CFAASBAFR-00280,Schedule BA Part 2,current-year-acquisitions-additions,5829,Q7457#-AL-5,"Turbin Finance Trust 2024-1 D1-X 3.000% 10/23/66 ........................................... .................................................... .........AUS......... Tax Free Exchange ........................................................................... ....07/31/2025 ... ....... ....... ........................9,553 .............................. .............................. .................0.000",,structured-credit-or-real-estate,"9,553",full-range-schedule-ba-parser-row-visible,repeatable named Schedule BA detail row,"raw row population; Part 1/2/3 layouts differ, blanks are preserved, and row-level numeric columns are not promoted to cash or return proof"
CFAASBAFR-00281,Schedule BA Part 2,current-year-acquisitions-additions,5829,Q7457#-AM-3,"Turbin Finance Trust 2024-1 E1-X 3.000% 10/23/66 ........................................... .................................................... .........AUS......... Tax Free Exchange ........................................................................... ....07/31/2025 ... ....... ....... ....................... 8,684 .............................. .............................. .................0.000",,structured-credit-or-real-estate,"8,684",full-range-schedule-ba-parser-row-visible,repeatable named Schedule BA detail row,"raw row population; Part 1/2/3 layouts differ, blanks are preserved, and row-level numeric columns are not promoted to cash or return proof"
CFAASBAFR-00282,Schedule BA Part 2,current-year-acquisitions-additions,5829,Q7457#-AN-1,"Turbin Finance Trust 2024-1 F1-X 3.000% 10/23/66 ........................................... .................................................... .........AUS......... Tax Free Exchange ........................................................................... ....07/31/2025 ... ....... ....... ........................4,342 .............................. .............................. .................0.000",,structured-credit-or-real-estate,"4,342",full-range-schedule-ba-parser-row-visible,repeatable named Schedule BA detail row,"raw row population; Part 1/2/3 layouts differ, blanks are preserved, and row-level numeric columns are not promoted to cash or return proof"
CFAASBAFR-00283,Schedule BA Part 2,current-year-acquisitions-additions,5829,Q7457#-AG-6,"Turbin Finance Trust 2024-1 G1 11.544% 10/23/66 .............................................. .................................................... .........AUS......... Tax Free Exchange ........................................................................... ....07/31/2025 ... ....... ....... .................. 1,621,125 .............................. .............................. .................0.000",,structured-credit-or-real-estate,"1,621,125",full-range-schedule-ba-parser-row-visible,repeatable named Schedule BA detail row,"raw row population; Part 1/2/3 layouts differ, blanks are preserved, and row-level numeric columns are not promoted to cash or return proof"
CFAASBAFR-00284,Schedule BA Part 2,current-year-acquisitions-additions,5829,Q7457#-AP-6,"Turbin Finance Trust 2024-1 G1-X 3.000% 10/23/66 ........................................... .................................................... .........AUS......... Tax Free Exchange ........................................................................... ....07/31/2025 ... ....... ....... ........................4,343 .............................. .............................. .................0.000",,structured-credit-or-real-estate,"4,343",full-range-schedule-ba-parser-row-visible,repeatable named Schedule BA detail row,"raw row population; Part 1/2/3 layouts differ, blanks are preserved, and row-level numeric columns are not promoted to cash or return proof"
CFAASBAFR-00285,Schedule BA Part 3,current-year-disposals-transfers-repayments,5830,00455*-AA-8,"Ace Credit Fund LP ACE J59738 5.420% 04/01/69 ............................................. WIlmington ......................... ......... DE......... Sale ............................................ . 01/01/2025 ... 03/27/2025 ................... ................ ................ ................ ................ ................ ................ ....... 50,955,599 .......50,908,577 ................ .......(47,022) .......(47,022) ................",,fund-partnership-or-private-asset,"50,955,599; 50,908,577; (47,022); (47,022)",full-range-schedule-ba-parser-row-visible,repeatable named Schedule BA detail row,"raw row population; Part 1/2/3 layouts differ, blanks are preserved, and row-level numeric columns are not promoted to cash or return proof"
CFAASBAFR-00286,Schedule BA Part 3,current-year-disposals-transfers-repayments,5830,00455*-AB-6,"Ace Credit Fund LP ACE J59738 5.460% 07/18/68 ............................................ WIlmington ......................... ......... DE......... Sale ............................................ . 01/01/2025 ... 03/27/2025 ................... ................ .......(51,424) ................ ................ .......(51,424) ................ .......37,389,504 .......37,629,644 ................ .......410,506 .......410,506 ................ ................... AP Aristotle Holdings LLC ....................... WIlmington ......................... ......... DE......... Tax Free Exchange ........................... . 01/01/2025 ... 02/28/2025 ................... ................ ................ ................ ................ ................ ................ ........6,500,000 ........6,500,000 ................ ................ ................ ................",,fund-partnership-or-private-asset,"(51,424); (51,424); 37,389,504; 37,629,644; 410,506; 410,506; 6,500,000; 6,500,000",full-range-schedule-ba-parser-row-visible,repeatable named Schedule BA detail row,"raw row population; Part 1/2/3 layouts differ, blanks are preserved, and row-level numeric columns are not promoted to cash or return proof"
CFAASBAFR-00287,Schedule BA Part 3,current-year-disposals-transfers-repayments,5830,90117P-AQ-8,"1211 Avenue of the Americas Tr AOTA 2015- 1211 E 4.142% 08/10/35 ........................ New York ........................... ......... NY......... ................................................. . 01/01/2025 ... 07/14/2025 ................... ......(274,378) ..........4,973 ................ ................ ......(269,405) ................ ........ 2,999,220 ........ 2,999,220 ................ ................ ................ .......133,276",,disposal-transfer-or-repayment,"(274,378); 4,973; (269,405); 2,999,220; 2,999,220; 133,276",full-range-schedule-ba-parser-row-visible,repeatable named Schedule BA detail row,"raw row population; Part 1/2/3 layouts differ, blanks are preserved, and row-level numeric columns are not promoted to cash or return proof"
CFAASBAFR-00288,Schedule BA Part 3,current-year-disposals-transfers-repayments,5830,61764B-AU-7,"Morgan Stanley Capital I Trust MSC 2014-150E G 4.295% 09/09/32 ............................... New York ........................... ......... NY......... ................................................. . 01/01/2025 ... 11/26/2025 ................... ................ ........ 31,143 ................ ................ ........ 31,143 ................ ....... 34,219,292 ....... 34,219,292 ................ ................ ................ .......133,276",,structured-credit-or-real-estate,"31,143; 31,143; 34,219,292; 34,219,292; 133,276",full-range-schedule-ba-parser-row-visible,repeatable named Schedule BA detail row,"raw row population; Part 1/2/3 layouts differ, blanks are preserved, and row-level numeric columns are not promoted to cash or return proof"
CFAASBAFR-00289,Schedule BA Part 3,current-year-disposals-transfers-repayments,5830,G2964#-AB-5,"AP Grange Holdings LLC AP Grange Tranche B 5.000% 03/20/45 .................................... ..................................... .........CYM........ ................................................. . 01/01/2025 ... 12/31/2025 ................... .......(13,504) ........ 32,616 ................ ................ ........ 19,112 ................ ...........313,313 ...........313,313 ................ ................ ................ ........ 24,078",,fund-partnership-or-private-asset,"(13,504); 32,616; 19,112; 313,313; 313,313; 24,078",full-range-schedule-ba-parser-row-visible,repeatable named Schedule BA detail row,"raw row population; Part 1/2/3 layouts differ, blanks are preserved, and row-level numeric columns are not promoted to cash or return proof"
CFAASBAFR-00290,Schedule BA Part 3,current-year-disposals-transfers-repayments,5830,12592T-AQ-8,"COMM 2015-3BP Mortgage Trust ................... Chicago ............................ ......... IL......... ................................................. . 01/01/2025 ... 06/30/2025 ................... ................ ................ ................ ................ ................ ................ .......60,861,899 .......60,861,899 ................ ................ ................ ................",,structured-credit-or-real-estate,"60,861,899; 60,861,899",full-range-schedule-ba-parser-row-visible,repeatable named Schedule BA detail row,"raw row population; Part 1/2/3 layouts differ, blanks are preserved, and row-level numeric columns are not promoted to cash or return proof"
CFAASBAFR-00291,Schedule BA Part 3,current-year-disposals-transfers-repayments,5830,03765#-AA-3,"Apollo Total Return Fund - Inv ................ Wilmington ......................... ......... DE......... Distribution .................................. . 02/28/2025 ... 04/08/2025 ................... ................ ................ ................ ................ ................ ................ ......180,064,552 ......185,093,779 ................ .... 5,029,227 .... 5,029,227 ................ ................... Motive Capital Fund II-B, LP ................... Wilmington ......................... ......... DE......... Distribution .................................. . 12/27/2022 ... 12/10/2025 ..........951,858 .......166,207 ................ ................ ................ .......166,207 ................ ........1,118,064 ........1,118,064 ................ ................ ................ .... 1,254,975",,fund-partnership-or-private-asset,"180,064,552; 185,093,779; 5,029,227; 5,029,227; 951,858; 166,207; 166,207; 1,118,064; 1,118,064; 1,254,975",full-range-schedule-ba-parser-row-visible,repeatable named Schedule BA detail row,"raw row population; Part 1/2/3 layouts differ, blanks are preserved, and row-level numeric columns are not promoted to cash or return proof"
CFAASBAFR-00292,Schedule BA Part 3,current-year-disposals-transfers-repayments,5831,16649@-AA-9,"Chesterfield Reinsurance Co Subordinated 7.125% 03/23/43 .................................... Chesterfield ...................... ......... MO......... Partial Sale .................................. . 03/23/2023 ... 12/15/2025 .......7,500,000 ................ ................ ................ ................ ................ ................ ........7,500,000 ........7,500,000 ................ ................ ................ ................",,disposal-transfer-or-repayment,"7,500,000; 7,500,000; 7,500,000",full-range-schedule-ba-parser-row-visible,repeatable named Schedule BA detail row,"raw row population; Part 1/2/3 layouts differ, blanks are preserved, and row-level numeric columns are not promoted to cash or return proof"
CFAASBAFR-00293,Schedule BA Part 3,current-year-disposals-transfers-repayments,5831,256141-AB-8,"Doctors Co An Interinsurance E Subordinated 4.500% 01/18/32 .................................... Napa ................................ ......... CA......... Sale ............................................ . 01/12/2022 ... 11/04/2025 ......20,000,000 ................ ........71,778 ................ ................ ........71,778 ................ .......20,000,000 .......20,000,000 ................ ................ ................ ................",,disposal-transfer-or-repayment,"20,000,000; 71,778; 71,778; 20,000,000; 20,000,000",full-range-schedule-ba-parser-row-visible,repeatable named Schedule BA detail row,"raw row population; Part 1/2/3 layouts differ, blanks are preserved, and row-level numeric columns are not promoted to cash or return proof"
CFAASBAFR-00294,Schedule BA Part 3,current-year-disposals-transfers-repayments,5831,29226R-AA-5,"Employers Mutual Casualty Co SUB 5.750% 08/20/39 ............................................. Des Moines ........................ ......... IA......... Sale ............................................ . 05/17/2023 ... 06/25/2025 .......6,555,668 ................ .......(37,637) ................ ................ .......(37,637) ................ ........ 6,555,668 ........ 6,555,668 ................ ................ ................ ................",,disposal-transfer-or-repayment,"6,555,668; (37,637); (37,637); 6,555,668; 6,555,668",full-range-schedule-ba-parser-row-visible,repeatable named Schedule BA detail row,"raw row population; Part 1/2/3 layouts differ, blanks are preserved, and row-level numeric columns are not promoted to cash or return proof"
CFAASBAFR-00295,Schedule BA Part 3,current-year-disposals-transfers-repayments,5831,309588-AC-5,"Farmers Exchange Capital ........................ Los Angeles ....................... ......... CA......... Sale ............................................ . 04/12/2017 ... 03/27/2025 .......2,172,242 ................ ................ ................ ................ ................ ................ ........ 2,172,242 ........ 2,082,980 ................ .......(89,262) .......(89,262) ................",,disposal-transfer-or-repayment,"2,172,242; 2,172,242; 2,082,980; (89,262); (89,262)",full-range-schedule-ba-parser-row-visible,repeatable named Schedule BA detail row,"raw row population; Part 1/2/3 layouts differ, blanks are preserved, and row-level numeric columns are not promoted to cash or return proof"
CFAASBAFR-00296,Schedule BA Part 3,current-year-disposals-transfers-repayments,5831,30958P-AA-1,Farmers Exchange Capital II Subordinated 6.151% 11/01/53 ................................... Los Angeles ....................... ......... CA......... Sale ............................................ . 07/25/2016 ... 11/01/2025 ................... ................ ................ ................ ................ ................ ................ .................... .................... ................ ................ ................ ................,,disposal-transfer-or-repayment,,full-range-schedule-ba-parser-row-visible,repeatable named Schedule BA detail row,"raw row population; Part 1/2/3 layouts differ, blanks are preserved, and row-level numeric columns are not promoted to cash or return proof"
CFAASBAFR-00297,Schedule BA Part 3,current-year-disposals-transfers-repayments,5831,30958Q-AA-9,"Farmers Exchange Capital III Subordinated 5.454% 10/15/54 .................................... Los Angeles ....................... ......... CA......... Sale ............................................ . 08/30/2016 ... 11/19/2025 .......4,843,389 ................ .......(31,864) ................ ................ .......(31,864) ................ ........ 4,843,389 ........ 5,021,500 ................ .......178,110 .......178,110 ................",,disposal-transfer-or-repayment,"4,843,389; (31,864); (31,864); 4,843,389; 5,021,500; 178,110; 178,110",full-range-schedule-ba-parser-row-visible,repeatable named Schedule BA detail row,"raw row population; Part 1/2/3 layouts differ, blanks are preserved, and row-level numeric columns are not promoted to cash or return proof"
CFAASBAFR-00298,Schedule BA Part 3,current-year-disposals-transfers-repayments,5831,309601-AE-2,"Farmers Insurance Exchange Subordinated 4.747% 11/01/57 ................................... Los Angeles ....................... ......... CA......... Sale ............................................ . 10/10/2017 ... 09/30/2025 .......4,000,000 ................ ................ ................ ................ ................ ................ ........4,000,000 ........4,000,000 ................ ................ ................ ................",,disposal-transfer-or-repayment,"4,000,000; 4,000,000; 4,000,000",full-range-schedule-ba-parser-row-visible,repeatable named Schedule BA detail row,"raw row population; Part 1/2/3 layouts differ, blanks are preserved, and row-level numeric columns are not promoted to cash or return proof"
CFAASBAFR-00299,Schedule BA Part 3,current-year-disposals-transfers-repayments,5831,401378-AC-8,"Guardian Life Insurance Co of Subordinated 4.850% 01/24/77 .................................... New York ........................... ......... NY......... Sale ............................................ . 01/17/2017 ... 09/30/2025 .......4,033,858 ................ ........ (6,282) ................ ................ ........ (6,282) ................ ........ 4,033,858 ........ 4,033,858 ................ ................ ................ ................",,disposal-transfer-or-repayment,"4,033,858; (6,282); (6,282); 4,033,858; 4,033,858",full-range-schedule-ba-parser-row-visible,repeatable named Schedule BA detail row,"raw row population; Part 1/2/3 layouts differ, blanks are preserved, and row-level numeric columns are not promoted to cash or return proof"
CFAASBAFR-00300,Schedule BA Part 3,current-year-disposals-transfers-repayments,5831,401378-AB-0,"Guardian Life Insurance Co of Subordinated 4.875% 06/19/64 .................................... New York ........................... ......... NY......... Sale ............................................ . 01/26/2017 ... 10/27/2025 .......9,937,809 ................ .......(16,737) ................ ................ .......(16,737) ................ ........ 9,937,809 ........ 9,937,809 ................ ................ ................ ................",,disposal-transfer-or-repayment,"9,937,809; (16,737); (16,737); 9,937,809; 9,937,809",full-range-schedule-ba-parser-row-visible,repeatable named Schedule BA detail row,"raw row population; Part 1/2/3 layouts differ, blanks are preserved, and row-level numeric columns are not promoted to cash or return proof"
CFAASBAFR-00301,Schedule BA Part 3,current-year-disposals-transfers-repayments,5831,401378-AA-2,"Guardian Life Insurance Co of Subordinated 7.375% 09/30/39 .................................... New York ........................... ......... NY......... Sale ............................................ . 03/07/2018 ... 11/19/2025 .......3,857,948 ................ .......(34,234)................ ................ .......(34,234)................ ........ 3,857,948 ........ 3,857,948 ................ ................ ................ ................",,disposal-transfer-or-repayment,"3,857,948; (34,234); (34,234); 3,857,948; 3,857,948",full-range-schedule-ba-parser-row-visible,repeatable named Schedule BA detail row,"raw row population; Part 1/2/3 layouts differ, blanks are preserved, and row-level numeric columns are not promoted to cash or return proof"
CFAASBAFR-00302,Schedule BA Part 3,current-year-disposals-transfers-repayments,5831,53079Q-AC-1,"Liberty Mutual Insurance Co .................... Boston .............................. ......... MA......... Sale ............................................ . 03/31/2017 ... 03/10/2025 .......1,612,765 ................ ................ ................ ................ ................ ................ ........ 1,612,765 ........ 1,590,404 ................ .......(22,361) .......(22,361) ................",,disposal-transfer-or-repayment,"1,612,765; 1,612,765; 1,590,404; (22,361); (22,361)",full-range-schedule-ba-parser-row-visible,repeatable named Schedule BA detail row,"raw row population; Part 1/2/3 layouts differ, blanks are preserved, and row-level numeric columns are not promoted to cash or return proof"
CFAASBAFR-00303,Schedule BA Part 3,current-year-disposals-transfers-repayments,5831,575767-AN-8,"Massachusetts Mutual Life Insu Subordinated 3.729% 10/15/70 .................................... Springfield ....................... ......... MA......... Sale ............................................ . 10/10/2019 ... 01/21/2025 .......1,181,944 ................ ...........(928) ................ ................ ...........(928) ................ ........ 1,181,944 ........ 1,181,944 ................ ................ ................ ................",,disposal-transfer-or-repayment,"1,181,944; 1,181,944; 1,181,944",full-range-schedule-ba-parser-row-visible,repeatable named Schedule BA detail row,"raw row population; Part 1/2/3 layouts differ, blanks are preserved, and row-level numeric columns are not promoted to cash or return proof"
CFAASBAFR-00304,Schedule BA Part 3,current-year-disposals-transfers-repayments,5831,575767-AL-2,"Massachusetts Mutual Life Insu Subordinated 4.900% 04/01/77 ................................... Springfield ....................... ......... MA......... Sale ............................................ . 03/20/2017 ... 06/30/2025 ......25,773,038 ................ .......(23,533)................ ................ .......(23,533)................ .......25,773,038 .......25,773,038 ................ ................ ................ ................",,disposal-transfer-or-repayment,"25,773,038; (23,533); (23,533); 25,773,038; 25,773,038",full-range-schedule-ba-parser-row-visible,repeatable named Schedule BA detail row,"raw row population; Part 1/2/3 layouts differ, blanks are preserved, and row-level numeric columns are not promoted to cash or return proof"
CFAASBAFR-00305,Schedule BA Part 3,current-year-disposals-transfers-repayments,5831,575767-AM-0,"Massachusetts Mutual Life Insu SUBORDINATED 5.077% 02/15/69 .................................... Springfield ....................... ......... MA......... Sale ............................................ . 03/26/2021 ... 05/22/2025 ......33,000,000 ................ ................ ................ ................ ................ ................ .......33,000,000 .......32,001,300 ................ ......(998,700) ......(998,700) ................",,disposal-transfer-or-repayment,"33,000,000; 33,000,000; 32,001,300; (998,700); (998,700)",full-range-schedule-ba-parser-row-visible,repeatable named Schedule BA detail row,"raw row population; Part 1/2/3 layouts differ, blanks are preserved, and row-level numeric columns are not promoted to cash or return proof"
CFAASBAFR-00306,Schedule BA Part 3,current-year-disposals-transfers-repayments,5831,575767-AT-5,"Massachusetts Mutual Life Insu Subordinated 5.672% 12/01/52 .................................... Springfield ....................... ......... MA......... Partial Sale .................................. . 09/09/2025 ... 09/19/2025 ......25,595,329 ................ ........ (2,283) ................ ................ ........ (2,283) ................ ....... 25,595,329 ....... 25,595,329 ................ ................ ................ ................",,disposal-transfer-or-repayment,"25,595,329; (2,283); (2,283); 25,595,329; 25,595,329",full-range-schedule-ba-parser-row-visible,repeatable named Schedule BA detail row,"raw row population; Part 1/2/3 layouts differ, blanks are preserved, and row-level numeric columns are not promoted to cash or return proof"
CFAASBAFR-00307,Schedule BA Part 3,current-year-disposals-transfers-repayments,5831,628312-AA-8,Mutual of Omaha Insurance Co Subordinated 6.800% 06/15/36 ................................... Omaha ............................... ......... NE......... Sale ............................................ . 03/15/2019 ... 11/19/2025 ................... ................ ................ ................ ................ ................ ................ .................... .................... ................ ................ ................ ................,,disposal-transfer-or-repayment,,full-range-schedule-ba-parser-row-visible,repeatable named Schedule BA detail row,"raw row population; Part 1/2/3 layouts differ, blanks are preserved, and row-level numeric columns are not promoted to cash or return proof"
CFAASBAFR-00308,Schedule BA Part 3,current-year-disposals-transfers-repayments,5831,636792-AB-9,"National Life Insurance Co Subordinated 5.250% 07/19/68 .................................... Springfield ....................... ......... VT......... Sale ............................................ . 07/10/2018 ... 04/14/2025 ......46,840,768 ................ .......(92,092) ................ ................ .......(92,092) ................ .......46,840,768 .......46,840,768 ................ ................ ................ ................",,disposal-transfer-or-repayment,"46,840,768; (92,092); (92,092); 46,840,768; 46,840,768",full-range-schedule-ba-parser-row-visible,repeatable named Schedule BA detail row,"raw row population; Part 1/2/3 layouts differ, blanks are preserved, and row-level numeric columns are not promoted to cash or return proof"
CFAASBAFR-00309,Schedule BA Part 3,current-year-disposals-transfers-repayments,5831,64952G-AT-5,"New York Life Insurance Co SUBORDINATED 3.750% 05/15/50 .................................... New York ........................... ......... NY......... Sale ............................................ . 05/27/2020 ... 01/22/2025 ......35,878,953 ................ ........ 57,089 ................ ................ ........ 57,089 ................ .......35,878,953 .......35,030,628 ................ ......(848,325) ......(848,325) ................",,disposal-transfer-or-repayment,"35,878,953; 57,089; 57,089; 35,878,953; 35,030,628; (848,325); (848,325)",full-range-schedule-ba-parser-row-visible,repeatable named Schedule BA detail row,"raw row population; Part 1/2/3 layouts differ, blanks are preserved, and row-level numeric columns are not promoted to cash or return proof"
CFAASBAFR-00310,Schedule BA Part 3,current-year-disposals-transfers-repayments,5831,64952G-AF-5,"New York Life Insurance Co Subordinated 6.750% 11/15/39 .................................... New York ........................... ......... NY......... Sale ............................................ . 03/07/2018 ... 11/15/2025 ................... ................ ................ ................ ................ ................ ................ .................... .................... ................ ................ ................ ........ 13,500",,disposal-transfer-or-repayment,"13,500",full-range-schedule-ba-parser-row-visible,repeatable named Schedule BA detail row,"raw row population; Part 1/2/3 layouts differ, blanks are preserved, and row-level numeric columns are not promoted to cash or return proof"
CFAASBAFR-00311,Schedule BA Part 3,current-year-disposals-transfers-repayments,5831,668138-AC-4,"Northwestern Mutual Life Insur Subordinated 3.625% 09/30/59 .................................... Milwaukee .......................... ......... WI......... Sale ............................................ . 09/12/2019 ... 07/14/2025 .......2,986,128 ................ ........ (3,774) ................ ................ ........ (3,774) ................ ........ 2,986,128 ........ 2,986,128 ................ ................ ................ ................",,disposal-transfer-or-repayment,"2,986,128; (3,774); (3,774); 2,986,128; 2,986,128",full-range-schedule-ba-parser-row-visible,repeatable named Schedule BA detail row,"raw row population; Part 1/2/3 layouts differ, blanks are preserved, and row-level numeric columns are not promoted to cash or return proof"
CFAASBAFR-00312,Schedule BA Part 3,current-year-disposals-transfers-repayments,5831,668138-AA-8,"Northwestern Mutual Life Insur Subordinated 3.850% 09/30/47 .................................... Milwaukee .......................... ......... WI......... Sale ............................................ . 09/21/2017 ... 07/10/2025 ......46,678,852 ................ .......(15,550) ................ ................ .......(15,550) ................ .......46,678,852 .......46,325,199 ................ ......(353,653)......(353,653)................",,disposal-transfer-or-repayment,"46,678,852; (15,550); (15,550); 46,678,852; 46,325,199; (353,653); (353,653)",full-range-schedule-ba-parser-row-visible,repeatable named Schedule BA detail row,"raw row population; Part 1/2/3 layouts differ, blanks are preserved, and row-level numeric columns are not promoted to cash or return proof"
CFAASBAFR-00313,Schedule BA Part 3,current-year-disposals-transfers-repayments,5831,69448F-AA-9,"Pacific Life Insurance Co Subordinated 4.300% 10/24/67 .................................... Newport Beach ..................... ......... CA......... Partial Sale .................................. . 10/17/2017 ... 08/04/2025 ......27,911,599 ................ .......(45,689) ................ ................ .......(45,689) ................ .......27,911,599 .......27,911,599 ................ ................ ................ ................",,disposal-transfer-or-repayment,"27,911,599; (45,689); (45,689); 27,911,599; 27,911,599",full-range-schedule-ba-parser-row-visible,repeatable named Schedule BA detail row,"raw row population; Part 1/2/3 layouts differ, blanks are preserved, and row-level numeric columns are not promoted to cash or return proof"
CFAASBAFR-00314,Schedule BA Part 3,current-year-disposals-transfers-repayments,5831,7620ET-AA-7,"RGA Reinsurance Co Sr Subordinated 4.000% 12/13/51 ............................................. Springfield ....................... ......... MA......... Sale ............................................ . 11/29/2021 ... 07/14/2025 ......20,000,000 ................ ................ ................ ................ ................ ................ .......20,000,000 .......20,000,000 ................ ................ ................ .... 5,096,970",,disposal-transfer-or-repayment,"20,000,000; 20,000,000; 20,000,000; 5,096,970",full-range-schedule-ba-parser-row-visible,repeatable named Schedule BA detail row,"raw row population; Part 1/2/3 layouts differ, blanks are preserved, and row-level numeric columns are not promoted to cash or return proof"
CFAASBAFR-00315,Schedule BA Part 3,current-year-disposals-transfers-repayments,5831,878091-BG-1,"Teachers Insurance & Annuity A SUB 3.300% 05/15/50 ............................................. New York ........................... ......... NY......... Sale ............................................ . 05/27/2020 ... 07/07/2025 .......1,286,837 ................ ........(1,172) ................ ................ ........(1,172) ................ ........ 1,286,837 ........ 1,286,837 ................ ................ ................ ................",,disposal-transfer-or-repayment,"1,286,837; (1,172); (1,172); 1,286,837; 1,286,837",full-range-schedule-ba-parser-row-visible,repeatable named Schedule BA detail row,"raw row population; Part 1/2/3 layouts differ, blanks are preserved, and row-level numeric columns are not promoted to cash or return proof"
CFAASBAFR-00316,Schedule BA Part 3,current-year-disposals-transfers-repayments,5831,878091-BF-3,"Teachers Insurance & Annuity A Subordinated 4.270% 05/15/47 .................................... New York ........................... ......... NY......... Partial Sale .................................. . 05/03/2017 ... 06/30/2025 ......49,849,682 ................ ......(106,049) ................ ................ ......(106,049) ................ .......49,849,682 .......49,849,298 ................ ...........(383) ...........(383) ................",,disposal-transfer-or-repayment,"49,849,682; (106,049); (106,049); 49,849,682; 49,849,298",full-range-schedule-ba-parser-row-visible,repeatable named Schedule BA detail row,"raw row population; Part 1/2/3 layouts differ, blanks are preserved, and row-level numeric columns are not promoted to cash or return proof"
CFAASBAFR-00317,Schedule BA Part 3,current-year-disposals-transfers-repayments,5831,878091-BD-8,"Teachers Insurance & Annuity A Subordinated 4.900% 09/15/44 .................................... New York ........................... ......... NY......... Sale ............................................ . 01/10/2017 ... 07/07/2025 ................... ................ ................ ................ ................ ................ ................ .................... .................... ................ ................ ................ .......441,000",,disposal-transfer-or-repayment,"441,000",full-range-schedule-ba-parser-row-visible,repeatable named Schedule BA detail row,"raw row population; Part 1/2/3 layouts differ, blanks are preserved, and row-level numeric columns are not promoted to cash or return proof"
CFAASBAFR-00318,Schedule BA Part 3,current-year-disposals-transfers-repayments,5831,878091-BC-0,"Teachers Insurance & Annuity A Subordinated 6.850% 12/16/39 .................................... New York ........................... ......... NY......... Sale ............................................ . 07/08/2016 ... 06/16/2025 ......34,486,403 ................ ......(400,453) ................ ................ ......(400,453) ................ .......34,486,403 .......34,486,403 ................ ................ ................ ................ E09.1",,disposal-transfer-or-repayment,"34,486,403; (400,453); (400,453); 34,486,403; 34,486,403",full-range-schedule-ba-parser-row-visible,repeatable named Schedule BA detail row,"raw row population; Part 1/2/3 layouts differ, blanks are preserved, and row-level numeric columns are not promoted to cash or return proof"
CFAASBAFR-00319,Schedule BA Part 3,current-year-disposals-transfers-repayments,5832,92264H-AA-8,"Venerable Insurance and Annuit Subordinated 7.750% 06/29/45 .................................... West Chester ...................... ......... PA......... Sale ............................................ . 08/28/2025 ... 09/10/2025 ................... ................ ................ ................ ................ ................ ................ ................211 ................211 ................ ................ ................ .... 1,247,005",,disposal-transfer-or-repayment,"1,247,005",full-range-schedule-ba-parser-row-visible,repeatable named Schedule BA detail row,"raw row population; Part 1/2/3 layouts differ, blanks are preserved, and row-level numeric columns are not promoted to cash or return proof"
CFAASBAFR-00320,Schedule BA Part 3,current-year-disposals-transfers-repayments,5832,YR6758-93-6,"ABN AMRO Bank NV .................................. ..................................... .........NLD........ ................................................. . 04/09/2025 ... 09/11/2025 ................... ................ ................ ................ ................ ................ ................ ....... 49,659,233 ....... 49,659,233 ........70,600 ................ ........70,600 ................ ................... ABN AMRO Bank NV Junior Subordinated 5.750% Perpet. ..................................... ..................................... .........NLD........ ................................................. . 07/29/2025 ... 07/29/2025 ................... ................ ................ ................ ................ ................ ................ ........ 8,135,455 ........ 8,135,455 .......125,127 ................ .......125,127 .... 1,482,445 ................... ABN AMRO Bank NV Junior Subordinated 6.375% Perpet. ..................................... ..................................... .........NLD........ ................................................. . 05/21/2025 ... 09/11/2025 ................... ................ ........ (5,416) ................ ................ ........ (5,416) ................ ........ 8,119,793 ........ 8,119,793 ........ 42,288 ................ ........ 42,288 .... 1,303,994 ................... AIB Group PLC AIB GROUP PLC",,disposal-transfer-or-repayment,"49,659,233; 49,659,233; 70,600; 70,600; 8,135,455; 8,135,455; 125,127; 125,127; 1,482,445; (5,416); (5,416); 8,119,793; 8,119,793; 42,288; 42,288; 1,303,994",full-range-schedule-ba-parser-row-visible,repeatable named Schedule BA detail row,"raw row population; Part 1/2/3 layouts differ, blanks are preserved, and row-level numeric columns are not promoted to cash or return proof"
CFAASBAFR-00321,Schedule BA Part 3,current-year-disposals-transfers-repayments,5832,018820-AE-0,"Allianz SE Unsecured 6.550% Perpet. ....... ..................................... .........DEU........ ................................................. . 08/19/2025 ... 10/21/2025 ................... ................ ........ (5,227) ................ ................ ........ (5,227) ................ .......45,025,653 .......45,025,653 ................ ................ ................ .......511,626 ................... ASR Nederland NV Junior Subordinated 6.500% Perpet. .............................................. ..................................... .........NLD........ ................................................. . 10/17/2025 ... 10/31/2025 ................... ................ ............(12) ................ ................ ............(12) ................ ............12,110 ............12,110 ................ ................ ................ .......149,609",,disposal-transfer-or-repayment,"(5,227); (5,227); 45,025,653; 45,025,653; 511,626; 12,110; 12,110; 149,609",full-range-schedule-ba-parser-row-visible,repeatable named Schedule BA detail row,"raw row population; Part 1/2/3 layouts differ, blanks are preserved, and row-level numeric columns are not promoted to cash or return proof"
CFAASBAFR-00322,Schedule BA Part 3,current-year-disposals-transfers-repayments,5832,05254H-AA-2,"Australia & New Zealand Bankin Junior Subordinated 6.750% Perpet. .................. ..................................... .........AUS........ ................................................. . 01/01/2025 ... 02/28/2025 ................... ................ .......(80,737) ................ ................ .......(80,737) ................ .......12,835,599 .......12,835,599 ................ ................ ................ .......417,371 ................... Aviva PLC Junior Subordinated 6.875% Perpet. .............................................. ..................................... .........GBR........ ................................................. . 01/01/2025 ... 02/28/2025 ................... ................ ................ ................ ................ ................ ................ ........ 5,832,011 ........ 5,832,011 .......151,075 ................ .......151,075 .... 3,872,069 ................... AXA SA AXA SA 6.375% Perpet. ................ ..................................... .........FRA........ ................................................. . 04/07/2025 ... 05/31/2025 ................... ................ ............(20) ................ ................ ............(20) ................ ............33,889 ............33,889 ........ 87,274 ................ ........ 87,274 .... 2,508,187 ................... Banco de Sabadell SA Junior Subordinat",,disposal-transfer-or-repayment,"(80,737); (80,737); 12,835,599; 12,835,599; 417,371; 5,832,011; 5,832,011; 151,075; 151,075; 3,872,069; 33,889; 33,889; 87,274; 87,274; 2,508,187; 16,072",full-range-schedule-ba-parser-row-visible,repeatable named Schedule BA detail row,"raw row population; Part 1/2/3 layouts differ, blanks are preserved, and row-level numeric columns are not promoted to cash or return proof"
CFAASBAFR-00323,Schedule BA Part 3,current-year-disposals-transfers-repayments,5832,06368L-5Q-5,"Bank of Montreal .................................. ..................................... .........CAN........ ................................................. . 01/01/2025 ... 02/28/2025 ................... ................ ................ ................ ................ ................ ................ .......54,928,206 .......54,906,104 ................ .......(22,102) .......(22,102) ................",,disposal-transfer-or-repayment,"54,928,206; 54,906,104; (22,102); (22,102)",full-range-schedule-ba-parser-row-visible,repeatable named Schedule BA detail row,"raw row population; Part 1/2/3 layouts differ, blanks are preserved, and row-level numeric columns are not promoted to cash or return proof"
CFAASBAFR-00324,Schedule BA Part 3,current-year-disposals-transfers-repayments,5832,06368L-8V-1,"Bank of Montreal Junior Subordinated 6.875% 11/26/85 ................................... ..................................... .........CAN........ ................................................. . 07/21/2025 ... 09/30/2025 ................... ................ ........ (9,748) ................ ................ ........ (9,748) ................ ......102,132,875 ......102,132,875 ................ ................ ................ .... 2,152,297",,disposal-transfer-or-repayment,"(9,748); (9,748); 102,132,875; 102,132,875; 2,152,297",full-range-schedule-ba-parser-row-visible,repeatable named Schedule BA detail row,"raw row population; Part 1/2/3 layouts differ, blanks are preserved, and row-level numeric columns are not promoted to cash or return proof"
CFAASBAFR-00325,Schedule BA Part 3,current-year-disposals-transfers-repayments,5832,06368L-Q5-8,"Bank of Montreal Unsecured 7.700% 05/26/84 ........................................................ ..................................... .........CAN........ ................................................. . 01/01/2025 ... 05/30/2025 ................... ................ .......(78,059) ................ ................ .......(78,059) ................ ......106,216,622 ......106,330,462 ................ .......113,840 .......113,840 .... 2,102,131",,disposal-transfer-or-repayment,"(78,059); (78,059); 106,216,622; 106,330,462; 113,840; 113,840; 2,102,131",full-range-schedule-ba-parser-row-visible,repeatable named Schedule BA detail row,"raw row population; Part 1/2/3 layouts differ, blanks are preserved, and row-level numeric columns are not promoted to cash or return proof"
CFAASBAFR-00326,Schedule BA Part 3,current-year-disposals-transfers-repayments,5832,064159-8N-9,"Bank of Nova Scotia/The Junior Subordinated 3.625% 10/27/81 .................................... ..................................... .........CAN........ ................................................. . 01/01/2025 ... 11/19/2025 ................... ................ ................ ................ ................ ................ ................ ..... 178,000,000 ......176,706,591 ................ ...(1,293,409) ...(1,293,409) .......306,544",,disposal-transfer-or-repayment,"178,000,000; 176,706,591; (1,293,409); (1,293,409); 306,544",full-range-schedule-ba-parser-row-visible,repeatable named Schedule BA detail row,"raw row population; Part 1/2/3 layouts differ, blanks are preserved, and row-level numeric columns are not promoted to cash or return proof"
CFAASBAFR-00327,Schedule BA Part 3,current-year-disposals-transfers-repayments,5832,064159-8V-1,"Bank of Nova Scotia/The Junior Subordinated 8.000% 01/27/84 ................................... ..................................... .........CAN........ Sale ............................................ . 01/01/2025 ... 07/21/2025 ................... ................ .......(10,146) ................ ................ .......(10,146) ................ .......73,630,125 .......76,011,741 ................ .... 2,381,616 .... 2,381,616 ................",,disposal-transfer-or-repayment,"(10,146); (10,146); 73,630,125; 76,011,741; 2,381,616; 2,381,616",full-range-schedule-ba-parser-row-visible,repeatable named Schedule BA detail row,"raw row population; Part 1/2/3 layouts differ, blanks are preserved, and row-level numeric columns are not promoted to cash or return proof"
CFAASBAFR-00328,Schedule BA Part 3,current-year-disposals-transfers-repayments,5832,064159-8S-8,"Bank of Nova Scotia/The Junior Subordinated 8.625% 10/27/82 .................................... ..................................... .........CAN........ ................................................. . 06/24/2025 ... 09/29/2025 ................... ................ ......(108,266) ................ ................ ......(108,266) ................ ........ 9,749,119 ........ 9,864,930 ................ .......115,810 .......115,810 .......585,225",,disposal-transfer-or-repayment,"(108,266); (108,266); 9,749,119; 9,864,930; 115,810; 115,810; 585,225",full-range-schedule-ba-parser-row-visible,repeatable named Schedule BA detail row,"raw row population; Part 1/2/3 layouts differ, blanks are preserved, and row-level numeric columns are not promoted to cash or return proof"
CFAASBAFR-00329,Schedule BA Part 3,current-year-disposals-transfers-repayments,5832,064159-8X-7,"Bank of Nova Scotia/The Unsecured 7.350% 04/27/85 ............................................. ..................................... .........CAN........ Sale ............................................ . 01/01/2025 ... 07/22/2025 ................... ................ ........ (9,942)................ ................ ........ (9,942)................ .......24,640,698 .......25,446,135 ................ .......805,437 .......805,437 .......198,578",,disposal-transfer-or-repayment,"(9,942); (9,942); 24,640,698; 25,446,135; 805,437; 805,437; 198,578",full-range-schedule-ba-parser-row-visible,repeatable named Schedule BA detail row,"raw row population; Part 1/2/3 layouts differ, blanks are preserved, and row-level numeric columns are not promoted to cash or return proof"
CFAASBAFR-00330,Schedule BA Part 3,current-year-disposals-transfers-repayments,5832,05565A-S2-0,"BNP Paribas SA ..................................... ..................................... .........FRA........ Sale ............................................ . 01/01/2025 ... 10/08/2025 ................... ................ ................ ................ ................ ................ ................ .......18,711,960 .......18,764,808 ................ ........ 52,848 ........ 52,848 ................",,disposal-transfer-or-repayment,"18,711,960; 18,764,808; 52,848; 52,848",full-range-schedule-ba-parser-row-visible,repeatable named Schedule BA detail row,"raw row population; Part 1/2/3 layouts differ, blanks are preserved, and row-level numeric columns are not promoted to cash or return proof"
CFAASBAFR-00331,Schedule BA Part 3,current-year-disposals-transfers-repayments,5832,05602X-JC-3,"BNP Paribas SA ..................................... ..................................... .........FRA........ Sale ............................................ . 01/01/2025 ... 10/08/2025 ................... ................ ................ ................ ................ ................ ................ .......42,289,759 .......42,963,558 ................ .......673,799 .......673,799 ................",,disposal-transfer-or-repayment,"42,289,759; 42,963,558; 673,799; 673,799",full-range-schedule-ba-parser-row-visible,repeatable named Schedule BA detail row,"raw row population; Part 1/2/3 layouts differ, blanks are preserved, and row-level numeric columns are not promoted to cash or return proof"
CFAASBAFR-00332,Schedule BA Part 3,current-year-disposals-transfers-repayments,5832,05565A-M3-4,"BNP Paribas SA ..................................... ..................................... .........FRA........ Sale ............................................ . 01/01/2025 ... 10/08/2025 ................... ................ ................ ................ ................ ................ ................ .......18,706,285 .......18,970,026 ................ .......263,741 .......263,741 ................",,disposal-transfer-or-repayment,"18,706,285; 18,970,026; 263,741; 263,741",full-range-schedule-ba-parser-row-visible,repeatable named Schedule BA detail row,"raw row population; Part 1/2/3 layouts differ, blanks are preserved, and row-level numeric columns are not promoted to cash or return proof"
CFAASBAFR-00333,Schedule BA Part 3,current-year-disposals-transfers-repayments,5832,05565A-5R-0,"BNP Paribas SA ..................................... ..................................... .........FRA........ Sale ............................................ . 01/01/2025 ... 10/08/2025 ................... ................ ................ ................ ................ ................ ................ .......12,413,740 .......12,519,058 ................ .......105,318 .......105,318 ................",,disposal-transfer-or-repayment,"12,413,740; 12,519,058; 105,318; 105,318",full-range-schedule-ba-parser-row-visible,repeatable named Schedule BA detail row,"raw row population; Part 1/2/3 layouts differ, blanks are preserved, and row-level numeric columns are not promoted to cash or return proof"
CFAASBAFR-00334,Schedule BA Part 3,current-year-disposals-transfers-repayments,5832,05565A-GF-4,"BNP Paribas SA ..................................... ..................................... .........FRA........ Sale ............................................ . 01/01/2025 ... 10/08/2025 ................... ................ ................ ................ ................ ................ ................ .......18,399,300 .......18,437,110 ................ ........37,810 ........37,810 ................",,disposal-transfer-or-repayment,"18,399,300; 18,437,110; 37,810; 37,810",full-range-schedule-ba-parser-row-visible,repeatable named Schedule BA detail row,"raw row population; Part 1/2/3 layouts differ, blanks are preserved, and row-level numeric columns are not promoted to cash or return proof"
CFAASBAFR-00335,Schedule BA Part 3,current-year-disposals-transfers-repayments,5832,05565A-DW-0,"BNP Paribas SA Junior Subordinated 5.125% Perpet. .............................................. ..................................... .........FRA........ ................................................. . 01/01/2025 ... 02/28/2025 ................... ................ ................ ................ ................ ................ ................ ........ 4,499,375 ........ 4,499,375 ................ ................ ................ .......128,125",,disposal-transfer-or-repayment,"4,499,375; 4,499,375; 128,125",full-range-schedule-ba-parser-row-visible,repeatable named Schedule BA detail row,"raw row population; Part 1/2/3 layouts differ, blanks are preserved, and row-level numeric columns are not promoted to cash or return proof"
CFAASBAFR-00336,Schedule BA Part 3,current-year-disposals-transfers-repayments,5832,05602X-DJ-4,"BNP Paribas SA Junior Subordinated 8.000% Perpet. .............................................. ..................................... .........FRA........ Sale ............................................ . 01/01/2025 ... 07/08/2025 ................... ................ ................ ................ ................ ................ ................ ......274,072,937 ......274,270,974 ................ .......198,037 .......198,037 .... 2,192,060 ................... CaixaBank SA CAIXABANK SA 5.875% Perpetual 5.875% Perpet. ..................................... ..................................... .........ESP........ ................................................. . 09/12/2025 ... 09/30/2025 ................... ................ ........ (1,312) ................ ................ ........ (1,312) ................ ...........275,503 ...........275,503 ........ (5,605) ................ ........ (5,605) .......886,207 ................... CaixaBank SA Junior Subordinated 8.250% Perpet. .............................................. ..................................... .........ESP........ ................................................. . 06/24/2025 ... 09/30/2025 ................... ........(1,131) ........ (5,331) ................ ................ ........(6,461) ................ ...........510,169 ...........510,169 ..........1,421 ................ ..........1,421 .... 1,2",,disposal-transfer-or-repayment,"274,072,937; 274,270,974; 198,037; 198,037; 2,192,060; (1,312); (1,312); 275,503; 275,503; (5,605); (5,605); 886,207; (1,131); (5,331); (6,461); 510,169",full-range-schedule-ba-parser-row-visible,repeatable named Schedule BA detail row,"raw row population; Part 1/2/3 layouts differ, blanks are preserved, and row-level numeric columns are not promoted to cash or return proof"
CFAASBAFR-00337,Schedule BA Part 3,current-year-disposals-transfers-repayments,5833,225313-AR-6,"Credit Agricole SA Junior Subordinated 6.700% Perpet. ..................................... ..................................... .........FRA........ Sale ............................................ . 09/24/2024 ... 12/01/2025 ................... ................ ................ ................ ................ ................ ................ ........ 2,500,000 ........ 2,521,100 ................ ........21,100 ........21,100 .....2,499,941 ................... Danske Bank A/S Junior Subordinated 4.375% Perpet. .............................................. ..................................... .........DNK........ Sale ............................................ . 05/19/2025 ... 09/09/2025 ................... ................ ................ ................ ................ ................ ................ .......12,273,920 .......12,464,704 ................ .......190,784 .......190,784 .......259,802 ................... Danske Bank A/S Junior Subordinated 7.000% Perpet. .............................................. ..................................... .........DNK........ Sale ............................................ . 04/07/2025 ... 07/08/2025 ................... ................ ........ (4,732) ................ ................ ........ (4,732) ................ .........4,299,239 ........ 4,504,973 ................ .......205,734 .......205,734 .... 1,830,4",,disposal-transfer-or-repayment,"2,500,000; 2,521,100; 21,100; 21,100; 2,499,941; 12,273,920; 12,464,704; 190,784; 190,784; 259,802; (4,732); (4,732); 4,299,239; 4,504,973; 205,734; 205,734",full-range-schedule-ba-parser-row-visible,repeatable named Schedule BA detail row,"raw row population; Part 1/2/3 layouts differ, blanks are preserved, and row-level numeric columns are not promoted to cash or return proof"
CFAASBAFR-00338,Schedule BA Part 3,current-year-disposals-transfers-repayments,5833,404280-BP-3,"HSBC Holdings PLC ................................. ..................................... .........GBR........ Sale ............................................ . 03/17/2025 ... 10/08/2025 ................... ................ ................ ................ ................ ................ ................ ........ 2,005,395 ........ 2,044,761 ................ ........ 39,366 ........ 39,366 ................",,disposal-transfer-or-repayment,"2,005,395; 2,044,761; 39,366; 39,366",full-range-schedule-ba-parser-row-visible,repeatable named Schedule BA detail row,"raw row population; Part 1/2/3 layouts differ, blanks are preserved, and row-level numeric columns are not promoted to cash or return proof"
CFAASBAFR-00339,Schedule BA Part 3,current-year-disposals-transfers-repayments,5833,456837-AY-9,"ING Groep NV ....................................... ..................................... .........NLD........ Sale ............................................ . 10/08/2025 ... 12/17/2025 ................... ................ ................ ................ ................ ................ ................ ........6,161,869 ........ 6,210,905 ................ ........ 49,037 ........ 49,037 ................",,disposal-transfer-or-repayment,"6,161,869; 6,210,905; 49,037; 49,037",full-range-schedule-ba-parser-row-visible,repeatable named Schedule BA detail row,"raw row population; Part 1/2/3 layouts differ, blanks are preserved, and row-level numeric columns are not promoted to cash or return proof"
CFAASBAFR-00340,Schedule BA Part 3,current-year-disposals-transfers-repayments,5833,456837-AR-4,"ING Groep NV Junior Subordinated 5.750% Perpet. .............................................. ..................................... .........NLD........ ................................................. . 09/13/2024 ... 12/31/2025 ................... ................ ............(25) ................ ................ ............(25) ................ ............37,264 ............37,264 ................ ................ ................ .... 1,366,798",,disposal-transfer-or-repayment,"37,264; 37,264; 1,366,798",full-range-schedule-ba-parser-row-visible,repeatable named Schedule BA detail row,"raw row population; Part 1/2/3 layouts differ, blanks are preserved, and row-level numeric columns are not promoted to cash or return proof"
CFAASBAFR-00341,Schedule BA Part 3,current-year-disposals-transfers-repayments,5833,456837-BT-9,"ING Groep NV Junior Subordinated 7.000% Perpet. .............................................. ..................................... .........NLD........ ................................................. . 09/02/2025 ... 10/21/2025 ................... ................ ........ (9,850) ................ ................ ........ (9,850) ................ .......85,577,444 .......85,577,444 ................ ................ ................ .... 1,020,475 ................... ING Groep NV Junior Subordinated 7.250% Perpet. .............................................. ..................................... .........NLD........ ................................................. . 03/10/2025 ... 12/31/2025 ................... ................ ............(99) ................ ................ ............(99) ................ ............78,693 ............78,693 ................ ................ ................ .... 2,340,551 ................... ING Groep NV Junior Subordinated 8.000% Perpet. .............................................. ..................................... .........NLD........ ................................................. . 09/23/2024 ... 12/31/2025 ................... ...........(119) ........ (3,073) ................ ................ ........ (3,192) ................ ...........437,805 ...........437,805 ................ ................ ................ ...",,disposal-transfer-or-repayment,"(9,850); (9,850); 85,577,444; 85,577,444; 1,020,475; 78,693; 78,693; 2,340,551; (3,073); (3,192); 437,805; 437,805; 3,279,928; 10,739,037; 10,739,037; 55,032",full-range-schedule-ba-parser-row-visible,repeatable named Schedule BA detail row,"raw row population; Part 1/2/3 layouts differ, blanks are preserved, and row-level numeric columns are not promoted to cash or return proof"
CFAASBAFR-00342,Schedule BA Part 3,current-year-disposals-transfers-repayments,5833,539439-AU-3,"Lloyds Banking Group PLC Junior Subordinated 4.246% Perpet. ..................................... ..................................... .........GBR........ Redemption ..................................... . 01/01/2025 ... 09/29/2025 ................... ................ ......(405,000) ................ ................ ......(405,000) ................ .......77,016,893 .......77,016,893 ................ ................ ................ ................",,disposal-transfer-or-repayment,"(405,000); (405,000); 77,016,893; 77,016,893",full-range-schedule-ba-parser-row-visible,repeatable named Schedule BA detail row,"raw row population; Part 1/2/3 layouts differ, blanks are preserved, and row-level numeric columns are not promoted to cash or return proof"
CFAASBAFR-00343,Schedule BA Part 3,current-year-disposals-transfers-repayments,5833,539439-BF-5,"Lloyds Banking Group PLC Junior Subordinated 6.625% Perpet. ..................................... ..................................... .........GBR........ Sale ............................................ . 10/27/2025 ... 12/01/2025 ................... ................ ................ ................ ................ ................ ................ ...........800,000 ...........793,592 ................ ........(6,408) ........(6,408) ..........6,404",,disposal-transfer-or-repayment,"800,000; 793,592; (6,408); (6,408); 6,404",full-range-schedule-ba-parser-row-visible,repeatable named Schedule BA detail row,"raw row population; Part 1/2/3 layouts differ, blanks are preserved, and row-level numeric columns are not promoted to cash or return proof"
CFAASBAFR-00344,Schedule BA Part 3,current-year-disposals-transfers-repayments,5833,53944Y-AV-5,"Lloyds Banking Group PLC Junior Subordinated 8.000% Perpet. ..................................... ..................................... .........GBR........ ................................................. . 10/08/2025 ... 11/18/2025 ................... ................ ................ ................ ................ ................ ................ .......24,988,954 .......24,988,954 ................ ................ ................ ........ 69,973 ................... Lloyds Banking Group PLC Junior Subordinated 8.500% Perpet. ..................................... ..................................... .........GBR........ ................................................. . 06/24/2025 ... 07/31/2025 ................... ................ ........ (1,284) ................ ................ ........ (1,284) ................ ...........148,000 ...........148,000 ........ (4,252)................ ........ (4,252).......700,990",,disposal-transfer-or-repayment,"24,988,954; 24,988,954; 69,973; (1,284); (1,284); 148,000; 148,000; (4,252); (4,252); 700,990",full-range-schedule-ba-parser-row-visible,repeatable named Schedule BA detail row,"raw row population; Part 1/2/3 layouts differ, blanks are preserved, and row-level numeric columns are not promoted to cash or return proof"
CFAASBAFR-00345,Schedule BA Part 3,current-year-disposals-transfers-repayments,5833,53944Y-BB-8,"Lloyds Banking Group PLC LLOYDS BANKING GROUP PLC 6.750% Perpet. ...................... ..................................... .........GBR........ Sale ............................................ . 04/07/2025 ... 07/08/2025 ................... ................ ................ ................ ................ ................ ................ .......59,596,875 .......60,693,750 ................ .... 1,096,875 .... 1,096,875 .......692,672",,disposal-transfer-or-repayment,"59,596,875; 60,693,750; 1,096,875; 1,096,875; 692,672",full-range-schedule-ba-parser-row-visible,repeatable named Schedule BA detail row,"raw row population; Part 1/2/3 layouts differ, blanks are preserved, and row-level numeric columns are not promoted to cash or return proof"
CFAASBAFR-00346,Schedule BA Part 3,current-year-disposals-transfers-repayments,5833,639057-AT-5,"NatWest Group PLC Junior Subordinated 7.300% Perpet. ..................................... ..................................... .........GBR........ ................................................. . 10/08/2025 ... 12/01/2025 ................... ................ ................ ................ ................ ................ ................ ........ 6,245,304 ........ 6,245,304 ................ ................ ................ ........ 49,218",,disposal-transfer-or-repayment,"6,245,304; 6,245,304; 49,218",full-range-schedule-ba-parser-row-visible,repeatable named Schedule BA detail row,"raw row population; Part 1/2/3 layouts differ, blanks are preserved, and row-level numeric columns are not promoted to cash or return proof"
CFAASBAFR-00347,Schedule BA Part 3,current-year-disposals-transfers-repayments,5833,639057-AQ-1,"NatWest Group PLC Junior Subordinated 8.125% Perpet. ..................................... ..................................... .........GBR........ Sale ............................................ . 04/08/2025 ... 12/01/2025 ................... ................ .......(15,969) ................ ................ .......(15,969) ................ ......160,170,587 ......163,322,734 ................ .... 3,152,147 .... 3,152,147 .... 1,438,038 ................... NN Group NV Junior Subordinated 5.750% Perpet. .............................................. ..................................... .........NLD........ ................................................. . 05/19/2025 ... 09/11/2025 ................... ................ ...........(236) ................ ................ ...........(236) ................ ........ 5,494,362 ........ 5,494,362 ........ 42,960 ................ ........ 42,960 .... 1,726,026 ................... NN Group NV NN GROUP NV 6.375% Perpet. .... ..................................... .........NLD........ ................................................. . 04/07/2025 ... 10/08/2025 ................... ................ ............(67) ................ ................ ............(67) ................ ............49,600 ............49,600 ........78,896 ................ ........78,896 ....1,606,116",,disposal-transfer-or-repayment,"(15,969); (15,969); 160,170,587; 163,322,734; 3,152,147; 3,152,147; 1,438,038; 5,494,362; 5,494,362; 42,960; 42,960; 1,726,026; 49,600; 49,600; 78,896; 78,896",full-range-schedule-ba-parser-row-visible,repeatable named Schedule BA detail row,"raw row population; Part 1/2/3 layouts differ, blanks are preserved, and row-level numeric columns are not promoted to cash or return proof"
CFAASBAFR-00348,Schedule BA Part 3,current-year-disposals-transfers-repayments,5833,65559C-AD-3,"Nordea Bank Abp .................................... ..................................... .........FIN........ ................................................. . 03/21/2025 ... 12/09/2025 ................... ................ ................ ................ ................ ................ ................ .......10,830,550 .......11,124,996 ................ .......294,446 .......294,446 ................",,disposal-transfer-or-repayment,"10,830,550; 11,124,996; 294,446; 294,446",full-range-schedule-ba-parser-row-visible,repeatable named Schedule BA detail row,"raw row population; Part 1/2/3 layouts differ, blanks are preserved, and row-level numeric columns are not promoted to cash or return proof"
CFAASBAFR-00349,Schedule BA Part 3,current-year-disposals-transfers-repayments,5833,65559C-AA-9,"Nordea Bank Abp Jr Subordinated 6.625% Perpet. .............................................. ..................................... .........FIN........ ................................................. . 01/01/2025 ... 02/28/2025 ................... ................ .......(33,542)................ ................ .......(33,542)................ .......18,230,062 .......18,230,062 ................ ................ ................ .......964,912 ................... Nordea Bank Abp Junior Subordinated 6.413% Perpet. .............................................. ..................................... .........FIN........ ................................................. . 09/12/2025 ... 09/30/2025 ................... ................ ........ (6,326) ................ ................ ........ (6,326) ................ ....... 33,323,629 .......33,537,121 ................ .......213,493 .......213,493 .......250,074 ................... Phoenix Group Holdings PLC Junior Subordinated 5.750% Perpet. .................. ..................................... .........GBR........ ................................................. . 04/09/2025 ... 10/30/2025 ................... ................ ................ ................ ................ ................ ................ .......19,123,685 .......19,123,685 ........ 17,979 ................ ........ 17,979 .......464,105 .............",,disposal-transfer-or-repayment,"(33,542); (33,542); 18,230,062; 18,230,062; 964,912; (6,326); (6,326); 33,323,629; 33,537,121; 213,493; 213,493; 250,074; 19,123,685; 19,123,685; 17,979; 17,979",full-range-schedule-ba-parser-row-visible,repeatable named Schedule BA detail row,"raw row population; Part 1/2/3 layouts differ, blanks are preserved, and row-level numeric columns are not promoted to cash or return proof"
CFAASBAFR-00350,Schedule BA Part 3,current-year-disposals-transfers-repayments,5834,780082-AT-0,"Royal Bank of Canada Junior Subordinated 6.350% 11/24/84 .................................... ..................................... .........CAN........ Sale ............................................ . 01/01/2025 ... 12/01/2025 ................... ................ ................ ................ ................ ................ ................ .......34,750,000 .......34,728,200 ................ .......(21,800) .......(21,800) .......369,673",,disposal-transfer-or-repayment,"34,750,000; 34,728,200; (21,800); (21,800); 369,673",full-range-schedule-ba-parser-row-visible,repeatable named Schedule BA detail row,"raw row population; Part 1/2/3 layouts differ, blanks are preserved, and row-level numeric columns are not promoted to cash or return proof"
CFAASBAFR-00351,Schedule BA Part 3,current-year-disposals-transfers-repayments,5834,780082-AY-9,"Royal Bank of Canada Junior Subordinated 6.500% 11/24/85 .................................... ..................................... .........CAN........ Sale ............................................ . 09/15/2025 ... 12/01/2025 ................... ................ ...........(146) ................ ................ ...........(146) ................ .......30,733,869 .......30,702,754 ................ .......(31,115) .......(31,115) .......236,152",,disposal-transfer-or-repayment,"30,733,869; 30,702,754; (31,115); (31,115); 236,152",full-range-schedule-ba-parser-row-visible,repeatable named Schedule BA detail row,"raw row population; Part 1/2/3 layouts differ, blanks are preserved, and row-level numeric columns are not promoted to cash or return proof"
CFAASBAFR-00352,Schedule BA Part 3,current-year-disposals-transfers-repayments,5834,780082-AV-5,"Royal Bank of Canada Junior Subordinated 6.750% 08/24/85 .................................... ..................................... .........CAN........ Sale ............................................ . 06/04/2025 ... 11/07/2025 ................... ................ .......(29,587) ................ ................ .......(29,587) ................ ......216,857,408 ......216,647,014 ................ ......(210,394) ......(210,394) .... 2,280,136",,disposal-transfer-or-repayment,"(29,587); (29,587); 216,857,408; 216,647,014; (210,394); (210,394); 2,280,136",full-range-schedule-ba-parser-row-visible,repeatable named Schedule BA detail row,"raw row population; Part 1/2/3 layouts differ, blanks are preserved, and row-level numeric columns are not promoted to cash or return proof"
CFAASBAFR-00353,Schedule BA Part 3,current-year-disposals-transfers-repayments,5834,780082-AR-4,"Royal Bank of Canada Junior Subordinated 7.500% 05/02/84 .................................... ..................................... .........CAN........ ................................................. . 01/01/2025 ... 10/15/2025 ................... ................ ......(244,451)................ ................ ......(244,451)................ ......217,585,013 ......219,647,157 ................ .... 2,062,144 .... 2,062,144 .... 2,606,004 ................... Skandinaviska Enskilda Banken Jr Subordinated 6.750% Perpet. .................. ..................................... .........SWE........ Sale ............................................ . 04/07/2025 ... 07/08/2025 ................... ................ ........ (4,201) ................ ................ ........ (4,201) ................ .......18,813,360 .......19,197,507 ................ .......384,146 .......384,146 .......828,066 ................... Skandinaviska Enskilda Banken Jr Subordinated 6.875% Perpet. .................. ..................................... .........SWE........ ................................................. . 02/21/2025 ... 09/11/2025 ................... ................ .......(25,347) ................ ................ .......(25,347) ................ .......12,635,224 .......12,635,224 ................ ................ ................ .......120,200 ................... Swedbank AB .....",,disposal-transfer-or-repayment,"(244,451); (244,451); 217,585,013; 219,647,157; 2,062,144; 2,062,144; 2,606,004; (4,201); (4,201); 18,813,360; 19,197,507; 384,146; 384,146; 828,066; (25,347); (25,347)",full-range-schedule-ba-parser-row-visible,repeatable named Schedule BA detail row,"raw row population; Part 1/2/3 layouts differ, blanks are preserved, and row-level numeric columns are not promoted to cash or return proof"
CFAASBAFR-00354,Schedule BA Part 3,current-year-disposals-transfers-repayments,5834,89116C-KP-1,"Toronto-Dominion Bank/The Junior Subordinated 7.250% 07/31/84 .................................... ..................................... .........CAN........ Sale ............................................ . 01/01/2025 ... 10/10/2025 ................... ................ .......(44,848) ................ ................ .......(44,848) ................ ......123,580,319 ......124,662,248 ................ .... 1,081,929 .... 1,081,929 .... 1,246,961",,disposal-transfer-or-repayment,"(44,848); (44,848); 123,580,319; 124,662,248; 1,081,929; 1,081,929; 1,246,961",full-range-schedule-ba-parser-row-visible,repeatable named Schedule BA detail row,"raw row population; Part 1/2/3 layouts differ, blanks are preserved, and row-level numeric columns are not promoted to cash or return proof"
CFAASBAFR-00355,Schedule BA Part 3,current-year-disposals-transfers-repayments,5834,89117F-8Z-5,"Toronto-Dominion Bank/The Junior Subordinated 8.125% 10/31/82 .................................... ..................................... .........CAN........ ................................................. . 01/01/2025 ... 09/19/2025 ................... ................ ......(294,930)................ ................ ......(294,930)................ .......82,753,232 .......84,721,424 ................ .... 1,968,192 .... 1,968,192 .......391,446",,disposal-transfer-or-repayment,"(294,930); (294,930); 82,753,232; 84,721,424; 1,968,192; 1,968,192; 391,446",full-range-schedule-ba-parser-row-visible,repeatable named Schedule BA detail row,"raw row population; Part 1/2/3 layouts differ, blanks are preserved, and row-level numeric columns are not promoted to cash or return proof"
CFAASBAFR-00356,Schedule BA Part 3,current-year-disposals-transfers-repayments,5834,89116C-4H-7,"Toronto-Dominion Bank/The TORONTO-DOMINION BANK 6.35% 31 6.350% 10/31/85 ............... ..................................... .........CAN........ ................................................. . 09/12/2025 ... 09/30/2025 ................... ................ ............285 ................ ................ ............285 ................ .......35,026,679 .......35,026,679 ................ ................ ................ .......302,509",,disposal-transfer-or-repayment,"35,026,679; 35,026,679; 302,509",full-range-schedule-ba-parser-row-visible,repeatable named Schedule BA detail row,"raw row population; Part 1/2/3 layouts differ, blanks are preserved, and row-level numeric columns are not promoted to cash or return proof"
CFAASBAFR-00357,Schedule BA Part 3,current-year-disposals-transfers-repayments,5834,902613-BE-7,"UBS Group AG ....................................... ..................................... .........CHE........ Sale ............................................ . 03/10/2025 ... 10/08/2025 ................... ................ ................ ................ ................ ................ ................ ......131,489,708 ......134,987,017 ................ .... 3,497,309 .... 3,497,309 ................",,disposal-transfer-or-repayment,"131,489,708; 134,987,017; 3,497,309; 3,497,309",full-range-schedule-ba-parser-row-visible,repeatable named Schedule BA detail row,"raw row population; Part 1/2/3 layouts differ, blanks are preserved, and row-level numeric columns are not promoted to cash or return proof"
CFAASBAFR-00358,Schedule BA Part 3,current-year-disposals-transfers-repayments,5834,902613-AD-0,"UBS Group AG Junior Subordinated 4.375% Perpet. .............................................. ..................................... .........CHE........ ................................................. . 01/01/2025 ... 03/31/2025 ................... ................ ................ ................ ................ ................ ................ ........6,600,000 ........6,600,000 ................ ................ ................ .......103,272",,disposal-transfer-or-repayment,"6,600,000; 6,600,000; 103,272",full-range-schedule-ba-parser-row-visible,repeatable named Schedule BA detail row,"raw row population; Part 1/2/3 layouts differ, blanks are preserved, and row-level numeric columns are not promoted to cash or return proof"
CFAASBAFR-00359,Schedule BA Part 3,current-year-disposals-transfers-repayments,5834,902613-BN-7,"UBS Group AG Junior Subordinated 6.850% Perpet. .............................................. ..................................... .........CHE........ ................................................. . 01/01/2025 ... 03/31/2025 ................... ................ .......(11,880) ................ ................ .......(11,880) ................ .......84,962,540 .......84,962,540 ................ ................ ................ .... 1,503,578",,disposal-transfer-or-repayment,"(11,880); (11,880); 84,962,540; 84,962,540; 1,503,578",full-range-schedule-ba-parser-row-visible,repeatable named Schedule BA detail row,"raw row population; Part 1/2/3 layouts differ, blanks are preserved, and row-level numeric columns are not promoted to cash or return proof"
CFAASBAFR-00360,Schedule BA Part 3,current-year-disposals-transfers-repayments,5834,225401-BJ-6,"UBS Group AG Junior Subordinated 7.125% Perpet. .............................................. ..................................... .........CHE........ Sale ............................................ . 02/05/2025 ... 12/01/2025 ................... ................ ................ ................ ................ ................ ................ ........ 5,063,000 ........ 5,156,849 ................ ........ 93,849 ........ 93,849 .... 1,065,258",,disposal-transfer-or-repayment,"5,063,000; 5,156,849; 93,849; 93,849; 1,065,258",full-range-schedule-ba-parser-row-visible,repeatable named Schedule BA detail row,"raw row population; Part 1/2/3 layouts differ, blanks are preserved, and row-level numeric columns are not promoted to cash or return proof"
CFAASBAFR-00361,Schedule BA Part 3,current-year-disposals-transfers-repayments,5834,902613-BK-3,"UBS Group AG Junior Subordinated 7.750% Perpet. .............................................. ..................................... .........CHE........ Sale ............................................ . 01/01/2025 ... 07/08/2025 ................... ................ .......(11,131) ................ ................ .......(11,131) ................ .......85,727,849 .......86,010,099 ................ .......282,250 .......282,250 .......805,631",,disposal-transfer-or-repayment,"(11,131); (11,131); 85,727,849; 86,010,099; 282,250; 282,250; 805,631",full-range-schedule-ba-parser-row-visible,repeatable named Schedule BA detail row,"raw row population; Part 1/2/3 layouts differ, blanks are preserved, and row-level numeric columns are not promoted to cash or return proof"
CFAASBAFR-00362,Schedule BA Part 3,current-year-disposals-transfers-repayments,5834,902613-BF-4,"UBS Group AG Junior Subordinated 9.250% Perpet. .............................................. ..................................... .........CHE........ ................................................. . 04/29/2025 ... 08/07/2025 ................... ................ ......(124,515) ................ ................ ......(124,515) ................ .......27,196,706 .......27,196,706 ................ ................ ................ .......255,395 ................... Vontobel Holding AG Subordinated 9.480% Perpet. .............................................. ..................................... .........CHE........ ................................................. . 01/01/2025 ... 03/31/2025 ................... ................ ......(199,328) ................ ................ ......(199,328) ................ .......36,319,447 .......36,319,447 ................ ................ ................ .... 1,549,053 ................... Vontobel Holding AG Subordinated 9.680% Perpet. .............................................. ..................................... .........CHE........ ................................................. . 01/01/2025 ... 03/31/2025 ................... ................ ......(176,641) ................ ................ ......(176,641) ................ .......36,855,207 .......36,855,207 ................ ................ ................ .... 1,584,34",,disposal-transfer-or-repayment,"(124,515); (124,515); 27,196,706; 27,196,706; 255,395; (199,328); (199,328); 36,319,447; 36,319,447; 1,549,053; (176,641); (176,641); 36,855,207; 36,855,207; 1,584,345",full-range-schedule-ba-parser-row-visible,repeatable named Schedule BA detail row,"raw row population; Part 1/2/3 layouts differ, blanks are preserved, and row-level numeric columns are not promoted to cash or return proof"
CFAASBAFR-00363,Schedule BA Part 3,current-year-disposals-transfers-repayments,5834,37187A-AL-8,"Genesis Financial Gnfl 20 GNFL 2020 F 18.960% 01/15/31 .................................. Wilmington ......................... ......... DE......... Sale ............................................ . 06/13/2023 ... 12/31/2025 .......1,033,239 ...........(399).......(11,588) ................ ................ .......(11,987) ................ ........ 1,032,840 ........ 1,032,840 ................ ................ ................ .......279,698",,disposal-transfer-or-repayment,"1,033,239; (11,588); (11,987); 1,032,840; 1,032,840; 279,698",full-range-schedule-ba-parser-row-visible,repeatable named Schedule BA detail row,"raw row population; Part 1/2/3 layouts differ, blanks are preserved, and row-level numeric columns are not promoted to cash or return proof"
CFAASBAFR-00364,Schedule BA Part 3,current-year-disposals-transfers-repayments,5835,03841S-AF-2,"Aqua AssetCo Alt Trust II R 0.000% 11/12/55 ............................................. Wausau .............................. ......... WI......... Paydown ........................................ . 10/29/2025 ... 12/12/2025 ................... ................ ......(117,330) ................ ................ ......(117,330) ................ ........ 2,878,294 ........ 2,878,294 ................ ................ ................ .... 1,035,067 ................... Aqua Borrower Trust L ............................ Wausau .............................. ......... WI......... Tax Free Exchange ........................... . 05/02/2025 ... 10/29/2025 ................... ................ ................ ................ ................ ................ ................ .......72,918,225 .......73,331,666 ................ .......413,441 .......413,441 ................",,structured-credit-or-real-estate,"(117,330); (117,330); 2,878,294; 2,878,294; 1,035,067; 72,918,225; 73,331,666; 413,441; 413,441",full-range-schedule-ba-parser-row-visible,repeatable named Schedule BA detail row,"raw row population; Part 1/2/3 layouts differ, blanks are preserved, and row-level numeric columns are not promoted to cash or return proof"
CFAASBAFR-00365,Schedule BA Part 3,current-year-disposals-transfers-repayments,5835,03844A-AF-8,"Aqua Borrower Trust L R 0.000% 01/12/56 .. Wausau .............................. ......... WI......... ................................................. . 06/05/2025 ... 11/30/2025 ................... ................ ...(1,864,453) ................ ................ ...(1,864,453) ................ ......135,402,185 ......135,402,185 ................ ................ ................ .......919,114",,structured-credit-or-real-estate,"(1,864,453); (1,864,453); 135,402,185; 135,402,185; 919,114",full-range-schedule-ba-parser-row-visible,repeatable named Schedule BA detail row,"raw row population; Part 1/2/3 layouts differ, blanks are preserved, and row-level numeric columns are not promoted to cash or return proof"
CFAASBAFR-00366,Schedule BA Part 3,current-year-disposals-transfers-repayments,5835,00076M-AF-7,"BHG 2025 Forward Flow BHG 2025 Forward Flow Class R 0.000% 04/29/36 ...................... Fort Lauderdale .................. ......... FL......... ................................................. . 08/15/2025 ... 10/17/2025 ................... ................ ......(448,909) ................ ................ ......(448,909) ................ ........ 5,794,407 ........ 5,794,407 ................ ................ ................ .... 5,407,412",,disposal-transfer-or-repayment,"(448,909); (448,909); 5,794,407; 5,794,407; 5,407,412",full-range-schedule-ba-parser-row-visible,repeatable named Schedule BA detail row,"raw row population; Part 1/2/3 layouts differ, blanks are preserved, and row-level numeric columns are not promoted to cash or return proof"
CFAASBAFR-00367,Schedule BA Part 3,current-year-disposals-transfers-repayments,5835,Q0286*-AH-0,"Turbin Finance Trust 2025-1 Turbin Finance Trust 2025-1 G1 0.000% 02/12/67 ............ ..................................... .........AUS........ Tax Free Exchange ........................... . 07/31/2025 ... 07/31/2025 ................... ................ .......(28,404) ................ ................ .......(28,404) ................ ........ 1,416,085 ........ 1,416,085 ......... 4,070 ................ ......... 4,070 ........ 65,744",,structured-credit-or-real-estate,"(28,404); (28,404); 1,416,085; 1,416,085; 4,070; 4,070; 65,744",full-range-schedule-ba-parser-row-visible,repeatable named Schedule BA detail row,"raw row population; Part 1/2/3 layouts differ, blanks are preserved, and row-level numeric columns are not promoted to cash or return proof"
CFAASBAFR-00368,Schedule BA Part 3,current-year-disposals-transfers-repayments,5835,Q7457#-AG-6,"Turbin Finance Trust 2024-1 G1 11.544% 10/23/66 ............................................. ..................................... .........AUS........ Tax Free Exchange ........................... . 07/31/2025 ... 07/31/2025 ................... ................ ................ ................ ................ ................ ................ ...........172,300 ...........172,300 ............626 ................ ............626 ........ 72,999",,structured-credit-or-real-estate,"172,300; 172,300; 72,999",full-range-schedule-ba-parser-row-visible,repeatable named Schedule BA detail row,"raw row population; Part 1/2/3 layouts differ, blanks are preserved, and row-level numeric columns are not promoted to cash or return proof"
