source_parser_row_id,schedule,page,cusip,issuer_or_description,missing_value_field_count,missing_value_fields,sparse_subtype,review_status,boundary
CFAASDFR-0092,Schedule D Part 1 Section 1,5837,912834-JP-4,United States Treasury Strip C STRIPS,1,par_value,non-nim-sparse-row,high-priority-column-review,"source-visible blanks must not be imputed; classification is a repair worklist, not final accounting evidence"
CFAASDFR-0093,Schedule D Part 1 Section 1,5837,912834-KH-0,United States Treasury Strip C TREASURY STRIP INT,1,par_value,non-nim-sparse-row,high-priority-column-review,"source-visible blanks must not be imputed; classification is a repair worklist, not final accounting evidence"
CFAASDFR-0094,Schedule D Part 1 Section 1,5837,912834-KP-2,United States Treasury Strip C STRIPS,1,par_value,non-nim-sparse-row,high-priority-column-review,"source-visible blanks must not be imputed; classification is a repair worklist, not final accounting evidence"
CFAASDFR-0095,Schedule D Part 1 Section 1,5838,912834-KV-9,United States Treasury Strip C STRIPS,1,par_value,non-nim-sparse-row,high-priority-column-review,"source-visible blanks must not be imputed; classification is a repair worklist, not final accounting evidence"
CFAASDFR-0513,Schedule D Part 1 Section 1,5847,08516*-AA-8,Berlin Station LLC SR SECD NTS SER A,3,actual_cost;fair_value;book_adjusted_carrying_value,non-nim-sparse-row,high-priority-column-review,"source-visible blanks must not be imputed; classification is a repair worklist, not final accounting evidence"
CFAASDFR-3419,Schedule D Part 1 Section 2,5912,38375B-3G-5,Government National Mortgage A GNR 2013-H14 SI,1,par_value,source-visible-or-legacy-abs-sparse,row-level-source-review,"source-visible blanks must not be imputed; classification is a repair worklist, not final accounting evidence"
CFAASDFR-3420,Schedule D Part 1 Section 2,5912,38375B-5S-7,Government National Mortgage A GNR 2013-H19 ID,1,par_value,source-visible-or-legacy-abs-sparse,row-level-source-review,"source-visible blanks must not be imputed; classification is a repair worklist, not final accounting evidence"
CFAASDFR-3421,Schedule D Part 1 Section 2,5912,38375B-7Z-9,Government National Mortgage A GNR 2013-H22 BI,1,par_value,source-visible-or-legacy-abs-sparse,row-level-source-review,"source-visible blanks must not be imputed; classification is a repair worklist, not final accounting evidence"
CFAASDFR-3422,Schedule D Part 1 Section 2,5912,38375B-AE-2,Government National Mortgage A GNR 2010-H02 DI,1,par_value,source-visible-or-legacy-abs-sparse,row-level-source-review,"source-visible blanks must not be imputed; classification is a repair worklist, not final accounting evidence"
CFAASDFR-3423,Schedule D Part 1 Section 2,5912,38375B-AH-5,Government National Mortgage A GNR 2010-H02 GI,1,par_value,source-visible-or-legacy-abs-sparse,row-level-source-review,"source-visible blanks must not be imputed; classification is a repair worklist, not final accounting evidence"
CFAASDFR-3424,Schedule D Part 1 Section 2,5912,38375B-G9-7,Government National Mortgage A GNR 2013-H02 DI,1,par_value,source-visible-or-legacy-abs-sparse,row-level-source-review,"source-visible blanks must not be imputed; classification is a repair worklist, not final accounting evidence"
CFAASDFR-3425,Schedule D Part 1 Section 2,5912,38375B-GQ-9,Government National Mortgage A GNR 2010-H24 FI,1,par_value,source-visible-or-legacy-abs-sparse,row-level-source-review,"source-visible blanks must not be imputed; classification is a repair worklist, not final accounting evidence"
CFAASDFR-3426,Schedule D Part 1 Section 2,5912,38375B-JP-8,Government National Mortgage A GNR 2011-H01 IF,1,par_value,source-visible-or-legacy-abs-sparse,row-level-source-review,"source-visible blanks must not be imputed; classification is a repair worklist, not final accounting evidence"
CFAASDFR-3427,Schedule D Part 1 Section 2,5912,38375B-KB-7,Government National Mortgage A GNR 2011-H05 AI,1,par_value,source-visible-or-legacy-abs-sparse,row-level-source-review,"source-visible blanks must not be imputed; classification is a repair worklist, not final accounting evidence"
CFAASDFR-3428,Schedule D Part 1 Section 2,5912,38375B-KM-3,Government National Mortgage A GNR 2011-H06 FI,1,par_value,source-visible-or-legacy-abs-sparse,row-level-source-review,"source-visible blanks must not be imputed; classification is a repair worklist, not final accounting evidence"
CFAASDFR-3429,Schedule D Part 1 Section 2,5912,38375B-KT-8,Government National Mortgage A GNR 2011-H08 CI,1,par_value,source-visible-or-legacy-abs-sparse,row-level-source-review,"source-visible blanks must not be imputed; classification is a repair worklist, not final accounting evidence"
CFAASDFR-3430,Schedule D Part 1 Section 2,5912,38375B-KW-1,Government National Mortgage A GNR 2011-H08 DI,1,par_value,source-visible-or-legacy-abs-sparse,row-level-source-review,"source-visible blanks must not be imputed; classification is a repair worklist, not final accounting evidence"
CFAASDFR-3431,Schedule D Part 1 Section 2,5912,38375B-LM-2,Government National Mortgage A GNR 2011-H11 AI,1,par_value,source-visible-or-legacy-abs-sparse,row-level-source-review,"source-visible blanks must not be imputed; classification is a repair worklist, not final accounting evidence"
CFAASDFR-3432,Schedule D Part 1 Section 2,5912,38375B-LP-5,Government National Mortgage A GNR 2011-H11 BI,1,par_value,source-visible-or-legacy-abs-sparse,row-level-source-review,"source-visible blanks must not be imputed; classification is a repair worklist, not final accounting evidence"
CFAASDFR-3433,Schedule D Part 1 Section 2,5912,38375B-MA-7,Government National Mortgage A GNR 2011-H14 CI,1,par_value,source-visible-or-legacy-abs-sparse,row-level-source-review,"source-visible blanks must not be imputed; classification is a repair worklist, not final accounting evidence"
CFAASDFR-3434,Schedule D Part 1 Section 2,5912,38375B-MU-3,Government National Mortgage A GNR 2011-H19 IA,1,par_value,source-visible-or-legacy-abs-sparse,row-level-source-review,"source-visible blanks must not be imputed; classification is a repair worklist, not final accounting evidence"
CFAASDFR-3435,Schedule D Part 1 Section 2,5912,38375B-PK-2,Government National Mortgage A GNR 2012-H03 IA,1,par_value,source-visible-or-legacy-abs-sparse,row-level-source-review,"source-visible blanks must not be imputed; classification is a repair worklist, not final accounting evidence"
CFAASDFR-3436,Schedule D Part 1 Section 2,5912,38375B-QQ-8,Government National Mortgage A GNR 2012-H08 SI,1,par_value,source-visible-or-legacy-abs-sparse,row-level-source-review,"source-visible blanks must not be imputed; classification is a repair worklist, not final accounting evidence"
CFAASDFR-3437,Schedule D Part 1 Section 2,5912,38375B-QY-1,Government National Mortgage A GNR 2012-H08 FI,1,par_value,source-visible-or-legacy-abs-sparse,row-level-source-review,"source-visible blanks must not be imputed; classification is a repair worklist, not final accounting evidence"
CFAASDFR-3438,Schedule D Part 1 Section 2,5912,38375B-SB-9,Government National Mortgage A GNR 2012-H12 FI,1,par_value,source-visible-or-legacy-abs-sparse,row-level-source-review,"source-visible blanks must not be imputed; classification is a repair worklist, not final accounting evidence"
CFAASDFR-3439,Schedule D Part 1 Section 2,5912,38375B-TS-1,Government National Mortgage A GNR 2012-H14 KI,1,par_value,source-visible-or-legacy-abs-sparse,row-level-source-review,"source-visible blanks must not be imputed; classification is a repair worklist, not final accounting evidence"
CFAASDFR-3440,Schedule D Part 1 Section 2,5912,38375B-TZ-5,Government National Mortgage A GNR 2012-H15 CI,1,par_value,source-visible-or-legacy-abs-sparse,row-level-source-review,"source-visible blanks must not be imputed; classification is a repair worklist, not final accounting evidence"
CFAASDFR-3441,Schedule D Part 1 Section 2,5912,38375B-UM-2,Government National Mortgage A GNR 2012-H18 NI,1,par_value,source-visible-or-legacy-abs-sparse,row-level-source-review,"source-visible blanks must not be imputed; classification is a repair worklist, not final accounting evidence"
CFAASDFR-3442,Schedule D Part 1 Section 2,5912,38375B-Y3-0,Government National Mortgage A GNR 2013-H11 FI,1,par_value,source-visible-or-legacy-abs-sparse,row-level-source-review,"source-visible blanks must not be imputed; classification is a repair worklist, not final accounting evidence"
CFAASDFR-3443,Schedule D Part 1 Section 2,5912,38375B-ZF-2,Government National Mortgage A GNR 2012-H27 SI,1,par_value,source-visible-or-legacy-abs-sparse,row-level-source-review,"source-visible blanks must not be imputed; classification is a repair worklist, not final accounting evidence"
CFAASDFR-3444,Schedule D Part 1 Section 2,5912,38375B-ZT-2,Government National Mortgage A GNR 2012-H29 SI,1,par_value,source-visible-or-legacy-abs-sparse,row-level-source-review,"source-visible blanks must not be imputed; classification is a repair worklist, not final accounting evidence"
CFAASDFR-3445,Schedule D Part 1 Section 2,5912,38375U-BG-4,Government National Mortgage A GNR 2013-H25 SI,1,par_value,source-visible-or-legacy-abs-sparse,row-level-source-review,"source-visible blanks must not be imputed; classification is a repair worklist, not final accounting evidence"
CFAASDFR-3446,Schedule D Part 1 Section 2,5912,38375U-EE-6,Government National Mortgage A GNR 2014-H03 SI,1,par_value,source-visible-or-legacy-abs-sparse,row-level-source-review,"source-visible blanks must not be imputed; classification is a repair worklist, not final accounting evidence"
CFAASDFR-3447,Schedule D Part 1 Section 2,5912,38375U-EH-9,Government National Mortgage A GNR 2014-H03 AI,1,par_value,source-visible-or-legacy-abs-sparse,row-level-source-review,"source-visible blanks must not be imputed; classification is a repair worklist, not final accounting evidence"
CFAASDFR-3448,Schedule D Part 1 Section 2,5912,38375U-FL-9,Government National Mortgage A GNR 2014-H10 AI,1,par_value,source-visible-or-legacy-abs-sparse,row-level-source-review,"source-visible blanks must not be imputed; classification is a repair worklist, not final accounting evidence"
CFAASDFR-3449,Schedule D Part 1 Section 2,5912,38375U-FN-5,Government National Mortgage A GNR 2014-H10 BI,1,par_value,source-visible-or-legacy-abs-sparse,row-level-source-review,"source-visible blanks must not be imputed; classification is a repair worklist, not final accounting evidence"
CFAASDFR-3450,Schedule D Part 1 Section 2,5912,38375U-FR-6,Government National Mortgage A GNR 2014-H10 GI,1,par_value,source-visible-or-legacy-abs-sparse,row-level-source-review,"source-visible blanks must not be imputed; classification is a repair worklist, not final accounting evidence"
CFAASDFR-3451,Schedule D Part 1 Section 2,5912,38375U-KH-2,Government National Mortgage A GNR 2014-H11 BI,1,par_value,source-visible-or-legacy-abs-sparse,row-level-source-review,"source-visible blanks must not be imputed; classification is a repair worklist, not final accounting evidence"
CFAASDFR-3452,Schedule D Part 1 Section 2,5912,38375U-LD-0,Government National Mortgage A GNR 2014-H13 CI,1,par_value,source-visible-or-legacy-abs-sparse,row-level-source-review,"source-visible blanks must not be imputed; classification is a repair worklist, not final accounting evidence"
CFAASDFR-3453,Schedule D Part 1 Section 2,5912,38375U-LF-5,Government National Mortgage A GNR 2014-H13 DI,1,par_value,source-visible-or-legacy-abs-sparse,row-level-source-review,"source-visible blanks must not be imputed; classification is a repair worklist, not final accounting evidence"
CFAASDFR-3454,Schedule D Part 1 Section 2,5912,38375U-LQ-1,Government National Mortgage A GNR 2014-H14 AI,1,par_value,source-visible-or-legacy-abs-sparse,row-level-source-review,"source-visible blanks must not be imputed; classification is a repair worklist, not final accounting evidence"
CFAASDFR-3455,Schedule D Part 1 Section 2,5912,38375U-MZ-0,Government National Mortgage A GNR 2014-H16 AI,1,par_value,source-visible-or-legacy-abs-sparse,row-level-source-review,"source-visible blanks must not be imputed; classification is a repair worklist, not final accounting evidence"
CFAASDFR-3456,Schedule D Part 1 Section 2,5912,38375U-NX-4,Government National Mortgage A GNR 2014-H18 DI,1,par_value,source-visible-or-legacy-abs-sparse,row-level-source-review,"source-visible blanks must not be imputed; classification is a repair worklist, not final accounting evidence"
CFAASDFR-3457,Schedule D Part 1 Section 2,5912,38375U-PB-0,Government National Mortgage A GNR 2014-H18 AI,1,par_value,source-visible-or-legacy-abs-sparse,row-level-source-review,"source-visible blanks must not be imputed; classification is a repair worklist, not final accounting evidence"
CFAASDFR-3458,Schedule D Part 1 Section 2,5912,38375U-PY-0,Government National Mortgage A GNR 2014-H19 GI,1,par_value,source-visible-or-legacy-abs-sparse,row-level-source-review,"source-visible blanks must not be imputed; classification is a repair worklist, not final accounting evidence"
CFAASDFR-3459,Schedule D Part 1 Section 2,5912,38375U-QG-8,Government National Mortgage A GNR 2014-H20 AI,1,par_value,source-visible-or-legacy-abs-sparse,row-level-source-review,"source-visible blanks must not be imputed; classification is a repair worklist, not final accounting evidence"
CFAASDFR-3460,Schedule D Part 1 Section 2,5912,38375U-QJ-2,Government National Mortgage A GNR 2014-H20 SI,1,par_value,source-visible-or-legacy-abs-sparse,row-level-source-review,"source-visible blanks must not be imputed; classification is a repair worklist, not final accounting evidence"
CFAASDFR-3461,Schedule D Part 1 Section 2,5912,38375U-QL-7,Government National Mortgage A GNR 2014-H20 BI,1,par_value,source-visible-or-legacy-abs-sparse,row-level-source-review,"source-visible blanks must not be imputed; classification is a repair worklist, not final accounting evidence"
CFAASDFR-3462,Schedule D Part 1 Section 2,5912,38375U-QS-2,Government National Mortgage A GNR 2014-H20 LI,1,par_value,source-visible-or-legacy-abs-sparse,row-level-source-review,"source-visible blanks must not be imputed; classification is a repair worklist, not final accounting evidence"
CFAASDFR-3463,Schedule D Part 1 Section 2,5912,38375U-TL-4,Government National Mortgage A GNR 2015-H03 AI,1,par_value,source-visible-or-legacy-abs-sparse,row-level-source-review,"source-visible blanks must not be imputed; classification is a repair worklist, not final accounting evidence"
CFAASDFR-3464,Schedule D Part 1 Section 2,5913,38375U-TN-0,Government National Mortgage A GNR 2015-H03 BI,1,par_value,source-visible-or-legacy-abs-sparse,row-level-source-review,"source-visible blanks must not be imputed; classification is a repair worklist, not final accounting evidence"
CFAASDFR-3465,Schedule D Part 1 Section 2,5913,38375U-TQ-3,Government National Mortgage A GNR 2015-H03 CI,1,par_value,source-visible-or-legacy-abs-sparse,row-level-source-review,"source-visible blanks must not be imputed; classification is a repair worklist, not final accounting evidence"
CFAASDFR-3466,Schedule D Part 1 Section 2,5913,38375U-TU-4,Government National Mortgage A GNR 2015-H03 EI,1,par_value,source-visible-or-legacy-abs-sparse,row-level-source-review,"source-visible blanks must not be imputed; classification is a repair worklist, not final accounting evidence"
CFAASDFR-3467,Schedule D Part 1 Section 2,5913,38375U-TY-6,Government National Mortgage A GNR 2015-H02 BI,1,par_value,source-visible-or-legacy-abs-sparse,row-level-source-review,"source-visible blanks must not be imputed; classification is a repair worklist, not final accounting evidence"
CFAASDFR-3468,Schedule D Part 1 Section 2,5913,38375U-UT-5,Government National Mortgage A GNR 2015-H05 CI,1,par_value,source-visible-or-legacy-abs-sparse,row-level-source-review,"source-visible blanks must not be imputed; classification is a repair worklist, not final accounting evidence"
CFAASDFR-3469,Schedule D Part 1 Section 2,5913,38375U-VC-1,Government National Mortgage A GNR 2015-H08 DI,1,par_value,source-visible-or-legacy-abs-sparse,row-level-source-review,"source-visible blanks must not be imputed; classification is a repair worklist, not final accounting evidence"
CFAASDFR-3470,Schedule D Part 1 Section 2,5913,38375U-VG-2,Government National Mortgage A GNR 2015-H08 AI,1,par_value,source-visible-or-legacy-abs-sparse,row-level-source-review,"source-visible blanks must not be imputed; classification is a repair worklist, not final accounting evidence"
CFAASDFR-3471,Schedule D Part 1 Section 2,5913,38375U-VY-3,Government National Mortgage A GNR 2015-H07 WI,1,par_value,source-visible-or-legacy-abs-sparse,row-level-source-review,"source-visible blanks must not be imputed; classification is a repair worklist, not final accounting evidence"
CFAASDFR-3472,Schedule D Part 1 Section 2,5913,38375U-VZ-0,Government National Mortgage A GNR 2015-H09 BI,1,par_value,source-visible-or-legacy-abs-sparse,row-level-source-review,"source-visible blanks must not be imputed; classification is a repair worklist, not final accounting evidence"
CFAASDFR-3473,Schedule D Part 1 Section 2,5913,38375U-WN-6,Government National Mortgage A GNR 2016-H11 CI,1,par_value,source-visible-or-legacy-abs-sparse,row-level-source-review,"source-visible blanks must not be imputed; classification is a repair worklist, not final accounting evidence"
CFAASDFR-3474,Schedule D Part 1 Section 2,5913,38375U-WQ-9,Government National Mortgage A GNR 2016-H11 DI,1,par_value,source-visible-or-legacy-abs-sparse,row-level-source-review,"source-visible blanks must not be imputed; classification is a repair worklist, not final accounting evidence"
CFAASDFR-3475,Schedule D Part 1 Section 2,5913,38375U-XA-3,Government National Mortgage A GNR 2016-H11 AI,1,par_value,source-visible-or-legacy-abs-sparse,row-level-source-review,"source-visible blanks must not be imputed; classification is a repair worklist, not final accounting evidence"
CFAASDFR-3476,Schedule D Part 1 Section 2,5913,38375U-XF-2,Government National Mortgage A GNR 2016-H11 MI,1,par_value,source-visible-or-legacy-abs-sparse,row-level-source-review,"source-visible blanks must not be imputed; classification is a repair worklist, not final accounting evidence"
CFAASDFR-3477,Schedule D Part 1 Section 2,5913,38375U-ZG-8,Government National Mortgage A GNR 2017-H09 GI,1,par_value,source-visible-or-legacy-abs-sparse,row-level-source-review,"source-visible blanks must not be imputed; classification is a repair worklist, not final accounting evidence"
CFAASDFR-3478,Schedule D Part 1 Section 2,5913,38375U-ZL-7,Government National Mortgage A GNR 2017-H09 JI,1,par_value,source-visible-or-legacy-abs-sparse,row-level-source-review,"source-visible blanks must not be imputed; classification is a repair worklist, not final accounting evidence"
CFAASDFR-3479,Schedule D Part 1 Section 2,5913,38376E-TN-5,Government National Mortgage A GNR 2009-H01 FI,1,par_value,source-visible-or-legacy-abs-sparse,row-level-source-review,"source-visible blanks must not be imputed; classification is a repair worklist, not final accounting evidence"
CFAASDFR-3480,Schedule D Part 1 Section 2,5913,38376R-2Y-1,Government National Mortgage A GNR 2017-H12 BI,1,par_value,source-visible-or-legacy-abs-sparse,row-level-source-review,"source-visible blanks must not be imputed; classification is a repair worklist, not final accounting evidence"
CFAASDFR-3481,Schedule D Part 1 Section 2,5913,38376R-3Q-7,Government National Mortgage A GNR 2017-H11 VI,1,par_value,source-visible-or-legacy-abs-sparse,row-level-source-review,"source-visible blanks must not be imputed; classification is a repair worklist, not final accounting evidence"
CFAASDFR-3482,Schedule D Part 1 Section 2,5913,38376R-5B-8,Government National Mortgage A GNR 2017-H14 VI,1,par_value,source-visible-or-legacy-abs-sparse,row-level-source-review,"source-visible blanks must not be imputed; classification is a repair worklist, not final accounting evidence"
CFAASDFR-3483,Schedule D Part 1 Section 2,5913,38376R-5Z-5,Government National Mortgage A GNR 2017-H15 NI,1,par_value,source-visible-or-legacy-abs-sparse,row-level-source-review,"source-visible blanks must not be imputed; classification is a repair worklist, not final accounting evidence"
CFAASDFR-3484,Schedule D Part 1 Section 2,5913,38376R-AA-4,Government National Mortgage A GNR 2015-H10 AI,1,par_value,source-visible-or-legacy-abs-sparse,row-level-source-review,"source-visible blanks must not be imputed; classification is a repair worklist, not final accounting evidence"
CFAASDFR-3485,Schedule D Part 1 Section 2,5913,38376R-AP-1,Government National Mortgage A GNR 2015-H10 GI,1,par_value,source-visible-or-legacy-abs-sparse,row-level-source-review,"source-visible blanks must not be imputed; classification is a repair worklist, not final accounting evidence"
CFAASDFR-3486,Schedule D Part 1 Section 2,5913,38376R-AR-7,Government National Mortgage A GNR 2015-H10 KI,1,par_value,source-visible-or-legacy-abs-sparse,row-level-source-review,"source-visible blanks must not be imputed; classification is a repair worklist, not final accounting evidence"
CFAASDFR-3487,Schedule D Part 1 Section 2,5913,38376R-AX-4,Government National Mortgage A GNR 2015-H11 BI,1,par_value,source-visible-or-legacy-abs-sparse,row-level-source-review,"source-visible blanks must not be imputed; classification is a repair worklist, not final accounting evidence"
CFAASDFR-3488,Schedule D Part 1 Section 2,5913,38376R-BL-9,Government National Mortgage A GNR 2015-H12 CI,1,par_value,source-visible-or-legacy-abs-sparse,row-level-source-review,"source-visible blanks must not be imputed; classification is a repair worklist, not final accounting evidence"
CFAASDFR-3489,Schedule D Part 1 Section 2,5913,38376R-BN-5,Government National Mortgage A GNR 2015-H12 DI,1,par_value,source-visible-or-legacy-abs-sparse,row-level-source-review,"source-visible blanks must not be imputed; classification is a repair worklist, not final accounting evidence"
CFAASDFR-3490,Schedule D Part 1 Section 2,5913,38376R-BZ-8,Government National Mortgage A GNR 2015-H12 KI,1,par_value,source-visible-or-legacy-abs-sparse,row-level-source-review,"source-visible blanks must not be imputed; classification is a repair worklist, not final accounting evidence"
CFAASDFR-3491,Schedule D Part 1 Section 2,5913,38376R-DA-1,Government National Mortgage A GNR 2015-H15 CI,1,par_value,source-visible-or-legacy-abs-sparse,row-level-source-review,"source-visible blanks must not be imputed; classification is a repair worklist, not final accounting evidence"
CFAASDFR-3492,Schedule D Part 1 Section 2,5913,38376R-DC-7,Government National Mortgage A GNR 2015-H15 DI,1,par_value,source-visible-or-legacy-abs-sparse,row-level-source-review,"source-visible blanks must not be imputed; classification is a repair worklist, not final accounting evidence"
CFAASDFR-3493,Schedule D Part 1 Section 2,5913,38376R-DN-3,Government National Mortgage A GNR 2015-H16 TI,1,par_value,source-visible-or-legacy-abs-sparse,row-level-source-review,"source-visible blanks must not be imputed; classification is a repair worklist, not final accounting evidence"
CFAASDFR-3494,Schedule D Part 1 Section 2,5913,38376R-DS-2,Government National Mortgage A GNR 2015-H16 LI,1,par_value,source-visible-or-legacy-abs-sparse,row-level-source-review,"source-visible blanks must not be imputed; classification is a repair worklist, not final accounting evidence"
CFAASDFR-3495,Schedule D Part 1 Section 2,5913,38376R-DZ-6,Government National Mortgage A GNR 2015-H16 GI,1,par_value,source-visible-or-legacy-abs-sparse,row-level-source-review,"source-visible blanks must not be imputed; classification is a repair worklist, not final accounting evidence"
CFAASDFR-3496,Schedule D Part 1 Section 2,5913,38376R-FS-0,Government National Mortgage A GNR 2015-H19 LI,1,par_value,source-visible-or-legacy-abs-sparse,row-level-source-review,"source-visible blanks must not be imputed; classification is a repair worklist, not final accounting evidence"
CFAASDFR-3497,Schedule D Part 1 Section 2,5913,38376R-FT-8,Government National Mortgage A GNR 2015-H19 MI,1,par_value,source-visible-or-legacy-abs-sparse,row-level-source-review,"source-visible blanks must not be imputed; classification is a repair worklist, not final accounting evidence"
CFAASDFR-3498,Schedule D Part 1 Section 2,5913,38376R-GS-9,Government National Mortgage A GNR 2015-H22 BI,1,par_value,source-visible-or-legacy-abs-sparse,row-level-source-review,"source-visible blanks must not be imputed; classification is a repair worklist, not final accounting evidence"
CFAASDFR-3499,Schedule D Part 1 Section 2,5913,38376R-HQ-2,Government National Mortgage A GNR 2015-H27 AI,1,par_value,source-visible-or-legacy-abs-sparse,row-level-source-review,"source-visible blanks must not be imputed; classification is a repair worklist, not final accounting evidence"
CFAASDFR-3500,Schedule D Part 1 Section 2,5913,38376R-HT-6,Government National Mortgage A GNR 2015-H24 BI,1,par_value,source-visible-or-legacy-abs-sparse,row-level-source-review,"source-visible blanks must not be imputed; classification is a repair worklist, not final accounting evidence"
CFAASDFR-3501,Schedule D Part 1 Section 2,5913,38376R-JD-9,Government National Mortgage A GNR 2015-H25 AI,1,par_value,source-visible-or-legacy-abs-sparse,row-level-source-review,"source-visible blanks must not be imputed; classification is a repair worklist, not final accounting evidence"
CFAASDFR-3502,Schedule D Part 1 Section 2,5913,38376R-JQ-0,Government National Mortgage A GNR 2015-H26 AI,1,par_value,source-visible-or-legacy-abs-sparse,row-level-source-review,"source-visible blanks must not be imputed; classification is a repair worklist, not final accounting evidence"
CFAASDFR-3503,Schedule D Part 1 Section 2,5913,38376R-K8-8,Government National Mortgage A GNR 2016-H27 DI,1,par_value,source-visible-or-legacy-abs-sparse,row-level-source-review,"source-visible blanks must not be imputed; classification is a repair worklist, not final accounting evidence"
CFAASDFR-3504,Schedule D Part 1 Section 2,5913,38376R-KL-9,Government National Mortgage A GNR 2015-H28 CI,1,par_value,source-visible-or-legacy-abs-sparse,row-level-source-review,"source-visible blanks must not be imputed; classification is a repair worklist, not final accounting evidence"
CFAASDFR-3505,Schedule D Part 1 Section 2,5913,38376R-LH-7,Government National Mortgage A GNR 2015-H30 DI,1,par_value,source-visible-or-legacy-abs-sparse,row-level-source-review,"source-visible blanks must not be imputed; classification is a repair worklist, not final accounting evidence"
CFAASDFR-3506,Schedule D Part 1 Section 2,5913,38376R-LK-0,Government National Mortgage A GNR 2015-H30 EI,1,par_value,source-visible-or-legacy-abs-sparse,row-level-source-review,"source-visible blanks must not be imputed; classification is a repair worklist, not final accounting evidence"
CFAASDFR-3507,Schedule D Part 1 Section 2,5913,38376R-LS-3,Government National Mortgage A GNR 2015-H29 JI,1,par_value,source-visible-or-legacy-abs-sparse,row-level-source-review,"source-visible blanks must not be imputed; classification is a repair worklist, not final accounting evidence"
CFAASDFR-3508,Schedule D Part 1 Section 2,5913,38376R-M5-2,Government National Mortgage A GNR 2016-H26 BI,1,par_value,source-visible-or-legacy-abs-sparse,row-level-source-review,"source-visible blanks must not be imputed; classification is a repair worklist, not final accounting evidence"
CFAASDFR-3509,Schedule D Part 1 Section 2,5914,38376R-MF-0,Government National Mortgage A GNR 2015-H29 VI,1,par_value,source-visible-or-legacy-abs-sparse,row-level-source-review,"source-visible blanks must not be imputed; classification is a repair worklist, not final accounting evidence"
CFAASDFR-3510,Schedule D Part 1 Section 2,5914,38376R-N5-1,Government National Mortgage A GNR 2016-H26 MI,1,par_value,source-visible-or-legacy-abs-sparse,row-level-source-review,"source-visible blanks must not be imputed; classification is a repair worklist, not final accounting evidence"
CFAASDFR-3511,Schedule D Part 1 Section 2,5914,38376R-NG-7,Government National Mortgage A GNR 2015-H33 BI,1,par_value,source-visible-or-legacy-abs-sparse,row-level-source-review,"source-visible blanks must not be imputed; classification is a repair worklist, not final accounting evidence"
CFAASDFR-3512,Schedule D Part 1 Section 2,5914,38376R-NN-2,Government National Mortgage A GNR 2016-H03 BI,1,par_value,source-visible-or-legacy-abs-sparse,row-level-source-review,"source-visible blanks must not be imputed; classification is a repair worklist, not final accounting evidence"
CFAASDFR-3513,Schedule D Part 1 Section 2,5914,38376R-NQ-5,Government National Mortgage A GNR 2016-H03 CI,1,par_value,source-visible-or-legacy-abs-sparse,row-level-source-review,"source-visible blanks must not be imputed; classification is a repair worklist, not final accounting evidence"
CFAASDFR-3514,Schedule D Part 1 Section 2,5914,38376R-NX-0,Government National Mortgage A GNR 2016-H01 IO,1,par_value,source-visible-or-legacy-abs-sparse,row-level-source-review,"source-visible blanks must not be imputed; classification is a repair worklist, not final accounting evidence"
CFAASDFR-3515,Schedule D Part 1 Section 2,5914,38376R-NY-8,Government National Mortgage A GNR 2016-H01 BI,1,par_value,source-visible-or-legacy-abs-sparse,row-level-source-review,"source-visible blanks must not be imputed; classification is a repair worklist, not final accounting evidence"
CFAASDFR-3516,Schedule D Part 1 Section 2,5914,38376R-QF-6,Government National Mortgage A GNR 2016-H05 DI,1,par_value,source-visible-or-legacy-abs-sparse,row-level-source-review,"source-visible blanks must not be imputed; classification is a repair worklist, not final accounting evidence"
CFAASDFR-3517,Schedule D Part 1 Section 2,5914,38376R-QH-2,Government National Mortgage A GNR 2016-H04 AI,1,par_value,source-visible-or-legacy-abs-sparse,row-level-source-review,"source-visible blanks must not be imputed; classification is a repair worklist, not final accounting evidence"
CFAASDFR-3518,Schedule D Part 1 Section 2,5914,38376R-RC-2,Government National Mortgage A GNR 2016-H07 CI,1,par_value,source-visible-or-legacy-abs-sparse,row-level-source-review,"source-visible blanks must not be imputed; classification is a repair worklist, not final accounting evidence"
CFAASDFR-3519,Schedule D Part 1 Section 2,5914,38376R-RP-3,Government National Mortgage A GNR 2016-H07 LI,1,par_value,source-visible-or-legacy-abs-sparse,row-level-source-review,"source-visible blanks must not be imputed; classification is a repair worklist, not final accounting evidence"
CFAASDFR-3520,Schedule D Part 1 Section 2,5914,38376R-SA-5,Government National Mortgage A GNR 2016-H06 MI,1,par_value,source-visible-or-legacy-abs-sparse,row-level-source-review,"source-visible blanks must not be imputed; classification is a repair worklist, not final accounting evidence"
CFAASDFR-3521,Schedule D Part 1 Section 2,5914,38376R-SC-1,Government National Mortgage A GNR 2016-H06 GI,1,par_value,source-visible-or-legacy-abs-sparse,row-level-source-review,"source-visible blanks must not be imputed; classification is a repair worklist, not final accounting evidence"
CFAASDFR-3522,Schedule D Part 1 Section 2,5914,38376R-SY-3,Government National Mortgage A GNR 2016-H09 TI,1,par_value,source-visible-or-legacy-abs-sparse,row-level-source-review,"source-visible blanks must not be imputed; classification is a repair worklist, not final accounting evidence"
CFAASDFR-3523,Schedule D Part 1 Section 2,5914,38376R-T5-5,Government National Mortgage A GNR 2017-H04 KI,1,par_value,source-visible-or-legacy-abs-sparse,row-level-source-review,"source-visible blanks must not be imputed; classification is a repair worklist, not final accounting evidence"
CFAASDFR-3524,Schedule D Part 1 Section 2,5914,38376R-TF-3,Government National Mortgage A GNR 2016-H09 AI,1,par_value,source-visible-or-legacy-abs-sparse,row-level-source-review,"source-visible blanks must not be imputed; classification is a repair worklist, not final accounting evidence"
CFAASDFR-3525,Schedule D Part 1 Section 2,5914,38376R-UM-6,Government National Mortgage A GNR 2016-H10 CI,1,par_value,source-visible-or-legacy-abs-sparse,row-level-source-review,"source-visible blanks must not be imputed; classification is a repair worklist, not final accounting evidence"
CFAASDFR-3526,Schedule D Part 1 Section 2,5914,38376R-VB-9,Government National Mortgage A GNR 2016-H13 AI,1,par_value,source-visible-or-legacy-abs-sparse,row-level-source-review,"source-visible blanks must not be imputed; classification is a repair worklist, not final accounting evidence"
CFAASDFR-3527,Schedule D Part 1 Section 2,5914,38376R-W3-6,Government National Mortgage A GNR 2017-H06 CI,1,par_value,source-visible-or-legacy-abs-sparse,row-level-source-review,"source-visible blanks must not be imputed; classification is a repair worklist, not final accounting evidence"
CFAASDFR-3528,Schedule D Part 1 Section 2,5914,38376R-WU-6,Government National Mortgage A GNR 2016-H16 IO,1,par_value,source-visible-or-legacy-abs-sparse,row-level-source-review,"source-visible blanks must not be imputed; classification is a repair worklist, not final accounting evidence"
CFAASDFR-3529,Schedule D Part 1 Section 2,5914,38376R-WW-2,Government National Mortgage A GNR 2016-H15 IO,1,par_value,source-visible-or-legacy-abs-sparse,row-level-source-review,"source-visible blanks must not be imputed; classification is a repair worklist, not final accounting evidence"
CFAASDFR-3530,Schedule D Part 1 Section 2,5914,38376R-YZ-3,Government National Mortgage A GNR 2016-H21 BI,1,par_value,source-visible-or-legacy-abs-sparse,row-level-source-review,"source-visible blanks must not be imputed; classification is a repair worklist, not final accounting evidence"
CFAASDFR-3531,Schedule D Part 1 Section 2,5914,38376R-Z6-6,Government National Mortgage A GNR 2017-H08 CI,1,par_value,source-visible-or-legacy-abs-sparse,row-level-source-review,"source-visible blanks must not be imputed; classification is a repair worklist, not final accounting evidence"
CFAASDFR-3532,Schedule D Part 1 Section 2,5914,38376T-5K-4,Government National Mortgage A GNR 2010-H01 DI,1,par_value,source-visible-or-legacy-abs-sparse,row-level-source-review,"source-visible blanks must not be imputed; classification is a repair worklist, not final accounting evidence"
CFAASDFR-3533,Schedule D Part 1 Section 2,5914,38376X-NE-9,Government National Mortgage A GNR 2010-H03 CI,1,par_value,source-visible-or-legacy-abs-sparse,row-level-source-review,"source-visible blanks must not be imputed; classification is a repair worklist, not final accounting evidence"
CFAASDFR-3534,Schedule D Part 1 Section 2,5914,38376X-NG-4,Government National Mortgage A GNR 2010-H03 DI,1,par_value,source-visible-or-legacy-abs-sparse,row-level-source-review,"source-visible blanks must not be imputed; classification is a repair worklist, not final accounting evidence"
CFAASDFR-3535,Schedule D Part 1 Section 2,5914,38377E-X2-5,Government National Mortgage A GNR 2010-H07 BI,1,par_value,source-visible-or-legacy-abs-sparse,row-level-source-review,"source-visible blanks must not be imputed; classification is a repair worklist, not final accounting evidence"
CFAASDFR-3536,Schedule D Part 1 Section 2,5914,38377E-X7-4,Government National Mortgage A GNR 2010-H07 GI,1,par_value,source-visible-or-legacy-abs-sparse,row-level-source-review,"source-visible blanks must not be imputed; classification is a repair worklist, not final accounting evidence"
CFAASDFR-3537,Schedule D Part 1 Section 2,5914,38378U-8F-7,Government National Mortgage A GNR 2015-H04 BI,1,par_value,source-visible-or-legacy-abs-sparse,row-level-source-review,"source-visible blanks must not be imputed; classification is a repair worklist, not final accounting evidence"
CFAASDFR-3538,Schedule D Part 1 Section 2,5914,38380L-C9-2,Government National Mortgage A GNR 2019-H15 IL,1,par_value,source-visible-or-legacy-abs-sparse,row-level-source-review,"source-visible blanks must not be imputed; classification is a repair worklist, not final accounting evidence"
CFAASDFR-3539,Schedule D Part 1 Section 2,5914,38380L-VM-2,Government National Mortgage A GNR 2019-H10 CI,1,par_value,source-visible-or-legacy-abs-sparse,row-level-source-review,"source-visible blanks must not be imputed; classification is a repair worklist, not final accounting evidence"
CFAASDFR-3576,Schedule D Part 1 Section 2,5915,38379R-HB-2,Government National Mortgage A GNR 2016-36 IO,1,par_value,source-visible-or-legacy-abs-sparse,row-level-source-review,"source-visible blanks must not be imputed; classification is a repair worklist, not final accounting evidence"
CFAASDFR-3596,Schedule D Part 1 Section 2,5915,38379U-FV-3,Government National Mortgage A GNR 2016-24 IO,1,par_value,source-visible-or-legacy-abs-sparse,row-level-source-review,"source-visible blanks must not be imputed; classification is a repair worklist, not final accounting evidence"
CFAASDFR-3614,Schedule D Part 1 Section 2,5916,31392D-L5-9,Fannie Mae REMIC Trust 2002-W5 FNW 2002-W5 IO,3,actual_cost;par_value;book_adjusted_carrying_value,non-nim-sparse-row,high-priority-column-review,"source-visible blanks must not be imputed; classification is a repair worklist, not final accounting evidence"
CFAASDFR-3615,Schedule D Part 1 Section 2,5916,31394C-7F-3,Fannie Mae Grantor Trust 2005- FNGT 2005-T1 A3,1,par_value,non-nim-sparse-row,high-priority-column-review,"source-visible blanks must not be imputed; classification is a repair worklist, not final accounting evidence"
CFAASDFR-3617,Schedule D Part 1 Section 2,5916,31396W-LT-1,Fannie Mae REMIC Trust 2007-W5 FNW 2007-W5 1A3,3,actual_cost;par_value;book_adjusted_carrying_value,non-nim-sparse-row,high-priority-column-review,"source-visible blanks must not be imputed; classification is a repair worklist, not final accounting evidence"
CFAASDFR-3618,Schedule D Part 1 Section 2,5916,31396W-LU-8,Fannie Mae REMIC Trust 2007-W5 FNW 2007-W5 2A3,3,actual_cost;par_value;book_adjusted_carrying_value,non-nim-sparse-row,high-priority-column-review,"source-visible blanks must not be imputed; classification is a repair worklist, not final accounting evidence"
CFAASDFR-3619,Schedule D Part 1 Section 2,5916,31396X-E6-7,Fannie Mae REMICS FNR 2007-106 A5,3,actual_cost;par_value;book_adjusted_carrying_value,non-nim-sparse-row,high-priority-column-review,"source-visible blanks must not be imputed; classification is a repair worklist, not final accounting evidence"
CFAASDFR-3628,Schedule D Part 1 Section 2,5916,12633R-AA-8,CSFBN 2001-3 A1 Csfbn 2001-3 A1,3,actual_cost;fair_value;book_adjusted_carrying_value,non-nim-sparse-row,high-priority-column-review,"source-visible blanks must not be imputed; classification is a repair worklist, not final accounting evidence"
CFAASDFR-3629,Schedule D Part 1 Section 2,5916,12633R-AB-6,CSFBN 2001-3 A2 Csfbn 2001-3 A2,3,actual_cost;fair_value;book_adjusted_carrying_value,non-nim-sparse-row,high-priority-column-review,"source-visible blanks must not be imputed; classification is a repair worklist, not final accounting evidence"
CFAASDFR-3631,Schedule D Part 1 Section 2,5916,000000-00-0,Preferred HVNIM NIM A,3,actual_cost;fair_value;book_adjusted_carrying_value,source-visible-sparse-nim,preserve-blanks-no-imputation,"source-visible blanks must not be imputed; classification is a repair worklist, not final accounting evidence"
CFAASDFR-3632,Schedule D Part 1 Section 2,5916,23334M-20-9,DSLN07A1 A A,3,actual_cost;fair_value;book_adjusted_carrying_value,non-nim-sparse-row,high-priority-column-review,"source-visible blanks must not be imputed; classification is a repair worklist, not final accounting evidence"
CFAASDFR-3633,Schedule D Part 1 Section 2,5916,225490-AA-9,CSMCN 2007-2N A,3,actual_cost;fair_value;book_adjusted_carrying_value,non-nim-sparse-row,high-priority-column-review,"source-visible blanks must not be imputed; classification is a repair worklist, not final accounting evidence"
CFAASDFR-3634,Schedule D Part 1 Section 2,5916,12651M-AE-8,CSR 1976-3R A,3,actual_cost;fair_value;book_adjusted_carrying_value,non-nim-sparse-row,high-priority-column-review,"source-visible blanks must not be imputed; classification is a repair worklist, not final accounting evidence"
CFAASDFR-3635,Schedule D Part 1 Section 2,5916,G54794-20-4,LIBER 2020-2 A,3,actual_cost;fair_value;book_adjusted_carrying_value,non-nim-sparse-row,high-priority-column-review,"source-visible blanks must not be imputed; classification is a repair worklist, not final accounting evidence"
CFAASDFR-3642,Schedule D Part 1 Section 2,5917,00203Y-AJ-9,AQ Finance NIM Trust 2002-N4 AQNIM 2002-N4A NOTE .,3,actual_cost;fair_value;book_adjusted_carrying_value,source-visible-sparse-nim,preserve-blanks-no-imputation,"source-visible blanks must not be imputed; classification is a repair worklist, not final accounting evidence"
CFAASDFR-3651,Schedule D Part 1 Section 2,5917,00252F-AR-2,Aames Mortgage Investment Trus AMIT 2004-1 B2,2,actual_cost;book_adjusted_carrying_value,source-visible-or-legacy-abs-sparse,row-level-source-review,"source-visible blanks must not be imputed; classification is a repair worklist, not final accounting evidence"
CFAASDFR-3652,Schedule D Part 1 Section 2,5917,00252F-BF-7,Aames Mortgage Investment Trus AMIT 2005-1 M8,2,actual_cost;book_adjusted_carrying_value,source-visible-or-legacy-abs-sparse,row-level-source-review,"source-visible blanks must not be imputed; classification is a repair worklist, not final accounting evidence"
CFAASDFR-3653,Schedule D Part 1 Section 2,5917,00252F-BG-5,Aames Mortgage Investment Trus AMIT 2005-1 M9,2,actual_cost;book_adjusted_carrying_value,source-visible-or-legacy-abs-sparse,row-level-source-review,"source-visible blanks must not be imputed; classification is a repair worklist, not final accounting evidence"
CFAASDFR-3654,Schedule D Part 1 Section 2,5917,00252F-DA-6,Aames Mortgage Investment Trus AMIT 2005-4 M8,2,actual_cost;book_adjusted_carrying_value,source-visible-or-legacy-abs-sparse,row-level-source-review,"source-visible blanks must not be imputed; classification is a repair worklist, not final accounting evidence"
CFAASDFR-3655,Schedule D Part 1 Section 2,5917,00252F-DB-4,Aames Mortgage Investment Trus AMIT 2005-4 M9,2,actual_cost;book_adjusted_carrying_value,source-visible-or-legacy-abs-sparse,row-level-source-review,"source-visible blanks must not be imputed; classification is a repair worklist, not final accounting evidence"
CFAASDFR-3658,Schedule D Part 1 Section 2,5917,004375-EA-5,Accredited Mortgage Loan Trust ACCR 2005-3 M7,2,actual_cost;book_adjusted_carrying_value,source-visible-or-legacy-abs-sparse,row-level-source-review,"source-visible blanks must not be imputed; classification is a repair worklist, not final accounting evidence"
CFAASDFR-3660,Schedule D Part 1 Section 2,5917,004375-FA-4,Accredited Mortgage Loan Trust ACCR 2006-1 M4,2,actual_cost;book_adjusted_carrying_value,source-visible-or-legacy-abs-sparse,row-level-source-review,"source-visible blanks must not be imputed; classification is a repair worklist, not final accounting evidence"
CFAASDFR-3661,Schedule D Part 1 Section 2,5917,004375-FE-6,Accredited Mortgage Loan Trust ACCR 2006-1 M8,2,actual_cost;book_adjusted_carrying_value,source-visible-or-legacy-abs-sparse,row-level-source-review,"source-visible blanks must not be imputed; classification is a repair worklist, not final accounting evidence"
CFAASDFR-3662,Schedule D Part 1 Section 2,5917,004375-FF-3,Accredited Mortgage Loan Trust ACCR 2006-1 M9,2,actual_cost;book_adjusted_carrying_value,source-visible-or-legacy-abs-sparse,row-level-source-review,"source-visible blanks must not be imputed; classification is a repair worklist, not final accounting evidence"
CFAASDFR-3663,Schedule D Part 1 Section 2,5917,00437N-AJ-1,Accredited Mortgage Loan Trust ACCR 2006-2 M5,2,actual_cost;book_adjusted_carrying_value,source-visible-or-legacy-abs-sparse,row-level-source-review,"source-visible blanks must not be imputed; classification is a repair worklist, not final accounting evidence"
CFAASDFR-3664,Schedule D Part 1 Section 2,5917,00437N-AK-8,Accredited Mortgage Loan Trust ACCR 2006-2 M6,2,actual_cost;book_adjusted_carrying_value,source-visible-or-legacy-abs-sparse,row-level-source-review,"source-visible blanks must not be imputed; classification is a repair worklist, not final accounting evidence"
CFAASDFR-3665,Schedule D Part 1 Section 2,5917,00437N-AM-4,Accredited Mortgage Loan Trust ACCR 2006-2 M8,2,actual_cost;book_adjusted_carrying_value,source-visible-or-legacy-abs-sparse,row-level-source-review,"source-visible blanks must not be imputed; classification is a repair worklist, not final accounting evidence"
CFAASDFR-3666,Schedule D Part 1 Section 2,5917,00438Q-AJ-3,Accredited Mortgage Loan Trust ACCR 2007-1 M5,2,actual_cost;book_adjusted_carrying_value,source-visible-or-legacy-abs-sparse,row-level-source-review,"source-visible blanks must not be imputed; classification is a repair worklist, not final accounting evidence"
CFAASDFR-3667,Schedule D Part 1 Section 2,5917,00438Q-AL-8,Accredited Mortgage Loan Trust ACCR 2007-1 M7,2,actual_cost;book_adjusted_carrying_value,source-visible-or-legacy-abs-sparse,row-level-source-review,"source-visible blanks must not be imputed; classification is a repair worklist, not final accounting evidence"
CFAASDFR-3668,Schedule D Part 1 Section 2,5917,00438Q-AM-6,Accredited Mortgage Loan Trust ACCR 2007-1 M8,2,actual_cost;book_adjusted_carrying_value,source-visible-or-legacy-abs-sparse,row-level-source-review,"source-visible blanks must not be imputed; classification is a repair worklist, not final accounting evidence"
CFAASDFR-3669,Schedule D Part 1 Section 2,5917,00441T-AF-0,ACE Securities Corp Home Equit ACE 2006-HE3 M1,2,fair_value;book_adjusted_carrying_value,source-visible-or-legacy-abs-sparse,row-level-source-review,"source-visible blanks must not be imputed; classification is a repair worklist, not final accounting evidence"
CFAASDFR-3673,Schedule D Part 1 Section 2,5917,004421-SF-1,ACE Securities Corp Home Equit ACE 2005-HE6 B2,3,actual_cost;fair_value;book_adjusted_carrying_value,source-visible-or-legacy-abs-sparse,row-level-source-review,"source-visible blanks must not be imputed; classification is a repair worklist, not final accounting evidence"
CFAASDFR-3685,Schedule D Part 1 Section 2,5918,007036-AW-6,Adjustable Rate Mortgage Trust ARMT 2004-1 CBIX,1,par_value,source-visible-or-legacy-abs-sparse,row-level-source-review,"source-visible blanks must not be imputed; classification is a repair worklist, not final accounting evidence"
CFAASDFR-3694,Schedule D Part 1 Section 2,5918,00703Q-BH-4,Adjustable Rate Mortgage Trust ARMT 2006-3 2A2,2,fair_value;book_adjusted_carrying_value,source-visible-or-legacy-abs-sparse,row-level-source-review,"source-visible blanks must not be imputed; classification is a repair worklist, not final accounting evidence"
CFAASDFR-3699,Schedule D Part 1 Section 2,5918,00764M-EC-7,Aegis Asset Backed Securities AABST 2004-6 B3,2,actual_cost;book_adjusted_carrying_value,source-visible-or-legacy-abs-sparse,row-level-source-review,"source-visible blanks must not be imputed; classification is a repair worklist, not final accounting evidence"
CFAASDFR-3700,Schedule D Part 1 Section 2,5918,00764M-ED-5,Aegis Asset Backed Securities AABST 2004-6 N,3,actual_cost;fair_value;book_adjusted_carrying_value,source-visible-or-legacy-abs-sparse,row-level-source-review,"source-visible blanks must not be imputed; classification is a repair worklist, not final accounting evidence"
CFAASDFR-3713,Schedule D Part 1 Section 2,5918,02147G-AF-1,Alternative Loan Trust 2006-21 CWALT 2006-21CB A6,1,par_value,non-nim-sparse-row,high-priority-column-review,"source-visible blanks must not be imputed; classification is a repair worklist, not final accounting evidence"
CFAASDFR-3749,Schedule D Part 1 Section 2,5919,02149M-AQ-2,Alternative Loan Trust 2007-J1 CWALT 2007-J1 2A2 .,1,par_value,non-nim-sparse-row,high-priority-column-review,"source-visible blanks must not be imputed; classification is a repair worklist, not final accounting evidence"
CFAASDFR-3756,Schedule D Part 1 Section 2,5920,02150E-CB-7,Alternative Loan Trust 2007-5C CWALT 2007-5CB 2A4,1,par_value,non-nim-sparse-row,high-priority-column-review,"source-visible blanks must not be imputed; classification is a repair worklist, not final accounting evidence"
CFAASDFR-3760,Schedule D Part 1 Section 2,5920,02150Q-AF-3,Alternative Loan Trust 2007-HY CWALT 2007-HY4 2A3,3,actual_cost;par_value;book_adjusted_carrying_value,non-nim-sparse-row,high-priority-column-review,"source-visible blanks must not be imputed; classification is a repair worklist, not final accounting evidence"
CFAASDFR-3761,Schedule D Part 1 Section 2,5920,02150Q-AJ-5,Alternative Loan Trust 2007-HY CWALT 2007-HY4 3A3,3,actual_cost;par_value;book_adjusted_carrying_value,non-nim-sparse-row,high-priority-column-review,"source-visible blanks must not be imputed; classification is a repair worklist, not final accounting evidence"
CFAASDFR-3763,Schedule D Part 1 Section 2,5920,02151A-AF-7,Alternative Loan Trust 2007-19 CWALT 2007-19 1A6 .,2,actual_cost;par_value,non-nim-sparse-row,high-priority-column-review,"source-visible blanks must not be imputed; classification is a repair worklist, not final accounting evidence"
CFAASDFR-3764,Schedule D Part 1 Section 2,5920,02151A-AG-5,Alternative Loan Trust 2007-19 CWALT 2007-19 1A7 .,2,actual_cost;par_value,non-nim-sparse-row,high-priority-column-review,"source-visible blanks must not be imputed; classification is a repair worklist, not final accounting evidence"
CFAASDFR-3765,Schedule D Part 1 Section 2,5920,02151A-AQ-3,Alternative Loan Trust 2007-19 CWALT 2007-19 1A15,2,actual_cost;par_value,non-nim-sparse-row,high-priority-column-review,"source-visible blanks must not be imputed; classification is a repair worklist, not final accounting evidence"
CFAASDFR-3769,Schedule D Part 1 Section 2,5920,02151N-AC-6,Alternative Loan Trust 2007-18 CWALT 2007-18CB 1A3,2,actual_cost;par_value,non-nim-sparse-row,high-priority-column-review,"source-visible blanks must not be imputed; classification is a repair worklist, not final accounting evidence"
CFAASDFR-3781,Schedule D Part 1 Section 2,5920,02660Y-AC-6,American Home Mortgage Investm AHM 2006-2 4M1,2,fair_value;book_adjusted_carrying_value,source-visible-or-legacy-abs-sparse,row-level-source-review,"source-visible blanks must not be imputed; classification is a repair worklist, not final accounting evidence"
CFAASDFR-3783,Schedule D Part 1 Section 2,5920,026932-AD-5,American Home Mortgage Investm AHM 2007-1 GA2,3,actual_cost;fair_value;book_adjusted_carrying_value,source-visible-or-legacy-abs-sparse,row-level-source-review,"source-visible blanks must not be imputed; classification is a repair worklist, not final accounting evidence"
CFAASDFR-3785,Schedule D Part 1 Section 2,5920,03072S-SB-2,Ameriquest Mortgage Securities AMSI 2004-R5 M5,1,fair_value,source-visible-or-legacy-abs-sparse,row-level-source-review,"source-visible blanks must not be imputed; classification is a repair worklist, not final accounting evidence"
CFAASDFR-3804,Schedule D Part 1 Section 2,5921,05530N-BK-2,BCAP LLC Trust 2007-AA2 BCAP 2007-AA2 22IO,3,par_value;fair_value;book_adjusted_carrying_value,non-nim-sparse-row,high-priority-column-review,"source-visible blanks must not be imputed; classification is a repair worklist, not final accounting evidence"
CFAASDFR-3848,Schedule D Part 1 Section 2,5922,05569G-AF-3,BNC Mortgage Loan Trust 2007-1 BNCMT 2007-1 M1,2,fair_value;book_adjusted_carrying_value,source-visible-or-legacy-abs-sparse,row-level-source-review,"source-visible blanks must not be imputed; classification is a repair worklist, not final accounting evidence"
CFAASDFR-3859,Schedule D Part 1 Section 2,5922,05946X-YT-4,Banc of America Funding 2005-F BAFC 2005-F 1X,1,par_value,non-nim-sparse-row,high-priority-column-review,"source-visible blanks must not be imputed; classification is a repair worklist, not final accounting evidence"
CFAASDFR-3863,Schedule D Part 1 Section 2,5922,05948X-RR-4,Banc of America Mortgage 2003- BOAMS 2003-6 1A41 .,3,actual_cost;fair_value;book_adjusted_carrying_value,source-visible-or-legacy-abs-sparse,row-level-source-review,"source-visible blanks must not be imputed; classification is a repair worklist, not final accounting evidence"
CFAASDFR-3868,Schedule D Part 1 Section 2,5922,05949A-6K-1,Banc of America Mortgage 2005- BOAMS 2005-E 2IO,3,actual_cost;par_value;book_adjusted_carrying_value,source-visible-or-legacy-abs-sparse,row-level-source-review,"source-visible blanks must not be imputed; classification is a repair worklist, not final accounting evidence"
CFAASDFR-3879,Schedule D Part 1 Section 2,5922,05950L-AC-6,Banc of America Mortgage 2006- BOAMS 2006-3 1A3,3,actual_cost;par_value;book_adjusted_carrying_value,source-visible-or-legacy-abs-sparse,row-level-source-review,"source-visible blanks must not be imputed; classification is a repair worklist, not final accounting evidence"
CFAASDFR-3891,Schedule D Part 1 Section 2,5923,05952D-AD-0,Banc of America Funding 2007-A BAFC 2007-A M1,2,actual_cost;book_adjusted_carrying_value,non-nim-sparse-row,high-priority-column-review,"source-visible blanks must not be imputed; classification is a repair worklist, not final accounting evidence"
CFAASDFR-3911,Schedule D Part 1 Section 2,5923,06606F-AK-7,BankAmerica Manufactured Housi BAMH 1997-2 AIO,3,actual_cost;par_value;book_adjusted_carrying_value,non-nim-sparse-row,high-priority-column-review,"source-visible blanks must not be imputed; classification is a repair worklist, not final accounting evidence"
CFAASDFR-3920,Schedule D Part 1 Section 2,5923,07384M-WJ-7,Bear Stearns ARM Trust 2003-5 BSARM 2003-5 1X,3,actual_cost;par_value;book_adjusted_carrying_value,non-nim-sparse-row,high-priority-column-review,"source-visible blanks must not be imputed; classification is a repair worklist, not final accounting evidence"
CFAASDFR-3921,Schedule D Part 1 Section 2,5923,07384M-WY-4,Bear Stearns ARM Trust 2003-6 BSARM 2003-6 1X2,3,actual_cost;par_value;book_adjusted_carrying_value,non-nim-sparse-row,high-priority-column-review,"source-visible blanks must not be imputed; classification is a repair worklist, not final accounting evidence"
CFAASDFR-3922,Schedule D Part 1 Section 2,5923,07384M-XM-9,Bear Stearns ARM Trust 2003-5 BSARM 2003-5 2X,3,actual_cost;par_value;book_adjusted_carrying_value,non-nim-sparse-row,high-priority-column-review,"source-visible blanks must not be imputed; classification is a repair worklist, not final accounting evidence"
CFAASDFR-3948,Schedule D Part 1 Section 2,5924,07386R-AF-6,Bear Stearns Asset Backed Secu BSABS 2007-HE4 M1 .,3,actual_cost;fair_value;book_adjusted_carrying_value,non-nim-sparse-row,high-priority-column-review,"source-visible blanks must not be imputed; classification is a repair worklist, not final accounting evidence"
CFAASDFR-3953,Schedule D Part 1 Section 2,5924,073879-3S-5,Bear Stearns Asset Backed Secu BSABS 2005-HE11 M5,2,actual_cost;book_adjusted_carrying_value,non-nim-sparse-row,high-priority-column-review,"source-visible blanks must not be imputed; classification is a repair worklist, not final accounting evidence"
CFAASDFR-3965,Schedule D Part 1 Section 2,5924,07387A-AY-1,Bear Stearns ARM Trust 2005-3 BSARM 2005-3 2X,3,actual_cost;par_value;book_adjusted_carrying_value,non-nim-sparse-row,high-priority-column-review,"source-visible blanks must not be imputed; classification is a repair worklist, not final accounting evidence"
CFAASDFR-3979,Schedule D Part 1 Section 2,5925,07387U-CG-4,Bear Stearns Asset Backed Secu BSABS 2006-AC1 1M1,2,actual_cost;book_adjusted_carrying_value,non-nim-sparse-row,high-priority-column-review,"source-visible blanks must not be imputed; classification is a repair worklist, not final accounting evidence"
CFAASDFR-3985,Schedule D Part 1 Section 2,5925,073888-AR-0,Bear Stearns Asset Backed Secu BSABS 2006-SD3 2X1,3,actual_cost;par_value;book_adjusted_carrying_value,non-nim-sparse-row,high-priority-column-review,"source-visible blanks must not be imputed; classification is a repair worklist, not final accounting evidence"
CFAASDFR-3992,Schedule D Part 1 Section 2,5925,07389K-AC-5,Bear Stearns ALT-A Trust II 20 BSAAT 2007-1 1X1 ..,3,actual_cost;par_value;book_adjusted_carrying_value,non-nim-sparse-row,high-priority-column-review,"source-visible blanks must not be imputed; classification is a repair worklist, not final accounting evidence"
CFAASDFR-3993,Schedule D Part 1 Section 2,5925,07389K-AF-8,Bear Stearns ALT-A Trust II 20 BSAAT 2007-1 2X1 ..,2,actual_cost;par_value,non-nim-sparse-row,high-priority-column-review,"source-visible blanks must not be imputed; classification is a repair worklist, not final accounting evidence"
CFAASDFR-3996,Schedule D Part 1 Section 2,5925,073914-F6-5,Structured Asset Mortgage Inve SAMI 1998-2 A5,2,fair_value;book_adjusted_carrying_value,source-visible-or-legacy-abs-sparse,row-level-source-review,"source-visible blanks must not be imputed; classification is a repair worklist, not final accounting evidence"
CFAASDFR-4010,Schedule D Part 1 Section 2,5925,07402P-AK-9,Bear Stearns Structured Produc BSSP 2007-R8 5A2,2,actual_cost;book_adjusted_carrying_value,non-nim-sparse-row,high-priority-column-review,"source-visible blanks must not be imputed; classification is a repair worklist, not final accounting evidence"
CFAASDFR-4033,Schedule D Part 1 Section 2,5926,1248MP-AH-7,Credit-Based Asset Servicing a CBASS 2007-MX1 M4 .,2,actual_cost;book_adjusted_carrying_value,non-nim-sparse-row,high-priority-column-review,"source-visible blanks must not be imputed; classification is a repair worklist, not final accounting evidence"
CFAASDFR-4038,Schedule D Part 1 Section 2,5926,125435-AB-3,Reperforming Loan REMIC Trust CWHL 2006-R2 AS,1,par_value,non-nim-sparse-row,high-priority-column-review,"source-visible blanks must not be imputed; classification is a repair worklist, not final accounting evidence"
CFAASDFR-4044,Schedule D Part 1 Section 2,5926,12544A-BP-9,CHL Mortgage Pass-Through Trus CWHL 2006-20 X,3,actual_cost;par_value;book_adjusted_carrying_value,source-visible-or-legacy-abs-sparse,row-level-source-review,"source-visible blanks must not be imputed; classification is a repair worklist, not final accounting evidence"
CFAASDFR-4052,Schedule D Part 1 Section 2,5926,12545A-AV-6,CHL Mortgage Pass-Through Trus CWHL 2007-8 1A20,4,actual_cost;par_value;fair_value;book_adjusted_carrying_value,source-visible-or-legacy-abs-sparse,row-level-source-review,"source-visible blanks must not be imputed; classification is a repair worklist, not final accounting evidence"
CFAASDFR-4057,Schedule D Part 1 Section 2,5926,12566T-AL-1,CitiMortgage Alternative Loan CMALT 2006-A7 1A11 .,3,actual_cost;par_value;book_adjusted_carrying_value,source-visible-or-legacy-abs-sparse,row-level-source-review,"source-visible blanks must not be imputed; classification is a repair worklist, not final accounting evidence"
CFAASDFR-4058,Schedule D Part 1 Section 2,5926,12566U-AR-5,CitiMortgage Alternative Loan CMALT 2007-A2 1A16 .,3,actual_cost;par_value;book_adjusted_carrying_value,source-visible-or-legacy-abs-sparse,row-level-source-review,"source-visible blanks must not be imputed; classification is a repair worklist, not final accounting evidence"
CFAASDFR-4061,Schedule D Part 1 Section 2,5927,12567A-AK-3,CitiMortgage Alternative Loan CMALT 2007-A3 1A10 .,3,actual_cost;par_value;book_adjusted_carrying_value,source-visible-or-legacy-abs-sparse,row-level-source-review,"source-visible blanks must not be imputed; classification is a repair worklist, not final accounting evidence"
CFAASDFR-4065,Schedule D Part 1 Section 2,5927,12587P-AA-8,Bear Stearns Structured Produc BSSP 2007-R1 A1,3,actual_cost;fair_value;book_adjusted_carrying_value,non-nim-sparse-row,high-priority-column-review,"source-visible blanks must not be imputed; classification is a repair worklist, not final accounting evidence"
CFAASDFR-4066,Schedule D Part 1 Section 2,5927,12592U-BA-9,CSMLT 2015-1 Trust CSMLT 2015-1 AIOS,1,par_value,non-nim-sparse-row,high-priority-column-review,"source-visible blanks must not be imputed; classification is a repair worklist, not final accounting evidence"
CFAASDFR-4072,Schedule D Part 1 Section 2,5927,12596X-AH-5,CSMC 2019-AFC1 Trust CSMC 2019-AFC1 AIOS,1,par_value,non-nim-sparse-row,high-priority-column-review,"source-visible blanks must not be imputed; classification is a repair worklist, not final accounting evidence"
CFAASDFR-4074,Schedule D Part 1 Section 2,5927,12633P-CL-6,Credit Suisse First Boston Mor CSFB 2004-FR1N A ..,3,actual_cost;fair_value;book_adjusted_carrying_value,non-nim-sparse-row,high-priority-column-review,"source-visible blanks must not be imputed; classification is a repair worklist, not final accounting evidence"
CFAASDFR-4075,Schedule D Part 1 Section 2,5927,12633P-DA-9,CSFB NIMs TRUST HEAT 2005-1 NI HEATN 2005-1 A,2,actual_cost;book_adjusted_carrying_value,source-visible-sparse-nim,preserve-blanks-no-imputation,"source-visible blanks must not be imputed; classification is a repair worklist, not final accounting evidence"
CFAASDFR-4076,Schedule D Part 1 Section 2,5927,12633P-DG-6,CSFB NIMs Trust Heat 2005-3 NI HEATN 2005-3 A,2,actual_cost;book_adjusted_carrying_value,source-visible-sparse-nim,preserve-blanks-no-imputation,"source-visible blanks must not be imputed; classification is a repair worklist, not final accounting evidence"
CFAASDFR-4077,Schedule D Part 1 Section 2,5927,12633P-DV-3,CSFB NIMs Trust Heat 2005-6 NI HEATN 2005-6 A,2,actual_cost;book_adjusted_carrying_value,source-visible-sparse-nim,preserve-blanks-no-imputation,"source-visible blanks must not be imputed; classification is a repair worklist, not final accounting evidence"
CFAASDFR-4078,Schedule D Part 1 Section 2,5927,12633P-DX-9,CSFB NIMs Trust ARMT NIMA5 ARMTN 2005-5 A,2,fair_value;book_adjusted_carrying_value,source-visible-sparse-nim,preserve-blanks-no-imputation,"source-visible blanks must not be imputed; classification is a repair worklist, not final accounting evidence"
CFAASDFR-4082,Schedule D Part 1 Section 2,5927,126379-AB-2,CSMC Mortgage-Backed Trust 200 CSMC 2007-4 1A2,2,actual_cost;book_adjusted_carrying_value,source-visible-or-legacy-abs-sparse,row-level-source-review,"source-visible blanks must not be imputed; classification is a repair worklist, not final accounting evidence"
CFAASDFR-4083,Schedule D Part 1 Section 2,5927,126380-BP-8,CSMC Mortgage-Backed Trust 200 CSMC 2006-9 4A3,3,actual_cost;par_value;book_adjusted_carrying_value,source-visible-or-legacy-abs-sparse,row-level-source-review,"source-visible blanks must not be imputed; classification is a repair worklist, not final accounting evidence"
CFAASDFR-4084,Schedule D Part 1 Section 2,5927,126380-BQ-6,CSMC Mortgage-Backed Trust 200 CSMC 2006-9 4A4,3,actual_cost;par_value;book_adjusted_carrying_value,source-visible-or-legacy-abs-sparse,row-level-source-review,"source-visible blanks must not be imputed; classification is a repair worklist, not final accounting evidence"
CFAASDFR-4086,Schedule D Part 1 Section 2,5927,12638D-AC-0,CSMC Mortgage-Backed Trust 200 CSMC 2007-7 1A3,4,actual_cost;par_value;fair_value;book_adjusted_carrying_value,source-visible-or-legacy-abs-sparse,row-level-source-review,"source-visible blanks must not be imputed; classification is a repair worklist, not final accounting evidence"
CFAASDFR-4088,Schedule D Part 1 Section 2,5927,12638P-CB-3,CSMC Mortgage-Backed Trust 200 CSMC 2007-3 4A12,1,par_value,source-visible-or-legacy-abs-sparse,row-level-source-review,"source-visible blanks must not be imputed; classification is a repair worklist, not final accounting evidence"
CFAASDFR-4090,Schedule D Part 1 Section 2,5927,12639M-AT-2,CSMC Series 2010-15R CSMC 2010-15R 2B1,2,actual_cost;book_adjusted_carrying_value,non-nim-sparse-row,high-priority-column-review,"source-visible blanks must not be imputed; classification is a repair worklist, not final accounting evidence"
CFAASDFR-4094,Schedule D Part 1 Section 2,5927,126405-AM-1,CSMC 2020-RPL4 Trust CSMC 2020-RPL4 AIOS,1,par_value,non-nim-sparse-row,high-priority-column-review,"source-visible blanks must not be imputed; classification is a repair worklist, not final accounting evidence"
CFAASDFR-4095,Schedule D Part 1 Section 2,5927,126405-AN-9,CSMC 2020-RPL4 Trust CSMC 2020-RPL4 XS,1,par_value,non-nim-sparse-row,high-priority-column-review,"source-visible blanks must not be imputed; classification is a repair worklist, not final accounting evidence"
CFAASDFR-4096,Schedule D Part 1 Section 2,5927,126405-AQ-2,CSMC 2020-RPL4 Trust CSMC 2020-RPL4 SA,1,par_value,non-nim-sparse-row,high-priority-column-review,"source-visible blanks must not be imputed; classification is a repair worklist, not final accounting evidence"
CFAASDFR-4115,Schedule D Part 1 Section 2,5928,12646U-AX-6,CSMC Trust 2013-IVR1 CSMC 2013-IVR1 A8X1,1,par_value,non-nim-sparse-row,high-priority-column-review,"source-visible blanks must not be imputed; classification is a repair worklist, not final accounting evidence"
CFAASDFR-4116,Schedule D Part 1 Section 2,5928,12646U-AY-4,CSMC Trust 2013-IVR1 CSMC 2013-IVR1 A8X2,1,par_value,non-nim-sparse-row,high-priority-column-review,"source-visible blanks must not be imputed; classification is a repair worklist, not final accounting evidence"
CFAASDFR-4117,Schedule D Part 1 Section 2,5928,12646W-AW-4,CSMC Trust 2013-IVR2 CSMC 2013-IVR2 AIOS,1,par_value,non-nim-sparse-row,high-priority-column-review,"source-visible blanks must not be imputed; classification is a repair worklist, not final accounting evidence"
CFAASDFR-4118,Schedule D Part 1 Section 2,5928,12647C-AS-6,CSMC Trust 2013-5R CSMC 2013-5R 2A2,3,actual_cost;fair_value;book_adjusted_carrying_value,non-nim-sparse-row,high-priority-column-review,"source-visible blanks must not be imputed; classification is a repair worklist, not final accounting evidence"
CFAASDFR-4119,Schedule D Part 1 Section 2,5928,12647J-BU-5,CSMC Trust 2013-HYB1 CSMC 2013-HYB1 AIOS,1,par_value,non-nim-sparse-row,high-priority-column-review,"source-visible blanks must not be imputed; classification is a repair worklist, not final accounting evidence"
CFAASDFR-4120,Schedule D Part 1 Section 2,5928,12647M-BM-6,CSMC Trust 2013-6 CSMC 2013-6 1X14,1,par_value,non-nim-sparse-row,high-priority-column-review,"source-visible blanks must not be imputed; classification is a repair worklist, not final accounting evidence"
CFAASDFR-4121,Schedule D Part 1 Section 2,5928,12647M-DX-0,CSMC Trust 2013-6 CSMC 2013-6 IOS1,1,par_value,non-nim-sparse-row,high-priority-column-review,"source-visible blanks must not be imputed; classification is a repair worklist, not final accounting evidence"
CFAASDFR-4122,Schedule D Part 1 Section 2,5928,12647P-AE-8,CSMC Trust 2013-7 CSMC 2013-7 AX1,1,par_value,non-nim-sparse-row,high-priority-column-review,"source-visible blanks must not be imputed; classification is a repair worklist, not final accounting evidence"
CFAASDFR-4123,Schedule D Part 1 Section 2,5928,12648F-AV-1,CSMC Trust 2014-SAF1 CSMC 2014-SAF1 AIOS,1,par_value,non-nim-sparse-row,high-priority-column-review,"source-visible blanks must not be imputed; classification is a repair worklist, not final accounting evidence"
CFAASDFR-4124,Schedule D Part 1 Section 2,5928,12648H-BG-9,CSMC Trust 2014-IVR2 CSMC 2014-IVR2 AIOS,1,par_value,non-nim-sparse-row,high-priority-column-review,"source-visible blanks must not be imputed; classification is a repair worklist, not final accounting evidence"
CFAASDFR-4127,Schedule D Part 1 Section 2,5928,12648T-AV-1,CSMC Trust 2014-IVR3 CSMC 2014-IVR3 AIOS,1,par_value,non-nim-sparse-row,high-priority-column-review,"source-visible blanks must not be imputed; classification is a repair worklist, not final accounting evidence"
CFAASDFR-4128,Schedule D Part 1 Section 2,5928,12649K-AR-8,CSMC Trust 2015-WIN1 CSMC 2015-WIN1 AX5,1,par_value,non-nim-sparse-row,high-priority-column-review,"source-visible blanks must not be imputed; classification is a repair worklist, not final accounting evidence"
CFAASDFR-4129,Schedule D Part 1 Section 2,5928,12649K-AS-6,CSMC Trust 2015-WIN1 CSMC 2015-WIN1 AX6,1,par_value,non-nim-sparse-row,high-priority-column-review,"source-visible blanks must not be imputed; classification is a repair worklist, not final accounting evidence"
CFAASDFR-4130,Schedule D Part 1 Section 2,5928,12649K-AZ-0,CSMC Trust 2015-WIN1 CSMC 2015-WIN1 AIOS,1,par_value,non-nim-sparse-row,high-priority-column-review,"source-visible blanks must not be imputed; classification is a repair worklist, not final accounting evidence"
CFAASDFR-4131,Schedule D Part 1 Section 2,5928,12649N-AA-9,CSMC Trust 2015-1 CSMC 2015-1 AX5,1,par_value,non-nim-sparse-row,high-priority-column-review,"source-visible blanks must not be imputed; classification is a repair worklist, not final accounting evidence"
CFAASDFR-4132,Schedule D Part 1 Section 2,5928,12649N-AX-9,CSMC Trust 2015-1 CSMC 2015-1 AIOS,1,par_value,non-nim-sparse-row,high-priority-column-review,"source-visible blanks must not be imputed; classification is a repair worklist, not final accounting evidence"
CFAASDFR-4133,Schedule D Part 1 Section 2,5928,12649P-AH-9,CSMC 2015-RPL1 Trust CSMC 2015-RPL1 M4,3,actual_cost;fair_value;book_adjusted_carrying_value,non-nim-sparse-row,high-priority-column-review,"source-visible blanks must not be imputed; classification is a repair worklist, not final accounting evidence"
CFAASDFR-4134,Schedule D Part 1 Section 2,5928,12649Q-CA-0,CSMC Series 2015-2R CSMC 2015-2R 8AC,1,par_value,non-nim-sparse-row,high-priority-column-review,"source-visible blanks must not be imputed; classification is a repair worklist, not final accounting evidence"
CFAASDFR-4135,Schedule D Part 1 Section 2,5928,12649R-AK-8,CSMC Trust 2015-2 CSMC 2015-2 AX4,1,par_value,non-nim-sparse-row,high-priority-column-review,"source-visible blanks must not be imputed; classification is a repair worklist, not final accounting evidence"
CFAASDFR-4136,Schedule D Part 1 Section 2,5928,12649R-BA-9,CSMC Trust 2015-2 CSMC 2015-2 AIOS,1,par_value,non-nim-sparse-row,high-priority-column-review,"source-visible blanks must not be imputed; classification is a repair worklist, not final accounting evidence"
CFAASDFR-4137,Schedule D Part 1 Section 2,5928,12649X-AA-7,CSMC Trust 2015-3 CSMC 2015-3 AX3,1,par_value,non-nim-sparse-row,high-priority-column-review,"source-visible blanks must not be imputed; classification is a repair worklist, not final accounting evidence"
CFAASDFR-4138,Schedule D Part 1 Section 2,5928,12649X-BG-3,CSMC Trust 2015-3 CSMC 2015-3 AIOS,1,par_value,non-nim-sparse-row,high-priority-column-review,"source-visible blanks must not be imputed; classification is a repair worklist, not final accounting evidence"
CFAASDFR-4139,Schedule D Part 1 Section 2,5928,12650U-AA-9,CSMLT 2015-3 Trust CSMLT 2015-3 1AX2,1,par_value,non-nim-sparse-row,high-priority-column-review,"source-visible blanks must not be imputed; classification is a repair worklist, not final accounting evidence"
CFAASDFR-4140,Schedule D Part 1 Section 2,5928,12650U-AL-5,CSMLT 2015-3 Trust CSMLT 2015-3 2AX2,1,par_value,non-nim-sparse-row,high-priority-column-review,"source-visible blanks must not be imputed; classification is a repair worklist, not final accounting evidence"
CFAASDFR-4142,Schedule D Part 1 Section 2,5928,12651Y-AW-2,CSMC 2017-RPL3 Trust CSMC 2017-RPL3 AIOS,1,par_value,non-nim-sparse-row,high-priority-column-review,"source-visible blanks must not be imputed; classification is a repair worklist, not final accounting evidence"
CFAASDFR-4148,Schedule D Part 1 Section 2,5928,12659A-AE-6,CSMC 2021-RPL11 Trust CSMC 2021-RP11 AIOS,1,par_value,non-nim-sparse-row,high-priority-column-review,"source-visible blanks must not be imputed; classification is a repair worklist, not final accounting evidence"
CFAASDFR-4154,Schedule D Part 1 Section 2,5929,12661N-AK-0,CSMC 2022-NQM3 Trust CSMC 2022-NQM3 AIOS,1,par_value,non-nim-sparse-row,high-priority-column-review,"source-visible blanks must not be imputed; classification is a repair worklist, not final accounting evidence"
CFAASDFR-4155,Schedule D Part 1 Section 2,5929,12661N-AL-8,CSMC 2022-NQM3 Trust CSMC 2022-NQM3 XS,1,par_value,non-nim-sparse-row,high-priority-column-review,"source-visible blanks must not be imputed; classification is a repair worklist, not final accounting evidence"
CFAASDFR-4156,Schedule D Part 1 Section 2,5929,12661X-BU-5,CSMC 2021-INV1Trust CSMC 2021-INV1 AIOS,1,par_value,non-nim-sparse-row,high-priority-column-review,"source-visible blanks must not be imputed; classification is a repair worklist, not final accounting evidence"
CFAASDFR-4170,Schedule D Part 1 Section 2,5929,126673-L8-3,Aames Mortgage Investment Trus AMIT 2005-2 M9,2,actual_cost;book_adjusted_carrying_value,source-visible-or-legacy-abs-sparse,row-level-source-review,"source-visible blanks must not be imputed; classification is a repair worklist, not final accounting evidence"
CFAASDFR-4196,Schedule D Part 1 Section 2,5930,12667G-7G-2,Alternative Loan Trust 2005-46 CWALT 2005-46CB A13,1,par_value,non-nim-sparse-row,high-priority-column-review,"source-visible blanks must not be imputed; classification is a repair worklist, not final accounting evidence"
CFAASDFR-4221,Schedule D Part 1 Section 2,5930,12668A-5D-3,Countrywide Alternative Loan T CWALN 2005-IM1 NOTE,3,actual_cost;fair_value;book_adjusted_carrying_value,non-nim-sparse-row,high-priority-column-review,"source-visible blanks must not be imputed; classification is a repair worklist, not final accounting evidence"
CFAASDFR-4241,Schedule D Part 1 Section 2,5931,12668A-NU-5,Alternative Loan Trust 2005-54 CWALT 2005-54CB 1A2,3,actual_cost;par_value;book_adjusted_carrying_value,non-nim-sparse-row,high-priority-column-review,"source-visible blanks must not be imputed; classification is a repair worklist, not final accounting evidence"
CFAASDFR-4250,Schedule D Part 1 Section 2,5931,12668A-WK-7,Alternative Loan Trust 2005-58 CWALT 2005-58 A3,3,actual_cost;fair_value;book_adjusted_carrying_value,non-nim-sparse-row,high-priority-column-review,"source-visible blanks must not be imputed; classification is a repair worklist, not final accounting evidence"
CFAASDFR-4252,Schedule D Part 1 Section 2,5931,12668A-YA-7,Alternative Loan Trust 2005-62 CWALT 2005-62 1X3 .,3,actual_cost;par_value;book_adjusted_carrying_value,non-nim-sparse-row,high-priority-column-review,"source-visible blanks must not be imputed; classification is a repair worklist, not final accounting evidence"
CFAASDFR-4253,Schedule D Part 1 Section 2,5931,12668A-YC-3,Alternative Loan Trust 2005-62 CWALT 2005-62 2X2 .,4,actual_cost;par_value;fair_value;book_adjusted_carrying_value,non-nim-sparse-row,high-priority-column-review,"source-visible blanks must not be imputed; classification is a repair worklist, not final accounting evidence"
CFAASDFR-4289,Schedule D Part 1 Section 2,5932,126694-JH-2,Reperforming Loan REMIC Trust CWHL 2005-R3 AS,1,par_value,non-nim-sparse-row,high-priority-column-review,"source-visible blanks must not be imputed; classification is a repair worklist, not final accounting evidence"
CFAASDFR-4301,Schedule D Part 1 Section 2,5933,126694-V9-6,Alternative Loan Trust 2006-OA CWALT 2006-OA2 X2 .,2,actual_cost;par_value,non-nim-sparse-row,high-priority-column-review,"source-visible blanks must not be imputed; classification is a repair worklist, not final accounting evidence"
CFAASDFR-4312,Schedule D Part 1 Section 2,5933,12669D-BV-9,CHL Mortgage Pass-Through Trus CWHL 2002-19 M,1,book_adjusted_carrying_value,source-visible-or-legacy-abs-sparse,row-level-source-review,"source-visible blanks must not be imputed; classification is a repair worklist, not final accounting evidence"
CFAASDFR-4316,Schedule D Part 1 Section 2,5933,12669F-BY-8,CHL Mortgage Pass-Through Trus CWHL 2003-56 B2,2,fair_value;book_adjusted_carrying_value,source-visible-or-legacy-abs-sparse,row-level-source-review,"source-visible blanks must not be imputed; classification is a repair worklist, not final accounting evidence"
CFAASDFR-4325,Schedule D Part 1 Section 2,5933,12669F-UG-6,CHL Mortgage Pass-Through Trus CWHL 2004-9 B1,3,actual_cost;fair_value;book_adjusted_carrying_value,source-visible-or-legacy-abs-sparse,row-level-source-review,"source-visible blanks must not be imputed; classification is a repair worklist, not final accounting evidence"
CFAASDFR-4341,Schedule D Part 1 Section 2,5934,12669G-KK-6,CHL Mortgage Pass-Through Trus CWHL 2004-25 2X,3,actual_cost;par_value;book_adjusted_carrying_value,source-visible-or-legacy-abs-sparse,row-level-source-review,"source-visible blanks must not be imputed; classification is a repair worklist, not final accounting evidence"
CFAASDFR-4350,Schedule D Part 1 Section 2,5934,12669L-AF-7,CWABS Asset-Backed Certificate CWL 2007-6 M1,3,actual_cost;fair_value;book_adjusted_carrying_value,non-nim-sparse-row,high-priority-column-review,"source-visible blanks must not be imputed; classification is a repair worklist, not final accounting evidence"
CFAASDFR-4403,Schedule D Part 1 Section 2,5935,172973-4L-0,Citicorp Mortgage Securities R CMSI 2005-8 B1,1,book_adjusted_carrying_value,source-visible-or-legacy-abs-sparse,row-level-source-review,"source-visible blanks must not be imputed; classification is a repair worklist, not final accounting evidence"
CFAASDFR-4436,Schedule D Part 1 Section 2,5936,17312V-AW-8,Citigroup Mortgage Loan Trust CMLTI 2007-6 2A5,1,par_value,source-visible-or-legacy-abs-sparse,row-level-source-review,"source-visible blanks must not be imputed; classification is a repair worklist, not final accounting evidence"
CFAASDFR-4457,Schedule D Part 1 Section 2,5936,17322N-AH-7,Citigroup Mortgage Loan Trust CMLTI 2014-J1 AIO,1,par_value,source-visible-or-legacy-abs-sparse,row-level-source-review,"source-visible blanks must not be imputed; classification is a repair worklist, not final accounting evidence"
CFAASDFR-4462,Schedule D Part 1 Section 2,5936,18976W-AG-6,Bear Stearns Structured Produc BSSP 2006-21N 2A2 ..,3,actual_cost;fair_value;book_adjusted_carrying_value,non-nim-sparse-row,high-priority-column-review,"source-visible blanks must not be imputed; classification is a repair worklist, not final accounting evidence"
CFAASDFR-4474,Schedule D Part 1 Section 2,5937,222386-AA-2,Countrywide Alternative Loan T CWALN 2006-OC3 N,3,actual_cost;fair_value;book_adjusted_carrying_value,non-nim-sparse-row,high-priority-column-review,"source-visible blanks must not be imputed; classification is a repair worklist, not final accounting evidence"
CFAASDFR-4476,Schedule D Part 1 Section 2,5937,22540V-4R-0,Credit Suisse First Boston Mor CSFB 2002-AR21 1A1,2,actual_cost;book_adjusted_carrying_value,non-nim-sparse-row,high-priority-column-review,"source-visible blanks must not be imputed; classification is a repair worklist, not final accounting evidence"
CFAASDFR-4477,Schedule D Part 1 Section 2,5937,22540V-BW-1,Credit Suisse First Boston Mor CSFB 2001-HE20 AIO,3,actual_cost;par_value;book_adjusted_carrying_value,non-nim-sparse-row,high-priority-column-review,"source-visible blanks must not be imputed; classification is a repair worklist, not final accounting evidence"
CFAASDFR-4479,Schedule D Part 1 Section 2,5937,22540V-CR-1,Credit Suisse First Boston Mor CSFB 2001-HE22 AIO,3,actual_cost;par_value;book_adjusted_carrying_value,non-nim-sparse-row,high-priority-column-review,"source-visible blanks must not be imputed; classification is a repair worklist, not final accounting evidence"
CFAASDFR-4480,Schedule D Part 1 Section 2,5937,225411-AD-9,Credit Suisse NIMs Trust ARMT ARMTN 2006-6 A,3,actual_cost;fair_value;book_adjusted_carrying_value,source-visible-sparse-nim,preserve-blanks-no-imputation,"source-visible blanks must not be imputed; classification is a repair worklist, not final accounting evidence"
CFAASDFR-4482,Schedule D Part 1 Section 2,5937,22541N-B8-1,Credit Suisse First Boston Mor CSFB 2003-AR5 2X ..,3,actual_cost;par_value;book_adjusted_carrying_value,non-nim-sparse-row,high-priority-column-review,"source-visible blanks must not be imputed; classification is a repair worklist, not final accounting evidence"
CFAASDFR-4484,Schedule D Part 1 Section 2,5937,22541N-PQ-6,CSFB Mortgage-Backed Pass-Thro CSFB 2002-29 AX,2,actual_cost;par_value,source-visible-or-legacy-abs-sparse,row-level-source-review,"source-visible blanks must not be imputed; classification is a repair worklist, not final accounting evidence"
CFAASDFR-4485,Schedule D Part 1 Section 2,5937,22541N-R2-7,Credit Suisse First Boston Mor CSFB 2003-AR9 2X ..,3,actual_cost;par_value;book_adjusted_carrying_value,non-nim-sparse-row,high-priority-column-review,"source-visible blanks must not be imputed; classification is a repair worklist, not final accounting evidence"
CFAASDFR-4489,Schedule D Part 1 Section 2,5937,22541Q-ZY-1,Credit Suisse First Boston Mor CSFB 2003-AR26 3X .,3,actual_cost;par_value;book_adjusted_carrying_value,non-nim-sparse-row,high-priority-column-review,"source-visible blanks must not be imputed; classification is a repair worklist, not final accounting evidence"
CFAASDFR-4491,Schedule D Part 1 Section 2,5937,22541S-FK-9,CSFB Mortgage-Backed Pass-Thro CSFB 2004-AR4 2X,3,actual_cost;par_value;book_adjusted_carrying_value,source-visible-or-legacy-abs-sparse,row-level-source-review,"source-visible blanks must not be imputed; classification is a repair worklist, not final accounting evidence"
CFAASDFR-4494,Schedule D Part 1 Section 2,5937,22541S-JQ-2,CSFB Mortgage-Backed Pass-Thro CSFB 2004-AR5 2X,3,actual_cost;par_value;book_adjusted_carrying_value,source-visible-or-legacy-abs-sparse,row-level-source-review,"source-visible blanks must not be imputed; classification is a repair worklist, not final accounting evidence"
CFAASDFR-4495,Schedule D Part 1 Section 2,5937,22541S-JR-0,CSFB Mortgage-Backed Pass-Thro CSFB 2004-AR5 9X,3,actual_cost;par_value;book_adjusted_carrying_value,source-visible-or-legacy-abs-sparse,row-level-source-review,"source-visible blanks must not be imputed; classification is a repair worklist, not final accounting evidence"
CFAASDFR-4497,Schedule D Part 1 Section 2,5937,22541S-LJ-5,CSFB Mortgage-Backed Pass-Thro CSFB 2004-AR5 7X,4,actual_cost;par_value;fair_value;book_adjusted_carrying_value,source-visible-or-legacy-abs-sparse,row-level-source-review,"source-visible blanks must not be imputed; classification is a repair worklist, not final accounting evidence"
CFAASDFR-4498,Schedule D Part 1 Section 2,5937,22541S-QT-8,CSFB Mortgage-Backed Trust Ser CSFB 2004-AR6 CB1X,3,actual_cost;par_value;book_adjusted_carrying_value,source-visible-or-legacy-abs-sparse,row-level-source-review,"source-visible blanks must not be imputed; classification is a repair worklist, not final accounting evidence"
CFAASDFR-4502,Schedule D Part 1 Section 2,5937,22541S-XY-9,Credit Suisse First Boston Mor CSFB 2004-AR8 CB1X,3,actual_cost;par_value;book_adjusted_carrying_value,non-nim-sparse-row,high-priority-column-review,"source-visible blanks must not be imputed; classification is a repair worklist, not final accounting evidence"
CFAASDFR-4505,Schedule D Part 1 Section 2,5937,225458-5X-2,CSFB Mortgage-Backed Pass-Thro CSFB 2005-9 4A4,3,actual_cost;par_value;book_adjusted_carrying_value,source-visible-or-legacy-abs-sparse,row-level-source-review,"source-visible blanks must not be imputed; classification is a repair worklist, not final accounting evidence"
CFAASDFR-4508,Schedule D Part 1 Section 2,5937,225458-PP-7,CSFB Mortgage-Backed Pass-Thro CSFB 2005-4 2A2,3,actual_cost;par_value;book_adjusted_carrying_value,source-visible-or-legacy-abs-sparse,row-level-source-review,"source-visible blanks must not be imputed; classification is a repair worklist, not final accounting evidence"
CFAASDFR-4509,Schedule D Part 1 Section 2,5937,225458-PV-4,CSFB Mortgage-Backed Pass-Thro CSFB 2005-4 2A8,3,actual_cost;par_value;book_adjusted_carrying_value,source-visible-or-legacy-abs-sparse,row-level-source-review,"source-visible blanks must not be imputed; classification is a repair worklist, not final accounting evidence"
CFAASDFR-4511,Schedule D Part 1 Section 2,5937,22546A-AB-8,Credit Suisse NIMs Trust RAMP RAMPN 2006-RZ5 B,3,actual_cost;fair_value;book_adjusted_carrying_value,source-visible-sparse-nim,preserve-blanks-no-imputation,"source-visible blanks must not be imputed; classification is a repair worklist, not final accounting evidence"
CFAASDFR-4512,Schedule D Part 1 Section 2,5937,22546A-AC-6,Credit Suisse NIMs Trust RAMP RAMPN 2006-RZ5 C,3,actual_cost;fair_value;book_adjusted_carrying_value,source-visible-sparse-nim,preserve-blanks-no-imputation,"source-visible blanks must not be imputed; classification is a repair worklist, not final accounting evidence"
CFAASDFR-4513,Schedule D Part 1 Section 2,5937,225470-DV-2,CSFB Mortgage-Backed Pass-Thro CSFB 2005-10 2A1,2,fair_value;book_adjusted_carrying_value,source-visible-or-legacy-abs-sparse,row-level-source-review,"source-visible blanks must not be imputed; classification is a repair worklist, not final accounting evidence"
CFAASDFR-4517,Schedule D Part 1 Section 2,5938,225470-SD-6,Credit Suisse First Boston Mor CSFB 2005-12 DX1 ..,1,par_value,non-nim-sparse-row,high-priority-column-review,"source-visible blanks must not be imputed; classification is a repair worklist, not final accounting evidence"
CFAASDFR-4519,Schedule D Part 1 Section 2,5938,225492-AJ-6,CSMC Series 2008-2R CSMC 2008-2R 2A3,1,par_value,non-nim-sparse-row,high-priority-column-review,"source-visible blanks must not be imputed; classification is a repair worklist, not final accounting evidence"
CFAASDFR-4520,Schedule D Part 1 Section 2,5938,2254W0-EP-6,Credit Suisse First Boston Mor CSFB 2002-34 AX,3,actual_cost;par_value;book_adjusted_carrying_value,non-nim-sparse-row,high-priority-column-review,"source-visible blanks must not be imputed; classification is a repair worklist, not final accounting evidence"
CFAASDFR-4521,Schedule D Part 1 Section 2,5938,2254W0-GA-7,Credit Suisse First Boston Mor CSFB 2003-1 1X,3,actual_cost;par_value;book_adjusted_carrying_value,non-nim-sparse-row,high-priority-column-review,"source-visible blanks must not be imputed; classification is a repair worklist, not final accounting evidence"
CFAASDFR-4524,Schedule D Part 1 Section 2,5938,2254W0-PS-8,Credit Suisse First Boston Mor CSFB 2005-11 5X,1,par_value,non-nim-sparse-row,high-priority-column-review,"source-visible blanks must not be imputed; classification is a repair worklist, not final accounting evidence"
CFAASDFR-4533,Schedule D Part 1 Section 2,5938,22942J-AU-7,CSMC Mortgage-Backed Trust 200 CSMC 2006-6 DX,1,par_value,source-visible-or-legacy-abs-sparse,row-level-source-review,"source-visible blanks must not be imputed; classification is a repair worklist, not final accounting evidence"
CFAASDFR-4534,Schedule D Part 1 Section 2,5938,22942K-AZ-3,CSMC Mortgage-Backed Trust 200 CSMC 2006-7 5A2,1,par_value,source-visible-or-legacy-abs-sparse,row-level-source-review,"source-visible blanks must not be imputed; classification is a repair worklist, not final accounting evidence"
CFAASDFR-4537,Schedule D Part 1 Section 2,5938,22944B-AG-3,CSMC Mortgage-Backed Trust 200 CSMC 2007-5 1A7,1,par_value,source-visible-or-legacy-abs-sparse,row-level-source-review,"source-visible blanks must not be imputed; classification is a repair worklist, not final accounting evidence"
CFAASDFR-4538,Schedule D Part 1 Section 2,5938,22944B-DB-1,CSMC Mortgage-Backed Trust 200 CSMC 2007-5 5A4,1,par_value,source-visible-or-legacy-abs-sparse,row-level-source-review,"source-visible blanks must not be imputed; classification is a repair worklist, not final accounting evidence"
CFAASDFR-4539,Schedule D Part 1 Section 2,5938,22944B-DG-0,CSMC Mortgage-Backed Trust 200 CSMC 2007-5 6A4,3,actual_cost;par_value;book_adjusted_carrying_value,source-visible-or-legacy-abs-sparse,row-level-source-review,"source-visible blanks must not be imputed; classification is a repair worklist, not final accounting evidence"
CFAASDFR-4540,Schedule D Part 1 Section 2,5938,22944P-AH-0,CSMC Trust 2013-TH1 CSMC 2013-TH1 AIOS,1,par_value,non-nim-sparse-row,high-priority-column-review,"source-visible blanks must not be imputed; classification is a repair worklist, not final accounting evidence"
CFAASDFR-4542,Schedule D Part 1 Section 2,5938,22945A-AJ-8,CSMC 2017-RPL1 Trust CSMC 2017-RPL1 AIOS,3,actual_cost;par_value;book_adjusted_carrying_value,non-nim-sparse-row,high-priority-column-review,"source-visible blanks must not be imputed; classification is a repair worklist, not final accounting evidence"
CFAASDFR-4544,Schedule D Part 1 Section 2,5938,232432-AA-2,Countrywide Home Loan Trust 20 CWLN 2006-14 N,3,actual_cost;fair_value;book_adjusted_carrying_value,non-nim-sparse-row,high-priority-column-review,"source-visible blanks must not be imputed; classification is a repair worklist, not final accounting evidence"
CFAASDFR-4545,Schedule D Part 1 Section 2,5938,23244F-AD-6,Alternative Loan Trust 2006-J7 CWALT 2006-J7 2X2A,1,par_value,non-nim-sparse-row,high-priority-column-review,"source-visible blanks must not be imputed; classification is a repair worklist, not final accounting evidence"
CFAASDFR-4546,Schedule D Part 1 Section 2,5938,23244F-AU-8,Alternative Loan Trust 2006-J7 CWALT 2006-J7 2X2B,1,par_value,non-nim-sparse-row,high-priority-column-review,"source-visible blanks must not be imputed; classification is a repair worklist, not final accounting evidence"
CFAASDFR-4548,Schedule D Part 1 Section 2,5938,23323C-BZ-7,DLJ ABS Trust Series 2000-5 DLJAB 2000-5 AIO,3,actual_cost;par_value;book_adjusted_carrying_value,non-nim-sparse-row,high-priority-column-review,"source-visible blanks must not be imputed; classification is a repair worklist, not final accounting evidence"
CFAASDFR-4567,Schedule D Part 1 Section 2,5939,251510-FZ-1,Deutsche Alt-A Securities Inc DBALT 2005-4 AX2,2,actual_cost;par_value,source-visible-or-legacy-abs-sparse,row-level-source-review,"source-visible blanks must not be imputed; classification is a repair worklist, not final accounting evidence"
CFAASDFR-4572,Schedule D Part 1 Section 2,5939,25151R-AH-7,Deutsche Alt-A Securities Mort DBALT 2007-AR1 A6 .,3,actual_cost;fair_value;book_adjusted_carrying_value,source-visible-or-legacy-abs-sparse,row-level-source-review,"source-visible blanks must not be imputed; classification is a repair worklist, not final accounting evidence"
CFAASDFR-4573,Schedule D Part 1 Section 2,5939,25151U-AB-3,Deutsche Alt-A Securities Mort DBALT 2007-AR2 A2 .,3,actual_cost;fair_value;book_adjusted_carrying_value,source-visible-or-legacy-abs-sparse,row-level-source-review,"source-visible blanks must not be imputed; classification is a repair worklist, not final accounting evidence"
CFAASDFR-4574,Schedule D Part 1 Section 2,5939,25151U-AF-4,Deutsche Alt-A Securities Mort DBALT 2007-AR2 A6 .,3,actual_cost;fair_value;book_adjusted_carrying_value,source-visible-or-legacy-abs-sparse,row-level-source-review,"source-visible blanks must not be imputed; classification is a repair worklist, not final accounting evidence"
CFAASDFR-4587,Schedule D Part 1 Section 2,5939,30246Q-AN-3,FBR Securitization Trust 2005- FBRSI 2005-2 M7,2,actual_cost;book_adjusted_carrying_value,source-visible-or-legacy-abs-sparse,row-level-source-review,"source-visible blanks must not be imputed; classification is a repair worklist, not final accounting evidence"
CFAASDFR-4588,Schedule D Part 1 Section 2,5939,30246Q-AP-8,FBR Securitization Trust 2005- FBRSI 2005-2 M8,2,actual_cost;book_adjusted_carrying_value,source-visible-or-legacy-abs-sparse,row-level-source-review,"source-visible blanks must not be imputed; classification is a repair worklist, not final accounting evidence"
CFAASDFR-4589,Schedule D Part 1 Section 2,5939,30246Q-BK-8,FBR Securitization Trust FBRSI 2005-3 M8,2,actual_cost;book_adjusted_carrying_value,source-visible-or-legacy-abs-sparse,row-level-source-review,"source-visible blanks must not be imputed; classification is a repair worklist, not final accounting evidence"
CFAASDFR-4590,Schedule D Part 1 Section 2,5939,30246Q-BL-6,FBR Securitization Trust FBRSI 2005-3 M9,2,actual_cost;book_adjusted_carrying_value,source-visible-or-legacy-abs-sparse,row-level-source-review,"source-visible blanks must not be imputed; classification is a repair worklist, not final accounting evidence"
CFAASDFR-4591,Schedule D Part 1 Section 2,5939,30246Q-BZ-5,FBR Securitization Trust 2005- FBRSI 2005-4 M5,2,actual_cost;book_adjusted_carrying_value,source-visible-or-legacy-abs-sparse,row-level-source-review,"source-visible blanks must not be imputed; classification is a repair worklist, not final accounting evidence"
CFAASDFR-4592,Schedule D Part 1 Section 2,5939,30246Q-CA-9,FBR Securitization Trust 2005- FBRSI 2005-4 M6,2,actual_cost;book_adjusted_carrying_value,source-visible-or-legacy-abs-sparse,row-level-source-review,"source-visible blanks must not be imputed; classification is a repair worklist, not final accounting evidence"
CFAASDFR-4593,Schedule D Part 1 Section 2,5939,30246Q-CB-7,FBR Securitization Trust 2005- FBRSI 2005-4 M7,2,actual_cost;book_adjusted_carrying_value,source-visible-or-legacy-abs-sparse,row-level-source-review,"source-visible blanks must not be imputed; classification is a repair worklist, not final accounting evidence"
CFAASDFR-4594,Schedule D Part 1 Section 2,5939,30246Q-CC-5,FBR Securitization Trust 2005- FBRSI 2005-4 M8,2,actual_cost;book_adjusted_carrying_value,source-visible-or-legacy-abs-sparse,row-level-source-review,"source-visible blanks must not be imputed; classification is a repair worklist, not final accounting evidence"
CFAASDFR-4595,Schedule D Part 1 Section 2,5939,30246Q-CV-3,FBR Securitization Trust FBRSI 2005-5 M7,2,actual_cost;book_adjusted_carrying_value,source-visible-or-legacy-abs-sparse,row-level-source-review,"source-visible blanks must not be imputed; classification is a repair worklist, not final accounting evidence"
CFAASDFR-4596,Schedule D Part 1 Section 2,5939,30246Q-DA-8,FBR Securitization Trust FBRSI 2005-5 M12,2,actual_cost;book_adjusted_carrying_value,source-visible-or-legacy-abs-sparse,row-level-source-review,"source-visible blanks must not be imputed; classification is a repair worklist, not final accounting evidence"
CFAASDFR-4600,Schedule D Part 1 Section 2,5939,316599-AF-6,Fieldstone Mortgage Investment FMIC 2006-3 M1,2,actual_cost;book_adjusted_carrying_value,source-visible-or-legacy-abs-sparse,row-level-source-review,"source-visible blanks must not be imputed; classification is a repair worklist, not final accounting evidence"
CFAASDFR-4601,Schedule D Part 1 Section 2,5939,316599-AG-4,Fieldstone Mortgage Investment FMIC 2006-3 M2,2,actual_cost;book_adjusted_carrying_value,source-visible-or-legacy-abs-sparse,row-level-source-review,"source-visible blanks must not be imputed; classification is a repair worklist, not final accounting evidence"
CFAASDFR-4602,Schedule D Part 1 Section 2,5939,316599-AL-3,Fieldstone Mortgage Investment FMIC 2006-3 M6,2,actual_cost;book_adjusted_carrying_value,source-visible-or-legacy-abs-sparse,row-level-source-review,"source-visible blanks must not be imputed; classification is a repair worklist, not final accounting evidence"
CFAASDFR-4603,Schedule D Part 1 Section 2,5939,31659E-AE-8,Fieldstone Mortgage Investment FMIC 2006-2 M1,2,actual_cost;book_adjusted_carrying_value,source-visible-or-legacy-abs-sparse,row-level-source-review,"source-visible blanks must not be imputed; classification is a repair worklist, not final accounting evidence"
CFAASDFR-4604,Schedule D Part 1 Section 2,5939,31659E-AN-8,Fieldstone Mortgage Investment FMIC 2006-2 M9,2,actual_cost;book_adjusted_carrying_value,source-visible-or-legacy-abs-sparse,row-level-source-review,"source-visible blanks must not be imputed; classification is a repair worklist, not final accounting evidence"
CFAASDFR-4605,Schedule D Part 1 Section 2,5940,31659T-BU-8,Fieldstone Mortgage Investment FMIC 2004-3 M7,2,actual_cost;book_adjusted_carrying_value,source-visible-or-legacy-abs-sparse,row-level-source-review,"source-visible blanks must not be imputed; classification is a repair worklist, not final accounting evidence"
CFAASDFR-4606,Schedule D Part 1 Section 2,5940,31659T-CF-0,Fieldstone Mortgage Investment FMIC 2004-4 M5,2,actual_cost;book_adjusted_carrying_value,source-visible-or-legacy-abs-sparse,row-level-source-review,"source-visible blanks must not be imputed; classification is a repair worklist, not final accounting evidence"
CFAASDFR-4608,Schedule D Part 1 Section 2,5940,31659T-DH-5,Fieldstone Mortgage Investment FMIC 2005-1 M8,2,actual_cost;book_adjusted_carrying_value,source-visible-or-legacy-abs-sparse,row-level-source-review,"source-visible blanks must not be imputed; classification is a repair worklist, not final accounting evidence"
CFAASDFR-4609,Schedule D Part 1 Section 2,5940,31659T-DJ-1,Fieldstone Mortgage Investment FMIC 2005-1 M9,2,actual_cost;book_adjusted_carrying_value,source-visible-or-legacy-abs-sparse,row-level-source-review,"source-visible blanks must not be imputed; classification is a repair worklist, not final accounting evidence"
CFAASDFR-4610,Schedule D Part 1 Section 2,5940,31659T-DY-8,Fieldstone Mortgage Investment FMIC 2005-2 M5,2,actual_cost;book_adjusted_carrying_value,source-visible-or-legacy-abs-sparse,row-level-source-review,"source-visible blanks must not be imputed; classification is a repair worklist, not final accounting evidence"
CFAASDFR-4611,Schedule D Part 1 Section 2,5940,31659T-DZ-5,Fieldstone Mortgage Investment FMIC 2005-2 M6,2,actual_cost;book_adjusted_carrying_value,source-visible-or-legacy-abs-sparse,row-level-source-review,"source-visible blanks must not be imputed; classification is a repair worklist, not final accounting evidence"
CFAASDFR-4612,Schedule D Part 1 Section 2,5940,31659T-EL-5,Fieldstone Mortgage Investment FMIC 2005-3 M3,2,actual_cost;book_adjusted_carrying_value,source-visible-or-legacy-abs-sparse,row-level-source-review,"source-visible blanks must not be imputed; classification is a repair worklist, not final accounting evidence"
CFAASDFR-4613,Schedule D Part 1 Section 2,5940,31659T-FG-5,Fieldstone Mortgage Investment FMIC 2006-1 M7,2,actual_cost;book_adjusted_carrying_value,source-visible-or-legacy-abs-sparse,row-level-source-review,"source-visible blanks must not be imputed; classification is a repair worklist, not final accounting evidence"
CFAASDFR-4614,Schedule D Part 1 Section 2,5940,31659T-FJ-9,Fieldstone Mortgage Investment FMIC 2006-1 M9,2,actual_cost;book_adjusted_carrying_value,source-visible-or-legacy-abs-sparse,row-level-source-review,"source-visible blanks must not be imputed; classification is a repair worklist, not final accounting evidence"
CFAASDFR-4636,Schedule D Part 1 Section 2,5940,32051G-2Y-0,First Horizon Alternative Mort FHAMS 2006-FA2 1A4,1,par_value,non-nim-sparse-row,high-priority-column-review,"source-visible blanks must not be imputed; classification is a repair worklist, not final accounting evidence"
CFAASDFR-4638,Schedule D Part 1 Section 2,5940,32051G-BU-8,First Horizon Alternative Mort FHAMS 2004-AA5 2A2,3,actual_cost;par_value;book_adjusted_carrying_value,non-nim-sparse-row,high-priority-column-review,"source-visible blanks must not be imputed; classification is a repair worklist, not final accounting evidence"
CFAASDFR-4649,Schedule D Part 1 Section 2,5941,32055G-AF-8,First Horizon Mortgage Pass-Th FHASI 2007-AR2 3A1,3,actual_cost;fair_value;book_adjusted_carrying_value,source-visible-or-legacy-abs-sparse,row-level-source-review,"source-visible blanks must not be imputed; classification is a repair worklist, not final accounting evidence"
CFAASDFR-4650,Schedule D Part 1 Section 2,5941,32113J-AG-0,First NLC Trust 2005-1 FNLC 2005-1 M6,2,actual_cost;book_adjusted_carrying_value,non-nim-sparse-row,high-priority-column-review,"source-visible blanks must not be imputed; classification is a repair worklist, not final accounting evidence"
CFAASDFR-4651,Schedule D Part 1 Section 2,5941,32113J-AL-9,First NLC Trust 2005-1 FNLC 2005-1 M10,2,actual_cost;book_adjusted_carrying_value,non-nim-sparse-row,high-priority-column-review,"source-visible blanks must not be imputed; classification is a repair worklist, not final accounting evidence"
CFAASDFR-4652,Schedule D Part 1 Section 2,5941,32113J-AM-7,First NLC Trust 2005-1 FNLC 2005-1 M11,2,actual_cost;book_adjusted_carrying_value,non-nim-sparse-row,high-priority-column-review,"source-visible blanks must not be imputed; classification is a repair worklist, not final accounting evidence"
CFAASDFR-4653,Schedule D Part 1 Section 2,5941,32113J-AP-0,First NLC Trust 2005-1 FNLC 2005-1 M13,2,actual_cost;book_adjusted_carrying_value,non-nim-sparse-row,high-priority-column-review,"source-visible blanks must not be imputed; classification is a repair worklist, not final accounting evidence"
CFAASDFR-4668,Schedule D Part 1 Section 2,5941,35729V-AF-4,Fremont Home Loan Trust 2006-D FHLT 2006-D M1,3,actual_cost;fair_value;book_adjusted_carrying_value,non-nim-sparse-row,high-priority-column-review,"source-visible blanks must not be imputed; classification is a repair worklist, not final accounting evidence"
CFAASDFR-4669,Schedule D Part 1 Section 2,5941,357523-AR-0,Fremont NIM Trust 2005-C FRENT 2005-C NOTE,3,actual_cost;fair_value;book_adjusted_carrying_value,source-visible-sparse-nim,preserve-blanks-no-imputation,"source-visible blanks must not be imputed; classification is a repair worklist, not final accounting evidence"
CFAASDFR-4670,Schedule D Part 1 Section 2,5941,36157R-HX-6,GE Mortgage Services LLC GECMS 1998-HE2 B1,2,fair_value;book_adjusted_carrying_value,source-visible-or-legacy-abs-sparse,row-level-source-review,"source-visible blanks must not be imputed; classification is a repair worklist, not final accounting evidence"
CFAASDFR-4695,Schedule D Part 1 Section 2,5941,362334-CJ-1,GSAA Home Equity NIM Trust GSAAN 2006-2 NOTE,3,actual_cost;fair_value;book_adjusted_carrying_value,source-visible-sparse-nim,preserve-blanks-no-imputation,"source-visible blanks must not be imputed; classification is a repair worklist, not final accounting evidence"
CFAASDFR-4716,Schedule D Part 1 Section 2,5942,362341-F7-9,GSAMP 2005-WMC2-N GSAMN 2005-WMC2 NOTE,3,actual_cost;fair_value;book_adjusted_carrying_value,non-nim-sparse-row,high-priority-column-review,"source-visible blanks must not be imputed; classification is a repair worklist, not final accounting evidence"
CFAASDFR-4722,Schedule D Part 1 Section 2,5942,362341-N5-4,GSR Trust 2005-HEL1 GSR 2005-HEL1 A2B,2,actual_cost;book_adjusted_carrying_value,non-nim-sparse-row,high-priority-column-review,"source-visible blanks must not be imputed; classification is a repair worklist, not final accounting evidence"
CFAASDFR-4734,Schedule D Part 1 Section 2,5942,36242D-7Y-3,GSR Mortgage Loan Trust 2005-5 GSR 2005-5F B2,2,actual_cost;book_adjusted_carrying_value,source-visible-or-legacy-abs-sparse,row-level-source-review,"source-visible blanks must not be imputed; classification is a repair worklist, not final accounting evidence"
CFAASDFR-4753,Schedule D Part 1 Section 2,5943,362561-AB-8,GSMSC 2007-NIM1 Ltd GSMSC 2007-NIM1 N2,2,actual_cost;book_adjusted_carrying_value,source-visible-sparse-nim,preserve-blanks-no-imputation,"source-visible blanks must not be imputed; classification is a repair worklist, not final accounting evidence"
CFAASDFR-4777,Schedule D Part 1 Section 2,5943,36298N-BX-1,GSR Mortgage Loan Trust 2006-7 GSR 2006-7F 5A2,1,par_value,source-visible-or-legacy-abs-sparse,row-level-source-review,"source-visible blanks must not be imputed; classification is a repair worklist, not final accounting evidence"
CFAASDFR-4800,Schedule D Part 1 Section 2,5944,41161P-DX-8,HarborView Mortgage Loan Trust HVMLT 2004-4 X1,3,actual_cost;par_value;book_adjusted_carrying_value,source-visible-or-legacy-abs-sparse,row-level-source-review,"source-visible blanks must not be imputed; classification is a repair worklist, not final accounting evidence"
CFAASDFR-4827,Schedule D Part 1 Section 2,5944,41161P-XU-2,HarborView Mortgage Loan Trust HVMLT 2005-15 X3B .,3,actual_cost;par_value;book_adjusted_carrying_value,source-visible-or-legacy-abs-sparse,row-level-source-review,"source-visible blanks must not be imputed; classification is a repair worklist, not final accounting evidence"
CFAASDFR-4831,Schedule D Part 1 Section 2,5945,41162B-AB-9,Harborview Mortgage Loan Trust HVMLT 2006-SB1 A1B,2,fair_value;book_adjusted_carrying_value,source-visible-or-legacy-abs-sparse,row-level-source-review,"source-visible blanks must not be imputed; classification is a repair worklist, not final accounting evidence"
CFAASDFR-4837,Schedule D Part 1 Section 2,5945,41164U-AD-1,HarborView Mortgage Loan Trust HVMLT 2007-3 2A1C .,2,actual_cost;book_adjusted_carrying_value,source-visible-or-legacy-abs-sparse,row-level-source-review,"source-visible blanks must not be imputed; classification is a repair worklist, not final accounting evidence"
CFAASDFR-4858,Schedule D Part 1 Section 2,5945,45254N-PL-5,Impac CMB Trust Series 2005-4 IMM 2005-4 1M5,1,actual_cost,non-nim-sparse-row,high-priority-column-review,"source-visible blanks must not be imputed; classification is a repair worklist, not final accounting evidence"
CFAASDFR-4859,Schedule D Part 1 Section 2,5945,45254N-PQ-4,Impac CMB Trust Series 2005-4 IMM 2005-4 1B1,1,actual_cost,non-nim-sparse-row,high-priority-column-review,"source-visible blanks must not be imputed; classification is a repair worklist, not final accounting evidence"
CFAASDFR-4862,Schedule D Part 1 Section 2,5945,45254N-QA-8,Impac CMB Trust Series 2005-5 IMM 2005-5 M3,2,actual_cost;book_adjusted_carrying_value,non-nim-sparse-row,high-priority-column-review,"source-visible blanks must not be imputed; classification is a repair worklist, not final accounting evidence"
CFAASDFR-4871,Schedule D Part 1 Section 2,5945,452563-AA-7,IMPAC NIM Trust 2007-3 IMSAN 2007-3 N,3,actual_cost;fair_value;book_adjusted_carrying_value,source-visible-sparse-nim,preserve-blanks-no-imputation,"source-visible blanks must not be imputed; classification is a repair worklist, not final accounting evidence"
CFAASDFR-4872,Schedule D Part 1 Section 2,5945,452565-AA-2,IMPAC NIM Trust 2007-2 IMSAN 2007-2 N,3,actual_cost;fair_value;book_adjusted_carrying_value,source-visible-sparse-nim,preserve-blanks-no-imputation,"source-visible blanks must not be imputed; classification is a repair worklist, not final accounting evidence"
CFAASDFR-4882,Schedule D Part 1 Section 2,5946,45660L-FM-6,IndyMac INDX Mortgage Loan Tru INDX 2005-AR3 3X,4,actual_cost;par_value;fair_value;book_adjusted_carrying_value,source-visible-or-legacy-abs-sparse,row-level-source-review,"source-visible blanks must not be imputed; classification is a repair worklist, not final accounting evidence"
CFAASDFR-4891,Schedule D Part 1 Section 2,5946,45660L-RZ-4,IndyMac INDX Mortgage Loan Tru INDX 2005-AR14 2A1C,2,actual_cost;book_adjusted_carrying_value,source-visible-or-legacy-abs-sparse,row-level-source-review,"source-visible blanks must not be imputed; classification is a repair worklist, not final accounting evidence"
CFAASDFR-4896,Schedule D Part 1 Section 2,5946,45660L-VN-6,IndyMac INDX Mortgage Loan Tru INDX 2005-AR15 A3 ..,2,actual_cost;par_value,source-visible-or-legacy-abs-sparse,row-level-source-review,"source-visible blanks must not be imputed; classification is a repair worklist, not final accounting evidence"
CFAASDFR-4903,Schedule D Part 1 Section 2,5946,45660L-WS-4,IndyMac INDX Mortgage Loan Tru INDX 2005-AR18 1X ..,1,par_value,source-visible-or-legacy-abs-sparse,row-level-source-review,"source-visible blanks must not be imputed; classification is a repair worklist, not final accounting evidence"
CFAASDFR-4904,Schedule D Part 1 Section 2,5946,45660L-X3-8,IndyMac INDX Mortgage Loan Tru INDX 2005-AR31 AX ..,3,actual_cost;par_value;book_adjusted_carrying_value,source-visible-or-legacy-abs-sparse,row-level-source-review,"source-visible blanks must not be imputed; classification is a repair worklist, not final accounting evidence"
CFAASDFR-4905,Schedule D Part 1 Section 2,5946,45660L-Y3-7,IndyMac INDX Mortgage Loan Tru INDX 2005-AR29 A2 ..,3,actual_cost;fair_value;book_adjusted_carrying_value,source-visible-or-legacy-abs-sparse,row-level-source-review,"source-visible blanks must not be imputed; classification is a repair worklist, not final accounting evidence"
CFAASDFR-4908,Schedule D Part 1 Section 2,5946,45660L-YX-1,IndyMac INDB Mortgage Loan Tru INDB_05-1-A2,1,fair_value,source-visible-or-legacy-abs-sparse,row-level-source-review,"source-visible blanks must not be imputed; classification is a repair worklist, not final accounting evidence"
CFAASDFR-4929,Schedule D Part 1 Section 2,5947,45661E-DB-7,IndyMac INDX Mortgage Loan Tru INDX 2006-AR7 3A2 ..,2,actual_cost;book_adjusted_carrying_value,source-visible-or-legacy-abs-sparse,row-level-source-review,"source-visible blanks must not be imputed; classification is a repair worklist, not final accounting evidence"
CFAASDFR-4932,Schedule D Part 1 Section 2,5947,45661H-AK-3,IndyMac INDX Mortgage Loan Tru INDX 2006-AR25 4A2,1,book_adjusted_carrying_value,source-visible-or-legacy-abs-sparse,row-level-source-review,"source-visible blanks must not be imputed; classification is a repair worklist, not final accounting evidence"
CFAASDFR-4934,Schedule D Part 1 Section 2,5947,45662F-AB-6,IndyMac INDA Mortgage Loan Tru INDA 2006-AR3 1A2 ..,2,actual_cost;book_adjusted_carrying_value,source-visible-or-legacy-abs-sparse,row-level-source-review,"source-visible blanks must not be imputed; classification is a repair worklist, not final accounting evidence"
CFAASDFR-4936,Schedule D Part 1 Section 2,5947,456654-AB-8,IndyMac IMJA Mortgage Loan Tru IMJA 2007-A2 1A2,1,fair_value,source-visible-or-legacy-abs-sparse,row-level-source-review,"source-visible blanks must not be imputed; classification is a repair worklist, not final accounting evidence"
CFAASDFR-4937,Schedule D Part 1 Section 2,5947,456672-AD-6,IndyMac IMSC Mortgage Loan Tru IMSC 2007-AR1 2A2 ..,3,actual_cost;fair_value;book_adjusted_carrying_value,source-visible-or-legacy-abs-sparse,row-level-source-review,"source-visible blanks must not be imputed; classification is a repair worklist, not final accounting evidence"
CFAASDFR-4942,Schedule D Part 1 Section 2,5947,45667S-AM-9,IndyMac INDX Mortgage Loan Tru INDX 2006-AR35 2A1B,2,actual_cost;book_adjusted_carrying_value,source-visible-or-legacy-abs-sparse,row-level-source-review,"source-visible blanks must not be imputed; classification is a repair worklist, not final accounting evidence"
CFAASDFR-4945,Schedule D Part 1 Section 2,5947,45668G-AE-2,IndyMac INDX Mortgage Loan Tru INDX 2006-AR14 1A3B,1,fair_value,source-visible-or-legacy-abs-sparse,row-level-source-review,"source-visible blanks must not be imputed; classification is a repair worklist, not final accounting evidence"
CFAASDFR-4950,Schedule D Part 1 Section 2,5947,45669Y-AT-9,IndyMac INDX Mortgage Loan Tru INDX 2007-AR9 3A2 ..,3,actual_cost;fair_value;book_adjusted_carrying_value,source-visible-or-legacy-abs-sparse,row-level-source-review,"source-visible blanks must not be imputed; classification is a repair worklist, not final accounting evidence"
CFAASDFR-4963,Schedule D Part 1 Section 2,5948,466247-MH-3,JP Morgan Mortgage Trust 2005- JPMMT 2005-A1 IB4 .,3,actual_cost;fair_value;book_adjusted_carrying_value,source-visible-or-legacy-abs-sparse,row-level-source-review,"source-visible blanks must not be imputed; classification is a repair worklist, not final accounting evidence"
CFAASDFR-4984,Schedule D Part 1 Section 2,5948,46626L-JT-8,JP Morgan Mortgage Acquisition JPMAC 2006-NC1 M3 ..,3,actual_cost;fair_value;book_adjusted_carrying_value,source-visible-or-legacy-abs-sparse,row-level-source-review,"source-visible blanks must not be imputed; classification is a repair worklist, not final accounting evidence"
CFAASDFR-5000,Schedule D Part 1 Section 2,5948,466287-BD-0,JP Morgan Alternative Loan Tru JPALT 2007-A1 1A1B,2,actual_cost;book_adjusted_carrying_value,non-nim-sparse-row,high-priority-column-review,"source-visible blanks must not be imputed; classification is a repair worklist, not final accounting evidence"
CFAASDFR-5073,Schedule D Part 1 Section 2,5950,46641C-BM-2,JP Morgan Mortgage Trust 2014- JPMMT 2014-1 2AX,3,actual_cost;par_value;book_adjusted_carrying_value,source-visible-or-legacy-abs-sparse,row-level-source-review,"source-visible blanks must not be imputed; classification is a repair worklist, not final accounting evidence"
CFAASDFR-5093,Schedule D Part 1 Section 2,5951,52521H-BF-9,Lehman Mortgage Trust 2006-9 LMT 2006-9 2A2,1,par_value,source-visible-or-legacy-abs-sparse,row-level-source-review,"source-visible blanks must not be imputed; classification is a repair worklist, not final accounting evidence"
CFAASDFR-5104,Schedule D Part 1 Section 2,5951,52522Q-AU-6,Lehman Mortgage Trust 2007-10 LMT 2007-10 3A8,1,par_value,source-visible-or-legacy-abs-sparse,row-level-source-review,"source-visible blanks must not be imputed; classification is a repair worklist, not final accounting evidence"
CFAASDFR-5113,Schedule D Part 1 Section 2,5951,52525B-BJ-0,Lehman XS Trust Series 2007-16 LXS 2007-16N AF3 ..,3,actual_cost;fair_value;book_adjusted_carrying_value,non-nim-sparse-row,high-priority-column-review,"source-visible blanks must not be imputed; classification is a repair worklist, not final accounting evidence"
CFAASDFR-5117,Schedule D Part 1 Section 2,5951,54239Q-AV-4,Long Beach Asset Holdings Corp LBAHC 2005-WL2 NOTE,2,actual_cost;book_adjusted_carrying_value,non-nim-sparse-row,high-priority-column-review,"source-visible blanks must not be imputed; classification is a repair worklist, not final accounting evidence"
CFAASDFR-5141,Schedule D Part 1 Section 2,5952,576431-AG-5,MASTR Adjustable Rate Mortgage MARM 2007-1 IX2,3,actual_cost;par_value;book_adjusted_carrying_value,source-visible-or-legacy-abs-sparse,row-level-source-review,"source-visible blanks must not be imputed; classification is a repair worklist, not final accounting evidence"
CFAASDFR-5150,Schedule D Part 1 Section 2,5952,576434-FN-9,MASTR Alternative Loan Trust 2 MALT 2003-5 15AX,1,par_value,non-nim-sparse-row,high-priority-column-review,"source-visible blanks must not be imputed; classification is a repair worklist, not final accounting evidence"
CFAASDFR-5164,Schedule D Part 1 Section 2,5952,585525-FD-5,Mellon Residential Funding Cor MRFC 2001-TBC1 X,1,par_value,non-nim-sparse-row,high-priority-column-review,"source-visible blanks must not be imputed; classification is a repair worklist, not final accounting evidence"
CFAASDFR-5192,Schedule D Part 1 Section 2,5953,59022M-AF-8,Merrill Lynch Mortgage Investo MLMIN 2004-WMC1 N1,3,actual_cost;fair_value;book_adjusted_carrying_value,source-visible-or-legacy-abs-sparse,row-level-source-review,"source-visible blanks must not be imputed; classification is a repair worklist, not final accounting evidence"
CFAASDFR-5193,Schedule D Part 1 Section 2,5953,59022M-AN-1,Merrill Lynch Mortgage Investo MLMIN 2005-FFH1 N1,3,actual_cost;fair_value;book_adjusted_carrying_value,source-visible-or-legacy-abs-sparse,row-level-source-review,"source-visible blanks must not be imputed; classification is a repair worklist, not final accounting evidence"
CFAASDFR-5194,Schedule D Part 1 Section 2,5953,59022M-AP-6,Merrill Lynch Mortgage Investo OWNIM 2005-3N N1,3,actual_cost;fair_value;book_adjusted_carrying_value,source-visible-sparse-nim,preserve-blanks-no-imputation,"source-visible blanks must not be imputed; classification is a repair worklist, not final accounting evidence"
CFAASDFR-5241,Schedule D Part 1 Section 2,5954,61748H-KM-2,Morgan Stanley Mortgage Loan T MSM 2005-4 6A2,1,par_value,source-visible-or-legacy-abs-sparse,row-level-source-review,"source-visible blanks must not be imputed; classification is a repair worklist, not final accounting evidence"
CFAASDFR-5247,Schedule D Part 1 Section 2,5954,61748H-QX-2,Morgan Stanley Mortgage Loan T MSM 2005-9AR 1X,1,par_value,source-visible-or-legacy-abs-sparse,row-level-source-review,"source-visible blanks must not be imputed; classification is a repair worklist, not final accounting evidence"
CFAASDFR-5256,Schedule D Part 1 Section 2,5954,61748L-AF-9,Morgan Stanley ABS Capital I I MSAC 2006-NC4 M1,2,fair_value;book_adjusted_carrying_value,non-nim-sparse-row,high-priority-column-review,"source-visible blanks must not be imputed; classification is a repair worklist, not final accounting evidence"
CFAASDFR-5313,Schedule D Part 1 Section 2,5955,62923J-AJ-1,NMLT 2021-INV1 Trust NLT 2021-INV1 AIOS,1,par_value,non-nim-sparse-row,high-priority-column-review,"source-visible blanks must not be imputed; classification is a repair worklist, not final accounting evidence"
CFAASDFR-5319,Schedule D Part 1 Section 2,5956,63543V-AJ-2,National Collegiate Student Lo NCSLT 2006-3 D,2,actual_cost;book_adjusted_carrying_value,non-nim-sparse-row,high-priority-column-review,"source-visible blanks must not be imputed; classification is a repair worklist, not final accounting evidence"
CFAASDFR-5320,Schedule D Part 1 Section 2,5956,63543W-AH-4,National Collegiate Student Lo NCSLT 2006-4 D,2,actual_cost;book_adjusted_carrying_value,non-nim-sparse-row,high-priority-column-review,"source-visible blanks must not be imputed; classification is a repair worklist, not final accounting evidence"
CFAASDFR-5321,Schedule D Part 1 Section 2,5956,63860D-AA-6,Nationstar NIM Trust 2006-1N NSTRN 2006-1 N1,3,actual_cost;fair_value;book_adjusted_carrying_value,source-visible-sparse-nim,preserve-blanks-no-imputation,"source-visible blanks must not be imputed; classification is a repair worklist, not final accounting evidence"
CFAASDFR-5345,Schedule D Part 1 Section 2,5956,65537M-AF-3,Nomura Home Equity Loan Inc NHELI 2007-2 M1,1,fair_value,non-nim-sparse-row,high-priority-column-review,"source-visible blanks must not be imputed; classification is a repair worklist, not final accounting evidence"
CFAASDFR-5356,Schedule D Part 1 Section 2,5956,66987X-HB-4,NovaStar Mortgage Funding Trus NHEL 2005-3 M5,3,actual_cost;fair_value;book_adjusted_carrying_value,source-visible-or-legacy-abs-sparse,row-level-source-review,"source-visible blanks must not be imputed; classification is a repair worklist, not final accounting evidence"
CFAASDFR-5357,Schedule D Part 1 Section 2,5956,669884-AN-8,NovaStar Mortgage Funding Trus NHEL 2006-1 M8,3,actual_cost;fair_value;book_adjusted_carrying_value,source-visible-or-legacy-abs-sparse,row-level-source-review,"source-visible blanks must not be imputed; classification is a repair worklist, not final accounting evidence"
CFAASDFR-5358,Schedule D Part 1 Section 2,5956,66988U-AD-2,NovaStar Mortgage Funding Trus NMFT 2006-MTA1 2A1C,3,actual_cost;fair_value;book_adjusted_carrying_value,source-visible-or-legacy-abs-sparse,row-level-source-review,"source-visible blanks must not be imputed; classification is a repair worklist, not final accounting evidence"
CFAASDFR-5376,Schedule D Part 1 Section 2,5957,69121E-AG-3,Ownit Mortgage Loan Trust Seri OWNIT 2006-5 M1,3,actual_cost;fair_value;book_adjusted_carrying_value,source-visible-or-legacy-abs-sparse,row-level-source-review,"source-visible blanks must not be imputed; classification is a repair worklist, not final accounting evidence"
CFAASDFR-5390,Schedule D Part 1 Section 2,5957,71085P-BQ-5,People's Choice Home Loan Secu PCHLT 2005-1 B1,1,actual_cost,non-nim-sparse-row,high-priority-column-review,"source-visible blanks must not be imputed; classification is a repair worklist, not final accounting evidence"
CFAASDFR-5391,Schedule D Part 1 Section 2,5957,71085P-BR-3,People's Choice Home Loan Secu PCHLT 2005-1 B2,2,actual_cost;book_adjusted_carrying_value,non-nim-sparse-row,high-priority-column-review,"source-visible blanks must not be imputed; classification is a repair worklist, not final accounting evidence"
CFAASDFR-5392,Schedule D Part 1 Section 2,5957,71085P-BS-1,People's Choice Home Loan Secu PCHLT 2005-1 B3,2,actual_cost;book_adjusted_carrying_value,non-nim-sparse-row,high-priority-column-review,"source-visible blanks must not be imputed; classification is a repair worklist, not final accounting evidence"
CFAASDFR-5393,Schedule D Part 1 Section 2,5957,71085P-CF-8,People's Choice Home Loan Secu PCHLT 2005-2 M6,2,actual_cost;book_adjusted_carrying_value,non-nim-sparse-row,high-priority-column-review,"source-visible blanks must not be imputed; classification is a repair worklist, not final accounting evidence"
CFAASDFR-5394,Schedule D Part 1 Section 2,5957,71085P-CH-4,People's Choice Home Loan Secu PCHLT 2005-2 B2,2,actual_cost;book_adjusted_carrying_value,non-nim-sparse-row,high-priority-column-review,"source-visible blanks must not be imputed; classification is a repair worklist, not final accounting evidence"
CFAASDFR-5395,Schedule D Part 1 Section 2,5957,71085P-CZ-4,People's Choice Home Loan Secu PCHLT 2005-3 M9,2,actual_cost;book_adjusted_carrying_value,non-nim-sparse-row,high-priority-column-review,"source-visible blanks must not be imputed; classification is a repair worklist, not final accounting evidence"
CFAASDFR-5396,Schedule D Part 1 Section 2,5957,71085P-DB-6,People's Choice Home Loan Secu PCHLT 2005-3 M11,2,actual_cost;book_adjusted_carrying_value,non-nim-sparse-row,high-priority-column-review,"source-visible blanks must not be imputed; classification is a repair worklist, not final accounting evidence"
CFAASDFR-5397,Schedule D Part 1 Section 2,5957,71085P-DN-0,People's Choice Home Loan Secu PCHLT 2005-4 M7,2,actual_cost;book_adjusted_carrying_value,non-nim-sparse-row,high-priority-column-review,"source-visible blanks must not be imputed; classification is a repair worklist, not final accounting evidence"
CFAASDFR-5398,Schedule D Part 1 Section 2,5957,71085P-DS-9,People's Choice Home Loan Secu PCHLT 2005-4 M11,2,actual_cost;book_adjusted_carrying_value,non-nim-sparse-row,high-priority-column-review,"source-visible blanks must not be imputed; classification is a repair worklist, not final accounting evidence"
CFAASDFR-5414,Schedule D Part 1 Section 2,5958,74922K-AB-1,RALI Series 2007-QS1 Trust RALI 2007-QS1 1A2,1,par_value,non-nim-sparse-row,high-priority-column-review,"source-visible blanks must not be imputed; classification is a repair worklist, not final accounting evidence"
CFAASDFR-5422,Schedule D Part 1 Section 2,5958,74923J-AH-0,RALI Series 2007-QS5 Trust RALI 2007-QS5 A8,1,par_value,non-nim-sparse-row,high-priority-column-review,"source-visible blanks must not be imputed; classification is a repair worklist, not final accounting evidence"
CFAASDFR-5426,Schedule D Part 1 Section 2,5958,749243-AS-0,RASC NIM 2004-NT11 Trust RASCN 2004-NT11 NOTE,3,actual_cost;fair_value;book_adjusted_carrying_value,source-visible-sparse-nim,preserve-blanks-no-imputation,"source-visible blanks must not be imputed; classification is a repair worklist, not final accounting evidence"
CFAASDFR-5510,Schedule D Part 1 Section 2,5960,751151-AK-7,RALI Series 2006-QS12 Trust RALI 2006-QS12 2A6,3,actual_cost;par_value;book_adjusted_carrying_value,non-nim-sparse-row,high-priority-column-review,"source-visible blanks must not be imputed; classification is a repair worklist, not final accounting evidence"
CFAASDFR-5511,Schedule D Part 1 Section 2,5960,751151-AM-3,RALI Series 2006-QS12 Trust RALI 2006-QS12 2A8,3,actual_cost;par_value;book_adjusted_carrying_value,non-nim-sparse-row,high-priority-column-review,"source-visible blanks must not be imputed; classification is a repair worklist, not final accounting evidence"
CFAASDFR-5527,Schedule D Part 1 Section 2,5960,75971A-AA-2,Renaissance Home Equity Loan T RENIM 2006-3 N1,3,actual_cost;fair_value;book_adjusted_carrying_value,source-visible-sparse-nim,preserve-blanks-no-imputation,"source-visible blanks must not be imputed; classification is a repair worklist, not final accounting evidence"
CFAASDFR-5557,Schedule D Part 1 Section 2,5961,761118-UZ-9,RALI Series 2006-QS2 Trust RALI 2006-QS2 1A18,3,actual_cost;par_value;book_adjusted_carrying_value,non-nim-sparse-row,high-priority-column-review,"source-visible blanks must not be imputed; classification is a repair worklist, not final accounting evidence"
CFAASDFR-5571,Schedule D Part 1 Section 2,5961,761128-BL-0,Residential Asset Securitizati RAST 2007-A8 1A4 ..,3,actual_cost;fair_value;book_adjusted_carrying_value,source-visible-or-legacy-abs-sparse,row-level-source-review,"source-visible blanks must not be imputed; classification is a repair worklist, not final accounting evidence"
CFAASDFR-5572,Schedule D Part 1 Section 2,5961,761128-BM-8,Residential Asset Securitizati RAST 2007-A8 2A6 ..,2,fair_value;book_adjusted_carrying_value,source-visible-or-legacy-abs-sparse,row-level-source-review,"source-visible blanks must not be imputed; classification is a repair worklist, not final accounting evidence"
CFAASDFR-5577,Schedule D Part 1 Section 2,5961,76112H-AC-1,Residential Asset Securitizati RAST 2006-A9CB A3 .,1,par_value,source-visible-or-legacy-abs-sparse,row-level-source-review,"source-visible blanks must not be imputed; classification is a repair worklist, not final accounting evidence"
CFAASDFR-5579,Schedule D Part 1 Section 2,5961,76113N-AQ-6,Residential Asset Securitizati RAST 2006-A7CB 3A2,3,actual_cost;fair_value;book_adjusted_carrying_value,source-visible-or-legacy-abs-sparse,row-level-source-review,"source-visible blanks must not be imputed; classification is a repair worklist, not final accounting evidence"
CFAASDFR-5603,Schedule D Part 1 Section 2,5962,785778-NH-0,SACO I Trust 2005-10 SACO 2005-10 1M,1,fair_value,non-nim-sparse-row,high-priority-column-review,"source-visible blanks must not be imputed; classification is a repair worklist, not final accounting evidence"
CFAASDFR-5604,Schedule D Part 1 Section 2,5962,785778-PH-8,SACO I Trust 2006-2 SACO 2006-2 1M,3,actual_cost;fair_value;book_adjusted_carrying_value,non-nim-sparse-row,high-priority-column-review,"source-visible blanks must not be imputed; classification is a repair worklist, not final accounting evidence"
CFAASDFR-5607,Schedule D Part 1 Section 2,5962,80382S-AG-3,Sasco Net Interest Margin Trus SASNM 2003-BC2 N2 .,3,actual_cost;fair_value;book_adjusted_carrying_value,source-visible-sparse-nim,preserve-blanks-no-imputation,"source-visible blanks must not be imputed; classification is a repair worklist, not final accounting evidence"
CFAASDFR-5610,Schedule D Part 1 Section 2,5962,80556A-AF-4,Saxon Asset Securities Trust 2 SAST 2006-3 M2,2,actual_cost;book_adjusted_carrying_value,source-visible-or-legacy-abs-sparse,row-level-source-review,"source-visible blanks must not be imputed; classification is a repair worklist, not final accounting evidence"
CFAASDFR-5611,Schedule D Part 1 Section 2,5962,80556A-AG-2,Saxon Asset Securities Trust 2 SAST 2006-3 M3,2,actual_cost;book_adjusted_carrying_value,source-visible-or-legacy-abs-sparse,row-level-source-review,"source-visible blanks must not be imputed; classification is a repair worklist, not final accounting evidence"
CFAASDFR-5612,Schedule D Part 1 Section 2,5962,80556A-AH-0,Saxon Asset Securities Trust 2 SAST 2006-3 M4,2,actual_cost;book_adjusted_carrying_value,source-visible-or-legacy-abs-sparse,row-level-source-review,"source-visible blanks must not be imputed; classification is a repair worklist, not final accounting evidence"
CFAASDFR-5613,Schedule D Part 1 Section 2,5962,80556A-AJ-6,Saxon Asset Securities Trust 2 SAST 2006-3 M5,2,actual_cost;book_adjusted_carrying_value,source-visible-or-legacy-abs-sparse,row-level-source-review,"source-visible blanks must not be imputed; classification is a repair worklist, not final accounting evidence"
CFAASDFR-5614,Schedule D Part 1 Section 2,5962,80556A-AK-3,Saxon Asset Securities Trust 2 SAST 2006-3 M6,2,actual_cost;book_adjusted_carrying_value,source-visible-or-legacy-abs-sparse,row-level-source-review,"source-visible blanks must not be imputed; classification is a repair worklist, not final accounting evidence"
CFAASDFR-5615,Schedule D Part 1 Section 2,5962,80556A-AM-9,Saxon Asset Securities Trust 2 SAST 2006-3 B2,2,actual_cost;book_adjusted_carrying_value,source-visible-or-legacy-abs-sparse,row-level-source-review,"source-visible blanks must not be imputed; classification is a repair worklist, not final accounting evidence"
CFAASDFR-5616,Schedule D Part 1 Section 2,5962,81375H-AD-1,Securitized Asset Backed Recei SABR 2006-NC1 M1,2,actual_cost;book_adjusted_carrying_value,source-visible-or-legacy-abs-sparse,row-level-source-review,"source-visible blanks must not be imputed; classification is a repair worklist, not final accounting evidence"
CFAASDFR-5619,Schedule D Part 1 Section 2,5962,81375X-AP-9,Securitized Asset Backed NIM T SABN 2005-FR4 NIM .,3,actual_cost;fair_value;book_adjusted_carrying_value,source-visible-sparse-nim,preserve-blanks-no-imputation,"source-visible blanks must not be imputed; classification is a repair worklist, not final accounting evidence"
CFAASDFR-5624,Schedule D Part 1 Section 2,5962,81743P-AD-8,Sequoia Mortgage Trust 2003-1 SEMT 2003-1 X1B,3,actual_cost;par_value;book_adjusted_carrying_value,source-visible-or-legacy-abs-sparse,row-level-source-review,"source-visible blanks must not be imputed; classification is a repair worklist, not final accounting evidence"
CFAASDFR-5641,Schedule D Part 1 Section 2,5963,81744F-GP-6,Sequoia Mortgage Trust 2005-1 SEMT 2005-1 XA,3,actual_cost;par_value;book_adjusted_carrying_value,source-visible-or-legacy-abs-sparse,row-level-source-review,"source-visible blanks must not be imputed; classification is a repair worklist, not final accounting evidence"
CFAASDFR-5643,Schedule D Part 1 Section 2,5963,81745N-AG-4,Sequoia Mortgage Trust 2014-1 SEMT 2014-1 2AIO,1,par_value,source-visible-or-legacy-abs-sparse,row-level-source-review,"source-visible blanks must not be imputed; classification is a repair worklist, not final accounting evidence"
CFAASDFR-5660,Schedule D Part 1 Section 2,5963,863576-ES-9,Structured Asset Securities Co SASC 2006-OW1 A6M .,3,actual_cost;fair_value;book_adjusted_carrying_value,source-visible-or-legacy-abs-sparse,row-level-source-review,"source-visible blanks must not be imputed; classification is a repair worklist, not final accounting evidence"
CFAASDFR-5663,Schedule D Part 1 Section 2,5963,863579-JJ-8,Structured Adjustable Rate Mor SARM 2004-19 2A1X ..,3,actual_cost;par_value;book_adjusted_carrying_value,non-nim-sparse-row,high-priority-column-review,"source-visible blanks must not be imputed; classification is a repair worklist, not final accounting evidence"
CFAASDFR-5666,Schedule D Part 1 Section 2,5963,863579-NN-4,Structured Adjustable Rate Mor SARM 2005-4 BX2,1,par_value,non-nim-sparse-row,high-priority-column-review,"source-visible blanks must not be imputed; classification is a repair worklist, not final accounting evidence"
CFAASDFR-5674,Schedule D Part 1 Section 2,5963,86359A-RJ-4,Structured Asset Securities Co SASC 2003-9A B1I,2,actual_cost;book_adjusted_carrying_value,source-visible-or-legacy-abs-sparse,row-level-source-review,"source-visible blanks must not be imputed; classification is a repair worklist, not final accounting evidence"
CFAASDFR-5700,Schedule D Part 1 Section 2,5964,86359L-MA-4,Structured Asset Mortgage Inve SAMI 2005-AR4 A2,3,actual_cost;fair_value;book_adjusted_carrying_value,source-visible-or-legacy-abs-sparse,row-level-source-review,"source-visible blanks must not be imputed; classification is a repair worklist, not final accounting evidence"
CFAASDFR-5708,Schedule D Part 1 Section 2,5964,86359L-SB-6,Structured Asset Mortgage Inve SAMI 2005-AR8 A5,3,actual_cost;fair_value;book_adjusted_carrying_value,source-visible-or-legacy-abs-sparse,row-level-source-review,"source-visible blanks must not be imputed; classification is a repair worklist, not final accounting evidence"
CFAASDFR-5716,Schedule D Part 1 Section 2,5964,86360W-AF-9,Structured Asset Investment Lo SAIL 2006-4 M1,3,actual_cost;fair_value;book_adjusted_carrying_value,non-nim-sparse-row,high-priority-column-review,"source-visible blanks must not be imputed; classification is a repair worklist, not final accounting evidence"
CFAASDFR-5731,Schedule D Part 1 Section 2,5965,86363G-AP-9,Structured Adjustable Rate Mor SARM 2007-3 4AX,3,actual_cost;par_value;book_adjusted_carrying_value,non-nim-sparse-row,high-priority-column-review,"source-visible blanks must not be imputed; classification is a repair worklist, not final accounting evidence"
CFAASDFR-5738,Schedule D Part 1 Section 2,5965,88155X-AB-1,Terwin Cayman NIM 2006-5 Ltd TMTSN 2006-5 N2,3,actual_cost;fair_value;book_adjusted_carrying_value,source-visible-sparse-nim,preserve-blanks-no-imputation,"source-visible blanks must not be imputed; classification is a repair worklist, not final accounting evidence"
CFAASDFR-5740,Schedule D Part 1 Section 2,5965,881561-FT-6,Terwin Mortgage Trust Series T TMTS 2004-3HE N,3,actual_cost;par_value;book_adjusted_carrying_value,source-visible-or-legacy-abs-sparse,row-level-source-review,"source-visible blanks must not be imputed; classification is a repair worklist, not final accounting evidence"
CFAASDFR-5744,Schedule D Part 1 Section 2,5965,881562-AA-0,Terwin NIMs Trust TMTS 2003-8H TMTSN 2003-8HE A ..,3,actual_cost;fair_value;book_adjusted_carrying_value,source-visible-sparse-nim,preserve-blanks-no-imputation,"source-visible blanks must not be imputed; classification is a repair worklist, not final accounting evidence"
CFAASDFR-5748,Schedule D Part 1 Section 2,5965,88522A-AD-3,Thornburg Mortgage Securities TMST 2006-4 A2C,2,actual_cost;book_adjusted_carrying_value,source-visible-or-legacy-abs-sparse,row-level-source-review,"source-visible blanks must not be imputed; classification is a repair worklist, not final accounting evidence"
CFAASDFR-5818,Schedule D Part 1 Section 2,5967,929103-AA-7,Voyager HRBVW DEL TR VHVML 2009-1 PUJ0,1,par_value,non-nim-sparse-row,high-priority-column-review,"source-visible blanks must not be imputed; classification is a repair worklist, not final accounting evidence"
CFAASDFR-5870,Schedule D Part 1 Section 2,5968,93364B-AG-5,WaMu Mortgage Pass-Through Cer WAMU 2007-OA5 2XPP,3,actual_cost;par_value;book_adjusted_carrying_value,source-visible-or-legacy-abs-sparse,row-level-source-review,"source-visible blanks must not be imputed; classification is a repair worklist, not final accounting evidence"
CFAASDFR-5872,Schedule D Part 1 Section 2,5968,93364C-AG-3,WaMu Mortgage Pass-Through Cer WAMU 2007-OA4 2XPP,3,actual_cost;par_value;book_adjusted_carrying_value,source-visible-or-legacy-abs-sparse,row-level-source-review,"source-visible blanks must not be imputed; classification is a repair worklist, not final accounting evidence"
CFAASDFR-5889,Schedule D Part 1 Section 2,5968,93935A-AE-2,Washington Mutual Mortgage Pas WMALT 2006-AR5 4A1B,2,fair_value;book_adjusted_carrying_value,source-visible-or-legacy-abs-sparse,row-level-source-review,"source-visible blanks must not be imputed; classification is a repair worklist, not final accounting evidence"
CFAASDFR-5892,Schedule D Part 1 Section 2,5968,93935Q-AE-7,Washington Mutual Mortgage Pas WMALT 2007-OA2 CX1,1,par_value,source-visible-or-legacy-abs-sparse,row-level-source-review,"source-visible blanks must not be imputed; classification is a repair worklist, not final accounting evidence"
CFAASDFR-5898,Schedule D Part 1 Section 2,5968,949819-AE-6,Wells Fargo Mortgage Backed Se WFMBS 2008-1 2A1,3,actual_cost;fair_value;book_adjusted_carrying_value,source-visible-or-legacy-abs-sparse,row-level-source-review,"source-visible blanks must not be imputed; classification is a repair worklist, not final accounting evidence"
CFAASDFR-5899,Schedule D Part 1 Section 2,5968,949834-AB-1,Wells Fargo Mortgage Backed Se WFMBS 2007-14 1A2 .,3,actual_cost;fair_value;book_adjusted_carrying_value,source-visible-or-legacy-abs-sparse,row-level-source-review,"source-visible blanks must not be imputed; classification is a repair worklist, not final accounting evidence"
CFAASDFR-5901,Schedule D Part 1 Section 2,5968,94983L-AG-2,Wells Fargo Mortgage Backed Se WFMBS 2006-2 1A7,3,actual_cost;fair_value;book_adjusted_carrying_value,source-visible-or-legacy-abs-sparse,row-level-source-review,"source-visible blanks must not be imputed; classification is a repair worklist, not final accounting evidence"
CFAASDFR-5902,Schedule D Part 1 Section 2,5968,94983L-AZ-0,Wells Fargo Mortgage Backed Se WFMBS 2006-2 2A6,3,actual_cost;fair_value;book_adjusted_carrying_value,source-visible-or-legacy-abs-sparse,row-level-source-review,"source-visible blanks must not be imputed; classification is a repair worklist, not final accounting evidence"
CFAASDFR-5913,Schedule D Part 1 Section 2,5969,94985G-BF-2,Wells Fargo Alternative Loan 2 WFALT 2007-PA3 3A7,2,actual_cost;par_value,non-nim-sparse-row,high-priority-column-review,"source-visible blanks must not be imputed; classification is a repair worklist, not final accounting evidence"
CFAASDFR-5918,Schedule D Part 1 Section 2,5969,94986L-AK-0,Wells Fargo Mortgage Backed Se WFMBS 2007-16 2A1 .,3,actual_cost;fair_value;book_adjusted_carrying_value,source-visible-or-legacy-abs-sparse,row-level-source-review,"source-visible blanks must not be imputed; classification is a repair worklist, not final accounting evidence"
CFAASDFR-5922,Schedule D Part 1 Section 2,5969,BCC0YF-7J-1,Chevy Chase Funding LLC Mortga CCMFC 2007-2X B1,3,actual_cost;fair_value;book_adjusted_carrying_value,non-nim-sparse-row,high-priority-column-review,"source-visible blanks must not be imputed; classification is a repair worklist, not final accounting evidence"
CFAASDFR-5930,Schedule D Part 1 Section 2,5969,000778-BM-1,ABSC NIM 2005-KS4 Trust ABSN 2005-KS4 NOTE,3,actual_cost;fair_value;book_adjusted_carrying_value,source-visible-sparse-nim,preserve-blanks-no-imputation,"source-visible blanks must not be imputed; classification is a repair worklist, not final accounting evidence"
CFAASDFR-5931,Schedule D Part 1 Section 2,5969,000778-BR-0,ABSC NIMs Trust 2005-HE3 ABSN 2005-HE5 A,3,actual_cost;fair_value;book_adjusted_carrying_value,source-visible-sparse-nim,preserve-blanks-no-imputation,"source-visible blanks must not be imputed; classification is a repair worklist, not final accounting evidence"
CFAASDFR-5932,Schedule D Part 1 Section 2,5969,045442-AA-8,Asset Backed Funding Corp CI-1 ABFCN 2005-WMC1 N1,3,actual_cost;fair_value;book_adjusted_carrying_value,non-nim-sparse-row,high-priority-column-review,"source-visible blanks must not be imputed; classification is a repair worklist, not final accounting evidence"
CFAASDFR-5933,Schedule D Part 1 Section 2,5969,125879-JG-2,Bear Stearns Asset Backed Secu BSNIM 2005-HE11 A1,3,actual_cost;fair_value;book_adjusted_carrying_value,source-visible-sparse-nim,preserve-blanks-no-imputation,"source-visible blanks must not be imputed; classification is a repair worklist, not final accounting evidence"
CFAASDFR-5934,Schedule D Part 1 Section 2,5969,12587P-AW-0,Bear Stearns Structured Produc BSSP 2007-N3 4A1,3,actual_cost;fair_value;book_adjusted_carrying_value,non-nim-sparse-row,high-priority-column-review,"source-visible blanks must not be imputed; classification is a repair worklist, not final accounting evidence"
CFAASDFR-5935,Schedule D Part 1 Section 2,5969,12587P-AX-8,Bear Stearns Structured Produc BSSP 2007-N3 4A2,3,actual_cost;fair_value;book_adjusted_carrying_value,non-nim-sparse-row,high-priority-column-review,"source-visible blanks must not be imputed; classification is a repair worklist, not final accounting evidence"
CFAASDFR-5936,Schedule D Part 1 Section 2,5969,12587P-AZ-3,Bear Stearns Structured Produc BSSP 2007-N3 5A1,3,actual_cost;fair_value;book_adjusted_carrying_value,non-nim-sparse-row,high-priority-column-review,"source-visible blanks must not be imputed; classification is a repair worklist, not final accounting evidence"
CFAASDFR-5937,Schedule D Part 1 Section 2,5969,12587P-BU-3,Bear Stearns Structured Produc BSSP 2007-N3 9A2,3,actual_cost;fair_value;book_adjusted_carrying_value,non-nim-sparse-row,high-priority-column-review,"source-visible blanks must not be imputed; classification is a repair worklist, not final accounting evidence"
CFAASDFR-5938,Schedule D Part 1 Section 2,5969,12587P-CD-0,CMO Holdings III Ltd BSSP 2007-N4 1A1,3,actual_cost;fair_value;book_adjusted_carrying_value,non-nim-sparse-row,high-priority-column-review,"source-visible blanks must not be imputed; classification is a repair worklist, not final accounting evidence"
CFAASDFR-5939,Schedule D Part 1 Section 2,5969,12587P-CE-8,CMO Holdings III Ltd BSSP 2007-N4 1A2,3,actual_cost;fair_value;book_adjusted_carrying_value,non-nim-sparse-row,high-priority-column-review,"source-visible blanks must not be imputed; classification is a repair worklist, not final accounting evidence"
CFAASDFR-5940,Schedule D Part 1 Section 2,5969,12587P-CU-2,CMO Holdings III Ltd BSSP 2007-N4 4A1,3,actual_cost;fair_value;book_adjusted_carrying_value,non-nim-sparse-row,high-priority-column-review,"source-visible blanks must not be imputed; classification is a repair worklist, not final accounting evidence"
CFAASDFR-5941,Schedule D Part 1 Section 2,5969,12633P-DE-1,Heat Equity Asset Trust NIM HEATN 2005-2 A,2,actual_cost;book_adjusted_carrying_value,source-visible-sparse-nim,preserve-blanks-no-imputation,"source-visible blanks must not be imputed; classification is a repair worklist, not final accounting evidence"
CFAASDFR-5942,Schedule D Part 1 Section 2,5969,12633P-DS-0,CSFB NIMs Trust Heat 2005-5 NI HEATN 2005-5 A,3,actual_cost;fair_value;book_adjusted_carrying_value,source-visible-sparse-nim,preserve-blanks-no-imputation,"source-visible blanks must not be imputed; classification is a repair worklist, not final accounting evidence"
CFAASDFR-5943,Schedule D Part 1 Section 2,5969,12633P-EA-8,Credit Suisse NIMs Trust Heat HEATN 2005-7 B,2,actual_cost;book_adjusted_carrying_value,source-visible-sparse-nim,preserve-blanks-no-imputation,"source-visible blanks must not be imputed; classification is a repair worklist, not final accounting evidence"
CFAASDFR-5945,Schedule D Part 1 Section 2,5969,149754-AN-3,Cayman ABSC NIMs 2004-HE7 ABSN 2004-HE7 A2,3,actual_cost;fair_value;book_adjusted_carrying_value,source-visible-sparse-nim,preserve-blanks-no-imputation,"source-visible blanks must not be imputed; classification is a repair worklist, not final accounting evidence"
CFAASDFR-5946,Schedule D Part 1 Section 2,5970,149754-AQ-6,Cayman ABSC NIMs 2004-HE9 ABSN 2004-HE9 A2,3,actual_cost;fair_value;book_adjusted_carrying_value,source-visible-sparse-nim,preserve-blanks-no-imputation,"source-visible blanks must not be imputed; classification is a repair worklist, not final accounting evidence"
CFAASDFR-5947,Schedule D Part 1 Section 2,5970,149754-AZ-6,Cayman ABSC NIMs 2005-HE6 ABSN 2005-HE6 A1,3,actual_cost;fair_value;book_adjusted_carrying_value,source-visible-sparse-nim,preserve-blanks-no-imputation,"source-visible blanks must not be imputed; classification is a repair worklist, not final accounting evidence"
CFAASDFR-5948,Schedule D Part 1 Section 2,5970,149754-BE-2,Cayman ABSC NIMs 2006-HE1 ABSN 2006-HE1 A1,3,actual_cost;fair_value;book_adjusted_carrying_value,source-visible-sparse-nim,preserve-blanks-no-imputation,"source-visible blanks must not be imputed; classification is a repair worklist, not final accounting evidence"
CFAASDFR-5949,Schedule D Part 1 Section 2,5970,14975A-AA-7,Cayman ABSC NIMs 2006-HE3 ABSN 2006-HE3 A1,3,actual_cost;fair_value;book_adjusted_carrying_value,source-visible-sparse-nim,preserve-blanks-no-imputation,"source-visible blanks must not be imputed; classification is a repair worklist, not final accounting evidence"
CFAASDFR-5950,Schedule D Part 1 Section 2,5970,14975A-AD-1,Cayman ABSC NIMs 2006-HE3 ABSN 2006-HE3 A4,3,actual_cost;fair_value;book_adjusted_carrying_value,source-visible-sparse-nim,preserve-blanks-no-imputation,"source-visible blanks must not be imputed; classification is a repair worklist, not final accounting evidence"
CFAASDFR-5951,Schedule D Part 1 Section 2,5970,14975T-AA-6,Cayman ABSC NIMs 2006-HE5 ABSN 2006-HE5 A1,3,actual_cost;fair_value;book_adjusted_carrying_value,source-visible-sparse-nim,preserve-blanks-no-imputation,"source-visible blanks must not be imputed; classification is a repair worklist, not final accounting evidence"
CFAASDFR-5952,Schedule D Part 1 Section 2,5970,14975W-AA-9,Cayman ABSC NIMs 2006-DSRT ABSN 2006-DSRT A1,2,actual_cost;book_adjusted_carrying_value,source-visible-sparse-nim,preserve-blanks-no-imputation,"source-visible blanks must not be imputed; classification is a repair worklist, not final accounting evidence"
CFAASDFR-5953,Schedule D Part 1 Section 2,5970,14975X-AA-7,Cayman ABSC NIMs 2006-HE6 ABSN 2006-HE6 A1,3,actual_cost;fair_value;book_adjusted_carrying_value,source-visible-sparse-nim,preserve-blanks-no-imputation,"source-visible blanks must not be imputed; classification is a repair worklist, not final accounting evidence"
CFAASDFR-5954,Schedule D Part 1 Section 2,5970,14975X-AB-5,Cayman ABSC NIMs 2006-HE6 ABSN 2006-HE6 A2,3,actual_cost;fair_value;book_adjusted_carrying_value,source-visible-sparse-nim,preserve-blanks-no-imputation,"source-visible blanks must not be imputed; classification is a repair worklist, not final accounting evidence"
CFAASDFR-5955,Schedule D Part 1 Section 2,5970,14975X-AC-3,Cayman ABSC NIMs 2006-HE6 ABSN 2006-HE6 A3,3,actual_cost;fair_value;book_adjusted_carrying_value,source-visible-sparse-nim,preserve-blanks-no-imputation,"source-visible blanks must not be imputed; classification is a repair worklist, not final accounting evidence"
CFAASDFR-5956,Schedule D Part 1 Section 2,5970,14975Y-AC-1,Cayman ABSC NIMs 2006-HE7 ABSN 2006-HE7 A3,3,actual_cost;fair_value;book_adjusted_carrying_value,source-visible-sparse-nim,preserve-blanks-no-imputation,"source-visible blanks must not be imputed; classification is a repair worklist, not final accounting evidence"
CFAASDFR-5957,Schedule D Part 1 Section 2,5970,18976V-AS-2,CMO Holdings III Ltd BSSP 2006-20N 4A2,3,actual_cost;fair_value;book_adjusted_carrying_value,non-nim-sparse-row,high-priority-column-review,"source-visible blanks must not be imputed; classification is a repair worklist, not final accounting evidence"
CFAASDFR-5958,Schedule D Part 1 Section 2,5970,18977A-AA-6,CMO Holdings III Ltd BSSP 2007-N1 1A1,3,actual_cost;fair_value;book_adjusted_carrying_value,non-nim-sparse-row,high-priority-column-review,"source-visible blanks must not be imputed; classification is a repair worklist, not final accounting evidence"
CFAASDFR-5959,Schedule D Part 1 Section 2,5970,18977A-AF-5,CMO Holdings III Ltd BSSP 2007-N1 2A2,3,actual_cost;fair_value;book_adjusted_carrying_value,non-nim-sparse-row,high-priority-column-review,"source-visible blanks must not be imputed; classification is a repair worklist, not final accounting evidence"
CFAASDFR-5960,Schedule D Part 1 Section 2,5970,18977A-AN-8,CMO Holdings III Ltd BSSP 2007-N1 4A1,3,actual_cost;fair_value;book_adjusted_carrying_value,non-nim-sparse-row,high-priority-column-review,"source-visible blanks must not be imputed; classification is a repair worklist, not final accounting evidence"
CFAASDFR-5961,Schedule D Part 1 Section 2,5970,18977A-AP-3,CMO Holdings III Ltd BSSP 2007-N1 4A2,3,actual_cost;fair_value;book_adjusted_carrying_value,non-nim-sparse-row,high-priority-column-review,"source-visible blanks must not be imputed; classification is a repair worklist, not final accounting evidence"
CFAASDFR-5962,Schedule D Part 1 Section 2,5970,18977B-AG-1,CMO Holdings III Ltd BSSP 2006-24 2A2,3,actual_cost;fair_value;book_adjusted_carrying_value,non-nim-sparse-row,high-priority-column-review,"source-visible blanks must not be imputed; classification is a repair worklist, not final accounting evidence"
CFAASDFR-5963,Schedule D Part 1 Section 2,5970,18977B-BL-9,CMO Holdings III Ltd BSSP 2006-24 8A2,3,actual_cost;fair_value;book_adjusted_carrying_value,non-nim-sparse-row,high-priority-column-review,"source-visible blanks must not be imputed; classification is a repair worklist, not final accounting evidence"
CFAASDFR-5964,Schedule D Part 1 Section 2,5970,225411-AF-4,Heat Equity Asset Trust NIM HEATN 2005-9 A,2,actual_cost;book_adjusted_carrying_value,source-visible-sparse-nim,preserve-blanks-no-imputation,"source-visible blanks must not be imputed; classification is a repair worklist, not final accounting evidence"
CFAASDFR-5965,Schedule D Part 1 Section 2,5970,225411-AG-2,Heat Equity Asset Trust NIM HEATN 2005-9 B,2,actual_cost;book_adjusted_carrying_value,source-visible-sparse-nim,preserve-blanks-no-imputation,"source-visible blanks must not be imputed; classification is a repair worklist, not final accounting evidence"
CFAASDFR-5966,Schedule D Part 1 Section 2,5970,225411-AP-2,Credit Suisse NIMs Trust Heat HEATN 2006-2 A,3,actual_cost;fair_value;book_adjusted_carrying_value,source-visible-sparse-nim,preserve-blanks-no-imputation,"source-visible blanks must not be imputed; classification is a repair worklist, not final accounting evidence"
CFAASDFR-5967,Schedule D Part 1 Section 2,5970,225411-AQ-0,Credit Suisse NIMs Trust Heat HEATN 2006-2 B,3,actual_cost;fair_value;book_adjusted_carrying_value,source-visible-sparse-nim,preserve-blanks-no-imputation,"source-visible blanks must not be imputed; classification is a repair worklist, not final accounting evidence"
CFAASDFR-5968,Schedule D Part 1 Section 2,5970,225411-AR-8,Credit Suisse NIMs Trust Heat HEATN 2006-2 C,3,actual_cost;fair_value;book_adjusted_carrying_value,source-visible-sparse-nim,preserve-blanks-no-imputation,"source-visible blanks must not be imputed; classification is a repair worklist, not final accounting evidence"
CFAASDFR-5969,Schedule D Part 1 Section 2,5970,22542C-AA-0,Credit Suisse NIMs Trust Heat HEATN 2006-3 A,3,actual_cost;fair_value;book_adjusted_carrying_value,source-visible-sparse-nim,preserve-blanks-no-imputation,"source-visible blanks must not be imputed; classification is a repair worklist, not final accounting evidence"
CFAASDFR-5970,Schedule D Part 1 Section 2,5970,22542C-AC-6,Credit Suisse NIMs Trust Heat HEATN 2006-3 C,2,actual_cost;book_adjusted_carrying_value,source-visible-sparse-nim,preserve-blanks-no-imputation,"source-visible blanks must not be imputed; classification is a repair worklist, not final accounting evidence"
CFAASDFR-5971,Schedule D Part 1 Section 2,5970,22542C-AD-4,Credit Suisse NIMs Trust Heat HEATN 2006-3 D,3,actual_cost;fair_value;book_adjusted_carrying_value,source-visible-sparse-nim,preserve-blanks-no-imputation,"source-visible blanks must not be imputed; classification is a repair worklist, not final accounting evidence"
CFAASDFR-5972,Schedule D Part 1 Section 2,5970,22542K-AA-2,Credit Suisse NIMs Trust Heat HEATN 2006-4 A,2,actual_cost;book_adjusted_carrying_value,source-visible-sparse-nim,preserve-blanks-no-imputation,"source-visible blanks must not be imputed; classification is a repair worklist, not final accounting evidence"
CFAASDFR-5973,Schedule D Part 1 Section 2,5970,22542K-AB-0,Credit Suisse NIMs Trust Heat HEATN 2006-4 B,2,actual_cost;book_adjusted_carrying_value,source-visible-sparse-nim,preserve-blanks-no-imputation,"source-visible blanks must not be imputed; classification is a repair worklist, not final accounting evidence"
CFAASDFR-5974,Schedule D Part 1 Section 2,5970,22542K-AC-8,Credit Suisse NIMs Trust Heat HEATN 2006-4 C,3,actual_cost;fair_value;book_adjusted_carrying_value,source-visible-sparse-nim,preserve-blanks-no-imputation,"source-visible blanks must not be imputed; classification is a repair worklist, not final accounting evidence"
CFAASDFR-5975,Schedule D Part 1 Section 2,5970,22545J-AB-0,Heat Equity Asset Trust NIM HEATN 2006-6 B,3,actual_cost;fair_value;book_adjusted_carrying_value,source-visible-sparse-nim,preserve-blanks-no-imputation,"source-visible blanks must not be imputed; classification is a repair worklist, not final accounting evidence"
CFAASDFR-5976,Schedule D Part 1 Section 2,5970,22545J-AC-8,Heat Equity Asset Trust NIM HEATN 2006-6 C,3,actual_cost;fair_value;book_adjusted_carrying_value,source-visible-sparse-nim,preserve-blanks-no-imputation,"source-visible blanks must not be imputed; classification is a repair worklist, not final accounting evidence"
CFAASDFR-5977,Schedule D Part 1 Section 2,5970,22545N-AA-3,Credit Suisse NIMs Trust Heat HEATN 2006-7 A,3,actual_cost;fair_value;book_adjusted_carrying_value,source-visible-sparse-nim,preserve-blanks-no-imputation,"source-visible blanks must not be imputed; classification is a repair worklist, not final accounting evidence"
CFAASDFR-5978,Schedule D Part 1 Section 2,5970,22545T-AB-8,Heat Equity Asset Trust NIM HEATN 2006-8 B,3,actual_cost;fair_value;book_adjusted_carrying_value,source-visible-sparse-nim,preserve-blanks-no-imputation,"source-visible blanks must not be imputed; classification is a repair worklist, not final accounting evidence"
CFAASDFR-5979,Schedule D Part 1 Section 2,5970,22545T-AC-6,Heat Equity Asset Trust NIM HEATN 2006-8 C,3,actual_cost;fair_value;book_adjusted_carrying_value,source-visible-sparse-nim,preserve-blanks-no-imputation,"source-visible blanks must not be imputed; classification is a repair worklist, not final accounting evidence"
CFAASDFR-5980,Schedule D Part 1 Section 2,5970,22546F-AB-7,Credit Suisse NIMs Trust Heat HEATN 2007-1 B,3,actual_cost;fair_value;book_adjusted_carrying_value,source-visible-sparse-nim,preserve-blanks-no-imputation,"source-visible blanks must not be imputed; classification is a repair worklist, not final accounting evidence"
CFAASDFR-5981,Schedule D Part 1 Section 2,5970,22546F-AC-5,Credit Suisse NIMs Trust Heat HEATN 2007-1 C,3,actual_cost;fair_value;book_adjusted_carrying_value,source-visible-sparse-nim,preserve-blanks-no-imputation,"source-visible blanks must not be imputed; classification is a repair worklist, not final accounting evidence"
CFAASDFR-5982,Schedule D Part 1 Section 2,5970,22546G-AB-5,Credit Suisse NIMs Trust Heat HEATN 2007-2 B,3,actual_cost;fair_value;book_adjusted_carrying_value,source-visible-sparse-nim,preserve-blanks-no-imputation,"source-visible blanks must not be imputed; classification is a repair worklist, not final accounting evidence"
CFAASDFR-5983,Schedule D Part 1 Section 2,5970,22546G-AC-3,Credit Suisse NIMs Trust Heat HEATN 2007-2 C,3,actual_cost;fair_value;book_adjusted_carrying_value,source-visible-sparse-nim,preserve-blanks-no-imputation,"source-visible blanks must not be imputed; classification is a repair worklist, not final accounting evidence"
CFAASDFR-5984,Schedule D Part 1 Section 2,5970,22546H-AB-3,Credit Suisse NIMs Trust Heat HEATN 2007-3 B,3,actual_cost;fair_value;book_adjusted_carrying_value,source-visible-sparse-nim,preserve-blanks-no-imputation,"source-visible blanks must not be imputed; classification is a repair worklist, not final accounting evidence"
CFAASDFR-5985,Schedule D Part 1 Section 2,5970,22546H-AC-1,Credit Suisse NIMs Trust Heat HEATN 2007-3 C,3,actual_cost;fair_value;book_adjusted_carrying_value,source-visible-sparse-nim,preserve-blanks-no-imputation,"source-visible blanks must not be imputed; classification is a repair worklist, not final accounting evidence"
CFAASDFR-5989,Schedule D Part 1 Section 2,5970,23332S-AA-7,DSLA NIM CI-3 Corp DSLAN 2006-AR2 N3,2,fair_value;book_adjusted_carrying_value,source-visible-sparse-nim,preserve-blanks-no-imputation,"source-visible blanks must not be imputed; classification is a repair worklist, not final accounting evidence"
CFAASDFR-5990,Schedule D Part 1 Section 2,5970,23332S-AB-5,DSLA NIM CI-3 Corp DSLAN 2006-AR2 N4,3,actual_cost;fair_value;book_adjusted_carrying_value,source-visible-sparse-nim,preserve-blanks-no-imputation,"source-visible blanks must not be imputed; classification is a repair worklist, not final accounting evidence"
CFAASDFR-5991,Schedule D Part 1 Section 2,5971,23332S-AC-3,DSLA NIM CI-3 Corp DSLAN 2006-AR2 N5,3,actual_cost;fair_value;book_adjusted_carrying_value,source-visible-sparse-nim,preserve-blanks-no-imputation,"source-visible blanks must not be imputed; classification is a repair worklist, not final accounting evidence"
CFAASDFR-5992,Schedule D Part 1 Section 2,5971,23334M-AA-8,DSLA NIM CI-4 Corp DSLAN 2007-AR1 N3,3,actual_cost;fair_value;book_adjusted_carrying_value,source-visible-sparse-nim,preserve-blanks-no-imputation,"source-visible blanks must not be imputed; classification is a repair worklist, not final accounting evidence"
CFAASDFR-5993,Schedule D Part 1 Section 2,5971,29442Q-AB-3,EquiFirst CI-4 EMLTN 2005-1 N2,2,actual_cost;book_adjusted_carrying_value,non-nim-sparse-row,high-priority-column-review,"source-visible blanks must not be imputed; classification is a repair worklist, not final accounting evidence"
CFAASDFR-5994,Schedule D Part 1 Section 2,5971,361596-AA-7,GE-WMC Mortgage Securities CI- GEWMN 2005-2A N1,3,actual_cost;fair_value;book_adjusted_carrying_value,source-visible-or-legacy-abs-sparse,row-level-source-review,"source-visible blanks must not be imputed; classification is a repair worklist, not final accounting evidence"
CFAASDFR-5995,Schedule D Part 1 Section 2,5971,41161D-AB-6,HarborView NIM CI-9 Corp HVNIM 2006-14 N2,3,actual_cost;fair_value;book_adjusted_carrying_value,source-visible-sparse-nim,preserve-blanks-no-imputation,"source-visible blanks must not be imputed; classification is a repair worklist, not final accounting evidence"
CFAASDFR-5996,Schedule D Part 1 Section 2,5971,41162F-AB-0,Harborview NIM CI-4 Corp HVNIM 2006-9A N2,3,actual_cost;fair_value;book_adjusted_carrying_value,source-visible-sparse-nim,preserve-blanks-no-imputation,"source-visible blanks must not be imputed; classification is a repair worklist, not final accounting evidence"
CFAASDFR-5997,Schedule D Part 1 Section 2,5971,41162F-AC-8,Harborview NIM CI-4 Corp HVNIM 2006-9A N3,3,actual_cost;fair_value;book_adjusted_carrying_value,source-visible-sparse-nim,preserve-blanks-no-imputation,"source-visible blanks must not be imputed; classification is a repair worklist, not final accounting evidence"
CFAASDFR-5998,Schedule D Part 1 Section 2,5971,41162F-AD-6,Harborview NIM CI-4 Corp HVNIM 2006-9A N4,3,actual_cost;fair_value;book_adjusted_carrying_value,source-visible-sparse-nim,preserve-blanks-no-imputation,"source-visible blanks must not be imputed; classification is a repair worklist, not final accounting evidence"
CFAASDFR-5999,Schedule D Part 1 Section 2,5971,41164C-AA-7,Harborview NIM CI-6 Corp HVNIM 2006-10 N3,3,actual_cost;fair_value;book_adjusted_carrying_value,source-visible-sparse-nim,preserve-blanks-no-imputation,"source-visible blanks must not be imputed; classification is a repair worklist, not final accounting evidence"
CFAASDFR-6000,Schedule D Part 1 Section 2,5971,41164C-AB-5,Harborview NIM CI-6 Corp HVNIM 2006-10 N4,3,actual_cost;fair_value;book_adjusted_carrying_value,source-visible-sparse-nim,preserve-blanks-no-imputation,"source-visible blanks must not be imputed; classification is a repair worklist, not final accounting evidence"
CFAASDFR-6001,Schedule D Part 1 Section 2,5971,41164H-AB-4,Harborview NIM CI-8 Corp HVNIM 2006-12 N2,1,book_adjusted_carrying_value,source-visible-sparse-nim,preserve-blanks-no-imputation,"source-visible blanks must not be imputed; classification is a repair worklist, not final accounting evidence"
CFAASDFR-6002,Schedule D Part 1 Section 2,5971,41164J-AA-2,Harborview NIM CI-8 Corp HVNIM 2006-12 N3,2,actual_cost;book_adjusted_carrying_value,source-visible-sparse-nim,preserve-blanks-no-imputation,"source-visible blanks must not be imputed; classification is a repair worklist, not final accounting evidence"
CFAASDFR-6003,Schedule D Part 1 Section 2,5971,41164J-AB-0,Harborview NIM CI-8 Corp HVNIM 2006-12 N4,2,actual_cost;book_adjusted_carrying_value,source-visible-sparse-nim,preserve-blanks-no-imputation,"source-visible blanks must not be imputed; classification is a repair worklist, not final accounting evidence"
CFAASDFR-6004,Schedule D Part 1 Section 2,5971,418093-AE-0,HASCO NIM Cayman Co 2006-OPT1 HASCN 2006-OPT1 A,2,fair_value;book_adjusted_carrying_value,source-visible-sparse-nim,preserve-blanks-no-imputation,"source-visible blanks must not be imputed; classification is a repair worklist, not final accounting evidence"
CFAASDFR-6005,Schedule D Part 1 Section 2,5971,418094-AA-6,HASCO NIM Cayman Co 2006-FF7 HASCN 2006-FF7 A,2,actual_cost;book_adjusted_carrying_value,source-visible-sparse-nim,preserve-blanks-no-imputation,"source-visible blanks must not be imputed; classification is a repair worklist, not final accounting evidence"
CFAASDFR-6006,Schedule D Part 1 Section 2,5971,41809P-AA-9,HASCO NIM Cayman Co 2006-FF9 HASCN 2006-FF9 A,2,actual_cost;book_adjusted_carrying_value,source-visible-sparse-nim,preserve-blanks-no-imputation,"source-visible blanks must not be imputed; classification is a repair worklist, not final accounting evidence"
CFAASDFR-6007,Schedule D Part 1 Section 2,5971,41809Q-AA-7,HASCO NIM Cayman Co 2006-WMC1 HASCN 2006-WMC1 A,3,actual_cost;fair_value;book_adjusted_carrying_value,source-visible-sparse-nim,preserve-blanks-no-imputation,"source-visible blanks must not be imputed; classification is a repair worklist, not final accounting evidence"
CFAASDFR-6008,Schedule D Part 1 Section 2,5971,507238-AL-7,Laguna Seca Funding I Ltd LSECA 2007-1A C,2,actual_cost;book_adjusted_carrying_value,non-nim-sparse-row,high-priority-column-review,"source-visible blanks must not be imputed; classification is a repair worklist, not final accounting evidence"
CFAASDFR-6009,Schedule D Part 1 Section 2,5971,542393-AA-1,Long Beach Asset Holdings Corp LBAHC 2006-2 N1,3,actual_cost;fair_value;book_adjusted_carrying_value,non-nim-sparse-row,high-priority-column-review,"source-visible blanks must not be imputed; classification is a repair worklist, not final accounting evidence"
CFAASDFR-6010,Schedule D Part 1 Section 2,5971,54240C-AA-8,Long Beach Asset Holdings Corp LBAHC 2006-1 N1,3,actual_cost;fair_value;book_adjusted_carrying_value,non-nim-sparse-row,high-priority-column-review,"source-visible blanks must not be imputed; classification is a repair worklist, not final accounting evidence"
CFAASDFR-6011,Schedule D Part 1 Section 2,5971,55271S-AA-2,MASTR Alternative Loan NIM 200 MANM 2006-6 S1,2,actual_cost;book_adjusted_carrying_value,source-visible-sparse-nim,preserve-blanks-no-imputation,"source-visible blanks must not be imputed; classification is a repair worklist, not final accounting evidence"
CFAASDFR-6012,Schedule D Part 1 Section 2,5971,55271S-AD-6,MASTR Alternative Loan NIM 200 MANM 2006-6 N2,2,actual_cost;book_adjusted_carrying_value,source-visible-sparse-nim,preserve-blanks-no-imputation,"source-visible blanks must not be imputed; classification is a repair worklist, not final accounting evidence"
CFAASDFR-6013,Schedule D Part 1 Section 2,5971,55275X-AA-7,MASTR Alternative Loan NIM 200 MANM 2007-1 1N3,3,actual_cost;fair_value;book_adjusted_carrying_value,source-visible-sparse-nim,preserve-blanks-no-imputation,"source-visible blanks must not be imputed; classification is a repair worklist, not final accounting evidence"
CFAASDFR-6014,Schedule D Part 1 Section 2,5971,55275X-AB-5,MASTR Alternative Loan NIM 200 MANM 2007-1 1N4,2,actual_cost;book_adjusted_carrying_value,source-visible-sparse-nim,preserve-blanks-no-imputation,"source-visible blanks must not be imputed; classification is a repair worklist, not final accounting evidence"
CFAASDFR-6015,Schedule D Part 1 Section 2,5971,55275Y-AB-3,MASTR Alternative Loan NIM 200 MANM 2007-1 1N2,3,actual_cost;fair_value;book_adjusted_carrying_value,source-visible-sparse-nim,preserve-blanks-no-imputation,"source-visible blanks must not be imputed; classification is a repair worklist, not final accounting evidence"
CFAASDFR-6016,Schedule D Part 1 Section 2,5971,55311W-AA-5,MLMI Cayman NIM 2005-HE1 Ltd MLMIN 2005-HE1 N1,2,actual_cost;book_adjusted_carrying_value,source-visible-sparse-nim,preserve-blanks-no-imputation,"source-visible blanks must not be imputed; classification is a repair worklist, not final accounting evidence"
CFAASDFR-6017,Schedule D Part 1 Section 2,5971,576441-AA-7,MASTR Alternative Loan NIM 200 MANM 2006-5 N2,2,actual_cost;book_adjusted_carrying_value,source-visible-sparse-nim,preserve-blanks-no-imputation,"source-visible blanks must not be imputed; classification is a repair worklist, not final accounting evidence"
CFAASDFR-6018,Schedule D Part 1 Section 2,5971,57644F-AA-6,MASTR CI-CW1 NIM MANM 2005-CW1A N1,2,fair_value;book_adjusted_carrying_value,source-visible-sparse-nim,preserve-blanks-no-imputation,"source-visible blanks must not be imputed; classification is a repair worklist, not final accounting evidence"
CFAASDFR-6019,Schedule D Part 1 Section 2,5971,57645H-AA-1,MASTR Alternative Loan NIM 200 MANM 2006-4 N2,2,actual_cost;book_adjusted_carrying_value,source-visible-sparse-nim,preserve-blanks-no-imputation,"source-visible blanks must not be imputed; classification is a repair worklist, not final accounting evidence"
CFAASDFR-6020,Schedule D Part 1 Section 2,5971,57646E-AH-2,MASTR Alternative Loan NIM 200 MANM 2007-2 3N4,3,actual_cost;fair_value;book_adjusted_carrying_value,source-visible-sparse-nim,preserve-blanks-no-imputation,"source-visible blanks must not be imputed; classification is a repair worklist, not final accounting evidence"
CFAASDFR-6021,Schedule D Part 1 Section 2,5971,63859S-AA-6,Nationstar NIM Ltd 2007-BN NSTRN 2007-B A,3,actual_cost;fair_value;book_adjusted_carrying_value,source-visible-sparse-nim,preserve-blanks-no-imputation,"source-visible blanks must not be imputed; classification is a repair worklist, not final accounting evidence"
CFAASDFR-6022,Schedule D Part 1 Section 2,5971,63860J-AA-3,Nationstar NIM Ltd 2007-AN NSTRN 2007-A A,3,actual_cost;fair_value;book_adjusted_carrying_value,source-visible-sparse-nim,preserve-blanks-no-imputation,"source-visible blanks must not be imputed; classification is a repair worklist, not final accounting evidence"
CFAASDFR-6023,Schedule D Part 1 Section 2,5971,63860M-AA-6,Nationstar NIM Ltd 2007-CN NSTRN 2007-C A,3,actual_cost;fair_value;book_adjusted_carrying_value,source-visible-sparse-nim,preserve-blanks-no-imputation,"source-visible blanks must not be imputed; classification is a repair worklist, not final accounting evidence"
CFAASDFR-6024,Schedule D Part 1 Section 2,5971,65536A-AB-9,Nomura Home Equity Loan NIM 20 NHELN 2006-FM2 N2 ..,3,actual_cost;fair_value;book_adjusted_carrying_value,source-visible-sparse-nim,preserve-blanks-no-imputation,"source-visible blanks must not be imputed; classification is a repair worklist, not final accounting evidence"
CFAASDFR-6025,Schedule D Part 1 Section 2,5971,65536A-AC-7,Nomura Home Equity Loan NIM 20 NHELN 2006-FM2 N3 ..,3,actual_cost;fair_value;book_adjusted_carrying_value,source-visible-sparse-nim,preserve-blanks-no-imputation,"source-visible blanks must not be imputed; classification is a repair worklist, not final accounting evidence"
CFAASDFR-6026,Schedule D Part 1 Section 2,5971,65537V-AB-2,Nomura Home Equity Loan Trust NHELN 2007-2 N2,3,actual_cost;fair_value;book_adjusted_carrying_value,non-nim-sparse-row,high-priority-column-review,"source-visible blanks must not be imputed; classification is a repair worklist, not final accounting evidence"
CFAASDFR-6027,Schedule D Part 1 Section 2,5971,65537V-AC-0,Nomura Home Equity Loan Trust NHELN 2007-2 N3,3,actual_cost;fair_value;book_adjusted_carrying_value,non-nim-sparse-row,high-priority-column-review,"source-visible blanks must not be imputed; classification is a repair worklist, not final accounting evidence"
CFAASDFR-6028,Schedule D Part 1 Section 2,5971,656058-AS-3,Norma CDO Ltd NORMA 2007-1A G,3,actual_cost;fair_value;book_adjusted_carrying_value,non-nim-sparse-row,high-priority-column-review,"source-visible blanks must not be imputed; classification is a repair worklist, not final accounting evidence"
CFAASDFR-6029,Schedule D Part 1 Section 2,5971,656058-AU-8,Norma CDO Ltd NORMA 2007-1A H,3,actual_cost;fair_value;book_adjusted_carrying_value,non-nim-sparse-row,high-priority-column-review,"source-visible blanks must not be imputed; classification is a repair worklist, not final accounting evidence"
CFAASDFR-6030,Schedule D Part 1 Section 2,5971,700699-AB-7,Park Place NIM 2005-WCHN1 PPSIN 2005-WCH1 B,3,actual_cost;fair_value;book_adjusted_carrying_value,source-visible-sparse-nim,preserve-blanks-no-imputation,"source-visible blanks must not be imputed; classification is a repair worklist, not final accounting evidence"
CFAASDFR-6031,Schedule D Part 1 Section 2,5971,70069X-AD-0,Park Place NIM 2004-WHQN2 PPSIN 2004-WHQ2 D,3,actual_cost;fair_value;book_adjusted_carrying_value,source-visible-sparse-nim,preserve-blanks-no-imputation,"source-visible blanks must not be imputed; classification is a repair worklist, not final accounting evidence"
CFAASDFR-6032,Schedule D Part 1 Section 2,5971,70070A-AA-3,Park Place NIM 2005-WHQN2 PPSIN 2005-WHQ2 A,2,actual_cost;book_adjusted_carrying_value,source-visible-sparse-nim,preserve-blanks-no-imputation,"source-visible blanks must not be imputed; classification is a repair worklist, not final accounting evidence"
CFAASDFR-6035,Schedule D Part 1 Section 2,5971,784205-AB-2,SGMS NIM 2006-FRE2 SGMSN 2006-FRE2 N2,3,actual_cost;fair_value;book_adjusted_carrying_value,source-visible-sparse-nim,preserve-blanks-no-imputation,"source-visible blanks must not be imputed; classification is a repair worklist, not final accounting evidence"
CFAASDFR-6036,Schedule D Part 1 Section 2,5972,80382Q-AW-2,Sail Net Interest Margin Notes SAILN 2004-4A B,2,actual_cost;book_adjusted_carrying_value,source-visible-sparse-nim,preserve-blanks-no-imputation,"source-visible blanks must not be imputed; classification is a repair worklist, not final accounting evidence"
CFAASDFR-6038,Schedule D Part 1 Section 2,5972,80382S-CG-1,Finance America NIM Trust FINM 2004-1 A,2,fair_value;book_adjusted_carrying_value,source-visible-sparse-nim,preserve-blanks-no-imputation,"source-visible blanks must not be imputed; classification is a repair worklist, not final accounting evidence"
CFAASDFR-6039,Schedule D Part 1 Section 2,5972,80382S-CX-4,Fremont NIM Trust FRENT 2004-3 A,2,fair_value;book_adjusted_carrying_value,source-visible-sparse-nim,preserve-blanks-no-imputation,"source-visible blanks must not be imputed; classification is a repair worklist, not final accounting evidence"
CFAASDFR-6040,Schedule D Part 1 Section 2,5972,80382S-CY-2,Fremont NIM Trust FRENT 2004-3 B,2,actual_cost;book_adjusted_carrying_value,source-visible-sparse-nim,preserve-blanks-no-imputation,"source-visible blanks must not be imputed; classification is a repair worklist, not final accounting evidence"
CFAASDFR-6041,Schedule D Part 1 Section 2,5972,82001R-AD-9,Sharps SP I LLC Net Interest M SHARP 2004-HS1N NOTE,2,actual_cost;book_adjusted_carrying_value,non-nim-sparse-row,high-priority-column-review,"source-visible blanks must not be imputed; classification is a repair worklist, not final accounting evidence"
CFAASDFR-6042,Schedule D Part 1 Section 2,5972,83610Q-AA-8,Soundview CI-4 SVNIM 2005-2N N1,3,actual_cost;fair_value;book_adjusted_carrying_value,source-visible-sparse-nim,preserve-blanks-no-imputation,"source-visible blanks must not be imputed; classification is a repair worklist, not final accounting evidence"
CFAASDFR-6043,Schedule D Part 1 Section 2,5972,83613T-AB-7,Soundview CI-21 SVNIM 2006-WF2 N2,3,actual_cost;fair_value;book_adjusted_carrying_value,source-visible-sparse-nim,preserve-blanks-no-imputation,"source-visible blanks must not be imputed; classification is a repair worklist, not final accounting evidence"
CFAASDFR-6044,Schedule D Part 1 Section 2,5972,83613U-AA-6,Soundview CI-21 SVNIM 2006-WF2 N3,3,actual_cost;fair_value;book_adjusted_carrying_value,source-visible-sparse-nim,preserve-blanks-no-imputation,"source-visible blanks must not be imputed; classification is a repair worklist, not final accounting evidence"
CFAASDFR-6045,Schedule D Part 1 Section 2,5972,83613U-AB-4,Soundview CI-21 SVNIM 2006-WF2 N4,1,book_adjusted_carrying_value,source-visible-sparse-nim,preserve-blanks-no-imputation,"source-visible blanks must not be imputed; classification is a repair worklist, not final accounting evidence"
CFAASDFR-6046,Schedule D Part 1 Section 2,5972,92932L-AB-9,WM Asset Holdings Corp CI 2006 LBAHC 2006-7 N2,3,actual_cost;fair_value;book_adjusted_carrying_value,non-nim-sparse-row,high-priority-column-review,"source-visible blanks must not be imputed; classification is a repair worklist, not final accounting evidence"
CFAASDFR-6047,Schedule D Part 1 Section 2,5972,92933U-AA-0,WM Asset Holdings Corp CI 2007 WMHEN 2007-WM1 N1 .,3,actual_cost;fair_value;book_adjusted_carrying_value,non-nim-sparse-row,high-priority-column-review,"source-visible blanks must not be imputed; classification is a repair worklist, not final accounting evidence"
CFAASDFR-6048,Schedule D Part 1 Section 2,5972,92933V-AB-6,WM Asset Holdings Corp CI 2007 WMHEN 2007-WM2 N2 .,3,actual_cost;fair_value;book_adjusted_carrying_value,non-nim-sparse-row,high-priority-column-review,"source-visible blanks must not be imputed; classification is a repair worklist, not final accounting evidence"
CFAASDFR-6049,Schedule D Part 1 Section 2,5972,93935M-AA-4,Washington Mutual WMABS NIM Tr WMNIM 2007-HE1 N1 .,3,actual_cost;fair_value;book_adjusted_carrying_value,source-visible-sparse-nim,preserve-blanks-no-imputation,"source-visible blanks must not be imputed; classification is a repair worklist, not final accounting evidence"
CFAASDFR-6050,Schedule D Part 1 Section 2,5972,BCC0WA-QH-7,Laguna Seca Funding I Ltd LSECA 2007-1X C,2,fair_value;book_adjusted_carrying_value,non-nim-sparse-row,high-priority-column-review,"source-visible blanks must not be imputed; classification is a repair worklist, not final accounting evidence"
CFAASDFR-6051,Schedule D Part 1 Section 2,5972,BCC0XQ-SW-6,Laguna Seca Funding I Ltd LSECA 2007-1X SUB,3,actual_cost;fair_value;book_adjusted_carrying_value,non-nim-sparse-row,high-priority-column-review,"source-visible blanks must not be imputed; classification is a repair worklist, not final accounting evidence"
CFAASDFR-6085,Schedule D Part 1 Section 2,5973,05490A-AG-8,BB-UBS Trust BBUBS 2012-TFT D,3,actual_cost;fair_value;book_adjusted_carrying_value,non-nim-sparse-row,high-priority-column-review,"source-visible blanks must not be imputed; classification is a repair worklist, not final accounting evidence"
CFAASDFR-6097,Schedule D Part 1 Section 2,5973,05554F-AG-0,BBCMS Mortgage Trust 2023-C22 BBCMS 2023-C22 XA,1,par_value,source-visible-or-legacy-abs-sparse,row-level-source-review,"source-visible blanks must not be imputed; classification is a repair worklist, not final accounting evidence"
CFAASDFR-6098,Schedule D Part 1 Section 2,5973,05554V-AC-4,BBCMS Mortgage Trust 2024-5C25 BBCMS 2024-5C25 XA,1,par_value,source-visible-or-legacy-abs-sparse,row-level-source-review,"source-visible blanks must not be imputed; classification is a repair worklist, not final accounting evidence"
CFAASDFR-6144,Schedule D Part 1 Section 2,5974,060352-AG-6,BANK 2017-BNK6 BANK 2017-BNK6 XA,1,par_value,non-nim-sparse-row,high-priority-column-review,"source-visible blanks must not be imputed; classification is a repair worklist, not final accounting evidence"
CFAASDFR-6154,Schedule D Part 1 Section 2,5974,065402-BD-0,BANK 2019-BNK18 BANK 2019-BN18 XA IO,1,par_value,non-nim-sparse-row,high-priority-column-review,"source-visible blanks must not be imputed; classification is a repair worklist, not final accounting evidence"
CFAASDFR-6155,Schedule D Part 1 Section 2,5974,065402-BE-8,BANK 2019-BNK18 BANK 2019-BN18 XB IO,1,par_value,non-nim-sparse-row,high-priority-column-review,"source-visible blanks must not be imputed; classification is a repair worklist, not final accounting evidence"
CFAASDFR-6159,Schedule D Part 1 Section 2,5974,06540C-AA-5,BANK 2021-BNK35 BANK 2021-BN35 XD,1,par_value,non-nim-sparse-row,high-priority-column-review,"source-visible blanks must not be imputed; classification is a repair worklist, not final accounting evidence"
CFAASDFR-6162,Schedule D Part 1 Section 2,5974,06540D-AA-3,BANK 2021-BNK36 BANK 2021-BN36 XD,1,par_value,non-nim-sparse-row,high-priority-column-review,"source-visible blanks must not be imputed; classification is a repair worklist, not final accounting evidence"
CFAASDFR-6166,Schedule D Part 1 Section 2,5975,06540X-BH-3,BANK 2019-BNK22 BANK 2019-BN22 XA,1,par_value,non-nim-sparse-row,high-priority-column-review,"source-visible blanks must not be imputed; classification is a repair worklist, not final accounting evidence"
CFAASDFR-6174,Schedule D Part 1 Section 2,5975,06541J-BJ-9,BANK 2021-BNK34 BANK 2021-BN34 X,1,par_value,non-nim-sparse-row,high-priority-column-review,"source-visible blanks must not be imputed; classification is a repair worklist, not final accounting evidence"
CFAASDFR-6178,Schedule D Part 1 Section 2,5975,06541L-AA-4,BANK 2022-BNK40 BANK 2022-BNK40 XD,1,par_value,non-nim-sparse-row,high-priority-column-review,"source-visible blanks must not be imputed; classification is a repair worklist, not final accounting evidence"
CFAASDFR-6190,Schedule D Part 1 Section 2,5975,06644V-CC-2,BANK5 2024-5YR9 BANK5 2024-5YR9 XA,1,par_value,non-nim-sparse-row,high-priority-column-review,"source-visible blanks must not be imputed; classification is a repair worklist, not final accounting evidence"
CFAASDFR-6193,Schedule D Part 1 Section 2,5975,06650C-AM-5,BANK5 Trust 2025-5YR13 BANK5 2025-5YR13 XA,1,par_value,non-nim-sparse-row,high-priority-column-review,"source-visible blanks must not be imputed; classification is a repair worklist, not final accounting evidence"
CFAASDFR-6206,Schedule D Part 1 Section 2,5975,08161C-AG-6,Benchmark 2018-B2 Mortgage Tru BMARK 2018-B2 XA IO,1,par_value,source-visible-or-legacy-abs-sparse,row-level-source-review,"source-visible blanks must not be imputed; classification is a repair worklist, not final accounting evidence"
CFAASDFR-6211,Schedule D Part 1 Section 2,5975,08162B-BG-6,Benchmark 2019-B11 Mortgage Tr BMARK 2019-B11 XA .,1,par_value,source-visible-or-legacy-abs-sparse,row-level-source-review,"source-visible blanks must not be imputed; classification is a repair worklist, not final accounting evidence"
CFAASDFR-6227,Schedule D Part 1 Section 2,5976,08163E-BE-4,Benchmark 2021-B26 Mortgage Tr BMARK 2021-B26 XA IO,1,par_value,source-visible-or-legacy-abs-sparse,row-level-source-review,"source-visible blanks must not be imputed; classification is a repair worklist, not final accounting evidence"
CFAASDFR-6236,Schedule D Part 1 Section 2,5976,08163M-AN-7,Benchmark 2021-B31 Mortgage Tr BMARK 2021-B31 XD .,1,par_value,source-visible-or-legacy-abs-sparse,row-level-source-review,"source-visible blanks must not be imputed; classification is a repair worklist, not final accounting evidence"
CFAASDFR-6247,Schedule D Part 1 Section 2,5976,081915-AC-4,Benchmark 2024-V12 Mortgage Tr BMARK 2024-V12 XA ..,1,par_value,source-visible-or-legacy-abs-sparse,row-level-source-review,"source-visible blanks must not be imputed; classification is a repair worklist, not final accounting evidence"
CFAASDFR-6252,Schedule D Part 1 Section 2,5976,081927-AC-9,Benchmark 2024-V6 Mortgage Tru BMARK 2024-V6 XA IO,1,par_value,source-visible-or-legacy-abs-sparse,row-level-source-review,"source-visible blanks must not be imputed; classification is a repair worklist, not final accounting evidence"
CFAASDFR-6259,Schedule D Part 1 Section 2,5976,09661X-AD-0,BMO 2024-5C8 Mortgage Trust BMO 2024-5C8 XA,1,par_value,source-visible-or-legacy-abs-sparse,row-level-source-review,"source-visible blanks must not be imputed; classification is a repair worklist, not final accounting evidence"
CFAASDFR-6269,Schedule D Part 1 Section 2,5977,12515B-AF-5,CD 2019-CD8 Mortgage Trust CD 2019-CD8 XA,1,par_value,source-visible-or-legacy-abs-sparse,row-level-source-review,"source-visible blanks must not be imputed; classification is a repair worklist, not final accounting evidence"
CFAASDFR-6270,Schedule D Part 1 Section 2,5977,12515G-AJ-6,CD 2017-CD3 Mortgage Trust CD 2017-CD3 XA,1,par_value,source-visible-or-legacy-abs-sparse,row-level-source-review,"source-visible blanks must not be imputed; classification is a repair worklist, not final accounting evidence"
CFAASDFR-6284,Schedule D Part 1 Section 2,5977,12636M-AG-3,CSAIL 2016-C6 Commercial Mortg CSAIL 2016-C6 XA,1,par_value,non-nim-sparse-row,high-priority-column-review,"source-visible blanks must not be imputed; classification is a repair worklist, not final accounting evidence"
CFAASDFR-6300,Schedule D Part 1 Section 2,5977,17328H-BF-7,Citigroup Commercial Mortgage CGCMT 2019-GC43 XA ..,1,par_value,source-visible-or-legacy-abs-sparse,row-level-source-review,"source-visible blanks must not be imputed; classification is a repair worklist, not final accounting evidence"
CFAASDFR-6303,Schedule D Part 1 Section 2,5977,22945D-AL-7,CSAIL 2019-C15 Commercial Mort CSAIL 2019-C15 XA ..,1,par_value,non-nim-sparse-row,high-priority-column-review,"source-visible blanks must not be imputed; classification is a repair worklist, not final accounting evidence"
CFAASDFR-6330,Schedule D Part 1 Section 2,5978,36252S-AX-5,GS Mortgage Securities Trust 2 GSMS 2019-GC38 XA .,1,par_value,source-visible-or-legacy-abs-sparse,row-level-source-review,"source-visible blanks must not be imputed; classification is a repair worklist, not final accounting evidence"
CFAASDFR-6333,Schedule D Part 1 Section 2,5978,36253P-AE-2,GS Mortgage Securities Trust 2 GSMS 2017-GS6 XA,1,par_value,source-visible-or-legacy-abs-sparse,row-level-source-review,"source-visible blanks must not be imputed; classification is a repair worklist, not final accounting evidence"
CFAASDFR-6353,Schedule D Part 1 Section 2,5978,46590T-AG-0,JPMDB Commercial Mortgage Secu JPMDB 2017-C5 XA,1,par_value,source-visible-or-legacy-abs-sparse,row-level-source-review,"source-visible blanks must not be imputed; classification is a repair worklist, not final accounting evidence"
CFAASDFR-6358,Schedule D Part 1 Section 2,5979,46644A-BH-4,JPMBB Commercial Mortgage Secu JPMBB 2015-C27 XA ..,2,par_value;book_adjusted_carrying_value,source-visible-or-legacy-abs-sparse,row-level-source-review,"source-visible blanks must not be imputed; classification is a repair worklist, not final accounting evidence"
CFAASDFR-6418,Schedule D Part 1 Section 2,5980,61692C-AA-6,Morgan Stanley Capital I Trust MSC 2021-L6 XD,1,par_value,non-nim-sparse-row,high-priority-column-review,"source-visible blanks must not be imputed; classification is a repair worklist, not final accounting evidence"
CFAASDFR-6421,Schedule D Part 1 Section 2,5980,61692C-BK-3,Morgan Stanley Capital I Trust MSC 2021-L6 XA,1,par_value,non-nim-sparse-row,high-priority-column-review,"source-visible blanks must not be imputed; classification is a repair worklist, not final accounting evidence"
CFAASDFR-6438,Schedule D Part 1 Section 2,5980,61768H-AX-4,Morgan Stanley Capital I Trust MSC 2019-L2 XA,1,par_value,non-nim-sparse-row,high-priority-column-review,"source-visible blanks must not be imputed; classification is a repair worklist, not final accounting evidence"
CFAASDFR-6446,Schedule D Part 1 Section 2,5980,75010#-AG-1,BBCMS Mortgage Trust 2025-5C38 BBCMS 2025-5C38 XA,1,par_value,source-visible-or-legacy-abs-sparse,row-level-source-review,"source-visible blanks must not be imputed; classification is a repair worklist, not final accounting evidence"
CFAASDFR-6465,Schedule D Part 1 Section 2,5981,94989Y-BC-6,Wells Fargo Commercial Mortgag WFCM 2016-C32 XA,2,par_value;book_adjusted_carrying_value,non-nim-sparse-row,high-priority-column-review,"source-visible blanks must not be imputed; classification is a repair worklist, not final accounting evidence"
CFAASDFR-6479,Schedule D Part 1 Section 2,5981,95000T-BV-7,Wells Fargo Commercial Mortgag WFCM 2017-RB1 XA,1,par_value,non-nim-sparse-row,high-priority-column-review,"source-visible blanks must not be imputed; classification is a repair worklist, not final accounting evidence"
CFAASDFR-6491,Schedule D Part 1 Section 2,5981,95004J-AD-6,Wells Fargo Commercial Mortgag WFCM 2025-5C3 XA,1,par_value,non-nim-sparse-row,high-priority-column-review,"source-visible blanks must not be imputed; classification is a repair worklist, not final accounting evidence"
CFAASDFR-8399,Schedule D Part 1 Section 2,6020,000000-00-0,ATLAS SECURITIZED PRODUCTS FUN X,2,actual_cost;par_value,source-visible-or-legacy-abs-sparse,row-level-source-review,"source-visible blanks must not be imputed; classification is a repair worklist, not final accounting evidence"
CFAASDFR-8572,Schedule D Part 1 Section 2,6025,21873B-AE-5,CoreVest American Finance 2021 CAFL 2021-2 XB,1,par_value,non-nim-sparse-row,high-priority-column-review,"source-visible blanks must not be imputed; classification is a repair worklist, not final accounting evidence"
CFAASDFR-8573,Schedule D Part 1 Section 2,6025,21873L-AE-3,Corevest American Finance 2021 CAFL 2021-1 XB,1,par_value,non-nim-sparse-row,high-priority-column-review,"source-visible blanks must not be imputed; classification is a repair worklist, not final accounting evidence"
