reconciliation_row_id,parser_row_id,schedule_part,page,cusip,issuer_or_description,naic_designation_detected,asset_type_guess,candidate_actual_cost,candidate_par_value,candidate_fair_value,candidate_book_adjusted_carrying_value,money_token_count,reconciliation_status,boundary,next_action
CFKKRGACEDCR-0001,CFKKRGACEDP-0001,Schedule D Part 1 Section 1 issuer-credit obligations owned,218,912810-RC-4,UNITED STATES TREASURY,1.A,us_treasury,"402,361","400,000","345,406","401,704",7,candidate-first-four-column-map,candidate column assignment only; unresolved variance remains versus statutory bond base,inspect held long-token and short-token rows; use page-column geometry or tabula-style extraction for final reconciliation
CFKKRGACEDCR-0002,CFKKRGACEDP-0002,Schedule D Part 1 Section 1 issuer-credit obligations owned,218,912810-TB-4,UNITED STATES TREASURY,1.A,us_treasury,"1,899,346","2,000,000","1,106,172","1,909,447",8,candidate-first-four-column-map,candidate column assignment only; unresolved variance remains versus statutory bond base,inspect held long-token and short-token rows; use page-column geometry or tabula-style extraction for final reconciliation
CFKKRGACEDCR-0003,CFKKRGACEDP-0003,Schedule D Part 1 Section 1 issuer-credit obligations owned,218,912810-TG-3,UNITED STATES TREASURY,1.A,us_treasury,"99,008","105,000","73,400","99,452",6,candidate-first-four-column-map,candidate column assignment only; unresolved variance remains versus statutory bond base,inspect held long-token and short-token rows; use page-column geometry or tabula-style extraction for final reconciliation
CFKKRGACEDCR-0004,CFKKRGACEDP-0004,Schedule D Part 1 Section 1 issuer-credit obligations owned,218,912810-TJ-7,UNITED STATES TREASURY,1.A,us_treasury,"1,746,094","2,000,000","1,433,164","1,762,326",8,candidate-first-four-column-map,candidate column assignment only; unresolved variance remains versus statutory bond base,inspect held long-token and short-token rows; use page-column geometry or tabula-style extraction for final reconciliation
CFKKRGACEDCR-0005,CFKKRGACEDP-0005,Schedule D Part 1 Section 1 issuer-credit obligations owned,218,912810-TW-8,UNITED STATES TREASURY,1.A,us_treasury,"409,578","400,000","400,172","409,028",7,candidate-first-four-column-map,candidate column assignment only; unresolved variance remains versus statutory bond base,inspect held long-token and short-token rows; use page-column geometry or tabula-style extraction for final reconciliation
CFKKRGACEDCR-0006,CFKKRGACEDP-0006,Schedule D Part 1 Section 1 issuer-credit obligations owned,218,912828-YB-0,UNITED STATES TREASURY,1.A,us_treasury,"887,101","900,000","840,287","894,965",8,candidate-first-four-column-map,candidate column assignment only; unresolved variance remains versus statutory bond base,inspect held long-token and short-token rows; use page-column geometry or tabula-style extraction for final reconciliation
CFKKRGACEDCR-0007,CFKKRGACEDP-0007,Schedule D Part 1 Section 1 issuer-credit obligations owned,218,91282C-FF-3,UNITED STATES TREASURY,1.A,us_treasury,"50,196","57,000","53,142","52,109",6,candidate-first-four-column-map,candidate column assignment only; unresolved variance remains versus statutory bond base,inspect held long-token and short-token rows; use page-column geometry or tabula-style extraction for final reconciliation
CFKKRGACEDCR-0008,CFKKRGACEDP-0008,Schedule D Part 1 Section 1 issuer-credit obligations owned,218,91282C-GM-7,UNITED STATES TREASURY,1.A,us_treasury,"149,772","156,000","151,628","151,300",7,candidate-first-four-column-map,candidate column assignment only; unresolved variance remains versus statutory bond base,inspect held long-token and short-token rows; use page-column geometry or tabula-style extraction for final reconciliation
CFKKRGACEDCR-0009,CFKKRGACEDP-0009,Schedule D Part 1 Section 1 issuer-credit obligations owned,218,91282C-PN-5,UNITED STATES TREASURY,1.A,us_treasury,"645,277","650,000","643,551","645,310",14,long-token-merged-row-review-hold,candidate column assignment only; unresolved variance remains versus statutory bond base,inspect held long-token and short-token rows; use page-column geometry or tabula-style extraction for final reconciliation
CFKKRGACEDCR-0010,CFKKRGACEDP-0010,Schedule D Part 1 Section 1 issuer-credit obligations owned,218,268317-AK-0,ELECTRICITE DE FRANCE SA,2.A,utility_or_energy_credit,"3,305,577","3,000,000","2,678,099","3,248,956",8,candidate-first-four-column-map,candidate column assignment only; unresolved variance remains versus statutory bond base,inspect held long-token and short-token rows; use page-column geometry or tabula-style extraction for final reconciliation
CFKKRGACEDCR-0011,CFKKRGACEDP-0011,Schedule D Part 1 Section 1 issuer-credit obligations owned,218,268317-AL-8,ELECTRICITE DE FRANCE SA,2.A,utility_or_energy_credit,"5,315,600","4,875,000","4,696,890","5,314,283",15,long-token-merged-row-review-hold,candidate column assignment only; unresolved variance remains versus statutory bond base,inspect held long-token and short-token rows; use page-column geometry or tabula-style extraction for final reconciliation
CFKKRGACEDCR-0012,CFKKRGACEDP-0012,Schedule D Part 1 Section 1 issuer-credit obligations owned,218,13063A-7D-0,CALIFORNIA ST,1.C,issuer_credit_or_corporate_bond,"2,140,080","1,500,000","1,747,302","1,932,934",8,candidate-first-four-column-map,candidate column assignment only; unresolved variance remains versus statutory bond base,inspect held long-token and short-token rows; use page-column geometry or tabula-style extraction for final reconciliation
CFKKRGACEDCR-0013,CFKKRGACEDP-0013,Schedule D Part 1 Section 1 issuer-credit obligations owned,218,13063B-JC-7,CALIFORNIA ST,1.C,issuer_credit_or_corporate_bond,"22,779,171","15,000,000","18,381,156","20,758,552",8,candidate-first-four-column-map,candidate column assignment only; unresolved variance remains versus statutory bond base,inspect held long-token and short-token rows; use page-column geometry or tabula-style extraction for final reconciliation
CFKKRGACEDCR-0014,CFKKRGACEDP-0014,Schedule D Part 1 Section 1 issuer-credit obligations owned,218,167560-PL-9,CHICAGO ILL MET WTR RECLAMATION DIST GTR,1.B,issuer_credit_or_corporate_bond,"4,345,080","4,000,000","4,152,870","4,222,225",8,candidate-first-four-column-map,candidate column assignment only; unresolved variance remains versus statutory bond base,inspect held long-token and short-token rows; use page-column geometry or tabula-style extraction for final reconciliation
CFKKRGACEDCR-0015,CFKKRGACEDP-0015,Schedule D Part 1 Section 1 issuer-credit obligations owned,218,54438C-PA-4,LOS ANGELES CALIF CMNTY COLLEGE DIST,1.B,issuer_credit_or_corporate_bond,"58,147,119","45,830,000","50,886,264","56,626,113",8,candidate-first-four-column-map,candidate column assignment only; unresolved variance remains versus statutory bond base,inspect held long-token and short-token rows; use page-column geometry or tabula-style extraction for final reconciliation
CFKKRGACEDCR-0016,CFKKRGACEDP-0016,Schedule D Part 1 Section 1 issuer-credit obligations owned,218,57582R-N9-3,MASSACHUSETTS COMMONWEALTH,1.B,issuer_credit_or_corporate_bond,"2,814,099","3,905,000","2,313,928","2,905,372",16,long-token-merged-row-review-hold,candidate column assignment only; unresolved variance remains versus statutory bond base,inspect held long-token and short-token rows; use page-column geometry or tabula-style extraction for final reconciliation
CFKKRGACEDCR-0017,CFKKRGACEDP-0017,Schedule D Part 1 Section 1 issuer-credit obligations owned,218,02765U-CR-3,AMERICAN MUN PWR OHIO INC REV,1.F,issuer_credit_or_corporate_bond,"310,005","280,000","286,180","307,571",7,candidate-first-four-column-map,candidate column assignment only; unresolved variance remains versus statutory bond base,inspect held long-token and short-token rows; use page-column geometry or tabula-style extraction for final reconciliation
CFKKRGACEDCR-0018,CFKKRGACEDP-0018,Schedule D Part 1 Section 1 issuer-credit obligations owned,218,02765U-EK-6,AMERICAN MUN PWR OHIO INC REV,1.F,issuer_credit_or_corporate_bond,"4,022,424","2,800,000","3,524,603","3,814,738",8,candidate-first-four-column-map,candidate column assignment only; unresolved variance remains versus statutory bond base,inspect held long-token and short-token rows; use page-column geometry or tabula-style extraction for final reconciliation
CFKKRGACEDCR-0019,CFKKRGACEDP-0019,Schedule D Part 1 Section 1 issuer-credit obligations owned,218,072024-NV-0,BAY AREA TOLL AUTH CALIF TOLL BRDG REV,1.D,issuer_credit_or_corporate_bond,"26,912,981","19,015,000","21,739,635","25,657,269",8,candidate-first-four-column-map,candidate column assignment only; unresolved variance remains versus statutory bond base,inspect held long-token and short-token rows; use page-column geometry or tabula-style extraction for final reconciliation
CFKKRGACEDCR-0020,CFKKRGACEDP-0020,Schedule D Part 1 Section 1 issuer-credit obligations owned,218,072024-PY-2,BAY AREA TOLL AUTH CALIF TOLL BRDG REV,1.E,issuer_credit_or_corporate_bond,"22,374,009","15,830,000","17,939,773","21,452,319",8,candidate-first-four-column-map,candidate column assignment only; unresolved variance remains versus statutory bond base,inspect held long-token and short-token rows; use page-column geometry or tabula-style extraction for final reconciliation
CFKKRGACEDCR-0021,CFKKRGACEDP-0021,Schedule D Part 1 Section 1 issuer-credit obligations owned,218,13032U-D9-6,CALIFORNIA HEALTH FACS FING AUTH REV,1.D,issuer_credit_or_corporate_bond,"1,600,000","1,600,000","1,471,315","1,600,000",7,candidate-first-four-column-map,candidate column assignment only; unresolved variance remains versus statutory bond base,inspect held long-token and short-token rows; use page-column geometry or tabula-style extraction for final reconciliation
CFKKRGACEDCR-0022,CFKKRGACEDP-0022,Schedule D Part 1 Section 1 issuer-credit obligations owned,218,167593-H6-2,CHICAGO CITY O HARE INTERNATIONAL AIRPOR,1.E,issuer_credit_or_corporate_bond,"5,109,700","5,000,000","4,387,823","5,095,614",8,candidate-first-four-column-map,candidate column assignment only; unresolved variance remains versus statutory bond base,inspect held long-token and short-token rows; use page-column geometry or tabula-style extraction for final reconciliation
CFKKRGACEDCR-0023,CFKKRGACEDP-0023,Schedule D Part 1 Section 1 issuer-credit obligations owned,218,167725-AC-4,CHICAGO ILL TRAN AUTH SALES & TRANSFER T,1.C,issuer_credit_or_corporate_bond,"9,901,911","8,083,165","9,073,855","9,238,023",8,candidate-first-four-column-map,candidate column assignment only; unresolved variance remains versus statutory bond base,inspect held long-token and short-token rows; use page-column geometry or tabula-style extraction for final reconciliation
CFKKRGACEDCR-0024,CFKKRGACEDP-0024,Schedule D Part 1 Section 1 issuer-credit obligations owned,218,167736-YU-5,CHICAGO ILL WTR REV,1.E,issuer_credit_or_corporate_bond,"7,449,860","5,500,000","5,948,263","6,809,131",8,candidate-first-four-column-map,candidate column assignment only; unresolved variance remains versus statutory bond base,inspect held long-token and short-token rows; use page-column geometry or tabula-style extraction for final reconciliation
CFKKRGACEDCR-0025,CFKKRGACEDP-0025,Schedule D Part 1 Section 1 issuer-credit obligations owned,218,20281P-CT-7,COMMONWEALTH FING AUTH PA REV,1.D,issuer_credit_or_corporate_bond,"5,214,265","4,750,000","4,998,389","5,028,218",8,candidate-first-four-column-map,candidate column assignment only; unresolved variance remains versus statutory bond base,inspect held long-token and short-token rows; use page-column geometry or tabula-style extraction for final reconciliation
CFKKRGACEDCR-0026,CFKKRGACEDP-0026,Schedule D Part 1 Section 1 issuer-credit obligations owned,218,235036-4X-5,DALLAS FORT WORTH TEX INTL ARPT REV,1.E,issuer_credit_or_corporate_bond,"940,116","935,000","716,269","939,349",7,candidate-first-four-column-map,candidate column assignment only; unresolved variance remains versus statutory bond base,inspect held long-token and short-token rows; use page-column geometry or tabula-style extraction for final reconciliation
CFKKRGACEDCR-0027,CFKKRGACEDP-0027,Schedule D Part 1 Section 1 issuer-credit obligations owned,218,23503C-AN-7,DALLAS FORT WORTH TEX INTL ARPT REV,1.E,issuer_credit_or_corporate_bond,"6,168,993","6,835,000","5,901,331","6,201,882",8,candidate-first-four-column-map,candidate column assignment only; unresolved variance remains versus statutory bond base,inspect held long-token and short-token rows; use page-column geometry or tabula-style extraction for final reconciliation
CFKKRGACEDCR-0028,CFKKRGACEDP-0028,Schedule D Part 1 Section 1 issuer-credit obligations owned,218,38122N-D4-1,GOLDEN ST TOB SECURITIZATION CORP CALIF,1.G,issuer_credit_or_corporate_bond,"11,250,000","11,250,000","9,562,574","11,250,000",7,candidate-first-four-column-map,candidate column assignment only; unresolved variance remains versus statutory bond base,inspect held long-token and short-token rows; use page-column geometry or tabula-style extraction for final reconciliation
CFKKRGACEDCR-0029,CFKKRGACEDP-0029,Schedule D Part 1 Section 1 issuer-credit obligations owned,218,38122N-D5-8,GOLDEN ST TOB SECURITIZATION CORP CALIF,1.G,issuer_credit_or_corporate_bond,"12,150,000","12,150,000","9,457,284","12,150,000",7,candidate-first-four-column-map,candidate column assignment only; unresolved variance remains versus statutory bond base,inspect held long-token and short-token rows; use page-column geometry or tabula-style extraction for final reconciliation
CFKKRGACEDCR-0030,CFKKRGACEDP-0030,Schedule D Part 1 Section 1 issuer-credit obligations owned,218,38122N-D6-6,GOLDEN ST TOB SECURITIZATION CORP CALIF,2.B,issuer_credit_or_corporate_bond,"18,000,000","18,000,000","13,180,138","18,000,000",7,candidate-first-four-column-map,candidate column assignment only; unresolved variance remains versus statutory bond base,inspect held long-token and short-token rows; use page-column geometry or tabula-style extraction for final reconciliation
CFKKRGACEDCR-0031,CFKKRGACEDP-0031,Schedule D Part 1 Section 1 issuer-credit obligations owned,218,38611T-CR-6,GRAND PARKWAY TRANSN CORP TEX SYS TOLL R,1.E,issuer_credit_or_corporate_bond,"4,476,030","6,000,000","4,217,749","4,550,856",8,candidate-first-four-column-map,candidate column assignment only; unresolved variance remains versus statutory bond base,inspect held long-token and short-token rows; use page-column geometry or tabula-style extraction for final reconciliation
CFKKRGACEDCR-0032,CFKKRGACEDP-0032,Schedule D Part 1 Section 1 issuer-credit obligations owned,218,389532-FW-7,GRAYS HARBOR CNTY WASH PUB UTIL DIST NO,1.E,issuer_credit_or_corporate_bond,"3,450,279","3,185,000","3,537,477","3,366,402",8,candidate-first-four-column-map,candidate column assignment only; unresolved variance remains versus statutory bond base,inspect held long-token and short-token rows; use page-column geometry or tabula-style extraction for final reconciliation
CFKKRGACEDCR-0033,CFKKRGACEDP-0033,Schedule D Part 1 Section 1 issuer-credit obligations owned,218,392274-X9-2,GREATER ORLANDO AVIATION AUTH ORLANDO FL,1.D,issuer_credit_or_corporate_bond,"2,775,985","3,000,000","2,621,346","2,787,102",8,candidate-first-four-column-map,candidate column assignment only; unresolved variance remains versus statutory bond base,inspect held long-token and short-token rows; use page-column geometry or tabula-style extraction for final reconciliation
CFKKRGACEDCR-0034,CFKKRGACEDP-0034,Schedule D Part 1 Section 1 issuer-credit obligations owned,218,544495-WA-8,LOS ANGELES CALIF DEPT WTR & PWR REV,1.D,issuer_credit_or_corporate_bond,"1,921,194","1,550,000","1,669,650","1,857,864",8,candidate-first-four-column-map,candidate column assignment only; unresolved variance remains versus statutory bond base,inspect held long-token and short-token rows; use page-column geometry or tabula-style extraction for final reconciliation
CFKKRGACEDCR-0035,CFKKRGACEDP-0035,Schedule D Part 1 Section 1 issuer-credit obligations owned,218,59261A-2P-1,METROPOLITAN TRANSN AUTH N Y REV,1.F,issuer_credit_or_corporate_bond,"2,965,000","2,965,000","2,741,061","2,965,000",7,candidate-first-four-column-map,candidate column assignment only; unresolved variance remains versus statutory bond base,inspect held long-token and short-token rows; use page-column geometry or tabula-style extraction for final reconciliation
CFKKRGACEDCR-0036,CFKKRGACEDP-0036,Schedule D Part 1 Section 1 issuer-credit obligations owned,218,592643-AA-8,METROPOLITAN WASH D C ARPTS AUTH DULLES,2.A,issuer_credit_or_corporate_bond,"35,315,234","25,185,000","29,971,792","33,393,700",8,candidate-first-four-column-map,candidate column assignment only; unresolved variance remains versus statutory bond base,inspect held long-token and short-token rows; use page-column geometry or tabula-style extraction for final reconciliation
CFKKRGACEDCR-0037,CFKKRGACEDP-0037,Schedule D Part 1 Section 1 issuer-credit obligations owned,218,592643-EH-9,METROPOLITAN WASH D C ARPTS AUTH DULLES,1.E,issuer_credit_or_corporate_bond,"7,500,000","7,500,000","6,162,005","7,500,000",7,candidate-first-four-column-map,candidate column assignment only; unresolved variance remains versus statutory bond base,inspect held long-token and short-token rows; use page-column geometry or tabula-style extraction for final reconciliation
CFKKRGACEDCR-0038,CFKKRGACEDP-0038,Schedule D Part 1 Section 1 issuer-credit obligations owned,218,626207-YF-5,MUNICIPAL ELEC AUTH GA,1.G,issuer_credit_or_corporate_bond,"5,713,363","3,763,000","4,074,193","5,557,725",8,candidate-first-four-column-map,candidate column assignment only; unresolved variance remains versus statutory bond base,inspect held long-token and short-token rows; use page-column geometry or tabula-style extraction for final reconciliation
CFKKRGACEDCR-0039,CFKKRGACEDP-0039,Schedule D Part 1 Section 1 issuer-credit obligations owned,218,626207-YM-0,MUNICIPAL ELEC AUTH GA,1.F,issuer_credit_or_corporate_bond,"5,703,613","5,125,000","5,591,351","5,612,820",8,candidate-first-four-column-map,candidate column assignment only; unresolved variance remains versus statutory bond base,inspect held long-token and short-token rows; use page-column geometry or tabula-style extraction for final reconciliation
CFKKRGACEDCR-0040,CFKKRGACEDP-0040,Schedule D Part 1 Section 1 issuer-credit obligations owned,219,646136-XR-7,NEW JERSEY ST TRANSN TR FD AUTH,1.F,issuer_credit_or_corporate_bond,"1,712,665","1,460,000","1,648,017","1,663,669",8,candidate-first-four-column-map,candidate column assignment only; unresolved variance remains versus statutory bond base,inspect held long-token and short-token rows; use page-column geometry or tabula-style extraction for final reconciliation
CFKKRGACEDCR-0041,CFKKRGACEDP-0041,Schedule D Part 1 Section 1 issuer-credit obligations owned,219,64971P-KM-6,NEW YORK N Y CITY INDL DEV AGY REV,2.A,issuer_credit_or_corporate_bond,"3,528,530","4,242,500","3,065,266","3,588,550",8,candidate-first-four-column-map,candidate column assignment only; unresolved variance remains versus statutory bond base,inspect held long-token and short-token rows; use page-column geometry or tabula-style extraction for final reconciliation
CFKKRGACEDCR-0042,CFKKRGACEDP-0042,Schedule D Part 1 Section 1 issuer-credit obligations owned,219,64971X-YB-8,NEW YORK CITY TRANSITIONAL FINANCE AUTHO,1.A,finance_company_or_funding_vehicle,"526,090","675,000","498,935","536,171",8,candidate-first-four-column-map,candidate column assignment only; unresolved variance remains versus statutory bond base,inspect held long-token and short-token rows; use page-column geometry or tabula-style extraction for final reconciliation
CFKKRGACEDCR-0043,CFKKRGACEDP-0043,Schedule D Part 1 Section 1 issuer-credit obligations owned,219,64972F-K8-8,NEW YORK N Y CITY MUN WTR FIN AUTH WTR &,1.B,issuer_credit_or_corporate_bond,"4,077,110","3,440,000","3,546,219","3,923,620",8,candidate-first-four-column-map,candidate column assignment only; unresolved variance remains versus statutory bond base,inspect held long-token and short-token rows; use page-column geometry or tabula-style extraction for final reconciliation
CFKKRGACEDCR-0044,CFKKRGACEDP-0044,Schedule D Part 1 Section 1 issuer-credit obligations owned,219,64990F-PX-6,NEW YORK STATE DORMITORY AUTHORITY,1.B,issuer_credit_or_corporate_bond,"1,719,149","2,217,500","1,654,270","1,756,698",8,candidate-first-four-column-map,candidate column assignment only; unresolved variance remains versus statutory bond base,inspect held long-token and short-token rows; use page-column geometry or tabula-style extraction for final reconciliation
CFKKRGACEDCR-0045,CFKKRGACEDP-0045,Schedule D Part 1 Section 1 issuer-credit obligations owned,219,64990K-FS-7,NEW YORK STATE DORMITORY AUTHORITY,1.A,issuer_credit_or_corporate_bond,"3,875","5,000","5,128","4,090",4,candidate-first-four-column-map,candidate column assignment only; unresolved variance remains versus statutory bond base,inspect held long-token and short-token rows; use page-column geometry or tabula-style extraction for final reconciliation
CFKKRGACEDCR-0046,CFKKRGACEDP-0046,Schedule D Part 1 Section 1 issuer-credit obligations owned,219,64990K-FT-5,NEW YORK STATE DORMITORY AUTHORITY,1.B,issuer_credit_or_corporate_bond,"4,645,993","5,995,000","4,469,007","4,748,039",8,candidate-first-four-column-map,candidate column assignment only; unresolved variance remains versus statutory bond base,inspect held long-token and short-token rows; use page-column geometry or tabula-style extraction for final reconciliation
CFKKRGACEDCR-0047,CFKKRGACEDP-0047,Schedule D Part 1 Section 1 issuer-credit obligations owned,219,66285W-FB-7,NORTH TEX TWY AUTH REV,1.D,issuer_credit_or_corporate_bond,"3,161,005","2,500,000","2,751,908","3,121,234",8,candidate-first-four-column-map,candidate column assignment only; unresolved variance remains versus statutory bond base,inspect held long-token and short-token rows; use page-column geometry or tabula-style extraction for final reconciliation
CFKKRGACEDCR-0048,CFKKRGACEDP-0048,Schedule D Part 1 Section 1 issuer-credit obligations owned,219,677632-PA-3,OHIO ST UNIV GEN RCPTS,1.B,issuer_credit_or_corporate_bond,"20,121,330","22,800,000","18,827,463","20,138,926",8,candidate-first-four-column-map,candidate column assignment only; unresolved variance remains versus statutory bond base,inspect held long-token and short-token rows; use page-column geometry or tabula-style extraction for final reconciliation
CFKKRGACEDCR-0049,CFKKRGACEDP-0049,Schedule D Part 1 Section 1 issuer-credit obligations owned,219,677704-A6-5,OHIO UNIV GEN RCPTS ATHENS,1.E,issuer_credit_or_corporate_bond,"9,837,889","8,585,000","8,120,040","9,833,570",7,candidate-first-four-column-map,candidate column assignment only; unresolved variance remains versus statutory bond base,inspect held long-token and short-token rows; use page-column geometry or tabula-style extraction for final reconciliation
CFKKRGACEDCR-0050,CFKKRGACEDP-0050,Schedule D Part 1 Section 1 issuer-credit obligations owned,219,717893-U3-3,PHILADELPHIA PA WTR & WASTEWTR REV,1.E,issuer_credit_or_corporate_bond,"105,279","150,000","112,874","108,844",8,candidate-first-four-column-map,candidate column assignment only; unresolved variance remains versus statutory bond base,inspect held long-token and short-token rows; use page-column geometry or tabula-style extraction for final reconciliation
CFKKRGACEDCR-0051,CFKKRGACEDP-0051,Schedule D Part 1 Section 1 issuer-credit obligations owned,219,73358W-3L-6,PORT AUTH N Y & N J,1.D,issuer_credit_or_corporate_bond,"8,559,531","9,000,000","5,723,904","8,569,225",8,candidate-first-four-column-map,candidate column assignment only; unresolved variance remains versus statutory bond base,inspect held long-token and short-token rows; use page-column geometry or tabula-style extraction for final reconciliation
CFKKRGACEDCR-0052,CFKKRGACEDP-0052,Schedule D Part 1 Section 1 issuer-credit obligations owned,219,73358W-EK-6,PORT AUTH N Y & N J,1.D,issuer_credit_or_corporate_bond,"22,385,680","22,000,000","20,516,670","22,328,006",8,candidate-first-four-column-map,candidate column assignment only; unresolved variance remains versus statutory bond base,inspect held long-token and short-token rows; use page-column geometry or tabula-style extraction for final reconciliation
CFKKRGACEDCR-0053,CFKKRGACEDP-0053,Schedule D Part 1 Section 1 issuer-credit obligations owned,219,73358W-JA-3,PORT AUTH N Y & N J,1.D,issuer_credit_or_corporate_bond,"4,637,341","4,395,000","3,688,436","4,610,927",8,candidate-first-four-column-map,candidate column assignment only; unresolved variance remains versus statutory bond base,inspect held long-token and short-token rows; use page-column geometry or tabula-style extraction for final reconciliation
CFKKRGACEDCR-0054,CFKKRGACEDP-0054,Schedule D Part 1 Section 1 issuer-credit obligations owned,219,73358W-XQ-2,PORT AUTH N Y & N J,1.D,issuer_credit_or_corporate_bond,"18,109,094","16,000,000","14,347,853","17,922,913",8,candidate-first-four-column-map,candidate column assignment only; unresolved variance remains versus statutory bond base,inspect held long-token and short-token rows; use page-column geometry or tabula-style extraction for final reconciliation
CFKKRGACEDCR-0055,CFKKRGACEDP-0055,Schedule D Part 1 Section 1 issuer-credit obligations owned,219,79467B-CN-3,SALES TAX SECURITIZATION CORP ILL,1.A,issuer_credit_or_corporate_bond,"3,500,000","3,500,000","3,231,326","3,500,000",7,candidate-first-four-column-map,candidate column assignment only; unresolved variance remains versus statutory bond base,inspect held long-token and short-token rows; use page-column geometry or tabula-style extraction for final reconciliation
CFKKRGACEDCR-0056,CFKKRGACEDP-0056,Schedule D Part 1 Section 1 issuer-credit obligations owned,219,796247-DC-5,SAN ANTONIO TEX ED FACS CORP REV,1.D,issuer_credit_or_corporate_bond,"2,000,000","2,000,000","1,331,058","2,000,000",7,candidate-first-four-column-map,candidate column assignment only; unresolved variance remains versus statutory bond base,inspect held long-token and short-token rows; use page-column geometry or tabula-style extraction for final reconciliation
CFKKRGACEDCR-0057,CFKKRGACEDP-0057,Schedule D Part 1 Section 1 issuer-credit obligations owned,219,797400-FN-3,SAN DIEGO CNTY CALIF REGL TRANSN COMMN S,1.B,issuer_credit_or_corporate_bond,"7,886,970","7,000,000","7,071,020","7,702,223",8,candidate-first-four-column-map,candidate column assignment only; unresolved variance remains versus statutory bond base,inspect held long-token and short-token rows; use page-column geometry or tabula-style extraction for final reconciliation
CFKKRGACEDCR-0058,CFKKRGACEDP-0058,Schedule D Part 1 Section 1 issuer-credit obligations owned,219,79765R-TL-3,SAN FRANCISCO CALIF CITY & CNTY PUB UTIL,1.D,issuer_credit_or_corporate_bond,"12,601,675","10,050,000","11,187,530","12,083,198",8,candidate-first-four-column-map,candidate column assignment only; unresolved variance remains versus statutory bond base,inspect held long-token and short-token rows; use page-column geometry or tabula-style extraction for final reconciliation
CFKKRGACEDCR-0059,CFKKRGACEDP-0059,Schedule D Part 1 Section 1 issuer-credit obligations owned,219,837151-SV-2,SOUTH CAROLINA ST PUB SVC AUTH REV,1.E,issuer_credit_or_corporate_bond,"10,581,917","9,515,000","10,253,044","10,527,998",8,candidate-first-four-column-map,candidate column assignment only; unresolved variance remains versus statutory bond base,inspect held long-token and short-token rows; use page-column geometry or tabula-style extraction for final reconciliation
CFKKRGACEDCR-0060,CFKKRGACEDP-0060,Schedule D Part 1 Section 1 issuer-credit obligations owned,219,882667-AZ-1,TEXAS PRIVATE ACTIVITY BD SURFACE TRANSN,2.A,issuer_credit_or_corporate_bond,"5,191,786","6,500,000","5,206,881","5,292,161",7,candidate-first-four-column-map,candidate column assignment only; unresolved variance remains versus statutory bond base,inspect held long-token and short-token rows; use page-column geometry or tabula-style extraction for final reconciliation
CFKKRGACEDCR-0061,CFKKRGACEDP-0061,Schedule D Part 1 Section 1 issuer-credit obligations owned,219,896035-DG-4,TRIBOROUGH BRIDGE AND TUNNEL AUTHORITY,1.B,issuer_credit_or_corporate_bond,"388,124","400,000","360,793","388,338",7,candidate-first-four-column-map,candidate column assignment only; unresolved variance remains versus statutory bond base,inspect held long-token and short-token rows; use page-column geometry or tabula-style extraction for final reconciliation
CFKKRGACEDCR-0062,CFKKRGACEDP-0062,Schedule D Part 1 Section 1 issuer-credit obligations owned,219,913366-DF-4,UNIV CALIF REGTS MED CTR POOLED REV,1.D,issuer_credit_or_corporate_bond,"11,388,663","8,280,000","8,844,805","10,427,427",8,candidate-first-four-column-map,candidate column assignment only; unresolved variance remains versus statutory bond base,inspect held long-token and short-token rows; use page-column geometry or tabula-style extraction for final reconciliation
CFKKRGACEDCR-0063,CFKKRGACEDP-0063,Schedule D Part 1 Section 1 issuer-credit obligations owned,219,913366-KD-1,UNIV CALIF REGTS MED CTR POOLED REV,1.D,issuer_credit_or_corporate_bond,"15,000,000","15,000,000","9,474,027","15,000,000",7,candidate-first-four-column-map,candidate column assignment only; unresolved variance remains versus statutory bond base,inspect held long-token and short-token rows; use page-column geometry or tabula-style extraction for final reconciliation
CFKKRGACEDCR-0064,CFKKRGACEDP-0064,Schedule D Part 1 Section 1 issuer-credit obligations owned,219,91412G-HA-6,UNIVERSITY CALIF REVS,1.C,issuer_credit_or_corporate_bond,"57,591,731","65,783,000","54,684,928","57,637,593",8,candidate-first-four-column-map,candidate column assignment only; unresolved variance remains versus statutory bond base,inspect held long-token and short-token rows; use page-column geometry or tabula-style extraction for final reconciliation
CFKKRGACEDCR-0065,CFKKRGACEDP-0065,Schedule D Part 1 Section 1 issuer-credit obligations owned,219,946303-E5-9,WAYNE ST UNIV MICH UNIV REVS,1.E,issuer_credit_or_corporate_bond,"2,000,000","2,000,000","1,448,885","2,000,000",7,candidate-first-four-column-map,candidate column assignment only; unresolved variance remains versus statutory bond base,inspect held long-token and short-token rows; use page-column geometry or tabula-style extraction for final reconciliation
CFKKRGACEDCR-0066,CFKKRGACEDP-0066,Schedule D Part 1 Section 1 issuer-credit obligations owned,219,95308R-XA-2,WEST HARRIS CNTY TEX REGL WTR AUTH WTR S,1.E,issuer_credit_or_corporate_bond,"3,988,793","4,125,000","3,256,058","3,995,576",67,long-token-merged-row-review-hold,candidate column assignment only; unresolved variance remains versus statutory bond base,inspect held long-token and short-token rows; use page-column geometry or tabula-style extraction for final reconciliation
CFKKRGACEDCR-0067,CFKKRGACEDP-0067,Schedule D Part 1 Section 1 issuer-credit obligations owned,219,362591-AA-7,GSPPR LLC Class A Asset-Backed Note,1.G,issuer_credit_or_corporate_bond,"4,715,987","4,715,987","4,715,987","4,716,405",7,candidate-first-four-column-map,candidate column assignment only; unresolved variance remains versus statutory bond base,inspect held long-token and short-token rows; use page-column geometry or tabula-style extraction for final reconciliation
CFKKRGACEDCR-0068,CFKKRGACEDP-0068,Schedule D Part 1 Section 1 issuer-credit obligations owned,219,362591-AB-5,GSPPR LLC Class B Asset-Backed Notes,2.C,issuer_credit_or_corporate_bond,"7,138,024","7,138,024","6,886,765","7,138,781",7,candidate-first-four-column-map,candidate column assignment only; unresolved variance remains versus statutory bond base,inspect held long-token and short-token rows; use page-column geometry or tabula-style extraction for final reconciliation
CFKKRGACEDCR-0069,CFKKRGACEDP-0069,Schedule D Part 1 Section 1 issuer-credit obligations owned,219,362591-AC-3,GSPPR LLC Class C Asset-Backed Note,3.C,issuer_credit_or_corporate_bond,"1,523,685","1,523,685","1,521,552","1,523,996",7,candidate-first-four-column-map,candidate column assignment only; unresolved variance remains versus statutory bond base,inspect held long-token and short-token rows; use page-column geometry or tabula-style extraction for final reconciliation
CFKKRGACEDCR-0070,CFKKRGACEDP-0070,Schedule D Part 1 Section 1 issuer-credit obligations owned,219,362591-AD-1,GSPPR LLC Class D Asset-Backed Note,4.C,issuer_credit_or_corporate_bond,"1,099,376","1,099,376","1,088,383","1,099,376",7,candidate-first-four-column-map,candidate column assignment only; unresolved variance remains versus statutory bond base,inspect held long-token and short-token rows; use page-column geometry or tabula-style extraction for final reconciliation
CFKKRGACEDCR-0071,CFKKRGACEDP-0071,Schedule D Part 1 Section 1 issuer-credit obligations owned,219,36271M-AA-5,GSPWC 2023 LLC Class A Asset-Backed Note,2.C,issuer_credit_or_corporate_bond,"35,641,361","35,641,361","35,627,104","35,641,361",7,candidate-first-four-column-map,candidate column assignment only; unresolved variance remains versus statutory bond base,inspect held long-token and short-token rows; use page-column geometry or tabula-style extraction for final reconciliation
CFKKRGACEDCR-0072,CFKKRGACEDP-0072,Schedule D Part 1 Section 1 issuer-credit obligations owned,219,36271M-AB-3,GSPWC 2023 LLC Class B Asset-Backed Note,3.C,issuer_credit_or_corporate_bond,"3,140,000","3,140,000","3,102,006","3,140,000",7,candidate-first-four-column-map,candidate column assignment only; unresolved variance remains versus statutory bond base,inspect held long-token and short-token rows; use page-column geometry or tabula-style extraction for final reconciliation
CFKKRGACEDCR-0073,CFKKRGACEDP-0073,Schedule D Part 1 Section 1 issuer-credit obligations owned,219,36271M-AC-1,GSPWC 2023 LLC Class C Asset-Backed Note,4.C,issuer_credit_or_corporate_bond,"2,524,178","2,524,178","2,478,490","2,524,178",13,long-token-merged-row-review-hold,candidate column assignment only; unresolved variance remains versus statutory bond base,inspect held long-token and short-token rows; use page-column geometry or tabula-style extraction for final reconciliation
CFKKRGACEDCR-0074,CFKKRGACEDP-0074,Schedule D Part 1 Section 1 issuer-credit obligations owned,220,00037B-AF-9,ABB FINANCE (USA) INC,1.F,finance_company_or_funding_vehicle,"50,333","50,000","50,249","50,319",4,candidate-first-four-column-map,candidate column assignment only; unresolved variance remains versus statutory bond base,inspect held long-token and short-token rows; use page-column geometry or tabula-style extraction for final reconciliation
CFKKRGACEDCR-0075,CFKKRGACEDP-0075,Schedule D Part 1 Section 1 issuer-credit obligations owned,220,00084D-BA-7,ABN AMRO BANK NV,2.A,bank_or_financial_credit,"50,867","50,000","50,779","50,767",4,candidate-first-four-column-map,candidate column assignment only; unresolved variance remains versus statutory bond base,inspect held long-token and short-token rows; use page-column geometry or tabula-style extraction for final reconciliation
CFKKRGACEDCR-0076,CFKKRGACEDP-0076,Schedule D Part 1 Section 1 issuer-credit obligations owned,220,00108W-AJ-9,AEP TEXAS INC,2.A,issuer_credit_or_corporate_bond,"18,103,712","17,916,000","13,846,846","17,975,447",8,candidate-first-four-column-map,candidate column assignment only; unresolved variance remains versus statutory bond base,inspect held long-token and short-token rows; use page-column geometry or tabula-style extraction for final reconciliation
CFKKRGACEDCR-0077,CFKKRGACEDP-0077,Schedule D Part 1 Section 1 issuer-credit obligations owned,220,00115A-AM-1,AEP TRANSMISSION COMPANY LLC,2.A,issuer_credit_or_corporate_bond,"7,197,408","7,200,000","5,368,458","7,198,103",7,candidate-first-four-column-map,candidate column assignment only; unresolved variance remains versus statutory bond base,inspect held long-token and short-token rows; use page-column geometry or tabula-style extraction for final reconciliation
CFKKRGACEDCR-0078,CFKKRGACEDP-0078,Schedule D Part 1 Section 1 issuer-credit obligations owned,220,00135T-AD-6,AIB GROUP PLC,2.A,issuer_credit_or_corporate_bond,"532,640","500,000","531,130","531,604",6,candidate-first-four-column-map,candidate column assignment only; unresolved variance remains versus statutory bond base,inspect held long-token and short-token rows; use page-column geometry or tabula-style extraction for final reconciliation
CFKKRGACEDCR-0079,CFKKRGACEDP-0079,Schedule D Part 1 Section 1 issuer-credit obligations owned,220,00205G-AD-9,APA INFRASTRUCTURE LTD,2.B,issuer_credit_or_corporate_bond,"50,083","50,000","50,066","50,079",4,candidate-first-four-column-map,candidate column assignment only; unresolved variance remains versus statutory bond base,inspect held long-token and short-token rows; use page-column geometry or tabula-style extraction for final reconciliation
CFKKRGACEDCR-0080,CFKKRGACEDP-0080,Schedule D Part 1 Section 1 issuer-credit obligations owned,220,00206R-DJ-8,AT&T INC,2.B,issuer_credit_or_corporate_bond,"89,784","101,750","84,352","90,524",7,candidate-first-four-column-map,candidate column assignment only; unresolved variance remains versus statutory bond base,inspect held long-token and short-token rows; use page-column geometry or tabula-style extraction for final reconciliation
CFKKRGACEDCR-0081,CFKKRGACEDP-0081,Schedule D Part 1 Section 1 issuer-credit obligations owned,220,00206R-DK-5,AT&T INC,2.B,issuer_credit_or_corporate_bond,"19,769,000","20,000,000","16,566,536","19,797,005",8,candidate-first-four-column-map,candidate column assignment only; unresolved variance remains versus statutory bond base,inspect held long-token and short-token rows; use page-column geometry or tabula-style extraction for final reconciliation
CFKKRGACEDCR-0082,CFKKRGACEDP-0082,Schedule D Part 1 Section 1 issuer-credit obligations owned,220,00206R-DR-0,AT&T INC,2.B,issuer_credit_or_corporate_bond,"498,002","504,000","511,147","498,329",7,candidate-first-four-column-map,candidate column assignment only; unresolved variance remains versus statutory bond base,inspect held long-token and short-token rows; use page-column geometry or tabula-style extraction for final reconciliation
CFKKRGACEDCR-0083,CFKKRGACEDP-0083,Schedule D Part 1 Section 1 issuer-credit obligations owned,220,00206R-HK-1,AT&T INC,2.B,issuer_credit_or_corporate_bond,"113,383","121,000","115,413","113,794",7,candidate-first-four-column-map,candidate column assignment only; unresolved variance remains versus statutory bond base,inspect held long-token and short-token rows; use page-column geometry or tabula-style extraction for final reconciliation
CFKKRGACEDCR-0084,CFKKRGACEDP-0084,Schedule D Part 1 Section 1 issuer-credit obligations owned,220,00206R-JK-9,AT&T INC,2.B,issuer_credit_or_corporate_bond,"738,575","880,000","765,427","741,108",8,candidate-first-four-column-map,candidate column assignment only; unresolved variance remains versus statutory bond base,inspect held long-token and short-token rows; use page-column geometry or tabula-style extraction for final reconciliation
CFKKRGACEDCR-0085,CFKKRGACEDP-0085,Schedule D Part 1 Section 1 issuer-credit obligations owned,220,00206R-KA-9,AT&T INC,2.B,issuer_credit_or_corporate_bond,"24,318,413","25,700,000","18,085,959","24,157,343",8,candidate-first-four-column-map,candidate column assignment only; unresolved variance remains versus statutory bond base,inspect held long-token and short-token rows; use page-column geometry or tabula-style extraction for final reconciliation
CFKKRGACEDCR-0086,CFKKRGACEDP-0086,Schedule D Part 1 Section 1 issuer-credit obligations owned,220,00206R-KJ-0,AT&T INC,2.B,issuer_credit_or_corporate_bond,"5,451,282","7,342,000","4,917,161","5,534,247",8,candidate-first-four-column-map,candidate column assignment only; unresolved variance remains versus statutory bond base,inspect held long-token and short-token rows; use page-column geometry or tabula-style extraction for final reconciliation
CFKKRGACEDCR-0087,CFKKRGACEDP-0087,Schedule D Part 1 Section 1 issuer-credit obligations owned,220,00206R-LJ-9,AT&T INC,2.B,issuer_credit_or_corporate_bond,"7,132,106","9,687,000","6,455,147","7,244,533",8,candidate-first-four-column-map,candidate column assignment only; unresolved variance remains versus statutory bond base,inspect held long-token and short-token rows; use page-column geometry or tabula-style extraction for final reconciliation
CFKKRGACEDCR-0088,CFKKRGACEDP-0088,Schedule D Part 1 Section 1 issuer-credit obligations owned,220,00206R-LV-2,AT&T INC,2.B,issuer_credit_or_corporate_bond,"14,570,788","18,801,000","12,408,326","14,782,247",8,candidate-first-four-column-map,candidate column assignment only; unresolved variance remains versus statutory bond base,inspect held long-token and short-token rows; use page-column geometry or tabula-style extraction for final reconciliation
CFKKRGACEDCR-0089,CFKKRGACEDP-0089,Schedule D Part 1 Section 1 issuer-credit obligations owned,220,00206R-MY-5,AT&T INC,2.B,issuer_credit_or_corporate_bond,"326,602","320,000","328,040","326,426",5,candidate-first-four-column-map,candidate column assignment only; unresolved variance remains versus statutory bond base,inspect held long-token and short-token rows; use page-column geometry or tabula-style extraction for final reconciliation
CFKKRGACEDCR-0090,CFKKRGACEDP-0090,Schedule D Part 1 Section 1 issuer-credit obligations owned,220,002824-BH-2,ABBOTT LABORATORIES,1.D,issuer_credit_or_corporate_bond,"1,961","2,000","1,884","1,962",5,candidate-first-four-column-map,candidate column assignment only; unresolved variance remains versus statutory bond base,inspect held long-token and short-token rows; use page-column geometry or tabula-style extraction for final reconciliation
CFKKRGACEDCR-0091,CFKKRGACEDP-0091,Schedule D Part 1 Section 1 issuer-credit obligations owned,220,00287Y-AS-8,ABBVIE INC,1.G,issuer_credit_or_corporate_bond,"1,128,383","1,277,000","1,155,540","1,130,348",8,candidate-first-four-column-map,candidate column assignment only; unresolved variance remains versus statutory bond base,inspect held long-token and short-token rows; use page-column geometry or tabula-style extraction for final reconciliation
CFKKRGACEDCR-0092,CFKKRGACEDP-0092,Schedule D Part 1 Section 1 issuer-credit obligations owned,220,00287Y-AV-1,ABBVIE INC,1.G,issuer_credit_or_corporate_bond,"1,408,564","1,512,000","1,451,302","1,414,043",8,candidate-first-four-column-map,candidate column assignment only; unresolved variance remains versus statutory bond base,inspect held long-token and short-token rows; use page-column geometry or tabula-style extraction for final reconciliation
CFKKRGACEDCR-0093,CFKKRGACEDP-0093,Schedule D Part 1 Section 1 issuer-credit obligations owned,220,00287Y-BD-0,ABBVIE INC,1.G,issuer_credit_or_corporate_bond,"26,727,454","24,792,000","22,595,413","26,495,079",8,candidate-first-four-column-map,candidate column assignment only; unresolved variance remains versus statutory bond base,inspect held long-token and short-token rows; use page-column geometry or tabula-style extraction for final reconciliation
CFKKRGACEDCR-0094,CFKKRGACEDP-0094,Schedule D Part 1 Section 1 issuer-credit obligations owned,220,00287Y-CB-3,ABBVIE INC,1.G,issuer_credit_or_corporate_bond,"9,994,140","10,000,000","8,241,955","9,995,091",7,candidate-first-four-column-map,candidate column assignment only; unresolved variance remains versus statutory bond base,inspect held long-token and short-token rows; use page-column geometry or tabula-style extraction for final reconciliation
CFKKRGACEDCR-0095,CFKKRGACEDP-0095,Schedule D Part 1 Section 1 issuer-credit obligations owned,220,00287Y-DA-4,ABBVIE INC,1.G,issuer_credit_or_corporate_bond,"8,450,985","8,375,000","7,761,987","8,440,871",7,candidate-first-four-column-map,candidate column assignment only; unresolved variance remains versus statutory bond base,inspect held long-token and short-token rows; use page-column geometry or tabula-style extraction for final reconciliation
CFKKRGACEDCR-0096,CFKKRGACEDP-0096,Schedule D Part 1 Section 1 issuer-credit obligations owned,220,00287Y-DV-8,ABBVIE INC,1.G,issuer_credit_or_corporate_bond,"3,201,332","3,370,000","3,332,220","3,204,856",8,candidate-first-four-column-map,candidate column assignment only; unresolved variance remains versus statutory bond base,inspect held long-token and short-token rows; use page-column geometry or tabula-style extraction for final reconciliation
CFKKRGACEDCR-0097,CFKKRGACEDP-0097,Schedule D Part 1 Section 1 issuer-credit obligations owned,220,00287Y-DW-6,ABBVIE INC,1.G,issuer_credit_or_corporate_bond,"18,759,496","19,196,000","18,678,532","18,766,840",8,candidate-first-four-column-map,candidate column assignment only; unresolved variance remains versus statutory bond base,inspect held long-token and short-token rows; use page-column geometry or tabula-style extraction for final reconciliation
CFKKRGACEDCR-0098,CFKKRGACEDP-0098,Schedule D Part 1 Section 1 issuer-credit obligations owned,220,007903-BG-1,ADVANCED MICRO DEVICES INC,1.F,issuer_credit_or_corporate_bond,"1,359,033","1,500,000","1,278,371","1,365,844",8,candidate-first-four-column-map,candidate column assignment only; unresolved variance remains versus statutory bond base,inspect held long-token and short-token rows; use page-column geometry or tabula-style extraction for final reconciliation
CFKKRGACEDCR-0099,CFKKRGACEDP-0099,Schedule D Part 1 Section 1 issuer-credit obligations owned,220,007924-AJ-2,AEGON LTD,2.C,issuer_credit_or_corporate_bond,"50,649","50,000","50,675","50,629",4,candidate-first-four-column-map,candidate column assignment only; unresolved variance remains versus statutory bond base,inspect held long-token and short-token rows; use page-column geometry or tabula-style extraction for final reconciliation
CFKKRGACEDCR-0100,CFKKRGACEDP-0100,Schedule D Part 1 Section 1 issuer-credit obligations owned,220,007944-AG-6,ADVENTIST HEALTH SYSTEM/WEST,2.A,issuer_credit_or_corporate_bond,"10,030,700","10,000,000","6,901,390","10,026,679",6,candidate-first-four-column-map,candidate column assignment only; unresolved variance remains versus statutory bond base,inspect held long-token and short-token rows; use page-column geometry or tabula-style extraction for final reconciliation
CFKKRGACEDCR-0101,CFKKRGACEDP-0101,Schedule D Part 1 Section 1 issuer-credit obligations owned,220,00817Y-AJ-7,AETNA INC,2.B,issuer_credit_or_corporate_bond,"5,539,900","5,000,000","4,304,882","5,396,409",7,candidate-first-four-column-map,candidate column assignment only; unresolved variance remains versus statutory bond base,inspect held long-token and short-token rows; use page-column geometry or tabula-style extraction for final reconciliation
CFKKRGACEDCR-0102,CFKKRGACEDP-0102,Schedule D Part 1 Section 1 issuer-credit obligations owned,220,00817Y-AZ-1,AETNA INC,2.B,issuer_credit_or_corporate_bond,"2,812,695","3,000,000","2,249,470","2,818,461",8,candidate-first-four-column-map,candidate column assignment only; unresolved variance remains versus statutory bond base,inspect held long-token and short-token rows; use page-column geometry or tabula-style extraction for final reconciliation
CFKKRGACEDCR-0103,CFKKRGACEDP-0103,Schedule D Part 1 Section 1 issuer-credit obligations owned,220,008513-AF-0,AGREE LP,2.A,issuer_credit_or_corporate_bond,"52,771","50,000","52,501","52,750",5,candidate-first-four-column-map,candidate column assignment only; unresolved variance remains versus statutory bond base,inspect held long-token and short-token rows; use page-column geometry or tabula-style extraction for final reconciliation
CFKKRGACEDCR-0104,CFKKRGACEDP-0104,Schedule D Part 1 Section 1 issuer-credit obligations owned,220,009158-BA-3,AIR PRODUCTS AND CHEMICALS INC,1.F,issuer_credit_or_corporate_bond,"1,109,218","1,100,000","703,877","1,108,261",6,candidate-first-four-column-map,candidate column assignment only; unresolved variance remains versus statutory bond base,inspect held long-token and short-token rows; use page-column geometry or tabula-style extraction for final reconciliation
CFKKRGACEDCR-0105,CFKKRGACEDP-0105,Schedule D Part 1 Section 1 issuer-credit obligations owned,220,009279-AC-4,AIRBUS SE,1.F,issuer_credit_or_corporate_bond,"42,014","50,000","41,098","42,034",5,candidate-first-four-column-map,candidate column assignment only; unresolved variance remains versus statutory bond base,inspect held long-token and short-token rows; use page-column geometry or tabula-style extraction for final reconciliation
CFKKRGACEDCR-0106,CFKKRGACEDP-0106,Schedule D Part 1 Section 1 issuer-credit obligations owned,220,00973R-AF-0,AKER BP ASA,2.B,issuer_credit_or_corporate_bond,"484,825","500,000","484,043","485,149",6,candidate-first-four-column-map,candidate column assignment only; unresolved variance remains versus statutory bond base,inspect held long-token and short-token rows; use page-column geometry or tabula-style extraction for final reconciliation
CFKKRGACEDCR-0107,CFKKRGACEDP-0107,Schedule D Part 1 Section 1 issuer-credit obligations owned,220,012725-AD-9,ALBEMARLE CORP,2.C,issuer_credit_or_corporate_bond,"18,173,305","16,425,000","15,006,919","17,795,665",8,candidate-first-four-column-map,candidate column assignment only; unresolved variance remains versus statutory bond base,inspect held long-token and short-token rows; use page-column geometry or tabula-style extraction for final reconciliation
CFKKRGACEDCR-0108,CFKKRGACEDP-0108,Schedule D Part 1 Section 1 issuer-credit obligations owned,220,01400E-AF-0,ALCON FINANCE CORP,2.A,finance_company_or_funding_vehicle,"414,214","417,000","423,154","414,303",7,candidate-first-four-column-map,candidate column assignment only; unresolved variance remains versus statutory bond base,inspect held long-token and short-token rows; use page-column geometry or tabula-style extraction for final reconciliation
CFKKRGACEDCR-0109,CFKKRGACEDP-0109,Schedule D Part 1 Section 1 issuer-credit obligations owned,220,015271-AX-7,ALEXANDRIA REAL ESTATE EQUITIES INC,2.A,issuer_credit_or_corporate_bond,"815,266","1,225,000","750,015","835,089",8,candidate-first-four-column-map,candidate column assignment only; unresolved variance remains versus statutory bond base,inspect held long-token and short-token rows; use page-column geometry or tabula-style extraction for final reconciliation
CFKKRGACEDCR-0110,CFKKRGACEDP-0110,Schedule D Part 1 Section 1 issuer-credit obligations owned,220,01626P-AN-6,ALIMENTATION COUCHE-TARD INC,2.A,issuer_credit_or_corporate_bond,"7,591,746","9,450,800","7,059,690","7,647,993",8,candidate-first-four-column-map,candidate column assignment only; unresolved variance remains versus statutory bond base,inspect held long-token and short-token rows; use page-column geometry or tabula-style extraction for final reconciliation
CFKKRGACEDCR-0111,CFKKRGACEDP-0111,Schedule D Part 1 Section 1 issuer-credit obligations owned,220,01626P-AQ-9,ALIMENTATION COUCHE-TARD INC,2.A,issuer_credit_or_corporate_bond,"1,804,018","1,680,000","1,205,878","1,791,983",7,candidate-first-four-column-map,candidate column assignment only; unresolved variance remains versus statutory bond base,inspect held long-token and short-token rows; use page-column geometry or tabula-style extraction for final reconciliation
CFKKRGACEDCR-0112,CFKKRGACEDP-0112,Schedule D Part 1 Section 1 issuer-credit obligations owned,220,01626P-AU-0,ALIMENTATION COUCHE-TARD INC,2.A,issuer_credit_or_corporate_bond,"660,287","672,000","688,922","661,156",7,candidate-first-four-column-map,candidate column assignment only; unresolved variance remains versus statutory bond base,inspect held long-token and short-token rows; use page-column geometry or tabula-style extraction for final reconciliation
CFKKRGACEDCR-0113,CFKKRGACEDP-0113,Schedule D Part 1 Section 1 issuer-credit obligations owned,220,01626P-AV-8,ALIMENTATION COUCHE-TARD INC,2.A,issuer_credit_or_corporate_bond,"10,528,634","11,048,000","10,946,249","10,536,117",8,candidate-first-four-column-map,candidate column assignment only; unresolved variance remains versus statutory bond base,inspect held long-token and short-token rows; use page-column geometry or tabula-style extraction for final reconciliation
CFKKRGACEDCR-0114,CFKKRGACEDP-0114,Schedule D Part 1 Section 1 issuer-credit obligations owned,220,017175-AF-7,ALLEGHANY CORP,1.E,issuer_credit_or_corporate_bond,"34,645","50,000","33,779","34,672",5,candidate-first-four-column-map,candidate column assignment only; unresolved variance remains versus statutory bond base,inspect held long-token and short-token rows; use page-column geometry or tabula-style extraction for final reconciliation
CFKKRGACEDCR-0115,CFKKRGACEDP-0115,Schedule D Part 1 Section 1 issuer-credit obligations owned,220,01748T-AB-7,ALLEGION PLC,2.B,issuer_credit_or_corporate_bond,"48,666","50,000","48,826","48,696",5,candidate-first-four-column-map,candidate column assignment only; unresolved variance remains versus statutory bond base,inspect held long-token and short-token rows; use page-column geometry or tabula-style extraction for final reconciliation
CFKKRGACEDCR-0116,CFKKRGACEDP-0116,Schedule D Part 1 Section 1 issuer-credit obligations owned,220,020002-BC-4,ALLSTATE CORP,2.A,issuer_credit_or_corporate_bond,"44,659","55,000","45,338","44,790",6,candidate-first-four-column-map,candidate column assignment only; unresolved variance remains versus statutory bond base,inspect held long-token and short-token rows; use page-column geometry or tabula-style extraction for final reconciliation
CFKKRGACEDCR-0117,CFKKRGACEDP-0117,Schedule D Part 1 Section 1 issuer-credit obligations owned,221,020002-BG-5,ALLSTATE CORP,2.A,issuer_credit_or_corporate_bond,"6,065","8,000","6,115","6,085",5,candidate-first-four-column-map,candidate column assignment only; unresolved variance remains versus statutory bond base,inspect held long-token and short-token rows; use page-column geometry or tabula-style extraction for final reconciliation
CFKKRGACEDCR-0118,CFKKRGACEDP-0118,Schedule D Part 1 Section 1 issuer-credit obligations owned,221,02005N-BS-8,ALLY FINANCIAL INC,3.A,issuer_credit_or_corporate_bond,"5,930,908","5,669,000","5,930,577","5,929,962",5,candidate-first-four-column-map,candidate column assignment only; unresolved variance remains versus statutory bond base,inspect held long-token and short-token rows; use page-column geometry or tabula-style extraction for final reconciliation
CFKKRGACEDCR-0119,CFKKRGACEDP-0119,Schedule D Part 1 Section 1 issuer-credit obligations owned,221,02079K-AN-7,ALPHABET INC,1.C,issuer_credit_or_corporate_bond,"122,227","124,000","116,712","122,229",5,candidate-first-four-column-map,candidate column assignment only; unresolved variance remains versus statutory bond base,inspect held long-token and short-token rows; use page-column geometry or tabula-style extraction for final reconciliation
CFKKRGACEDCR-0120,CFKKRGACEDP-0120,Schedule D Part 1 Section 1 issuer-credit obligations owned,221,02209S-BK-8,ALTRIA GROUP INC,2.B,issuer_credit_or_corporate_bond,"14,879,700","15,000,000","12,070,528","14,893,121",8,candidate-first-four-column-map,candidate column assignment only; unresolved variance remains versus statutory bond base,inspect held long-token and short-token rows; use page-column geometry or tabula-style extraction for final reconciliation
CFKKRGACEDCR-0121,CFKKRGACEDP-0121,Schedule D Part 1 Section 1 issuer-credit obligations owned,221,02209S-BL-6,ALTRIA GROUP INC,2.B,issuer_credit_or_corporate_bond,"5,014,741","5,669,000","5,018,683","5,017,990",7,candidate-first-four-column-map,candidate column assignment only; unresolved variance remains versus statutory bond base,inspect held long-token and short-token rows; use page-column geometry or tabula-style extraction for final reconciliation
CFKKRGACEDCR-0122,CFKKRGACEDP-0122,Schedule D Part 1 Section 1 issuer-credit obligations owned,221,023135-AQ-9,AMAZON.COM INC,1.E,issuer_credit_or_corporate_bond,"2,503,290","1,999,000","1,924,224","2,407,953",8,candidate-first-four-column-map,candidate column assignment only; unresolved variance remains versus statutory bond base,inspect held long-token and short-token rows; use page-column geometry or tabula-style extraction for final reconciliation
CFKKRGACEDCR-0123,CFKKRGACEDP-0123,Schedule D Part 1 Section 1 issuer-credit obligations owned,221,023135-BJ-4,AMAZON.COM INC,1.E,issuer_credit_or_corporate_bond,"11,856,811","11,500,000","9,454,500","11,796,385",8,candidate-first-four-column-map,candidate column assignment only; unresolved variance remains versus statutory bond base,inspect held long-token and short-token rows; use page-column geometry or tabula-style extraction for final reconciliation
CFKKRGACEDCR-0124,CFKKRGACEDP-0124,Schedule D Part 1 Section 1 issuer-credit obligations owned,221,023135-BM-7,AMAZON.COM INC,1.E,issuer_credit_or_corporate_bond,"19,912,879","20,000,000","16,050,646","19,924,698",8,candidate-first-four-column-map,candidate column assignment only; unresolved variance remains versus statutory bond base,inspect held long-token and short-token rows; use page-column geometry or tabula-style extraction for final reconciliation
CFKKRGACEDCR-0125,CFKKRGACEDP-0125,Schedule D Part 1 Section 1 issuer-credit obligations owned,221,025537-AP-6,AMERICAN ELECTRIC POWER COMPANY INC,2.B,utility_or_energy_credit,"4,901,124","4,380,000","2,932,311","4,835,937",7,candidate-first-four-column-map,candidate column assignment only; unresolved variance remains versus statutory bond base,inspect held long-token and short-token rows; use page-column geometry or tabula-style extraction for final reconciliation
CFKKRGACEDCR-0126,CFKKRGACEDP-0126,Schedule D Part 1 Section 1 issuer-credit obligations owned,221,025537-AX-9,AMERICAN ELECTRIC POWER COMPANY INC,2.B,utility_or_energy_credit,"5,966,169","5,669,000","5,958,126","5,964,937",6,candidate-first-four-column-map,candidate column assignment only; unresolved variance remains versus statutory bond base,inspect held long-token and short-token rows; use page-column geometry or tabula-style extraction for final reconciliation
CFKKRGACEDCR-0127,CFKKRGACEDP-0127,Schedule D Part 1 Section 1 issuer-credit obligations owned,221,025816-BF-5,AMERICAN EXPRESS CO,1.F,issuer_credit_or_corporate_bond,"2,406,872","2,450,000","2,113,567","2,416,185",8,candidate-first-four-column-map,candidate column assignment only; unresolved variance remains versus statutory bond base,inspect held long-token and short-token rows; use page-column geometry or tabula-style extraction for final reconciliation
CFKKRGACEDCR-0128,CFKKRGACEDP-0128,Schedule D Part 1 Section 1 issuer-credit obligations owned,221,025816-DN-6,AMERICAN EXPRESS CO,1.F,issuer_credit_or_corporate_bond,"41,703","39,000","42,613","41,319",5,candidate-first-four-column-map,candidate column assignment only; unresolved variance remains versus statutory bond base,inspect held long-token and short-token rows; use page-column geometry or tabula-style extraction for final reconciliation
CFKKRGACEDCR-0129,CFKKRGACEDP-0129,Schedule D Part 1 Section 1 issuer-credit obligations owned,221,025932-AQ-7,AMERICAN FINANCIAL GROUP INC,2.A,issuer_credit_or_corporate_bond,"49,157","50,000","49,194","49,164",5,candidate-first-four-column-map,candidate column assignment only; unresolved variance remains versus statutory bond base,inspect held long-token and short-token rows; use page-column geometry or tabula-style extraction for final reconciliation
CFKKRGACEDCR-0130,CFKKRGACEDP-0130,Schedule D Part 1 Section 1 issuer-credit obligations owned,221,02665W-GF-2,AMERICAN HONDA FINANCE CORP,1.G,finance_company_or_funding_vehicle,"51,623","50,000","51,402","51,605",6,candidate-first-four-column-map,candidate column assignment only; unresolved variance remains versus statutory bond base,inspect held long-token and short-token rows; use page-column geometry or tabula-style extraction for final reconciliation
CFKKRGACEDCR-0131,CFKKRGACEDP-0131,Schedule D Part 1 Section 1 issuer-credit obligations owned,221,02666T-AG-2,AMERICAN HOMES 4 RENT LP,2.B,issuer_credit_or_corporate_bond,"158,624","153,000","158,432","158,578",5,candidate-first-four-column-map,candidate column assignment only; unresolved variance remains versus statutory bond base,inspect held long-token and short-token rows; use page-column geometry or tabula-style extraction for final reconciliation
CFKKRGACEDCR-0132,CFKKRGACEDP-0132,Schedule D Part 1 Section 1 issuer-credit obligations owned,221,03027X-BD-1,AMERICAN TOWER CORP,2.A,issuer_credit_or_corporate_bond,"2,755,380","3,000,000","1,973,461","2,780,279",8,candidate-first-four-column-map,candidate column assignment only; unresolved variance remains versus statutory bond base,inspect held long-token and short-token rows; use page-column geometry or tabula-style extraction for final reconciliation
CFKKRGACEDCR-0133,CFKKRGACEDP-0133,Schedule D Part 1 Section 1 issuer-credit obligations owned,221,03040W-AT-2,AMERICAN WATER CAPITAL CORP,2.A,finance_company_or_funding_vehicle,"8,133,600","8,000,000","6,549,520","8,115,410",7,candidate-first-four-column-map,candidate column assignment only; unresolved variance remains versus statutory bond base,inspect held long-token and short-token rows; use page-column geometry or tabula-style extraction for final reconciliation
CFKKRGACEDCR-0134,CFKKRGACEDP-0134,Schedule D Part 1 Section 1 issuer-credit obligations owned,221,03040W-AZ-8,AMERICAN WATER CAPITAL CORP,2.A,finance_company_or_funding_vehicle,"3,493,299","4,880,000","3,318,570","3,566,027",8,candidate-first-four-column-map,candidate column assignment only; unresolved variance remains versus statutory bond base,inspect held long-token and short-token rows; use page-column geometry or tabula-style extraction for final reconciliation
CFKKRGACEDCR-0135,CFKKRGACEDP-0135,Schedule D Part 1 Section 1 issuer-credit obligations owned,221,03073E-AN-5,CENCORA INC,2.A,issuer_credit_or_corporate_bond,"10,007,039","10,500,000","8,922,551","10,023,852",8,candidate-first-four-column-map,candidate column assignment only; unresolved variance remains versus statutory bond base,inspect held long-token and short-token rows; use page-column geometry or tabula-style extraction for final reconciliation
CFKKRGACEDCR-0136,CFKKRGACEDP-0136,Schedule D Part 1 Section 1 issuer-credit obligations owned,221,03076C-AN-6,AMERIPRISE FINANCIAL INC,1.G,issuer_credit_or_corporate_bond,"52,492","50,000","52,426","52,418",5,candidate-first-four-column-map,candidate column assignment only; unresolved variance remains versus statutory bond base,inspect held long-token and short-token rows; use page-column geometry or tabula-style extraction for final reconciliation
CFKKRGACEDCR-0137,CFKKRGACEDP-0137,Schedule D Part 1 Section 1 issuer-credit obligations owned,221,031162-BE-9,AMGEN INC,2.A,issuer_credit_or_corporate_bond,"11,465,436","9,000,000","8,540,516","10,995,605",8,candidate-first-four-column-map,candidate column assignment only; unresolved variance remains versus statutory bond base,inspect held long-token and short-token rows; use page-column geometry or tabula-style extraction for final reconciliation
CFKKRGACEDCR-0138,CFKKRGACEDP-0138,Schedule D Part 1 Section 1 issuer-credit obligations owned,221,031162-BZ-2,AMGEN INC,2.A,issuer_credit_or_corporate_bond,"19,806,267","21,751,000","18,614,894","19,983,688",8,candidate-first-four-column-map,candidate column assignment only; unresolved variance remains versus statutory bond base,inspect held long-token and short-token rows; use page-column geometry or tabula-style extraction for final reconciliation
CFKKRGACEDCR-0139,CFKKRGACEDP-0139,Schedule D Part 1 Section 1 issuer-credit obligations owned,221,031162-CD-0,AMGEN INC,2.A,issuer_credit_or_corporate_bond,"16,136,907","12,782,000","10,940,794","15,678,440",7,candidate-first-four-column-map,candidate column assignment only; unresolved variance remains versus statutory bond base,inspect held long-token and short-token rows; use page-column geometry or tabula-style extraction for final reconciliation
CFKKRGACEDCR-0140,CFKKRGACEDP-0140,Schedule D Part 1 Section 1 issuer-credit obligations owned,221,031162-CF-5,AMGEN INC,2.A,issuer_credit_or_corporate_bond,"14,536,950","15,000,000","12,847,428","14,508,666",8,candidate-first-four-column-map,candidate column assignment only; unresolved variance remains versus statutory bond base,inspect held long-token and short-token rows; use page-column geometry or tabula-style extraction for final reconciliation
CFKKRGACEDCR-0141,CFKKRGACEDP-0141,Schedule D Part 1 Section 1 issuer-credit obligations owned,221,031162-CY-4,AMGEN INC,2.A,issuer_credit_or_corporate_bond,"7,928,000","7,928,000","4,728,082","7,928,000",7,candidate-first-four-column-map,candidate column assignment only; unresolved variance remains versus statutory bond base,inspect held long-token and short-token rows; use page-column geometry or tabula-style extraction for final reconciliation
CFKKRGACEDCR-0142,CFKKRGACEDP-0142,Schedule D Part 1 Section 1 issuer-credit obligations owned,221,031162-DF-4,AMGEN INC,2.A,issuer_credit_or_corporate_bond,"441,401","583,000","465,160","442,808",8,candidate-first-four-column-map,candidate column assignment only; unresolved variance remains versus statutory bond base,inspect held long-token and short-token rows; use page-column geometry or tabula-style extraction for final reconciliation
CFKKRGACEDCR-0143,CFKKRGACEDP-0143,Schedule D Part 1 Section 1 issuer-credit obligations owned,221,031162-DK-3,AMGEN INC,2.A,issuer_credit_or_corporate_bond,"2,691,583","2,995,000","2,638,113","2,698,624",8,candidate-first-four-column-map,candidate column assignment only; unresolved variance remains versus statutory bond base,inspect held long-token and short-token rows; use page-column geometry or tabula-style extraction for final reconciliation
CFKKRGACEDCR-0144,CFKKRGACEDP-0144,Schedule D Part 1 Section 1 issuer-credit obligations owned,221,031162-DT-4,AMGEN INC,2.A,issuer_credit_or_corporate_bond,"2,121,448","2,176,000","2,132,205","2,122,358",7,candidate-first-four-column-map,candidate column assignment only; unresolved variance remains versus statutory bond base,inspect held long-token and short-token rows; use page-column geometry or tabula-style extraction for final reconciliation
CFKKRGACEDCR-0145,CFKKRGACEDP-0145,Schedule D Part 1 Section 1 issuer-credit obligations owned,221,031162-DU-1,AMGEN INC,2.A,issuer_credit_or_corporate_bond,"696,225","680,000","664,018","696,237",5,candidate-first-four-column-map,candidate column assignment only; unresolved variance remains versus statutory bond base,inspect held long-token and short-token rows; use page-column geometry or tabula-style extraction for final reconciliation
CFKKRGACEDCR-0146,CFKKRGACEDP-0146,Schedule D Part 1 Section 1 issuer-credit obligations owned,221,032654-AK-1,ANALOG DEVICES INC,1.G,issuer_credit_or_corporate_bond,"1,066,704","1,000,000","975,784","1,061,119",7,candidate-first-four-column-map,candidate column assignment only; unresolved variance remains versus statutory bond base,inspect held long-token and short-token rows; use page-column geometry or tabula-style extraction for final reconciliation
CFKKRGACEDCR-0147,CFKKRGACEDP-0147,Schedule D Part 1 Section 1 issuer-credit obligations owned,221,032654-BC-8,ANALOG DEVICES INC,1.G,issuer_credit_or_corporate_bond,"8,251,103","8,547,000","8,233,657","8,255,871",8,candidate-first-four-column-map,candidate column assignment only; unresolved variance remains versus statutory bond base,inspect held long-token and short-token rows; use page-column geometry or tabula-style extraction for final reconciliation
CFKKRGACEDCR-0148,CFKKRGACEDP-0148,Schedule D Part 1 Section 1 issuer-credit obligations owned,221,034863-AY-6,ANGLO AMERICAN CAPITAL PLC,2.B,finance_company_or_funding_vehicle,"7,392,225","7,500,000","5,657,674","7,403,683",8,candidate-first-four-column-map,candidate column assignment only; unresolved variance remains versus statutory bond base,inspect held long-token and short-token rows; use page-column geometry or tabula-style extraction for final reconciliation
CFKKRGACEDCR-0149,CFKKRGACEDP-0149,Schedule D Part 1 Section 1 issuer-credit obligations owned,221,03522A-AJ-9,ANHEUSER-BUSCH COMPANIES LLC,1.G,issuer_credit_or_corporate_bond,"460,280","510,000","471,985","460,873",7,candidate-first-four-column-map,candidate column assignment only; unresolved variance remains versus statutory bond base,inspect held long-token and short-token rows; use page-column geometry or tabula-style extraction for final reconciliation
CFKKRGACEDCR-0150,CFKKRGACEDP-0150,Schedule D Part 1 Section 1 issuer-credit obligations owned,221,03523T-BF-4,ANHEUSER-BUSCH INBEV WORLDWIDE INC,1.G,issuer_credit_or_corporate_bond,"79,217","63,000","81,316","78,481",7,candidate-first-four-column-map,candidate column assignment only; unresolved variance remains versus statutory bond base,inspect held long-token and short-token rows; use page-column geometry or tabula-style extraction for final reconciliation
CFKKRGACEDCR-0151,CFKKRGACEDP-0151,Schedule D Part 1 Section 1 issuer-credit obligations owned,221,03523T-BT-4,ANHEUSER-BUSCH INBEV WORLDWIDE INC,1.G,issuer_credit_or_corporate_bond,"2,498,000","2,498,000","2,150,469","2,498,000",7,candidate-first-four-column-map,candidate column assignment only; unresolved variance remains versus statutory bond base,inspect held long-token and short-token rows; use page-column geometry or tabula-style extraction for final reconciliation
CFKKRGACEDCR-0152,CFKKRGACEDP-0152,Schedule D Part 1 Section 1 issuer-credit obligations owned,221,03523T-BV-9,ANHEUSER-BUSCH INBEV WORLDWIDE INC,1.G,issuer_credit_or_corporate_bond,"33,900,335","25,000,000","24,974,762","33,345,124",8,candidate-first-four-column-map,candidate column assignment only; unresolved variance remains versus statutory bond base,inspect held long-token and short-token rows; use page-column geometry or tabula-style extraction for final reconciliation
CFKKRGACEDCR-0153,CFKKRGACEDP-0153,Schedule D Part 1 Section 1 issuer-credit obligations owned,221,03523T-BW-7,ANHEUSER-BUSCH INBEV WORLDWIDE INC,1.G,issuer_credit_or_corporate_bond,"7,340,409","7,159,000","7,326,530","7,339,138",7,candidate-first-four-column-map,candidate column assignment only; unresolved variance remains versus statutory bond base,inspect held long-token and short-token rows; use page-column geometry or tabula-style extraction for final reconciliation
CFKKRGACEDCR-0154,CFKKRGACEDP-0154,Schedule D Part 1 Section 1 issuer-credit obligations owned,221,035240-AG-5,ANHEUSER-BUSCH INBEV WORLDWIDE INC,1.G,issuer_credit_or_corporate_bond,"3,244,429","3,000,000","2,870,836","3,193,106",8,candidate-first-four-column-map,candidate column assignment only; unresolved variance remains versus statutory bond base,inspect held long-token and short-token rows; use page-column geometry or tabula-style extraction for final reconciliation
CFKKRGACEDCR-0155,CFKKRGACEDP-0155,Schedule D Part 1 Section 1 issuer-credit obligations owned,221,035240-AN-0,ANHEUSER-BUSCH INBEV WORLDWIDE INC,1.G,issuer_credit_or_corporate_bond,"13,117,286","12,900,000","11,420,794","13,092,613",8,candidate-first-four-column-map,candidate column assignment only; unresolved variance remains versus statutory bond base,inspect held long-token and short-token rows; use page-column geometry or tabula-style extraction for final reconciliation
CFKKRGACEDCR-0156,CFKKRGACEDP-0156,Schedule D Part 1 Section 1 issuer-credit obligations owned,221,035242-AN-6,ANHEUSER-BUSCH INBEV FINANCE INC,1.G,finance_company_or_funding_vehicle,"360,412","400,000","370,135","360,883",7,candidate-first-four-column-map,candidate column assignment only; unresolved variance remains versus statutory bond base,inspect held long-token and short-token rows; use page-column geometry or tabula-style extraction for final reconciliation
CFKKRGACEDCR-0157,CFKKRGACEDP-0157,Schedule D Part 1 Section 1 issuer-credit obligations owned,221,036752-AD-5,ELEVANCE HEALTH INC,2.A,issuer_credit_or_corporate_bond,"12,464,817","11,925,000","9,907,959","12,384,869",7,candidate-first-four-column-map,candidate column assignment only; unresolved variance remains versus statutory bond base,inspect held long-token and short-token rows; use page-column geometry or tabula-style extraction for final reconciliation
CFKKRGACEDCR-0158,CFKKRGACEDP-0158,Schedule D Part 1 Section 1 issuer-credit obligations owned,221,036752-AM-5,ELEVANCE HEALTH INC,2.A,issuer_credit_or_corporate_bond,"6,950,261","8,055,000","5,293,093","6,956,230",8,candidate-first-four-column-map,candidate column assignment only; unresolved variance remains versus statutory bond base,inspect held long-token and short-token rows; use page-column geometry or tabula-style extraction for final reconciliation
CFKKRGACEDCR-0159,CFKKRGACEDP-0159,Schedule D Part 1 Section 1 issuer-credit obligations owned,221,036752-AS-2,ELEVANCE HEALTH INC,2.A,issuer_credit_or_corporate_bond,"23,691,769","24,999,000","17,880,375","23,650,804",8,candidate-first-four-column-map,candidate column assignment only; unresolved variance remains versus statutory bond base,inspect held long-token and short-token rows; use page-column geometry or tabula-style extraction for final reconciliation
CFKKRGACEDCR-0160,CFKKRGACEDP-0160,Schedule D Part 1 Section 1 issuer-credit obligations owned,221,036752-AU-7,ELEVANCE HEALTH INC,2.A,issuer_credit_or_corporate_bond,"3,925,196","4,787,000","3,987,043","3,938,191",8,candidate-first-four-column-map,candidate column assignment only; unresolved variance remains versus statutory bond base,inspect held long-token and short-token rows; use page-column geometry or tabula-style extraction for final reconciliation
CFKKRGACEDCR-0161,CFKKRGACEDP-0161,Schedule D Part 1 Section 1 issuer-credit obligations owned,221,036752-AX-1,ELEVANCE HEALTH INC,2.A,issuer_credit_or_corporate_bond,"3,393,930","3,315,000","3,431,628","3,393,262",6,candidate-first-four-column-map,candidate column assignment only; unresolved variance remains versus statutory bond base,inspect held long-token and short-token rows; use page-column geometry or tabula-style extraction for final reconciliation
CFKKRGACEDCR-0162,CFKKRGACEDP-0162,Schedule D Part 1 Section 1 issuer-credit obligations owned,222,03740L-AB-8,AON CORP,2.A,issuer_credit_or_corporate_bond,"4,910","8,000","4,983","4,936",5,candidate-first-four-column-map,candidate column assignment only; unresolved variance remains versus statutory bond base,inspect held long-token and short-token rows; use page-column geometry or tabula-style extraction for final reconciliation
CFKKRGACEDCR-0163,CFKKRGACEDP-0163,Schedule D Part 1 Section 1 issuer-credit obligations owned,222,03740L-AE-2,AON CORP,2.A,issuer_credit_or_corporate_bond,"5,879","8,000","6,018","5,896",5,candidate-first-four-column-map,candidate column assignment only; unresolved variance remains versus statutory bond base,inspect held long-token and short-token rows; use page-column geometry or tabula-style extraction for final reconciliation
CFKKRGACEDCR-0164,CFKKRGACEDP-0164,Schedule D Part 1 Section 1 issuer-credit obligations owned,222,03740M-AF-7,AON NORTH AMERICA INC,2.A,issuer_credit_or_corporate_bond,"109,608","112,000","111,515","109,635",7,candidate-first-four-column-map,candidate column assignment only; unresolved variance remains versus statutory bond base,inspect held long-token and short-token rows; use page-column geometry or tabula-style extraction for final reconciliation
CFKKRGACEDCR-0165,CFKKRGACEDP-0165,Schedule D Part 1 Section 1 issuer-credit obligations owned,222,03770D-AE-3,APOLLO DEBT SOLUTIONS BDC,2.C,issuer_credit_or_corporate_bond,"52,038","50,000","51,617","52,013",4,candidate-first-four-column-map,candidate column assignment only; unresolved variance remains versus statutory bond base,inspect held long-token and short-token rows; use page-column geometry or tabula-style extraction for final reconciliation
CFKKRGACEDCR-0166,CFKKRGACEDP-0166,Schedule D Part 1 Section 1 issuer-credit obligations owned,222,037735-CV-7,APPALACHIAN POWER CO,2.A,issuer_credit_or_corporate_bond,"14,864,188","15,369,000","12,875,924","14,794,622",8,candidate-first-four-column-map,candidate column assignment only; unresolved variance remains versus statutory bond base,inspect held long-token and short-token rows; use page-column geometry or tabula-style extraction for final reconciliation
CFKKRGACEDCR-0167,CFKKRGACEDP-0167,Schedule D Part 1 Section 1 issuer-credit obligations owned,222,037833-BX-7,APPLE INC,1.B,issuer_credit_or_corporate_bond,"14,881,515","12,750,000","11,713,029","14,495,160",8,candidate-first-four-column-map,candidate column assignment only; unresolved variance remains versus statutory bond base,inspect held long-token and short-token rows; use page-column geometry or tabula-style extraction for final reconciliation
CFKKRGACEDCR-0168,CFKKRGACEDP-0168,Schedule D Part 1 Section 1 issuer-credit obligations owned,222,037833-DG-2,APPLE INC,1.B,issuer_credit_or_corporate_bond,"5,424,900","5,000,000","3,971,145","5,360,006",7,candidate-first-four-column-map,candidate column assignment only; unresolved variance remains versus statutory bond base,inspect held long-token and short-token rows; use page-column geometry or tabula-style extraction for final reconciliation
CFKKRGACEDCR-0169,CFKKRGACEDP-0169,Schedule D Part 1 Section 1 issuer-credit obligations owned,222,037833-DQ-0,APPLE INC,1.B,issuer_credit_or_corporate_bond,"8,527,024","8,800,000","5,887,185","8,567,052",8,candidate-first-four-column-map,candidate column assignment only; unresolved variance remains versus statutory bond base,inspect held long-token and short-token rows; use page-column geometry or tabula-style extraction for final reconciliation
CFKKRGACEDCR-0170,CFKKRGACEDP-0170,Schedule D Part 1 Section 1 issuer-credit obligations owned,222,038222-AM-7,APPLIED MATERIALS INC,1.F,issuer_credit_or_corporate_bond,"7,085,600","6,805,000","5,876,732","7,039,191",8,candidate-first-four-column-map,candidate column assignment only; unresolved variance remains versus statutory bond base,inspect held long-token and short-token rows; use page-column geometry or tabula-style extraction for final reconciliation
CFKKRGACEDCR-0171,CFKKRGACEDP-0171,Schedule D Part 1 Section 1 issuer-credit obligations owned,222,038222-AP-0,APPLIED MATERIALS INC,1.F,issuer_credit_or_corporate_bond,"1,100,187","1,100,000","708,756","1,100,298",6,candidate-first-four-column-map,candidate column assignment only; unresolved variance remains versus statutory bond base,inspect held long-token and short-token rows; use page-column geometry or tabula-style extraction for final reconciliation
CFKKRGACEDCR-0172,CFKKRGACEDP-0172,Schedule D Part 1 Section 1 issuer-credit obligations owned,222,03831W-AC-2,APPLOVIN CORP,2.B,issuer_credit_or_corporate_bond,"52,079","50,000","51,919","52,049",5,candidate-first-four-column-map,candidate column assignment only; unresolved variance remains versus statutory bond base,inspect held long-token and short-token rows; use page-column geometry or tabula-style extraction for final reconciliation
CFKKRGACEDCR-0173,CFKKRGACEDP-0173,Schedule D Part 1 Section 1 issuer-credit obligations owned,222,03836W-AC-7,ESSENTIAL UTILITIES INC,2.B,issuer_credit_or_corporate_bond,"16,294,724","16,262,000","13,207,381","16,151,491",8,candidate-first-four-column-map,candidate column assignment only; unresolved variance remains versus statutory bond base,inspect held long-token and short-token rows; use page-column geometry or tabula-style extraction for final reconciliation
CFKKRGACEDCR-0174,CFKKRGACEDP-0174,Schedule D Part 1 Section 1 issuer-credit obligations owned,222,03939A-AA-5,ARCH CAPITAL GROUP LTD,1.G,finance_company_or_funding_vehicle,"84,818","112,000","83,287","84,872",6,candidate-first-four-column-map,candidate column assignment only; unresolved variance remains versus statutory bond base,inspect held long-token and short-token rows; use page-column geometry or tabula-style extraction for final reconciliation
CFKKRGACEDCR-0175,CFKKRGACEDP-0175,Schedule D Part 1 Section 1 issuer-credit obligations owned,222,039483-BQ-4,ARCHER-DANIELS-MIDLAND CO,1.F,issuer_credit_or_corporate_bond,"13,851,836","13,575,000","11,672,971","13,822,526",7,candidate-first-four-column-map,candidate column assignment only; unresolved variance remains versus statutory bond base,inspect held long-token and short-token rows; use page-column geometry or tabula-style extraction for final reconciliation
CFKKRGACEDCR-0176,CFKKRGACEDP-0176,Schedule D Part 1 Section 1 issuer-credit obligations owned,222,04041N-AA-0,WESTERN MIDSTREAM OPERATING LP,2.C,issuer_credit_or_corporate_bond,"53,183","50,000","53,400","53,093",4,candidate-first-four-column-map,candidate column assignment only; unresolved variance remains versus statutory bond base,inspect held long-token and short-token rows; use page-column geometry or tabula-style extraction for final reconciliation
CFKKRGACEDCR-0177,CFKKRGACEDP-0177,Schedule D Part 1 Section 1 issuer-credit obligations owned,222,040555-CU-6,ARIZONA PUBLIC SERVICE CO,2.A,issuer_credit_or_corporate_bond,"4,679,386","4,938,000","3,762,469","4,720,849",8,candidate-first-four-column-map,candidate column assignment only; unresolved variance remains versus statutory bond base,inspect held long-token and short-token rows; use page-column geometry or tabula-style extraction for final reconciliation
CFKKRGACEDCR-0178,CFKKRGACEDP-0178,Schedule D Part 1 Section 1 issuer-credit obligations owned,222,040555-CX-0,ARIZONA PUBLIC SERVICE CO,2.A,issuer_credit_or_corporate_bond,"16,040,871","14,165,000","11,445,707","15,774,143",7,candidate-first-four-column-map,candidate column assignment only; unresolved variance remains versus statutory bond base,inspect held long-token and short-token rows; use page-column geometry or tabula-style extraction for final reconciliation
CFKKRGACEDCR-0179,CFKKRGACEDP-0179,Schedule D Part 1 Section 1 issuer-credit obligations owned,222,040555-CY-8,ARIZONA PUBLIC SERVICE CO,2.A,issuer_credit_or_corporate_bond,"3,152,935","3,500,000","2,814,673","3,177,240",8,candidate-first-four-column-map,candidate column assignment only; unresolved variance remains versus statutory bond base,inspect held long-token and short-token rows; use page-column geometry or tabula-style extraction for final reconciliation
CFKKRGACEDCR-0180,CFKKRGACEDP-0180,Schedule D Part 1 Section 1 issuer-credit obligations owned,222,040555-DA-9,ARIZONA PUBLIC SERVICE CO,2.A,issuer_credit_or_corporate_bond,"9,321,223","11,249,000","7,897,647","9,475,236",8,candidate-first-four-column-map,candidate column assignment only; unresolved variance remains versus statutory bond base,inspect held long-token and short-token rows; use page-column geometry or tabula-style extraction for final reconciliation
CFKKRGACEDCR-0181,CFKKRGACEDP-0181,Schedule D Part 1 Section 1 issuer-credit obligations owned,222,04316J-AE-9,ARTHUR J. GALLAGHER & CO.,2.B,issuer_credit_or_corporate_bond,"1,545,125","1,565,000","1,537,771","1,545,531",7,candidate-first-four-column-map,candidate column assignment only; unresolved variance remains versus statutory bond base,inspect held long-token and short-token rows; use page-column geometry or tabula-style extraction for final reconciliation
CFKKRGACEDCR-0182,CFKKRGACEDP-0182,Schedule D Part 1 Section 1 issuer-credit obligations owned,222,04316J-AG-4,ARTHUR J. GALLAGHER & CO.,2.B,issuer_credit_or_corporate_bond,"2,417,115","2,208,000","2,443,245","2,415,038",7,candidate-first-four-column-map,candidate column assignment only; unresolved variance remains versus statutory bond base,inspect held long-token and short-token rows; use page-column geometry or tabula-style extraction for final reconciliation
CFKKRGACEDCR-0183,CFKKRGACEDP-0183,Schedule D Part 1 Section 1 issuer-credit obligations owned,222,04316J-AN-9,ARTHUR J. GALLAGHER & CO.,2.B,issuer_credit_or_corporate_bond,"831,511","830,000","839,223","831,534",6,candidate-first-four-column-map,candidate column assignment only; unresolved variance remains versus statutory bond base,inspect held long-token and short-token rows; use page-column geometry or tabula-style extraction for final reconciliation
CFKKRGACEDCR-0184,CFKKRGACEDP-0184,Schedule D Part 1 Section 1 issuer-credit obligations owned,222,045054-AL-7,ASHTEAD CAPITAL INC,2.C,finance_company_or_funding_vehicle,"49,620","50,000","49,471","49,629",5,candidate-first-four-column-map,candidate column assignment only; unresolved variance remains versus statutory bond base,inspect held long-token and short-token rows; use page-column geometry or tabula-style extraction for final reconciliation
CFKKRGACEDCR-0185,CFKKRGACEDP-0185,Schedule D Part 1 Section 1 issuer-credit obligations owned,222,045941-AA-9,ASURION LLC,3.C,issuer_credit_or_corporate_bond,"4,211,000","4,211,000","4,371,550","4,211,000",6,candidate-first-four-column-map,candidate column assignment only; unresolved variance remains versus statutory bond base,inspect held long-token and short-token rows; use page-column geometry or tabula-style extraction for final reconciliation
CFKKRGACEDCR-0186,CFKKRGACEDP-0186,Schedule D Part 1 Section 1 issuer-credit obligations owned,222,04621W-AF-7,ASSURED GUARANTY US HOLDINGS INC,2.A,issuer_credit_or_corporate_bond,"52,637","50,000","52,581","52,550",4,candidate-first-four-column-map,candidate column assignment only; unresolved variance remains versus statutory bond base,inspect held long-token and short-token rows; use page-column geometry or tabula-style extraction for final reconciliation
CFKKRGACEDCR-0187,CFKKRGACEDP-0187,Schedule D Part 1 Section 1 issuer-credit obligations owned,222,04621X-AD-0,ASSURANT INC,2.B,issuer_credit_or_corporate_bond,"55,265","50,000","54,585","55,219",6,candidate-first-four-column-map,candidate column assignment only; unresolved variance remains versus statutory bond base,inspect held long-token and short-token rows; use page-column geometry or tabula-style extraction for final reconciliation
CFKKRGACEDCR-0188,CFKKRGACEDP-0188,Schedule D Part 1 Section 1 issuer-credit obligations owned,222,046353-AU-2,ASTRAZENECA PLC,1.E,issuer_credit_or_corporate_bond,"4,612,815","4,700,000","4,097,640","4,624,794",15,long-token-merged-row-review-hold,candidate column assignment only; unresolved variance remains versus statutory bond base,inspect held long-token and short-token rows; use page-column geometry or tabula-style extraction for final reconciliation
CFKKRGACEDCR-0189,CFKKRGACEDP-0189,Schedule D Part 1 Section 1 issuer-credit obligations owned,222,052113-AB-3,AUSGRID FINANCE PTY LTD,2.B,finance_company_or_funding_vehicle,"50,248","50,000","50,208","50,240",4,candidate-first-four-column-map,candidate column assignment only; unresolved variance remains versus statutory bond base,inspect held long-token and short-token rows; use page-column geometry or tabula-style extraction for final reconciliation
CFKKRGACEDCR-0190,CFKKRGACEDP-0190,Schedule D Part 1 Section 1 issuer-credit obligations owned,222,052528-AT-3,AUSTRALIA AND NEW ZEALAND BANKING GROUP,1.G,bank_or_financial_credit,"331,095","333,000","334,854","331,169",7,candidate-first-four-column-map,candidate column assignment only; unresolved variance remains versus statutory bond base,inspect held long-token and short-token rows; use page-column geometry or tabula-style extraction for final reconciliation
CFKKRGACEDCR-0191,CFKKRGACEDP-0191,Schedule D Part 1 Section 1 issuer-credit obligations owned,222,052528-AV-8,AUSTRALIA AND NEW ZEALAND BANKING GROUP,1.G,bank_or_financial_credit,"1,120,102","1,089,000","1,128,277","1,119,295",6,candidate-first-four-column-map,candidate column assignment only; unresolved variance remains versus statutory bond base,inspect held long-token and short-token rows; use page-column geometry or tabula-style extraction for final reconciliation
CFKKRGACEDCR-0192,CFKKRGACEDP-0192,Schedule D Part 1 Section 1 issuer-credit obligations owned,222,052769-AJ-5,AUTODESK INC,2.A,issuer_credit_or_corporate_bond,"51,788","50,000","51,398","51,775",5,candidate-first-four-column-map,candidate column assignment only; unresolved variance remains versus statutory bond base,inspect held long-token and short-token rows; use page-column geometry or tabula-style extraction for final reconciliation
CFKKRGACEDCR-0193,CFKKRGACEDP-0193,Schedule D Part 1 Section 1 issuer-credit obligations owned,222,053015-AG-8,AUTOMATIC DATA PROCESSING INC,1.D,issuer_credit_or_corporate_bond,"47,681","50,000","47,774","47,766",5,candidate-first-four-column-map,candidate column assignment only; unresolved variance remains versus statutory bond base,inspect held long-token and short-token rows; use page-column geometry or tabula-style extraction for final reconciliation
CFKKRGACEDCR-0194,CFKKRGACEDP-0194,Schedule D Part 1 Section 1 issuer-credit obligations owned,222,05329W-AT-9,AUTONATION INC,2.C,issuer_credit_or_corporate_bond,"52,215","50,000","51,848","52,198",4,candidate-first-four-column-map,candidate column assignment only; unresolved variance remains versus statutory bond base,inspect held long-token and short-token rows; use page-column geometry or tabula-style extraction for final reconciliation
CFKKRGACEDCR-0195,CFKKRGACEDP-0195,Schedule D Part 1 Section 1 issuer-credit obligations owned,222,05348E-BB-4,AVALONBAY COMMUNITIES INC,1.G,issuer_credit_or_corporate_bond,"9,484,244","8,300,000","6,883,778","9,298,408",7,candidate-first-four-column-map,candidate column assignment only; unresolved variance remains versus statutory bond base,inspect held long-token and short-token rows; use page-column geometry or tabula-style extraction for final reconciliation
CFKKRGACEDCR-0196,CFKKRGACEDP-0196,Schedule D Part 1 Section 1 issuer-credit obligations owned,222,053611-AN-9,AVERY DENNISON CORP,2.B,issuer_credit_or_corporate_bond,"53,227","50,000","53,114","53,192",4,candidate-first-four-column-map,candidate column assignment only; unresolved variance remains versus statutory bond base,inspect held long-token and short-token rows; use page-column geometry or tabula-style extraction for final reconciliation
CFKKRGACEDCR-0197,CFKKRGACEDP-0197,Schedule D Part 1 Section 1 issuer-credit obligations owned,222,05369A-AT-8,AVIATION CAPITAL GROUP LLC,2.C,finance_company_or_funding_vehicle,"50,212","50,000","50,046","50,211",5,candidate-first-four-column-map,candidate column assignment only; unresolved variance remains versus statutory bond base,inspect held long-token and short-token rows; use page-column geometry or tabula-style extraction for final reconciliation
CFKKRGACEDCR-0198,CFKKRGACEDP-0198,Schedule D Part 1 Section 1 issuer-credit obligations owned,222,05379B-AQ-0,AVISTA CORP,1.G,issuer_credit_or_corporate_bond,"14,250,147","12,245,000","10,093,769","13,954,138",7,candidate-first-four-column-map,candidate column assignment only; unresolved variance remains versus statutory bond base,inspect held long-token and short-token rows; use page-column geometry or tabula-style extraction for final reconciliation
CFKKRGACEDCR-0199,CFKKRGACEDP-0199,Schedule D Part 1 Section 1 issuer-credit obligations owned,222,05401A-BC-4,AVOLON HOLDINGS FUNDING LTD,2.B,finance_company_or_funding_vehicle,"2,855,031","2,884,000","2,858,411","2,855,208",6,candidate-first-four-column-map,candidate column assignment only; unresolved variance remains versus statutory bond base,inspect held long-token and short-token rows; use page-column geometry or tabula-style extraction for final reconciliation
CFKKRGACEDCR-0200,CFKKRGACEDP-0200,Schedule D Part 1 Section 1 issuer-credit obligations owned,222,05523R-AE-7,BAE SYSTEMS PLC,1.G,issuer_credit_or_corporate_bond,"3,052,916","3,400,000","2,280,310","3,049,460",8,candidate-first-four-column-map,candidate column assignment only; unresolved variance remains versus statutory bond base,inspect held long-token and short-token rows; use page-column geometry or tabula-style extraction for final reconciliation
CFKKRGACEDCR-0201,CFKKRGACEDP-0201,Schedule D Part 1 Section 1 issuer-credit obligations owned,222,05523R-AL-1,BAE SYSTEMS PLC,1.G,issuer_credit_or_corporate_bond,"299,402","290,000","300,415","299,071",6,candidate-first-four-column-map,candidate column assignment only; unresolved variance remains versus statutory bond base,inspect held long-token and short-token rows; use page-column geometry or tabula-style extraction for final reconciliation
CFKKRGACEDCR-0202,CFKKRGACEDP-0202,Schedule D Part 1 Section 1 issuer-credit obligations owned,222,05523U-AL-4,BAE SYSTEMS HOLDINGS INC,1.G,issuer_credit_or_corporate_bond,"2,643,302","2,700,000","2,488,899","2,657,357",8,candidate-first-four-column-map,candidate column assignment only; unresolved variance remains versus statutory bond base,inspect held long-token and short-token rows; use page-column geometry or tabula-style extraction for final reconciliation
CFKKRGACEDCR-0203,CFKKRGACEDP-0203,Schedule D Part 1 Section 1 issuer-credit obligations owned,222,05526D-BK-0,BAT CAPITAL CORP,2.A,finance_company_or_funding_vehicle,"8,055,800","10,000,000","8,470,598","8,219,971",8,candidate-first-four-column-map,candidate column assignment only; unresolved variance remains versus statutory bond base,inspect held long-token and short-token rows; use page-column geometry or tabula-style extraction for final reconciliation
CFKKRGACEDCR-0204,CFKKRGACEDP-0204,Schedule D Part 1 Section 1 issuer-credit obligations owned,222,05526D-BQ-7,BAT CAPITAL CORP,2.A,finance_company_or_funding_vehicle,"8,000,000","8,000,000","7,252,164","8,000,000",7,candidate-first-four-column-map,candidate column assignment only; unresolved variance remains versus statutory bond base,inspect held long-token and short-token rows; use page-column geometry or tabula-style extraction for final reconciliation
CFKKRGACEDCR-0205,CFKKRGACEDP-0205,Schedule D Part 1 Section 1 issuer-credit obligations owned,222,055451-BF-4,BHP BILLITON FINANCE (USA) LTD,1.F,finance_company_or_funding_vehicle,"7,929,225","8,053,000","8,029,798","7,931,505",8,candidate-first-four-column-map,candidate column assignment only; unresolved variance remains versus statutory bond base,inspect held long-token and short-token rows; use page-column geometry or tabula-style extraction for final reconciliation
CFKKRGACEDCR-0206,CFKKRGACEDP-0206,Schedule D Part 1 Section 1 issuer-credit obligations owned,223,057224-AZ-0,BAKER HUGHES HOLDINGS LLC,1.G,issuer_credit_or_corporate_bond,"5,329,681","5,000,000","4,866,483","5,228,720",8,candidate-first-four-column-map,candidate column assignment only; unresolved variance remains versus statutory bond base,inspect held long-token and short-token rows; use page-column geometry or tabula-style extraction for final reconciliation
CFKKRGACEDCR-0207,CFKKRGACEDP-0207,Schedule D Part 1 Section 1 issuer-credit obligations owned,223,05723K-AF-7,BAKER HUGHES HOLDINGS LLC,1.G,issuer_credit_or_corporate_bond,"9,784,653","9,500,000","7,568,348","9,746,090",7,candidate-first-four-column-map,candidate column assignment only; unresolved variance remains versus statutory bond base,inspect held long-token and short-token rows; use page-column geometry or tabula-style extraction for final reconciliation
CFKKRGACEDCR-0208,CFKKRGACEDP-0208,Schedule D Part 1 Section 1 issuer-credit obligations owned,223,059165-EJ-5,BALTIMORE GAS AND ELECTRIC CO,1.G,utility_or_energy_credit,"1,325,397","1,820,000","1,394,619","1,332,279",8,candidate-first-four-column-map,candidate column assignment only; unresolved variance remains versus statutory bond base,inspect held long-token and short-token rows; use page-column geometry or tabula-style extraction for final reconciliation
CFKKRGACEDCR-0209,CFKKRGACEDP-0209,Schedule D Part 1 Section 1 issuer-credit obligations owned,223,059165-EK-2,BALTIMORE GAS AND ELECTRIC CO,1.G,utility_or_energy_credit,"1,199,506","1,440,000","1,180,024","1,205,495",8,candidate-first-four-column-map,candidate column assignment only; unresolved variance remains versus statutory bond base,inspect held long-token and short-token rows; use page-column geometry or tabula-style extraction for final reconciliation
CFKKRGACEDCR-0210,CFKKRGACEDP-0210,Schedule D Part 1 Section 1 issuer-credit obligations owned,223,059165-EL-0,BALTIMORE GAS AND ELECTRIC CO,1.G,utility_or_energy_credit,"11,909,840","12,000,000","8,124,944","11,922,810",8,candidate-first-four-column-map,candidate column assignment only; unresolved variance remains versus statutory bond base,inspect held long-token and short-token rows; use page-column geometry or tabula-style extraction for final reconciliation
CFKKRGACEDCR-0211,CFKKRGACEDP-0211,Schedule D Part 1 Section 1 issuer-credit obligations owned,223,06051G-FC-8,BANK OF AMERICA CORP,1.G,bank_or_financial_credit,"7,300,865","6,710,000","6,476,587","7,162,979",8,candidate-first-four-column-map,candidate column assignment only; unresolved variance remains versus statutory bond base,inspect held long-token and short-token rows; use page-column geometry or tabula-style extraction for final reconciliation
CFKKRGACEDCR-0212,CFKKRGACEDP-0212,Schedule D Part 1 Section 1 issuer-credit obligations owned,223,06051G-FQ-7,BANK OF AMERICA CORP,1.G,bank_or_financial_credit,"602,906","625,000","563,270","607,417",7,candidate-first-four-column-map,candidate column assignment only; unresolved variance remains versus statutory bond base,inspect held long-token and short-token rows; use page-column geometry or tabula-style extraction for final reconciliation
CFKKRGACEDCR-0213,CFKKRGACEDP-0213,Schedule D Part 1 Section 1 issuer-credit obligations owned,223,06051G-GG-8,BANK OF AMERICA CORP,1.G,bank_or_financial_credit,"18,409,765","16,625,000","14,464,899","18,089,146",7,candidate-first-four-column-map,candidate column assignment only; unresolved variance remains versus statutory bond base,inspect held long-token and short-token rows; use page-column geometry or tabula-style extraction for final reconciliation
CFKKRGACEDCR-0214,CFKKRGACEDP-0214,Schedule D Part 1 Section 1 issuer-credit obligations owned,223,06051G-HA-0,BANK OF AMERICA CORP,1.G,bank_or_financial_credit,"4,126,128","4,100,000","3,289,924","4,122,514",7,candidate-first-four-column-map,candidate column assignment only; unresolved variance remains versus statutory bond base,inspect held long-token and short-token rows; use page-column geometry or tabula-style extraction for final reconciliation
CFKKRGACEDCR-0215,CFKKRGACEDP-0215,Schedule D Part 1 Section 1 issuer-credit obligations owned,223,06051G-HS-1,BANK OF AMERICA CORP,1.G,bank_or_financial_credit,"27,047,987","20,000,000","16,820,110","26,129,738",7,candidate-first-four-column-map,candidate column assignment only; unresolved variance remains versus statutory bond base,inspect held long-token and short-token rows; use page-column geometry or tabula-style extraction for final reconciliation
CFKKRGACEDCR-0216,CFKKRGACEDP-0216,Schedule D Part 1 Section 1 issuer-credit obligations owned,223,06051G-JA-8,BANK OF AMERICA CORP,1.G,bank_or_financial_credit,"24,234,466","25,000,000","20,048,230","24,182,742",7,candidate-first-four-column-map,candidate column assignment only; unresolved variance remains versus statutory bond base,inspect held long-token and short-token rows; use page-column geometry or tabula-style extraction for final reconciliation
CFKKRGACEDCR-0217,CFKKRGACEDP-0217,Schedule D Part 1 Section 1 issuer-credit obligations owned,223,06051G-MD-8,BANK OF AMERICA CORP,1.G,bank_or_financial_credit,"1,250,055","1,245,000","1,275,749","1,249,993",6,candidate-first-four-column-map,candidate column assignment only; unresolved variance remains versus statutory bond base,inspect held long-token and short-token rows; use page-column geometry or tabula-style extraction for final reconciliation
CFKKRGACEDCR-0218,CFKKRGACEDP-0218,Schedule D Part 1 Section 1 issuer-credit obligations owned,223,06279J-AB-5,BANK OF IRELAND GROUP PLC,1.G,bank_or_financial_credit,"49,153","50,000","49,220","49,263",5,candidate-first-four-column-map,candidate column assignment only; unresolved variance remains versus statutory bond base,inspect held long-token and short-token rows; use page-column geometry or tabula-style extraction for final reconciliation
CFKKRGACEDCR-0219,CFKKRGACEDP-0219,Schedule D Part 1 Section 1 issuer-credit obligations owned,223,06405L-AF-8,BANK OF NEW YORK MELLON,1.C,bank_or_financial_credit,"89,182","89,000","89,163","89,138",4,candidate-first-four-column-map,candidate column assignment only; unresolved variance remains versus statutory bond base,inspect held long-token and short-token rows; use page-column geometry or tabula-style extraction for final reconciliation
CFKKRGACEDCR-0220,CFKKRGACEDP-0220,Schedule D Part 1 Section 1 issuer-credit obligations owned,223,06406Y-AB-8,BANK OF NEW YORK MELLON CORP,1.F,bank_or_financial_credit,"263,083","250,000","261,718","262,981",5,candidate-first-four-column-map,candidate column assignment only; unresolved variance remains versus statutory bond base,inspect held long-token and short-token rows; use page-column geometry or tabula-style extraction for final reconciliation
CFKKRGACEDCR-0221,CFKKRGACEDP-0221,Schedule D Part 1 Section 1 issuer-credit obligations owned,223,06407E-AG-0,BANK OF NEW ZEALAND,1.E,bank_or_financial_credit,"51,010","50,000","50,952","50,971",5,candidate-first-four-column-map,candidate column assignment only; unresolved variance remains versus statutory bond base,inspect held long-token and short-token rows; use page-column geometry or tabula-style extraction for final reconciliation
CFKKRGACEDCR-0222,CFKKRGACEDP-0222,Schedule D Part 1 Section 1 issuer-credit obligations owned,223,067316-AH-2,BACARDI LTD,2.C,issuer_credit_or_corporate_bond,"2,721,320","2,800,000","2,495,191","2,731,468",8,candidate-first-four-column-map,candidate column assignment only; unresolved variance remains versus statutory bond base,inspect held long-token and short-token rows; use page-column geometry or tabula-style extraction for final reconciliation
CFKKRGACEDCR-0223,CFKKRGACEDP-0223,Schedule D Part 1 Section 1 issuer-credit obligations owned,223,06738E-AJ-4,BARCLAYS PLC,2.A,issuer_credit_or_corporate_bond,"1,472,361","1,100,000","1,057,223","1,423,766",8,candidate-first-four-column-map,candidate column assignment only; unresolved variance remains versus statutory bond base,inspect held long-token and short-token rows; use page-column geometry or tabula-style extraction for final reconciliation
CFKKRGACEDCR-0224,CFKKRGACEDP-0224,Schedule D Part 1 Section 1 issuer-credit obligations owned,223,06849R-AC-6,BARRICK NORTH AMERICA FINANCE LLC,1.G,finance_company_or_funding_vehicle,"1,676,085","1,200,000","1,434,932","1,576,405",8,candidate-first-four-column-map,candidate column assignment only; unresolved variance remains versus statutory bond base,inspect held long-token and short-token rows; use page-column geometry or tabula-style extraction for final reconciliation
CFKKRGACEDCR-0225,CFKKRGACEDP-0225,Schedule D Part 1 Section 1 issuer-credit obligations owned,223,07274N-AQ-6,BAYER US FINANCE II LLC,2.B,finance_company_or_funding_vehicle,"58,050,190","50,711,000","43,199,346","57,184,894",8,candidate-first-four-column-map,candidate column assignment only; unresolved variance remains versus statutory bond base,inspect held long-token and short-token rows; use page-column geometry or tabula-style extraction for final reconciliation
CFKKRGACEDCR-0226,CFKKRGACEDP-0226,Schedule D Part 1 Section 1 issuer-credit obligations owned,223,07274N-BD-4,BAYER US FINANCE II LLC,2.B,finance_company_or_funding_vehicle,"3,902,509","4,700,000","3,366,642","4,063,439",8,candidate-first-four-column-map,candidate column assignment only; unresolved variance remains versus statutory bond base,inspect held long-token and short-token rows; use page-column geometry or tabula-style extraction for final reconciliation
CFKKRGACEDCR-0227,CFKKRGACEDP-0227,Schedule D Part 1 Section 1 issuer-credit obligations owned,223,07274N-BH-5,BAYER US FINANCE II LLC,2.B,finance_company_or_funding_vehicle,"23,451,091","20,967,000","15,771,034","23,304,235",8,candidate-first-four-column-map,candidate column assignment only; unresolved variance remains versus statutory bond base,inspect held long-token and short-token rows; use page-column geometry or tabula-style extraction for final reconciliation
CFKKRGACEDCR-0228,CFKKRGACEDP-0228,Schedule D Part 1 Section 1 issuer-credit obligations owned,223,075887-AV-1,BECTON DICKINSON AND CO,2.B,issuer_credit_or_corporate_bond,"11,020,352","9,510,000","9,876,584","10,548,721",8,candidate-first-four-column-map,candidate column assignment only; unresolved variance remains versus statutory bond base,inspect held long-token and short-token rows; use page-column geometry or tabula-style extraction for final reconciliation
CFKKRGACEDCR-0229,CFKKRGACEDP-0229,Schedule D Part 1 Section 1 issuer-credit obligations owned,223,075887-BX-6,BECTON DICKINSON AND CO,2.B,issuer_credit_or_corporate_bond,"7,005,857","6,442,000","5,613,015","6,937,550",7,candidate-first-four-column-map,candidate column assignment only; unresolved variance remains versus statutory bond base,inspect held long-token and short-token rows; use page-column geometry or tabula-style extraction for final reconciliation
CFKKRGACEDCR-0230,CFKKRGACEDP-0230,Schedule D Part 1 Section 1 issuer-credit obligations owned,223,075887-CK-3,BECTON DICKINSON AND CO,2.B,issuer_credit_or_corporate_bond,"3,044,988","2,976,000","2,230,605","3,029,265",8,candidate-first-four-column-map,candidate column assignment only; unresolved variance remains versus statutory bond base,inspect held long-token and short-token rows; use page-column geometry or tabula-style extraction for final reconciliation
CFKKRGACEDCR-0231,CFKKRGACEDP-0231,Schedule D Part 1 Section 1 issuer-credit obligations owned,223,0778FP-AB-5,BELL TELEPHONE COMPANY OF CANADA OR BELL,2.B,issuer_credit_or_corporate_bond,"25,107,722","23,595,000","18,728,976","24,929,442",8,candidate-first-four-column-map,candidate column assignment only; unresolved variance remains versus statutory bond base,inspect held long-token and short-token rows; use page-column geometry or tabula-style extraction for final reconciliation
CFKKRGACEDCR-0232,CFKKRGACEDP-0232,Schedule D Part 1 Section 1 issuer-credit obligations owned,223,0778FP-AF-6,BELL TELEPHONE COMPANY OF CANADA OR BELL,2.B,issuer_credit_or_corporate_bond,"3,049,200","3,000,000","2,138,611","3,044,431",7,candidate-first-four-column-map,candidate column assignment only; unresolved variance remains versus statutory bond base,inspect held long-token and short-token rows; use page-column geometry or tabula-style extraction for final reconciliation
CFKKRGACEDCR-0233,CFKKRGACEDP-0233,Schedule D Part 1 Section 1 issuer-credit obligations owned,223,0778FP-AJ-8,BELL TELEPHONE COMPANY OF CANADA OR BELL,2.B,issuer_credit_or_corporate_bond,"227,828","332,000","233,752","229,289",8,candidate-first-four-column-map,candidate column assignment only; unresolved variance remains versus statutory bond base,inspect held long-token and short-token rows; use page-column geometry or tabula-style extraction for final reconciliation
CFKKRGACEDCR-0234,CFKKRGACEDP-0234,Schedule D Part 1 Section 1 issuer-credit obligations owned,223,0778FP-AN-9,BELL TELEPHONE COMPANY OF CANADA OR BELL,2.B,issuer_credit_or_corporate_bond,"18,163,526","19,420,000","18,549,471","18,180,937",8,candidate-first-four-column-map,candidate column assignment only; unresolved variance remains versus statutory bond base,inspect held long-token and short-token rows; use page-column geometry or tabula-style extraction for final reconciliation
CFKKRGACEDCR-0235,CFKKRGACEDP-0235,Schedule D Part 1 Section 1 issuer-credit obligations owned,223,084423-AT-9,W R BERKLEY CORP,2.A,issuer_credit_or_corporate_bond,"46,491","50,000","44,986","46,503",5,candidate-first-four-column-map,candidate column assignment only; unresolved variance remains versus statutory bond base,inspect held long-token and short-token rows; use page-column geometry or tabula-style extraction for final reconciliation
CFKKRGACEDCR-0236,CFKKRGACEDP-0236,Schedule D Part 1 Section 1 issuer-credit obligations owned,223,084659-AR-2,BERKSHIRE HATHAWAY ENERGY CO,1.G,utility_or_energy_credit,"6,581,122","6,545,000","5,473,637","6,566,931",8,candidate-first-four-column-map,candidate column assignment only; unresolved variance remains versus statutory bond base,inspect held long-token and short-token rows; use page-column geometry or tabula-style extraction for final reconciliation
CFKKRGACEDCR-0237,CFKKRGACEDP-0237,Schedule D Part 1 Section 1 issuer-credit obligations owned,223,084664-CQ-2,BERKSHIRE HATHAWAY FINANCE CORP,1.C,finance_company_or_funding_vehicle,"14,661,676","12,500,000","10,440,914","14,353,180",7,candidate-first-four-column-map,candidate column assignment only; unresolved variance remains versus statutory bond base,inspect held long-token and short-token rows; use page-column geometry or tabula-style extraction for final reconciliation
CFKKRGACEDCR-0238,CFKKRGACEDP-0238,Schedule D Part 1 Section 1 issuer-credit obligations owned,223,08652B-AB-5,BEST BUY CO INC,2.A,issuer_credit_or_corporate_bond,"44,885","50,000","44,970","44,975",5,candidate-first-four-column-map,candidate column assignment only; unresolved variance remains versus statutory bond base,inspect held long-token and short-token rows; use page-column geometry or tabula-style extraction for final reconciliation
CFKKRGACEDCR-0239,CFKKRGACEDP-0239,Schedule D Part 1 Section 1 issuer-credit obligations owned,223,090572-AR-9,BIO RAD LABORATORIES INC,2.B,issuer_credit_or_corporate_bond,"49,512","50,000","49,569","49,547",5,candidate-first-four-column-map,candidate column assignment only; unresolved variance remains versus statutory bond base,inspect held long-token and short-token rows; use page-column geometry or tabula-style extraction for final reconciliation
CFKKRGACEDCR-0240,CFKKRGACEDP-0240,Schedule D Part 1 Section 1 issuer-credit obligations owned,223,09062X-AD-5,BIOGEN INC,2.A,issuer_credit_or_corporate_bond,"3,545,256","2,600,000","2,396,452","3,396,341",7,candidate-first-four-column-map,candidate column assignment only; unresolved variance remains versus statutory bond base,inspect held long-token and short-token rows; use page-column geometry or tabula-style extraction for final reconciliation
CFKKRGACEDCR-0241,CFKKRGACEDP-0241,Schedule D Part 1 Section 1 issuer-credit obligations owned,223,09062X-AG-8,BIOGEN INC,2.A,issuer_credit_or_corporate_bond,"15,832,329","22,691,200","14,682,335","16,193,778",8,candidate-first-four-column-map,candidate column assignment only; unresolved variance remains versus statutory bond base,inspect held long-token and short-token rows; use page-column geometry or tabula-style extraction for final reconciliation
CFKKRGACEDCR-0242,CFKKRGACEDP-0242,Schedule D Part 1 Section 1 issuer-credit obligations owned,223,09062X-AK-9,BIOGEN INC,2.B,issuer_credit_or_corporate_bond,"2,451,024","2,420,000","1,601,563","2,448,135",6,candidate-first-four-column-map,candidate column assignment only; unresolved variance remains versus statutory bond base,inspect held long-token and short-token rows; use page-column geometry or tabula-style extraction for final reconciliation
CFKKRGACEDCR-0243,CFKKRGACEDP-0243,Schedule D Part 1 Section 1 issuer-credit obligations owned,223,092113-AS-8,BLACK HILLS CORP,2.B,issuer_credit_or_corporate_bond,"6,097,068","5,000,000","3,743,351","5,957,858",7,candidate-first-four-column-map,candidate column assignment only; unresolved variance remains versus statutory bond base,inspect held long-token and short-token rows; use page-column geometry or tabula-style extraction for final reconciliation
CFKKRGACEDCR-0244,CFKKRGACEDP-0244,Schedule D Part 1 Section 1 issuer-credit obligations owned,223,09261X-AG-7,BLACKSTONE SECURED LENDING FUND,2.B,issuer_credit_or_corporate_bond,"47,269","50,000","47,352","47,355",5,candidate-first-four-column-map,candidate column assignment only; unresolved variance remains versus statutory bond base,inspect held long-token and short-token rows; use page-column geometry or tabula-style extraction for final reconciliation
CFKKRGACEDCR-0245,CFKKRGACEDP-0245,Schedule D Part 1 Section 1 issuer-credit obligations owned,223,09659D-AC-0,LELAND STANFORD JUNIOR UNIVERSITY,1.A,issuer_credit_or_corporate_bond,"85,782","85,000","85,515","85,769",5,candidate-first-four-column-map,candidate column assignment only; unresolved variance remains versus statutory bond base,inspect held long-token and short-token rows; use page-column geometry or tabula-style extraction for final reconciliation
CFKKRGACEDCR-0246,CFKKRGACEDP-0246,Schedule D Part 1 Section 1 issuer-credit obligations owned,223,097023-AX-3,BOEING CO,2.C,issuer_credit_or_corporate_bond,"18,033,679","13,525,000","15,262,376","16,497,483",8,candidate-first-four-column-map,candidate column assignment only; unresolved variance remains versus statutory bond base,inspect held long-token and short-token rows; use page-column geometry or tabula-style extraction for final reconciliation
CFKKRGACEDCR-0247,CFKKRGACEDP-0247,Schedule D Part 1 Section 1 issuer-credit obligations owned,223,097023-BS-3,BOEING CO,2.C,issuer_credit_or_corporate_bond,"1,146,872","1,300,000","924,225","1,159,964",8,candidate-first-four-column-map,candidate column assignment only; unresolved variance remains versus statutory bond base,inspect held long-token and short-token rows; use page-column geometry or tabula-style extraction for final reconciliation
CFKKRGACEDCR-0248,CFKKRGACEDP-0248,Schedule D Part 1 Section 1 issuer-credit obligations owned,223,097023-BZ-7,BOEING CO,2.C,issuer_credit_or_corporate_bond,"4,611,156","4,400,000","3,158,825","4,579,668",7,candidate-first-four-column-map,candidate column assignment only; unresolved variance remains versus statutory bond base,inspect held long-token and short-token rows; use page-column geometry or tabula-style extraction for final reconciliation
CFKKRGACEDCR-0249,CFKKRGACEDP-0249,Schedule D Part 1 Section 1 issuer-credit obligations owned,223,097023-CR-4,BOEING CO,2.C,issuer_credit_or_corporate_bond,"8,327,550","8,000,000","5,686,132","8,301,132",8,candidate-first-four-column-map,candidate column assignment only; unresolved variance remains versus statutory bond base,inspect held long-token and short-token rows; use page-column geometry or tabula-style extraction for final reconciliation
CFKKRGACEDCR-0250,CFKKRGACEDP-0250,Schedule D Part 1 Section 1 issuer-credit obligations owned,223,099724-AH-9,BORGWARNER INC,2.A,issuer_credit_or_corporate_bond,"4,794,124","4,875,000","4,097,456","4,807,335",8,candidate-first-four-column-map,candidate column assignment only; unresolved variance remains versus statutory bond base,inspect held long-token and short-token rows; use page-column geometry or tabula-style extraction for final reconciliation
CFKKRGACEDCR-0251,CFKKRGACEDP-0251,Schedule D Part 1 Section 1 issuer-credit obligations owned,224,100743-AN-3,BOSTON GAS CO,2.A,utility_or_energy_credit,"6,179,328","6,224,000","6,262,738","6,180,301",7,candidate-first-four-column-map,candidate column assignment only; unresolved variance remains versus statutory bond base,inspect held long-token and short-token rows; use page-column geometry or tabula-style extraction for final reconciliation
CFKKRGACEDCR-0252,CFKKRGACEDP-0252,Schedule D Part 1 Section 1 issuer-credit obligations owned,224,101137-AU-1,BOSTON SCIENTIFIC CORP,1.G,issuer_credit_or_corporate_bond,"3,938,099","3,045,000","2,738,698","3,838,462",7,candidate-first-four-column-map,candidate column assignment only; unresolved variance remains versus statutory bond base,inspect held long-token and short-token rows; use page-column geometry or tabula-style extraction for final reconciliation
CFKKRGACEDCR-0253,CFKKRGACEDP-0253,Schedule D Part 1 Section 1 issuer-credit obligations owned,224,10373Q-BN-9,BP CAPITAL MARKETS AMERICA INC,1.E,finance_company_or_funding_vehicle,"44,412","72,000","44,534","44,604",5,candidate-first-four-column-map,candidate column assignment only; unresolved variance remains versus statutory bond base,inspect held long-token and short-token rows; use page-column geometry or tabula-style extraction for final reconciliation
CFKKRGACEDCR-0254,CFKKRGACEDP-0254,Schedule D Part 1 Section 1 issuer-credit obligations owned,224,10373Q-BP-4,BP CAPITAL MARKETS AMERICA INC,1.E,finance_company_or_funding_vehicle,"2,525,273","2,563,000","1,632,692","2,529,106",7,candidate-first-four-column-map,candidate column assignment only; unresolved variance remains versus statutory bond base,inspect held long-token and short-token rows; use page-column geometry or tabula-style extraction for final reconciliation
CFKKRGACEDCR-0255,CFKKRGACEDP-0255,Schedule D Part 1 Section 1 issuer-credit obligations owned,224,10373Q-BR-0,BP CAPITAL MARKETS AMERICA INC,1.E,finance_company_or_funding_vehicle,"53,965","72,000","54,846","54,240",6,candidate-first-four-column-map,candidate column assignment only; unresolved variance remains versus statutory bond base,inspect held long-token and short-token rows; use page-column geometry or tabula-style extraction for final reconciliation
CFKKRGACEDCR-0256,CFKKRGACEDP-0256,Schedule D Part 1 Section 1 issuer-credit obligations owned,224,110122-CR-7,BRISTOL-MYERS SQUIBB CO,1.F,issuer_credit_or_corporate_bond,"13,547,489","11,048,000","9,037,089","13,328,352",8,candidate-first-four-column-map,candidate column assignment only; unresolved variance remains versus statutory bond base,inspect held long-token and short-token rows; use page-column geometry or tabula-style extraction for final reconciliation
CFKKRGACEDCR-0257,CFKKRGACEDP-0257,Schedule D Part 1 Section 1 issuer-credit obligations owned,224,110122-DH-8,BRISTOL-MYERS SQUIBB CO,1.F,issuer_credit_or_corporate_bond,"4,439,829","5,000,000","4,502,986","4,447,475",8,candidate-first-four-column-map,candidate column assignment only; unresolved variance remains versus statutory bond base,inspect held long-token and short-token rows; use page-column geometry or tabula-style extraction for final reconciliation
CFKKRGACEDCR-0258,CFKKRGACEDP-0258,Schedule D Part 1 Section 1 issuer-credit obligations owned,224,110122-DJ-4,BRISTOL-MYERS SQUIBB CO,1.F,issuer_credit_or_corporate_bond,"6,351,118","6,100,000","5,761,129","6,314,291",7,candidate-first-four-column-map,candidate column assignment only; unresolved variance remains versus statutory bond base,inspect held long-token and short-token rows; use page-column geometry or tabula-style extraction for final reconciliation
CFKKRGACEDCR-0259,CFKKRGACEDP-0259,Schedule D Part 1 Section 1 issuer-credit obligations owned,224,110122-DK-1,BRISTOL-MYERS SQUIBB CO,1.F,issuer_credit_or_corporate_bond,"11,969,641","12,000,000","10,184,501","11,974,257",7,candidate-first-four-column-map,candidate column assignment only; unresolved variance remains versus statutory bond base,inspect held long-token and short-token rows; use page-column geometry or tabula-style extraction for final reconciliation
CFKKRGACEDCR-0260,CFKKRGACEDP-0260,Schedule D Part 1 Section 1 issuer-credit obligations owned,224,110122-DL-9,BRISTOL-MYERS SQUIBB CO,1.F,issuer_credit_or_corporate_bond,"13,786,978","10,865,000","9,438,253","13,489,951",8,candidate-first-four-column-map,candidate column assignment only; unresolved variance remains versus statutory bond base,inspect held long-token and short-token rows; use page-column geometry or tabula-style extraction for final reconciliation
CFKKRGACEDCR-0261,CFKKRGACEDP-0261,Schedule D Part 1 Section 1 issuer-credit obligations owned,224,110122-EK-0,BRISTOL-MYERS SQUIBB CO,1.F,issuer_credit_or_corporate_bond,"14,468,320","14,776,000","14,521,309","14,473,347",8,candidate-first-four-column-map,candidate column assignment only; unresolved variance remains versus statutory bond base,inspect held long-token and short-token rows; use page-column geometry or tabula-style extraction for final reconciliation
CFKKRGACEDCR-0262,CFKKRGACEDP-0262,Schedule D Part 1 Section 1 issuer-credit obligations owned,224,111021-AN-1,BRITISH TELECOMMUNICATIONS PLC,2.B,issuer_credit_or_corporate_bond,"8,752,226","8,365,000","6,659,426","8,701,688",8,candidate-first-four-column-map,candidate column assignment only; unresolved variance remains versus statutory bond base,inspect held long-token and short-token rows; use page-column geometry or tabula-style extraction for final reconciliation
CFKKRGACEDCR-0263,CFKKRGACEDP-0263,Schedule D Part 1 Section 1 issuer-credit obligations owned,224,11120V-AJ-2,BRIXMOR OPERATING PARTNERSHIP LP,2.B,issuer_credit_or_corporate_bond,"49,418","50,000","49,327","49,430",6,candidate-first-four-column-map,candidate column assignment only; unresolved variance remains versus statutory bond base,inspect held long-token and short-token rows; use page-column geometry or tabula-style extraction for final reconciliation
CFKKRGACEDCR-0264,CFKKRGACEDP-0264,Schedule D Part 1 Section 1 issuer-credit obligations owned,224,11133T-AE-3,BROADRIDGE FINANCIAL SOLUTIONS INC,2.B,issuer_credit_or_corporate_bond,"45,592","50,000","45,463","45,660",5,candidate-first-four-column-map,candidate column assignment only; unresolved variance remains versus statutory bond base,inspect held long-token and short-token rows; use page-column geometry or tabula-style extraction for final reconciliation
CFKKRGACEDCR-0265,CFKKRGACEDP-0265,Schedule D Part 1 Section 1 issuer-credit obligations owned,224,11135F-CL-3,BROADCOM INC,1.G,issuer_credit_or_corporate_bond,"413,651","405,000","413,695","413,617",5,candidate-first-four-column-map,candidate column assignment only; unresolved variance remains versus statutory bond base,inspect held long-token and short-token rows; use page-column geometry or tabula-style extraction for final reconciliation
CFKKRGACEDCR-0266,CFKKRGACEDP-0266,Schedule D Part 1 Section 1 issuer-credit obligations owned,224,11135F-CS-8,BROADCOM INC,1.G,issuer_credit_or_corporate_bond,"2,493,034","2,364,000","1,785,219","2,480,017",8,candidate-first-four-column-map,candidate column assignment only; unresolved variance remains versus statutory bond base,inspect held long-token and short-token rows; use page-column geometry or tabula-style extraction for final reconciliation
CFKKRGACEDCR-0267,CFKKRGACEDP-0267,Schedule D Part 1 Section 1 issuer-credit obligations owned,224,114259-AQ-7,BROOKLYN UNION GAS CO,2.A,utility_or_energy_credit,"17,441,963","17,242,000","13,812,085","17,343,510",8,candidate-first-four-column-map,candidate column assignment only; unresolved variance remains versus statutory bond base,inspect held long-token and short-token rows; use page-column geometry or tabula-style extraction for final reconciliation
CFKKRGACEDCR-0268,CFKKRGACEDP-0268,Schedule D Part 1 Section 1 issuer-credit obligations owned,224,114259-AU-8,BROOKLYN UNION GAS CO,2.A,utility_or_energy_credit,"9,691,162","8,072,000","6,557,356","9,460,353",7,candidate-first-four-column-map,candidate column assignment only; unresolved variance remains versus statutory bond base,inspect held long-token and short-token rows; use page-column geometry or tabula-style extraction for final reconciliation
CFKKRGACEDCR-0269,CFKKRGACEDP-0269,Schedule D Part 1 Section 1 issuer-credit obligations owned,224,114259-AW-4,BROOKLYN UNION GAS CO,2.A,utility_or_energy_credit,"22,901","24,000","23,802","23,015",6,candidate-first-four-column-map,candidate column assignment only; unresolved variance remains versus statutory bond base,inspect held long-token and short-token rows; use page-column geometry or tabula-style extraction for final reconciliation
CFKKRGACEDCR-0270,CFKKRGACEDP-0270,Schedule D Part 1 Section 1 issuer-credit obligations owned,224,114259-AY-0,BROOKLYN UNION GAS CO,2.A,utility_or_energy_credit,"3,687,050","3,450,000","3,591,797","3,684,145",7,candidate-first-four-column-map,candidate column assignment only; unresolved variance remains versus statutory bond base,inspect held long-token and short-token rows; use page-column geometry or tabula-style extraction for final reconciliation
CFKKRGACEDCR-0271,CFKKRGACEDP-0271,Schedule D Part 1 Section 1 issuer-credit obligations owned,224,115236-AG-6,BROWN & BROWN INC,2.C,issuer_credit_or_corporate_bond,"51,891","50,000","51,721","51,874",4,candidate-first-four-column-map,candidate column assignment only; unresolved variance remains versus statutory bond base,inspect held long-token and short-token rows; use page-column geometry or tabula-style extraction for final reconciliation
CFKKRGACEDCR-0272,CFKKRGACEDP-0272,Schedule D Part 1 Section 1 issuer-credit obligations owned,224,115637-AP-5,BROWN-FORMAN CORP,1.G,issuer_credit_or_corporate_bond,"2,429,284","2,200,000","1,908,819","2,390,632",7,candidate-first-four-column-map,candidate column assignment only; unresolved variance remains versus statutory bond base,inspect held long-token and short-token rows; use page-column geometry or tabula-style extraction for final reconciliation
CFKKRGACEDCR-0273,CFKKRGACEDP-0273,Schedule D Part 1 Section 1 issuer-credit obligations owned,224,12189L-AA-9,BURLINGTON NORTHERN SANTA FE LLC,1.F,issuer_credit_or_corporate_bond,"4,643,916","3,854,000","4,082,618","4,452,753",7,candidate-first-four-column-map,candidate column assignment only; unresolved variance remains versus statutory bond base,inspect held long-token and short-token rows; use page-column geometry or tabula-style extraction for final reconciliation
CFKKRGACEDCR-0274,CFKKRGACEDP-0274,Schedule D Part 1 Section 1 issuer-credit obligations owned,224,12189L-AE-1,BURLINGTON NORTHERN SANTA FE LLC,1.F,issuer_credit_or_corporate_bond,"3,481,470","3,000,000","3,043,060","3,373,699",7,candidate-first-four-column-map,candidate column assignment only; unresolved variance remains versus statutory bond base,inspect held long-token and short-token rows; use page-column geometry or tabula-style extraction for final reconciliation
CFKKRGACEDCR-0275,CFKKRGACEDP-0275,Schedule D Part 1 Section 1 issuer-credit obligations owned,224,12189L-AP-6,BURLINGTON NORTHERN SANTA FE LLC,1.F,issuer_credit_or_corporate_bond,"264,130","282,000","273,884","264,513",7,candidate-first-four-column-map,candidate column assignment only; unresolved variance remains versus statutory bond base,inspect held long-token and short-token rows; use page-column geometry or tabula-style extraction for final reconciliation
CFKKRGACEDCR-0276,CFKKRGACEDP-0276,Schedule D Part 1 Section 1 issuer-credit obligations owned,224,12189L-AW-1,BURLINGTON NORTHERN SANTA FE LLC,1.F,issuer_credit_or_corporate_bond,"6,875,867","6,700,000","5,644,359","6,836,437",7,candidate-first-four-column-map,candidate column assignment only; unresolved variance remains versus statutory bond base,inspect held long-token and short-token rows; use page-column geometry or tabula-style extraction for final reconciliation
CFKKRGACEDCR-0277,CFKKRGACEDP-0277,Schedule D Part 1 Section 1 issuer-credit obligations owned,224,12189L-AZ-4,BURLINGTON NORTHERN SANTA FE LLC,1.F,issuer_credit_or_corporate_bond,"4,509,155","4,738,000","3,800,611","4,546,761",8,candidate-first-four-column-map,candidate column assignment only; unresolved variance remains versus statutory bond base,inspect held long-token and short-token rows; use page-column geometry or tabula-style extraction for final reconciliation
CFKKRGACEDCR-0278,CFKKRGACEDP-0278,Schedule D Part 1 Section 1 issuer-credit obligations owned,224,12201P-AB-2,BURLINGTON RESOURCES LLC,1.F,issuer_credit_or_corporate_bond,"20,131","18,000","20,451","19,870",6,candidate-first-four-column-map,candidate column assignment only; unresolved variance remains versus statutory bond base,inspect held long-token and short-token rows; use page-column geometry or tabula-style extraction for final reconciliation
CFKKRGACEDCR-0279,CFKKRGACEDP-0279,Schedule D Part 1 Section 1 issuer-credit obligations owned,224,124857-AN-3,PARAMOUNT GLOBAL,2.C,issuer_credit_or_corporate_bond,"4,460,775","4,500,000","3,123,786","4,471,799",7,candidate-first-four-column-map,candidate column assignment only; unresolved variance remains versus statutory bond base,inspect held long-token and short-token rows; use page-column geometry or tabula-style extraction for final reconciliation
CFKKRGACEDCR-0280,CFKKRGACEDP-0280,Schedule D Part 1 Section 1 issuer-credit obligations owned,224,12505B-AJ-9,CBRE SERVICES INC,2.A,issuer_credit_or_corporate_bond,"51,007","50,000","50,715","50,989",5,candidate-first-four-column-map,candidate column assignment only; unresolved variance remains versus statutory bond base,inspect held long-token and short-token rows; use page-column geometry or tabula-style extraction for final reconciliation
CFKKRGACEDCR-0281,CFKKRGACEDP-0281,Schedule D Part 1 Section 1 issuer-credit obligations owned,224,12513G-BK-4,CDW LLC,2.C,issuer_credit_or_corporate_bond,"51,109","50,000","50,990","51,087",4,candidate-first-four-column-map,candidate column assignment only; unresolved variance remains versus statutory bond base,inspect held long-token and short-token rows; use page-column geometry or tabula-style extraction for final reconciliation
CFKKRGACEDCR-0282,CFKKRGACEDP-0282,Schedule D Part 1 Section 1 issuer-credit obligations owned,224,12541W-AA-8,CH ROBINSON WORLDWIDE INC,2.A,issuer_credit_or_corporate_bond,"50,198","50,000","50,162","50,190",4,candidate-first-four-column-map,candidate column assignment only; unresolved variance remains versus statutory bond base,inspect held long-token and short-token rows; use page-column geometry or tabula-style extraction for final reconciliation
CFKKRGACEDCR-0283,CFKKRGACEDP-0283,Schedule D Part 1 Section 1 issuer-credit obligations owned,224,125523-AJ-9,CIGNA GROUP,2.A,issuer_credit_or_corporate_bond,"69,797","75,000","71,865","70,100",7,candidate-first-four-column-map,candidate column assignment only; unresolved variance remains versus statutory bond base,inspect held long-token and short-token rows; use page-column geometry or tabula-style extraction for final reconciliation
CFKKRGACEDCR-0284,CFKKRGACEDP-0284,Schedule D Part 1 Section 1 issuer-credit obligations owned,224,125523-AK-6,CIGNA GROUP,2.A,issuer_credit_or_corporate_bond,"11,072,015","11,227,700","10,043,652","11,075,915",8,candidate-first-four-column-map,candidate column assignment only; unresolved variance remains versus statutory bond base,inspect held long-token and short-token rows; use page-column geometry or tabula-style extraction for final reconciliation
CFKKRGACEDCR-0285,CFKKRGACEDP-0285,Schedule D Part 1 Section 1 issuer-credit obligations owned,224,125523-BK-5,CIGNA GROUP,2.A,issuer_credit_or_corporate_bond,"1,929,278","1,680,000","1,295,967","1,898,956",7,candidate-first-four-column-map,candidate column assignment only; unresolved variance remains versus statutory bond base,inspect held long-token and short-token rows; use page-column geometry or tabula-style extraction for final reconciliation
CFKKRGACEDCR-0286,CFKKRGACEDP-0286,Schedule D Part 1 Section 1 issuer-credit obligations owned,224,125523-CF-5,CIGNA GROUP,2.A,issuer_credit_or_corporate_bond,"32,308,582","35,738,000","31,834,701","32,554,037",8,candidate-first-four-column-map,candidate column assignment only; unresolved variance remains versus statutory bond base,inspect held long-token and short-token rows; use page-column geometry or tabula-style extraction for final reconciliation
CFKKRGACEDCR-0287,CFKKRGACEDP-0287,Schedule D Part 1 Section 1 issuer-credit obligations owned,224,125523-CQ-1,CIGNA GROUP,2.A,issuer_credit_or_corporate_bond,"1,136,706","1,769,000","1,234,693","1,143,217",8,candidate-first-four-column-map,candidate column assignment only; unresolved variance remains versus statutory bond base,inspect held long-token and short-token rows; use page-column geometry or tabula-style extraction for final reconciliation
CFKKRGACEDCR-0288,CFKKRGACEDP-0288,Schedule D Part 1 Section 1 issuer-credit obligations owned,224,125523-CW-8,CIGNA GROUP,2.A,issuer_credit_or_corporate_bond,"6,123,520","6,462,000","6,271,005","6,128,353",8,candidate-first-four-column-map,candidate column assignment only; unresolved variance remains versus statutory bond base,inspect held long-token and short-token rows; use page-column geometry or tabula-style extraction for final reconciliation
CFKKRGACEDCR-0289,CFKKRGACEDP-0289,Schedule D Part 1 Section 1 issuer-credit obligations owned,224,12572Q-AF-2,CME GROUP INC,1.D,issuer_credit_or_corporate_bond,"1,018,770","1,000,000","1,005,259","1,018,733",5,candidate-first-four-column-map,candidate column assignment only; unresolved variance remains versus statutory bond base,inspect held long-token and short-token rows; use page-column geometry or tabula-style extraction for final reconciliation
CFKKRGACEDCR-0290,CFKKRGACEDP-0290,Schedule D Part 1 Section 1 issuer-credit obligations owned,224,12636Y-AE-2,CRH AMERICA FINANCE INC,2.A,finance_company_or_funding_vehicle,"98,128","94,000","97,674","98,090",4,candidate-first-four-column-map,candidate column assignment only; unresolved variance remains versus statutory bond base,inspect held long-token and short-token rows; use page-column geometry or tabula-style extraction for final reconciliation
CFKKRGACEDCR-0291,CFKKRGACEDP-0291,Schedule D Part 1 Section 1 issuer-credit obligations owned,224,126408-HC-0,CSX CORP,1.G,issuer_credit_or_corporate_bond,"5,703,212","5,810,000","4,519,054","5,720,942",8,candidate-first-four-column-map,candidate column assignment only; unresolved variance remains versus statutory bond base,inspect held long-token and short-token rows; use page-column geometry or tabula-style extraction for final reconciliation
CFKKRGACEDCR-0292,CFKKRGACEDP-0292,Schedule D Part 1 Section 1 issuer-credit obligations owned,224,126408-HF-3,CSX CORP,1.G,issuer_credit_or_corporate_bond,"1,523,355","1,500,000","1,177,790","1,519,745",6,candidate-first-four-column-map,candidate column assignment only; unresolved variance remains versus statutory bond base,inspect held long-token and short-token rows; use page-column geometry or tabula-style extraction for final reconciliation
CFKKRGACEDCR-0293,CFKKRGACEDP-0293,Schedule D Part 1 Section 1 issuer-credit obligations owned,224,12661P-AE-9,CSL FINANCE PLC,1.G,finance_company_or_funding_vehicle,"5,670,933","5,000,000","4,316,282","5,646,866",8,candidate-first-four-column-map,candidate column assignment only; unresolved variance remains versus statutory bond base,inspect held long-token and short-token rows; use page-column geometry or tabula-style extraction for final reconciliation
CFKKRGACEDCR-0294,CFKKRGACEDP-0294,Schedule D Part 1 Section 1 issuer-credit obligations owned,224,126650-CN-8,CVS HEALTH CORP,2.B,issuer_credit_or_corporate_bond,"3,514,090","3,000,000","2,715,829","3,402,958",7,candidate-first-four-column-map,candidate column assignment only; unresolved variance remains versus statutory bond base,inspect held long-token and short-token rows; use page-column geometry or tabula-style extraction for final reconciliation
CFKKRGACEDCR-0295,CFKKRGACEDP-0295,Schedule D Part 1 Section 1 issuer-credit obligations owned,224,126650-CZ-1,CVS HEALTH CORP,2.B,issuer_credit_or_corporate_bond,"12,487,760","10,318,000","9,101,577","12,190,837",8,candidate-first-four-column-map,candidate column assignment only; unresolved variance remains versus statutory bond base,inspect held long-token and short-token rows; use page-column geometry or tabula-style extraction for final reconciliation
CFKKRGACEDCR-0296,CFKKRGACEDP-0296,Schedule D Part 1 Section 1 issuer-credit obligations owned,225,133434-AB-6,CAMERON LNG LLC,1.F,issuer_credit_or_corporate_bond,"198,799","240,000","210,395","201,787",8,candidate-first-four-column-map,candidate column assignment only; unresolved variance remains versus statutory bond base,inspect held long-token and short-token rows; use page-column geometry or tabula-style extraction for final reconciliation
CFKKRGACEDCR-0297,CFKKRGACEDP-0297,Schedule D Part 1 Section 1 issuer-credit obligations owned,225,133434-AD-2,CAMERON LNG LLC,1.F,issuer_credit_or_corporate_bond,"600,000","600,000","512,879","600,000",7,candidate-first-four-column-map,candidate column assignment only; unresolved variance remains versus statutory bond base,inspect held long-token and short-token rows; use page-column geometry or tabula-style extraction for final reconciliation
CFKKRGACEDCR-0298,CFKKRGACEDP-0298,Schedule D Part 1 Section 1 issuer-credit obligations owned,225,13607Q-FD-9,CANADIAN IMPERIAL BANK OF COMMERCE,1.F,bank_or_financial_credit,"50,158","50,000","50,204","50,150",4,candidate-first-four-column-map,candidate column assignment only; unresolved variance remains versus statutory bond base,inspect held long-token and short-token rows; use page-column geometry or tabula-style extraction for final reconciliation
CFKKRGACEDCR-0299,CFKKRGACEDP-0299,Schedule D Part 1 Section 1 issuer-credit obligations owned,225,136375-CZ-3,CANADIAN NATIONAL RAILWAY CO,1.F,issuer_credit_or_corporate_bond,"1,008,183","1,100,000","655,227","1,017,889",8,candidate-first-four-column-map,candidate column assignment only; unresolved variance remains versus statutory bond base,inspect held long-token and short-token rows; use page-column geometry or tabula-style extraction for final reconciliation
CFKKRGACEDCR-0300,CFKKRGACEDP-0300,Schedule D Part 1 Section 1 issuer-credit obligations owned,225,14040H-DA-0,CAPITAL ONE FINANCIAL CORP,2.A,finance_company_or_funding_vehicle,"1,604,111","1,537,000","1,662,077","1,599,243",7,candidate-first-four-column-map,candidate column assignment only; unresolved variance remains versus statutory bond base,inspect held long-token and short-token rows; use page-column geometry or tabula-style extraction for final reconciliation
CFKKRGACEDCR-0301,CFKKRGACEDP-0301,Schedule D Part 1 Section 1 issuer-credit obligations owned,225,14040H-DN-2,CAPITAL ONE FINANCIAL CORP,2.A,finance_company_or_funding_vehicle,"680,918","680,000","676,825","680,931",5,candidate-first-four-column-map,candidate column assignment only; unresolved variance remains versus statutory bond base,inspect held long-token and short-token rows; use page-column geometry or tabula-style extraction for final reconciliation
CFKKRGACEDCR-0302,CFKKRGACEDP-0302,Schedule D Part 1 Section 1 issuer-credit obligations owned,225,14149Y-AW-8,CARDINAL HEALTH INC,2.B,issuer_credit_or_corporate_bond,"2,115,360","2,000,000","1,761,112","2,088,091",8,candidate-first-four-column-map,candidate column assignment only; unresolved variance remains versus statutory bond base,inspect held long-token and short-token rows; use page-column geometry or tabula-style extraction for final reconciliation
CFKKRGACEDCR-0303,CFKKRGACEDP-0303,Schedule D Part 1 Section 1 issuer-credit obligations owned,225,141781-BC-7,CARGILL INC,1.F,issuer_credit_or_corporate_bond,"5,803,181","5,729,000","4,755,991","5,780,000",8,candidate-first-four-column-map,candidate column assignment only; unresolved variance remains versus statutory bond base,inspect held long-token and short-token rows; use page-column geometry or tabula-style extraction for final reconciliation
CFKKRGACEDCR-0304,CFKKRGACEDP-0304,Schedule D Part 1 Section 1 issuer-credit obligations owned,225,142339-AL-4,CARLISLE COMPANIES INC,2.B,issuer_credit_or_corporate_bond,"43,680","50,000","43,721","43,763",5,candidate-first-four-column-map,candidate column assignment only; unresolved variance remains versus statutory bond base,inspect held long-token and short-token rows; use page-column geometry or tabula-style extraction for final reconciliation
CFKKRGACEDCR-0305,CFKKRGACEDP-0305,Schedule D Part 1 Section 1 issuer-credit obligations owned,225,14448C-AS-3,CARRIER GLOBAL CORP,2.A,issuer_credit_or_corporate_bond,"37,612,235","36,177,000","26,677,218","37,348,582",8,candidate-first-four-column-map,candidate column assignment only; unresolved variance remains versus statutory bond base,inspect held long-token and short-token rows; use page-column geometry or tabula-style extraction for final reconciliation
CFKKRGACEDCR-0306,CFKKRGACEDP-0306,Schedule D Part 1 Section 1 issuer-credit obligations owned,225,149123-CE-9,CATERPILLAR INC,1.F,issuer_credit_or_corporate_bond,"15,137,525","15,000,000","13,260,085","15,125,934",8,candidate-first-four-column-map,candidate column assignment only; unresolved variance remains versus statutory bond base,inspect held long-token and short-token rows; use page-column geometry or tabula-style extraction for final reconciliation
CFKKRGACEDCR-0307,CFKKRGACEDP-0307,Schedule D Part 1 Section 1 issuer-credit obligations owned,225,15135U-AX-7,CENOVUS ENERGY INC,2.B,utility_or_energy_credit,"35,611","50,000","34,991","35,633",5,candidate-first-four-column-map,candidate column assignment only; unresolved variance remains versus statutory bond base,inspect held long-token and short-token rows; use page-column geometry or tabula-style extraction for final reconciliation
CFKKRGACEDCR-0308,CFKKRGACEDP-0308,Schedule D Part 1 Section 1 issuer-credit obligations owned,225,15189W-AJ-9,CENTERPOINT ENERGY RESOURCES CORP,2.A,utility_or_energy_credit,"15,400,167","13,879,000","10,953,629","15,185,803",7,candidate-first-four-column-map,candidate column assignment only; unresolved variance remains versus statutory bond base,inspect held long-token and short-token rows; use page-column geometry or tabula-style extraction for final reconciliation
CFKKRGACEDCR-0309,CFKKRGACEDP-0309,Schedule D Part 1 Section 1 issuer-credit obligations owned,225,15361G-AU-9,CENTRAL HUDSON GAS & ELECTRIC CORP,2.A,utility_or_energy_credit,"5,206,698","4,720,000","4,676,755","5,054,143",8,candidate-first-four-column-map,candidate column assignment only; unresolved variance remains versus statutory bond base,inspect held long-token and short-token rows; use page-column geometry or tabula-style extraction for final reconciliation
CFKKRGACEDCR-0310,CFKKRGACEDP-0310,Schedule D Part 1 Section 1 issuer-credit obligations owned,225,161175-BA-1,CHARTER COMMUNICATIONS OPERATING LLC,2.C,issuer_credit_or_corporate_bond,"15,668,866","15,500,000","14,591,365","15,641,468",8,candidate-first-four-column-map,candidate column assignment only; unresolved variance remains versus statutory bond base,inspect held long-token and short-token rows; use page-column geometry or tabula-style extraction for final reconciliation
CFKKRGACEDCR-0311,CFKKRGACEDP-0311,Schedule D Part 1 Section 1 issuer-credit obligations owned,225,161175-BL-7,CHARTER COMMUNICATIONS OPERATING LLC,2.C,issuer_credit_or_corporate_bond,"765,793","1,000,000","824,339","774,457",8,candidate-first-four-column-map,candidate column assignment only; unresolved variance remains versus statutory bond base,inspect held long-token and short-token rows; use page-column geometry or tabula-style extraction for final reconciliation
CFKKRGACEDCR-0312,CFKKRGACEDP-0312,Schedule D Part 1 Section 1 issuer-credit obligations owned,225,161175-BN-3,CHARTER COMMUNICATIONS OPERATING LLC,2.C,issuer_credit_or_corporate_bond,"7,542,031","6,650,000","5,678,786","7,433,112",7,candidate-first-four-column-map,candidate column assignment only; unresolved variance remains versus statutory bond base,inspect held long-token and short-token rows; use page-column geometry or tabula-style extraction for final reconciliation
CFKKRGACEDCR-0313,CFKKRGACEDP-0313,Schedule D Part 1 Section 1 issuer-credit obligations owned,225,166754-AX-9,CHEVRON PHILLIPS CHEMICAL COMPANY LLC,2.A,issuer_credit_or_corporate_bond,"50,896","50,000","50,675","50,878",4,candidate-first-four-column-map,candidate column assignment only; unresolved variance remains versus statutory bond base,inspect held long-token and short-token rows; use page-column geometry or tabula-style extraction for final reconciliation
CFKKRGACEDCR-0314,CFKKRGACEDP-0314,Schedule D Part 1 Section 1 issuer-credit obligations owned,225,166756-AW-6,CHEVRON USA INC,1.D,issuer_credit_or_corporate_bond,"2,290,176","1,680,000","1,530,682","2,214,141",7,candidate-first-four-column-map,candidate column assignment only; unresolved variance remains versus statutory bond base,inspect held long-token and short-token rows; use page-column geometry or tabula-style extraction for final reconciliation
CFKKRGACEDCR-0315,CFKKRGACEDP-0315,Schedule D Part 1 Section 1 issuer-credit obligations owned,225,169905-AH-9,CHOICE HOTELS INTERNATIONAL INC,2.C,issuer_credit_or_corporate_bond,"51,344","50,000","50,997","51,334",5,candidate-first-four-column-map,candidate column assignment only; unresolved variance remains versus statutory bond base,inspect held long-token and short-token rows; use page-column geometry or tabula-style extraction for final reconciliation
CFKKRGACEDCR-0316,CFKKRGACEDP-0316,Schedule D Part 1 Section 1 issuer-credit obligations owned,225,171340-AL-6,CHURCH & DWIGHT CO INC,2.A,issuer_credit_or_corporate_bond,"6,504,183","7,000,000","5,602,802","6,578,959",8,candidate-first-four-column-map,candidate column assignment only; unresolved variance remains versus statutory bond base,inspect held long-token and short-token rows; use page-column geometry or tabula-style extraction for final reconciliation
CFKKRGACEDCR-0317,CFKKRGACEDP-0317,Schedule D Part 1 Section 1 issuer-credit obligations owned,225,172967-AS-0,CITIGROUP INC,1.G,issuer_credit_or_corporate_bond,"8,973,256","7,468,000","8,573,888","8,961,423",8,candidate-first-four-column-map,candidate column assignment only; unresolved variance remains versus statutory bond base,inspect held long-token and short-token rows; use page-column geometry or tabula-style extraction for final reconciliation
CFKKRGACEDCR-0318,CFKKRGACEDP-0318,Schedule D Part 1 Section 1 issuer-credit obligations owned,225,172967-DR-9,CITIGROUP INC,2.B,issuer_credit_or_corporate_bond,"289,501","275,000","292,517","289,144",7,candidate-first-four-column-map,candidate column assignment only; unresolved variance remains versus statutory bond base,inspect held long-token and short-token rows; use page-column geometry or tabula-style extraction for final reconciliation
CFKKRGACEDCR-0319,CFKKRGACEDP-0319,Schedule D Part 1 Section 1 issuer-credit obligations owned,225,172967-HA-2,CITIGROUP INC,2.B,issuer_credit_or_corporate_bond,"625,164","593,000","660,070","624,645",7,candidate-first-four-column-map,candidate column assignment only; unresolved variance remains versus statutory bond base,inspect held long-token and short-token rows; use page-column geometry or tabula-style extraction for final reconciliation
CFKKRGACEDCR-0320,CFKKRGACEDP-0320,Schedule D Part 1 Section 1 issuer-credit obligations owned,225,172967-HS-3,CITIGROUP INC,2.B,issuer_credit_or_corporate_bond,"37,012,400","35,575,000","34,561,519","36,722,352",8,candidate-first-four-column-map,candidate column assignment only; unresolved variance remains versus statutory bond base,inspect held long-token and short-token rows; use page-column geometry or tabula-style extraction for final reconciliation
CFKKRGACEDCR-0321,CFKKRGACEDP-0321,Schedule D Part 1 Section 1 issuer-credit obligations owned,225,172967-KR-1,CITIGROUP INC,2.B,issuer_credit_or_corporate_bond,"101,938","120,000","105,407","102,176",6,candidate-first-four-column-map,candidate column assignment only; unresolved variance remains versus statutory bond base,inspect held long-token and short-token rows; use page-column geometry or tabula-style extraction for final reconciliation
CFKKRGACEDCR-0322,CFKKRGACEDP-0322,Schedule D Part 1 Section 1 issuer-credit obligations owned,225,172967-PA-3,CITIGROUP INC,1.G,issuer_credit_or_corporate_bond,"6,184,766","5,669,000","6,175,352","6,182,500",6,candidate-first-four-column-map,candidate column assignment only; unresolved variance remains versus statutory bond base,inspect held long-token and short-token rows; use page-column geometry or tabula-style extraction for final reconciliation
CFKKRGACEDCR-0323,CFKKRGACEDP-0323,Schedule D Part 1 Section 1 issuer-credit obligations owned,225,172967-PG-0,CITIGROUP INC,2.B,issuer_credit_or_corporate_bond,"1,799,058","1,768,000","1,837,997","1,797,885",7,candidate-first-four-column-map,candidate column assignment only; unresolved variance remains versus statutory bond base,inspect held long-token and short-token rows; use page-column geometry or tabula-style extraction for final reconciliation
CFKKRGACEDCR-0324,CFKKRGACEDP-0324,Schedule D Part 1 Section 1 issuer-credit obligations owned,225,172967-PU-9,CITIGROUP INC,2.B,issuer_credit_or_corporate_bond,"760,561","733,000","768,043","759,754",5,candidate-first-four-column-map,candidate column assignment only; unresolved variance remains versus statutory bond base,inspect held long-token and short-token rows; use page-column geometry or tabula-style extraction for final reconciliation
CFKKRGACEDCR-0325,CFKKRGACEDP-0325,Schedule D Part 1 Section 1 issuer-credit obligations owned,225,172967-QH-7,CITIGROUP INC,1.G,issuer_credit_or_corporate_bond,"93,234","91,000","91,891","93,203",5,candidate-first-four-column-map,candidate column assignment only; unresolved variance remains versus statutory bond base,inspect held long-token and short-token rows; use page-column geometry or tabula-style extraction for final reconciliation
CFKKRGACEDCR-0326,CFKKRGACEDP-0326,Schedule D Part 1 Section 1 issuer-credit obligations owned,225,17327C-AR-4,CITIGROUP INC,2.B,issuer_credit_or_corporate_bond,"377,074","370,000","393,190","376,487",6,candidate-first-four-column-map,candidate column assignment only; unresolved variance remains versus statutory bond base,inspect held long-token and short-token rows; use page-column geometry or tabula-style extraction for final reconciliation
CFKKRGACEDCR-0327,CFKKRGACEDP-0327,Schedule D Part 1 Section 1 issuer-credit obligations owned,225,17327C-AY-9,CITIGROUP INC,1.G,issuer_credit_or_corporate_bond,"1,622,003","1,710,000","1,703,946","1,622,896",6,candidate-first-four-column-map,candidate column assignment only; unresolved variance remains versus statutory bond base,inspect held long-token and short-token rows; use page-column geometry or tabula-style extraction for final reconciliation
CFKKRGACEDCR-0328,CFKKRGACEDP-0328,Schedule D Part 1 Section 1 issuer-credit obligations owned,225,17327C-BA-0,CITIGROUP INC,1.G,issuer_credit_or_corporate_bond,"132,084","130,000","133,046","132,027",6,candidate-first-four-column-map,candidate column assignment only; unresolved variance remains versus statutory bond base,inspect held long-token and short-token rows; use page-column geometry or tabula-style extraction for final reconciliation
CFKKRGACEDCR-0329,CFKKRGACEDP-0329,Schedule D Part 1 Section 1 issuer-credit obligations owned,225,189054-AZ-2,CLOROX CO,2.A,issuer_credit_or_corporate_bond,"50,678","50,000","50,582","50,669",4,candidate-first-four-column-map,candidate column assignment only; unresolved variance remains versus statutory bond base,inspect held long-token and short-token rows; use page-column geometry or tabula-style extraction for final reconciliation
CFKKRGACEDCR-0330,CFKKRGACEDP-0330,Schedule D Part 1 Section 1 issuer-credit obligations owned,225,191216-CX-6,COCA-COLA CO,1.E,issuer_credit_or_corporate_bond,"1,076,317","1,100,000","682,673","1,078,962",7,candidate-first-four-column-map,candidate column assignment only; unresolved variance remains versus statutory bond base,inspect held long-token and short-token rows; use page-column geometry or tabula-style extraction for final reconciliation
CFKKRGACEDCR-0331,CFKKRGACEDP-0331,Schedule D Part 1 Section 1 issuer-credit obligations owned,225,191216-DL-1,COCA-COLA CO,1.E,issuer_credit_or_corporate_bond,"1,159,059","1,100,000","737,999","1,153,058",8,candidate-first-four-column-map,candidate column assignment only; unresolved variance remains versus statutory bond base,inspect held long-token and short-token rows; use page-column geometry or tabula-style extraction for final reconciliation
CFKKRGACEDCR-0332,CFKKRGACEDP-0332,Schedule D Part 1 Section 1 issuer-credit obligations owned,225,191216-DT-4,COCA-COLA CO,1.E,issuer_credit_or_corporate_bond,"10,070,900","10,000,000","9,729,448","10,072,017",6,candidate-first-four-column-map,candidate column assignment only; unresolved variance remains versus statutory bond base,inspect held long-token and short-token rows; use page-column geometry or tabula-style extraction for final reconciliation
CFKKRGACEDCR-0333,CFKKRGACEDP-0333,Schedule D Part 1 Section 1 issuer-credit obligations owned,225,19123M-AF-0,COCA-COLA EUROPACIFIC PARTNERS PLC,2.A,issuer_credit_or_corporate_bond,"48,649","50,000","48,742","48,757",5,candidate-first-four-column-map,candidate column assignment only; unresolved variance remains versus statutory bond base,inspect held long-token and short-token rows; use page-column geometry or tabula-style extraction for final reconciliation
CFKKRGACEDCR-0334,CFKKRGACEDP-0334,Schedule D Part 1 Section 1 issuer-credit obligations owned,225,19416Q-EJ-5,COLGATE-PALMOLIVE CO,1.E,issuer_credit_or_corporate_bond,"9,927,700","10,000,000","8,489,157","9,944,144",8,candidate-first-four-column-map,candidate column assignment only; unresolved variance remains versus statutory bond base,inspect held long-token and short-token rows; use page-column geometry or tabula-style extraction for final reconciliation
CFKKRGACEDCR-0335,CFKKRGACEDP-0335,Schedule D Part 1 Section 1 issuer-credit obligations owned,225,195869-AL-6,COLONIAL PIPELINE CO,2.C,issuer_credit_or_corporate_bond,"3,645,822","3,000,000","3,104,293","3,404,162",8,candidate-first-four-column-map,candidate column assignment only; unresolved variance remains versus statutory bond base,inspect held long-token and short-token rows; use page-column geometry or tabula-style extraction for final reconciliation
CFKKRGACEDCR-0336,CFKKRGACEDP-0336,Schedule D Part 1 Section 1 issuer-credit obligations owned,225,19828A-AC-1,COLUMBIA PIPELINES HOLDING COMPANY LLC,2.B,issuer_credit_or_corporate_bond,"501,954","504,000","520,779","502,155",7,candidate-first-four-column-map,candidate column assignment only; unresolved variance remains versus statutory bond base,inspect held long-token and short-token rows; use page-column geometry or tabula-style extraction for final reconciliation
CFKKRGACEDCR-0337,CFKKRGACEDP-0337,Schedule D Part 1 Section 1 issuer-credit obligations owned,225,19828T-AG-1,COLUMBIA PIPELINES OPERATING COMPANY LLC,2.A,issuer_credit_or_corporate_bond,"828,274","840,000","859,622","829,005",7,candidate-first-four-column-map,candidate column assignment only; unresolved variance remains versus statutory bond base,inspect held long-token and short-token rows; use page-column geometry or tabula-style extraction for final reconciliation
CFKKRGACEDCR-0338,CFKKRGACEDP-0338,Schedule D Part 1 Section 1 issuer-credit obligations owned,225,20030N-AY-7,COMCAST CORP,1.G,issuer_credit_or_corporate_bond,"631,410","500,000","554,924","591,030",8,candidate-first-four-column-map,candidate column assignment only; unresolved variance remains versus statutory bond base,inspect held long-token and short-token rows; use page-column geometry or tabula-style extraction for final reconciliation
CFKKRGACEDCR-0339,CFKKRGACEDP-0339,Schedule D Part 1 Section 1 issuer-credit obligations owned,225,20030N-BU-4,COMCAST CORP,1.G,issuer_credit_or_corporate_bond,"2,478,150","2,500,000","1,741,408","2,482,829",7,candidate-first-four-column-map,candidate column assignment only; unresolved variance remains versus statutory bond base,inspect held long-token and short-token rows; use page-column geometry or tabula-style extraction for final reconciliation
CFKKRGACEDCR-0340,CFKKRGACEDP-0340,Schedule D Part 1 Section 1 issuer-credit obligations owned,225,20030N-CE-9,COMCAST CORP,1.G,issuer_credit_or_corporate_bond,"9,557,228","8,491,000","6,268,920","9,444,540",8,candidate-first-four-column-map,candidate column assignment only; unresolved variance remains versus statutory bond base,inspect held long-token and short-token rows; use page-column geometry or tabula-style extraction for final reconciliation
CFKKRGACEDCR-0341,CFKKRGACEDP-0341,Schedule D Part 1 Section 1 issuer-credit obligations owned,226,20030N-CM-1,COMCAST CORP,1.G,issuer_credit_or_corporate_bond,"43,654,285","35,510,000","29,621,775","42,886,453",8,candidate-first-four-column-map,candidate column assignment only; unresolved variance remains versus statutory bond base,inspect held long-token and short-token rows; use page-column geometry or tabula-style extraction for final reconciliation
CFKKRGACEDCR-0342,CFKKRGACEDP-0342,Schedule D Part 1 Section 1 issuer-credit obligations owned,226,20030N-CY-5,COMCAST CORP,1.G,issuer_credit_or_corporate_bond,"174,814","225,000","175,925","177,377",8,candidate-first-four-column-map,candidate column assignment only; unresolved variance remains versus statutory bond base,inspect held long-token and short-token rows; use page-column geometry or tabula-style extraction for final reconciliation
CFKKRGACEDCR-0343,CFKKRGACEDP-0343,Schedule D Part 1 Section 1 issuer-credit obligations owned,226,20030N-CZ-2,COMCAST CORP,1.G,issuer_credit_or_corporate_bond,"23,938,320","24,000,000","16,114,621","23,949,406",8,candidate-first-four-column-map,candidate column assignment only; unresolved variance remains versus statutory bond base,inspect held long-token and short-token rows; use page-column geometry or tabula-style extraction for final reconciliation
CFKKRGACEDCR-0344,CFKKRGACEDP-0344,Schedule D Part 1 Section 1 issuer-credit obligations owned,226,20268J-AD-5,COMMONSPIRIT HEALTH,1.E,issuer_credit_or_corporate_bond,"25,635,000","25,635,000","19,267,509","25,635,000",7,candidate-first-four-column-map,candidate column assignment only; unresolved variance remains versus statutory bond base,inspect held long-token and short-token rows; use page-column geometry or tabula-style extraction for final reconciliation
CFKKRGACEDCR-0345,CFKKRGACEDP-0345,Schedule D Part 1 Section 1 issuer-credit obligations owned,226,202712-BJ-3,COMMONWEALTH BANK OF AUSTRALIA,1.G,bank_or_financial_credit,"9,373,314","11,640,000","9,551,433","9,598,348",8,candidate-first-four-column-map,candidate column assignment only; unresolved variance remains versus statutory bond base,inspect held long-token and short-token rows; use page-column geometry or tabula-style extraction for final reconciliation
CFKKRGACEDCR-0346,CFKKRGACEDP-0346,Schedule D Part 1 Section 1 issuer-credit obligations owned,226,202795-JP-6,COMMONWEALTH EDISON CO,1.F,issuer_credit_or_corporate_bond,"13,892,422","11,490,000","9,003,813","13,609,931",8,candidate-first-four-column-map,candidate column assignment only; unresolved variance remains versus statutory bond base,inspect held long-token and short-token rows; use page-column geometry or tabula-style extraction for final reconciliation
CFKKRGACEDCR-0347,CFKKRGACEDP-0347,Schedule D Part 1 Section 1 issuer-credit obligations owned,226,202795-JS-0,COMMONWEALTH EDISON CO,1.F,issuer_credit_or_corporate_bond,"3,553,017","4,000,000","2,629,651","3,551,843",7,candidate-first-four-column-map,candidate column assignment only; unresolved variance remains versus statutory bond base,inspect held long-token and short-token rows; use page-column geometry or tabula-style extraction for final reconciliation
CFKKRGACEDCR-0348,CFKKRGACEDP-0348,Schedule D Part 1 Section 1 issuer-credit obligations owned,226,202795-JY-7,COMMONWEALTH EDISON CO,1.F,issuer_credit_or_corporate_bond,"20,035,402","19,999,000","18,943,810","20,041,083",8,candidate-first-four-column-map,candidate column assignment only; unresolved variance remains versus statutory bond base,inspect held long-token and short-token rows; use page-column geometry or tabula-style extraction for final reconciliation
CFKKRGACEDCR-0349,CFKKRGACEDP-0349,Schedule D Part 1 Section 1 issuer-credit obligations owned,226,205887-CE-0,CONAGRA BRANDS INC,2.C,issuer_credit_or_corporate_bond,"6,308,527","4,486,000","4,021,625","6,081,738",7,candidate-first-four-column-map,candidate column assignment only; unresolved variance remains versus statutory bond base,inspect held long-token and short-token rows; use page-column geometry or tabula-style extraction for final reconciliation
CFKKRGACEDCR-0350,CFKKRGACEDP-0350,Schedule D Part 1 Section 1 issuer-credit obligations owned,226,207597-EP-6,CONNECTICUT LIGHT AND POWER CO,1.F,issuer_credit_or_corporate_bond,"14,968,350","15,000,000","14,240,155","14,971,134",7,candidate-first-four-column-map,candidate column assignment only; unresolved variance remains versus statutory bond base,inspect held long-token and short-token rows; use page-column geometry or tabula-style extraction for final reconciliation
CFKKRGACEDCR-0351,CFKKRGACEDP-0351,Schedule D Part 1 Section 1 issuer-credit obligations owned,226,20826F-AR-7,CONOCOPHILLIPS CO,1.F,issuer_credit_or_corporate_bond,"14,347,000","10,000,000","10,380,938","13,622,402",7,candidate-first-four-column-map,candidate column assignment only; unresolved variance remains versus statutory bond base,inspect held long-token and short-token rows; use page-column geometry or tabula-style extraction for final reconciliation
CFKKRGACEDCR-0352,CFKKRGACEDP-0352,Schedule D Part 1 Section 1 issuer-credit obligations owned,226,20826F-AV-8,CONOCOPHILLIPS CO,1.F,issuer_credit_or_corporate_bond,"417,657","566,000","417,682","419,926",8,candidate-first-four-column-map,candidate column assignment only; unresolved variance remains versus statutory bond base,inspect held long-token and short-token rows; use page-column geometry or tabula-style extraction for final reconciliation
CFKKRGACEDCR-0353,CFKKRGACEDP-0353,Schedule D Part 1 Section 1 issuer-credit obligations owned,226,209111-FL-2,CONSOLIDATED EDISON COMPANY OF NEW YORK,1.G,issuer_credit_or_corporate_bond,"2,230,785","2,350,000","1,829,412","2,249,552",8,candidate-first-four-column-map,candidate column assignment only; unresolved variance remains versus statutory bond base,inspect held long-token and short-token rows; use page-column geometry or tabula-style extraction for final reconciliation
CFKKRGACEDCR-0354,CFKKRGACEDP-0354,Schedule D Part 1 Section 1 issuer-credit obligations owned,226,209111-FQ-1,CONSOLIDATED EDISON COMPANY OF NEW YORK,1.G,issuer_credit_or_corporate_bond,"12,041,800","10,000,000","8,211,373","11,862,327",7,candidate-first-four-column-map,candidate column assignment only; unresolved variance remains versus statutory bond base,inspect held long-token and short-token rows; use page-column geometry or tabula-style extraction for final reconciliation
CFKKRGACEDCR-0355,CFKKRGACEDP-0355,Schedule D Part 1 Section 1 issuer-credit obligations owned,226,209111-FT-5,CONSOLIDATED EDISON COMPANY OF NEW YORK,1.G,issuer_credit_or_corporate_bond,"43,478,650","34,041,000","29,579,972","42,253,176",7,candidate-first-four-column-map,candidate column assignment only; unresolved variance remains versus statutory bond base,inspect held long-token and short-token rows; use page-column geometry or tabula-style extraction for final reconciliation
CFKKRGACEDCR-0356,CFKKRGACEDP-0356,Schedule D Part 1 Section 1 issuer-credit obligations owned,226,209111-FV-0,CONSOLIDATED EDISON COMPANY OF NEW YORK,1.G,issuer_credit_or_corporate_bond,"8,550,774","9,000,000","7,173,535","8,582,156",8,candidate-first-four-column-map,candidate column assignment only; unresolved variance remains versus statutory bond base,inspect held long-token and short-token rows; use page-column geometry or tabula-style extraction for final reconciliation
CFKKRGACEDCR-0357,CFKKRGACEDP-0357,Schedule D Part 1 Section 1 issuer-credit obligations owned,226,209111-FW-8,CONSOLIDATED EDISON COMPANY OF NEW YORK,1.G,issuer_credit_or_corporate_bond,"19,900,600","20,000,000","14,030,461","19,909,598",8,candidate-first-four-column-map,candidate column assignment only; unresolved variance remains versus statutory bond base,inspect held long-token and short-token rows; use page-column geometry or tabula-style extraction for final reconciliation
CFKKRGACEDCR-0358,CFKKRGACEDP-0358,Schedule D Part 1 Section 1 issuer-credit obligations owned,226,209111-FY-4,CONSOLIDATED EDISON COMPANY OF NEW YORK,1.G,issuer_credit_or_corporate_bond,"25,514,251","20,000,000","15,620,177","24,816,370",7,candidate-first-four-column-map,candidate column assignment only; unresolved variance remains versus statutory bond base,inspect held long-token and short-token rows; use page-column geometry or tabula-style extraction for final reconciliation
CFKKRGACEDCR-0359,CFKKRGACEDP-0359,Schedule D Part 1 Section 1 issuer-credit obligations owned,226,21036P-AT-5,CONSTELLATION BRANDS INC,2.B,issuer_credit_or_corporate_bond,"9,208,207","9,325,000","7,805,359","9,227,056",8,candidate-first-four-column-map,candidate column assignment only; unresolved variance remains versus statutory bond base,inspect held long-token and short-token rows; use page-column geometry or tabula-style extraction for final reconciliation
CFKKRGACEDCR-0360,CFKKRGACEDP-0360,Schedule D Part 1 Section 1 issuer-credit obligations owned,226,21036P-BG-2,CONSTELLATION BRANDS INC,2.B,issuer_credit_or_corporate_bond,"3,133,770","3,000,000","2,187,948","3,119,693",7,candidate-first-four-column-map,candidate column assignment only; unresolved variance remains versus statutory bond base,inspect held long-token and short-token rows; use page-column geometry or tabula-style extraction for final reconciliation
CFKKRGACEDCR-0361,CFKKRGACEDP-0361,Schedule D Part 1 Section 1 issuer-credit obligations owned,226,21036P-BP-2,CONSTELLATION BRANDS INC,2.B,issuer_credit_or_corporate_bond,"5,695,247","5,669,000","5,699,229","5,695,167",5,candidate-first-four-column-map,candidate column assignment only; unresolved variance remains versus statutory bond base,inspect held long-token and short-token rows; use page-column geometry or tabula-style extraction for final reconciliation
CFKKRGACEDCR-0362,CFKKRGACEDP-0362,Schedule D Part 1 Section 1 issuer-credit obligations owned,226,21871X-AR-0,COREBRIDGE FINANCIAL INC,2.A,issuer_credit_or_corporate_bond,"53,300","50,000","53,086","53,267",4,candidate-first-four-column-map,candidate column assignment only; unresolved variance remains versus statutory bond base,inspect held long-token and short-token rows; use page-column geometry or tabula-style extraction for final reconciliation
CFKKRGACEDCR-0363,CFKKRGACEDP-0363,Schedule D Part 1 Section 1 issuer-credit obligations owned,226,219350-BK-0,CORNING INC,2.A,issuer_credit_or_corporate_bond,"5,826,019","4,740,000","4,596,873","5,720,705",8,candidate-first-four-column-map,candidate column assignment only; unresolved variance remains versus statutory bond base,inspect held long-token and short-token rows; use page-column geometry or tabula-style extraction for final reconciliation
CFKKRGACEDCR-0364,CFKKRGACEDP-0364,Schedule D Part 1 Section 1 issuer-credit obligations owned,226,219350-BP-9,CORNING INC,2.A,issuer_credit_or_corporate_bond,"14,630,226","14,500,000","11,173,704","14,615,268",7,candidate-first-four-column-map,candidate column assignment only; unresolved variance remains versus statutory bond base,inspect held long-token and short-token rows; use page-column geometry or tabula-style extraction for final reconciliation
CFKKRGACEDCR-0365,CFKKRGACEDP-0365,Schedule D Part 1 Section 1 issuer-credit obligations owned,226,219350-BQ-7,CORNING INC,2.A,issuer_credit_or_corporate_bond,"21,806,289","21,560,000","19,721,385","21,802,378",7,candidate-first-four-column-map,candidate column assignment only; unresolved variance remains versus statutory bond base,inspect held long-token and short-token rows; use page-column geometry or tabula-style extraction for final reconciliation
CFKKRGACEDCR-0366,CFKKRGACEDP-0366,Schedule D Part 1 Section 1 issuer-credit obligations owned,226,22160K-AQ-8,COSTCO WHOLESALE CORP,1.C,issuer_credit_or_corporate_bond,"43,545","50,000","43,397","43,629",5,candidate-first-four-column-map,candidate column assignment only; unresolved variance remains versus statutory bond base,inspect held long-token and short-token rows; use page-column geometry or tabula-style extraction for final reconciliation
CFKKRGACEDCR-0367,CFKKRGACEDP-0367,Schedule D Part 1 Section 1 issuer-credit obligations owned,226,222793-AB-7,COUSINS PROPERTIES LP,2.B,issuer_credit_or_corporate_bond,"51,387","50,000","51,544","51,371",5,candidate-first-four-column-map,candidate column assignment only; unresolved variance remains versus statutory bond base,inspect held long-token and short-token rows; use page-column geometry or tabula-style extraction for final reconciliation
CFKKRGACEDCR-0368,CFKKRGACEDP-0368,Schedule D Part 1 Section 1 issuer-credit obligations owned,226,224044-BY-2,COX COMMUNICATIONS INC,2.B,issuer_credit_or_corporate_bond,"1,034,820","1,000,000","798,487","1,025,951",8,candidate-first-four-column-map,candidate column assignment only; unresolved variance remains versus statutory bond base,inspect held long-token and short-token rows; use page-column geometry or tabula-style extraction for final reconciliation
CFKKRGACEDCR-0369,CFKKRGACEDP-0369,Schedule D Part 1 Section 1 issuer-credit obligations owned,226,225313-AN-5,CREDIT AGRICOLE SA,2.A,issuer_credit_or_corporate_bond,"1,990,900","2,000,000","1,411,432","1,992,730",7,candidate-first-four-column-map,candidate column assignment only; unresolved variance remains versus statutory bond base,inspect held long-token and short-token rows; use page-column geometry or tabula-style extraction for final reconciliation
CFKKRGACEDCR-0370,CFKKRGACEDP-0370,Schedule D Part 1 Section 1 issuer-credit obligations owned,226,225313-AQ-8,CREDIT AGRICOLE SA,2.A,issuer_credit_or_corporate_bond,"106,163","101,000","107,267","105,988",5,candidate-first-four-column-map,candidate column assignment only; unresolved variance remains versus statutory bond base,inspect held long-token and short-token rows; use page-column geometry or tabula-style extraction for final reconciliation
CFKKRGACEDCR-0371,CFKKRGACEDP-0371,Schedule D Part 1 Section 1 issuer-credit obligations owned,226,22535W-AN-7,CREDIT AGRICOLE SA,1.G,issuer_credit_or_corporate_bond,"729,485","696,000","734,574","728,492",5,candidate-first-four-column-map,candidate column assignment only; unresolved variance remains versus statutory bond base,inspect held long-token and short-token rows; use page-column geometry or tabula-style extraction for final reconciliation
CFKKRGACEDCR-0372,CFKKRGACEDP-0372,Schedule D Part 1 Section 1 issuer-credit obligations owned,226,22822V-AM-3,CROWN CASTLE INC,2.B,issuer_credit_or_corporate_bond,"1,350,440","1,000,000","906,108","1,305,922",7,candidate-first-four-column-map,candidate column assignment only; unresolved variance remains versus statutory bond base,inspect held long-token and short-token rows; use page-column geometry or tabula-style extraction for final reconciliation
CFKKRGACEDCR-0373,CFKKRGACEDP-0373,Schedule D Part 1 Section 1 issuer-credit obligations owned,226,22822V-AP-6,CROWN CASTLE INC,2.B,issuer_credit_or_corporate_bond,"6,070,621","6,000,000","4,511,076","6,050,431",8,candidate-first-four-column-map,candidate column assignment only; unresolved variance remains versus statutory bond base,inspect held long-token and short-token rows; use page-column geometry or tabula-style extraction for final reconciliation
CFKKRGACEDCR-0374,CFKKRGACEDP-0374,Schedule D Part 1 Section 1 issuer-credit obligations owned,226,22822V-AQ-4,CROWN CASTLE INC,2.B,issuer_credit_or_corporate_bond,"49,323,344","41,019,000","31,941,788","48,357,679",7,candidate-first-four-column-map,candidate column assignment only; unresolved variance remains versus statutory bond base,inspect held long-token and short-token rows; use page-column geometry or tabula-style extraction for final reconciliation
CFKKRGACEDCR-0375,CFKKRGACEDP-0375,Schedule D Part 1 Section 1 issuer-credit obligations owned,226,22822V-BG-5,CROWN CASTLE INC,2.B,issuer_credit_or_corporate_bond,"279,013","281,000","283,996","279,116",7,candidate-first-four-column-map,candidate column assignment only; unresolved variance remains versus statutory bond base,inspect held long-token and short-token rows; use page-column geometry or tabula-style extraction for final reconciliation
CFKKRGACEDCR-0376,CFKKRGACEDP-0376,Schedule D Part 1 Section 1 issuer-credit obligations owned,226,22966R-AK-2,CUBESMART LP,2.B,issuer_credit_or_corporate_bond,"50,200","50,000","50,202","50,201",4,candidate-first-four-column-map,candidate column assignment only; unresolved variance remains versus statutory bond base,inspect held long-token and short-token rows; use page-column geometry or tabula-style extraction for final reconciliation
CFKKRGACEDCR-0377,CFKKRGACEDP-0377,Schedule D Part 1 Section 1 issuer-credit obligations owned,226,231021-AW-6,CUMMINS INC,1.F,issuer_credit_or_corporate_bond,"52,087","50,000","51,858","52,068",4,candidate-first-four-column-map,candidate column assignment only; unresolved variance remains versus statutory bond base,inspect held long-token and short-token rows; use page-column geometry or tabula-style extraction for final reconciliation
CFKKRGACEDCR-0378,CFKKRGACEDP-0378,Schedule D Part 1 Section 1 issuer-credit obligations owned,226,23204H-BM-9,CUSTOMERS BANK,2.B,bank_or_financial_credit,"6,000,000","6,000,000","6,019,241","6,000,000",7,candidate-first-four-column-map,candidate column assignment only; unresolved variance remains versus statutory bond base,inspect held long-token and short-token rows; use page-column geometry or tabula-style extraction for final reconciliation
CFKKRGACEDCR-0379,CFKKRGACEDP-0379,Schedule D Part 1 Section 1 issuer-credit obligations owned,226,23291K-AK-1,DH EUROPE FINANCE II SARL,1.G,finance_company_or_funding_vehicle,"9,828,102","9,825,000","7,110,135","9,828,269",7,candidate-first-four-column-map,candidate column assignment only; unresolved variance remains versus statutory bond base,inspect held long-token and short-token rows; use page-column geometry or tabula-style extraction for final reconciliation
CFKKRGACEDCR-0380,CFKKRGACEDP-0380,Schedule D Part 1 Section 1 issuer-credit obligations owned,226,23311V-AJ-6,DCP MIDSTREAM OPERATING LP,2.B,issuer_credit_or_corporate_bond,"510,785","500,000","509,778","510,103",5,candidate-first-four-column-map,candidate column assignment only; unresolved variance remains versus statutory bond base,inspect held long-token and short-token rows; use page-column geometry or tabula-style extraction for final reconciliation
CFKKRGACEDCR-0381,CFKKRGACEDP-0381,Schedule D Part 1 Section 1 issuer-credit obligations owned,226,233853-AU-4,DAIMLER TRUCK FINANCE NORTH AMERICA LLC,1.G,finance_company_or_funding_vehicle,"186,768","187,000","192,274","186,803",7,candidate-first-four-column-map,candidate column assignment only; unresolved variance remains versus statutory bond base,inspect held long-token and short-token rows; use page-column geometry or tabula-style extraction for final reconciliation
CFKKRGACEDCR-0382,CFKKRGACEDP-0382,Schedule D Part 1 Section 1 issuer-credit obligations owned,226,235851-AV-4,DANAHER CORP,1.F,issuer_credit_or_corporate_bond,"18,804,300","19,000,000","11,655,150","18,829,232",8,candidate-first-four-column-map,candidate column assignment only; unresolved variance remains versus statutory bond base,inspect held long-token and short-token rows; use page-column geometry or tabula-style extraction for final reconciliation
CFKKRGACEDCR-0383,CFKKRGACEDP-0383,Schedule D Part 1 Section 1 issuer-credit obligations owned,226,240019-BV-0,DAYTON POWER AND LIGHT CO,2.A,issuer_credit_or_corporate_bond,"16,833,340","19,588,000","14,614,857","16,991,753",8,candidate-first-four-column-map,candidate column assignment only; unresolved variance remains versus statutory bond base,inspect held long-token and short-token rows; use page-column geometry or tabula-style extraction for final reconciliation
CFKKRGACEDCR-0384,CFKKRGACEDP-0384,Schedule D Part 1 Section 1 issuer-credit obligations owned,226,24422E-VS-5,JOHN DEERE CAPITAL CORP,1.E,finance_company_or_funding_vehicle,"6,733","8,000","7,161","6,895",5,candidate-first-four-column-map,candidate column assignment only; unresolved variance remains versus statutory bond base,inspect held long-token and short-token rows; use page-column geometry or tabula-style extraction for final reconciliation
CFKKRGACEDCR-0385,CFKKRGACEDP-0385,Schedule D Part 1 Section 1 issuer-credit obligations owned,226,24668P-AE-7,KONINKLIJKE AHOLD DELHAIZE NV,2.A,issuer_credit_or_corporate_bond,"52,705","50,000","51,956","52,695",5,candidate-first-four-column-map,candidate column assignment only; unresolved variance remains versus statutory bond base,inspect held long-token and short-token rows; use page-column geometry or tabula-style extraction for final reconciliation
CFKKRGACEDCR-0386,CFKKRGACEDP-0386,Schedule D Part 1 Section 1 issuer-credit obligations owned,227,247109-BT-7,DELMARVA POWER & LIGHT CO,1.F,issuer_credit_or_corporate_bond,"2,679,443","2,415,000","2,044,355","2,618,324",7,candidate-first-four-column-map,candidate column assignment only; unresolved variance remains versus statutory bond base,inspect held long-token and short-token rows; use page-column geometry or tabula-style extraction for final reconciliation
CFKKRGACEDCR-0387,CFKKRGACEDP-0387,Schedule D Part 1 Section 1 issuer-credit obligations owned,227,247361-A3-2,DELTA AIR LINES INC,2.C,issuer_credit_or_corporate_bond,"51,419","50,000","51,403","51,396",5,candidate-first-four-column-map,candidate column assignment only; unresolved variance remains versus statutory bond base,inspect held long-token and short-token rows; use page-column geometry or tabula-style extraction for final reconciliation
CFKKRGACEDCR-0388,CFKKRGACEDP-0388,Schedule D Part 1 Section 1 issuer-credit obligations owned,227,24906P-AA-7,DENTSPLY SIRONA INC,2.C,issuer_credit_or_corporate_bond,"46,105","50,000","46,217","46,177",5,candidate-first-four-column-map,candidate column assignment only; unresolved variance remains versus statutory bond base,inspect held long-token and short-token rows; use page-column geometry or tabula-style extraction for final reconciliation
CFKKRGACEDCR-0389,CFKKRGACEDP-0389,Schedule D Part 1 Section 1 issuer-credit obligations owned,227,251566-AA-3,DEUTSCHE TELEKOM AG,2.A,issuer_credit_or_corporate_bond,"1,557,115","1,680,000","1,214,678","1,556,488",7,candidate-first-four-column-map,candidate column assignment only; unresolved variance remains versus statutory bond base,inspect held long-token and short-token rows; use page-column geometry or tabula-style extraction for final reconciliation
CFKKRGACEDCR-0390,CFKKRGACEDP-0390,Schedule D Part 1 Section 1 issuer-credit obligations owned,227,25156P-AR-4,DEUTSCHE TELEKOM INTERNATIONAL FINANCE B,2.A,finance_company_or_funding_vehicle,"3,823,635","3,500,000","3,231,491","3,744,693",8,candidate-first-four-column-map,candidate column assignment only; unresolved variance remains versus statutory bond base,inspect held long-token and short-token rows; use page-column geometry or tabula-style extraction for final reconciliation
CFKKRGACEDCR-0391,CFKKRGACEDP-0391,Schedule D Part 1 Section 1 issuer-credit obligations owned,227,25179S-AD-2,DEVON FINANCING COMPANY LLC,2.B,issuer_credit_or_corporate_bond,"1,165,860","1,000,000","1,157,134","1,163,528",7,candidate-first-four-column-map,candidate column assignment only; unresolved variance remains versus statutory bond base,inspect held long-token and short-token rows; use page-column geometry or tabula-style extraction for final reconciliation
CFKKRGACEDCR-0392,CFKKRGACEDP-0392,Schedule D Part 1 Section 1 issuer-credit obligations owned,227,254687-ET-9,WALT DISNEY CO,1.F,issuer_credit_or_corporate_bond,"213,776","153,000","153,306","203,247",8,candidate-first-four-column-map,candidate column assignment only; unresolved variance remains versus statutory bond base,inspect held long-token and short-token rows; use page-column geometry or tabula-style extraction for final reconciliation
CFKKRGACEDCR-0393,CFKKRGACEDP-0393,Schedule D Part 1 Section 1 issuer-credit obligations owned,227,254687-EX-0,WALT DISNEY CO,1.F,issuer_credit_or_corporate_bond,"7,072,725","6,700,000","6,306,679","7,018,092",7,candidate-first-four-column-map,candidate column assignment only; unresolved variance remains versus statutory bond base,inspect held long-token and short-token rows; use page-column geometry or tabula-style extraction for final reconciliation
CFKKRGACEDCR-0394,CFKKRGACEDP-0394,Schedule D Part 1 Section 1 issuer-credit obligations owned,227,254687-FB-7,WALT DISNEY CO,1.F,issuer_credit_or_corporate_bond,"3,412,693","3,175,000","2,876,211","3,378,952",7,candidate-first-four-column-map,candidate column assignment only; unresolved variance remains versus statutory bond base,inspect held long-token and short-token rows; use page-column geometry or tabula-style extraction for final reconciliation
CFKKRGACEDCR-0395,CFKKRGACEDP-0395,Schedule D Part 1 Section 1 issuer-credit obligations owned,227,254687-FZ-4,WALT DISNEY CO,1.F,issuer_credit_or_corporate_bond,"10,374","41,011",,,2,short-token-column-hold,candidate column assignment only; unresolved variance remains versus statutory bond base,inspect held long-token and short-token rows; use page-column geometry or tabula-style extraction for final reconciliation
CFKKRGACEDCR-0396,CFKKRGACEDP-0396,Schedule D Part 1 Section 1 issuer-credit obligations owned,227,254687-GA-8,DIS??? 3.800 05/13/60 '59,1.F,issuer_credit_or_corporate_bond,"4,582,200","4,000,000","2,939,466","4,537,469",7,candidate-first-four-column-map,candidate column assignment only; unresolved variance remains versus statutory bond base,inspect held long-token and short-token rows; use page-column geometry or tabula-style extraction for final reconciliation
CFKKRGACEDCR-0397,CFKKRGACEDP-0397,Schedule D Part 1 Section 1 issuer-credit obligations owned,227,254709-AT-5,CAPITAL ONE FINANCIAL CORP,2.B,finance_company_or_funding_vehicle,"144,596","124,000","146,241","143,691",6,candidate-first-four-column-map,candidate column assignment only; unresolved variance remains versus statutory bond base,inspect held long-token and short-token rows; use page-column geometry or tabula-style extraction for final reconciliation
CFKKRGACEDCR-0398,CFKKRGACEDP-0398,Schedule D Part 1 Section 1 issuer-credit obligations owned,227,25601B-2E-4,DNB BANK ASA,1.F,bank_or_financial_credit,"50,057","50,000","49,822","50,056",4,candidate-first-four-column-map,candidate column assignment only; unresolved variance remains versus statutory bond base,inspect held long-token and short-token rows; use page-column geometry or tabula-style extraction for final reconciliation
CFKKRGACEDCR-0399,CFKKRGACEDP-0399,Schedule D Part 1 Section 1 issuer-credit obligations owned,227,256677-AH-8,DOLLAR GENERAL CORP,2.C,issuer_credit_or_corporate_bond,"3,961,610","3,329,000","2,628,125","3,895,318",7,candidate-first-four-column-map,candidate column assignment only; unresolved variance remains versus statutory bond base,inspect held long-token and short-token rows; use page-column geometry or tabula-style extraction for final reconciliation
CFKKRGACEDCR-0400,CFKKRGACEDP-0400,Schedule D Part 1 Section 1 issuer-credit obligations owned,227,260543-CE-1,DOW CHEMICAL CO,2.B,issuer_credit_or_corporate_bond,"5,522,400","5,000,000","4,536,540","5,403,189",7,candidate-first-four-column-map,candidate column assignment only; unresolved variance remains versus statutory bond base,inspect held long-token and short-token rows; use page-column geometry or tabula-style extraction for final reconciliation
CFKKRGACEDCR-0401,CFKKRGACEDP-0401,Schedule D Part 1 Section 1 issuer-credit obligations owned,227,260543-CR-2,DOW CHEMICAL CO,2.B,issuer_credit_or_corporate_bond,"17,744,939","13,950,000","12,296,187","17,311,489",8,candidate-first-four-column-map,candidate column assignment only; unresolved variance remains versus statutory bond base,inspect held long-token and short-token rows; use page-column geometry or tabula-style extraction for final reconciliation
CFKKRGACEDCR-0402,CFKKRGACEDP-0402,Schedule D Part 1 Section 1 issuer-credit obligations owned,227,260543-CV-3,DOW CHEMICAL CO,2.B,issuer_credit_or_corporate_bond,"5,603,020","5,350,000","4,217,745","5,565,435",8,candidate-first-four-column-map,candidate column assignment only; unresolved variance remains versus statutory bond base,inspect held long-token and short-token rows; use page-column geometry or tabula-style extraction for final reconciliation
CFKKRGACEDCR-0403,CFKKRGACEDP-0403,Schedule D Part 1 Section 1 issuer-credit obligations owned,227,260543-DD-2,DOW CHEMICAL CO,2.B,issuer_credit_or_corporate_bond,"17,118,140","15,000,000","9,694,023","16,870,320",7,candidate-first-four-column-map,candidate column assignment only; unresolved variance remains versus statutory bond base,inspect held long-token and short-token rows; use page-column geometry or tabula-style extraction for final reconciliation
CFKKRGACEDCR-0404,CFKKRGACEDP-0404,Schedule D Part 1 Section 1 issuer-credit obligations owned,227,260543-DH-3,DOW CHEMICAL CO,2.B,issuer_credit_or_corporate_bond,"3,894,638","3,450,000","3,541,305","3,888,574",7,candidate-first-four-column-map,candidate column assignment only; unresolved variance remains versus statutory bond base,inspect held long-token and short-token rows; use page-column geometry or tabula-style extraction for final reconciliation
CFKKRGACEDCR-0405,CFKKRGACEDP-0405,Schedule D Part 1 Section 1 issuer-credit obligations owned,227,26078J-AF-7,DUPONT DE NEMOURS INC,2.A,issuer_credit_or_corporate_bond,"11,126,579","8,846,000","8,419,782","10,857,368",7,candidate-first-four-column-map,candidate column assignment only; unresolved variance remains versus statutory bond base,inspect held long-token and short-token rows; use page-column geometry or tabula-style extraction for final reconciliation
CFKKRGACEDCR-0406,CFKKRGACEDP-0406,Schedule D Part 1 Section 1 issuer-credit obligations owned,227,26138E-AT-6,KEURIG DR PEPPER INC,2.B,issuer_credit_or_corporate_bond,"92,927","100,000","83,468","93,966",6,candidate-first-four-column-map,candidate column assignment only; unresolved variance remains versus statutory bond base,inspect held long-token and short-token rows; use page-column geometry or tabula-style extraction for final reconciliation
CFKKRGACEDCR-0407,CFKKRGACEDP-0407,Schedule D Part 1 Section 1 issuer-credit obligations owned,227,26138E-AY-5,KEURIG DR PEPPER INC,2.B,issuer_credit_or_corporate_bond,"7,144,066","7,150,000","5,862,516","7,145,258",7,candidate-first-four-column-map,candidate column assignment only; unresolved variance remains versus statutory bond base,inspect held long-token and short-token rows; use page-column geometry or tabula-style extraction for final reconciliation
CFKKRGACEDCR-0408,CFKKRGACEDP-0408,Schedule D Part 1 Section 1 issuer-credit obligations owned,227,26156F-AA-1,DRESDNER FUNDING TRUST I,3.B,finance_company_or_funding_vehicle,"55,437","50,000","55,042","55,312",5,candidate-first-four-column-map,candidate column assignment only; unresolved variance remains versus statutory bond base,inspect held long-token and short-token rows; use page-column geometry or tabula-style extraction for final reconciliation
CFKKRGACEDCR-0409,CFKKRGACEDP-0409,Schedule D Part 1 Section 1 issuer-credit obligations owned,227,26186R-AA-9,DREXEL UNIVERSITY,1.E,issuer_credit_or_corporate_bond,"14,151,714","16,020,000","11,280,672","14,312,373",8,candidate-first-four-column-map,candidate column assignment only; unresolved variance remains versus statutory bond base,inspect held long-token and short-token rows; use page-column geometry or tabula-style extraction for final reconciliation
CFKKRGACEDCR-0410,CFKKRGACEDP-0410,Schedule D Part 1 Section 1 issuer-credit obligations owned,227,26441C-AP-0,DUKE ENERGY CORP,2.B,utility_or_energy_credit,"1,012,745","860,000","763,517","979,558",7,candidate-first-four-column-map,candidate column assignment only; unresolved variance remains versus statutory bond base,inspect held long-token and short-token rows; use page-column geometry or tabula-style extraction for final reconciliation
CFKKRGACEDCR-0411,CFKKRGACEDP-0411,Schedule D Part 1 Section 1 issuer-credit obligations owned,227,26441C-AT-2,DUKE ENERGY CORP,2.B,utility_or_energy_credit,"4,771,772","4,950,000","3,767,968","4,792,229",8,candidate-first-four-column-map,candidate column assignment only; unresolved variance remains versus statutory bond base,inspect held long-token and short-token rows; use page-column geometry or tabula-style extraction for final reconciliation
CFKKRGACEDCR-0412,CFKKRGACEDP-0412,Schedule D Part 1 Section 1 issuer-credit obligations owned,227,26442C-AZ-7,DUKE ENERGY CAROLINAS LLC,1.F,utility_or_energy_credit,"4,867,200","5,000,000","3,429,622","4,886,033",8,candidate-first-four-column-map,candidate column assignment only; unresolved variance remains versus statutory bond base,inspect held long-token and short-token rows; use page-column geometry or tabula-style extraction for final reconciliation
CFKKRGACEDCR-0413,CFKKRGACEDP-0413,Schedule D Part 1 Section 1 issuer-credit obligations owned,227,26442C-BK-9,DUKE ENERGY CAROLINAS LLC,1.F,utility_or_energy_credit,"49,910,000","50,000,000","48,165,297","49,918,733",8,candidate-first-four-column-map,candidate column assignment only; unresolved variance remains versus statutory bond base,inspect held long-token and short-token rows; use page-column geometry or tabula-style extraction for final reconciliation
CFKKRGACEDCR-0414,CFKKRGACEDP-0414,Schedule D Part 1 Section 1 issuer-credit obligations owned,227,26442U-AK-0,DUKE ENERGY PROGRESS LLC,1.F,utility_or_energy_credit,"5,897,741","6,000,000","3,513,399","5,785,798",8,candidate-first-four-column-map,candidate column assignment only; unresolved variance remains versus statutory bond base,inspect held long-token and short-token rows; use page-column geometry or tabula-style extraction for final reconciliation
CFKKRGACEDCR-0415,CFKKRGACEDP-0415,Schedule D Part 1 Section 1 issuer-credit obligations owned,227,26442U-AP-9,DUKE ENERGY PROGRESS LLC,1.F,utility_or_energy_credit,"9,339,781","11,436,000","8,915,703","9,443,986",8,candidate-first-four-column-map,candidate column assignment only; unresolved variance remains versus statutory bond base,inspect held long-token and short-token rows; use page-column geometry or tabula-style extraction for final reconciliation
CFKKRGACEDCR-0416,CFKKRGACEDP-0416,Schedule D Part 1 Section 1 issuer-credit obligations owned,227,26442U-AV-6,DUKE ENERGY PROGRESS LLC,1.F,utility_or_energy_credit,"4,991,900","5,000,000","4,954,159","4,992,540",7,candidate-first-four-column-map,candidate column assignment only; unresolved variance remains versus statutory bond base,inspect held long-token and short-token rows; use page-column geometry or tabula-style extraction for final reconciliation
CFKKRGACEDCR-0417,CFKKRGACEDP-0417,Schedule D Part 1 Section 1 issuer-credit obligations owned,227,26443T-AB-2,DUKE ENERGY INDIANA LLC,1.F,utility_or_energy_credit,"9,618,048","11,453,000","7,847,889","9,659,379",8,candidate-first-four-column-map,candidate column assignment only; unresolved variance remains versus statutory bond base,inspect held long-token and short-token rows; use page-column geometry or tabula-style extraction for final reconciliation
CFKKRGACEDCR-0418,CFKKRGACEDP-0418,Schedule D Part 1 Section 1 issuer-credit obligations owned,227,26444H-AF-8,DUKE ENERGY FLORIDA LLC,1.F,utility_or_energy_credit,"18,397,049","15,712,000","12,839,072","18,128,518",8,candidate-first-four-column-map,candidate column assignment only; unresolved variance remains versus statutory bond base,inspect held long-token and short-token rows; use page-column geometry or tabula-style extraction for final reconciliation
CFKKRGACEDCR-0419,CFKKRGACEDP-0419,Schedule D Part 1 Section 1 issuer-credit obligations owned,227,26444H-AN-1,DUKE ENERGY FLORIDA LLC,1.F,utility_or_energy_credit,"36,355,626","30,000,000","31,162,698","36,145,957",8,candidate-first-four-column-map,candidate column assignment only; unresolved variance remains versus statutory bond base,inspect held long-token and short-token rows; use page-column geometry or tabula-style extraction for final reconciliation
CFKKRGACEDCR-0420,CFKKRGACEDP-0420,Schedule D Part 1 Section 1 issuer-credit obligations owned,227,26874R-AQ-1,ENI SPA,1.G,issuer_credit_or_corporate_bond,"52,454","50,000","52,399","52,434",4,candidate-first-four-column-map,candidate column assignment only; unresolved variance remains versus statutory bond base,inspect held long-token and short-token rows; use page-column geometry or tabula-style extraction for final reconciliation
CFKKRGACEDCR-0421,CFKKRGACEDP-0421,Schedule D Part 1 Section 1 issuer-credit obligations owned,227,26875P-AT-8,EOG RESOURCES INC,1.G,issuer_credit_or_corporate_bond,"11,761,364","12,000,000","10,760,513","11,783,555",8,candidate-first-four-column-map,candidate column assignment only; unresolved variance remains versus statutory bond base,inspect held long-token and short-token rows; use page-column geometry or tabula-style extraction for final reconciliation
CFKKRGACEDCR-0422,CFKKRGACEDP-0422,Schedule D Part 1 Section 1 issuer-credit obligations owned,227,26884T-AS-1,ERAC USA FINANCE LLC,1.G,finance_company_or_funding_vehicle,"6,574,860","6,000,000","4,995,689","6,494,904",7,candidate-first-four-column-map,candidate column assignment only; unresolved variance remains versus statutory bond base,inspect held long-token and short-token rows; use page-column geometry or tabula-style extraction for final reconciliation
CFKKRGACEDCR-0423,CFKKRGACEDP-0423,Schedule D Part 1 Section 1 issuer-credit obligations owned,227,27636A-AB-8,EASTERN ENERGY GAS HOLDINGS LLC,2.A,utility_or_energy_credit,"345,815","336,000","355,009","345,242",6,candidate-first-four-column-map,candidate column assignment only; unresolved variance remains versus statutory bond base,inspect held long-token and short-token rows; use page-column geometry or tabula-style extraction for final reconciliation
CFKKRGACEDCR-0424,CFKKRGACEDP-0424,Schedule D Part 1 Section 1 issuer-credit obligations owned,227,276480-AB-6,EASTERN GAS TRANSMISSION AND STORAGE INC,1.G,utility_or_energy_credit,"28,439,426","27,085,000","19,814,423","27,914,135",8,candidate-first-four-column-map,candidate column assignment only; unresolved variance remains versus statutory bond base,inspect held long-token and short-token rows; use page-column geometry or tabula-style extraction for final reconciliation
CFKKRGACEDCR-0425,CFKKRGACEDP-0425,Schedule D Part 1 Section 1 issuer-credit obligations owned,227,276480-AF-7,EASTERN GAS TRANSMISSION AND STORAGE INC,1.G,utility_or_energy_credit,"6,762,263","6,052,000","5,367,121","6,644,320",7,candidate-first-four-column-map,candidate column assignment only; unresolved variance remains versus statutory bond base,inspect held long-token and short-token rows; use page-column geometry or tabula-style extraction for final reconciliation
CFKKRGACEDCR-0426,CFKKRGACEDP-0426,Schedule D Part 1 Section 1 issuer-credit obligations owned,227,277432-AP-5,EASTMAN CHEMICAL CO,2.B,issuer_credit_or_corporate_bond,"3,650,083","2,951,000","2,504,789","3,549,516",7,candidate-first-four-column-map,candidate column assignment only; unresolved variance remains versus statutory bond base,inspect held long-token and short-token rows; use page-column geometry or tabula-style extraction for final reconciliation
CFKKRGACEDCR-0427,CFKKRGACEDP-0427,Schedule D Part 1 Section 1 issuer-credit obligations owned,227,278062-AE-4,EATON CORP,1.G,issuer_credit_or_corporate_bond,"2,657,733","2,199,000","1,904,928","2,583,966",8,candidate-first-four-column-map,candidate column assignment only; unresolved variance remains versus statutory bond base,inspect held long-token and short-token rows; use page-column geometry or tabula-style extraction for final reconciliation
CFKKRGACEDCR-0428,CFKKRGACEDP-0428,Schedule D Part 1 Section 1 issuer-credit obligations owned,227,278642-AF-0,EBAY INC,2.A,issuer_credit_or_corporate_bond,"1,085,799","1,187,000","980,851","1,092,234",8,candidate-first-four-column-map,candidate column assignment only; unresolved variance remains versus statutory bond base,inspect held long-token and short-token rows; use page-column geometry or tabula-style extraction for final reconciliation
CFKKRGACEDCR-0429,CFKKRGACEDP-0429,Schedule D Part 1 Section 1 issuer-credit obligations owned,227,278865-AM-2,ECOLAB INC,1.G,issuer_credit_or_corporate_bond,"578,465","442,000","452,208","547,056",8,candidate-first-four-column-map,candidate column assignment only; unresolved variance remains versus statutory bond base,inspect held long-token and short-token rows; use page-column geometry or tabula-style extraction for final reconciliation
CFKKRGACEDCR-0430,CFKKRGACEDP-0430,Schedule D Part 1 Section 1 issuer-credit obligations owned,227,278865-AW-0,ECOLAB INC,1.G,issuer_credit_or_corporate_bond,"357,491","422,000","320,889","362,982",8,candidate-first-four-column-map,candidate column assignment only; unresolved variance remains versus statutory bond base,inspect held long-token and short-token rows; use page-column geometry or tabula-style extraction for final reconciliation
CFKKRGACEDCR-0431,CFKKRGACEDP-0431,Schedule D Part 1 Section 1 issuer-credit obligations owned,228,278865-BA-7,ECOLAB INC,1.G,issuer_credit_or_corporate_bond,"2,465,764","2,709,000","2,189,812","2,485,513",8,candidate-first-four-column-map,candidate column assignment only; unresolved variance remains versus statutory bond base,inspect held long-token and short-token rows; use page-column geometry or tabula-style extraction for final reconciliation
CFKKRGACEDCR-0432,CFKKRGACEDP-0432,Schedule D Part 1 Section 1 issuer-credit obligations owned,228,28176E-AD-0,EDWARDS LIFESCIENCES CORP,2.B,issuer_credit_or_corporate_bond,"50,260","50,000","50,369","50,251",5,candidate-first-four-column-map,candidate column assignment only; unresolved variance remains versus statutory bond base,inspect held long-token and short-token rows; use page-column geometry or tabula-style extraction for final reconciliation
CFKKRGACEDCR-0433,CFKKRGACEDP-0433,Schedule D Part 1 Section 1 issuer-credit obligations owned,228,28370T-AF-6,KINDER MORGAN ENERGY PARTNERS LP,2.B,utility_or_energy_credit,"3,142,434","3,300,000","2,925,383","3,184,910",8,candidate-first-four-column-map,candidate column assignment only; unresolved variance remains versus statutory bond base,inspect held long-token and short-token rows; use page-column geometry or tabula-style extraction for final reconciliation
CFKKRGACEDCR-0434,CFKKRGACEDP-0434,Schedule D Part 1 Section 1 issuer-credit obligations owned,228,28622H-AC-5,ELEVANCE HEALTH INC,2.A,issuer_credit_or_corporate_bond,"297,492","332,000","300,876","297,984",7,candidate-first-four-column-map,candidate column assignment only; unresolved variance remains versus statutory bond base,inspect held long-token and short-token rows; use page-column geometry or tabula-style extraction for final reconciliation
CFKKRGACEDCR-0435,CFKKRGACEDP-0435,Schedule D Part 1 Section 1 issuer-credit obligations owned,228,29250N-CD-5,ENBRIDGE INC,2.A,issuer_credit_or_corporate_bond,"665,918","635,000","643,261","665,846",5,candidate-first-four-column-map,candidate column assignment only; unresolved variance remains versus statutory bond base,inspect held long-token and short-token rows; use page-column geometry or tabula-style extraction for final reconciliation
CFKKRGACEDCR-0436,CFKKRGACEDP-0436,Schedule D Part 1 Section 1 issuer-credit obligations owned,228,29250N-CK-9,ENBRIDGE INC,2.A,issuer_credit_or_corporate_bond,"310,794","304,000","314,662","310,614",5,candidate-first-four-column-map,candidate column assignment only; unresolved variance remains versus statutory bond base,inspect held long-token and short-token rows; use page-column geometry or tabula-style extraction for final reconciliation
CFKKRGACEDCR-0437,CFKKRGACEDP-0437,Schedule D Part 1 Section 1 issuer-credit obligations owned,228,29266M-AF-6,IBERDROLA INTERNATIONAL BV,2.A,issuer_credit_or_corporate_bond,"57,021","50,000","57,043","56,978",6,candidate-first-four-column-map,candidate column assignment only; unresolved variance remains versus statutory bond base,inspect held long-token and short-token rows; use page-column geometry or tabula-style extraction for final reconciliation
CFKKRGACEDCR-0438,CFKKRGACEDP-0438,Schedule D Part 1 Section 1 issuer-credit obligations owned,228,29273R-AZ-2,ENERGY TRANSFER LP,2.B,utility_or_energy_credit,"1,083,054","1,000,000","982,111","1,068,033",7,candidate-first-four-column-map,candidate column assignment only; unresolved variance remains versus statutory bond base,inspect held long-token and short-token rows; use page-column geometry or tabula-style extraction for final reconciliation
CFKKRGACEDCR-0439,CFKKRGACEDP-0439,Schedule D Part 1 Section 1 issuer-credit obligations owned,228,29278G-AC-2,ENEL FINANCE INTERNATIONAL NV,2.A,finance_company_or_funding_vehicle,"9,784,418","9,800,000","8,493,535","9,787,315",7,candidate-first-four-column-map,candidate column assignment only; unresolved variance remains versus statutory bond base,inspect held long-token and short-token rows; use page-column geometry or tabula-style extraction for final reconciliation
CFKKRGACEDCR-0440,CFKKRGACEDP-0440,Schedule D Part 1 Section 1 issuer-credit obligations owned,228,29279F-AA-7,ENERGY TRANSFER OPERATING LP,2.B,utility_or_energy_credit,"14,710,000","12,500,000","12,389,446","14,478,053",7,candidate-first-four-column-map,candidate column assignment only; unresolved variance remains versus statutory bond base,inspect held long-token and short-token rows; use page-column geometry or tabula-style extraction for final reconciliation
CFKKRGACEDCR-0441,CFKKRGACEDP-0441,Schedule D Part 1 Section 1 issuer-credit obligations owned,228,29286D-AA-3,ENGIE SA,2.A,issuer_credit_or_corporate_bond,"51,741","50,000","51,696","51,694",4,candidate-first-four-column-map,candidate column assignment only; unresolved variance remains versus statutory bond base,inspect held long-token and short-token rows; use page-column geometry or tabula-style extraction for final reconciliation
CFKKRGACEDCR-0442,CFKKRGACEDP-0442,Schedule D Part 1 Section 1 issuer-credit obligations owned,228,29364G-AK-9,ENTERGY CORP,2.B,issuer_credit_or_corporate_bond,"5,267,560","5,825,000","4,238,353","5,275,283",7,candidate-first-four-column-map,candidate column assignment only; unresolved variance remains versus statutory bond base,inspect held long-token and short-token rows; use page-column geometry or tabula-style extraction for final reconciliation
CFKKRGACEDCR-0443,CFKKRGACEDP-0443,Schedule D Part 1 Section 1 issuer-credit obligations owned,228,29364W-BB-3,ENTERGY LOUISIANA LLC,1.F,issuer_credit_or_corporate_bond,"17,984,059","15,452,000","12,501,380","17,609,689",8,candidate-first-four-column-map,candidate column assignment only; unresolved variance remains versus statutory bond base,inspect held long-token and short-token rows; use page-column geometry or tabula-style extraction for final reconciliation
CFKKRGACEDCR-0444,CFKKRGACEDP-0444,Schedule D Part 1 Section 1 issuer-credit obligations owned,228,29364W-BC-1,ENTERGY LOUISIANA LLC,1.F,issuer_credit_or_corporate_bond,"6,835,823","5,950,000","4,778,995","6,713,264",8,candidate-first-four-column-map,candidate column assignment only; unresolved variance remains versus statutory bond base,inspect held long-token and short-token rows; use page-column geometry or tabula-style extraction for final reconciliation
CFKKRGACEDCR-0445,CFKKRGACEDP-0445,Schedule D Part 1 Section 1 issuer-credit obligations owned,228,29364W-BN-7,ENTERGY LOUISIANA LLC,1.F,issuer_credit_or_corporate_bond,"11,028,700","10,677,000","10,651,662","11,022,992",7,candidate-first-four-column-map,candidate column assignment only; unresolved variance remains versus statutory bond base,inspect held long-token and short-token rows; use page-column geometry or tabula-style extraction for final reconciliation
CFKKRGACEDCR-0446,CFKKRGACEDP-0446,Schedule D Part 1 Section 1 issuer-credit obligations owned,228,29365T-AM-6,ENTERGY TEXAS INC,1.G,issuer_credit_or_corporate_bond,"138,044","150,000","133,795","138,273",7,candidate-first-four-column-map,candidate column assignment only; unresolved variance remains versus statutory bond base,inspect held long-token and short-token rows; use page-column geometry or tabula-style extraction for final reconciliation
CFKKRGACEDCR-0447,CFKKRGACEDP-0447,Schedule D Part 1 Section 1 issuer-credit obligations owned,228,29366M-AC-2,ENTERGY ARKANSAS LLC,1.F,issuer_credit_or_corporate_bond,"3,694,607","4,100,000","2,796,747","3,693,631",8,candidate-first-four-column-map,candidate column assignment only; unresolved variance remains versus statutory bond base,inspect held long-token and short-token rows; use page-column geometry or tabula-style extraction for final reconciliation
CFKKRGACEDCR-0448,CFKKRGACEDP-0448,Schedule D Part 1 Section 1 issuer-credit obligations owned,228,29366W-AA-4,ENTERGY MISSISSIPPI LLC,1.F,issuer_credit_or_corporate_bond,"1,292,467","1,100,000","843,526","1,270,865",7,candidate-first-four-column-map,candidate column assignment only; unresolved variance remains versus statutory bond base,inspect held long-token and short-token rows; use page-column geometry or tabula-style extraction for final reconciliation
CFKKRGACEDCR-0449,CFKKRGACEDP-0449,Schedule D Part 1 Section 1 issuer-credit obligations owned,228,29379V-BU-6,ENTERPRISE PRODUCTS OPERATING LLC,1.G,issuer_credit_or_corporate_bond,"11,529,200","10,000,000","8,817,586","11,327,166",7,candidate-first-four-column-map,candidate column assignment only; unresolved variance remains versus statutory bond base,inspect held long-token and short-token rows; use page-column geometry or tabula-style extraction for final reconciliation
CFKKRGACEDCR-0450,CFKKRGACEDP-0450,Schedule D Part 1 Section 1 issuer-credit obligations owned,228,29379V-BW-2,ENTERPRISE PRODUCTS OPERATING LLC,1.G,issuer_credit_or_corporate_bond,"12,057,568","10,000,000","8,029,329","11,844,133",8,candidate-first-four-column-map,candidate column assignment only; unresolved variance remains versus statutory bond base,inspect held long-token and short-token rows; use page-column geometry or tabula-style extraction for final reconciliation
CFKKRGACEDCR-0451,CFKKRGACEDP-0451,Schedule D Part 1 Section 1 issuer-credit obligations owned,228,29379V-CA-9,ENTERPRISE PRODUCTS OPERATING LLC,1.G,issuer_credit_or_corporate_bond,"5,097,910","5,600,000","3,726,562","5,091,208",8,candidate-first-four-column-map,candidate column assignment only; unresolved variance remains versus statutory bond base,inspect held long-token and short-token rows; use page-column geometry or tabula-style extraction for final reconciliation
CFKKRGACEDCR-0452,CFKKRGACEDP-0452,Schedule D Part 1 Section 1 issuer-credit obligations owned,228,29444U-BJ-4,EQUINIX INC,2.A,issuer_credit_or_corporate_bond,"2,522,325","2,535,000","1,624,926","2,523,695",7,candidate-first-four-column-map,candidate column assignment only; unresolved variance remains versus statutory bond base,inspect held long-token and short-token rows; use page-column geometry or tabula-style extraction for final reconciliation
CFKKRGACEDCR-0453,CFKKRGACEDP-0453,Schedule D Part 1 Section 1 issuer-credit obligations owned,228,29446M-AC-6,EQUINOR ASA,1.D,issuer_credit_or_corporate_bond,"2,511,361","2,314,000","1,615,544","2,489,292",7,candidate-first-four-column-map,candidate column assignment only; unresolved variance remains versus statutory bond base,inspect held long-token and short-token rows; use page-column geometry or tabula-style extraction for final reconciliation
CFKKRGACEDCR-0454,CFKKRGACEDP-0454,Schedule D Part 1 Section 1 issuer-credit obligations owned,228,29446M-AN-2,EQUINOR ASA,1.D,issuer_credit_or_corporate_bond,"145,956","145,000","148,987","145,934",5,candidate-first-four-column-map,candidate column assignment only; unresolved variance remains versus statutory bond base,inspect held long-token and short-token rows; use page-column geometry or tabula-style extraction for final reconciliation
CFKKRGACEDCR-0455,CFKKRGACEDP-0455,Schedule D Part 1 Section 1 issuer-credit obligations owned,228,29670G-AG-7,ESSENTIAL UTILITIES INC,2.B,issuer_credit_or_corporate_bond,"1,430,968","1,635,000","1,538,537","1,432,949",8,candidate-first-four-column-map,candidate column assignment only; unresolved variance remains versus statutory bond base,inspect held long-token and short-token rows; use page-column geometry or tabula-style extraction for final reconciliation
CFKKRGACEDCR-0456,CFKKRGACEDP-0456,Schedule D Part 1 Section 1 issuer-credit obligations owned,228,29670V-AB-5,ESSENTIAL PROPERTIES LP,2.B,issuer_credit_or_corporate_bond,"50,272","50,000","50,117","50,270",4,candidate-first-four-column-map,candidate column assignment only; unresolved variance remains versus statutory bond base,inspect held long-token and short-token rows; use page-column geometry or tabula-style extraction for final reconciliation
CFKKRGACEDCR-0457,CFKKRGACEDP-0457,Schedule D Part 1 Section 1 issuer-credit obligations owned,228,30036F-AA-9,EVERGY KANSAS CENTRAL INC,1.F,issuer_credit_or_corporate_bond,"2,943,389","3,685,000","2,611,940","2,993,141",8,candidate-first-four-column-map,candidate column assignment only; unresolved variance remains versus statutory bond base,inspect held long-token and short-token rows; use page-column geometry or tabula-style extraction for final reconciliation
CFKKRGACEDCR-0458,CFKKRGACEDP-0458,Schedule D Part 1 Section 1 issuer-credit obligations owned,228,30161N-AV-3,EXELON CORP,2.B,issuer_credit_or_corporate_bond,"5,155,669","4,825,000","4,053,208","5,092,829",8,candidate-first-four-column-map,candidate column assignment only; unresolved variance remains versus statutory bond base,inspect held long-token and short-token rows; use page-column geometry or tabula-style extraction for final reconciliation
CFKKRGACEDCR-0459,CFKKRGACEDP-0459,Schedule D Part 1 Section 1 issuer-credit obligations owned,228,30161N-AY-7,EXELON CORP,2.B,issuer_credit_or_corporate_bond,"8,650,909","6,675,000","5,741,832","8,405,097",8,candidate-first-four-column-map,candidate column assignment only; unresolved variance remains versus statutory bond base,inspect held long-token and short-token rows; use page-column geometry or tabula-style extraction for final reconciliation
CFKKRGACEDCR-0460,CFKKRGACEDP-0460,Schedule D Part 1 Section 1 issuer-credit obligations owned,228,30225V-AS-6,EXTRA SPACE STORAGE LP,2.B,issuer_credit_or_corporate_bond,"45,708","46,000","47,320","45,735",7,candidate-first-four-column-map,candidate column assignment only; unresolved variance remains versus statutory bond base,inspect held long-token and short-token rows; use page-column geometry or tabula-style extraction for final reconciliation
CFKKRGACEDCR-0461,CFKKRGACEDP-0461,Schedule D Part 1 Section 1 issuer-credit obligations owned,228,30231G-AZ-5,EXXON MOBIL CORP,1.D,issuer_credit_or_corporate_bond,"350,175","500,000","342,521","350,480",6,candidate-first-four-column-map,candidate column assignment only; unresolved variance remains versus statutory bond base,inspect held long-token and short-token rows; use page-column geometry or tabula-style extraction for final reconciliation
CFKKRGACEDCR-0462,CFKKRGACEDP-0462,Schedule D Part 1 Section 1 issuer-credit obligations owned,228,30251B-AB-4,FMR LLC,1.E,issuer_credit_or_corporate_bond,"83,885","75,000","83,103","83,845",5,candidate-first-four-column-map,candidate column assignment only; unresolved variance remains versus statutory bond base,inspect held long-token and short-token rows; use page-column geometry or tabula-style extraction for final reconciliation
CFKKRGACEDCR-0463,CFKKRGACEDP-0463,Schedule D Part 1 Section 1 issuer-credit obligations owned,228,30303M-8J-4,META PLATFORMS INC,1.D,issuer_credit_or_corporate_bond,"17,472,600","20,000,000","16,287,945","17,531,312",8,candidate-first-four-column-map,candidate column assignment only; unresolved variance remains versus statutory bond base,inspect held long-token and short-token rows; use page-column geometry or tabula-style extraction for final reconciliation
CFKKRGACEDCR-0464,CFKKRGACEDP-0464,Schedule D Part 1 Section 1 issuer-credit obligations owned,228,30303M-8V-7,META PLATFORMS INC,1.D,issuer_credit_or_corporate_bond,"19,920,200","20,000,000","18,622,962","19,923,744",8,candidate-first-four-column-map,candidate column assignment only; unresolved variance remains versus statutory bond base,inspect held long-token and short-token rows; use page-column geometry or tabula-style extraction for final reconciliation
CFKKRGACEDCR-0465,CFKKRGACEDP-0465,Schedule D Part 1 Section 1 issuer-credit obligations owned,228,30303M-8W-5,META PLATFORMS INC,1.D,issuer_credit_or_corporate_bond,"14,935,200","15,000,000","13,925,275","14,937,842",8,candidate-first-four-column-map,candidate column assignment only; unresolved variance remains versus statutory bond base,inspect held long-token and short-token rows; use page-column geometry or tabula-style extraction for final reconciliation
CFKKRGACEDCR-0466,CFKKRGACEDP-0466,Schedule D Part 1 Section 1 issuer-credit obligations owned,228,30303M-8X-3,META PLATFORMS INC,1.D,issuer_credit_or_corporate_bond,"965,230","967,000","939,561","965,255",6,candidate-first-four-column-map,candidate column assignment only; unresolved variance remains versus statutory bond base,inspect held long-token and short-token rows; use page-column geometry or tabula-style extraction for final reconciliation
CFKKRGACEDCR-0467,CFKKRGACEDP-0467,Schedule D Part 1 Section 1 issuer-credit obligations owned,228,30303M-8Y-1,META PLATFORMS INC,1.D,issuer_credit_or_corporate_bond,"1,449,375","1,451,000","1,385,269","1,449,404",6,candidate-first-four-column-map,candidate column assignment only; unresolved variance remains versus statutory bond base,inspect held long-token and short-token rows; use page-column geometry or tabula-style extraction for final reconciliation
CFKKRGACEDCR-0468,CFKKRGACEDP-0468,Schedule D Part 1 Section 1 issuer-credit obligations owned,228,30303M-AE-2,META PLATFORMS INC,1.D,issuer_credit_or_corporate_bond,"965,298","967,000","928,831","965,319",6,candidate-first-four-column-map,candidate column assignment only; unresolved variance remains versus statutory bond base,inspect held long-token and short-token rows; use page-column geometry or tabula-style extraction for final reconciliation
CFKKRGACEDCR-0469,CFKKRGACEDP-0469,Schedule D Part 1 Section 1 issuer-credit obligations owned,228,303075-AB-1,FACTSET RESEARCH SYSTEMS INC,2.C,issuer_credit_or_corporate_bond,"46,418","50,000","46,484","46,465",5,candidate-first-four-column-map,candidate column assignment only; unresolved variance remains versus statutory bond base,inspect held long-token and short-token rows; use page-column geometry or tabula-style extraction for final reconciliation
CFKKRGACEDCR-0470,CFKKRGACEDP-0470,Schedule D Part 1 Section 1 issuer-credit obligations owned,228,31428X-DM-5,FEDEX CORP,2.B,issuer_credit_or_corporate_bond,"6,217,260","7,500,000","5,943,855","6,556,425",8,candidate-first-four-column-map,candidate column assignment only; unresolved variance remains versus statutory bond base,inspect held long-token and short-token rows; use page-column geometry or tabula-style extraction for final reconciliation
CFKKRGACEDCR-0471,CFKKRGACEDP-0471,Schedule D Part 1 Section 1 issuer-credit obligations owned,228,31428X-DN-3,FEDEX CORP,2.B,issuer_credit_or_corporate_bond,"11,846,500","10,000,000","8,096,435","11,532,361",8,candidate-first-four-column-map,candidate column assignment only; unresolved variance remains versus statutory bond base,inspect held long-token and short-token rows; use page-column geometry or tabula-style extraction for final reconciliation
CFKKRGACEDCR-0472,CFKKRGACEDP-0472,Schedule D Part 1 Section 1 issuer-credit obligations owned,228,31428X-DR-4,FEDEX CORP,2.B,issuer_credit_or_corporate_bond,"4,566,158","4,100,000","3,549,567","4,484,228",7,candidate-first-four-column-map,candidate column assignment only; unresolved variance remains versus statutory bond base,inspect held long-token and short-token rows; use page-column geometry or tabula-style extraction for final reconciliation
CFKKRGACEDCR-0473,CFKKRGACEDP-0473,Schedule D Part 1 Section 1 issuer-credit obligations owned,228,31428X-DU-7,FEDEX CORP,2.B,issuer_credit_or_corporate_bond,"8,523,100","10,000,000","7,658,516","8,689,472",8,candidate-first-four-column-map,candidate column assignment only; unresolved variance remains versus statutory bond base,inspect held long-token and short-token rows; use page-column geometry or tabula-style extraction for final reconciliation
CFKKRGACEDCR-0474,CFKKRGACEDP-0474,Schedule D Part 1 Section 1 issuer-credit obligations owned,228,31428X-DV-5,FEDEX CORP,2.B,issuer_credit_or_corporate_bond,"5,805,842","5,680,000","4,987,530","5,801,671",8,candidate-first-four-column-map,candidate column assignment only; unresolved variance remains versus statutory bond base,inspect held long-token and short-token rows; use page-column geometry or tabula-style extraction for final reconciliation
CFKKRGACEDCR-0475,CFKKRGACEDP-0475,Schedule D Part 1 Section 1 issuer-credit obligations owned,228,31428X-DW-3,FEDEX CORP,2.B,issuer_credit_or_corporate_bond,"2,686,220","2,000,000","1,843,919","2,605,603",7,candidate-first-four-column-map,candidate column assignment only; unresolved variance remains versus statutory bond base,inspect held long-token and short-token rows; use page-column geometry or tabula-style extraction for final reconciliation
CFKKRGACEDCR-0476,CFKKRGACEDP-0476,Schedule D Part 1 Section 1 issuer-credit obligations owned,229,316773-CH-1,FIFTH THIRD BANCORP,2.B,bank_or_financial_credit,"8,383,804","5,700,000","7,014,766","7,560,616",8,candidate-first-four-column-map,candidate column assignment only; unresolved variance remains versus statutory bond base,inspect held long-token and short-token rows; use page-column geometry or tabula-style extraction for final reconciliation
CFKKRGACEDCR-0477,CFKKRGACEDP-0477,Schedule D Part 1 Section 1 issuer-credit obligations owned,229,337738-AV-0,FISERV INC,2.B,issuer_credit_or_corporate_bond,"5,679,121","5,436,000","4,274,367","5,606,948",8,candidate-first-four-column-map,candidate column assignment only; unresolved variance remains versus statutory bond base,inspect held long-token and short-token rows; use page-column geometry or tabula-style extraction for final reconciliation
CFKKRGACEDCR-0478,CFKKRGACEDP-0478,Schedule D Part 1 Section 1 issuer-credit obligations owned,229,33938X-AA-3,FLEX LTD,2.C,issuer_credit_or_corporate_bond,"50,752","50,000","50,759","50,733",5,candidate-first-four-column-map,candidate column assignment only; unresolved variance remains versus statutory bond base,inspect held long-token and short-token rows; use page-column geometry or tabula-style extraction for final reconciliation
CFKKRGACEDCR-0479,CFKKRGACEDP-0479,Schedule D Part 1 Section 1 issuer-credit obligations owned,229,34959E-AB-5,FORTINET INC,2.A,issuer_credit_or_corporate_bond,"449,865","500,000","448,438","450,671",6,candidate-first-four-column-map,candidate column assignment only; unresolved variance remains versus statutory bond base,inspect held long-token and short-token rows; use page-column geometry or tabula-style extraction for final reconciliation
CFKKRGACEDCR-0480,CFKKRGACEDP-0480,Schedule D Part 1 Section 1 issuer-credit obligations owned,229,34959J-AH-1,FORTIVE CORP,2.B,issuer_credit_or_corporate_bond,"8,183,057","7,974,000","6,606,653","8,140,984",8,candidate-first-four-column-map,candidate column assignment only; unresolved variance remains versus statutory bond base,inspect held long-token and short-token rows; use page-column geometry or tabula-style extraction for final reconciliation
CFKKRGACEDCR-0481,CFKKRGACEDP-0481,Schedule D Part 1 Section 1 issuer-credit obligations owned,229,34964C-AH-9,FORTUNE BRANDS INNOVATIONS INC,2.B,issuer_credit_or_corporate_bond,"53,143","50,000","52,966","53,109",5,candidate-first-four-column-map,candidate column assignment only; unresolved variance remains versus statutory bond base,inspect held long-token and short-token rows; use page-column geometry or tabula-style extraction for final reconciliation
CFKKRGACEDCR-0482,CFKKRGACEDP-0482,Schedule D Part 1 Section 1 issuer-credit obligations owned,229,35137L-AN-5,FOX CORP,2.B,issuer_credit_or_corporate_bond,"55,423","50,000","55,238","55,368",4,candidate-first-four-column-map,candidate column assignment only; unresolved variance remains versus statutory bond base,inspect held long-token and short-token rows; use page-column geometry or tabula-style extraction for final reconciliation
CFKKRGACEDCR-0483,CFKKRGACEDP-0483,Schedule D Part 1 Section 1 issuer-credit obligations owned,229,35671D-BJ-3,FREEPORT-MCMORAN INC,2.B,issuer_credit_or_corporate_bond,"51,933","50,000","51,595","51,915",4,candidate-first-four-column-map,candidate column assignment only; unresolved variance remains versus statutory bond base,inspect held long-token and short-token rows; use page-column geometry or tabula-style extraction for final reconciliation
CFKKRGACEDCR-0484,CFKKRGACEDP-0484,Schedule D Part 1 Section 1 issuer-credit obligations owned,229,36264F-AN-1,HALEON US CAPITAL LLC,2.A,finance_company_or_funding_vehicle,"18,621,693","23,365,000","18,431,735","18,841,509",8,candidate-first-four-column-map,candidate column assignment only; unresolved variance remains versus statutory bond base,inspect held long-token and short-token rows; use page-column geometry or tabula-style extraction for final reconciliation
CFKKRGACEDCR-0485,CFKKRGACEDP-0485,Schedule D Part 1 Section 1 issuer-credit obligations owned,229,36266G-AC-1,GE HEALTHCARE TECHNOLOGIES INC,2.B,issuer_credit_or_corporate_bond,"267,687","261,000","271,291","267,454",5,candidate-first-four-column-map,candidate column assignment only; unresolved variance remains versus statutory bond base,inspect held long-token and short-token rows; use page-column geometry or tabula-style extraction for final reconciliation
CFKKRGACEDCR-0486,CFKKRGACEDP-0486,Schedule D Part 1 Section 1 issuer-credit obligations owned,229,369550-BJ-6,GENERAL DYNAMICS CORP,1.F,issuer_credit_or_corporate_bond,"2,200,817","1,680,000","1,418,836","2,142,600",7,candidate-first-four-column-map,candidate column assignment only; unresolved variance remains versus statutory bond base,inspect held long-token and short-token rows; use page-column geometry or tabula-style extraction for final reconciliation
CFKKRGACEDCR-0487,CFKKRGACEDP-0487,Schedule D Part 1 Section 1 issuer-credit obligations owned,229,369604-CA-9,GENERAL ELECTRIC CO,1.G,utility_or_energy_credit,"51,313","50,000","50,790","51,305",5,candidate-first-four-column-map,candidate column assignment only; unresolved variance remains versus statutory bond base,inspect held long-token and short-token rows; use page-column geometry or tabula-style extraction for final reconciliation
CFKKRGACEDCR-0488,CFKKRGACEDP-0488,Schedule D Part 1 Section 1 issuer-credit obligations owned,229,370334-BJ-2,GENERAL MILLS INC,2.B,issuer_credit_or_corporate_bond,"71,191","72,000","72,253","71,211",6,candidate-first-four-column-map,candidate column assignment only; unresolved variance remains versus statutory bond base,inspect held long-token and short-token rows; use page-column geometry or tabula-style extraction for final reconciliation
CFKKRGACEDCR-0489,CFKKRGACEDP-0489,Schedule D Part 1 Section 1 issuer-credit obligations owned,229,370334-CJ-1,GENERAL MILLS INC,2.B,issuer_credit_or_corporate_bond,"3,227,788","3,275,000","2,884,174","3,235,115",8,candidate-first-four-column-map,candidate column assignment only; unresolved variance remains versus statutory bond base,inspect held long-token and short-token rows; use page-column geometry or tabula-style extraction for final reconciliation
CFKKRGACEDCR-0490,CFKKRGACEDP-0490,Schedule D Part 1 Section 1 issuer-credit obligations owned,229,37045V-AF-7,GENERAL MOTORS CO,2.B,issuer_credit_or_corporate_bond,"2,226,240","2,000,000","2,030,114","2,181,183",8,candidate-first-four-column-map,candidate column assignment only; unresolved variance remains versus statutory bond base,inspect held long-token and short-token rows; use page-column geometry or tabula-style extraction for final reconciliation
CFKKRGACEDCR-0491,CFKKRGACEDP-0491,Schedule D Part 1 Section 1 issuer-credit obligations owned,229,37045V-AL-4,GENERAL MOTORS CO,2.B,issuer_credit_or_corporate_bond,"5,629,650","5,000,000","5,364,744","5,524,627",7,candidate-first-four-column-map,candidate column assignment only; unresolved variance remains versus statutory bond base,inspect held long-token and short-token rows; use page-column geometry or tabula-style extraction for final reconciliation
CFKKRGACEDCR-0492,CFKKRGACEDP-0492,Schedule D Part 1 Section 1 issuer-credit obligations owned,229,37310P-AC-5,GEORGETOWN UNIVERSITY,1.G,issuer_credit_or_corporate_bond,"42,684","50,000","41,538","42,699",5,candidate-first-four-column-map,candidate column assignment only; unresolved variance remains versus statutory bond base,inspect held long-token and short-token rows; use page-column geometry or tabula-style extraction for final reconciliation
CFKKRGACEDCR-0493,CFKKRGACEDP-0493,Schedule D Part 1 Section 1 issuer-credit obligations owned,229,373334-KN-0,GEORGIA POWER CO,1.G,issuer_credit_or_corporate_bond,"2,478,556","2,219,000","1,665,451","2,450,846",7,candidate-first-four-column-map,candidate column assignment only; unresolved variance remains versus statutory bond base,inspect held long-token and short-token rows; use page-column geometry or tabula-style extraction for final reconciliation
CFKKRGACEDCR-0494,CFKKRGACEDP-0494,Schedule D Part 1 Section 1 issuer-credit obligations owned,229,373334-LD-1,GEORGIA POWER CO,1.F,issuer_credit_or_corporate_bond,"326,169","318,000","309,527","326,157",5,candidate-first-four-column-map,candidate column assignment only; unresolved variance remains versus statutory bond base,inspect held long-token and short-token rows; use page-column geometry or tabula-style extraction for final reconciliation
CFKKRGACEDCR-0495,CFKKRGACEDP-0495,Schedule D Part 1 Section 1 issuer-credit obligations owned,229,375558-AX-1,GILEAD SCIENCES INC,1.G,issuer_credit_or_corporate_bond,"4,734,371","4,500,000","4,156,296","4,670,187",8,candidate-first-four-column-map,candidate column assignment only; unresolved variance remains versus statutory bond base,inspect held long-token and short-token rows; use page-column geometry or tabula-style extraction for final reconciliation
CFKKRGACEDCR-0496,CFKKRGACEDP-0496,Schedule D Part 1 Section 1 issuer-credit obligations owned,229,375558-BA-0,GILEAD SCIENCES INC,1.G,issuer_credit_or_corporate_bond,"9,561,911","8,945,000","7,914,353","9,400,650",8,candidate-first-four-column-map,candidate column assignment only; unresolved variance remains versus statutory bond base,inspect held long-token and short-token rows; use page-column geometry or tabula-style extraction for final reconciliation
CFKKRGACEDCR-0497,CFKKRGACEDP-0497,Schedule D Part 1 Section 1 issuer-credit obligations owned,229,375558-BD-4,GILEAD SCIENCES INC,1.G,issuer_credit_or_corporate_bond,"19,236,281","16,976,000","15,400,555","18,829,387",8,candidate-first-four-column-map,candidate column assignment only; unresolved variance remains versus statutory bond base,inspect held long-token and short-token rows; use page-column geometry or tabula-style extraction for final reconciliation
CFKKRGACEDCR-0498,CFKKRGACEDP-0498,Schedule D Part 1 Section 1 issuer-credit obligations owned,229,375558-BK-8,GILEAD SCIENCES INC,1.G,issuer_credit_or_corporate_bond,"16,301,750","15,000,000","12,490,364","16,104,350",7,candidate-first-four-column-map,candidate column assignment only; unresolved variance remains versus statutory bond base,inspect held long-token and short-token rows; use page-column geometry or tabula-style extraction for final reconciliation
CFKKRGACEDCR-0499,CFKKRGACEDP-0499,Schedule D Part 1 Section 1 issuer-credit obligations owned,229,375558-BT-9,GILEAD SCIENCES INC,1.G,issuer_credit_or_corporate_bond,"97,247","150,000","95,387","98,375",7,candidate-first-four-column-map,candidate column assignment only; unresolved variance remains versus statutory bond base,inspect held long-token and short-token rows; use page-column geometry or tabula-style extraction for final reconciliation
CFKKRGACEDCR-0500,CFKKRGACEDP-0500,Schedule D Part 1 Section 1 issuer-credit obligations owned,229,375558-CA-9,GILEAD SCIENCES INC,1.G,issuer_credit_or_corporate_bond,"383,768","375,000","373,549","383,648",6,candidate-first-four-column-map,candidate column assignment only; unresolved variance remains versus statutory bond base,inspect held long-token and short-token rows; use page-column geometry or tabula-style extraction for final reconciliation
CFKKRGACEDCR-0501,CFKKRGACEDP-0501,Schedule D Part 1 Section 1 issuer-credit obligations owned,229,375558-CE-1,GILEAD SCIENCES INC,1.G,issuer_credit_or_corporate_bond,"661,314","635,000","632,315","661,303",6,candidate-first-four-column-map,candidate column assignment only; unresolved variance remains versus statutory bond base,inspect held long-token and short-token rows; use page-column geometry or tabula-style extraction for final reconciliation
CFKKRGACEDCR-0502,CFKKRGACEDP-0502,Schedule D Part 1 Section 1 issuer-credit obligations owned,229,37940X-AC-6,GLOBAL PAYMENTS INC,2.C,issuer_credit_or_corporate_bond,"5,623,819","4,410,000","3,293,975","5,469,285",7,candidate-first-four-column-map,candidate column assignment only; unresolved variance remains versus statutory bond base,inspect held long-token and short-token rows; use page-column geometry or tabula-style extraction for final reconciliation
CFKKRGACEDCR-0503,CFKKRGACEDP-0503,Schedule D Part 1 Section 1 issuer-credit obligations owned,229,37940X-AQ-5,GLOBAL PAYMENTS INC,2.C,issuer_credit_or_corporate_bond,"3,295,035","3,239,000","3,296,031","3,294,828",5,candidate-first-four-column-map,candidate column assignment only; unresolved variance remains versus statutory bond base,inspect held long-token and short-token rows; use page-column geometry or tabula-style extraction for final reconciliation
CFKKRGACEDCR-0504,CFKKRGACEDP-0504,Schedule D Part 1 Section 1 issuer-credit obligations owned,229,38141G-B3-7,GOLDMAN SACHS GROUP INC,1.F,issuer_credit_or_corporate_bond,"32,255","32,000","32,890","32,246",4,candidate-first-four-column-map,candidate column assignment only; unresolved variance remains versus statutory bond base,inspect held long-token and short-token rows; use page-column geometry or tabula-style extraction for final reconciliation
CFKKRGACEDCR-0505,CFKKRGACEDP-0505,Schedule D Part 1 Section 1 issuer-credit obligations owned,229,38141G-B7-8,GOLDMAN SACHS GROUP INC,1.F,issuer_credit_or_corporate_bond,"20,573","21,000","21,120","20,594",5,candidate-first-four-column-map,candidate column assignment only; unresolved variance remains versus statutory bond base,inspect held long-token and short-token rows; use page-column geometry or tabula-style extraction for final reconciliation
CFKKRGACEDCR-0506,CFKKRGACEDP-0506,Schedule D Part 1 Section 1 issuer-credit obligations owned,229,38141G-B8-6,GOLDMAN SACHS GROUP INC,1.F,issuer_credit_or_corporate_bond,"113,358","116,000","116,104","113,407",6,candidate-first-four-column-map,candidate column assignment only; unresolved variance remains versus statutory bond base,inspect held long-token and short-token rows; use page-column geometry or tabula-style extraction for final reconciliation
CFKKRGACEDCR-0507,CFKKRGACEDP-0507,Schedule D Part 1 Section 1 issuer-credit obligations owned,229,38141G-C4-4,GOLDMAN SACHS GROUP INC,1.F,issuer_credit_or_corporate_bond,"64,043","63,000","65,423","64,007",6,candidate-first-four-column-map,candidate column assignment only; unresolved variance remains versus statutory bond base,inspect held long-token and short-token rows; use page-column geometry or tabula-style extraction for final reconciliation
CFKKRGACEDCR-0508,CFKKRGACEDP-0508,Schedule D Part 1 Section 1 issuer-credit obligations owned,229,38143Y-AC-7,GOLDMAN SACHS GROUP INC,2.B,issuer_credit_or_corporate_bond,"474,341","435,000","478,089","473,356",7,candidate-first-four-column-map,candidate column assignment only; unresolved variance remains versus statutory bond base,inspect held long-token and short-token rows; use page-column geometry or tabula-style extraction for final reconciliation
CFKKRGACEDCR-0509,CFKKRGACEDP-0509,Schedule D Part 1 Section 1 issuer-credit obligations owned,229,38148L-AF-3,GOLDMAN SACHS GROUP INC,2.B,issuer_credit_or_corporate_bond,"107,136","120,000","112,796","107,323",6,candidate-first-four-column-map,candidate column assignment only; unresolved variance remains versus statutory bond base,inspect held long-token and short-token rows; use page-column geometry or tabula-style extraction for final reconciliation
CFKKRGACEDCR-0510,CFKKRGACEDP-0510,Schedule D Part 1 Section 1 issuer-credit obligations owned,229,384802-AC-8,WW GRAINGER INC,1.E,issuer_credit_or_corporate_bond,"11,096,275","11,527,000","9,158,228","11,162,648",8,candidate-first-four-column-map,candidate column assignment only; unresolved variance remains versus statutory bond base,inspect held long-token and short-token rows; use page-column geometry or tabula-style extraction for final reconciliation
CFKKRGACEDCR-0511,CFKKRGACEDP-0511,Schedule D Part 1 Section 1 issuer-credit obligations owned,229,402740-AG-9,GULFSTREAM NATURAL GAS SYSTEM LLC,2.B,utility_or_energy_credit,"51,518","50,000","51,370","51,509",5,candidate-first-four-column-map,candidate column assignment only; unresolved variance remains versus statutory bond base,inspect held long-token and short-token rows; use page-column geometry or tabula-style extraction for final reconciliation
CFKKRGACEDCR-0512,CFKKRGACEDP-0512,Schedule D Part 1 Section 1 issuer-credit obligations owned,229,404119-BZ-1,HCA INC,2.C,issuer_credit_or_corporate_bond,"7,759,582","9,001,000","8,143,585","7,773,851",8,candidate-first-four-column-map,candidate column assignment only; unresolved variance remains versus statutory bond base,inspect held long-token and short-token rows; use page-column geometry or tabula-style extraction for final reconciliation
CFKKRGACEDCR-0513,CFKKRGACEDP-0513,Schedule D Part 1 Section 1 issuer-credit obligations owned,229,404280-DM-8,HSBC HOLDINGS PLC,2.A,issuer_credit_or_corporate_bond,"4,980,610","4,000,000","4,328,759","4,660,244",8,candidate-first-four-column-map,candidate column assignment only; unresolved variance remains versus statutory bond base,inspect held long-token and short-token rows; use page-column geometry or tabula-style extraction for final reconciliation
CFKKRGACEDCR-0514,CFKKRGACEDP-0514,Schedule D Part 1 Section 1 issuer-credit obligations owned,229,404280-ES-4,HSBC HOLDINGS PLC,1.G,issuer_credit_or_corporate_bond,"61,843","62,000","63,995","61,860",7,candidate-first-four-column-map,candidate column assignment only; unresolved variance remains versus statutory bond base,inspect held long-token and short-token rows; use page-column geometry or tabula-style extraction for final reconciliation
CFKKRGACEDCR-0515,CFKKRGACEDP-0515,Schedule D Part 1 Section 1 issuer-credit obligations owned,229,404280-EX-3,HSBC HOLDINGS PLC,1.G,issuer_credit_or_corporate_bond,"112,393","110,000","116,236","112,322",5,candidate-first-four-column-map,candidate column assignment only; unresolved variance remains versus statutory bond base,inspect held long-token and short-token rows; use page-column geometry or tabula-style extraction for final reconciliation
CFKKRGACEDCR-0516,CFKKRGACEDP-0516,Schedule D Part 1 Section 1 issuer-credit obligations owned,229,404280-FB-0,HSBC HOLDINGS PLC,2.A,issuer_credit_or_corporate_bond,"700,543","680,000","700,244","700,264",5,candidate-first-four-column-map,candidate column assignment only; unresolved variance remains versus statutory bond base,inspect held long-token and short-token rows; use page-column geometry or tabula-style extraction for final reconciliation
CFKKRGACEDCR-0517,CFKKRGACEDP-0517,Schedule D Part 1 Section 1 issuer-credit obligations owned,229,406216-AY-7,HALLIBURTON CO,2.A,issuer_credit_or_corporate_bond,"7,972,426","6,000,000","7,074,463","7,350,822",8,candidate-first-four-column-map,candidate column assignment only; unresolved variance remains versus statutory bond base,inspect held long-token and short-token rows; use page-column geometry or tabula-style extraction for final reconciliation
CFKKRGACEDCR-0518,CFKKRGACEDP-0518,Schedule D Part 1 Section 1 issuer-credit obligations owned,229,406216-BK-6,HALLIBURTON CO,2.A,issuer_credit_or_corporate_bond,"84,195","91,000","81,416","84,235",6,candidate-first-four-column-map,candidate column assignment only; unresolved variance remains versus statutory bond base,inspect held long-token and short-token rows; use page-column geometry or tabula-style extraction for final reconciliation
CFKKRGACEDCR-0519,CFKKRGACEDP-0519,Schedule D Part 1 Section 1 issuer-credit obligations owned,229,413875-AT-2,L3HARRIS TECHNOLOGIES INC,2.B,issuer_credit_or_corporate_bond,"5,162,289","4,525,000","4,336,908","5,032,610",7,candidate-first-four-column-map,candidate column assignment only; unresolved variance remains versus statutory bond base,inspect held long-token and short-token rows; use page-column geometry or tabula-style extraction for final reconciliation
CFKKRGACEDCR-0520,CFKKRGACEDP-0520,Schedule D Part 1 Section 1 issuer-credit obligations owned,229,418056-AS-6,HASBRO INC,2.C,issuer_credit_or_corporate_bond,"9,947,487","8,630,000","9,080,039","9,560,958",8,candidate-first-four-column-map,candidate column assignment only; unresolved variance remains versus statutory bond base,inspect held long-token and short-token rows; use page-column geometry or tabula-style extraction for final reconciliation
CFKKRGACEDCR-0521,CFKKRGACEDP-0521,Schedule D Part 1 Section 1 issuer-credit obligations owned,230,42218S-AF-5,HEALTH CARE SERVICE CORP MUT LEG RES CO,2.A,issuer_credit_or_corporate_bond,"45,593","50,000","45,455","45,677",5,candidate-first-four-column-map,candidate column assignment only; unresolved variance remains versus statutory bond base,inspect held long-token and short-token rows; use page-column geometry or tabula-style extraction for final reconciliation
CFKKRGACEDCR-0522,CFKKRGACEDP-0522,Schedule D Part 1 Section 1 issuer-credit obligations owned,230,423452-AG-6,HELMERICH AND PAYNE INC,2.B,issuer_credit_or_corporate_bond,"44,720","50,000","44,648","44,795",5,candidate-first-four-column-map,candidate column assignment only; unresolved variance remains versus statutory bond base,inspect held long-token and short-token rows; use page-column geometry or tabula-style extraction for final reconciliation
CFKKRGACEDCR-0523,CFKKRGACEDP-0523,Schedule D Part 1 Section 1 issuer-credit obligations owned,230,42824C-AY-5,HEWLETT PACKARD ENTERPRISE CO,2.B,issuer_credit_or_corporate_bond,"3,803,242","2,767,000","2,840,429","3,675,441",7,candidate-first-four-column-map,candidate column assignment only; unresolved variance remains versus statutory bond base,inspect held long-token and short-token rows; use page-column geometry or tabula-style extraction for final reconciliation
CFKKRGACEDCR-0524,CFKKRGACEDP-0524,Schedule D Part 1 Section 1 issuer-credit obligations owned,230,428291-AN-8,HEXCEL CORP,3.A,issuer_credit_or_corporate_bond,"49,838","50,000","49,919","49,851",5,candidate-first-four-column-map,candidate column assignment only; unresolved variance remains versus statutory bond base,inspect held long-token and short-token rows; use page-column geometry or tabula-style extraction for final reconciliation
CFKKRGACEDCR-0525,CFKKRGACEDP-0525,Schedule D Part 1 Section 1 issuer-credit obligations owned,230,431282-AV-4,HIGHWOODS REALTY LP,2.C,issuer_credit_or_corporate_bond,"50,323","50,000","50,077","50,321",4,candidate-first-four-column-map,candidate column assignment only; unresolved variance remains versus statutory bond base,inspect held long-token and short-token rows; use page-column geometry or tabula-style extraction for final reconciliation
CFKKRGACEDCR-0526,CFKKRGACEDP-0526,Schedule D Part 1 Section 1 issuer-credit obligations owned,230,437076-BD-3,HOME DEPOT INC,1.F,issuer_credit_or_corporate_bond,"2,373,285","2,173,000","2,034,923","2,335,885",7,candidate-first-four-column-map,candidate column assignment only; unresolved variance remains versus statutory bond base,inspect held long-token and short-token rows; use page-column geometry or tabula-style extraction for final reconciliation
CFKKRGACEDCR-0527,CFKKRGACEDP-0527,Schedule D Part 1 Section 1 issuer-credit obligations owned,230,437076-BF-8,HOME DEPOT INC,1.F,issuer_credit_or_corporate_bond,"10,812,120","11,375,000","9,884,025","10,826,344",8,candidate-first-four-column-map,candidate column assignment only; unresolved variance remains versus statutory bond base,inspect held long-token and short-token rows; use page-column geometry or tabula-style extraction for final reconciliation
CFKKRGACEDCR-0528,CFKKRGACEDP-0528,Schedule D Part 1 Section 1 issuer-credit obligations owned,230,437076-BH-4,HOME DEPOT INC,1.F,issuer_credit_or_corporate_bond,"424,500","375,000","318,087","416,305",7,candidate-first-four-column-map,candidate column assignment only; unresolved variance remains versus statutory bond base,inspect held long-token and short-token rows; use page-column geometry or tabula-style extraction for final reconciliation
CFKKRGACEDCR-0529,CFKKRGACEDP-0529,Schedule D Part 1 Section 1 issuer-credit obligations owned,230,437076-BP-6,HOME DEPOT INC,1.F,issuer_credit_or_corporate_bond,"7,717,980","8,000,000","5,605,028","7,741,136",8,candidate-first-four-column-map,candidate column assignment only; unresolved variance remains versus statutory bond base,inspect held long-token and short-token rows; use page-column geometry or tabula-style extraction for final reconciliation
CFKKRGACEDCR-0530,CFKKRGACEDP-0530,Schedule D Part 1 Section 1 issuer-credit obligations owned,230,437076-BX-9,HOME DEPOT INC,1.F,issuer_credit_or_corporate_bond,"24,579,677","20,640,000","17,835,057","24,004,747",7,candidate-first-four-column-map,candidate column assignment only; unresolved variance remains versus statutory bond base,inspect held long-token and short-token rows; use page-column geometry or tabula-style extraction for final reconciliation
CFKKRGACEDCR-0531,CFKKRGACEDP-0531,Schedule D Part 1 Section 1 issuer-credit obligations owned,230,437076-BZ-4,HOME DEPOT INC,1.F,issuer_credit_or_corporate_bond,"4,455,045","5,774,000","3,942,806","4,537,538",8,candidate-first-four-column-map,candidate column assignment only; unresolved variance remains versus statutory bond base,inspect held long-token and short-token rows; use page-column geometry or tabula-style extraction for final reconciliation
CFKKRGACEDCR-0532,CFKKRGACEDP-0532,Schedule D Part 1 Section 1 issuer-credit obligations owned,230,437076-CD-2,HOME DEPOT INC,1.F,issuer_credit_or_corporate_bond,"47,289,326","50,002,000","35,326,408","47,205,182",8,candidate-first-four-column-map,candidate column assignment only; unresolved variance remains versus statutory bond base,inspect held long-token and short-token rows; use page-column geometry or tabula-style extraction for final reconciliation
CFKKRGACEDCR-0533,CFKKRGACEDP-0533,Schedule D Part 1 Section 1 issuer-credit obligations owned,230,438516-BS-4,HONEYWELL INTERNATIONAL INC,1.F,issuer_credit_or_corporate_bond,"2,498,974","2,032,000","1,593,232","2,439,427",7,candidate-first-four-column-map,candidate column assignment only; unresolved variance remains versus statutory bond base,inspect held long-token and short-token rows; use page-column geometry or tabula-style extraction for final reconciliation
CFKKRGACEDCR-0534,CFKKRGACEDP-0534,Schedule D Part 1 Section 1 issuer-credit obligations owned,230,438516-CF-1,HONEYWELL INTERNATIONAL INC,1.F,issuer_credit_or_corporate_bond,"32,838","40,000","35,004","33,724",5,candidate-first-four-column-map,candidate column assignment only; unresolved variance remains versus statutory bond base,inspect held long-token and short-token rows; use page-column geometry or tabula-style extraction for final reconciliation
CFKKRGACEDCR-0535,CFKKRGACEDP-0535,Schedule D Part 1 Section 1 issuer-credit obligations owned,230,438516-CK-0,HONEYWELL INTERNATIONAL INC,1.F,issuer_credit_or_corporate_bond,"5,841,338","5,669,000","5,841,652","5,840,667",5,candidate-first-four-column-map,candidate column assignment only; unresolved variance remains versus statutory bond base,inspect held long-token and short-token rows; use page-column geometry or tabula-style extraction for final reconciliation
CFKKRGACEDCR-0536,CFKKRGACEDP-0536,Schedule D Part 1 Section 1 issuer-credit obligations owned,230,438516-CT-1,HONEYWELL INTERNATIONAL INC,1.F,issuer_credit_or_corporate_bond,"11,540,908","12,235,000","11,571,486","11,550,932",8,candidate-first-four-column-map,candidate column assignment only; unresolved variance remains versus statutory bond base,inspect held long-token and short-token rows; use page-column geometry or tabula-style extraction for final reconciliation
CFKKRGACEDCR-0537,CFKKRGACEDP-0537,Schedule D Part 1 Section 1 issuer-credit obligations owned,230,438516-CY-0,HONEYWELL INTERNATIONAL INC,1.F,issuer_credit_or_corporate_bond,"5,789,806","5,669,000","5,795,733","5,788,926",5,candidate-first-four-column-map,candidate column assignment only; unresolved variance remains versus statutory bond base,inspect held long-token and short-token rows; use page-column geometry or tabula-style extraction for final reconciliation
CFKKRGACEDCR-0538,CFKKRGACEDP-0538,Schedule D Part 1 Section 1 issuer-credit obligations owned,230,443510-AL-6,HUBBELL INC,2.A,issuer_credit_or_corporate_bond,"50,044","50,000","49,696","50,044",4,candidate-first-four-column-map,candidate column assignment only; unresolved variance remains versus statutory bond base,inspect held long-token and short-token rows; use page-column geometry or tabula-style extraction for final reconciliation
CFKKRGACEDCR-0539,CFKKRGACEDP-0539,Schedule D Part 1 Section 1 issuer-credit obligations owned,230,444859-BB-7,HUMANA INC,2.B,issuer_credit_or_corporate_bond,"517,360","500,000","432,171","512,830",6,candidate-first-four-column-map,candidate column assignment only; unresolved variance remains versus statutory bond base,inspect held long-token and short-token rows; use page-column geometry or tabula-style extraction for final reconciliation
CFKKRGACEDCR-0540,CFKKRGACEDP-0540,Schedule D Part 1 Section 1 issuer-credit obligations owned,230,444859-BE-1,HUMANA INC,2.B,issuer_credit_or_corporate_bond,"7,605,182","7,000,000","6,203,151","7,469,748",7,candidate-first-four-column-map,candidate column assignment only; unresolved variance remains versus statutory bond base,inspect held long-token and short-token rows; use page-column geometry or tabula-style extraction for final reconciliation
CFKKRGACEDCR-0541,CFKKRGACEDP-0541,Schedule D Part 1 Section 1 issuer-credit obligations owned,230,445658-CG-0,J B HUNT TRANSPORT SERVICES INC,2.A,issuer_credit_or_corporate_bond,"51,191","50,000","51,102","51,168",4,candidate-first-four-column-map,candidate column assignment only; unresolved variance remains versus statutory bond base,inspect held long-token and short-token rows; use page-column geometry or tabula-style extraction for final reconciliation
CFKKRGACEDCR-0542,CFKKRGACEDP-0542,Schedule D Part 1 Section 1 issuer-credit obligations owned,230,448579-AJ-1,HYATT HOTELS CORP,2.C,issuer_credit_or_corporate_bond,"52,390","50,000","52,315","52,341",4,candidate-first-four-column-map,candidate column assignment only; unresolved variance remains versus statutory bond base,inspect held long-token and short-token rows; use page-column geometry or tabula-style extraction for final reconciliation
CFKKRGACEDCR-0543,CFKKRGACEDP-0543,Schedule D Part 1 Section 1 issuer-credit obligations owned,230,45115A-AC-8,ICON INVESTMENTS SIX DAC,2.C,issuer_credit_or_corporate_bond,"52,935","50,000","52,900","52,908",4,candidate-first-four-column-map,candidate column assignment only; unresolved variance remains versus statutory bond base,inspect held long-token and short-token rows; use page-column geometry or tabula-style extraction for final reconciliation
CFKKRGACEDCR-0544,CFKKRGACEDP-0544,Schedule D Part 1 Section 1 issuer-credit obligations owned,230,45138L-BL-6,IDAHO POWER CO,1.G,issuer_credit_or_corporate_bond,"51,055","50,000","50,026","51,055",4,candidate-first-four-column-map,candidate column assignment only; unresolved variance remains versus statutory bond base,inspect held long-token and short-token rows; use page-column geometry or tabula-style extraction for final reconciliation
CFKKRGACEDCR-0545,CFKKRGACEDP-0545,Schedule D Part 1 Section 1 issuer-credit obligations owned,230,45167R-AJ-3,IDEX CORP,2.B,issuer_credit_or_corporate_bond,"51,271","50,000","51,064","51,242",4,candidate-first-four-column-map,candidate column assignment only; unresolved variance remains versus statutory bond base,inspect held long-token and short-token rows; use page-column geometry or tabula-style extraction for final reconciliation
CFKKRGACEDCR-0546,CFKKRGACEDP-0546,Schedule D Part 1 Section 1 issuer-credit obligations owned,230,45262B-AG-8,IMPERIAL BRANDS FINANCE PLC,2.B,finance_company_or_funding_vehicle,"520,650","500,000","518,486","520,246",5,candidate-first-four-column-map,candidate column assignment only; unresolved variance remains versus statutory bond base,inspect held long-token and short-token rows; use page-column geometry or tabula-style extraction for final reconciliation
CFKKRGACEDCR-0547,CFKKRGACEDP-0547,Schedule D Part 1 Section 1 issuer-credit obligations owned,230,454889-AQ-9,INDIANA MICHIGAN POWER CO,2.A,issuer_credit_or_corporate_bond,"11,833,200","10,000,000","8,679,164","11,583,669",7,candidate-first-four-column-map,candidate column assignment only; unresolved variance remains versus statutory bond base,inspect held long-token and short-token rows; use page-column geometry or tabula-style extraction for final reconciliation
CFKKRGACEDCR-0548,CFKKRGACEDP-0548,Schedule D Part 1 Section 1 issuer-credit obligations owned,230,454889-AT-3,INDIANA MICHIGAN POWER CO,2.A,issuer_credit_or_corporate_bond,"5,489,763","4,792,000","3,888,786","5,390,126",7,candidate-first-four-column-map,candidate column assignment only; unresolved variance remains versus statutory bond base,inspect held long-token and short-token rows; use page-column geometry or tabula-style extraction for final reconciliation
CFKKRGACEDCR-0549,CFKKRGACEDP-0549,Schedule D Part 1 Section 1 issuer-credit obligations owned,230,456837-AQ-6,ING GROEP NV,1.G,issuer_credit_or_corporate_bond,"49,948","50,000","49,797","49,949",5,candidate-first-four-column-map,candidate column assignment only; unresolved variance remains versus statutory bond base,inspect held long-token and short-token rows; use page-column geometry or tabula-style extraction for final reconciliation
CFKKRGACEDCR-0550,CFKKRGACEDP-0550,Schedule D Part 1 Section 1 issuer-credit obligations owned,230,458140-AV-2,INTEL CORP,2.B,issuer_credit_or_corporate_bond,"3,673,622","4,446,800","3,412,795","3,709,473",8,candidate-first-four-column-map,candidate column assignment only; unresolved variance remains versus statutory bond base,inspect held long-token and short-token rows; use page-column geometry or tabula-style extraction for final reconciliation
CFKKRGACEDCR-0551,CFKKRGACEDP-0551,Schedule D Part 1 Section 1 issuer-credit obligations owned,230,458140-AY-6,INTEL CORP,2.B,issuer_credit_or_corporate_bond,"9,225,237","8,469,000","6,425,859","9,084,430",8,candidate-first-four-column-map,candidate column assignment only; unresolved variance remains versus statutory bond base,inspect held long-token and short-token rows; use page-column geometry or tabula-style extraction for final reconciliation
CFKKRGACEDCR-0552,CFKKRGACEDP-0552,Schedule D Part 1 Section 1 issuer-credit obligations owned,230,458140-BG-4,INTEL CORP,2.B,issuer_credit_or_corporate_bond,"1,037,673","980,000","699,979","1,028,802",7,candidate-first-four-column-map,candidate column assignment only; unresolved variance remains versus statutory bond base,inspect held long-token and short-token rows; use page-column geometry or tabula-style extraction for final reconciliation
CFKKRGACEDCR-0553,CFKKRGACEDP-0553,Schedule D Part 1 Section 1 issuer-credit obligations owned,230,458140-BJ-8,INTEL CORP,2.B,issuer_credit_or_corporate_bond,"12,777,167","11,762,000","7,522,654","12,572,274",8,candidate-first-four-column-map,candidate column assignment only; unresolved variance remains versus statutory bond base,inspect held long-token and short-token rows; use page-column geometry or tabula-style extraction for final reconciliation
CFKKRGACEDCR-0554,CFKKRGACEDP-0554,Schedule D Part 1 Section 1 issuer-credit obligations owned,230,458140-BM-1,INTEL CORP,2.B,issuer_credit_or_corporate_bond,"66,986,893","61,485,800","50,214,250","66,417,686",8,candidate-first-four-column-map,candidate column assignment only; unresolved variance remains versus statutory bond base,inspect held long-token and short-token rows; use page-column geometry or tabula-style extraction for final reconciliation
CFKKRGACEDCR-0555,CFKKRGACEDP-0555,Schedule D Part 1 Section 1 issuer-credit obligations owned,230,458140-BN-9,INTEL CORP,2.B,issuer_credit_or_corporate_bond,"9,802,649","10,789,100","8,797,643","9,829,588",8,candidate-first-four-column-map,candidate column assignment only; unresolved variance remains versus statutory bond base,inspect held long-token and short-token rows; use page-column geometry or tabula-style extraction for final reconciliation
CFKKRGACEDCR-0556,CFKKRGACEDP-0556,Schedule D Part 1 Section 1 issuer-credit obligations owned,230,45866F-AH-7,INTERCONTINENTAL EXCHANGE INC,1.G,issuer_credit_or_corporate_bond,"8,635,654","6,600,000","5,504,869","8,360,806",7,candidate-first-four-column-map,candidate column assignment only; unresolved variance remains versus statutory bond base,inspect held long-token and short-token rows; use page-column geometry or tabula-style extraction for final reconciliation
CFKKRGACEDCR-0557,CFKKRGACEDP-0557,Schedule D Part 1 Section 1 issuer-credit obligations owned,230,45866F-AX-2,INTERCONTINENTAL EXCHANGE INC,1.G,issuer_credit_or_corporate_bond,"17,527,140","16,516,000","15,176,693","17,491,254",8,candidate-first-four-column-map,candidate column assignment only; unresolved variance remains versus statutory bond base,inspect held long-token and short-token rows; use page-column geometry or tabula-style extraction for final reconciliation
CFKKRGACEDCR-0558,CFKKRGACEDP-0558,Schedule D Part 1 Section 1 issuer-credit obligations owned,230,459200-AP-6,INTERNATIONAL BUSINESS MACHINES CORP,1.G,issuer_credit_or_corporate_bond,"10,173,299","7,800,000","9,273,906","10,152,997",8,candidate-first-four-column-map,candidate column assignment only; unresolved variance remains versus statutory bond base,inspect held long-token and short-token rows; use page-column geometry or tabula-style extraction for final reconciliation
CFKKRGACEDCR-0559,CFKKRGACEDP-0559,Schedule D Part 1 Section 1 issuer-credit obligations owned,230,459200-KB-6,INTERNATIONAL BUSINESS MACHINES CORP,1.G,issuer_credit_or_corporate_bond,"1,859,480","1,765,000","1,577,069","1,835,924",8,candidate-first-four-column-map,candidate column assignment only; unresolved variance remains versus statutory bond base,inspect held long-token and short-token rows; use page-column geometry or tabula-style extraction for final reconciliation
CFKKRGACEDCR-0560,CFKKRGACEDP-0560,Schedule D Part 1 Section 1 issuer-credit obligations owned,230,459506-AS-0,INTERNATIONAL FLAVORS & FRAGRANCES INC,2.C,issuer_credit_or_corporate_bond,"2,508,273","2,304,000","1,585,756","2,487,252",7,candidate-first-four-column-map,candidate column assignment only; unresolved variance remains versus statutory bond base,inspect held long-token and short-token rows; use page-column geometry or tabula-style extraction for final reconciliation
CFKKRGACEDCR-0561,CFKKRGACEDP-0561,Schedule D Part 1 Section 1 issuer-credit obligations owned,230,460146-CN-1,INTERNATIONAL PAPER CO,2.B,issuer_credit_or_corporate_bond,"4,979,985","4,531,000","4,179,310","4,922,556",8,candidate-first-four-column-map,candidate column assignment only; unresolved variance remains versus statutory bond base,inspect held long-token and short-token rows; use page-column geometry or tabula-style extraction for final reconciliation
CFKKRGACEDCR-0562,CFKKRGACEDP-0562,Schedule D Part 1 Section 1 issuer-credit obligations owned,230,460146-CQ-4,INTERNATIONAL PAPER CO,2.B,issuer_credit_or_corporate_bond,"14,533,771","14,401,000","11,855,004","14,496,541",8,candidate-first-four-column-map,candidate column assignment only; unresolved variance remains versus statutory bond base,inspect held long-token and short-token rows; use page-column geometry or tabula-style extraction for final reconciliation
CFKKRGACEDCR-0563,CFKKRGACEDP-0563,Schedule D Part 1 Section 1 issuer-credit obligations owned,230,460146-CS-0,INTERNATIONAL PAPER CO,2.B,issuer_credit_or_corporate_bond,"3,681,619","3,625,000","2,939,931","3,672,966",7,candidate-first-four-column-map,candidate column assignment only; unresolved variance remains versus statutory bond base,inspect held long-token and short-token rows; use page-column geometry or tabula-style extraction for final reconciliation
CFKKRGACEDCR-0564,CFKKRGACEDP-0564,Schedule D Part 1 Section 1 issuer-credit obligations owned,230,461070-AN-4,INTERSTATE POWER AND LIGHT CO,2.A,issuer_credit_or_corporate_bond,"1,131,899","1,248,000","937,074","1,150,032",8,candidate-first-four-column-map,candidate column assignment only; unresolved variance remains versus statutory bond base,inspect held long-token and short-token rows; use page-column geometry or tabula-style extraction for final reconciliation
CFKKRGACEDCR-0565,CFKKRGACEDP-0565,Schedule D Part 1 Section 1 issuer-credit obligations owned,230,46115H-BN-6,INTESA SANPAOLO SPA,1.G,issuer_credit_or_corporate_bond,"41,500,056","33,074,000","27,297,937","40,540,187",8,candidate-first-four-column-map,candidate column assignment only; unresolved variance remains versus statutory bond base,inspect held long-token and short-token rows; use page-column geometry or tabula-style extraction for final reconciliation
CFKKRGACEDCR-0566,CFKKRGACEDP-0566,Schedule D Part 1 Section 1 issuer-credit obligations owned,231,46115H-CF-2,INTESA SANPAOLO SPA,1.G,issuer_credit_or_corporate_bond,"114,667","91,000","111,282","114,611",6,candidate-first-four-column-map,candidate column assignment only; unresolved variance remains versus statutory bond base,inspect held long-token and short-token rows; use page-column geometry or tabula-style extraction for final reconciliation
CFKKRGACEDCR-0567,CFKKRGACEDP-0567,Schedule D Part 1 Section 1 issuer-credit obligations owned,231,46188B-AH-5,INVITATION HOMES OPERATING PARTNERSHIP L,2.B,issuer_credit_or_corporate_bond,"50,659","50,000","50,748","50,653",4,candidate-first-four-column-map,candidate column assignment only; unresolved variance remains versus statutory bond base,inspect held long-token and short-token rows; use page-column geometry or tabula-style extraction for final reconciliation
CFKKRGACEDCR-0568,CFKKRGACEDP-0568,Schedule D Part 1 Section 1 issuer-credit obligations owned,231,465685-AT-2,ITC HOLDINGS CORP,2.B,issuer_credit_or_corporate_bond,"52,492","50,000","52,142","52,469",4,candidate-first-four-column-map,candidate column assignment only; unresolved variance remains versus statutory bond base,inspect held long-token and short-token rows; use page-column geometry or tabula-style extraction for final reconciliation
CFKKRGACEDCR-0569,CFKKRGACEDP-0569,Schedule D Part 1 Section 1 issuer-credit obligations owned,231,46625H-LL-2,JPMORGAN CHASE & CO,1.G,issuer_credit_or_corporate_bond,"11,160,897","10,825,000","10,203,913","11,127,958",8,candidate-first-four-column-map,candidate column assignment only; unresolved variance remains versus statutory bond base,inspect held long-token and short-token rows; use page-column geometry or tabula-style extraction for final reconciliation
CFKKRGACEDCR-0570,CFKKRGACEDP-0570,Schedule D Part 1 Section 1 issuer-credit obligations owned,231,46647P-AA-4,JPMORGAN CHASE & CO,1.F,issuer_credit_or_corporate_bond,"3,428,736","3,581,000","3,041,612","3,450,049",8,candidate-first-four-column-map,candidate column assignment only; unresolved variance remains versus statutory bond base,inspect held long-token and short-token rows; use page-column geometry or tabula-style extraction for final reconciliation
CFKKRGACEDCR-0571,CFKKRGACEDP-0571,Schedule D Part 1 Section 1 issuer-credit obligations owned,231,46647P-AL-0,JPMORGAN CHASE & CO,1.F,issuer_credit_or_corporate_bond,"2,007,902","1,680,000","1,353,288","1,968,590",7,candidate-first-four-column-map,candidate column assignment only; unresolved variance remains versus statutory bond base,inspect held long-token and short-token rows; use page-column geometry or tabula-style extraction for final reconciliation
CFKKRGACEDCR-0572,CFKKRGACEDP-0572,Schedule D Part 1 Section 1 issuer-credit obligations owned,231,46647P-FC-5,JPMORGAN CHASE & CO,1.F,issuer_credit_or_corporate_bond,"513,130","500,000","517,416","512,771",5,candidate-first-four-column-map,candidate column assignment only; unresolved variance remains versus statutory bond base,inspect held long-token and short-token rows; use page-column geometry or tabula-style extraction for final reconciliation
CFKKRGACEDCR-0573,CFKKRGACEDP-0573,Schedule D Part 1 Section 1 issuer-credit obligations owned,231,46647P-FE-1,JPMORGAN CHASE & CO,1.E,issuer_credit_or_corporate_bond,"594,189","589,000","585,082","594,115",5,candidate-first-four-column-map,candidate column assignment only; unresolved variance remains versus statutory bond base,inspect held long-token and short-token rows; use page-column geometry or tabula-style extraction for final reconciliation
CFKKRGACEDCR-0574,CFKKRGACEDP-0574,Schedule D Part 1 Section 1 issuer-credit obligations owned,231,46653K-AB-4,JAB HOLDINGS BV,2.B,issuer_credit_or_corporate_bond,"8,693,597","7,900,000","5,426,436","8,616,054",7,candidate-first-four-column-map,candidate column assignment only; unresolved variance remains versus statutory bond base,inspect held long-token and short-token rows; use page-column geometry or tabula-style extraction for final reconciliation
CFKKRGACEDCR-0575,CFKKRGACEDP-0575,Schedule D Part 1 Section 1 issuer-credit obligations owned,231,471105-AE-6,JAPAN TOBACCO INC,1.F,issuer_credit_or_corporate_bond,"53,759","50,000","53,395","53,731",5,candidate-first-four-column-map,candidate column assignment only; unresolved variance remains versus statutory bond base,inspect held long-token and short-token rows; use page-column geometry or tabula-style extraction for final reconciliation
CFKKRGACEDCR-0576,CFKKRGACEDP-0576,Schedule D Part 1 Section 1 issuer-credit obligations owned,231,478045-AA-5,JOHN SEVIER COMBINED CYCLE GENERATION LL,1.C,issuer_credit_or_corporate_bond,"455,985","481,934","469,714","458,534",7,candidate-first-four-column-map,candidate column assignment only; unresolved variance remains versus statutory bond base,inspect held long-token and short-token rows; use page-column geometry or tabula-style extraction for final reconciliation
CFKKRGACEDCR-0577,CFKKRGACEDP-0577,Schedule D Part 1 Section 1 issuer-credit obligations owned,231,478160-CL-6,JOHNSON & JOHNSON,1.A,issuer_credit_or_corporate_bond,"10,883","13,000","11,436","10,994",5,candidate-first-four-column-map,candidate column assignment only; unresolved variance remains versus statutory bond base,inspect held long-token and short-token rows; use page-column geometry or tabula-style extraction for final reconciliation
CFKKRGACEDCR-0578,CFKKRGACEDP-0578,Schedule D Part 1 Section 1 issuer-credit obligations owned,231,478165-AH-6,S C JOHNSON & SON INC,2.A,issuer_credit_or_corporate_bond,"5,743,230","5,375,000","4,760,008","5,676,076",7,candidate-first-four-column-map,candidate column assignment only; unresolved variance remains versus statutory bond base,inspect held long-token and short-token rows; use page-column geometry or tabula-style extraction for final reconciliation
CFKKRGACEDCR-0579,CFKKRGACEDP-0579,Schedule D Part 1 Section 1 issuer-credit obligations owned,231,47837R-AE-0,JOHNSON CONTROLS INTERNATIONAL PLC,2.A,issuer_credit_or_corporate_bond,"51,269","50,000","50,850","51,254",5,candidate-first-four-column-map,candidate column assignment only; unresolved variance remains versus statutory bond base,inspect held long-token and short-token rows; use page-column geometry or tabula-style extraction for final reconciliation
CFKKRGACEDCR-0580,CFKKRGACEDP-0580,Schedule D Part 1 Section 1 issuer-credit obligations owned,231,48203R-AP-9,JUNIPER NETWORKS INC,2.B,issuer_credit_or_corporate_bond,"44,267","50,000","44,224","44,363",5,candidate-first-four-column-map,candidate column assignment only; unresolved variance remains versus statutory bond base,inspect held long-token and short-token rows; use page-column geometry or tabula-style extraction for final reconciliation
CFKKRGACEDCR-0581,CFKKRGACEDP-0581,Schedule D Part 1 Section 1 issuer-credit obligations owned,231,485134-BS-8,EVERGY METRO INC,1.F,issuer_credit_or_corporate_bond,"15,479,736","13,619,500","10,967,021","15,251,319",8,candidate-first-four-column-map,candidate column assignment only; unresolved variance remains versus statutory bond base,inspect held long-token and short-token rows; use page-column geometry or tabula-style extraction for final reconciliation
CFKKRGACEDCR-0582,CFKKRGACEDP-0582,Schedule D Part 1 Section 1 issuer-credit obligations owned,231,485260-BK-8,KANSAS GAS & ELEC CO NAME CHANGED TO WES,1.F,utility_or_energy_credit,"850,212","700,000","758,165","796,047",8,candidate-first-four-column-map,candidate column assignment only; unresolved variance remains versus statutory bond base,inspect held long-token and short-token rows; use page-column geometry or tabula-style extraction for final reconciliation
CFKKRGACEDCR-0583,CFKKRGACEDP-0583,Schedule D Part 1 Section 1 issuer-credit obligations owned,231,487836-BQ-0,KELLANOVA,2.A,issuer_credit_or_corporate_bond,"7,842,047","7,950,000","7,008,966","7,829,237",7,candidate-first-four-column-map,candidate column assignment only; unresolved variance remains versus statutory bond base,inspect held long-token and short-token rows; use page-column geometry or tabula-style extraction for final reconciliation
CFKKRGACEDCR-0584,CFKKRGACEDP-0584,Schedule D Part 1 Section 1 issuer-credit obligations owned,231,491674-BL-0,KENTUCKY UTILITIES CO,1.F,issuer_credit_or_corporate_bond,"10,102,469","8,720,000","7,386,127","9,908,462",7,candidate-first-four-column-map,candidate column assignment only; unresolved variance remains versus statutory bond base,inspect held long-token and short-token rows; use page-column geometry or tabula-style extraction for final reconciliation
CFKKRGACEDCR-0585,CFKKRGACEDP-0585,Schedule D Part 1 Section 1 issuer-credit obligations owned,231,49271V-AD-2,KEURIG DR PEPPER INC,2.B,issuer_credit_or_corporate_bond,"15,000,000","15,000,000","13,364,905","15,000,000",7,candidate-first-four-column-map,candidate column assignment only; unresolved variance remains versus statutory bond base,inspect held long-token and short-token rows; use page-column geometry or tabula-style extraction for final reconciliation
CFKKRGACEDCR-0586,CFKKRGACEDP-0586,Schedule D Part 1 Section 1 issuer-credit obligations owned,231,49338C-AC-7,KEYSPAN GAS EAST CORP,2.A,utility_or_energy_credit,"4,910,614","7,365,000","4,934,466","4,945,867",8,candidate-first-four-column-map,candidate column assignment only; unresolved variance remains versus statutory bond base,inspect held long-token and short-token rows; use page-column geometry or tabula-style extraction for final reconciliation
CFKKRGACEDCR-0587,CFKKRGACEDP-0587,Schedule D Part 1 Section 1 issuer-credit obligations owned,231,49338L-AG-8,KEYSIGHT TECHNOLOGIES INC,2.A,issuer_credit_or_corporate_bond,"50,667","50,000","50,496","50,662",4,candidate-first-four-column-map,candidate column assignment only; unresolved variance remains versus statutory bond base,inspect held long-token and short-token rows; use page-column geometry or tabula-style extraction for final reconciliation
CFKKRGACEDCR-0588,CFKKRGACEDP-0588,Schedule D Part 1 Section 1 issuer-credit obligations owned,231,49427R-AP-7,KILROY REALTY LP,2.C,issuer_credit_or_corporate_bond,"89,150","96,000","89,398","89,287",6,candidate-first-four-column-map,candidate column assignment only; unresolved variance remains versus statutory bond base,inspect held long-token and short-token rows; use page-column geometry or tabula-style extraction for final reconciliation
CFKKRGACEDCR-0589,CFKKRGACEDP-0589,Schedule D Part 1 Section 1 issuer-credit obligations owned,231,49446R-AM-1,KIMCO REALTY OP LLC,1.G,issuer_credit_or_corporate_bond,"8,679,947","8,800,000","7,427,672","8,707,404",8,candidate-first-four-column-map,candidate column assignment only; unresolved variance remains versus statutory bond base,inspect held long-token and short-token rows; use page-column geometry or tabula-style extraction for final reconciliation
CFKKRGACEDCR-0590,CFKKRGACEDP-0590,Schedule D Part 1 Section 1 issuer-credit obligations owned,231,494550-AW-6,KINDER MORGAN ENERGY PARTNERS LP,2.B,utility_or_energy_credit,"331,494","300,000","337,409","329,656",8,candidate-first-four-column-map,candidate column assignment only; unresolved variance remains versus statutory bond base,inspect held long-token and short-token rows; use page-column geometry or tabula-style extraction for final reconciliation
CFKKRGACEDCR-0591,CFKKRGACEDP-0591,Schedule D Part 1 Section 1 issuer-credit obligations owned,231,49456B-AQ-4,KINDER MORGAN INC,2.B,issuer_credit_or_corporate_bond,"3,138,982","3,450,000","3,161,746","3,146,905",8,candidate-first-four-column-map,candidate column assignment only; unresolved variance remains versus statutory bond base,inspect held long-token and short-token rows; use page-column geometry or tabula-style extraction for final reconciliation
CFKKRGACEDCR-0592,CFKKRGACEDP-0592,Schedule D Part 1 Section 1 issuer-credit obligations owned,231,49456B-AS-0,KINDER MORGAN INC,2.B,issuer_credit_or_corporate_bond,"4,458,679","5,000,000","3,322,038","4,452,823",8,candidate-first-four-column-map,candidate column assignment only; unresolved variance remains versus statutory bond base,inspect held long-token and short-token rows; use page-column geometry or tabula-style extraction for final reconciliation
CFKKRGACEDCR-0593,CFKKRGACEDP-0593,Schedule D Part 1 Section 1 issuer-credit obligations owned,231,49456B-AT-8,KINDER MORGAN INC,2.B,issuer_credit_or_corporate_bond,"3,006,228","3,456,000","2,424,790","3,008,971",8,candidate-first-four-column-map,candidate column assignment only; unresolved variance remains versus statutory bond base,inspect held long-token and short-token rows; use page-column geometry or tabula-style extraction for final reconciliation
CFKKRGACEDCR-0594,CFKKRGACEDP-0594,Schedule D Part 1 Section 1 issuer-credit obligations owned,231,49803X-AF-0,KITE REALTY GROUP LP,2.B,issuer_credit_or_corporate_bond,"50,991","50,000","50,897","50,978",5,candidate-first-four-column-map,candidate column assignment only; unresolved variance remains versus statutory bond base,inspect held long-token and short-token rows; use page-column geometry or tabula-style extraction for final reconciliation
CFKKRGACEDCR-0595,CFKKRGACEDP-0595,Schedule D Part 1 Section 1 issuer-credit obligations owned,231,50077L-AZ-9,KRAFT HEINZ FOODS CO,2.B,issuer_credit_or_corporate_bond,"219,373","261,000","224,739","219,871",7,candidate-first-four-column-map,candidate column assignment only; unresolved variance remains versus statutory bond base,inspect held long-token and short-token rows; use page-column geometry or tabula-style extraction for final reconciliation
CFKKRGACEDCR-0596,CFKKRGACEDP-0596,Schedule D Part 1 Section 1 issuer-credit obligations owned,231,501044-DF-5,KROGER CO,2.A,issuer_credit_or_corporate_bond,"1,901,995","1,680,000","1,308,292","1,873,686",7,candidate-first-four-column-map,candidate column assignment only; unresolved variance remains versus statutory bond base,inspect held long-token and short-token rows; use page-column geometry or tabula-style extraction for final reconciliation
CFKKRGACEDCR-0597,CFKKRGACEDP-0597,Schedule D Part 1 Section 1 issuer-credit obligations owned,231,501044-DM-0,KROGER CO,2.B,issuer_credit_or_corporate_bond,"4,391,704","3,450,780","3,305,695","4,288,579",7,candidate-first-four-column-map,candidate column assignment only; unresolved variance remains versus statutory bond base,inspect held long-token and short-token rows; use page-column geometry or tabula-style extraction for final reconciliation
CFKKRGACEDCR-0598,CFKKRGACEDP-0598,Schedule D Part 1 Section 1 issuer-credit obligations owned,231,501044-DN-8,KROGER CO,2.B,issuer_credit_or_corporate_bond,"464,690","634,000","486,357","466,630",8,candidate-first-four-column-map,candidate column assignment only; unresolved variance remains versus statutory bond base,inspect held long-token and short-token rows; use page-column geometry or tabula-style extraction for final reconciliation
CFKKRGACEDCR-0599,CFKKRGACEDP-0599,Schedule D Part 1 Section 1 issuer-credit obligations owned,231,50247V-AC-3,LYB INTERNATIONAL FINANCE BV,2.B,finance_company_or_funding_vehicle,"5,930,572","5,750,000","4,776,414","5,892,653",8,candidate-first-four-column-map,candidate column assignment only; unresolved variance remains versus statutory bond base,inspect held long-token and short-token rows; use page-column geometry or tabula-style extraction for final reconciliation
CFKKRGACEDCR-0600,CFKKRGACEDP-0600,Schedule D Part 1 Section 1 issuer-credit obligations owned,231,50249A-AD-5,LYB INTERNATIONAL FINANCE III LLC,2.B,finance_company_or_funding_vehicle,"2,240,766","2,000,000","1,430,003","2,213,455",7,candidate-first-four-column-map,candidate column assignment only; unresolved variance remains versus statutory bond base,inspect held long-token and short-token rows; use page-column geometry or tabula-style extraction for final reconciliation
CFKKRGACEDCR-0601,CFKKRGACEDP-0601,Schedule D Part 1 Section 1 issuer-credit obligations owned,231,50540R-AS-1,LABORATORY CORPORATION OF AMERICA HOLDIN,2.B,issuer_credit_or_corporate_bond,"14,663,633","14,910,600","13,308,955","14,647,255",8,candidate-first-four-column-map,candidate column assignment only; unresolved variance remains versus statutory bond base,inspect held long-token and short-token rows; use page-column geometry or tabula-style extraction for final reconciliation
CFKKRGACEDCR-0602,CFKKRGACEDP-0602,Schedule D Part 1 Section 1 issuer-credit obligations owned,231,512807-AW-8,LAM RESEARCH CORP,1.G,issuer_credit_or_corporate_bond,"5,782,433","5,864,000","3,822,260","5,791,454",8,candidate-first-four-column-map,candidate column assignment only; unresolved variance remains versus statutory bond base,inspect held long-token and short-token rows; use page-column geometry or tabula-style extraction for final reconciliation
CFKKRGACEDCR-0603,CFKKRGACEDP-0603,Schedule D Part 1 Section 1 issuer-credit obligations owned,231,53079E-BG-8,LIBERTY MUTUAL GROUP INC,2.B,issuer_credit_or_corporate_bond,"50,425","50,000","50,297","50,415",5,candidate-first-four-column-map,candidate column assignment only; unresolved variance remains versus statutory bond base,inspect held long-token and short-token rows; use page-column geometry or tabula-style extraction for final reconciliation
CFKKRGACEDCR-0604,CFKKRGACEDP-0604,Schedule D Part 1 Section 1 issuer-credit obligations owned,231,532457-BT-4,ELI LILLY AND CO,1.E,issuer_credit_or_corporate_bond,"1,425,948","1,400,000","1,127,424","1,422,392",7,candidate-first-four-column-map,candidate column assignment only; unresolved variance remains versus statutory bond base,inspect held long-token and short-token rows; use page-column geometry or tabula-style extraction for final reconciliation
CFKKRGACEDCR-0605,CFKKRGACEDP-0605,Schedule D Part 1 Section 1 issuer-credit obligations owned,231,532457-CM-8,ELI LILLY AND CO,1.E,issuer_credit_or_corporate_bond,"14,595,359","15,693,000","14,675,173","14,611,379",8,candidate-first-four-column-map,candidate column assignment only; unresolved variance remains versus statutory bond base,inspect held long-token and short-token rows; use page-column geometry or tabula-style extraction for final reconciliation
CFKKRGACEDCR-0606,CFKKRGACEDP-0606,Schedule D Part 1 Section 1 issuer-credit obligations owned,231,532457-CS-5,ELI LILLY AND CO,1.E,issuer_credit_or_corporate_bond,"674,532","693,000","649,587","674,933",7,candidate-first-four-column-map,candidate column assignment only; unresolved variance remains versus statutory bond base,inspect held long-token and short-token rows; use page-column geometry or tabula-style extraction for final reconciliation
CFKKRGACEDCR-0607,CFKKRGACEDP-0607,Schedule D Part 1 Section 1 issuer-credit obligations owned,231,532457-DG-0,ELI LILLY AND CO,1.E,issuer_credit_or_corporate_bond,"674,561","635,000","640,359","674,567",5,candidate-first-four-column-map,candidate column assignment only; unresolved variance remains versus statutory bond base,inspect held long-token and short-token rows; use page-column geometry or tabula-style extraction for final reconciliation
CFKKRGACEDCR-0608,CFKKRGACEDP-0608,Schedule D Part 1 Section 1 issuer-credit obligations owned,231,53359K-AC-5,LINCOLN FINANCIAL GLOBAL FUNDING,1.E,finance_company_or_funding_vehicle,"50,376","50,000","50,366","50,370",5,candidate-first-four-column-map,candidate column assignment only; unresolved variance remains versus statutory bond base,inspect held long-token and short-token rows; use page-column geometry or tabula-style extraction for final reconciliation
CFKKRGACEDCR-0609,CFKKRGACEDP-0609,Schedule D Part 1 Section 1 issuer-credit obligations owned,231,539439-BE-8,LLOYDS BANKING GROUP PLC,2.A,bank_or_financial_credit,"1,097,325","1,059,000","1,113,944","1,096,322",7,candidate-first-four-column-map,candidate column assignment only; unresolved variance remains versus statutory bond base,inspect held long-token and short-token rows; use page-column geometry or tabula-style extraction for final reconciliation
CFKKRGACEDCR-0610,CFKKRGACEDP-0610,Schedule D Part 1 Section 1 issuer-credit obligations owned,231,53944Y-AE-3,LLOYDS BANKING GROUP PLC,2.A,bank_or_financial_credit,"18,432","86,678",,,2,short-token-column-hold,candidate column assignment only; unresolved variance remains versus statutory bond base,inspect held long-token and short-token rows; use page-column geometry or tabula-style extraction for final reconciliation
CFKKRGACEDCR-0611,CFKKRGACEDP-0611,Schedule D Part 1 Section 1 issuer-credit obligations owned,232,539830-BL-2,LOCKHEED MARTIN CORP,1.F,issuer_credit_or_corporate_bond,"9,256,907","8,025,000","7,283,981","9,045,205",8,candidate-first-four-column-map,candidate column assignment only; unresolved variance remains versus statutory bond base,inspect held long-token and short-token rows; use page-column geometry or tabula-style extraction for final reconciliation
CFKKRGACEDCR-0612,CFKKRGACEDP-0612,Schedule D Part 1 Section 1 issuer-credit obligations owned,232,539830-BN-8,LOCKHEED MARTIN CORP,1.F,issuer_credit_or_corporate_bond,"7,504,481","5,972,000","4,740,278","7,353,567",8,candidate-first-four-column-map,candidate column assignment only; unresolved variance remains versus statutory bond base,inspect held long-token and short-token rows; use page-column geometry or tabula-style extraction for final reconciliation
CFKKRGACEDCR-0613,CFKKRGACEDP-0613,Schedule D Part 1 Section 1 issuer-credit obligations owned,232,539830-BS-7,LOCKHEED MARTIN CORP,1.F,issuer_credit_or_corporate_bond,"745,606","929,000","743,006","748,273",8,candidate-first-four-column-map,candidate column assignment only; unresolved variance remains versus statutory bond base,inspect held long-token and short-token rows; use page-column geometry or tabula-style extraction for final reconciliation
CFKKRGACEDCR-0614,CFKKRGACEDP-0614,Schedule D Part 1 Section 1 issuer-credit obligations owned,232,539830-BX-6,LOCKHEED MARTIN CORP,1.F,issuer_credit_or_corporate_bond,"6,119,989","5,992,000","6,056,237","6,119,039",6,candidate-first-four-column-map,candidate column assignment only; unresolved variance remains versus statutory bond base,inspect held long-token and short-token rows; use page-column geometry or tabula-style extraction for final reconciliation
CFKKRGACEDCR-0615,CFKKRGACEDP-0615,Schedule D Part 1 Section 1 issuer-credit obligations owned,232,546676-AY-3,LOUISVILLE GAS AND ELECTRIC CO,1.F,utility_or_energy_credit,"23,606,755","22,182,000","18,210,480","23,364,177",8,candidate-first-four-column-map,candidate column assignment only; unresolved variance remains versus statutory bond base,inspect held long-token and short-token rows; use page-column geometry or tabula-style extraction for final reconciliation
CFKKRGACEDCR-0616,CFKKRGACEDP-0616,Schedule D Part 1 Section 1 issuer-credit obligations owned,232,548661-DQ-7,LOWE'S COMPANIES INC,2.A,issuer_credit_or_corporate_bond,"13,492,065","14,225,000","11,265,920","13,537,440",8,candidate-first-four-column-map,candidate column assignment only; unresolved variance remains versus statutory bond base,inspect held long-token and short-token rows; use page-column geometry or tabula-style extraction for final reconciliation
CFKKRGACEDCR-0617,CFKKRGACEDP-0617,Schedule D Part 1 Section 1 issuer-credit obligations owned,232,548661-DW-4,LOWE'S COMPANIES INC,2.A,issuer_credit_or_corporate_bond,"187,194","200,000","181,506","187,482",7,candidate-first-four-column-map,candidate column assignment only; unresolved variance remains versus statutory bond base,inspect held long-token and short-token rows; use page-column geometry or tabula-style extraction for final reconciliation
CFKKRGACEDCR-0618,CFKKRGACEDP-0618,Schedule D Part 1 Section 1 issuer-credit obligations owned,232,548661-EB-9,LOWE'S COMPANIES INC,2.A,issuer_credit_or_corporate_bond,"3,961,792","3,665,000","2,558,730","3,932,259",7,candidate-first-four-column-map,candidate column assignment only; unresolved variance remains versus statutory bond base,inspect held long-token and short-token rows; use page-column geometry or tabula-style extraction for final reconciliation
CFKKRGACEDCR-0619,CFKKRGACEDP-0619,Schedule D Part 1 Section 1 issuer-credit obligations owned,232,548661-EJ-2,LOWE'S COMPANIES INC,2.A,issuer_credit_or_corporate_bond,"315,918","419,000","330,350","316,922",8,candidate-first-four-column-map,candidate column assignment only; unresolved variance remains versus statutory bond base,inspect held long-token and short-token rows; use page-column geometry or tabula-style extraction for final reconciliation
CFKKRGACEDCR-0620,CFKKRGACEDP-0620,Schedule D Part 1 Section 1 issuer-credit obligations owned,232,548661-EM-5,LOWE'S COMPANIES INC,2.A,issuer_credit_or_corporate_bond,"11,238,798","11,447,000","11,111,259","11,247,276",8,candidate-first-four-column-map,candidate column assignment only; unresolved variance remains versus statutory bond base,inspect held long-token and short-token rows; use page-column geometry or tabula-style extraction for final reconciliation
CFKKRGACEDCR-0621,CFKKRGACEDP-0621,Schedule D Part 1 Section 1 issuer-credit obligations owned,232,548661-ER-4,LOWE'S COMPANIES INC,2.A,issuer_credit_or_corporate_bond,"1,404,344","1,442,000","1,428,676","1,404,822",7,candidate-first-four-column-map,candidate column assignment only; unresolved variance remains versus statutory bond base,inspect held long-token and short-token rows; use page-column geometry or tabula-style extraction for final reconciliation
CFKKRGACEDCR-0622,CFKKRGACEDP-0622,Schedule D Part 1 Section 1 issuer-credit obligations owned,232,55336V-AL-4,MPLX LP,2.B,issuer_credit_or_corporate_bond,"8,827,281","8,700,000","7,780,161","8,809,649",7,candidate-first-four-column-map,candidate column assignment only; unresolved variance remains versus statutory bond base,inspect held long-token and short-token rows; use page-column geometry or tabula-style extraction for final reconciliation
CFKKRGACEDCR-0623,CFKKRGACEDP-0623,Schedule D Part 1 Section 1 issuer-credit obligations owned,232,55336V-AN-0,MPLX LP,2.B,issuer_credit_or_corporate_bond,"6,855,940","7,450,000","6,203,285","6,879,006",8,candidate-first-four-column-map,candidate column assignment only; unresolved variance remains versus statutory bond base,inspect held long-token and short-token rows; use page-column geometry or tabula-style extraction for final reconciliation
CFKKRGACEDCR-0624,CFKKRGACEDP-0624,Schedule D Part 1 Section 1 issuer-credit obligations owned,232,55336V-AT-7,MPLX LP,2.B,issuer_credit_or_corporate_bond,"3,271,083","3,450,000","3,172,021","3,275,610",8,candidate-first-four-column-map,candidate column assignment only; unresolved variance remains versus statutory bond base,inspect held long-token and short-token rows; use page-column geometry or tabula-style extraction for final reconciliation
CFKKRGACEDCR-0625,CFKKRGACEDP-0625,Schedule D Part 1 Section 1 issuer-credit obligations owned,232,55336V-BW-9,MPLX LP,2.B,issuer_credit_or_corporate_bond,"955,811","994,000","923,943","956,581",7,candidate-first-four-column-map,candidate column assignment only; unresolved variance remains versus statutory bond base,inspect held long-token and short-token rows; use page-column geometry or tabula-style extraction for final reconciliation
CFKKRGACEDCR-0626,CFKKRGACEDP-0626,Schedule D Part 1 Section 1 issuer-credit obligations owned,232,55336V-BY-5,MPLX LP,2.B,issuer_credit_or_corporate_bond,"3,301,973","3,360,000","3,386,104","3,305,834",8,candidate-first-four-column-map,candidate column assignment only; unresolved variance remains versus statutory bond base,inspect held long-token and short-token rows; use page-column geometry or tabula-style extraction for final reconciliation
CFKKRGACEDCR-0627,CFKKRGACEDP-0627,Schedule D Part 1 Section 1 issuer-credit obligations owned,232,559222-BD-5,MAGNA INTERNATIONAL INC,1.G,issuer_credit_or_corporate_bond,"755,955","726,000","770,245","755,132",6,candidate-first-four-column-map,candidate column assignment only; unresolved variance remains versus statutory bond base,inspect held long-token and short-token rows; use page-column geometry or tabula-style extraction for final reconciliation
CFKKRGACEDCR-0628,CFKKRGACEDP-0628,Schedule D Part 1 Section 1 issuer-credit obligations owned,232,56585A-BE-1,MARATHON PETROLEUM CORP,2.B,issuer_credit_or_corporate_bond,"2,314,378","2,350,000","1,900,992","2,319,225",7,candidate-first-four-column-map,candidate column assignment only; unresolved variance remains versus statutory bond base,inspect held long-token and short-token rows; use page-column geometry or tabula-style extraction for final reconciliation
CFKKRGACEDCR-0629,CFKKRGACEDP-0629,Schedule D Part 1 Section 1 issuer-credit obligations owned,232,570535-AX-2,MARKEL GROUP INC,2.B,issuer_credit_or_corporate_bond,"34,536","50,000","34,004","34,560",5,candidate-first-four-column-map,candidate column assignment only; unresolved variance remains versus statutory bond base,inspect held long-token and short-token rows; use page-column geometry or tabula-style extraction for final reconciliation
CFKKRGACEDCR-0630,CFKKRGACEDP-0630,Schedule D Part 1 Section 1 issuer-credit obligations owned,232,571676-AC-9,MARS INC,1.F,issuer_credit_or_corporate_bond,"13,203","15,000","13,874","13,350",5,candidate-first-four-column-map,candidate column assignment only; unresolved variance remains versus statutory bond base,inspect held long-token and short-token rows; use page-column geometry or tabula-style extraction for final reconciliation
CFKKRGACEDCR-0631,CFKKRGACEDP-0631,Schedule D Part 1 Section 1 issuer-credit obligations owned,232,571676-AF-2,MARS INC,1.F,issuer_credit_or_corporate_bond,"1,549,969","1,700,000","1,346,883","1,561,174",8,candidate-first-four-column-map,candidate column assignment only; unresolved variance remains versus statutory bond base,inspect held long-token and short-token rows; use page-column geometry or tabula-style extraction for final reconciliation
CFKKRGACEDCR-0632,CFKKRGACEDP-0632,Schedule D Part 1 Section 1 issuer-credit obligations owned,232,571676-AG-0,MARS INC,1.F,issuer_credit_or_corporate_bond,"3,698,352","3,150,000","2,475,461","3,639,774",7,candidate-first-four-column-map,candidate column assignment only; unresolved variance remains versus statutory bond base,inspect held long-token and short-token rows; use page-column geometry or tabula-style extraction for final reconciliation
CFKKRGACEDCR-0633,CFKKRGACEDP-0633,Schedule D Part 1 Section 1 issuer-credit obligations owned,232,571676-AH-8,MARS INC,1.F,issuer_credit_or_corporate_bond,"9,239,468","8,050,000","6,274,358","9,140,202",7,candidate-first-four-column-map,candidate column assignment only; unresolved variance remains versus statutory bond base,inspect held long-token and short-token rows; use page-column geometry or tabula-style extraction for final reconciliation
CFKKRGACEDCR-0634,CFKKRGACEDP-0634,Schedule D Part 1 Section 1 issuer-credit obligations owned,232,571676-BC-8,MARS INC,1.F,issuer_credit_or_corporate_bond,"1,067,658","1,108,000","1,104,499","1,068,274",7,candidate-first-four-column-map,candidate column assignment only; unresolved variance remains versus statutory bond base,inspect held long-token and short-token rows; use page-column geometry or tabula-style extraction for final reconciliation
CFKKRGACEDCR-0635,CFKKRGACEDP-0635,Schedule D Part 1 Section 1 issuer-credit obligations owned,232,571748-BW-1,MARSH & MCLENNAN COMPANIES INC,1.G,issuer_credit_or_corporate_bond,"7,962","8,000","8,278","7,966",5,candidate-first-four-column-map,candidate column assignment only; unresolved variance remains versus statutory bond base,inspect held long-token and short-token rows; use page-column geometry or tabula-style extraction for final reconciliation
CFKKRGACEDCR-0636,CFKKRGACEDP-0636,Schedule D Part 1 Section 1 issuer-credit obligations owned,232,573284-AW-6,MARTIN MARIETTA MATERIALS INC,2.B,issuer_credit_or_corporate_bond,"45,292","50,000","45,186","45,361",5,candidate-first-four-column-map,candidate column assignment only; unresolved variance remains versus statutory bond base,inspect held long-token and short-token rows; use page-column geometry or tabula-style extraction for final reconciliation
CFKKRGACEDCR-0637,CFKKRGACEDP-0637,Schedule D Part 1 Section 1 issuer-credit obligations owned,232,573874-AQ-7,MARVELL TECHNOLOGY INC,2.B,issuer_credit_or_corporate_bond,"53,615","50,000","53,486","53,578",4,candidate-first-four-column-map,candidate column assignment only; unresolved variance remains versus statutory bond base,inspect held long-token and short-token rows; use page-column geometry or tabula-style extraction for final reconciliation
CFKKRGACEDCR-0638,CFKKRGACEDP-0638,Schedule D Part 1 Section 1 issuer-credit obligations owned,232,575634-AT-7,MASSACHUSETTS ELECTRIC CO,2.A,utility_or_energy_credit,"7,708,493","8,142,000","6,454,801","7,746,672",8,candidate-first-four-column-map,candidate column assignment only; unresolved variance remains versus statutory bond base,inspect held long-token and short-token rows; use page-column geometry or tabula-style extraction for final reconciliation
CFKKRGACEDCR-0639,CFKKRGACEDP-0639,Schedule D Part 1 Section 1 issuer-credit obligations owned,232,575718-AA-9,MASSACHUSETTS INSTITUTE OF TECHNOLOGY,1.A,issuer_credit_or_corporate_bond,"30,755,100","26,017,175","26,085,820","30,719,622",8,candidate-first-four-column-map,candidate column assignment only; unresolved variance remains versus statutory bond base,inspect held long-token and short-token rows; use page-column geometry or tabula-style extraction for final reconciliation
CFKKRGACEDCR-0640,CFKKRGACEDP-0640,Schedule D Part 1 Section 1 issuer-credit obligations owned,232,579780-AP-2,MCCORMICK & COMPANY INC,2.B,issuer_credit_or_corporate_bond,"1,493,900","1,500,000","1,223,009","1,494,982",7,candidate-first-four-column-map,candidate column assignment only; unresolved variance remains versus statutory bond base,inspect held long-token and short-token rows; use page-column geometry or tabula-style extraction for final reconciliation
CFKKRGACEDCR-0641,CFKKRGACEDP-0641,Schedule D Part 1 Section 1 issuer-credit obligations owned,232,58013M-EK-6,MCDONALD'S CORP,2.A,issuer_credit_or_corporate_bond,"108,764","117,000","112,778","109,097",7,candidate-first-four-column-map,candidate column assignment only; unresolved variance remains versus statutory bond base,inspect held long-token and short-token rows; use page-column geometry or tabula-style extraction for final reconciliation
CFKKRGACEDCR-0642,CFKKRGACEDP-0642,Schedule D Part 1 Section 1 issuer-credit obligations owned,232,58013M-FA-7,MCDONALD'S CORP,2.A,issuer_credit_or_corporate_bond,"31,409,120","27,125,000","24,735,149","30,494,597",8,candidate-first-four-column-map,candidate column assignment only; unresolved variance remains versus statutory bond base,inspect held long-token and short-token rows; use page-column geometry or tabula-style extraction for final reconciliation
CFKKRGACEDCR-0643,CFKKRGACEDP-0643,Schedule D Part 1 Section 1 issuer-credit obligations owned,232,58013M-FC-3,MCDONALD'S CORP,2.A,issuer_credit_or_corporate_bond,"4,920,929","4,535,000","3,882,899","4,862,041",7,candidate-first-four-column-map,candidate column assignment only; unresolved variance remains versus statutory bond base,inspect held long-token and short-token rows; use page-column geometry or tabula-style extraction for final reconciliation
CFKKRGACEDCR-0644,CFKKRGACEDP-0644,Schedule D Part 1 Section 1 issuer-credit obligations owned,232,58013M-FH-2,MCDONALD'S CORP,2.A,issuer_credit_or_corporate_bond,"7,068,300","7,500,000","6,379,248","7,125,283",8,candidate-first-four-column-map,candidate column assignment only; unresolved variance remains versus statutory bond base,inspect held long-token and short-token rows; use page-column geometry or tabula-style extraction for final reconciliation
CFKKRGACEDCR-0645,CFKKRGACEDP-0645,Schedule D Part 1 Section 1 issuer-credit obligations owned,232,58013M-FT-6,MCDONALD'S CORP,2.A,issuer_credit_or_corporate_bond,"214,351","225,000","208,996","214,568",7,candidate-first-four-column-map,candidate column assignment only; unresolved variance remains versus statutory bond base,inspect held long-token and short-token rows; use page-column geometry or tabula-style extraction for final reconciliation
CFKKRGACEDCR-0646,CFKKRGACEDP-0646,Schedule D Part 1 Section 1 issuer-credit obligations owned,232,58013M-FW-9,MCDONALD'S CORP,2.A,issuer_credit_or_corporate_bond,"643,052","650,000","631,594","643,241",7,candidate-first-four-column-map,candidate column assignment only; unresolved variance remains versus statutory bond base,inspect held long-token and short-token rows; use page-column geometry or tabula-style extraction for final reconciliation
CFKKRGACEDCR-0647,CFKKRGACEDP-0647,Schedule D Part 1 Section 1 issuer-credit obligations owned,232,581557-BX-2,MCKESSON CORP,1.G,issuer_credit_or_corporate_bond,"632,195","623,000","640,740","631,677",6,candidate-first-four-column-map,candidate column assignment only; unresolved variance remains versus statutory bond base,inspect held long-token and short-token rows; use page-column geometry or tabula-style extraction for final reconciliation
CFKKRGACEDCR-0648,CFKKRGACEDP-0648,Schedule D Part 1 Section 1 issuer-credit obligations owned,232,585055-BU-9,MEDTRONIC INC,1.G,issuer_credit_or_corporate_bond,"730,595","709,000","649,493","726,310",7,candidate-first-four-column-map,candidate column assignment only; unresolved variance remains versus statutory bond base,inspect held long-token and short-token rows; use page-column geometry or tabula-style extraction for final reconciliation
CFKKRGACEDCR-0649,CFKKRGACEDP-0649,Schedule D Part 1 Section 1 issuer-credit obligations owned,232,586054-AC-2,MEMORIAL SLOAN-KETTERING CANCER CENTER,1.D,issuer_credit_or_corporate_bond,"12,098,183","12,148,000","9,904,733","12,105,485",7,candidate-first-four-column-map,candidate column assignment only; unresolved variance remains versus statutory bond base,inspect held long-token and short-token rows; use page-column geometry or tabula-style extraction for final reconciliation
CFKKRGACEDCR-0650,CFKKRGACEDP-0650,Schedule D Part 1 Section 1 issuer-credit obligations owned,232,58933Y-AW-5,MERCK & CO INC,1.E,issuer_credit_or_corporate_bond,"4,185,820","4,550,000","3,653,243","4,171,749",8,candidate-first-four-column-map,candidate column assignment only; unresolved variance remains versus statutory bond base,inspect held long-token and short-token rows; use page-column geometry or tabula-style extraction for final reconciliation
CFKKRGACEDCR-0651,CFKKRGACEDP-0651,Schedule D Part 1 Section 1 issuer-credit obligations owned,232,58933Y-BF-1,MERCK & CO INC,1.E,issuer_credit_or_corporate_bond,"3,486,652","5,000,000","3,097,940","3,561,552",8,candidate-first-four-column-map,candidate column assignment only; unresolved variance remains versus statutory bond base,inspect held long-token and short-token rows; use page-column geometry or tabula-style extraction for final reconciliation
CFKKRGACEDCR-0652,CFKKRGACEDP-0652,Schedule D Part 1 Section 1 issuer-credit obligations owned,232,58933Y-BG-9,MERCK & CO INC,1.E,issuer_credit_or_corporate_bond,"56,455","91,000","52,937","56,521",6,candidate-first-four-column-map,candidate column assignment only; unresolved variance remains versus statutory bond base,inspect held long-token and short-token rows; use page-column geometry or tabula-style extraction for final reconciliation
CFKKRGACEDCR-0653,CFKKRGACEDP-0653,Schedule D Part 1 Section 1 issuer-credit obligations owned,232,58933Y-BM-6,MERCK & CO INC,1.E,issuer_credit_or_corporate_bond,"8,398,450","9,113,000","8,377,317","8,409,578",8,candidate-first-four-column-map,candidate column assignment only; unresolved variance remains versus statutory bond base,inspect held long-token and short-token rows; use page-column geometry or tabula-style extraction for final reconciliation
CFKKRGACEDCR-0654,CFKKRGACEDP-0654,Schedule D Part 1 Section 1 issuer-credit obligations owned,232,58933Y-BN-4,MERCK & CO INC,1.E,issuer_credit_or_corporate_bond,"616,109","635,000","583,968","616,168",7,candidate-first-four-column-map,candidate column assignment only; unresolved variance remains versus statutory bond base,inspect held long-token and short-token rows; use page-column geometry or tabula-style extraction for final reconciliation
CFKKRGACEDCR-0655,CFKKRGACEDP-0655,Schedule D Part 1 Section 1 issuer-credit obligations owned,232,58933Y-BY-0,MERCK & CO INC,1.D,issuer_credit_or_corporate_bond,"5,676,653","5,669,000","5,678,577","5,676,627",5,candidate-first-four-column-map,candidate column assignment only; unresolved variance remains versus statutory bond base,inspect held long-token and short-token rows; use page-column geometry or tabula-style extraction for final reconciliation
CFKKRGACEDCR-0656,CFKKRGACEDP-0656,Schedule D Part 1 Section 1 issuer-credit obligations owned,233,594918-BM-5,MICROSOFT CORP,1.A,issuer_credit_or_corporate_bond,"4,227,111","3,900,000","3,579,768","4,185,669",8,candidate-first-four-column-map,candidate column assignment only; unresolved variance remains versus statutory bond base,inspect held long-token and short-token rows; use page-column geometry or tabula-style extraction for final reconciliation
CFKKRGACEDCR-0657,CFKKRGACEDP-0657,Schedule D Part 1 Section 1 issuer-credit obligations owned,233,594918-CA-0,MICROSOFT CORP,1.A,issuer_credit_or_corporate_bond,"3,224,160","3,000,000","2,655,870","3,182,910",7,candidate-first-four-column-map,candidate column assignment only; unresolved variance remains versus statutory bond base,inspect held long-token and short-token rows; use page-column geometry or tabula-style extraction for final reconciliation
CFKKRGACEDCR-0658,CFKKRGACEDP-0658,Schedule D Part 1 Section 1 issuer-credit obligations owned,233,594918-CW-2,MICROSOFT CORP,1.A,issuer_credit_or_corporate_bond,"977,768","1,100,000","667,283","990,125",8,candidate-first-four-column-map,candidate column assignment only; unresolved variance remains versus statutory bond base,inspect held long-token and short-token rows; use page-column geometry or tabula-style extraction for final reconciliation
CFKKRGACEDCR-0659,CFKKRGACEDP-0659,Schedule D Part 1 Section 1 issuer-credit obligations owned,233,595017-BL-7,MICROCHIP TECHNOLOGY INC,2.B,issuer_credit_or_corporate_bond,"51,166","50,000","51,037","51,143",4,candidate-first-four-column-map,candidate column assignment only; unresolved variance remains versus statutory bond base,inspect held long-token and short-token rows; use page-column geometry or tabula-style extraction for final reconciliation
CFKKRGACEDCR-0660,CFKKRGACEDP-0660,Schedule D Part 1 Section 1 issuer-credit obligations owned,233,595112-BT-9,MICRON TECHNOLOGY INC,2.C,issuer_credit_or_corporate_bond,"386,170","500,000","383,548","386,600",6,candidate-first-four-column-map,candidate column assignment only; unresolved variance remains versus statutory bond base,inspect held long-token and short-token rows; use page-column geometry or tabula-style extraction for final reconciliation
CFKKRGACEDCR-0661,CFKKRGACEDP-0661,Schedule D Part 1 Section 1 issuer-credit obligations owned,233,595620-AS-4,MIDAMERICAN ENERGY CO,1.F,utility_or_energy_credit,"2,488,449","2,117,000","1,587,344","2,443,671",7,candidate-first-four-column-map,candidate column assignment only; unresolved variance remains versus statutory bond base,inspect held long-token and short-token rows; use page-column geometry or tabula-style extraction for final reconciliation
CFKKRGACEDCR-0662,CFKKRGACEDP-0662,Schedule D Part 1 Section 1 issuer-credit obligations owned,233,606769-AN-7,MITSUBISHI CORP,1.F,issuer_credit_or_corporate_bond,"50,448","50,000","50,006","50,446",4,candidate-first-four-column-map,candidate column assignment only; unresolved variance remains versus statutory bond base,inspect held long-token and short-token rows; use page-column geometry or tabula-style extraction for final reconciliation
CFKKRGACEDCR-0663,CFKKRGACEDP-0663,Schedule D Part 1 Section 1 issuer-credit obligations owned,233,60682L-AH-5,MITSUBISHI HC CAPITAL INC,1.G,finance_company_or_funding_vehicle,"50,788","50,000","50,760","50,747",4,candidate-first-four-column-map,candidate column assignment only; unresolved variance remains versus statutory bond base,inspect held long-token and short-token rows; use page-column geometry or tabula-style extraction for final reconciliation
CFKKRGACEDCR-0664,CFKKRGACEDP-0664,Schedule D Part 1 Section 1 issuer-credit obligations owned,233,60871R-AH-3,MOLSON COORS BEVERAGE CO,2.B,issuer_credit_or_corporate_bond,"41,018","50,000","40,214","41,041",5,candidate-first-four-column-map,candidate column assignment only; unresolved variance remains versus statutory bond base,inspect held long-token and short-token rows; use page-column geometry or tabula-style extraction for final reconciliation
CFKKRGACEDCR-0665,CFKKRGACEDP-0665,Schedule D Part 1 Section 1 issuer-credit obligations owned,233,609207-AW-5,MONDELEZ INTERNATIONAL INC,2.B,issuer_credit_or_corporate_bond,"904,371","1,400,000","836,508","930,498",8,candidate-first-four-column-map,candidate column assignment only; unresolved variance remains versus statutory bond base,inspect held long-token and short-token rows; use page-column geometry or tabula-style extraction for final reconciliation
CFKKRGACEDCR-0666,CFKKRGACEDP-0666,Schedule D Part 1 Section 1 issuer-credit obligations owned,233,615369-AT-2,MOODY'S CORP,2.A,issuer_credit_or_corporate_bond,"3,723,363","4,000,000","2,733,481","3,718,742",8,candidate-first-four-column-map,candidate column assignment only; unresolved variance remains versus statutory bond base,inspect held long-token and short-token rows; use page-column geometry or tabula-style extraction for final reconciliation
CFKKRGACEDCR-0667,CFKKRGACEDP-0667,Schedule D Part 1 Section 1 issuer-credit obligations owned,233,61746B-EG-7,MORGAN STANLEY,1.G,issuer_credit_or_corporate_bond,"1,035,080","1,000,000","864,276","1,028,994",7,candidate-first-four-column-map,candidate column assignment only; unresolved variance remains versus statutory bond base,inspect held long-token and short-token rows; use page-column geometry or tabula-style extraction for final reconciliation
CFKKRGACEDCR-0668,CFKKRGACEDP-0668,Schedule D Part 1 Section 1 issuer-credit obligations owned,233,61747Y-DY-8,MORGAN STANLEY,1.G,issuer_credit_or_corporate_bond,"29,698,243","29,332,000","25,400,783","29,628,454",8,candidate-first-four-column-map,candidate column assignment only; unresolved variance remains versus statutory bond base,inspect held long-token and short-token rows; use page-column geometry or tabula-style extraction for final reconciliation
CFKKRGACEDCR-0669,CFKKRGACEDP-0669,Schedule D Part 1 Section 1 issuer-credit obligations owned,233,61747Y-FM-2,MORGAN STANLEY,2.A,issuer_credit_or_corporate_bond,"277,063","276,000","290,209","276,999",6,candidate-first-four-column-map,candidate column assignment only; unresolved variance remains versus statutory bond base,inspect held long-token and short-token rows; use page-column geometry or tabula-style extraction for final reconciliation
CFKKRGACEDCR-0670,CFKKRGACEDP-0670,Schedule D Part 1 Section 1 issuer-credit obligations owned,233,61747Y-FV-2,MORGAN STANLEY,1.E,issuer_credit_or_corporate_bond,"94,047","91,000","90,012","94,043",5,candidate-first-four-column-map,candidate column assignment only; unresolved variance remains versus statutory bond base,inspect held long-token and short-token rows; use page-column geometry or tabula-style extraction for final reconciliation
CFKKRGACEDCR-0671,CFKKRGACEDP-0671,Schedule D Part 1 Section 1 issuer-credit obligations owned,233,61748U-AF-9,MORGAN STANLEY,1.E,issuer_credit_or_corporate_bond,"49,995","49,000","51,223","49,961",5,candidate-first-four-column-map,candidate column assignment only; unresolved variance remains versus statutory bond base,inspect held long-token and short-token rows; use page-column geometry or tabula-style extraction for final reconciliation
CFKKRGACEDCR-0672,CFKKRGACEDP-0672,Schedule D Part 1 Section 1 issuer-credit obligations owned,233,61945C-AD-5,MOSAIC CO,2.B,issuer_credit_or_corporate_bond,"51,816","50,000","51,408","51,797",4,candidate-first-four-column-map,candidate column assignment only; unresolved variance remains versus statutory bond base,inspect held long-token and short-token rows; use page-column geometry or tabula-style extraction for final reconciliation
CFKKRGACEDCR-0673,CFKKRGACEDP-0673,Schedule D Part 1 Section 1 issuer-credit obligations owned,233,620076-BT-5,MOTOROLA SOLUTIONS INC,2.B,issuer_credit_or_corporate_bond,"45,412","50,000","45,464","45,491",5,candidate-first-four-column-map,candidate column assignment only; unresolved variance remains versus statutory bond base,inspect held long-token and short-token rows; use page-column geometry or tabula-style extraction for final reconciliation
CFKKRGACEDCR-0674,CFKKRGACEDP-0674,Schedule D Part 1 Section 1 issuer-credit obligations owned,233,623115-AE-2,MOUNT SINAI HOSPITAL (NEW YORK),2.C,issuer_credit_or_corporate_bond,"16,635,825","16,420,000","11,188,955","16,604,202",8,candidate-first-four-column-map,candidate column assignment only; unresolved variance remains versus statutory bond base,inspect held long-token and short-token rows; use page-column geometry or tabula-style extraction for final reconciliation
CFKKRGACEDCR-0675,CFKKRGACEDP-0675,Schedule D Part 1 Section 1 issuer-credit obligations owned,233,62582P-AA-8,MUENCHENER RUECKVERSICHERUNGS-GESELLSCHA,1.F,issuer_credit_or_corporate_bond,"52,647","50,000","52,280","52,610",4,candidate-first-four-column-map,candidate column assignment only; unresolved variance remains versus statutory bond base,inspect held long-token and short-token rows; use page-column geometry or tabula-style extraction for final reconciliation
CFKKRGACEDCR-0676,CFKKRGACEDP-0676,Schedule D Part 1 Section 1 issuer-credit obligations owned,233,62944T-AF-2,NVR INC,1.G,issuer_credit_or_corporate_bond,"47,680","50,000","47,356","47,725",5,candidate-first-four-column-map,candidate column assignment only; unresolved variance remains versus statutory bond base,inspect held long-token and short-token rows; use page-column geometry or tabula-style extraction for final reconciliation
CFKKRGACEDCR-0677,CFKKRGACEDP-0677,Schedule D Part 1 Section 1 issuer-credit obligations owned,233,62952E-AE-7,NYU LANGONE HOSPITALS,1.E,issuer_credit_or_corporate_bond,"2,850,000","2,850,000","2,488,006","2,850,000",7,candidate-first-four-column-map,candidate column assignment only; unresolved variance remains versus statutory bond base,inspect held long-token and short-token rows; use page-column geometry or tabula-style extraction for final reconciliation
CFKKRGACEDCR-0678,CFKKRGACEDP-0678,Schedule D Part 1 Section 1 issuer-credit obligations owned,233,62954W-AU-9,NTT FINANCE CORP,1.G,finance_company_or_funding_vehicle,"5,834,478","5,669,000","5,819,363","5,833,804",5,candidate-first-four-column-map,candidate column assignment only; unresolved variance remains versus statutory bond base,inspect held long-token and short-token rows; use page-column geometry or tabula-style extraction for final reconciliation
CFKKRGACEDCR-0679,CFKKRGACEDP-0679,Schedule D Part 1 Section 1 issuer-credit obligations owned,233,62954W-AV-7,NTT FINANCE CORP,1.G,finance_company_or_funding_vehicle,"480,428","472,000","488,936","480,190",5,candidate-first-four-column-map,candidate column assignment only; unresolved variance remains versus statutory bond base,inspect held long-token and short-token rows; use page-column geometry or tabula-style extraction for final reconciliation
CFKKRGACEDCR-0680,CFKKRGACEDP-0680,Schedule D Part 1 Section 1 issuer-credit obligations owned,233,63111X-AB-7,NASDAQ INC,2.A,issuer_credit_or_corporate_bond,"20,047,720","19,494,000","13,567,524","19,678,883",8,candidate-first-four-column-map,candidate column assignment only; unresolved variance remains versus statutory bond base,inspect held long-token and short-token rows; use page-column geometry or tabula-style extraction for final reconciliation
CFKKRGACEDCR-0681,CFKKRGACEDP-0681,Schedule D Part 1 Section 1 issuer-credit obligations owned,233,632525-AW-1,NATIONAL AUSTRALIA BANK LTD,1.G,bank_or_financial_credit,"3,924,840","4,000,000","2,837,060","3,939,985",8,candidate-first-four-column-map,candidate column assignment only; unresolved variance remains versus statutory bond base,inspect held long-token and short-token rows; use page-column geometry or tabula-style extraction for final reconciliation
CFKKRGACEDCR-0682,CFKKRGACEDP-0682,Schedule D Part 1 Section 1 issuer-credit obligations owned,233,632525-CF-6,NATIONAL AUSTRALIA BANK LTD,1.G,bank_or_financial_credit,"1,130,055","1,089,000","1,145,497","1,128,859",6,candidate-first-four-column-map,candidate column assignment only; unresolved variance remains versus statutory bond base,inspect held long-token and short-token rows; use page-column geometry or tabula-style extraction for final reconciliation
CFKKRGACEDCR-0683,CFKKRGACEDP-0683,Schedule D Part 1 Section 1 issuer-credit obligations owned,233,63307A-3B-9,NATIONAL BANK OF CANADA,1.F,bank_or_financial_credit,"50,697","50,000","50,554","50,681",5,candidate-first-four-column-map,candidate column assignment only; unresolved variance remains versus statutory bond base,inspect held long-token and short-token rows; use page-column geometry or tabula-style extraction for final reconciliation
CFKKRGACEDCR-0684,CFKKRGACEDP-0684,Schedule D Part 1 Section 1 issuer-credit obligations owned,233,637417-AR-7,NNN REIT INC,2.A,issuer_credit_or_corporate_bond,"31,927","50,000","31,387","31,956",5,candidate-first-four-column-map,candidate column assignment only; unresolved variance remains versus statutory bond base,inspect held long-token and short-token rows; use page-column geometry or tabula-style extraction for final reconciliation
CFKKRGACEDCR-0685,CFKKRGACEDP-0685,Schedule D Part 1 Section 1 issuer-credit obligations owned,233,637639-AQ-8,NATIONAL SECURITIES CLEARING CORP,1.B,issuer_credit_or_corporate_bond,"51,331","50,000","51,152","51,305",4,candidate-first-four-column-map,candidate column assignment only; unresolved variance remains versus statutory bond base,inspect held long-token and short-token rows; use page-column geometry or tabula-style extraction for final reconciliation
CFKKRGACEDCR-0686,CFKKRGACEDP-0686,Schedule D Part 1 Section 1 issuer-credit obligations owned,233,641062-AN-4,NESTLE HOLDINGS INC,1.D,issuer_credit_or_corporate_bond,"18,850,644","23,170,000","18,896,214","18,920,832",8,candidate-first-four-column-map,candidate column assignment only; unresolved variance remains versus statutory bond base,inspect held long-token and short-token rows; use page-column geometry or tabula-style extraction for final reconciliation
CFKKRGACEDCR-0687,CFKKRGACEDP-0687,Schedule D Part 1 Section 1 issuer-credit obligations owned,233,641062-BE-3,NESTLE HOLDINGS INC,1.D,issuer_credit_or_corporate_bond,"2,271,542","2,548,000","2,286,108","2,275,776",8,candidate-first-four-column-map,candidate column assignment only; unresolved variance remains versus statutory bond base,inspect held long-token and short-token rows; use page-column geometry or tabula-style extraction for final reconciliation
CFKKRGACEDCR-0688,CFKKRGACEDP-0688,Schedule D Part 1 Section 1 issuer-credit obligations owned,233,64110D-AK-0,NETAPP INC,2.B,issuer_credit_or_corporate_bond,"46,680","50,000","46,600","46,743",5,candidate-first-four-column-map,candidate column assignment only; unresolved variance remains versus statutory bond base,inspect held long-token and short-token rows; use page-column geometry or tabula-style extraction for final reconciliation
CFKKRGACEDCR-0689,CFKKRGACEDP-0689,Schedule D Part 1 Section 1 issuer-credit obligations owned,233,64128X-AG-5,NEUBERGER BERMAN GROUP LLC,2.B,issuer_credit_or_corporate_bond,"50,053","50,000","50,100","50,049",4,candidate-first-four-column-map,candidate column assignment only; unresolved variance remains versus statutory bond base,inspect held long-token and short-token rows; use page-column geometry or tabula-style extraction for final reconciliation
CFKKRGACEDCR-0690,CFKKRGACEDP-0690,Schedule D Part 1 Section 1 issuer-credit obligations owned,233,641423-CF-3,NEVADA POWER CO,1.F,issuer_credit_or_corporate_bond,"1,705,551","1,630,000","1,641,848","1,704,679",6,candidate-first-four-column-map,candidate column assignment only; unresolved variance remains versus statutory bond base,inspect held long-token and short-token rows; use page-column geometry or tabula-style extraction for final reconciliation
CFKKRGACEDCR-0691,CFKKRGACEDP-0691,Schedule D Part 1 Section 1 issuer-credit obligations owned,233,649840-CR-4,NEW YORK STATE ELECTRIC & GAS CORP,1.G,utility_or_energy_credit,"4,844,100","5,000,000","3,397,180","4,865,355",8,candidate-first-four-column-map,candidate column assignment only; unresolved variance remains versus statutory bond base,inspect held long-token and short-token rows; use page-column geometry or tabula-style extraction for final reconciliation
CFKKRGACEDCR-0692,CFKKRGACEDP-0692,Schedule D Part 1 Section 1 issuer-credit obligations owned,233,651639-AP-1,NEWMONT CORPORATION,2.A,issuer_credit_or_corporate_bond,"1,412,840","1,100,000","1,054,916","1,359,361",7,candidate-first-four-column-map,candidate column assignment only; unresolved variance remains versus statutory bond base,inspect held long-token and short-token rows; use page-column geometry or tabula-style extraction for final reconciliation
CFKKRGACEDCR-0693,CFKKRGACEDP-0693,Schedule D Part 1 Section 1 issuer-credit obligations owned,233,65249B-AA-7,NEWS CORP,2.C,issuer_credit_or_corporate_bond,"60,900","63,000","61,143","60,953",5,candidate-first-four-column-map,candidate column assignment only; unresolved variance remains versus statutory bond base,inspect held long-token and short-token rows; use page-column geometry or tabula-style extraction for final reconciliation
CFKKRGACEDCR-0694,CFKKRGACEDP-0694,Schedule D Part 1 Section 1 issuer-credit obligations owned,233,65364U-AU-0,NIAGARA MOHAWK POWER CORP,2.A,issuer_credit_or_corporate_bond,"2,248,553","2,222,000","2,160,862","2,248,306",6,candidate-first-four-column-map,candidate column assignment only; unresolved variance remains versus statutory bond base,inspect held long-token and short-token rows; use page-column geometry or tabula-style extraction for final reconciliation
CFKKRGACEDCR-0695,CFKKRGACEDP-0695,Schedule D Part 1 Section 1 issuer-credit obligations owned,233,654106-AM-5,NIKE INC,1.F,issuer_credit_or_corporate_bond,"1,251,503","1,100,000","788,403","1,234,719",7,candidate-first-four-column-map,candidate column assignment only; unresolved variance remains versus statutory bond base,inspect held long-token and short-token rows; use page-column geometry or tabula-style extraction for final reconciliation
CFKKRGACEDCR-0696,CFKKRGACEDP-0696,Schedule D Part 1 Section 1 issuer-credit obligations owned,233,654579-AP-6,NIPPON LIFE INSURANCE CO,1.G,issuer_credit_or_corporate_bond,"53,848","50,000","53,871","53,819",4,candidate-first-four-column-map,candidate column assignment only; unresolved variance remains versus statutory bond base,inspect held long-token and short-token rows; use page-column geometry or tabula-style extraction for final reconciliation
CFKKRGACEDCR-0697,CFKKRGACEDP-0697,Schedule D Part 1 Section 1 issuer-credit obligations owned,233,65473Q-BC-6,NISOURCE INC,2.B,issuer_credit_or_corporate_bond,"10,734,597","9,150,000","8,245,896","10,452,281",7,candidate-first-four-column-map,candidate column assignment only; unresolved variance remains versus statutory bond base,inspect held long-token and short-token rows; use page-column geometry or tabula-style extraction for final reconciliation
CFKKRGACEDCR-0698,CFKKRGACEDP-0698,Schedule D Part 1 Section 1 issuer-credit obligations owned,233,65473Q-BF-9,NISOURCE INC,2.B,issuer_credit_or_corporate_bond,"16,191,422","14,505,000","12,071,650","15,930,826",7,candidate-first-four-column-map,candidate column assignment only; unresolved variance remains versus statutory bond base,inspect held long-token and short-token rows; use page-column geometry or tabula-style extraction for final reconciliation
CFKKRGACEDCR-0699,CFKKRGACEDP-0699,Schedule D Part 1 Section 1 issuer-credit obligations owned,233,65473Q-BG-7,NISOURCE INC,2.B,issuer_credit_or_corporate_bond,"3,208,078","3,450,000","2,701,693","3,207,379",8,candidate-first-four-column-map,candidate column assignment only; unresolved variance remains versus statutory bond base,inspect held long-token and short-token rows; use page-column geometry or tabula-style extraction for final reconciliation
CFKKRGACEDCR-0700,CFKKRGACEDP-0700,Schedule D Part 1 Section 1 issuer-credit obligations owned,233,65558R-AL-3,NORDEA BANK ABP,1.C,bank_or_financial_credit,"50,614","50,000","50,578","50,590",5,candidate-first-four-column-map,candidate column assignment only; unresolved variance remains versus statutory bond base,inspect held long-token and short-token rows; use page-column geometry or tabula-style extraction for final reconciliation
CFKKRGACEDCR-0701,CFKKRGACEDP-0701,Schedule D Part 1 Section 1 issuer-credit obligations owned,234,655663-AC-6,NORDSON CORP,2.B,issuer_credit_or_corporate_bond,"50,395","50,000","50,353","50,387",5,candidate-first-four-column-map,candidate column assignment only; unresolved variance remains versus statutory bond base,inspect held long-token and short-token rows; use page-column geometry or tabula-style extraction for final reconciliation
CFKKRGACEDCR-0702,CFKKRGACEDP-0702,Schedule D Part 1 Section 1 issuer-credit obligations owned,234,655844-BV-9,NORFOLK SOUTHERN CORP,2.A,issuer_credit_or_corporate_bond,"3,546,611","3,786,000","2,943,862","3,572,345",8,candidate-first-four-column-map,candidate column assignment only; unresolved variance remains versus statutory bond base,inspect held long-token and short-token rows; use page-column geometry or tabula-style extraction for final reconciliation
CFKKRGACEDCR-0703,CFKKRGACEDP-0703,Schedule D Part 1 Section 1 issuer-credit obligations owned,234,655844-BY-3,NORFOLK SOUTHERN CORP,2.A,issuer_credit_or_corporate_bond,"2,944,780","3,000,000","2,455,112","2,953,884",8,candidate-first-four-column-map,candidate column assignment only; unresolved variance remains versus statutory bond base,inspect held long-token and short-token rows; use page-column geometry or tabula-style extraction for final reconciliation
CFKKRGACEDCR-0704,CFKKRGACEDP-0704,Schedule D Part 1 Section 1 issuer-credit obligations owned,234,655844-CN-6,NORFOLK SOUTHERN CORP,2.A,issuer_credit_or_corporate_bond,"1,629,065","2,265,000","1,651,308","1,637,157",8,candidate-first-four-column-map,candidate column assignment only; unresolved variance remains versus statutory bond base,inspect held long-token and short-token rows; use page-column geometry or tabula-style extraction for final reconciliation
CFKKRGACEDCR-0705,CFKKRGACEDP-0705,Schedule D Part 1 Section 1 issuer-credit obligations owned,234,655844-CP-1,NORFOLK SOUTHERN CORP,2.A,issuer_credit_or_corporate_bond,"851,449","1,042,000","883,770","853,183",8,candidate-first-four-column-map,candidate column assignment only; unresolved variance remains versus statutory bond base,inspect held long-token and short-token rows; use page-column geometry or tabula-style extraction for final reconciliation
CFKKRGACEDCR-0706,CFKKRGACEDP-0706,Schedule D Part 1 Section 1 issuer-credit obligations owned,234,655844-CS-5,NORFOLK SOUTHERN CORP,2.A,issuer_credit_or_corporate_bond,"591,864","600,000","573,567","592,054",7,candidate-first-four-column-map,candidate column assignment only; unresolved variance remains versus statutory bond base,inspect held long-token and short-token rows; use page-column geometry or tabula-style extraction for final reconciliation
CFKKRGACEDCR-0707,CFKKRGACEDP-0707,Schedule D Part 1 Section 1 issuer-credit obligations owned,234,662352-AB-9,NORTHWELL HEALTHCARE INC,1.G,issuer_credit_or_corporate_bond,"12,277,301","9,815,000","10,097,857","11,692,090",8,candidate-first-four-column-map,candidate column assignment only; unresolved variance remains versus statutory bond base,inspect held long-token and short-token rows; use page-column geometry or tabula-style extraction for final reconciliation
CFKKRGACEDCR-0708,CFKKRGACEDP-0708,Schedule D Part 1 Section 1 issuer-credit obligations owned,234,665501-AN-2,NORTHERN NATURAL GAS CO,1.G,utility_or_energy_credit,"7,093,979","7,367,000","7,113,585","7,097,996",8,candidate-first-four-column-map,candidate column assignment only; unresolved variance remains versus statutory bond base,inspect held long-token and short-token rows; use page-column geometry or tabula-style extraction for final reconciliation
CFKKRGACEDCR-0709,CFKKRGACEDP-0709,Schedule D Part 1 Section 1 issuer-credit obligations owned,234,665772-CA-5,NORTHERN STATES POWER CO,1.F,issuer_credit_or_corporate_bond,"293,599","270,000","275,599","283,275",8,candidate-first-four-column-map,candidate column assignment only; unresolved variance remains versus statutory bond base,inspect held long-token and short-token rows; use page-column geometry or tabula-style extraction for final reconciliation
CFKKRGACEDCR-0710,CFKKRGACEDP-0710,Schedule D Part 1 Section 1 issuer-credit obligations owned,234,665772-CQ-0,NORTHERN STATES POWER CO,1.E,issuer_credit_or_corporate_bond,"4,306,739","6,000,000","4,537,029","4,476,734",8,candidate-first-four-column-map,candidate column assignment only; unresolved variance remains versus statutory bond base,inspect held long-token and short-token rows; use page-column geometry or tabula-style extraction for final reconciliation
CFKKRGACEDCR-0711,CFKKRGACEDP-0711,Schedule D Part 1 Section 1 issuer-credit obligations owned,234,665859-AX-2,NORTHERN TRUST CORP,1.F,issuer_credit_or_corporate_bond,"54,843","50,000","54,610","54,784",4,candidate-first-four-column-map,candidate column assignment only; unresolved variance remains versus statutory bond base,inspect held long-token and short-token rows; use page-column geometry or tabula-style extraction for final reconciliation
CFKKRGACEDCR-0712,CFKKRGACEDP-0712,Schedule D Part 1 Section 1 issuer-credit obligations owned,234,666807-BH-4,NORTHROP GRUMMAN CORP,2.A,issuer_credit_or_corporate_bond,"3,173,781","3,263,000","3,008,370","3,139,341",7,candidate-first-four-column-map,candidate column assignment only; unresolved variance remains versus statutory bond base,inspect held long-token and short-token rows; use page-column geometry or tabula-style extraction for final reconciliation
CFKKRGACEDCR-0713,CFKKRGACEDP-0713,Schedule D Part 1 Section 1 issuer-credit obligations owned,234,666807-BJ-0,NORTHROP GRUMMAN CORP,2.A,issuer_credit_or_corporate_bond,"2,264,833","2,558,000","2,052,640","2,301,146",8,candidate-first-four-column-map,candidate column assignment only; unresolved variance remains versus statutory bond base,inspect held long-token and short-token rows; use page-column geometry or tabula-style extraction for final reconciliation
CFKKRGACEDCR-0714,CFKKRGACEDP-0714,Schedule D Part 1 Section 1 issuer-credit obligations owned,234,666807-BP-6,NORTHROP GRUMMAN CORP,2.A,issuer_credit_or_corporate_bond,"2,558,914","2,726,000","2,191,354","2,583,501",8,candidate-first-four-column-map,candidate column assignment only; unresolved variance remains versus statutory bond base,inspect held long-token and short-token rows; use page-column geometry or tabula-style extraction for final reconciliation
CFKKRGACEDCR-0715,CFKKRGACEDP-0715,Schedule D Part 1 Section 1 issuer-credit obligations owned,234,666807-BU-5,NORTHROP GRUMMAN CORP,2.A,issuer_credit_or_corporate_bond,"297,003","318,000","300,933","297,287",7,candidate-first-four-column-map,candidate column assignment only; unresolved variance remains versus statutory bond base,inspect held long-token and short-token rows; use page-column geometry or tabula-style extraction for final reconciliation
CFKKRGACEDCR-0716,CFKKRGACEDP-0716,Schedule D Part 1 Section 1 issuer-credit obligations owned,234,666807-CH-3,NORTHROP GRUMMAN CORP,2.A,issuer_credit_or_corporate_bond,"5,728,751","5,669,000","5,725,865","5,728,543",5,candidate-first-four-column-map,candidate column assignment only; unresolved variance remains versus statutory bond base,inspect held long-token and short-token rows; use page-column geometry or tabula-style extraction for final reconciliation
CFKKRGACEDCR-0717,CFKKRGACEDP-0717,Schedule D Part 1 Section 1 issuer-credit obligations owned,234,666807-CM-2,NORTHROP GRUMMAN CORP,2.A,issuer_credit_or_corporate_bond,"97,132","100,000","93,694","97,185",6,candidate-first-four-column-map,candidate column assignment only; unresolved variance remains versus statutory bond base,inspect held long-token and short-token rows; use page-column geometry or tabula-style extraction for final reconciliation
CFKKRGACEDCR-0718,CFKKRGACEDP-0718,Schedule D Part 1 Section 1 issuer-credit obligations owned,234,667274-AC-8,NORTHWELL HEALTHCARE INC,1.G,issuer_credit_or_corporate_bond,"7,000,000","7,000,000","5,764,213","7,000,000",7,candidate-first-four-column-map,candidate column assignment only; unresolved variance remains versus statutory bond base,inspect held long-token and short-token rows; use page-column geometry or tabula-style extraction for final reconciliation
CFKKRGACEDCR-0719,CFKKRGACEDP-0719,Schedule D Part 1 Section 1 issuer-credit obligations owned,234,667274-AD-6,NORTHWELL HEALTHCARE INC,1.G,issuer_credit_or_corporate_bond,"7,240,000","7,240,000","5,333,384","7,240,000",7,candidate-first-four-column-map,candidate column assignment only; unresolved variance remains versus statutory bond base,inspect held long-token and short-token rows; use page-column geometry or tabula-style extraction for final reconciliation
CFKKRGACEDCR-0720,CFKKRGACEDP-0720,Schedule D Part 1 Section 1 issuer-credit obligations owned,234,668074-AU-1,NORTHWESTERN CORP,1.G,issuer_credit_or_corporate_bond,"42,431","50,000","41,441","42,453",5,candidate-first-four-column-map,candidate column assignment only; unresolved variance remains versus statutory bond base,inspect held long-token and short-token rows; use page-column geometry or tabula-style extraction for final reconciliation
CFKKRGACEDCR-0721,CFKKRGACEDP-0721,Schedule D Part 1 Section 1 issuer-credit obligations owned,234,670346-AQ-8,NUCOR CORP,1.G,issuer_credit_or_corporate_bond,"11,395,400","10,000,000","8,548,585","11,194,706",7,candidate-first-four-column-map,candidate column assignment only; unresolved variance remains versus statutory bond base,inspect held long-token and short-token rows; use page-column geometry or tabula-style extraction for final reconciliation
CFKKRGACEDCR-0722,CFKKRGACEDP-0722,Schedule D Part 1 Section 1 issuer-credit obligations owned,234,67066G-AH-7,NVIDIA CORP,1.D,issuer_credit_or_corporate_bond,"5,013,575","6,300,000","4,669,792","5,080,698",8,candidate-first-four-column-map,candidate column assignment only; unresolved variance remains versus statutory bond base,inspect held long-token and short-token rows; use page-column geometry or tabula-style extraction for final reconciliation
CFKKRGACEDCR-0723,CFKKRGACEDP-0723,Schedule D Part 1 Section 1 issuer-credit obligations owned,234,67077M-AU-2,NUTRIEN LTD,2.B,issuer_credit_or_corporate_bond,"5,553,400","5,000,000","4,485,331","5,483,022",7,candidate-first-four-column-map,candidate column assignment only; unresolved variance remains versus statutory bond base,inspect held long-token and short-token rows; use page-column geometry or tabula-style extraction for final reconciliation
CFKKRGACEDCR-0724,CFKKRGACEDP-0724,Schedule D Part 1 Section 1 issuer-credit obligations owned,234,67077M-AX-6,NUTRIEN LTD,2.B,issuer_credit_or_corporate_bond,"9,480,738","8,700,000","6,625,104","9,387,174",7,candidate-first-four-column-map,candidate column assignment only; unresolved variance remains versus statutory bond base,inspect held long-token and short-token rows; use page-column geometry or tabula-style extraction for final reconciliation
CFKKRGACEDCR-0725,CFKKRGACEDP-0725,Schedule D Part 1 Section 1 issuer-credit obligations owned,234,674599-DZ-5,OCCIDENTAL PETROLEUM CORP,2.C,issuer_credit_or_corporate_bond,"185,622","177,000","185,377","184,943",5,candidate-first-four-column-map,candidate column assignment only; unresolved variance remains versus statutory bond base,inspect held long-token and short-token rows; use page-column geometry or tabula-style extraction for final reconciliation
CFKKRGACEDCR-0726,CFKKRGACEDP-0726,Schedule D Part 1 Section 1 issuer-credit obligations owned,234,681919-BH-8,OMNICOM GROUP INC,2.A,issuer_credit_or_corporate_bond,"50,099","50,000","50,268","50,096",4,candidate-first-four-column-map,candidate column assignment only; unresolved variance remains versus statutory bond base,inspect held long-token and short-token rows; use page-column geometry or tabula-style extraction for final reconciliation
CFKKRGACEDCR-0727,CFKKRGACEDP-0727,Schedule D Part 1 Section 1 issuer-credit obligations owned,234,68233J-BP-8,ONCOR ELECTRIC DELIVERY COMPANY LLC,1.F,utility_or_energy_credit,"2,494,638","2,047,000","1,552,585","2,442,625",6,candidate-first-four-column-map,candidate column assignment only; unresolved variance remains versus statutory bond base,inspect held long-token and short-token rows; use page-column geometry or tabula-style extraction for final reconciliation
CFKKRGACEDCR-0728,CFKKRGACEDP-0728,Schedule D Part 1 Section 1 issuer-credit obligations owned,234,682680-AZ-6,ONEOK INC,2.B,issuer_credit_or_corporate_bond,"2,485,078","2,174,000","1,756,651","2,453,467",7,candidate-first-four-column-map,candidate column assignment only; unresolved variance remains versus statutory bond base,inspect held long-token and short-token rows; use page-column geometry or tabula-style extraction for final reconciliation
CFKKRGACEDCR-0729,CFKKRGACEDP-0729,Schedule D Part 1 Section 1 issuer-credit obligations owned,234,682680-BZ-5,ONEOK INC,2.B,issuer_credit_or_corporate_bond,"9,898,879","8,600,000","7,283,073","9,736,668",8,candidate-first-four-column-map,candidate column assignment only; unresolved variance remains versus statutory bond base,inspect held long-token and short-token rows; use page-column geometry or tabula-style extraction for final reconciliation
CFKKRGACEDCR-0730,CFKKRGACEDP-0730,Schedule D Part 1 Section 1 issuer-credit obligations owned,234,682680-CE-1,ONEOK INC,2.B,issuer_credit_or_corporate_bond,"810,348","840,000","832,880","812,255",8,candidate-first-four-column-map,candidate column assignment only; unresolved variance remains versus statutory bond base,inspect held long-token and short-token rows; use page-column geometry or tabula-style extraction for final reconciliation
CFKKRGACEDCR-0731,CFKKRGACEDP-0731,Schedule D Part 1 Section 1 issuer-credit obligations owned,234,682680-DD-2,ONEOK INC,2.B,issuer_credit_or_corporate_bond,"705,568","680,000","681,919","705,603",5,candidate-first-four-column-map,candidate column assignment only; unresolved variance remains versus statutory bond base,inspect held long-token and short-token rows; use page-column geometry or tabula-style extraction for final reconciliation
CFKKRGACEDCR-0732,CFKKRGACEDP-0732,Schedule D Part 1 Section 1 issuer-credit obligations owned,234,68389X-AH-8,ORACLE CORP,2.B,issuer_credit_or_corporate_bond,"580,080","550,000","539,758","578,572",8,candidate-first-four-column-map,candidate column assignment only; unresolved variance remains versus statutory bond base,inspect held long-token and short-token rows; use page-column geometry or tabula-style extraction for final reconciliation
CFKKRGACEDCR-0733,CFKKRGACEDP-0733,Schedule D Part 1 Section 1 issuer-credit obligations owned,234,68389X-AW-5,ORACLE CORP,2.B,issuer_credit_or_corporate_bond,"1,423,598","1,739,000","1,335,588","1,429,225",8,candidate-first-four-column-map,candidate column assignment only; unresolved variance remains versus statutory bond base,inspect held long-token and short-token rows; use page-column geometry or tabula-style extraction for final reconciliation
CFKKRGACEDCR-0734,CFKKRGACEDP-0734,Schedule D Part 1 Section 1 issuer-credit obligations owned,234,68389X-BF-1,ORACLE CORP,2.B,issuer_credit_or_corporate_bond,"26,891,019","25,380,000","18,290,608","26,625,470",8,candidate-first-four-column-map,candidate column assignment only; unresolved variance remains versus statutory bond base,inspect held long-token and short-token rows; use page-column geometry or tabula-style extraction for final reconciliation
CFKKRGACEDCR-0735,CFKKRGACEDP-0735,Schedule D Part 1 Section 1 issuer-credit obligations owned,234,68389X-BJ-3,ORACLE CORP,2.B,issuer_credit_or_corporate_bond,"13,745,219","12,938,000","8,978,567","13,615,021",8,candidate-first-four-column-map,candidate column assignment only; unresolved variance remains versus statutory bond base,inspect held long-token and short-token rows; use page-column geometry or tabula-style extraction for final reconciliation
CFKKRGACEDCR-0736,CFKKRGACEDP-0736,Schedule D Part 1 Section 1 issuer-credit obligations owned,234,68389X-BX-2,ORACLE CORP,2.B,issuer_credit_or_corporate_bond,"24,233,587","20,000,000","12,471,983","23,696,295",7,candidate-first-four-column-map,candidate column assignment only; unresolved variance remains versus statutory bond base,inspect held long-token and short-token rows; use page-column geometry or tabula-style extraction for final reconciliation
CFKKRGACEDCR-0737,CFKKRGACEDP-0737,Schedule D Part 1 Section 1 issuer-credit obligations owned,234,68389X-CA-1,ORACLE CORP,2.B,issuer_credit_or_corporate_bond,"18,196,318","20,000,000","13,171,940","18,200,135",8,candidate-first-four-column-map,candidate column assignment only; unresolved variance remains versus statutory bond base,inspect held long-token and short-token rows; use page-column geometry or tabula-style extraction for final reconciliation
CFKKRGACEDCR-0738,CFKKRGACEDP-0738,Schedule D Part 1 Section 1 issuer-credit obligations owned,234,68389X-CK-9,ORACLE CORP,2.B,issuer_credit_or_corporate_bond,"25,667,169","22,825,000","22,568,794","25,630,607",7,candidate-first-four-column-map,candidate column assignment only; unresolved variance remains versus statutory bond base,inspect held long-token and short-token rows; use page-column geometry or tabula-style extraction for final reconciliation
CFKKRGACEDCR-0739,CFKKRGACEDP-0739,Schedule D Part 1 Section 1 issuer-credit obligations owned,234,68389X-CQ-6,ORACLE CORP,2.B,issuer_credit_or_corporate_bond,"9,178,418","9,649,000","8,015,830","9,185,493",8,candidate-first-four-column-map,candidate column assignment only; unresolved variance remains versus statutory bond base,inspect held long-token and short-token rows; use page-column geometry or tabula-style extraction for final reconciliation
CFKKRGACEDCR-0740,CFKKRGACEDP-0740,Schedule D Part 1 Section 1 issuer-credit obligations owned,234,68389X-CV-5,ORACLE CORP,2.B,issuer_credit_or_corporate_bond,"2,271,050","2,390,000","1,909,405","2,272,247",8,candidate-first-four-column-map,candidate column assignment only; unresolved variance remains versus statutory bond base,inspect held long-token and short-token rows; use page-column geometry or tabula-style extraction for final reconciliation
CFKKRGACEDCR-0741,CFKKRGACEDP-0741,Schedule D Part 1 Section 1 issuer-credit obligations owned,234,68389X-DA-0,ORACLE CORP,2.B,issuer_credit_or_corporate_bond,"134,120","131,000","128,434","134,010",6,candidate-first-four-column-map,candidate column assignment only; unresolved variance remains versus statutory bond base,inspect held long-token and short-token rows; use page-column geometry or tabula-style extraction for final reconciliation
CFKKRGACEDCR-0742,CFKKRGACEDP-0742,Schedule D Part 1 Section 1 issuer-credit obligations owned,234,685218-AB-5,ORANGE SA,2.A,issuer_credit_or_corporate_bond,"20,173,073","16,475,000","16,253,026","19,337,902",7,candidate-first-four-column-map,candidate column assignment only; unresolved variance remains versus statutory bond base,inspect held long-token and short-token rows; use page-column geometry or tabula-style extraction for final reconciliation
CFKKRGACEDCR-0743,CFKKRGACEDP-0743,Schedule D Part 1 Section 1 issuer-credit obligations owned,234,686514-AF-7,ORLANDO HEALTH INC,1.E,issuer_credit_or_corporate_bond,"2,769,075","2,500,000","2,039,303","2,731,721",7,candidate-first-four-column-map,candidate column assignment only; unresolved variance remains versus statutory bond base,inspect held long-token and short-token rows; use page-column geometry or tabula-style extraction for final reconciliation
CFKKRGACEDCR-0744,CFKKRGACEDP-0744,Schedule D Part 1 Section 1 issuer-credit obligations owned,234,68902V-AM-9,OTIS WORLDWIDE CORP,2.B,issuer_credit_or_corporate_bond,"6,657,978","7,398,000","5,279,344","6,678,021",8,candidate-first-four-column-map,candidate column assignment only; unresolved variance remains versus statutory bond base,inspect held long-token and short-token rows; use page-column geometry or tabula-style extraction for final reconciliation
CFKKRGACEDCR-0745,CFKKRGACEDP-0745,Schedule D Part 1 Section 1 issuer-credit obligations owned,234,690742-AH-4,OWENS CORNING,2.A,issuer_credit_or_corporate_bond,"3,668,973","4,046,000","3,331,319","3,662,996",8,candidate-first-four-column-map,candidate column assignment only; unresolved variance remains versus statutory bond base,inspect held long-token and short-token rows; use page-column geometry or tabula-style extraction for final reconciliation
CFKKRGACEDCR-0746,CFKKRGACEDP-0746,Schedule D Part 1 Section 1 issuer-credit obligations owned,235,693475-CC-7,PNC FINANCIAL SERVICES GROUP INC,1.G,issuer_credit_or_corporate_bond,"569,156","553,000","576,910","568,647",6,candidate-first-four-column-map,candidate column assignment only; unresolved variance remains versus statutory bond base,inspect held long-token and short-token rows; use page-column geometry or tabula-style extraction for final reconciliation
CFKKRGACEDCR-0747,CFKKRGACEDP-0747,Schedule D Part 1 Section 1 issuer-credit obligations owned,235,693475-CE-3,PNC FINANCIAL SERVICES GROUP INC,1.G,issuer_credit_or_corporate_bond,"332,240","326,000","335,428","332,072",5,candidate-first-four-column-map,candidate column assignment only; unresolved variance remains versus statutory bond base,inspect held long-token and short-token rows; use page-column geometry or tabula-style extraction for final reconciliation
CFKKRGACEDCR-0748,CFKKRGACEDP-0748,Schedule D Part 1 Section 1 issuer-credit obligations owned,235,69371R-T4-8,PACCAR FINANCIAL CORP,1.E,issuer_credit_or_corporate_bond,"50,287","50,000","50,146","50,281",5,candidate-first-four-column-map,candidate column assignment only; unresolved variance remains versus statutory bond base,inspect held long-token and short-token rows; use page-column geometry or tabula-style extraction for final reconciliation
CFKKRGACEDCR-0749,CFKKRGACEDP-0749,Schedule D Part 1 Section 1 issuer-credit obligations owned,235,695114-CV-8,PACIFICORP,2.A,issuer_credit_or_corporate_bond,"20,359,338","27,610,000","20,553,899","20,439,847",8,candidate-first-four-column-map,candidate column assignment only; unresolved variance remains versus statutory bond base,inspect held long-token and short-token rows; use page-column geometry or tabula-style extraction for final reconciliation
CFKKRGACEDCR-0750,CFKKRGACEDP-0750,Schedule D Part 1 Section 1 issuer-credit obligations owned,235,695114-DE-5,PACIFICORP,2.A,issuer_credit_or_corporate_bond,"676,620","680,000","635,083","676,696",6,candidate-first-four-column-map,candidate column assignment only; unresolved variance remains versus statutory bond base,inspect held long-token and short-token rows; use page-column geometry or tabula-style extraction for final reconciliation
CFKKRGACEDCR-0751,CFKKRGACEDP-0751,Schedule D Part 1 Section 1 issuer-credit obligations owned,235,695156-AV-1,PACKAGING CORP OF AMERICA,2.B,issuer_credit_or_corporate_bond,"4,228,011","5,041,000","4,018,949","4,280,641",8,candidate-first-four-column-map,candidate column assignment only; unresolved variance remains versus statutory bond base,inspect held long-token and short-token rows; use page-column geometry or tabula-style extraction for final reconciliation
CFKKRGACEDCR-0752,CFKKRGACEDP-0752,Schedule D Part 1 Section 1 issuer-credit obligations owned,235,69832A-AE-6,PANASONIC HOLDINGS CORP,2.A,issuer_credit_or_corporate_bond,"52,201","50,000","51,804","52,183",5,candidate-first-four-column-map,candidate column assignment only; unresolved variance remains versus statutory bond base,inspect held long-token and short-token rows; use page-column geometry or tabula-style extraction for final reconciliation
CFKKRGACEDCR-0753,CFKKRGACEDP-0753,Schedule D Part 1 Section 1 issuer-credit obligations owned,235,701094-AL-8,PARKER-HANNIFIN CORP,2.A,issuer_credit_or_corporate_bond,"8,791,117","8,190,000","6,753,641","8,700,800",8,candidate-first-four-column-map,candidate column assignment only; unresolved variance remains versus statutory bond base,inspect held long-token and short-token rows; use page-column geometry or tabula-style extraction for final reconciliation
CFKKRGACEDCR-0754,CFKKRGACEDP-0754,Schedule D Part 1 Section 1 issuer-credit obligations owned,235,70109H-AN-5,PARKER-HANNIFIN CORP,2.A,issuer_credit_or_corporate_bond,"4,433,631","3,825,000","3,369,691","4,286,180",8,candidate-first-four-column-map,candidate column assignment only; unresolved variance remains versus statutory bond base,inspect held long-token and short-token rows; use page-column geometry or tabula-style extraction for final reconciliation
CFKKRGACEDCR-0755,CFKKRGACEDP-0755,Schedule D Part 1 Section 1 issuer-credit obligations owned,235,70213B-AB-7,PARTNERRE FINANCE B LLC,1.G,finance_company_or_funding_vehicle,"49,175","50,000","48,850","49,196",5,candidate-first-four-column-map,candidate column assignment only; unresolved variance remains versus statutory bond base,inspect held long-token and short-token rows; use page-column geometry or tabula-style extraction for final reconciliation
CFKKRGACEDCR-0756,CFKKRGACEDP-0756,Schedule D Part 1 Section 1 issuer-credit obligations owned,235,70213H-AC-2,MASS GENERAL BRIGHAM INC,1.D,issuer_credit_or_corporate_bond,"6,670,650","7,000,000","5,726,272","6,712,417",8,candidate-first-four-column-map,candidate column assignment only; unresolved variance remains versus statutory bond base,inspect held long-token and short-token rows; use page-column geometry or tabula-style extraction for final reconciliation
CFKKRGACEDCR-0757,CFKKRGACEDP-0757,Schedule D Part 1 Section 1 issuer-credit obligations owned,235,70450Y-AJ-2,PAYPAL HOLDINGS INC,1.G,issuer_credit_or_corporate_bond,"4,292,380","4,200,000","2,868,846","4,282,443",8,candidate-first-four-column-map,candidate column assignment only; unresolved variance remains versus statutory bond base,inspect held long-token and short-token rows; use page-column geometry or tabula-style extraction for final reconciliation
CFKKRGACEDCR-0758,CFKKRGACEDP-0758,Schedule D Part 1 Section 1 issuer-credit obligations owned,235,707631-AA-5,PENN STATE HEALTH,1.G,issuer_credit_or_corporate_bond,"7,000,000","7,000,000","4,972,645","7,000,000",7,candidate-first-four-column-map,candidate column assignment only; unresolved variance remains versus statutory bond base,inspect held long-token and short-token rows; use page-column geometry or tabula-style extraction for final reconciliation
CFKKRGACEDCR-0759,CFKKRGACEDP-0759,Schedule D Part 1 Section 1 issuer-credit obligations owned,235,713448-EV-6,PEPSICO INC,1.E,issuer_credit_or_corporate_bond,"9,841,900","10,000,000","7,635,807","9,853,348",8,candidate-first-four-column-map,candidate column assignment only; unresolved variance remains versus statutory bond base,inspect held long-token and short-token rows; use page-column geometry or tabula-style extraction for final reconciliation
CFKKRGACEDCR-0760,CFKKRGACEDP-0760,Schedule D Part 1 Section 1 issuer-credit obligations owned,235,714264-AK-4,PERNOD RICARD SA,2.A,issuer_credit_or_corporate_bond,"12,081,127","11,100,000","10,783,038","11,812,453",8,candidate-first-four-column-map,candidate column assignment only; unresolved variance remains versus statutory bond base,inspect held long-token and short-token rows; use page-column geometry or tabula-style extraction for final reconciliation
CFKKRGACEDCR-0761,CFKKRGACEDP-0761,Schedule D Part 1 Section 1 issuer-credit obligations owned,235,716743-AR-0,PETRONAS CAPITAL LTD,1.G,finance_company_or_funding_vehicle,"17,553,206","17,720,000","15,626,252","17,564,171",8,candidate-first-four-column-map,candidate column assignment only; unresolved variance remains versus statutory bond base,inspect held long-token and short-token rows; use page-column geometry or tabula-style extraction for final reconciliation
CFKKRGACEDCR-0762,CFKKRGACEDP-0762,Schedule D Part 1 Section 1 issuer-credit obligations owned,235,716973-AF-9,PFIZER INVESTMENT ENTERPRISES PTE LTD,1.F,issuer_credit_or_corporate_bond,"2,007,722","2,173,000","2,093,194","2,011,117",8,candidate-first-four-column-map,candidate column assignment only; unresolved variance remains versus statutory bond base,inspect held long-token and short-token rows; use page-column geometry or tabula-style extraction for final reconciliation
CFKKRGACEDCR-0763,CFKKRGACEDP-0763,Schedule D Part 1 Section 1 issuer-credit obligations owned,235,716973-AG-7,PFIZER INVESTMENT ENTERPRISES PTE LTD,1.F,issuer_credit_or_corporate_bond,"3,381,311","3,450,000","3,269,011","3,382,963",8,candidate-first-four-column-map,candidate column assignment only; unresolved variance remains versus statutory bond base,inspect held long-token and short-token rows; use page-column geometry or tabula-style extraction for final reconciliation
CFKKRGACEDCR-0764,CFKKRGACEDP-0764,Schedule D Part 1 Section 1 issuer-credit obligations owned,235,717081-CY-7,PFIZER INC,1.F,issuer_credit_or_corporate_bond,"105,069","90,000","107,436","104,393",7,candidate-first-four-column-map,candidate column assignment only; unresolved variance remains versus statutory bond base,inspect held long-token and short-token rows; use page-column geometry or tabula-style extraction for final reconciliation
CFKKRGACEDCR-0765,CFKKRGACEDP-0765,Schedule D Part 1 Section 1 issuer-credit obligations owned,235,717081-DE-0,PFIZER INC,1.F,issuer_credit_or_corporate_bond,"376,276","452,000","395,732","377,795",7,candidate-first-four-column-map,candidate column assignment only; unresolved variance remains versus statutory bond base,inspect held long-token and short-token rows; use page-column geometry or tabula-style extraction for final reconciliation
CFKKRGACEDCR-0766,CFKKRGACEDP-0766,Schedule D Part 1 Section 1 issuer-credit obligations owned,235,717081-EK-5,PFIZER INC,1.F,issuer_credit_or_corporate_bond,"117,028","136,000","112,008","117,117",6,candidate-first-four-column-map,candidate column assignment only; unresolved variance remains versus statutory bond base,inspect held long-token and short-token rows; use page-column geometry or tabula-style extraction for final reconciliation
CFKKRGACEDCR-0767,CFKKRGACEDP-0767,Schedule D Part 1 Section 1 issuer-credit obligations owned,235,717081-EV-1,PFIZER INC,1.F,issuer_credit_or_corporate_bond,"375,985","453,000","363,523","376,329",6,candidate-first-four-column-map,candidate column assignment only; unresolved variance remains versus statutory bond base,inspect held long-token and short-token rows; use page-column geometry or tabula-style extraction for final reconciliation
CFKKRGACEDCR-0768,CFKKRGACEDP-0768,Schedule D Part 1 Section 1 issuer-credit obligations owned,235,717081-FA-6,PFIZER INC,1.F,issuer_credit_or_corporate_bond,"207,797","318,000","198,563","208,236",6,candidate-first-four-column-map,candidate column assignment only; unresolved variance remains versus statutory bond base,inspect held long-token and short-token rows; use page-column geometry or tabula-style extraction for final reconciliation
CFKKRGACEDCR-0769,CFKKRGACEDP-0769,Schedule D Part 1 Section 1 issuer-credit obligations owned,235,718172-AC-3,PHILIP MORRIS INTERNATIONAL INC,1.G,issuer_credit_or_corporate_bond,"13,691,437","10,605,000","11,830,579","12,758,523",8,candidate-first-four-column-map,candidate column assignment only; unresolved variance remains versus statutory bond base,inspect held long-token and short-token rows; use page-column geometry or tabula-style extraction for final reconciliation
CFKKRGACEDCR-0770,CFKKRGACEDP-0770,Schedule D Part 1 Section 1 issuer-credit obligations owned,235,718172-AM-1,PHILIP MORRIS INTERNATIONAL INC,1.G,issuer_credit_or_corporate_bond,"4,938,400","4,000,000","3,573,184","4,762,462",8,candidate-first-four-column-map,candidate column assignment only; unresolved variance remains versus statutory bond base,inspect held long-token and short-token rows; use page-column geometry or tabula-style extraction for final reconciliation
CFKKRGACEDCR-0771,CFKKRGACEDP-0771,Schedule D Part 1 Section 1 issuer-credit obligations owned,235,718172-BD-0,PHILIP MORRIS INTERNATIONAL INC,1.G,issuer_credit_or_corporate_bond,"5,258,925","3,999,000","3,691,866","5,052,746",8,candidate-first-four-column-map,candidate column assignment only; unresolved variance remains versus statutory bond base,inspect held long-token and short-token rows; use page-column geometry or tabula-style extraction for final reconciliation
CFKKRGACEDCR-0772,CFKKRGACEDP-0772,Schedule D Part 1 Section 1 issuer-credit obligations owned,235,718172-BL-2,PHILIP MORRIS INTERNATIONAL INC,1.G,issuer_credit_or_corporate_bond,"9,396,376","8,800,000","7,491,567","9,261,838",8,candidate-first-four-column-map,candidate column assignment only; unresolved variance remains versus statutory bond base,inspect held long-token and short-token rows; use page-column geometry or tabula-style extraction for final reconciliation
CFKKRGACEDCR-0773,CFKKRGACEDP-0773,Schedule D Part 1 Section 1 issuer-credit obligations owned,235,71845J-AD-0,PHILLIPS EDISON GROCERY CENTER OPERATING,2.B,issuer_credit_or_corporate_bond,"28,779","28,000","28,685","28,771",4,candidate-first-four-column-map,candidate column assignment only; unresolved variance remains versus statutory bond base,inspect held long-token and short-token rows; use page-column geometry or tabula-style extraction for final reconciliation
CFKKRGACEDCR-0774,CFKKRGACEDP-0774,Schedule D Part 1 Section 1 issuer-credit obligations owned,235,718546-AL-8,PHILLIPS 66,2.A,issuer_credit_or_corporate_bond,"3,965,464","3,167,000","2,783,431","3,853,978",7,candidate-first-four-column-map,candidate column assignment only; unresolved variance remains versus statutory bond base,inspect held long-token and short-token rows; use page-column geometry or tabula-style extraction for final reconciliation
CFKKRGACEDCR-0775,CFKKRGACEDP-0775,Schedule D Part 1 Section 1 issuer-credit obligations owned,235,718547-AP-7,PHILLIPS 66 CO,2.A,issuer_credit_or_corporate_bond,"8,616,695","8,130,000","7,128,171","8,549,576",7,candidate-first-four-column-map,candidate column assignment only; unresolved variance remains versus statutory bond base,inspect held long-token and short-token rows; use page-column geometry or tabula-style extraction for final reconciliation
CFKKRGACEDCR-0776,CFKKRGACEDP-0776,Schedule D Part 1 Section 1 issuer-credit obligations owned,235,72650R-AM-4,PLAINS ALL AMERICAN PIPELINE LP,2.B,issuer_credit_or_corporate_bond,"828,080","700,000","775,321","777,363",8,candidate-first-four-column-map,candidate column assignment only; unresolved variance remains versus statutory bond base,inspect held long-token and short-token rows; use page-column geometry or tabula-style extraction for final reconciliation
CFKKRGACEDCR-0777,CFKKRGACEDP-0777,Schedule D Part 1 Section 1 issuer-credit obligations owned,235,72650R-AR-3,PLAINS ALL AMERICAN PIPELINE LP,2.B,issuer_credit_or_corporate_bond,"291,238","250,000","272,398","276,791",8,candidate-first-four-column-map,candidate column assignment only; unresolved variance remains versus statutory bond base,inspect held long-token and short-token rows; use page-column geometry or tabula-style extraction for final reconciliation
CFKKRGACEDCR-0778,CFKKRGACEDP-0778,Schedule D Part 1 Section 1 issuer-credit obligations owned,235,74005P-BS-2,LINDE INC,1.F,issuer_credit_or_corporate_bond,"1,645,557","1,853,000","988,226","1,668,244",8,candidate-first-four-column-map,candidate column assignment only; unresolved variance remains versus statutory bond base,inspect held long-token and short-token rows; use page-column geometry or tabula-style extraction for final reconciliation
CFKKRGACEDCR-0779,CFKKRGACEDP-0779,Schedule D Part 1 Section 1 issuer-credit obligations owned,235,740189-AN-5,PRECISION CASTPARTS CORP,1.C,issuer_credit_or_corporate_bond,"49,443","50,000","48,808","49,448",6,candidate-first-four-column-map,candidate column assignment only; unresolved variance remains versus statutory bond base,inspect held long-token and short-token rows; use page-column geometry or tabula-style extraction for final reconciliation
CFKKRGACEDCR-0780,CFKKRGACEDP-0780,Schedule D Part 1 Section 1 issuer-credit obligations owned,235,740816-AS-2,PRESIDENT AND FELLOWS OF HARVARD COLLEGE,1.A,issuer_credit_or_corporate_bond,"640,138","617,000","636,763","639,669",5,candidate-first-four-column-map,candidate column assignment only; unresolved variance remains versus statutory bond base,inspect held long-token and short-token rows; use page-column geometry or tabula-style extraction for final reconciliation
CFKKRGACEDCR-0781,CFKKRGACEDP-0781,Schedule D Part 1 Section 1 issuer-credit obligations owned,235,74251V-AR-3,PRINCIPAL FINANCIAL GROUP INC,1.G,issuer_credit_or_corporate_bond,"49,229","50,000","49,197","49,249",5,candidate-first-four-column-map,candidate column assignment only; unresolved variance remains versus statutory bond base,inspect held long-token and short-token rows; use page-column geometry or tabula-style extraction for final reconciliation
CFKKRGACEDCR-0782,CFKKRGACEDP-0782,Schedule D Part 1 Section 1 issuer-credit obligations owned,235,742718-GL-7,PROCTER & GAMBLE CO,1.D,issuer_credit_or_corporate_bond,"347,521","340,000","344,791","347,458",6,candidate-first-four-column-map,candidate column assignment only; unresolved variance remains versus statutory bond base,inspect held long-token and short-token rows; use page-column geometry or tabula-style extraction for final reconciliation
CFKKRGACEDCR-0783,CFKKRGACEDP-0783,Schedule D Part 1 Section 1 issuer-credit obligations owned,235,743315-BB-8,PROGRESSIVE CORP,1.F,issuer_credit_or_corporate_bond,"51,631","50,000","51,338","51,614",5,candidate-first-four-column-map,candidate column assignment only; unresolved variance remains versus statutory bond base,inspect held long-token and short-token rows; use page-column geometry or tabula-style extraction for final reconciliation
CFKKRGACEDCR-0784,CFKKRGACEDP-0784,Schedule D Part 1 Section 1 issuer-credit obligations owned,235,74340X-BP-5,PROLOGIS LP,1.F,issuer_credit_or_corporate_bond,"2,384,043","2,800,000","1,855,271","2,387,478",8,candidate-first-four-column-map,candidate column assignment only; unresolved variance remains versus statutory bond base,inspect held long-token and short-token rows; use page-column geometry or tabula-style extraction for final reconciliation
CFKKRGACEDCR-0785,CFKKRGACEDP-0785,Schedule D Part 1 Section 1 issuer-credit obligations owned,235,74340X-CJ-8,PROLOGIS LP,1.F,issuer_credit_or_corporate_bond,"25,846","26,000","26,524","25,854",5,candidate-first-four-column-map,candidate column assignment only; unresolved variance remains versus statutory bond base,inspect held long-token and short-token rows; use page-column geometry or tabula-style extraction for final reconciliation
CFKKRGACEDCR-0786,CFKKRGACEDP-0786,Schedule D Part 1 Section 1 issuer-credit obligations owned,235,744482-BM-1,PUBLIC SERVICE COMPANY OF NEW HAMPSHIRE,1.E,issuer_credit_or_corporate_bond,"3,491,705","3,500,000","2,581,000","3,493,514",7,candidate-first-four-column-map,candidate column assignment only; unresolved variance remains versus statutory bond base,inspect held long-token and short-token rows; use page-column geometry or tabula-style extraction for final reconciliation
CFKKRGACEDCR-0787,CFKKRGACEDP-0787,Schedule D Part 1 Section 1 issuer-credit obligations owned,235,74456Q-BB-1,PUBLIC SERVICE ELECTRIC AND GAS CO,1.F,utility_or_energy_credit,"1,069,140","1,030,000","844,256","1,058,814",7,candidate-first-four-column-map,candidate column assignment only; unresolved variance remains versus statutory bond base,inspect held long-token and short-token rows; use page-column geometry or tabula-style extraction for final reconciliation
CFKKRGACEDCR-0788,CFKKRGACEDP-0788,Schedule D Part 1 Section 1 issuer-credit obligations owned,235,74456Q-CA-2,PUBLIC SERVICE ELECTRIC AND GAS CO,1.F,utility_or_energy_credit,"2,501,251","2,252,000","1,551,959","2,472,552",7,candidate-first-four-column-map,candidate column assignment only; unresolved variance remains versus statutory bond base,inspect held long-token and short-token rows; use page-column geometry or tabula-style extraction for final reconciliation
CFKKRGACEDCR-0789,CFKKRGACEDP-0789,Schedule D Part 1 Section 1 issuer-credit obligations owned,235,745332-CH-7,PUGET SOUND ENERGY INC,1.F,utility_or_energy_credit,"11,228,199","8,475,000","6,933,713","10,845,866",7,candidate-first-four-column-map,candidate column assignment only; unresolved variance remains versus statutory bond base,inspect held long-token and short-token rows; use page-column geometry or tabula-style extraction for final reconciliation
CFKKRGACEDCR-0790,CFKKRGACEDP-0790,Schedule D Part 1 Section 1 issuer-credit obligations owned,235,747525-AV-5,QUALCOMM INC,1.F,issuer_credit_or_corporate_bond,"2,436,586","2,376,000","1,996,844","2,402,853",8,candidate-first-four-column-map,candidate column assignment only; unresolved variance remains versus statutory bond base,inspect held long-token and short-token rows; use page-column geometry or tabula-style extraction for final reconciliation
CFKKRGACEDCR-0791,CFKKRGACEDP-0791,Schedule D Part 1 Section 1 issuer-credit obligations owned,236,747525-BR-3,QUALCOMM INC,1.F,issuer_credit_or_corporate_bond,"11,287,987","13,295,000","11,327,922","11,319,657",8,candidate-first-four-column-map,candidate column assignment only; unresolved variance remains versus statutory bond base,inspect held long-token and short-token rows; use page-column geometry or tabula-style extraction for final reconciliation
CFKKRGACEDCR-0792,CFKKRGACEDP-0792,Schedule D Part 1 Section 1 issuer-credit obligations owned,236,747525-BT-9,QUALCOMM INC,1.F,issuer_credit_or_corporate_bond,"17,390,531","16,503,000","17,431,471","17,379,814",7,candidate-first-four-column-map,candidate column assignment only; unresolved variance remains versus statutory bond base,inspect held long-token and short-token rows; use page-column geometry or tabula-style extraction for final reconciliation
CFKKRGACEDCR-0793,CFKKRGACEDP-0793,Schedule D Part 1 Section 1 issuer-credit obligations owned,236,74949L-AG-7,RELX CAPITAL INC,1.G,finance_company_or_funding_vehicle,"88,494","85,000","87,776","88,467",5,candidate-first-four-column-map,candidate column assignment only; unresolved variance remains versus statutory bond base,inspect held long-token and short-token rows; use page-column geometry or tabula-style extraction for final reconciliation
CFKKRGACEDCR-0794,CFKKRGACEDP-0794,Schedule D Part 1 Section 1 issuer-credit obligations owned,236,749685-AV-5,RPM INTERNATIONAL INC,2.B,issuer_credit_or_corporate_bond,"49,778","50,000","49,798","49,794",5,candidate-first-four-column-map,candidate column assignment only; unresolved variance remains versus statutory bond base,inspect held long-token and short-token rows; use page-column geometry or tabula-style extraction for final reconciliation
CFKKRGACEDCR-0795,CFKKRGACEDP-0795,Schedule D Part 1 Section 1 issuer-credit obligations owned,236,74977R-CM-4,COOPERATIEVE RABOBANK UA,1.D,bank_or_financial_credit,"2,525,295","2,500,000","2,477,227","2,525,446",7,candidate-first-four-column-map,candidate column assignment only; unresolved variance remains versus statutory bond base,inspect held long-token and short-token rows; use page-column geometry or tabula-style extraction for final reconciliation
CFKKRGACEDCR-0796,CFKKRGACEDP-0796,Schedule D Part 1 Section 1 issuer-credit obligations owned,236,754730-AH-2,RAYMOND JAMES FINANCIAL INC,1.G,issuer_credit_or_corporate_bond,"1,892,436","1,680,000","1,237,056","1,871,150",7,candidate-first-four-column-map,candidate column assignment only; unresolved variance remains versus statutory bond base,inspect held long-token and short-token rows; use page-column geometry or tabula-style extraction for final reconciliation
CFKKRGACEDCR-0797,CFKKRGACEDP-0797,Schedule D Part 1 Section 1 issuer-credit obligations owned,236,75513E-CC-3,RTX CORP,2.A,issuer_credit_or_corporate_bond,"329,898","321,000","266,918","328,662",5,candidate-first-four-column-map,candidate column assignment only; unresolved variance remains versus statutory bond base,inspect held long-token and short-token rows; use page-column geometry or tabula-style extraction for final reconciliation
CFKKRGACEDCR-0798,CFKKRGACEDP-0798,Schedule D Part 1 Section 1 issuer-credit obligations owned,236,75513E-CP-4,RTX CORP,2.A,issuer_credit_or_corporate_bond,"684,740","1,072,000","699,664","690,686",8,candidate-first-four-column-map,candidate column assignment only; unresolved variance remains versus statutory bond base,inspect held long-token and short-token rows; use page-column geometry or tabula-style extraction for final reconciliation
CFKKRGACEDCR-0799,CFKKRGACEDP-0799,Schedule D Part 1 Section 1 issuer-credit obligations owned,236,756109-AT-1,REALTY INCOME CORP,1.G,issuer_credit_or_corporate_bond,"1,999,360","2,000,000","1,771,790","1,999,583",7,candidate-first-four-column-map,candidate column assignment only; unresolved variance remains versus statutory bond base,inspect held long-token and short-token rows; use page-column geometry or tabula-style extraction for final reconciliation
CFKKRGACEDCR-0800,CFKKRGACEDP-0800,Schedule D Part 1 Section 1 issuer-credit obligations owned,236,75884R-AZ-6,REGENCY CENTERS LP,1.G,issuer_credit_or_corporate_bond,"29,776","31,000","29,780","29,804",5,candidate-first-four-column-map,candidate column assignment only; unresolved variance remains versus statutory bond base,inspect held long-token and short-token rows; use page-column geometry or tabula-style extraction for final reconciliation
CFKKRGACEDCR-0801,CFKKRGACEDP-0801,Schedule D Part 1 Section 1 issuer-credit obligations owned,236,75886F-AF-4,REGENERON PHARMACEUTICALS INC,2.A,issuer_credit_or_corporate_bond,"435,431","680,000","415,398","436,360",6,candidate-first-four-column-map,candidate column assignment only; unresolved variance remains versus statutory bond base,inspect held long-token and short-token rows; use page-column geometry or tabula-style extraction for final reconciliation
CFKKRGACEDCR-0802,CFKKRGACEDP-0802,Schedule D Part 1 Section 1 issuer-credit obligations owned,236,76169X-AC-8,REXFORD INDUSTRIAL REALTY LP,2.A,issuer_credit_or_corporate_bond,"50,938","50,000","50,916","50,905",5,candidate-first-four-column-map,candidate column assignment only; unresolved variance remains versus statutory bond base,inspect held long-token and short-token rows; use page-column geometry or tabula-style extraction for final reconciliation
CFKKRGACEDCR-0803,CFKKRGACEDP-0803,Schedule D Part 1 Section 1 issuer-credit obligations owned,236,761713-BB-1,REYNOLDS AMERICAN INC,2.A,issuer_credit_or_corporate_bond,"26,374,633","21,800,000","21,520,414","25,452,159",7,candidate-first-four-column-map,candidate column assignment only; unresolved variance remains versus statutory bond base,inspect held long-token and short-token rows; use page-column geometry or tabula-style extraction for final reconciliation
CFKKRGACEDCR-0804,CFKKRGACEDP-0804,Schedule D Part 1 Section 1 issuer-credit obligations owned,236,761713-BV-7,REYNOLDS AMERICAN INC,2.A,issuer_credit_or_corporate_bond,"5,409,015","4,000,000","4,751,346","5,045,732",8,candidate-first-four-column-map,candidate column assignment only; unresolved variance remains versus statutory bond base,inspect held long-token and short-token rows; use page-column geometry or tabula-style extraction for final reconciliation
CFKKRGACEDCR-0805,CFKKRGACEDP-0805,Schedule D Part 1 Section 1 issuer-credit obligations owned,236,761713-BW-5,REYNOLDS AMERICAN INC,2.A,issuer_credit_or_corporate_bond,"805,820","680,000","713,667","776,605",8,candidate-first-four-column-map,candidate column assignment only; unresolved variance remains versus statutory bond base,inspect held long-token and short-token rows; use page-column geometry or tabula-style extraction for final reconciliation
CFKKRGACEDCR-0806,CFKKRGACEDP-0806,Schedule D Part 1 Section 1 issuer-credit obligations owned,236,76720A-AD-8,RIO TINTO FINANCE (USA) PLC,1.F,finance_company_or_funding_vehicle,"248,483","250,000","233,684","248,896",7,candidate-first-four-column-map,candidate column assignment only; unresolved variance remains versus statutory bond base,inspect held long-token and short-token rows; use page-column geometry or tabula-style extraction for final reconciliation
CFKKRGACEDCR-0807,CFKKRGACEDP-0807,Schedule D Part 1 Section 1 issuer-credit obligations owned,236,76720A-AP-1,RIO TINTO FINANCE (USA) PLC,1.F,finance_company_or_funding_vehicle,"6,557,389","7,048,000","6,590,344","6,564,865",8,candidate-first-four-column-map,candidate column assignment only; unresolved variance remains versus statutory bond base,inspect held long-token and short-token rows; use page-column geometry or tabula-style extraction for final reconciliation
CFKKRGACEDCR-0808,CFKKRGACEDP-0808,Schedule D Part 1 Section 1 issuer-credit obligations owned,236,76720A-AV-8,RIO TINTO FINANCE (USA) PLC,1.F,finance_company_or_funding_vehicle,"928,292","938,000","957,632","928,434",7,candidate-first-four-column-map,candidate column assignment only; unresolved variance remains versus statutory bond base,inspect held long-token and short-token rows; use page-column geometry or tabula-style extraction for final reconciliation
CFKKRGACEDCR-0809,CFKKRGACEDP-0809,Schedule D Part 1 Section 1 issuer-credit obligations owned,236,76720A-AW-6,RIO TINTO FINANCE (USA) PLC,1.F,finance_company_or_funding_vehicle,"1,074,136","1,084,000","1,120,541","1,074,268",7,candidate-first-four-column-map,candidate column assignment only; unresolved variance remains versus statutory bond base,inspect held long-token and short-token rows; use page-column geometry or tabula-style extraction for final reconciliation
CFKKRGACEDCR-0810,CFKKRGACEDP-0810,Schedule D Part 1 Section 1 issuer-credit obligations owned,236,773903-AJ-8,ROCKWELL AUTOMATION INC,1.G,issuer_credit_or_corporate_bond,"2,362,831","2,425,000","2,023,676","2,364,224",8,candidate-first-four-column-map,candidate column assignment only; unresolved variance remains versus statutory bond base,inspect held long-token and short-token rows; use page-column geometry or tabula-style extraction for final reconciliation
CFKKRGACEDCR-0811,CFKKRGACEDP-0811,Schedule D Part 1 Section 1 issuer-credit obligations owned,236,775109-AX-9,ROGERS COMMUNICATIONS INC,2.C,issuer_credit_or_corporate_bond,"4,173,862","3,850,000","3,233,255","4,093,315",7,candidate-first-four-column-map,candidate column assignment only; unresolved variance remains versus statutory bond base,inspect held long-token and short-token rows; use page-column geometry or tabula-style extraction for final reconciliation
CFKKRGACEDCR-0812,CFKKRGACEDP-0812,Schedule D Part 1 Section 1 issuer-credit obligations owned,236,775109-BN-0,ROGERS COMMUNICATIONS INC,2.C,issuer_credit_or_corporate_bond,"25,766,622","26,375,000","20,953,704","25,752,954",8,candidate-first-four-column-map,candidate column assignment only; unresolved variance remains versus statutory bond base,inspect held long-token and short-token rows; use page-column geometry or tabula-style extraction for final reconciliation
CFKKRGACEDCR-0813,CFKKRGACEDP-0813,Schedule D Part 1 Section 1 issuer-credit obligations owned,236,778296-AG-8,ROSS STORES INC,2.A,issuer_credit_or_corporate_bond,"44,105","50,000","44,068","44,197",5,candidate-first-four-column-map,candidate column assignment only; unresolved variance remains versus statutory bond base,inspect held long-token and short-token rows; use page-column geometry or tabula-style extraction for final reconciliation
CFKKRGACEDCR-0814,CFKKRGACEDP-0814,Schedule D Part 1 Section 1 issuer-credit obligations owned,236,78081B-AK-9,ROYALTY PHARMA PLC,2.C,issuer_credit_or_corporate_bond,"45,375","50,000","45,343","45,459",5,candidate-first-four-column-map,candidate column assignment only; unresolved variance remains versus statutory bond base,inspect held long-token and short-token rows; use page-column geometry or tabula-style extraction for final reconciliation
CFKKRGACEDCR-0815,CFKKRGACEDP-0815,Schedule D Part 1 Section 1 issuer-credit obligations owned,236,78409V-AR-5,S&P GLOBAL INC,1.G,issuer_credit_or_corporate_bond,"5,546,756","8,287,000","4,201,036","5,643,697",8,candidate-first-four-column-map,candidate column assignment only; unresolved variance remains versus statutory bond base,inspect held long-token and short-token rows; use page-column geometry or tabula-style extraction for final reconciliation
CFKKRGACEDCR-0816,CFKKRGACEDP-0816,Schedule D Part 1 Section 1 issuer-credit obligations owned,236,78409V-BL-7,S&P GLOBAL INC,1.G,issuer_credit_or_corporate_bond,"1,436,242","1,819,000","1,380,798","1,448,509",8,candidate-first-four-column-map,candidate column assignment only; unresolved variance remains versus statutory bond base,inspect held long-token and short-token rows; use page-column geometry or tabula-style extraction for final reconciliation
CFKKRGACEDCR-0817,CFKKRGACEDP-0817,Schedule D Part 1 Section 1 issuer-credit obligations owned,236,79466L-AL-8,SALESFORCE INC,1.E,issuer_credit_or_corporate_bond,"4,478,247","4,650,000","2,955,170","4,484,903",8,candidate-first-four-column-map,candidate column assignment only; unresolved variance remains versus statutory bond base,inspect held long-token and short-token rows; use page-column geometry or tabula-style extraction for final reconciliation
CFKKRGACEDCR-0818,CFKKRGACEDP-0818,Schedule D Part 1 Section 1 issuer-credit obligations owned,236,797440-BM-5,SAN DIEGO GAS & ELECTRIC CO,1.F,utility_or_energy_credit,"7,973,332","8,000,000","7,306,923","7,982,264",7,candidate-first-four-column-map,candidate column assignment only; unresolved variance remains versus statutory bond base,inspect held long-token and short-token rows; use page-column geometry or tabula-style extraction for final reconciliation
CFKKRGACEDCR-0819,CFKKRGACEDP-0819,Schedule D Part 1 Section 1 issuer-credit obligations owned,236,797440-BW-3,SAN DIEGO GAS & ELECTRIC CO,1.F,utility_or_energy_credit,"3,470,110","3,500,000","2,828,715","3,474,794",7,candidate-first-four-column-map,candidate column assignment only; unresolved variance remains versus statutory bond base,inspect held long-token and short-token rows; use page-column geometry or tabula-style extraction for final reconciliation
CFKKRGACEDCR-0820,CFKKRGACEDP-0820,Schedule D Part 1 Section 1 issuer-credit obligations owned,236,801060-AJ-3,SANOFI SA,1.D,issuer_credit_or_corporate_bond,"50,125","50,000","49,940","50,124",4,candidate-first-four-column-map,candidate column assignment only; unresolved variance remains versus statutory bond base,inspect held long-token and short-token rows; use page-column geometry or tabula-style extraction for final reconciliation
CFKKRGACEDCR-0821,CFKKRGACEDP-0821,Schedule D Part 1 Section 1 issuer-credit obligations owned,236,80281L-AX-3,SANTANDER UK GROUP HOLDINGS PLC,2.A,issuer_credit_or_corporate_bond,"50,103","50,000","50,054","50,100",4,candidate-first-four-column-map,candidate column assignment only; unresolved variance remains versus statutory bond base,inspect held long-token and short-token rows; use page-column geometry or tabula-style extraction for final reconciliation
CFKKRGACEDCR-0822,CFKKRGACEDP-0822,Schedule D Part 1 Section 1 issuer-credit obligations owned,236,806605-AH-4,MERCK & CO INC,1.E,issuer_credit_or_corporate_bond,"43,344","39,000","44,712","43,114",6,candidate-first-four-column-map,candidate column assignment only; unresolved variance remains versus statutory bond base,inspect held long-token and short-token rows; use page-column geometry or tabula-style extraction for final reconciliation
CFKKRGACEDCR-0823,CFKKRGACEDP-0823,Schedule D Part 1 Section 1 issuer-credit obligations owned,236,816300-AJ-6,SELECTIVE INSURANCE GROUP INC,2.B,issuer_credit_or_corporate_bond,"52,509","50,000","52,507","52,489",4,candidate-first-four-column-map,candidate column assignment only; unresolved variance remains versus statutory bond base,inspect held long-token and short-token rows; use page-column geometry or tabula-style extraction for final reconciliation
CFKKRGACEDCR-0824,CFKKRGACEDP-0824,Schedule D Part 1 Section 1 issuer-credit obligations owned,236,817826-AG-5,7-ELEVEN INC,2.B,issuer_credit_or_corporate_bond,"19,182,153","25,100,000","15,301,610","19,317,262",8,candidate-first-four-column-map,candidate column assignment only; unresolved variance remains versus statutory bond base,inspect held long-token and short-token rows; use page-column geometry or tabula-style extraction for final reconciliation
CFKKRGACEDCR-0825,CFKKRGACEDP-0825,Schedule D Part 1 Section 1 issuer-credit obligations owned,236,822905-AA-3,RDSALN 4 3/8 05/11/45,1.D,issuer_credit_or_corporate_bond,"13,498,676","11,531,000","9,963,047","13,104,364",8,candidate-first-four-column-map,candidate column assignment only; unresolved variance remains versus statutory bond base,inspect held long-token and short-token rows; use page-column geometry or tabula-style extraction for final reconciliation
CFKKRGACEDCR-0826,CFKKRGACEDP-0826,Schedule D Part 1 Section 1 issuer-credit obligations owned,236,822905-AD-7,SHELL FINANCE US INC,1.D,finance_company_or_funding_vehicle,"9,028,650","7,500,000","6,712,331","8,735,383",8,candidate-first-four-column-map,candidate column assignment only; unresolved variance remains versus statutory bond base,inspect held long-token and short-token rows; use page-column geometry or tabula-style extraction for final reconciliation
CFKKRGACEDCR-0827,CFKKRGACEDP-0827,Schedule D Part 1 Section 1 issuer-credit obligations owned,236,822905-AE-5,SHELL FINANCE US INC,1.D,finance_company_or_funding_vehicle,"995,918","1,276,000","1,032,470","999,166",8,candidate-first-four-column-map,candidate column assignment only; unresolved variance remains versus statutory bond base,inspect held long-token and short-token rows; use page-column geometry or tabula-style extraction for final reconciliation
CFKKRGACEDCR-0828,CFKKRGACEDP-0828,Schedule D Part 1 Section 1 issuer-credit obligations owned,236,824348-AX-4,SHERWIN-WILLIAMS CO,2.B,issuer_credit_or_corporate_bond,"5,340,680","5,100,000","4,363,216","5,305,671",8,candidate-first-four-column-map,candidate column assignment only; unresolved variance remains versus statutory bond base,inspect held long-token and short-token rows; use page-column geometry or tabula-style extraction for final reconciliation
CFKKRGACEDCR-0829,CFKKRGACEDP-0829,Schedule D Part 1 Section 1 issuer-credit obligations owned,236,824348-BM-7,SHERWIN-WILLIAMS CO,2.B,issuer_credit_or_corporate_bond,"15,315,969","15,000,000","10,217,016","15,035,518",8,candidate-first-four-column-map,candidate column assignment only; unresolved variance remains versus statutory bond base,inspect held long-token and short-token rows; use page-column geometry or tabula-style extraction for final reconciliation
CFKKRGACEDCR-0830,CFKKRGACEDP-0830,Schedule D Part 1 Section 1 issuer-credit obligations owned,236,824348-BP-0,SHERWIN-WILLIAMS CO,2.B,issuer_credit_or_corporate_bond,"6,850,706","10,000,000","6,185,575","7,010,608",8,candidate-first-four-column-map,candidate column assignment only; unresolved variance remains versus statutory bond base,inspect held long-token and short-token rows; use page-column geometry or tabula-style extraction for final reconciliation
CFKKRGACEDCR-0831,CFKKRGACEDP-0831,Schedule D Part 1 Section 1 issuer-credit obligations owned,236,82620K-AF-0,SIEMENS FINANCIERINGSMAATSCHAPPIJ NV,1.D,issuer_credit_or_corporate_bond,"4,081,818","3,900,000","3,445,436","4,050,419",8,candidate-first-four-column-map,candidate column assignment only; unresolved variance remains versus statutory bond base,inspect held long-token and short-token rows; use page-column geometry or tabula-style extraction for final reconciliation
CFKKRGACEDCR-0832,CFKKRGACEDP-0832,Schedule D Part 1 Section 1 issuer-credit obligations owned,236,82622R-AE-6,SIEMENS FUNDING BV,1.D,finance_company_or_funding_vehicle,"127,294","123,000","127,662","127,169",5,candidate-first-four-column-map,candidate column assignment only; unresolved variance remains versus statutory bond base,inspect held long-token and short-token rows; use page-column geometry or tabula-style extraction for final reconciliation
CFKKRGACEDCR-0833,CFKKRGACEDP-0833,Schedule D Part 1 Section 1 issuer-credit obligations owned,236,828807-DJ-3,SIMON PROPERTY GROUP LP,1.G,issuer_credit_or_corporate_bond,"2,519,220","2,202,000","1,656,180","2,485,966",7,candidate-first-four-column-map,candidate column assignment only; unresolved variance remains versus statutory bond base,inspect held long-token and short-token rows; use page-column geometry or tabula-style extraction for final reconciliation
CFKKRGACEDCR-0834,CFKKRGACEDP-0834,Schedule D Part 1 Section 1 issuer-credit obligations owned,236,830505-BK-8,SKANDINAVISKA ENSKILDA BANKEN AB,1.F,bank_or_financial_credit,"50,367","50,000","50,231","50,362",5,candidate-first-four-column-map,candidate column assignment only; unresolved variance remains versus statutory bond base,inspect held long-token and short-token rows; use page-column geometry or tabula-style extraction for final reconciliation
CFKKRGACEDCR-0835,CFKKRGACEDP-0835,Schedule D Part 1 Section 1 issuer-credit obligations owned,236,83192P-AD-0,SMITH & NEPHEW PLC,2.B,issuer_credit_or_corporate_bond,"52,235","50,000","51,750","52,214",4,candidate-first-four-column-map,candidate column assignment only; unresolved variance remains versus statutory bond base,inspect held long-token and short-token rows; use page-column geometry or tabula-style extraction for final reconciliation
CFKKRGACEDCR-0836,CFKKRGACEDP-0836,Schedule D Part 1 Section 1 issuer-credit obligations owned,237,832696-AP-3,J M SMUCKER CO,2.B,issuer_credit_or_corporate_bond,"5,923,023","5,343,000","4,487,343","5,795,501",8,candidate-first-four-column-map,candidate column assignment only; unresolved variance remains versus statutory bond base,inspect held long-token and short-token rows; use page-column geometry or tabula-style extraction for final reconciliation
CFKKRGACEDCR-0837,CFKKRGACEDP-0837,Schedule D Part 1 Section 1 issuer-credit obligations owned,237,832696-AX-6,J M SMUCKER CO,2.B,issuer_credit_or_corporate_bond,"6,141,681","5,669,000","6,147,727","6,139,862",6,candidate-first-four-column-map,candidate column assignment only; unresolved variance remains versus statutory bond base,inspect held long-token and short-token rows; use page-column geometry or tabula-style extraction for final reconciliation
CFKKRGACEDCR-0838,CFKKRGACEDP-0838,Schedule D Part 1 Section 1 issuer-credit obligations owned,237,833034-AK-7,SNAP-ON INC,1.F,issuer_credit_or_corporate_bond,"49,587","50,000","49,648","49,618",5,candidate-first-four-column-map,candidate column assignment only; unresolved variance remains versus statutory bond base,inspect held long-token and short-token rows; use page-column geometry or tabula-style extraction for final reconciliation
CFKKRGACEDCR-0839,CFKKRGACEDP-0839,Schedule D Part 1 Section 1 issuer-credit obligations owned,237,83368R-BX-9,SOCIETE GENERALE SA,2.B,issuer_credit_or_corporate_bond,"53,019","50,000","52,869","52,994",5,candidate-first-four-column-map,candidate column assignment only; unresolved variance remains versus statutory bond base,inspect held long-token and short-token rows; use page-column geometry or tabula-style extraction for final reconciliation
CFKKRGACEDCR-0840,CFKKRGACEDP-0840,Schedule D Part 1 Section 1 issuer-credit obligations owned,237,83444M-AS-0,SOLVENTUM CORP,2.B,issuer_credit_or_corporate_bond,"3,341,189","3,315,000","3,332,183","3,341,251",6,candidate-first-four-column-map,candidate column assignment only; unresolved variance remains versus statutory bond base,inspect held long-token and short-token rows; use page-column geometry or tabula-style extraction for final reconciliation
CFKKRGACEDCR-0841,CFKKRGACEDP-0841,Schedule D Part 1 Section 1 issuer-credit obligations owned,237,837004-CJ-7,DOMINION ENERGY SOUTH CAROLINA INC,1.F,utility_or_energy_credit,"6,608,172","5,100,000","4,538,394","6,517,386",7,candidate-first-four-column-map,candidate column assignment only; unresolved variance remains versus statutory bond base,inspect held long-token and short-token rows; use page-column geometry or tabula-style extraction for final reconciliation
CFKKRGACEDCR-0842,CFKKRGACEDP-0842,Schedule D Part 1 Section 1 issuer-credit obligations owned,237,842400-FH-1,SOUTHERN CALIFORNIA EDISON CO,2.A,issuer_credit_or_corporate_bond,"10,168,972","8,000,000","8,193,082","9,498,425",8,candidate-first-four-column-map,candidate column assignment only; unresolved variance remains versus statutory bond base,inspect held long-token and short-token rows; use page-column geometry or tabula-style extraction for final reconciliation
CFKKRGACEDCR-0843,CFKKRGACEDP-0843,Schedule D Part 1 Section 1 issuer-credit obligations owned,237,842400-FL-2,SOUTHERN CALIFORNIA EDISON CO,2.A,issuer_credit_or_corporate_bond,"11,889,182","10,000,000","10,249,245","11,252,712",8,candidate-first-four-column-map,candidate column assignment only; unresolved variance remains versus statutory bond base,inspect held long-token and short-token rows; use page-column geometry or tabula-style extraction for final reconciliation
CFKKRGACEDCR-0844,CFKKRGACEDP-0844,Schedule D Part 1 Section 1 issuer-credit obligations owned,237,842400-GR-8,SOUTHERN CALIFORNIA EDISON CO,1.G,issuer_credit_or_corporate_bond,"7,973,127","6,100,000","5,132,185","7,728,373",7,candidate-first-four-column-map,candidate column assignment only; unresolved variance remains versus statutory bond base,inspect held long-token and short-token rows; use page-column geometry or tabula-style extraction for final reconciliation
CFKKRGACEDCR-0845,CFKKRGACEDP-0845,Schedule D Part 1 Section 1 issuer-credit obligations owned,237,842434-DA-7,SOUTHERN CALIFORNIA GAS CO,1.D,utility_or_energy_credit,"9,935,000","10,000,000","9,838,709","9,938,039",7,candidate-first-four-column-map,candidate column assignment only; unresolved variance remains versus statutory bond base,inspect held long-token and short-token rows; use page-column geometry or tabula-style extraction for final reconciliation
CFKKRGACEDCR-0846,CFKKRGACEDP-0846,Schedule D Part 1 Section 1 issuer-credit obligations owned,237,842587-CX-3,SOUTHERN CO,2.A,issuer_credit_or_corporate_bond,"6,240,560","6,000,000","5,067,512","6,192,100",7,candidate-first-four-column-map,candidate column assignment only; unresolved variance remains versus statutory bond base,inspect held long-token and short-token rows; use page-column geometry or tabula-style extraction for final reconciliation
CFKKRGACEDCR-0847,CFKKRGACEDP-0847,Schedule D Part 1 Section 1 issuer-credit obligations owned,237,842587-EB-9,SOUTHERN CO,2.B,issuer_credit_or_corporate_bond,"39,000,000","39,000,000","40,726,167","39,000,000",6,candidate-first-four-column-map,candidate column assignment only; unresolved variance remains versus statutory bond base,inspect held long-token and short-token rows; use page-column geometry or tabula-style extraction for final reconciliation
CFKKRGACEDCR-0848,CFKKRGACEDP-0848,Schedule D Part 1 Section 1 issuer-credit obligations owned,237,845011-AB-1,SOUTHWEST GAS CORP,2.A,utility_or_energy_credit,"40,747","50,000","39,513","40,766",6,candidate-first-four-column-map,candidate column assignment only; unresolved variance remains versus statutory bond base,inspect held long-token and short-token rows; use page-column geometry or tabula-style extraction for final reconciliation
CFKKRGACEDCR-0849,CFKKRGACEDP-0849,Schedule D Part 1 Section 1 issuer-credit obligations owned,237,845743-BQ-5,SOUTHWESTERN PUBLIC SERVICE CO,1.G,issuer_credit_or_corporate_bond,"10,084,800","10,000,000","7,122,372","10,073,048",7,candidate-first-four-column-map,candidate column assignment only; unresolved variance remains versus statutory bond base,inspect held long-token and short-token rows; use page-column geometry or tabula-style extraction for final reconciliation
CFKKRGACEDCR-0850,CFKKRGACEDP-0850,Schedule D Part 1 Section 1 issuer-credit obligations owned,237,845743-BS-1,SOUTHWESTERN PUBLIC SERVICE CO,1.G,issuer_credit_or_corporate_bond,"1,286,930","1,000,000","835,981","1,248,460",7,candidate-first-four-column-map,candidate column assignment only; unresolved variance remains versus statutory bond base,inspect held long-token and short-token rows; use page-column geometry or tabula-style extraction for final reconciliation
CFKKRGACEDCR-0851,CFKKRGACEDP-0851,Schedule D Part 1 Section 1 issuer-credit obligations owned,237,845743-BU-6,SOUTHWESTERN PUBLIC SERVICE CO,1.G,issuer_credit_or_corporate_bond,"10,481,468","10,000,000","6,635,045","10,286,851",8,candidate-first-four-column-map,candidate column assignment only; unresolved variance remains versus statutory bond base,inspect held long-token and short-token rows; use page-column geometry or tabula-style extraction for final reconciliation
CFKKRGACEDCR-0852,CFKKRGACEDP-0852,Schedule D Part 1 Section 1 issuer-credit obligations owned,237,845743-BX-0,SOUTHWESTERN PUBLIC SERVICE CO,1.G,issuer_credit_or_corporate_bond,"3,619,223","3,450,000","3,540,122","3,617,023",7,candidate-first-four-column-map,candidate column assignment only; unresolved variance remains versus statutory bond base,inspect held long-token and short-token rows; use page-column geometry or tabula-style extraction for final reconciliation
CFKKRGACEDCR-0853,CFKKRGACEDP-0853,Schedule D Part 1 Section 1 issuer-credit obligations owned,237,84756N-AE-9,SPECTRA ENERGY PARTNERS LP,2.B,utility_or_energy_credit,"14,999,347","13,964,000","14,131,808","14,822,873",16,long-token-merged-row-review-hold,candidate column assignment only; unresolved variance remains versus statutory bond base,inspect held long-token and short-token rows; use page-column geometry or tabula-style extraction for final reconciliation
CFKKRGACEDCR-0854,CFKKRGACEDP-0854,Schedule D Part 1 Section 1 issuer-credit obligations owned,237,853254-AN-0,STANDARD CHARTERED PLC,2.B,issuer_credit_or_corporate_bond,"87,109","90,000","89,642","87,154",7,candidate-first-four-column-map,candidate column assignment only; unresolved variance remains versus statutory bond base,inspect held long-token and short-token rows; use page-column geometry or tabula-style extraction for final reconciliation
CFKKRGACEDCR-0855,CFKKRGACEDP-0855,Schedule D Part 1 Section 1 issuer-credit obligations owned,237,854502-AJ-0,STANLEY BLACK & DECKER INC,2.B,issuer_credit_or_corporate_bond,"7,569,074","6,900,000","6,067,652","7,478,048",7,candidate-first-four-column-map,candidate column assignment only; unresolved variance remains versus statutory bond base,inspect held long-token and short-token rows; use page-column geometry or tabula-style extraction for final reconciliation
CFKKRGACEDCR-0856,CFKKRGACEDP-0856,Schedule D Part 1 Section 1 issuer-credit obligations owned,237,854502-AN-1,STANLEY BLACK & DECKER INC,2.B,issuer_credit_or_corporate_bond,"2,508,451","2,508,000","1,491,558","2,508,527",6,candidate-first-four-column-map,candidate column assignment only; unresolved variance remains versus statutory bond base,inspect held long-token and short-token rows; use page-column geometry or tabula-style extraction for final reconciliation
CFKKRGACEDCR-0857,CFKKRGACEDP-0857,Schedule D Part 1 Section 1 issuer-credit obligations owned,237,855244-AS-8,STARBUCKS CORP,2.A,issuer_credit_or_corporate_bond,"23,192,828","22,843,000","19,123,230","23,083,436",8,candidate-first-four-column-map,candidate column assignment only; unresolved variance remains versus statutory bond base,inspect held long-token and short-token rows; use page-column geometry or tabula-style extraction for final reconciliation
CFKKRGACEDCR-0858,CFKKRGACEDP-0858,Schedule D Part 1 Section 1 issuer-credit obligations owned,237,855244-AU-3,STARBUCKS CORP,2.A,issuer_credit_or_corporate_bond,"40,194,386","42,726,000","35,389,006","40,119,117",8,candidate-first-four-column-map,candidate column assignment only; unresolved variance remains versus statutory bond base,inspect held long-token and short-token rows; use page-column geometry or tabula-style extraction for final reconciliation
CFKKRGACEDCR-0859,CFKKRGACEDP-0859,Schedule D Part 1 Section 1 issuer-credit obligations owned,237,855244-AX-7,STARBUCKS CORP,2.A,issuer_credit_or_corporate_bond,"11,115,187","12,259,000","8,379,464","11,097,927",8,candidate-first-four-column-map,candidate column assignment only; unresolved variance remains versus statutory bond base,inspect held long-token and short-token rows; use page-column geometry or tabula-style extraction for final reconciliation
CFKKRGACEDCR-0860,CFKKRGACEDP-0860,Schedule D Part 1 Section 1 issuer-credit obligations owned,237,855244-BA-6,STARBUCKS CORP,2.A,issuer_credit_or_corporate_bond,"12,738,245","14,100,000","9,908,966","12,739,718",7,candidate-first-four-column-map,candidate column assignment only; unresolved variance remains versus statutory bond base,inspect held long-token and short-token rows; use page-column geometry or tabula-style extraction for final reconciliation
CFKKRGACEDCR-0861,CFKKRGACEDP-0861,Schedule D Part 1 Section 1 issuer-credit obligations owned,237,858119-BP-4,STEEL DYNAMICS INC,2.B,issuer_credit_or_corporate_bond,"2,498,682","2,438,000","1,680,697","2,492,581",7,candidate-first-four-column-map,candidate column assignment only; unresolved variance remains versus statutory bond base,inspect held long-token and short-token rows; use page-column geometry or tabula-style extraction for final reconciliation
CFKKRGACEDCR-0862,CFKKRGACEDP-0862,Schedule D Part 1 Section 1 issuer-credit obligations owned,237,85917P-AB-3,STERIS IRISH FINCO UNLIMITED CO,2.B,issuer_credit_or_corporate_bond,"8,724,175","8,507,000","6,308,765","8,681,021",8,candidate-first-four-column-map,candidate column assignment only; unresolved variance remains versus statutory bond base,inspect held long-token and short-token rows; use page-column geometry or tabula-style extraction for final reconciliation
CFKKRGACEDCR-0863,CFKKRGACEDP-0863,Schedule D Part 1 Section 1 issuer-credit obligations owned,237,863667-AJ-0,STRYKER CORP,2.A,issuer_credit_or_corporate_bond,"2,274,562","2,300,000","2,055,652","2,279,558",7,candidate-first-four-column-map,candidate column assignment only; unresolved variance remains versus statutory bond base,inspect held long-token and short-token rows; use page-column geometry or tabula-style extraction for final reconciliation
CFKKRGACEDCR-0864,CFKKRGACEDP-0864,Schedule D Part 1 Section 1 issuer-credit obligations owned,237,863667-AZ-4,STRYKER CORP,2.A,issuer_credit_or_corporate_bond,"4,006,380","3,952,000","2,598,622","4,000,684",7,candidate-first-four-column-map,candidate column assignment only; unresolved variance remains versus statutory bond base,inspect held long-token and short-token rows; use page-column geometry or tabula-style extraction for final reconciliation
CFKKRGACEDCR-0865,CFKKRGACEDP-0865,Schedule D Part 1 Section 1 issuer-credit obligations owned,237,867224-AB-3,SUNCOR ENERGY INC,2.A,utility_or_energy_credit,"304,786","395,000","301,027","304,982",6,candidate-first-four-column-map,candidate column assignment only; unresolved variance remains versus statutory bond base,inspect held long-token and short-token rows; use page-column geometry or tabula-style extraction for final reconciliation
CFKKRGACEDCR-0866,CFKKRGACEDP-0866,Schedule D Part 1 Section 1 issuer-credit obligations owned,237,86959L-AQ-6,SVENSKA HANDELSBANKEN AB,1.C,bank_or_financial_credit,"50,999","50,000","50,916","50,937",5,candidate-first-four-column-map,candidate column assignment only; unresolved variance remains versus statutory bond base,inspect held long-token and short-token rows; use page-column geometry or tabula-style extraction for final reconciliation
CFKKRGACEDCR-0867,CFKKRGACEDP-0867,Schedule D Part 1 Section 1 issuer-credit obligations owned,237,87088Q-AB-0,SWISS RE SUBORDINATED FINANCE PLC,2.A,finance_company_or_funding_vehicle,"52,478","50,000","51,795","52,473",4,candidate-first-four-column-map,candidate column assignment only; unresolved variance remains versus statutory bond base,inspect held long-token and short-token rows; use page-column geometry or tabula-style extraction for final reconciliation
CFKKRGACEDCR-0868,CFKKRGACEDP-0868,Schedule D Part 1 Section 1 issuer-credit obligations owned,237,871829-AY-3,SYSCO CORP,2.B,issuer_credit_or_corporate_bond,"6,573,366","5,700,000","5,162,705","6,420,724",7,candidate-first-four-column-map,candidate column assignment only; unresolved variance remains versus statutory bond base,inspect held long-token and short-token rows; use page-column geometry or tabula-style extraction for final reconciliation
CFKKRGACEDCR-0869,CFKKRGACEDP-0869,Schedule D Part 1 Section 1 issuer-credit obligations owned,237,871829-BD-8,SYSCO CORP,2.B,issuer_credit_or_corporate_bond,"13,699,649","13,800,000","11,909,365","13,679,856",8,candidate-first-four-column-map,candidate column assignment only; unresolved variance remains versus statutory bond base,inspect held long-token and short-token rows; use page-column geometry or tabula-style extraction for final reconciliation
CFKKRGACEDCR-0870,CFKKRGACEDP-0870,Schedule D Part 1 Section 1 issuer-credit obligations owned,237,871829-BN-6,SYSCO CORP,2.B,issuer_credit_or_corporate_bond,"22,222,700","17,500,000","19,263,031","21,746,114",7,candidate-first-four-column-map,candidate column assignment only; unresolved variance remains versus statutory bond base,inspect held long-token and short-token rows; use page-column geometry or tabula-style extraction for final reconciliation
CFKKRGACEDCR-0871,CFKKRGACEDP-0871,Schedule D Part 1 Section 1 issuer-credit obligations owned,237,87264A-AZ-8,T-MOBILE USA INC,2.A,issuer_credit_or_corporate_bond,"66,095,523","64,000,000","52,750,013","65,593,727",8,candidate-first-four-column-map,candidate column assignment only; unresolved variance remains versus statutory bond base,inspect held long-token and short-token rows; use page-column geometry or tabula-style extraction for final reconciliation
CFKKRGACEDCR-0872,CFKKRGACEDP-0872,Schedule D Part 1 Section 1 issuer-credit obligations owned,237,87264A-BN-4,T-MOBILE USA INC,2.A,issuer_credit_or_corporate_bond,"20,780,355","25,000,000","16,729,891","20,863,073",8,candidate-first-four-column-map,candidate column assignment only; unresolved variance remains versus statutory bond base,inspect held long-token and short-token rows; use page-column geometry or tabula-style extraction for final reconciliation
CFKKRGACEDCR-0873,CFKKRGACEDP-0873,Schedule D Part 1 Section 1 issuer-credit obligations owned,237,87264A-CW-3,T-MOBILE USA INC,2.A,issuer_credit_or_corporate_bond,"31,103,249","26,404,000","25,563,163","30,983,537",8,candidate-first-four-column-map,candidate column assignment only; unresolved variance remains versus statutory bond base,inspect held long-token and short-token rows; use page-column geometry or tabula-style extraction for final reconciliation
CFKKRGACEDCR-0874,CFKKRGACEDP-0874,Schedule D Part 1 Section 1 issuer-credit obligations owned,237,87264A-DB-8,T-MOBILE USA INC,2.A,issuer_credit_or_corporate_bond,"76,439","75,000","73,642","76,422",6,candidate-first-four-column-map,candidate column assignment only; unresolved variance remains versus statutory bond base,inspect held long-token and short-token rows; use page-column geometry or tabula-style extraction for final reconciliation
CFKKRGACEDCR-0875,CFKKRGACEDP-0875,Schedule D Part 1 Section 1 issuer-credit obligations owned,237,87264A-DD-4,T-MOBILE USA INC,2.A,issuer_credit_or_corporate_bond,"18,630,315","18,300,000","18,699,215","18,628,510",7,candidate-first-four-column-map,candidate column assignment only; unresolved variance remains versus statutory bond base,inspect held long-token and short-token rows; use page-column geometry or tabula-style extraction for final reconciliation
CFKKRGACEDCR-0876,CFKKRGACEDP-0876,Schedule D Part 1 Section 1 issuer-credit obligations owned,237,87305Q-CM-1,TTX CO,1.F,issuer_credit_or_corporate_bond,"1,273,674","1,275,000","1,077,127","1,273,958",7,candidate-first-four-column-map,candidate column assignment only; unresolved variance remains versus statutory bond base,inspect held long-token and short-token rows; use page-column geometry or tabula-style extraction for final reconciliation
CFKKRGACEDCR-0877,CFKKRGACEDP-0877,Schedule D Part 1 Section 1 issuer-credit obligations owned,237,874054-AM-1,TAKE-TWO INTERACTIVE SOFTWARE INC,2.B,issuer_credit_or_corporate_bond,"518,675","500,000","517,862","518,211",6,candidate-first-four-column-map,candidate column assignment only; unresolved variance remains versus statutory bond base,inspect held long-token and short-token rows; use page-column geometry or tabula-style extraction for final reconciliation
CFKKRGACEDCR-0878,CFKKRGACEDP-0878,Schedule D Part 1 Section 1 issuer-credit obligations owned,237,874060-AZ-9,TAKEDA PHARMACEUTICAL CO LTD,2.A,issuer_credit_or_corporate_bond,"1,127,258","1,100,000","734,840","1,124,477",6,candidate-first-four-column-map,candidate column assignment only; unresolved variance remains versus statutory bond base,inspect held long-token and short-token rows; use page-column geometry or tabula-style extraction for final reconciliation
CFKKRGACEDCR-0879,CFKKRGACEDP-0879,Schedule D Part 1 Section 1 issuer-credit obligations owned,237,874060-BD-7,TAKEDA PHARMACEUTICAL CO LTD,2.A,issuer_credit_or_corporate_bond,"1,377,081","1,418,000","910,121","1,373,326",7,candidate-first-four-column-map,candidate column assignment only; unresolved variance remains versus statutory bond base,inspect held long-token and short-token rows; use page-column geometry or tabula-style extraction for final reconciliation
CFKKRGACEDCR-0880,CFKKRGACEDP-0880,Schedule D Part 1 Section 1 issuer-credit obligations owned,238,874060-BN-5,TAKEDA PHARMACEUTICAL CO LTD,2.A,issuer_credit_or_corporate_bond,"467,473","453,000","446,976","467,499",5,candidate-first-four-column-map,candidate column assignment only; unresolved variance remains versus statutory bond base,inspect held long-token and short-token rows; use page-column geometry or tabula-style extraction for final reconciliation
CFKKRGACEDCR-0881,CFKKRGACEDP-0881,Schedule D Part 1 Section 1 issuer-credit obligations owned,238,87406B-AB-8,TAKEDA US FINANCING INC,2.A,issuer_credit_or_corporate_bond,"158,577","159,000","161,000","158,595",6,candidate-first-four-column-map,candidate column assignment only; unresolved variance remains versus statutory bond base,inspect held long-token and short-token rows; use page-column geometry or tabula-style extraction for final reconciliation
CFKKRGACEDCR-0882,CFKKRGACEDP-0882,Schedule D Part 1 Section 1 issuer-credit obligations owned,238,875127-BJ-0,TAMPA ELECTRIC CO,1.G,utility_or_energy_credit,"7,792,776","7,269,000","5,173,826","7,651,765",8,candidate-first-four-column-map,candidate column assignment only; unresolved variance remains versus statutory bond base,inspect held long-token and short-token rows; use page-column geometry or tabula-style extraction for final reconciliation
CFKKRGACEDCR-0883,CFKKRGACEDP-0883,Schedule D Part 1 Section 1 issuer-credit obligations owned,238,87938W-AU-7,TELEFONICA EMISIONES SAU,2.C,issuer_credit_or_corporate_bond,"11,288,000","10,000,000","8,835,266","11,110,463",8,candidate-first-four-column-map,candidate column assignment only; unresolved variance remains versus statutory bond base,inspect held long-token and short-token rows; use page-column geometry or tabula-style extraction for final reconciliation
CFKKRGACEDCR-0884,CFKKRGACEDP-0884,Schedule D Part 1 Section 1 issuer-credit obligations owned,238,87938W-AX-1,TELEFONICA EMISIONES SAU,2.C,issuer_credit_or_corporate_bond,"38,325,507","29,785,000","27,159,459","37,242,464",7,candidate-first-four-column-map,candidate column assignment only; unresolved variance remains versus statutory bond base,inspect held long-token and short-token rows; use page-column geometry or tabula-style extraction for final reconciliation
CFKKRGACEDCR-0885,CFKKRGACEDP-0885,Schedule D Part 1 Section 1 issuer-credit obligations owned,238,87971M-BH-5,TELUS CORP,2.B,issuer_credit_or_corporate_bond,"7,034,947","7,510,000","6,419,234","7,069,279",8,candidate-first-four-column-map,candidate column assignment only; unresolved variance remains versus statutory bond base,inspect held long-token and short-token rows; use page-column geometry or tabula-style extraction for final reconciliation
CFKKRGACEDCR-0886,CFKKRGACEDP-0886,Schedule D Part 1 Section 1 issuer-credit obligations owned,238,87971M-BK-8,TELUS CORP,2.B,issuer_credit_or_corporate_bond,"9,483,332","9,150,000","7,286,637","9,439,614",8,candidate-first-four-column-map,candidate column assignment only; unresolved variance remains versus statutory bond base,inspect held long-token and short-token rows; use page-column geometry or tabula-style extraction for final reconciliation
CFKKRGACEDCR-0887,CFKKRGACEDP-0887,Schedule D Part 1 Section 1 issuer-credit obligations owned,238,882384-AD-2,TEXAS EASTERN TRANSMISSION LP,2.A,issuer_credit_or_corporate_bond,"49,483","50,000","49,496","49,505",5,candidate-first-four-column-map,candidate column assignment only; unresolved variance remains versus statutory bond base,inspect held long-token and short-token rows; use page-column geometry or tabula-style extraction for final reconciliation
CFKKRGACEDCR-0888,CFKKRGACEDP-0888,Schedule D Part 1 Section 1 issuer-credit obligations owned,238,882508-BD-5,TEXAS INSTRUMENTS INC,1.E,issuer_credit_or_corporate_bond,"4,794,389","5,000,000","4,130,774","4,811,380",8,candidate-first-four-column-map,candidate column assignment only; unresolved variance remains versus statutory bond base,inspect held long-token and short-token rows; use page-column geometry or tabula-style extraction for final reconciliation
CFKKRGACEDCR-0889,CFKKRGACEDP-0889,Schedule D Part 1 Section 1 issuer-credit obligations owned,238,882508-BQ-6,TEXAS INSTRUMENTS INC,1.E,issuer_credit_or_corporate_bond,"4,524,212","5,698,000","4,553,978","4,541,930",8,candidate-first-four-column-map,candidate column assignment only; unresolved variance remains versus statutory bond base,inspect held long-token and short-token rows; use page-column geometry or tabula-style extraction for final reconciliation
CFKKRGACEDCR-0890,CFKKRGACEDP-0890,Schedule D Part 1 Section 1 issuer-credit obligations owned,238,882508-CC-6,TEXAS INSTRUMENTS INC,1.E,issuer_credit_or_corporate_bond,"7,914,280","8,546,000","7,843,871","7,924,042",8,candidate-first-four-column-map,candidate column assignment only; unresolved variance remains versus statutory bond base,inspect held long-token and short-token rows; use page-column geometry or tabula-style extraction for final reconciliation
CFKKRGACEDCR-0891,CFKKRGACEDP-0891,Schedule D Part 1 Section 1 issuer-credit obligations owned,238,882508-CJ-1,TEXAS INSTRUMENTS INC,1.E,issuer_credit_or_corporate_bond,"2,718,862","2,908,000","2,752,185","2,721,199",8,candidate-first-four-column-map,candidate column assignment only; unresolved variance remains versus statutory bond base,inspect held long-token and short-token rows; use page-column geometry or tabula-style extraction for final reconciliation
CFKKRGACEDCR-0892,CFKKRGACEDP-0892,Schedule D Part 1 Section 1 issuer-credit obligations owned,238,88339W-AA-4,WILLIAMS COMPANIES INC,2.B,issuer_credit_or_corporate_bond,"250,434","363,000","253,466","251,155",7,candidate-first-four-column-map,candidate column assignment only; unresolved variance remains versus statutory bond base,inspect held long-token and short-token rows; use page-column geometry or tabula-style extraction for final reconciliation
CFKKRGACEDCR-0893,CFKKRGACEDP-0893,Schedule D Part 1 Section 1 issuer-credit obligations owned,238,883556-BY-7,THERMO FISHER SCIENTIFIC INC,1.G,issuer_credit_or_corporate_bond,"9,882,500","10,000,000","8,352,270","9,904,364",8,candidate-first-four-column-map,candidate column assignment only; unresolved variance remains versus statutory bond base,inspect held long-token and short-token rows; use page-column geometry or tabula-style extraction for final reconciliation
CFKKRGACEDCR-0894,CFKKRGACEDP-0894,Schedule D Part 1 Section 1 issuer-credit obligations owned,238,88579Y-BD-2,3M CO,1.G,issuer_credit_or_corporate_bond,"16,613,050","15,000,000","11,846,082","16,379,985",7,candidate-first-four-column-map,candidate column assignment only; unresolved variance remains versus statutory bond base,inspect held long-token and short-token rows; use page-column geometry or tabula-style extraction for final reconciliation
CFKKRGACEDCR-0895,CFKKRGACEDP-0895,Schedule D Part 1 Section 1 issuer-credit obligations owned,238,886546-AD-2,TIFFANY & CO,1.D,issuer_credit_or_corporate_bond,"48,330","50,000","47,349","48,335",5,candidate-first-four-column-map,candidate column assignment only; unresolved variance remains versus statutory bond base,inspect held long-token and short-token rows; use page-column geometry or tabula-style extraction for final reconciliation
CFKKRGACEDCR-0896,CFKKRGACEDP-0896,Schedule D Part 1 Section 1 issuer-credit obligations owned,238,88732J-BB-3,TIME WARNER CABLE LLC,2.C,issuer_credit_or_corporate_bond,"568,800","600,000","527,579","576,258",7,candidate-first-four-column-map,candidate column assignment only; unresolved variance remains versus statutory bond base,inspect held long-token and short-token rows; use page-column geometry or tabula-style extraction for final reconciliation
CFKKRGACEDCR-0897,CFKKRGACEDP-0897,Schedule D Part 1 Section 1 issuer-credit obligations owned,238,887389-AL-8,TIMKEN CO,2.B,issuer_credit_or_corporate_bond,"48,361","50,000","48,051","48,382",5,candidate-first-four-column-map,candidate column assignment only; unresolved variance remains versus statutory bond base,inspect held long-token and short-token rows; use page-column geometry or tabula-style extraction for final reconciliation
CFKKRGACEDCR-0898,CFKKRGACEDP-0898,Schedule D Part 1 Section 1 issuer-credit obligations owned,238,89153V-AU-3,TOTALENERGIES CAPITAL INTERNATIONAL SA,1.E,finance_company_or_funding_vehicle,"9,495,123","9,100,000","6,520,581","9,440,235",8,candidate-first-four-column-map,candidate column assignment only; unresolved variance remains versus statutory bond base,inspect held long-token and short-token rows; use page-column geometry or tabula-style extraction for final reconciliation
CFKKRGACEDCR-0899,CFKKRGACEDP-0899,Schedule D Part 1 Section 1 issuer-credit obligations owned,238,89153V-AV-1,TOTALENERGIES CAPITAL INTERNATIONAL SA,1.E,finance_company_or_funding_vehicle,"28,300,114","31,125,000","20,772,356","28,256,486",8,candidate-first-four-column-map,candidate column assignment only; unresolved variance remains versus statutory bond base,inspect held long-token and short-token rows; use page-column geometry or tabula-style extraction for final reconciliation
CFKKRGACEDCR-0900,CFKKRGACEDP-0900,Schedule D Part 1 Section 1 issuer-credit obligations owned,238,89157X-AB-7,TOTALENERGIES CAPITAL SA,1.E,finance_company_or_funding_vehicle,"1,600,170","1,607,000","1,554,930","1,600,489",7,candidate-first-four-column-map,candidate column assignment only; unresolved variance remains versus statutory bond base,inspect held long-token and short-token rows; use page-column geometry or tabula-style extraction for final reconciliation
CFKKRGACEDCR-0901,CFKKRGACEDP-0901,Schedule D Part 1 Section 1 issuer-credit obligations owned,238,89157X-AC-5,TOTALENERGIES CAPITAL SA,1.E,finance_company_or_funding_vehicle,"1,471,686","1,541,000","1,489,507","1,472,075",7,candidate-first-four-column-map,candidate column assignment only; unresolved variance remains versus statutory bond base,inspect held long-token and short-token rows; use page-column geometry or tabula-style extraction for final reconciliation
CFKKRGACEDCR-0902,CFKKRGACEDP-0902,Schedule D Part 1 Section 1 issuer-credit obligations owned,238,89157X-AF-8,TOTALENERGIES CAPITAL SA,1.E,finance_company_or_funding_vehicle,"1,520,243","1,645,000","1,545,142","1,520,750",7,candidate-first-four-column-map,candidate column assignment only; unresolved variance remains versus statutory bond base,inspect held long-token and short-token rows; use page-column geometry or tabula-style extraction for final reconciliation
CFKKRGACEDCR-0903,CFKKRGACEDP-0903,Schedule D Part 1 Section 1 issuer-credit obligations owned,238,89352H-AY-5,TRANSCANADA PIPELINES LTD,2.B,issuer_credit_or_corporate_bond,"4,592,230","4,000,000","3,619,398","4,566,347",8,candidate-first-four-column-map,candidate column assignment only; unresolved variance remains versus statutory bond base,inspect held long-token and short-token rows; use page-column geometry or tabula-style extraction for final reconciliation
CFKKRGACEDCR-0904,CFKKRGACEDP-0904,Schedule D Part 1 Section 1 issuer-credit obligations owned,238,89352H-AZ-2,TRANSCANADA PIPELINES LTD,2.B,issuer_credit_or_corporate_bond,"1,453,738","1,100,000","1,019,503","1,415,501",7,candidate-first-four-column-map,candidate column assignment only; unresolved variance remains versus statutory bond base,inspect held long-token and short-token rows; use page-column geometry or tabula-style extraction for final reconciliation
CFKKRGACEDCR-0905,CFKKRGACEDP-0905,Schedule D Part 1 Section 1 issuer-credit obligations owned,238,89417E-AU-3,TRAVELERS COMPANIES INC,1.F,issuer_credit_or_corporate_bond,"51,963","50,000","51,104","51,963",5,candidate-first-four-column-map,candidate column assignment only; unresolved variance remains versus statutory bond base,inspect held long-token and short-token rows; use page-column geometry or tabula-style extraction for final reconciliation
CFKKRGACEDCR-0906,CFKKRGACEDP-0906,Schedule D Part 1 Section 1 issuer-credit obligations owned,238,896239-AE-0,TRIMBLE INC,2.C,issuer_credit_or_corporate_bond,"53,991","50,000","53,859","53,947",4,candidate-first-four-column-map,candidate column assignment only; unresolved variance remains versus statutory bond base,inspect held long-token and short-token rows; use page-column geometry or tabula-style extraction for final reconciliation
CFKKRGACEDCR-0907,CFKKRGACEDP-0907,Schedule D Part 1 Section 1 issuer-credit obligations owned,238,89788M-AM-4,TRUIST FINANCIAL CORP,1.G,issuer_credit_or_corporate_bond,"39,811","41,000","41,787","39,927",5,candidate-first-four-column-map,candidate column assignment only; unresolved variance remains versus statutory bond base,inspect held long-token and short-token rows; use page-column geometry or tabula-style extraction for final reconciliation
CFKKRGACEDCR-0908,CFKKRGACEDP-0908,Schedule D Part 1 Section 1 issuer-credit obligations owned,238,89788M-AP-7,TRUIST FINANCIAL CORP,1.G,issuer_credit_or_corporate_bond,"201,990","193,000","205,432","201,557",5,candidate-first-four-column-map,candidate column assignment only; unresolved variance remains versus statutory bond base,inspect held long-token and short-token rows; use page-column geometry or tabula-style extraction for final reconciliation
CFKKRGACEDCR-0909,CFKKRGACEDP-0909,Schedule D Part 1 Section 1 issuer-credit obligations owned,238,89837L-AH-8,TRUSTEES OF PRINCETON UNIVERSITY,1.A,issuer_credit_or_corporate_bond,"42,812","50,000","41,863","42,825",5,candidate-first-four-column-map,candidate column assignment only; unresolved variance remains versus statutory bond base,inspect held long-token and short-token rows; use page-column geometry or tabula-style extraction for final reconciliation
CFKKRGACEDCR-0910,CFKKRGACEDP-0910,Schedule D Part 1 Section 1 issuer-credit obligations owned,238,89837R-AE-2,TRUSTEES OF DARTMOUTH COLLEGE,1.B,issuer_credit_or_corporate_bond,"50,721","50,000","50,508","50,707",4,candidate-first-four-column-map,candidate column assignment only; unresolved variance remains versus statutory bond base,inspect held long-token and short-token rows; use page-column geometry or tabula-style extraction for final reconciliation
CFKKRGACEDCR-0911,CFKKRGACEDP-0911,Schedule D Part 1 Section 1 issuer-credit obligations owned,238,898813-AQ-3,TUCSON ELECTRIC POWER CO,1.G,utility_or_energy_credit,"12,440,900","10,000,000","8,860,088","12,092,413",7,candidate-first-four-column-map,candidate column assignment only; unresolved variance remains versus statutory bond base,inspect held long-token and short-token rows; use page-column geometry or tabula-style extraction for final reconciliation
CFKKRGACEDCR-0912,CFKKRGACEDP-0912,Schedule D Part 1 Section 1 issuer-credit obligations owned,238,898813-AV-2,TUCSON ELECTRIC POWER CO,1.G,utility_or_energy_credit,"4,414,032","4,800,000","4,625,695","4,417,851",8,candidate-first-four-column-map,candidate column assignment only; unresolved variance remains versus statutory bond base,inspect held long-token and short-token rows; use page-column geometry or tabula-style extraction for final reconciliation
CFKKRGACEDCR-0913,CFKKRGACEDP-0913,Schedule D Part 1 Section 1 issuer-credit obligations owned,238,899043-AC-7,TUFTS UNIVERSITY,1.D,issuer_credit_or_corporate_bond,"33,900","50,000","32,761","33,928",5,candidate-first-four-column-map,candidate column assignment only; unresolved variance remains versus statutory bond base,inspect held long-token and short-token rows; use page-column geometry or tabula-style extraction for final reconciliation
CFKKRGACEDCR-0914,CFKKRGACEDP-0914,Schedule D Part 1 Section 1 issuer-credit obligations owned,238,901928-AA-9,200 PARK FUNDING TRUST,1.G,finance_company_or_funding_vehicle,"50,413","50,000","49,837","50,414",5,candidate-first-four-column-map,candidate column assignment only; unresolved variance remains versus statutory bond base,inspect held long-token and short-token rows; use page-column geometry or tabula-style extraction for final reconciliation
CFKKRGACEDCR-0915,CFKKRGACEDP-0915,Schedule D Part 1 Section 1 issuer-credit obligations owned,238,902133-BC-0,TYCO ELECTRONICS GROUP SA,1.G,issuer_credit_or_corporate_bond,"54,833","54,000","54,633","54,821",4,candidate-first-four-column-map,candidate column assignment only; unresolved variance remains versus statutory bond base,inspect held long-token and short-token rows; use page-column geometry or tabula-style extraction for final reconciliation
CFKKRGACEDCR-0916,CFKKRGACEDP-0916,Schedule D Part 1 Section 1 issuer-credit obligations owned,238,902494-BD-4,TYSON FOODS INC,2.B,issuer_credit_or_corporate_bond,"3,258,990","3,000,000","2,586,943","3,214,294",7,candidate-first-four-column-map,candidate column assignment only; unresolved variance remains versus statutory bond base,inspect held long-token and short-token rows; use page-column geometry or tabula-style extraction for final reconciliation
CFKKRGACEDCR-0917,CFKKRGACEDP-0917,Schedule D Part 1 Section 1 issuer-credit obligations owned,238,902494-BH-5,TYSON FOODS INC,2.B,issuer_credit_or_corporate_bond,"6,773,794","5,000,000","4,614,025","6,557,775",8,candidate-first-four-column-map,candidate column assignment only; unresolved variance remains versus statutory bond base,inspect held long-token and short-token rows; use page-column geometry or tabula-style extraction for final reconciliation
CFKKRGACEDCR-0918,CFKKRGACEDP-0918,Schedule D Part 1 Section 1 issuer-credit obligations owned,238,902613-AY-4,UBS GROUP AG,1.F,issuer_credit_or_corporate_bond,"3,296,040","3,300,000","3,067,986","3,297,274",7,candidate-first-four-column-map,candidate column assignment only; unresolved variance remains versus statutory bond base,inspect held long-token and short-token rows; use page-column geometry or tabula-style extraction for final reconciliation
CFKKRGACEDCR-0919,CFKKRGACEDP-0919,Schedule D Part 1 Section 1 issuer-credit obligations owned,238,902613-BQ-0,UBS GROUP AG,1.F,issuer_credit_or_corporate_bond,"82,910","82,000","85,299","82,888",5,candidate-first-four-column-map,candidate column assignment only; unresolved variance remains versus statutory bond base,inspect held long-token and short-token rows; use page-column geometry or tabula-style extraction for final reconciliation
CFKKRGACEDCR-0920,CFKKRGACEDP-0920,Schedule D Part 1 Section 1 issuer-credit obligations owned,238,902674-A2-6,UBS AG (LONDON BRANCH),1.E,issuer_credit_or_corporate_bond,"1,543,428","1,550,000","1,353,025","1,544,654",6,candidate-first-four-column-map,candidate column assignment only; unresolved variance remains versus statutory bond base,inspect held long-token and short-token rows; use page-column geometry or tabula-style extraction for final reconciliation
CFKKRGACEDCR-0921,CFKKRGACEDP-0921,Schedule D Part 1 Section 1 issuer-credit obligations owned,238,90327Q-DA-4,USAA CAPITAL CORP,1.C,finance_company_or_funding_vehicle,"50,643","50,000","50,626","50,619",5,candidate-first-four-column-map,candidate column assignment only; unresolved variance remains versus statutory bond base,inspect held long-token and short-token rows; use page-column geometry or tabula-style extraction for final reconciliation
CFKKRGACEDCR-0922,CFKKRGACEDP-0922,Schedule D Part 1 Section 1 issuer-credit obligations owned,238,904678-AW-9,UNICREDIT SPA,1.G,issuer_credit_or_corporate_bond,"49,425","50,000","49,549","49,546",5,candidate-first-four-column-map,candidate column assignment only; unresolved variance remains versus statutory bond base,inspect held long-token and short-token rows; use page-column geometry or tabula-style extraction for final reconciliation
CFKKRGACEDCR-0923,CFKKRGACEDP-0923,Schedule D Part 1 Section 1 issuer-credit obligations owned,238,906548-CN-0,UNION ELECTRIC CO,1.F,utility_or_energy_credit,"1,055,528","1,200,000","957,177","1,066,556",8,candidate-first-four-column-map,candidate column assignment only; unresolved variance remains versus statutory bond base,inspect held long-token and short-token rows; use page-column geometry or tabula-style extraction for final reconciliation
CFKKRGACEDCR-0924,CFKKRGACEDP-0924,Schedule D Part 1 Section 1 issuer-credit obligations owned,238,907818-EG-9,UNION PACIFIC CORP,1.G,issuer_credit_or_corporate_bond,"3,656,076","3,900,000","2,956,566","3,669,088",8,candidate-first-four-column-map,candidate column assignment only; unresolved variance remains versus statutory bond base,inspect held long-token and short-token rows; use page-column geometry or tabula-style extraction for final reconciliation
CFKKRGACEDCR-0925,CFKKRGACEDP-0925,Schedule D Part 1 Section 1 issuer-credit obligations owned,239,907818-EJ-3,UNION PACIFIC CORP,1.G,issuer_credit_or_corporate_bond,"1,054,043","1,158,000","946,498","1,066,812",8,candidate-first-four-column-map,candidate column assignment only; unresolved variance remains versus statutory bond base,inspect held long-token and short-token rows; use page-column geometry or tabula-style extraction for final reconciliation
CFKKRGACEDCR-0926,CFKKRGACEDP-0926,Schedule D Part 1 Section 1 issuer-credit obligations owned,239,907818-EM-6,UNION PACIFIC CORP,1.G,issuer_credit_or_corporate_bond,"11,515,088","11,526,000","8,699,402","11,510,418",7,candidate-first-four-column-map,candidate column assignment only; unresolved variance remains versus statutory bond base,inspect held long-token and short-token rows; use page-column geometry or tabula-style extraction for final reconciliation
CFKKRGACEDCR-0927,CFKKRGACEDP-0927,Schedule D Part 1 Section 1 issuer-credit obligations owned,239,907818-FS-2,UNION PACIFIC CORP,1.G,issuer_credit_or_corporate_bond,"2,296,144","3,096,000","2,130,703","2,307,828",8,candidate-first-four-column-map,candidate column assignment only; unresolved variance remains versus statutory bond base,inspect held long-token and short-token rows; use page-column geometry or tabula-style extraction for final reconciliation
CFKKRGACEDCR-0928,CFKKRGACEDP-0928,Schedule D Part 1 Section 1 issuer-credit obligations owned,239,911312-BQ-8,UNITED PARCEL SERVICE INC,1.F,issuer_credit_or_corporate_bond,"15,836,046","14,190,000","11,740,766","15,639,390",8,candidate-first-four-column-map,candidate column assignment only; unresolved variance remains versus statutory bond base,inspect held long-token and short-token rows; use page-column geometry or tabula-style extraction for final reconciliation
CFKKRGACEDCR-0929,CFKKRGACEDP-0929,Schedule D Part 1 Section 1 issuer-credit obligations owned,239,911312-BS-4,UNITED PARCEL SERVICE INC,1.F,issuer_credit_or_corporate_bond,"4,109,388","4,900,000","3,492,589","4,168,330",8,candidate-first-four-column-map,candidate column assignment only; unresolved variance remains versus statutory bond base,inspect held long-token and short-token rows; use page-column geometry or tabula-style extraction for final reconciliation
CFKKRGACEDCR-0930,CFKKRGACEDP-0930,Schedule D Part 1 Section 1 issuer-credit obligations owned,239,911312-BW-5,UNITED PARCEL SERVICE INC,1.F,issuer_credit_or_corporate_bond,"5,616,214","4,600,000","4,404,499","5,582,984",8,candidate-first-four-column-map,candidate column assignment only; unresolved variance remains versus statutory bond base,inspect held long-token and short-token rows; use page-column geometry or tabula-style extraction for final reconciliation
CFKKRGACEDCR-0931,CFKKRGACEDP-0931,Schedule D Part 1 Section 1 issuer-credit obligations owned,239,91159H-JB-7,US BANCORP,1.G,bank_or_financial_credit,"343,100","399,000","348,469","345,793",8,candidate-first-four-column-map,candidate column assignment only; unresolved variance remains versus statutory bond base,inspect held long-token and short-token rows; use page-column geometry or tabula-style extraction for final reconciliation
CFKKRGACEDCR-0932,CFKKRGACEDP-0932,Schedule D Part 1 Section 1 issuer-credit obligations owned,239,91159H-JU-5,US BANCORP,1.F,bank_or_financial_credit,"1,110,825","1,081,000","1,123,919","1,109,919",5,candidate-first-four-column-map,candidate column assignment only; unresolved variance remains versus statutory bond base,inspect held long-token and short-token rows; use page-column geometry or tabula-style extraction for final reconciliation
CFKKRGACEDCR-0933,CFKKRGACEDP-0933,Schedule D Part 1 Section 1 issuer-credit obligations owned,239,913017-BT-5,RTX CORP,2.A,issuer_credit_or_corporate_bond,"8,224,834","7,300,000","6,619,806","7,980,681",8,candidate-first-four-column-map,candidate column assignment only; unresolved variance remains versus statutory bond base,inspect held long-token and short-token rows; use page-column geometry or tabula-style extraction for final reconciliation
CFKKRGACEDCR-0934,CFKKRGACEDP-0934,Schedule D Part 1 Section 1 issuer-credit obligations owned,239,913017-CJ-6,RTX CORP,2.A,issuer_credit_or_corporate_bond,"2,485,725","2,500,000","1,945,497","2,488,542",7,candidate-first-four-column-map,candidate column assignment only; unresolved variance remains versus statutory bond base,inspect held long-token and short-token rows; use page-column geometry or tabula-style extraction for final reconciliation
CFKKRGACEDCR-0935,CFKKRGACEDP-0935,Schedule D Part 1 Section 1 issuer-credit obligations owned,239,91324P-CR-1,UNITEDHEALTH GROUP INC,1.F,issuer_credit_or_corporate_bond,"16,770,287","15,200,000","13,708,764","16,448,111",8,candidate-first-four-column-map,candidate column assignment only; unresolved variance remains versus statutory bond base,inspect held long-token and short-token rows; use page-column geometry or tabula-style extraction for final reconciliation
CFKKRGACEDCR-0936,CFKKRGACEDP-0936,Schedule D Part 1 Section 1 issuer-credit obligations owned,239,91324P-DV-1,UNITEDHEALTH GROUP INC,1.F,issuer_credit_or_corporate_bond,"32,907,846","31,800,000","22,858,978","32,819,338",8,candidate-first-four-column-map,candidate column assignment only; unresolved variance remains versus statutory bond base,inspect held long-token and short-token rows; use page-column geometry or tabula-style extraction for final reconciliation
CFKKRGACEDCR-0937,CFKKRGACEDP-0937,Schedule D Part 1 Section 1 issuer-credit obligations owned,239,91324P-EF-5,UNITEDHEALTH GROUP INC,1.F,issuer_credit_or_corporate_bond,"14,596","1,423",,,2,short-token-column-hold,candidate column assignment only; unresolved variance remains versus statutory bond base,inspect held long-token and short-token rows; use page-column geometry or tabula-style extraction for final reconciliation
CFKKRGACEDCR-0938,CFKKRGACEDP-0938,Schedule D Part 1 Section 1 issuer-credit obligations owned,239,91324P-ER-9,UNITEDHEALTH GROUP INC,1.F,issuer_credit_or_corporate_bond,"5,914,354","5,669,000","5,908,427","5,913,380",5,candidate-first-four-column-map,candidate column assignment only; unresolved variance remains versus statutory bond base,inspect held long-token and short-token rows; use page-column geometry or tabula-style extraction for final reconciliation
CFKKRGACEDCR-0939,CFKKRGACEDP-0939,Schedule D Part 1 Section 1 issuer-credit obligations owned,239,91324P-FL-1,UNITEDHEALTH GROUP INC,1.F,issuer_credit_or_corporate_bond,"10,252,100","10,000,000","9,819,781","10,247,761",7,candidate-first-four-column-map,candidate column assignment only; unresolved variance remains versus statutory bond base,inspect held long-token and short-token rows; use page-column geometry or tabula-style extraction for final reconciliation
CFKKRGACEDCR-0940,CFKKRGACEDP-0940,Schedule D Part 1 Section 1 issuer-credit obligations owned,239,913903-BC-3,UNIVERSAL HEALTH SERVICES INC,2.C,issuer_credit_or_corporate_bond,"49,369","50,000","49,087","49,375",5,candidate-first-four-column-map,candidate column assignment only; unresolved variance remains versus statutory bond base,inspect held long-token and short-token rows; use page-column geometry or tabula-style extraction for final reconciliation
CFKKRGACEDCR-0941,CFKKRGACEDP-0941,Schedule D Part 1 Section 1 issuer-credit obligations owned,239,914886-AA-4,UNIVERSITY OF SOUTHERN CALIFORNIA,1.C,issuer_credit_or_corporate_bond,"26,329,968","24,000,000","22,343,071","26,313,863",8,candidate-first-four-column-map,candidate column assignment only; unresolved variance remains versus statutory bond base,inspect held long-token and short-token rows; use page-column geometry or tabula-style extraction for final reconciliation
CFKKRGACEDCR-0942,CFKKRGACEDP-0942,Schedule D Part 1 Section 1 issuer-credit obligations owned,239,920253-AE-1,VALMONT INDUSTRIES INC,2.B,issuer_credit_or_corporate_bond,"9,533,376","9,942,000","9,252,409","9,565,343",8,candidate-first-four-column-map,candidate column assignment only; unresolved variance remains versus statutory bond base,inspect held long-token and short-token rows; use page-column geometry or tabula-style extraction for final reconciliation
CFKKRGACEDCR-0943,CFKKRGACEDP-0943,Schedule D Part 1 Section 1 issuer-credit obligations owned,239,92277G-AF-4,VENTAS REALTY LP,2.A,issuer_credit_or_corporate_bond,"8,020,875","8,025,000","6,770,088","8,021,906",7,candidate-first-four-column-map,candidate column assignment only; unresolved variance remains versus statutory bond base,inspect held long-token and short-token rows; use page-column geometry or tabula-style extraction for final reconciliation
CFKKRGACEDCR-0944,CFKKRGACEDP-0944,Schedule D Part 1 Section 1 issuer-credit obligations owned,239,92343V-CK-8,VERIZON COMMUNICATIONS INC,2.A,issuer_credit_or_corporate_bond,"9,029,011","9,100,000","8,090,631","9,044,392",7,candidate-first-four-column-map,candidate column assignment only; unresolved variance remains versus statutory bond base,inspect held long-token and short-token rows; use page-column geometry or tabula-style extraction for final reconciliation
CFKKRGACEDCR-0945,CFKKRGACEDP-0945,Schedule D Part 1 Section 1 issuer-credit obligations owned,239,92343V-CX-0,VERIZON COMMUNICATIONS INC,2.A,issuer_credit_or_corporate_bond,"4,512,086","4,000,000","3,349,948","4,487,151",8,candidate-first-four-column-map,candidate column assignment only; unresolved variance remains versus statutory bond base,inspect held long-token and short-token rows; use page-column geometry or tabula-style extraction for final reconciliation
CFKKRGACEDCR-0946,CFKKRGACEDP-0946,Schedule D Part 1 Section 1 issuer-credit obligations owned,239,92343V-CZ-5,VERIZON COMMUNICATIONS INC,2.A,issuer_credit_or_corporate_bond,"6,805,643","7,406,000","6,136,883","6,862,908",8,candidate-first-four-column-map,candidate column assignment only; unresolved variance remains versus statutory bond base,inspect held long-token and short-token rows; use page-column geometry or tabula-style extraction for final reconciliation
CFKKRGACEDCR-0947,CFKKRGACEDP-0947,Schedule D Part 1 Section 1 issuer-credit obligations owned,239,92343V-DS-0,VERIZON COMMUNICATIONS INC,2.A,issuer_credit_or_corporate_bond,"37,606,512","33,768,000","30,374,273","37,084,038",8,candidate-first-four-column-map,candidate column assignment only; unresolved variance remains versus statutory bond base,inspect held long-token and short-token rows; use page-column geometry or tabula-style extraction for final reconciliation
CFKKRGACEDCR-0948,CFKKRGACEDP-0948,Schedule D Part 1 Section 1 issuer-credit obligations owned,239,92343V-DV-3,VERIZON COMMUNICATIONS INC,2.A,issuer_credit_or_corporate_bond,"629,655","500,000","483,252","610,725",8,candidate-first-four-column-map,candidate column assignment only; unresolved variance remains versus statutory bond base,inspect held long-token and short-token rows; use page-column geometry or tabula-style extraction for final reconciliation
CFKKRGACEDCR-0949,CFKKRGACEDP-0949,Schedule D Part 1 Section 1 issuer-credit obligations owned,239,92343V-EU-4,VERIZON COMMUNICATIONS INC,2.A,issuer_credit_or_corporate_bond,"5,223,046","5,264,000","5,225,434","5,223,395",6,candidate-first-four-column-map,candidate column assignment only; unresolved variance remains versus statutory bond base,inspect held long-token and short-token rows; use page-column geometry or tabula-style extraction for final reconciliation
CFKKRGACEDCR-0950,CFKKRGACEDP-0950,Schedule D Part 1 Section 1 issuer-credit obligations owned,239,92343V-GB-4,VERIZON COMMUNICATIONS INC,2.A,issuer_credit_or_corporate_bond,"28,100,907","32,135,000","22,847,349","28,170,245",8,candidate-first-four-column-map,candidate column assignment only; unresolved variance remains versus statutory bond base,inspect held long-token and short-token rows; use page-column geometry or tabula-style extraction for final reconciliation
CFKKRGACEDCR-0951,CFKKRGACEDP-0951,Schedule D Part 1 Section 1 issuer-credit obligations owned,239,92343V-GP-3,VERIZON COMMUNICATIONS INC,2.A,issuer_credit_or_corporate_bond,"3,644,873","4,627,000","3,430,913","3,668,422",8,candidate-first-four-column-map,candidate column assignment only; unresolved variance remains versus statutory bond base,inspect held long-token and short-token rows; use page-column geometry or tabula-style extraction for final reconciliation
CFKKRGACEDCR-0952,CFKKRGACEDP-0952,Schedule D Part 1 Section 1 issuer-credit obligations owned,239,92564R-AE-5,VICI PROPERTIES LP,2.C,issuer_credit_or_corporate_bond,"48,577","50,000","48,509","48,603",5,candidate-first-four-column-map,candidate column assignment only; unresolved variance remains versus statutory bond base,inspect held long-token and short-token rows; use page-column geometry or tabula-style extraction for final reconciliation
CFKKRGACEDCR-0953,CFKKRGACEDP-0953,Schedule D Part 1 Section 1 issuer-credit obligations owned,239,927320-AA-9,VINCI SA,1.G,issuer_credit_or_corporate_bond,"49,429","50,000","49,337","49,444",5,candidate-first-four-column-map,candidate column assignment only; unresolved variance remains versus statutory bond base,inspect held long-token and short-token rows; use page-column geometry or tabula-style extraction for final reconciliation
CFKKRGACEDCR-0954,CFKKRGACEDP-0954,Schedule D Part 1 Section 1 issuer-credit obligations owned,239,927804-FW-9,VIRGINIA ELECTRIC AND POWER CO,2.A,utility_or_energy_credit,"7,884,973","8,135,000","6,479,229","7,892,199",8,candidate-first-four-column-map,candidate column assignment only; unresolved variance remains versus statutory bond base,inspect held long-token and short-token rows; use page-column geometry or tabula-style extraction for final reconciliation
CFKKRGACEDCR-0955,CFKKRGACEDP-0955,Schedule D Part 1 Section 1 issuer-credit obligations owned,239,927804-FY-5,VIRGINIA ELECTRIC AND POWER CO,2.A,utility_or_energy_credit,"2,227,964","2,375,000","1,824,912","2,250,758",8,candidate-first-four-column-map,candidate column assignment only; unresolved variance remains versus statutory bond base,inspect held long-token and short-token rows; use page-column geometry or tabula-style extraction for final reconciliation
CFKKRGACEDCR-0956,CFKKRGACEDP-0956,Schedule D Part 1 Section 1 issuer-credit obligations owned,239,927804-GD-0,VIRGINIA ELECTRIC AND POWER CO,1.G,utility_or_energy_credit,"11,148,756","13,888,000","7,998,987","11,145,962",8,candidate-first-four-column-map,candidate column assignment only; unresolved variance remains versus statutory bond base,inspect held long-token and short-token rows; use page-column geometry or tabula-style extraction for final reconciliation
CFKKRGACEDCR-0957,CFKKRGACEDP-0957,Schedule D Part 1 Section 1 issuer-credit obligations owned,239,927804-GU-2,VIRGINIA ELECTRIC AND POWER CO,1.G,utility_or_energy_credit,"654,755","635,000","624,163","654,726",5,candidate-first-four-column-map,candidate column assignment only; unresolved variance remains versus statutory bond base,inspect held long-token and short-token rows; use page-column geometry or tabula-style extraction for final reconciliation
CFKKRGACEDCR-0958,CFKKRGACEDP-0958,Schedule D Part 1 Section 1 issuer-credit obligations owned,239,92826C-AJ-1,VISA INC,1.D,issuer_credit_or_corporate_bond,"557,320","699,000","545,865","557,669",6,candidate-first-four-column-map,candidate column assignment only; unresolved variance remains versus statutory bond base,inspect held long-token and short-token rows; use page-column geometry or tabula-style extraction for final reconciliation
CFKKRGACEDCR-0959,CFKKRGACEDP-0959,Schedule D Part 1 Section 1 issuer-credit obligations owned,239,92857W-BM-1,VODAFONE GROUP PLC,2.B,issuer_credit_or_corporate_bond,"26,354,610","20,900,000","19,365,117","25,642,289",8,candidate-first-four-column-map,candidate column assignment only; unresolved variance remains versus statutory bond base,inspect held long-token and short-token rows; use page-column geometry or tabula-style extraction for final reconciliation
CFKKRGACEDCR-0960,CFKKRGACEDP-0960,Schedule D Part 1 Section 1 issuer-credit obligations owned,239,92857W-BS-8,VODAFONE GROUP PLC,2.B,issuer_credit_or_corporate_bond,"11,598,800","10,000,000","8,694,739","11,403,553",8,candidate-first-four-column-map,candidate column assignment only; unresolved variance remains versus statutory bond base,inspect held long-token and short-token rows; use page-column geometry or tabula-style extraction for final reconciliation
CFKKRGACEDCR-0961,CFKKRGACEDP-0961,Schedule D Part 1 Section 1 issuer-credit obligations owned,239,929160-BC-2,VULCAN MATERIALS CO,2.A,issuer_credit_or_corporate_bond,"52,173","50,000","51,850","52,154",5,candidate-first-four-column-map,candidate column assignment only; unresolved variance remains versus statutory bond base,inspect held long-token and short-token rows; use page-column geometry or tabula-style extraction for final reconciliation
CFKKRGACEDCR-0962,CFKKRGACEDP-0962,Schedule D Part 1 Section 1 issuer-credit obligations owned,239,92936U-AG-4,WP CAREY INC,2.A,issuer_credit_or_corporate_bond,"125,446","139,000","125,513","125,661",13,long-token-merged-row-review-hold,candidate column assignment only; unresolved variance remains versus statutory bond base,inspect held long-token and short-token rows; use page-column geometry or tabula-style extraction for final reconciliation
CFKKRGACEDCR-0963,CFKKRGACEDP-0963,Schedule D Part 1 Section 1 issuer-credit obligations owned,239,929903-AM-4,WELLS FARGO & CO,2.B,issuer_credit_or_corporate_bond,"719,464","707,000","728,971","719,053",7,candidate-first-four-column-map,candidate column assignment only; unresolved variance remains versus statutory bond base,inspect held long-token and short-token rows; use page-column geometry or tabula-style extraction for final reconciliation
CFKKRGACEDCR-0964,CFKKRGACEDP-0964,Schedule D Part 1 Section 1 issuer-credit obligations owned,239,94973V-AN-7,ELEVANCE HEALTH INC,2.A,issuer_credit_or_corporate_bond,"244,276","225,000","245,373","243,858",6,candidate-first-four-column-map,candidate column assignment only; unresolved variance remains versus statutory bond base,inspect held long-token and short-token rows; use page-column geometry or tabula-style extraction for final reconciliation
CFKKRGACEDCR-0965,CFKKRGACEDP-0965,Schedule D Part 1 Section 1 issuer-credit obligations owned,239,94973V-BB-2,ELEVANCE HEALTH INC,2.A,issuer_credit_or_corporate_bond,"3,470,189","3,000,000","2,697,542","3,375,027",8,candidate-first-four-column-map,candidate column assignment only; unresolved variance remains versus statutory bond base,inspect held long-token and short-token rows; use page-column geometry or tabula-style extraction for final reconciliation
CFKKRGACEDCR-0966,CFKKRGACEDP-0966,Schedule D Part 1 Section 1 issuer-credit obligations owned,239,949746-RF-0,WELLS FARGO & CO,2.B,issuer_credit_or_corporate_bond,"44,685,129","47,707,000","47,334,756","44,744,314",8,candidate-first-four-column-map,candidate column assignment only; unresolved variance remains versus statutory bond base,inspect held long-token and short-token rows; use page-column geometry or tabula-style extraction for final reconciliation
CFKKRGACEDCR-0967,CFKKRGACEDP-0967,Schedule D Part 1 Section 1 issuer-credit obligations owned,239,94974B-GK-0,WELLS FARGO & CO,2.A,issuer_credit_or_corporate_bond,"39,131","50,000","40,580","39,269",5,candidate-first-four-column-map,candidate column assignment only; unresolved variance remains versus statutory bond base,inspect held long-token and short-token rows; use page-column geometry or tabula-style extraction for final reconciliation
CFKKRGACEDCR-0968,CFKKRGACEDP-0968,Schedule D Part 1 Section 1 issuer-credit obligations owned,239,94974B-GQ-7,WELLS FARGO & CO,2.B,issuer_credit_or_corporate_bond,"28,266,743","28,250,000","25,443,724","28,237,917",8,candidate-first-four-column-map,candidate column assignment only; unresolved variance remains versus statutory bond base,inspect held long-token and short-token rows; use page-column geometry or tabula-style extraction for final reconciliation
CFKKRGACEDCR-0969,CFKKRGACEDP-0969,Schedule D Part 1 Section 1 issuer-credit obligations owned,240,94974B-GT-1,WELLS FARGO & CO,2.B,issuer_credit_or_corporate_bond,"103,207","123,000","103,023","103,403",6,candidate-first-four-column-map,candidate column assignment only; unresolved variance remains versus statutory bond base,inspect held long-token and short-token rows; use page-column geometry or tabula-style extraction for final reconciliation
CFKKRGACEDCR-0970,CFKKRGACEDP-0970,Schedule D Part 1 Section 1 issuer-credit obligations owned,240,94974B-GU-8,WELLS FARGO & CO,2.B,issuer_credit_or_corporate_bond,"45,569,168","55,230,000","48,559,053","45,705,863",8,candidate-first-four-column-map,candidate column assignment only; unresolved variance remains versus statutory bond base,inspect held long-token and short-token rows; use page-column geometry or tabula-style extraction for final reconciliation
CFKKRGACEDCR-0971,CFKKRGACEDP-0971,Schedule D Part 1 Section 1 issuer-credit obligations owned,240,95000U-2M-4,WELLS FARGO & CO,2.A,issuer_credit_or_corporate_bond,"19,185,348","16,146,000","14,766,611","19,002,512",7,candidate-first-four-column-map,candidate column assignment only; unresolved variance remains versus statutory bond base,inspect held long-token and short-token rows; use page-column geometry or tabula-style extraction for final reconciliation
CFKKRGACEDCR-0972,CFKKRGACEDP-0972,Schedule D Part 1 Section 1 issuer-credit obligations owned,240,95000U-2Z-5,WELLS FARGO & CO,2.A,issuer_credit_or_corporate_bond,"9,808,958","11,027,000","9,495,534","9,838,308",7,candidate-first-four-column-map,candidate column assignment only; unresolved variance remains versus statutory bond base,inspect held long-token and short-token rows; use page-column geometry or tabula-style extraction for final reconciliation
CFKKRGACEDCR-0973,CFKKRGACEDP-0973,Schedule D Part 1 Section 1 issuer-credit obligations owned,240,95040Q-AN-4,WELLTOWER OP LLC,1.G,issuer_credit_or_corporate_bond,"47,161","50,000","47,149","47,240",5,candidate-first-four-column-map,candidate column assignment only; unresolved variance remains versus statutory bond base,inspect held long-token and short-token rows; use page-column geometry or tabula-style extraction for final reconciliation
CFKKRGACEDCR-0974,CFKKRGACEDP-0974,Schedule D Part 1 Section 1 issuer-credit obligations owned,240,95954A-2B-8,WESTERN-SOUTHERN GLOBAL FUNDING,1.D,finance_company_or_funding_vehicle,"50,490","50,000","50,430","50,475",6,candidate-first-four-column-map,candidate column assignment only; unresolved variance remains versus statutory bond base,inspect held long-token and short-token rows; use page-column geometry or tabula-style extraction for final reconciliation
CFKKRGACEDCR-0975,CFKKRGACEDP-0975,Schedule D Part 1 Section 1 issuer-credit obligations owned,240,960386-AM-2,WESTINGHOUSE AIR BRAKE TECHNOLOGIES CORP,2.B,issuer_credit_or_corporate_bond,"50,658","50,000","50,643","50,636",4,candidate-first-four-column-map,candidate column assignment only; unresolved variance remains versus statutory bond base,inspect held long-token and short-token rows; use page-column geometry or tabula-style extraction for final reconciliation
CFKKRGACEDCR-0976,CFKKRGACEDP-0976,Schedule D Part 1 Section 1 issuer-credit obligations owned,240,960413-AU-6,WESTLAKE CORP,2.B,issuer_credit_or_corporate_bond,"1,290,720","1,103,000","855,987","1,269,084",7,candidate-first-four-column-map,candidate column assignment only; unresolved variance remains versus statutory bond base,inspect held long-token and short-token rows; use page-column geometry or tabula-style extraction for final reconciliation
CFKKRGACEDCR-0977,CFKKRGACEDP-0977,Schedule D Part 1 Section 1 issuer-credit obligations owned,240,960413-BA-9,WESTLAKE CORP,2.B,issuer_credit_or_corporate_bond,"1,928,569","2,004,000","1,183,857","1,932,653",7,candidate-first-four-column-map,candidate column assignment only; unresolved variance remains versus statutory bond base,inspect held long-token and short-token rows; use page-column geometry or tabula-style extraction for final reconciliation
CFKKRGACEDCR-0978,CFKKRGACEDP-0978,Schedule D Part 1 Section 1 issuer-credit obligations owned,240,961214-EG-4,WESTPAC BANKING CORP,1.G,bank_or_financial_credit,"2,000,000","2,000,000","1,859,043","2,000,000",7,candidate-first-four-column-map,candidate column assignment only; unresolved variance remains versus statutory bond base,inspect held long-token and short-token rows; use page-column geometry or tabula-style extraction for final reconciliation
CFKKRGACEDCR-0979,CFKKRGACEDP-0979,Schedule D Part 1 Section 1 issuer-credit obligations owned,240,961214-FW-8,WESTPAC BANKING CORP,1.G,bank_or_financial_credit,"1,111,738","1,089,000","1,125,469","1,111,121",6,candidate-first-four-column-map,candidate column assignment only; unresolved variance remains versus statutory bond base,inspect held long-token and short-token rows; use page-column geometry or tabula-style extraction for final reconciliation
CFKKRGACEDCR-0980,CFKKRGACEDP-0980,Schedule D Part 1 Section 1 issuer-credit obligations owned,240,963320-AV-8,WHIRLPOOL CORP,3.A,issuer_credit_or_corporate_bond,"4,114,638","4,576,200","3,439,924","4,134,840",8,candidate-first-four-column-map,candidate column assignment only; unresolved variance remains versus statutory bond base,inspect held long-token and short-token rows; use page-column geometry or tabula-style extraction for final reconciliation
CFKKRGACEDCR-0981,CFKKRGACEDP-0981,Schedule D Part 1 Section 1 issuer-credit obligations owned,240,963320-AX-4,WHIRLPOOL CORP,3.A,issuer_credit_or_corporate_bond,"49,921,305","40,574,100","29,860,801","48,696,573",8,candidate-first-four-column-map,candidate column assignment only; unresolved variance remains versus statutory bond base,inspect held long-token and short-token rows; use page-column geometry or tabula-style extraction for final reconciliation
CFKKRGACEDCR-0982,CFKKRGACEDP-0982,Schedule D Part 1 Section 1 issuer-credit obligations owned,240,969457-BM-1,WILLIAMS COMPANIES INC,2.B,issuer_credit_or_corporate_bond,"129,231","109,000","132,401","127,009",8,candidate-first-four-column-map,candidate column assignment only; unresolved variance remains versus statutory bond base,inspect held long-token and short-token rows; use page-column geometry or tabula-style extraction for final reconciliation
CFKKRGACEDCR-0983,CFKKRGACEDP-0983,Schedule D Part 1 Section 1 issuer-credit obligations owned,240,969457-CA-6,WILLIAMS COMPANIES INC,2.B,issuer_credit_or_corporate_bond,"180,538","196,000","181,037","180,628",6,candidate-first-four-column-map,candidate column assignment only; unresolved variance remains versus statutory bond base,inspect held long-token and short-token rows; use page-column geometry or tabula-style extraction for final reconciliation
CFKKRGACEDCR-0984,CFKKRGACEDP-0984,Schedule D Part 1 Section 1 issuer-credit obligations owned,240,96949L-AC-9,WILLIAMS COMPANIES INC,2.B,issuer_credit_or_corporate_bond,"13,978,500","12,500,000","11,479,858","13,760,763",7,candidate-first-four-column-map,candidate column assignment only; unresolved variance remains versus statutory bond base,inspect held long-token and short-token rows; use page-column geometry or tabula-style extraction for final reconciliation
CFKKRGACEDCR-0985,CFKKRGACEDP-0985,Schedule D Part 1 Section 1 issuer-credit obligations owned,240,96949L-AE-5,WILLIAMS COMPANIES INC,2.B,issuer_credit_or_corporate_bond,"10,676,600","10,000,000","8,799,398","10,586,648",7,candidate-first-four-column-map,candidate column assignment only; unresolved variance remains versus statutory bond base,inspect held long-token and short-token rows; use page-column geometry or tabula-style extraction for final reconciliation
CFKKRGACEDCR-0986,CFKKRGACEDP-0986,Schedule D Part 1 Section 1 issuer-credit obligations owned,240,96950F-AP-9,WILLIAMS COMPANIES INC,2.B,issuer_credit_or_corporate_bond,"4,961,450","5,000,000","4,495,235","4,970,107",7,candidate-first-four-column-map,candidate column assignment only; unresolved variance remains versus statutory bond base,inspect held long-token and short-token rows; use page-column geometry or tabula-style extraction for final reconciliation
CFKKRGACEDCR-0987,CFKKRGACEDP-0987,Schedule D Part 1 Section 1 issuer-credit obligations owned,240,970648-AK-7,WILLIS NORTH AMERICA INC,2.A,issuer_credit_or_corporate_bond,"31,453","43,000","32,054","31,567",5,candidate-first-four-column-map,candidate column assignment only; unresolved variance remains versus statutory bond base,inspect held long-token and short-token rows; use page-column geometry or tabula-style extraction for final reconciliation
CFKKRGACEDCR-0988,CFKKRGACEDP-0988,Schedule D Part 1 Section 1 issuer-credit obligations owned,240,970648-AN-1,WILLIS NORTH AMERICA INC,2.A,issuer_credit_or_corporate_bond,"80,779","82,000","82,062","80,796",7,candidate-first-four-column-map,candidate column assignment only; unresolved variance remains versus statutory bond base,inspect held long-token and short-token rows; use page-column geometry or tabula-style extraction for final reconciliation
CFKKRGACEDCR-0989,CFKKRGACEDP-0989,Schedule D Part 1 Section 1 issuer-credit obligations owned,240,976826-BN-6,WISCONSIN POWER AND LIGHT CO,2.A,issuer_credit_or_corporate_bond,"18,870,808","19,412,000","14,175,376","18,883,078",8,candidate-first-four-column-map,candidate column assignment only; unresolved variance remains versus statutory bond base,inspect held long-token and short-token rows; use page-column geometry or tabula-style extraction for final reconciliation
CFKKRGACEDCR-0990,CFKKRGACEDP-0990,Schedule D Part 1 Section 1 issuer-credit obligations owned,240,976843-BM-3,WISCONSIN PUBLIC SERVICE CORP,1.F,issuer_credit_or_corporate_bond,"9,988,500","10,000,000","6,982,327","9,991,503",7,candidate-first-four-column-map,candidate column assignment only; unresolved variance remains versus statutory bond base,inspect held long-token and short-token rows; use page-column geometry or tabula-style extraction for final reconciliation
CFKKRGACEDCR-0991,CFKKRGACEDP-0991,Schedule D Part 1 Section 1 issuer-credit obligations owned,240,98417E-AN-0,GLENCORE FINANCE CANADA LTD,2.A,finance_company_or_funding_vehicle,"3,957,934","2,931,000","3,031,231","3,793,201",8,candidate-first-four-column-map,candidate column assignment only; unresolved variance remains versus statutory bond base,inspect held long-token and short-token rows; use page-column geometry or tabula-style extraction for final reconciliation
CFKKRGACEDCR-0992,CFKKRGACEDP-0992,Schedule D Part 1 Section 1 issuer-credit obligations owned,240,98419M-AK-6,XYLEM INC,2.B,issuer_credit_or_corporate_bond,"5,387,441","5,834,000","4,957,720","5,425,190",8,candidate-first-four-column-map,candidate column assignment only; unresolved variance remains versus statutory bond base,inspect held long-token and short-token rows; use page-column geometry or tabula-style extraction for final reconciliation
CFKKRGACEDCR-0993,CFKKRGACEDP-0993,Schedule D Part 1 Section 1 issuer-credit obligations owned,240,98978V-AT-0,ZOETIS INC,2.A,issuer_credit_or_corporate_bond,"188,450","272,000","181,281","188,782",7,candidate-first-four-column-map,candidate column assignment only; unresolved variance remains versus statutory bond base,inspect held long-token and short-token rows; use page-column geometry or tabula-style extraction for final reconciliation
CFKKRGACEDCR-0994,CFKKRGACEDP-0994,Schedule D Part 1 Section 1 issuer-credit obligations owned,240,J41838-AQ-6,MEIJI YASUDA LIFE INSURANCE CO,1.G,issuer_credit_or_corporate_bond,"381,000","381,000","395,492","381,000",86,long-token-merged-row-review-hold,candidate column assignment only; unresolved variance remains versus statutory bond base,inspect held long-token and short-token rows; use page-column geometry or tabula-style extraction for final reconciliation
CFKKRGACEDCR-0995,CFKKRGACEDP-0995,Schedule D Part 1 Section 2 asset-backed securities owned,242,03466R-AD-3,AOMT 2025-3 M1A - RMBS,1.G,asset_backed_security,"46,999","47,000","47,699","46,957",6,candidate-first-four-column-map,candidate column assignment only; unresolved variance remains versus statutory bond base,inspect held long-token and short-token rows; use page-column geometry or tabula-style extraction for final reconciliation
CFKKRGACEDCR-0996,CFKKRGACEDP-0996,Schedule D Part 1 Section 2 asset-backed securities owned,242,034934-AE-9,AOMT 251 M1B - RMBS,2.B,asset_backed_security,"19,107","19,000","19,302","19,053",5,candidate-first-four-column-map,candidate column assignment only; unresolved variance remains versus statutory bond base,inspect held long-token and short-token rows; use page-column geometry or tabula-style extraction for final reconciliation
CFKKRGACEDCR-0997,CFKKRGACEDP-0997,Schedule D Part 1 Section 2 asset-backed securities owned,242,10569M-AF-0,BRAVO 25NQM1 M1 - RMBS,2.B,asset_backed_security,"30,047","30,000","30,444","30,003",6,candidate-first-four-column-map,candidate column assignment only; unresolved variance remains versus statutory bond base,inspect held long-token and short-token rows; use page-column geometry or tabula-style extraction for final reconciliation
CFKKRGACEDCR-0998,CFKKRGACEDP-0998,Schedule D Part 1 Section 2 asset-backed securities owned,242,105927-AF-4,BRAVO 2025-NQM3 M1 - RMBS,2.C,asset_backed_security,"18,000","18,000","18,258","17,984",5,candidate-first-four-column-map,candidate column assignment only; unresolved variance remains versus statutory bond base,inspect held long-token and short-token rows; use page-column geometry or tabula-style extraction for final reconciliation
CFKKRGACEDCR-0999,CFKKRGACEDP-0999,Schedule D Part 1 Section 2 asset-backed securities owned,242,12464Y-AC-3,CBASS 2007-CB5 A3 - RMBS,1.A,asset_backed_security,"3,367,460","4,412,724","2,646,483","3,102,696",8,candidate-first-four-column-map,candidate column assignment only; unresolved variance remains versus statutory bond base,inspect held long-token and short-token rows; use page-column geometry or tabula-style extraction for final reconciliation
CFKKRGACEDCR-1000,CFKKRGACEDP-1000,Schedule D Part 1 Section 2 asset-backed securities owned,242,12661G-AF-6,CSMC 2021-RPL3 B1 - CMO/RMBS,1.A,asset_backed_security,"18,535","25,000","18,444","18,718",4,candidate-first-four-column-map,candidate column assignment only; unresolved variance remains versus statutory bond base,inspect held long-token and short-token rows; use page-column geometry or tabula-style extraction for final reconciliation
CFKKRGACEDCR-1001,CFKKRGACEDP-1001,Schedule D Part 1 Section 2 asset-backed securities owned,242,16160M-AU-7,CHASE 2025-3 A9 - RMBS,1.A,asset_backed_security,"87,568","87,431","88,481","87,535",5,candidate-first-four-column-map,candidate column assignment only; unresolved variance remains versus statutory bond base,inspect held long-token and short-token rows; use page-column geometry or tabula-style extraction for final reconciliation
CFKKRGACEDCR-1002,CFKKRGACEDP-1002,Schedule D Part 1 Section 2 asset-backed securities owned,242,16160M-BQ-5,CHASE 2025-3 B3 - RMBS,1.F,asset_backed_security,"13,826","13,860","14,262","13,818",4,candidate-first-four-column-map,candidate column assignment only; unresolved variance remains versus statutory bond base,inspect held long-token and short-token rows; use page-column geometry or tabula-style extraction for final reconciliation
CFKKRGACEDCR-1003,CFKKRGACEDP-1003,Schedule D Part 1 Section 2 asset-backed securities owned,242,16678R-FB-8,CCMFC 2006-1 A1 - CMO/RMBS,1.A,asset_backed_security,"2,511,143","2,929,491","2,603,398","2,502,050",8,candidate-first-four-column-map,candidate column assignment only; unresolved variance remains versus statutory bond base,inspect held long-token and short-token rows; use page-column geometry or tabula-style extraction for final reconciliation
CFKKRGACEDCR-1004,CFKKRGACEDP-1004,Schedule D Part 1 Section 2 asset-backed securities owned,242,16678R-FC-6,CCMFC 2006-1 A2 - CMO/RMBS,1.A,asset_backed_security,"2,899,078","5,016,125","3,987,597","2,899,078",7,candidate-first-four-column-map,candidate column assignment only; unresolved variance remains versus statutory bond base,inspect held long-token and short-token rows; use page-column geometry or tabula-style extraction for final reconciliation
CFKKRGACEDCR-1005,CFKKRGACEDP-1005,Schedule D Part 1 Section 2 asset-backed securities owned,242,16679B-AA-9,CCMFC 2007-2 A1 - CMO/RMBS,1.A,asset_backed_security,"3,604,056","3,761,468","4,406,786","3,604,056",7,candidate-first-four-column-map,candidate column assignment only; unresolved variance remains versus statutory bond base,inspect held long-token and short-token rows; use page-column geometry or tabula-style extraction for final reconciliation
CFKKRGACEDCR-1006,CFKKRGACEDP-1006,Schedule D Part 1 Section 2 asset-backed securities owned,242,17292B-CK-0,CMLTI 252 B3 - RMBS,1.G,asset_backed_security,"11,609","11,864","11,712","11,611",4,candidate-first-four-column-map,candidate column assignment only; unresolved variance remains versus statutory bond base,inspect held long-token and short-token rows; use page-column geometry or tabula-style extraction for final reconciliation
CFKKRGACEDCR-1007,CFKKRGACEDP-1007,Schedule D Part 1 Section 2 asset-backed securities owned,242,19688Q-AD-3,COLT 2024-INV4 M1 - RMBS,1.E,asset_backed_security,"39,353","39,000","39,787","39,207",6,candidate-first-four-column-map,candidate column assignment only; unresolved variance remains versus statutory bond base,inspect held long-token and short-token rows; use page-column geometry or tabula-style extraction for final reconciliation
CFKKRGACEDCR-1008,CFKKRGACEDP-1008,Schedule D Part 1 Section 2 asset-backed securities owned,242,196920-AF-9,COLT 2025-1 M1 - RMBS,1.A,asset_backed_security,"99,875","100,000","102,002","99,802",6,candidate-first-four-column-map,candidate column assignment only; unresolved variance remains versus statutory bond base,inspect held long-token and short-token rows; use page-column geometry or tabula-style extraction for final reconciliation
CFKKRGACEDCR-1009,CFKKRGACEDP-1009,Schedule D Part 1 Section 2 asset-backed securities owned,242,22757C-AF-9,CROSS 24H7 M1 - RMBS,1.B,asset_backed_security,"35,098","35,000","35,469","35,027",6,candidate-first-four-column-map,candidate column assignment only; unresolved variance remains versus statutory bond base,inspect held long-token and short-token rows; use page-column geometry or tabula-style extraction for final reconciliation
CFKKRGACEDCR-1010,CFKKRGACEDP-1010,Schedule D Part 1 Section 2 asset-backed securities owned,242,25151K-AC-3,DBALT 2007-3 2A1 - RMBS,1.A,asset_backed_security,"1,831,130","2,331,878","1,826,402","1,842,239",8,candidate-first-four-column-map,candidate column assignment only; unresolved variance remains versus statutory bond base,inspect held long-token and short-token rows; use page-column geometry or tabula-style extraction for final reconciliation
CFKKRGACEDCR-1011,CFKKRGACEDP-1011,Schedule D Part 1 Section 2 asset-backed securities owned,242,26845D-AE-5,EFMT 24NQM1 M1 - RMBS,1.D,asset_backed_security,"54,372","54,000","55,021","54,201",6,candidate-first-four-column-map,candidate column assignment only; unresolved variance remains versus statutory bond base,inspect held long-token and short-token rows; use page-column geometry or tabula-style extraction for final reconciliation
CFKKRGACEDCR-1012,CFKKRGACEDP-1012,Schedule D Part 1 Section 2 asset-backed securities owned,242,28225G-AF-1,EFMT 25CES2 M1 - RMBS,1.F,asset_backed_security,"33,999","34,000","34,482","33,974",6,candidate-first-four-column-map,candidate column assignment only; unresolved variance remains versus statutory bond base,inspect held long-token and short-token rows; use page-column geometry or tabula-style extraction for final reconciliation
CFKKRGACEDCR-1013,CFKKRGACEDP-1013,Schedule D Part 1 Section 2 asset-backed securities owned,242,307910-AB-5,FARM 242 A2 - CMO/RMBS,1.A,asset_backed_security,"1,976,737","2,139,000","1,991,592","1,996,308",8,candidate-first-four-column-map,candidate column assignment only; unresolved variance remains versus statutory bond base,inspect held long-token and short-token rows; use page-column geometry or tabula-style extraction for final reconciliation
CFKKRGACEDCR-1014,CFKKRGACEDP-1014,Schedule D Part 1 Section 2 asset-backed securities owned,242,36168X-AH-2,GCAT 2022-HX1 B1 - CMO/RMBS,1.D,asset_backed_security,"17,969","23,000","18,796","18,146",4,candidate-first-four-column-map,candidate column assignment only; unresolved variance remains versus statutory bond base,inspect held long-token and short-token rows; use page-column geometry or tabula-style extraction for final reconciliation
CFKKRGACEDCR-1015,CFKKRGACEDP-1015,Schedule D Part 1 Section 2 asset-backed securities owned,242,362341-Z3-6,GSAA 2006-1 A2 - RMBS,1.A,asset_backed_security,"4,165,269","7,297,869","1,990,861","1,925,277",8,candidate-first-four-column-map,candidate column assignment only; unresolved variance remains versus statutory bond base,inspect held long-token and short-token rows; use page-column geometry or tabula-style extraction for final reconciliation
CFKKRGACEDCR-1016,CFKKRGACEDP-1016,Schedule D Part 1 Section 2 asset-backed securities owned,242,36270C-BY-5,GSMBS 24PJ6 B3 - RMBS,1.E,asset_backed_security,"8,815","8,798","9,063","8,792",4,candidate-first-four-column-map,candidate column assignment only; unresolved variance remains versus statutory bond base,inspect held long-token and short-token rows; use page-column geometry or tabula-style extraction for final reconciliation
CFKKRGACEDCR-1017,CFKKRGACEDP-1017,Schedule D Part 1 Section 2 asset-backed securities owned,242,36273W-CK-7,GSMBS 2025-PJ3 B3 - RMBS,1.G,asset_backed_security,"9,385","9,889","9,232","9,381",4,candidate-first-four-column-map,candidate column assignment only; unresolved variance remains versus statutory bond base,inspect held long-token and short-token rows; use page-column geometry or tabula-style extraction for final reconciliation
CFKKRGACEDCR-1018,CFKKRGACEDP-1018,Schedule D Part 1 Section 2 asset-backed securities owned,242,362949-CK-3,GSMBS 2024-PJ7 B2 - RMBS,1.E,asset_backed_security,"11,037","10,789","11,252","11,010",4,candidate-first-four-column-map,candidate column assignment only; unresolved variance remains versus statutory bond base,inspect held long-token and short-token rows; use page-column geometry or tabula-style extraction for final reconciliation
CFKKRGACEDCR-1019,CFKKRGACEDP-1019,Schedule D Part 1 Section 2 asset-backed securities owned,242,403969-AF-5,HOMES 25AFC1 M1 - RMBS,1.A,asset_backed_security,"18,987","19,000","19,254","18,970",5,candidate-first-four-column-map,candidate column assignment only; unresolved variance remains versus statutory bond base,inspect held long-token and short-token rows; use page-column geometry or tabula-style extraction for final reconciliation
CFKKRGACEDCR-1020,CFKKRGACEDP-1020,Schedule D Part 1 Section 2 asset-backed securities owned,242,41161P-A8-6,HVMLT 2006-1 21A - CMO/RMBS,1.A,asset_backed_security,"5,136,022","5,769,418","5,414,191","5,145,351",8,candidate-first-four-column-map,candidate column assignment only; unresolved variance remains versus statutory bond base,inspect held long-token and short-token rows; use page-column geometry or tabula-style extraction for final reconciliation
CFKKRGACEDCR-1021,CFKKRGACEDP-1021,Schedule D Part 1 Section 2 asset-backed securities owned,242,41161X-AC-0,HVMLT 2006-9 2AA - RMBS,1.A,asset_backed_security,"1,210,743","1,492,510","1,417,019","1,210,743",7,candidate-first-four-column-map,candidate column assignment only; unresolved variance remains versus statutory bond base,inspect held long-token and short-token rows; use page-column geometry or tabula-style extraction for final reconciliation
CFKKRGACEDCR-1022,CFKKRGACEDP-1022,Schedule D Part 1 Section 2 asset-backed securities owned,242,41164L-AA-7,HVMLT 2007-2 11A - RMBS,1.A,asset_backed_security,"13,270,358","17,798,621","13,934,247","12,984,392",8,candidate-first-four-column-map,candidate column assignment only; unresolved variance remains versus statutory bond base,inspect held long-token and short-token rows; use page-column geometry or tabula-style extraction for final reconciliation
CFKKRGACEDCR-1023,CFKKRGACEDP-1023,Schedule D Part 1 Section 2 asset-backed securities owned,242,43741B-AC-3,HMBT 2007-1 2A1 - CMO/RMBS,1.A,asset_backed_security,"2,831,306","3,389,964","3,049,708","2,831,306",7,candidate-first-four-column-map,candidate column assignment only; unresolved variance remains versus statutory bond base,inspect held long-token and short-token rows; use page-column geometry or tabula-style extraction for final reconciliation
CFKKRGACEDCR-1024,CFKKRGACEDP-1024,Schedule D Part 1 Section 2 asset-backed securities owned,242,43761D-AF-7,HOMES 2025-NQM1 M1 - RMBS,1.E,asset_backed_security,"8,073","8,000","8,127","8,046",5,candidate-first-four-column-map,candidate column assignment only; unresolved variance remains versus statutory bond base,inspect held long-token and short-token rows; use page-column geometry or tabula-style extraction for final reconciliation
CFKKRGACEDCR-1025,CFKKRGACEDP-1025,Schedule D Part 1 Section 2 asset-backed securities owned,242,437920-AF-8,HOMES 24AFC2 M1 - RMBS,1.A,asset_backed_security,"25,958","26,000","26,335","25,948",6,candidate-first-four-column-map,candidate column assignment only; unresolved variance remains versus statutory bond base,inspect held long-token and short-token rows; use page-column geometry or tabula-style extraction for final reconciliation
CFKKRGACEDCR-1026,CFKKRGACEDP-1026,Schedule D Part 1 Section 2 asset-backed securities owned,242,45668G-AG-7,INDX 2006-AR14 2A - CMO/RMBS,1.A,asset_backed_security,"2,951,361","3,836,468","3,590,668","3,307,295",8,candidate-first-four-column-map,candidate column assignment only; unresolved variance remains versus statutory bond base,inspect held long-token and short-token rows; use page-column geometry or tabula-style extraction for final reconciliation
CFKKRGACEDCR-1027,CFKKRGACEDP-1027,Schedule D Part 1 Section 2 asset-backed securities owned,242,46591T-BY-9,JPMMT 202 B4 - CMO/RMBS,1.A,asset_backed_security,"6,683","7,744","6,975","6,738",4,candidate-first-four-column-map,candidate column assignment only; unresolved variance remains versus statutory bond base,inspect held long-token and short-token rows; use page-column geometry or tabula-style extraction for final reconciliation
CFKKRGACEDCR-1028,CFKKRGACEDP-1028,Schedule D Part 1 Section 2 asset-backed securities owned,242,46593M-AV-9,JPMMT 25CCM1 A9 - RMBS,1.A,asset_backed_security,"43,108","43,836","44,022","43,300",5,candidate-first-four-column-map,candidate column assignment only; unresolved variance remains versus statutory bond base,inspect held long-token and short-token rows; use page-column geometry or tabula-style extraction for final reconciliation
CFKKRGACEDCR-1029,CFKKRGACEDP-1029,Schedule D Part 1 Section 2 asset-backed securities owned,242,46593N-AA-3,JPMMT 252 A1 - RMBS,1.A,asset_backed_security,"64,496","63,465","65,163","64,370",5,candidate-first-four-column-map,candidate column assignment only; unresolved variance remains versus statutory bond base,inspect held long-token and short-token rows; use page-column geometry or tabula-style extraction for final reconciliation
CFKKRGACEDCR-1030,CFKKRGACEDP-1030,Schedule D Part 1 Section 2 asset-backed securities owned,242,46593Q-AF-5,JPMMT 2025-NQM1 M1A - RMBS,1.D,asset_backed_security,"22,999","23,000","23,298","22,979",6,candidate-first-four-column-map,candidate column assignment only; unresolved variance remains versus statutory bond base,inspect held long-token and short-token rows; use page-column geometry or tabula-style extraction for final reconciliation
CFKKRGACEDCR-1031,CFKKRGACEDP-1031,Schedule D Part 1 Section 2 asset-backed securities owned,242,465983-AD-6,JPMMT 24NQM1 M1A - RMBS,1.C,asset_backed_security,"11,052","11,000","11,174","11,026",5,candidate-first-four-column-map,candidate column assignment only; unresolved variance remains versus statutory bond base,inspect held long-token and short-token rows; use page-column geometry or tabula-style extraction for final reconciliation
CFKKRGACEDCR-1032,CFKKRGACEDP-1032,Schedule D Part 1 Section 2 asset-backed securities owned,242,46657C-AR-3,JPMMT 238 B3 - RMBS,2.C,asset_backed_security,"3,798","3,863","3,852","3,786",4,candidate-first-four-column-map,candidate column assignment only; unresolved variance remains versus statutory bond base,inspect held long-token and short-token rows; use page-column geometry or tabula-style extraction for final reconciliation
CFKKRGACEDCR-1033,CFKKRGACEDP-1033,Schedule D Part 1 Section 2 asset-backed securities owned,242,46657Q-BE-0,JPMMT 243 B3 - RMBS,1.D,asset_backed_security,"15,239","18,946","15,556","15,384",4,candidate-first-four-column-map,candidate column assignment only; unresolved variance remains versus statutory bond base,inspect held long-token and short-token rows; use page-column geometry or tabula-style extraction for final reconciliation
CFKKRGACEDCR-1034,CFKKRGACEDP-1034,Schedule D Part 1 Section 2 asset-backed securities owned,242,46658G-BF-8,JPMMT 248 B3 - RMBS,1.D,asset_backed_security,"17,128","16,669","17,625","17,082",4,candidate-first-four-column-map,candidate column assignment only; unresolved variance remains versus statutory bond base,inspect held long-token and short-token rows; use page-column geometry or tabula-style extraction for final reconciliation
CFKKRGACEDCR-1035,CFKKRGACEDP-1035,Schedule D Part 1 Section 2 asset-backed securities owned,242,46658L-BQ-3,JPMMT 2410 B3 - RMBS,1.E,asset_backed_security,"26,426","25,609","27,205","26,363",5,candidate-first-four-column-map,candidate column assignment only; unresolved variance remains versus statutory bond base,inspect held long-token and short-token rows; use page-column geometry or tabula-style extraction for final reconciliation
CFKKRGACEDCR-1036,CFKKRGACEDP-1036,Schedule D Part 1 Section 2 asset-backed securities owned,242,46659B-AF-9,JPMMT 25VIS1 M1 - RMBS,1.A,asset_backed_security,"14,035","14,000","14,209","14,012",5,candidate-first-four-column-map,candidate column assignment only; unresolved variance remains versus statutory bond base,inspect held long-token and short-token rows; use page-column geometry or tabula-style extraction for final reconciliation
CFKKRGACEDCR-1037,CFKKRGACEDP-1037,Schedule D Part 1 Section 2 asset-backed securities owned,242,525226-AN-6,LXS 2006-12N 2AA - RMBS,1.A,asset_backed_security,"2,535,944","3,323,104","3,314,240","3,042,329",8,candidate-first-four-column-map,candidate column assignment only; unresolved variance remains versus statutory bond base,inspect held long-token and short-token rows; use page-column geometry or tabula-style extraction for final reconciliation
CFKKRGACEDCR-1038,CFKKRGACEDP-1038,Schedule D Part 1 Section 2 asset-backed securities owned,242,52523Y-AC-8,LXS 2006-19 A3 - RMBS,1.A,asset_backed_security,"1,463,248","1,957,519","1,943,399","1,683,378",8,candidate-first-four-column-map,candidate column assignment only; unresolved variance remains versus statutory bond base,inspect held long-token and short-token rows; use page-column geometry or tabula-style extraction for final reconciliation
CFKKRGACEDCR-1039,CFKKRGACEDP-1039,Schedule D Part 1 Section 2 asset-backed securities owned,242,52524Y-AC-7,LXS 2007-12N 1AA - RMBS,1.A,asset_backed_security,"3,464,176","4,145,028","4,142,875","3,995,989",8,candidate-first-four-column-map,candidate column assignment only; unresolved variance remains versus statutory bond base,inspect held long-token and short-token rows; use page-column geometry or tabula-style extraction for final reconciliation
CFKKRGACEDCR-1040,CFKKRGACEDP-1040,Schedule D Part 1 Section 2 asset-backed securities owned,243,55287J-AD-8,MFRA 25NQM1 M1 - RMBS,1.A,asset_backed_security,"28,000","28,000","28,419","27,974",6,candidate-first-four-column-map,candidate column assignment only; unresolved variance remains versus statutory bond base,inspect held long-token and short-token rows; use page-column geometry or tabula-style extraction for final reconciliation
CFKKRGACEDCR-1041,CFKKRGACEDP-1041,Schedule D Part 1 Section 2 asset-backed securities owned,243,585490-CB-9,MELLO 22INV1 B3 - RMBS,1.C,asset_backed_security,"13,451","16,504","13,866","13,595",4,candidate-first-four-column-map,candidate column assignment only; unresolved variance remains versus statutory bond base,inspect held long-token and short-token rows; use page-column geometry or tabula-style extraction for final reconciliation
CFKKRGACEDCR-1042,CFKKRGACEDP-1042,Schedule D Part 1 Section 2 asset-backed securities owned,243,62956X-AD-3,NYMT 24INV1 M1 - RMBS,2.B,asset_backed_security,"17,935","18,000","18,119","17,953",5,candidate-first-four-column-map,candidate column assignment only; unresolved variance remains versus statutory bond base,inspect held long-token and short-token rows; use page-column geometry or tabula-style extraction for final reconciliation
CFKKRGACEDCR-1043,CFKKRGACEDP-1043,Schedule D Part 1 Section 2 asset-backed securities owned,243,64831X-AF-5,NRZT 25NQM2 M1 - RMBS,1.B,asset_backed_security,"42,999","43,000","43,703","42,983",6,candidate-first-four-column-map,candidate column assignment only; unresolved variance remains versus statutory bond base,inspect held long-token and short-token rows; use page-column geometry or tabula-style extraction for final reconciliation
CFKKRGACEDCR-1044,CFKKRGACEDP-1044,Schedule D Part 1 Section 2 asset-backed securities owned,243,65537K-AA-8,NHELI 2007-1 2A - RMBS,1.A,asset_backed_security,"2,331,897","2,355,073","2,390,222","2,331,897",7,candidate-first-four-column-map,candidate column assignment only; unresolved variance remains versus statutory bond base,inspect held long-token and short-token rows; use page-column geometry or tabula-style extraction for final reconciliation
CFKKRGACEDCR-1045,CFKKRGACEDP-1045,Schedule D Part 1 Section 2 asset-backed securities owned,243,67120Q-AD-8,OBX 2025-NQM4 M1 - RMBS,1.F,asset_backed_security,"70,998","71,000","71,819","70,933",6,candidate-first-four-column-map,candidate column assignment only; unresolved variance remains versus statutory bond base,inspect held long-token and short-token rows; use page-column geometry or tabula-style extraction for final reconciliation
CFKKRGACEDCR-1046,CFKKRGACEDP-1046,Schedule D Part 1 Section 2 asset-backed securities owned,243,673911-AF-0,OBX 24NQ17 M1 - RMBS,2.A,asset_backed_security,"17,222","17,000","17,315","17,144",5,candidate-first-four-column-map,candidate column assignment only; unresolved variance remains versus statutory bond base,inspect held long-token and short-token rows; use page-column geometry or tabula-style extraction for final reconciliation
CFKKRGACEDCR-1047,CFKKRGACEDP-1047,Schedule D Part 1 Section 2 asset-backed securities owned,243,67448Y-AF-1,OBX 25NQM3 M1 - RMBS,3.A,asset_backed_security,"18,160","18,000","18,333","18,100",5,candidate-first-four-column-map,candidate column assignment only; unresolved variance remains versus statutory bond base,inspect held long-token and short-token rows; use page-column geometry or tabula-style extraction for final reconciliation
CFKKRGACEDCR-1048,CFKKRGACEDP-1048,Schedule D Part 1 Section 2 asset-backed securities owned,243,69382C-BE-5,PMTLT 2025-INV3 A29 - RMBS,1.A,asset_backed_security,"24,037","24,026","24,369","24,030",5,candidate-first-four-column-map,candidate column assignment only; unresolved variance remains versus statutory bond base,inspect held long-token and short-token rows; use page-column geometry or tabula-style extraction for final reconciliation
CFKKRGACEDCR-1049,CFKKRGACEDP-1049,Schedule D Part 1 Section 2 asset-backed securities owned,243,69382F-AF-6,PRKCM 25HOM1 M1 - RMBS,1.A,asset_backed_security,"31,000","31,000","31,414","30,970",6,candidate-first-four-column-map,candidate column assignment only; unresolved variance remains versus statutory bond base,inspect held long-token and short-token rows; use page-column geometry or tabula-style extraction for final reconciliation
CFKKRGACEDCR-1050,CFKKRGACEDP-1050,Schedule D Part 1 Section 2 asset-backed securities owned,243,749431-BV-3,RCKT 251 B3 - RMBS,1.A,asset_backed_security,"7,934","7,922","8,144","7,929",4,candidate-first-four-column-map,candidate column assignment only; unresolved variance remains versus statutory bond base,inspect held long-token and short-token rows; use page-column geometry or tabula-style extraction for final reconciliation
CFKKRGACEDCR-1051,CFKKRGACEDP-1051,Schedule D Part 1 Section 2 asset-backed securities owned,243,753917-CK-7,RATE 24J2 B3 - RMBS,1.C,asset_backed_security,"5,730","5,868","5,623","5,723",4,candidate-first-four-column-map,candidate column assignment only; unresolved variance remains versus statutory bond base,inspect held long-token and short-token rows; use page-column geometry or tabula-style extraction for final reconciliation
CFKKRGACEDCR-1052,CFKKRGACEDP-1052,Schedule D Part 1 Section 2 asset-backed securities owned,243,75409U-CJ-9,RATE 2024-J3 B3 - RMBS,1.E,asset_backed_security,"5,643","5,885","5,605","5,635",4,candidate-first-four-column-map,candidate column assignment only; unresolved variance remains versus statutory bond base,inspect held long-token and short-token rows; use page-column geometry or tabula-style extraction for final reconciliation
CFKKRGACEDCR-1053,CFKKRGACEDP-1053,Schedule D Part 1 Section 2 asset-backed securities owned,243,79583V-AD-2,GRADE 22INV1 M1 - CMBS,1.A,asset_backed_security,"16,850","20,000","16,807","16,973",4,candidate-first-four-column-map,candidate column assignment only; unresolved variance remains versus statutory bond base,inspect held long-token and short-token rows; use page-column geometry or tabula-style extraction for final reconciliation
CFKKRGACEDCR-1054,CFKKRGACEDP-1054,Schedule D Part 1 Section 2 asset-backed securities owned,243,795924-AD-1,GRADE 2024-INV1 M1 - RMBS,1.A,asset_backed_security,"24,072","24,000","24,317","24,044",5,candidate-first-four-column-map,candidate column assignment only; unresolved variance remains versus statutory bond base,inspect held long-token and short-token rows; use page-column geometry or tabula-style extraction for final reconciliation
CFKKRGACEDCR-1055,CFKKRGACEDP-1055,Schedule D Part 1 Section 2 asset-backed securities owned,243,81743B-CF-2,SEMT 2024-4 B3 - RMBS,1.G,asset_backed_security,"11,772","11,702","12,143","11,739",4,candidate-first-four-column-map,candidate column assignment only; unresolved variance remains versus statutory bond base,inspect held long-token and short-token rows; use page-column geometry or tabula-style extraction for final reconciliation
CFKKRGACEDCR-1056,CFKKRGACEDP-1056,Schedule D Part 1 Section 2 asset-backed securities owned,243,81749N-CK-9,SEMT 2024-8 B3 - RMBS,1.E,asset_backed_security,"13,078","12,780","13,368","13,047",4,candidate-first-four-column-map,candidate column assignment only; unresolved variance remains versus statutory bond base,inspect held long-token and short-token rows; use page-column geometry or tabula-style extraction for final reconciliation
CFKKRGACEDCR-1057,CFKKRGACEDP-1057,Schedule D Part 1 Section 2 asset-backed securities owned,243,86360N-AK-8,SARM 2006-5 2A2 - CMO/RMBS,1.A,asset_backed_security,"2,025,099","3,218,907","1,577,787","1,577,787",9,candidate-first-four-column-map,candidate column assignment only; unresolved variance remains versus statutory bond base,inspect held long-token and short-token rows; use page-column geometry or tabula-style extraction for final reconciliation
CFKKRGACEDCR-1058,CFKKRGACEDP-1058,Schedule D Part 1 Section 2 asset-backed securities owned,243,86364D-AA-8,SARM 2007-7 1A1 - RMBS,1.A,asset_backed_security,"1,157,609","1,338,513","1,353,899","1,238,379",7,candidate-first-four-column-map,candidate column assignment only; unresolved variance remains versus statutory bond base,inspect held long-token and short-token rows; use page-column geometry or tabula-style extraction for final reconciliation
CFKKRGACEDCR-1059,CFKKRGACEDP-1059,Schedule D Part 1 Section 2 asset-backed securities owned,243,92540V-AF-2,VERUS 2025-2 M1 - RMBS,1.D,asset_backed_security,"1,739,239","1,777,000","1,796,541","1,745,709",8,candidate-first-four-column-map,candidate column assignment only; unresolved variance remains versus statutory bond base,inspect held long-token and short-token rows; use page-column geometry or tabula-style extraction for final reconciliation
CFKKRGACEDCR-1060,CFKKRGACEDP-1060,Schedule D Part 1 Section 2 asset-backed securities owned,243,92841W-AD-1,VSTA 2024-CES3 M1 - RMBS,1.A,asset_backed_security,"11,070","11,000","11,151","11,108",14,long-token-merged-row-review-hold,candidate column assignment only; unresolved variance remains versus statutory bond base,inspect held long-token and short-token rows; use page-column geometry or tabula-style extraction for final reconciliation
CFKKRGACEDCR-1061,CFKKRGACEDP-1061,Schedule D Part 1 Section 2 asset-backed securities owned,243,05549R-AE-7,BBCMS 2018-CBM C - CMBS,1.A,asset_backed_security,"11,604,106","11,635,000","10,908,892","11,635,000",8,candidate-first-four-column-map,candidate column assignment only; unresolved variance remains versus statutory bond base,inspect held long-token and short-token rows; use page-column geometry or tabula-style extraction for final reconciliation
CFKKRGACEDCR-1062,CFKKRGACEDP-1062,Schedule D Part 1 Section 2 asset-backed securities owned,243,74970W-AC-4,ROCC 2024-CNTR B - CMBS,1.A,asset_backed_security,"200,000","200,000","206,894","200,000",14,long-token-merged-row-review-hold,candidate column assignment only; unresolved variance remains versus statutory bond base,inspect held long-token and short-token rows; use page-column geometry or tabula-style extraction for final reconciliation
CFKKRGACEDCR-1063,CFKKRGACEDP-1063,Schedule D Part 1 Section 2 asset-backed securities owned,243,00119F-AS-3,AGL 21R CR - CDO,1.E,asset_backed_security,"3,250,000","3,250,000","3,269,674","3,250,000",7,candidate-first-four-column-map,candidate column assignment only; unresolved variance remains versus statutory bond base,inspect held long-token and short-token rows; use page-column geometry or tabula-style extraction for final reconciliation
CFKKRGACEDCR-1064,CFKKRGACEDP-1064,Schedule D Part 1 Section 2 asset-backed securities owned,243,758971-AJ-4,REG29 XXIX C - CDO,1.F,asset_backed_security,"2,500,000","2,500,000","2,515,131","2,500,000",100,long-token-merged-row-review-hold,candidate column assignment only; unresolved variance remains versus statutory bond base,inspect held long-token and short-token rows; use page-column geometry or tabula-style extraction for final reconciliation
CFKKRGACEDCR-1065,CFKKRGACEDP-1065,Schedule D Part 1 Section 2 asset-backed securities owned,244,63943F-AC-8,NAVRL 25A C - ABS,1.F,asset_backed_security,"965,855","966,000","988,945","967,252",8,candidate-first-four-column-map,candidate column assignment only; unresolved variance remains versus statutory bond base,inspect held long-token and short-token rows; use page-column geometry or tabula-style extraction for final reconciliation
CFKKRGACEDCR-1066,CFKKRGACEDP-1066,Schedule D Part 1 Section 2 asset-backed securities owned,244,64033X-AC-8,NSLT 2025-A D - ABS,2.C,asset_backed_security,"720,981","721,000","724,310","721,992",8,candidate-first-four-column-map,candidate column assignment only; unresolved variance remains versus statutory bond base,inspect held long-token and short-token rows; use page-column geometry or tabula-style extraction for final reconciliation
CFKKRGACEDCR-1067,CFKKRGACEDP-1067,Schedule D Part 1 Section 2 asset-backed securities owned,244,28000X-AA-6,EDGE 221 A2 - ABS,2.B,asset_backed_security,"178,735","187,833","181,709","180,554",7,candidate-first-four-column-map,candidate column assignment only; unresolved variance remains versus statutory bond base,inspect held long-token and short-token rows; use page-column geometry or tabula-style extraction for final reconciliation
CFKKRGACEDCR-1068,CFKKRGACEDP-1068,Schedule D Part 1 Section 2 asset-backed securities owned,245,78166A-AA-1,RUPH 2024-1 DTC Class A - ABS,1.F,asset_backed_security,"5,601,559","5,601,559","5,601,559","5,601,559",7,candidate-first-four-column-map,candidate column assignment only; unresolved variance remains versus statutory bond base,inspect held long-token and short-token rows; use page-column geometry or tabula-style extraction for final reconciliation
CFKKRGACEDCR-1069,CFKKRGACEDP-1069,Schedule D Part 1 Section 2 asset-backed securities owned,245,78166A-AB-9,RUPH 2024-1 DTC Class B - ABS,2.B,asset_backed_security,"361,489","361,489","361,489","361,489",6,candidate-first-four-column-map,candidate column assignment only; unresolved variance remains versus statutory bond base,inspect held long-token and short-token rows; use page-column geometry or tabula-style extraction for final reconciliation
CFKKRGACEDCR-1070,CFKKRGACEDP-1070,Schedule D Part 1 Section 2 asset-backed securities owned,245,78166A-AC-7,RUPH 2024-1 DTC Class C - ABS,3.B,asset_backed_security,"243,972","243,972","243,972","243,972",24,long-token-merged-row-review-hold,candidate column assignment only; unresolved variance remains versus statutory bond base,inspect held long-token and short-token rows; use page-column geometry or tabula-style extraction for final reconciliation
CFKKRGACEDCR-1071,CFKKRGACEDP-1071,Schedule D Part 1 Section 2 asset-backed securities owned,245,40446A-AA-3,HTAP 251 A - RMBS,1.A,asset_backed_security,"161,343","164,528","164,741","161,622",15,long-token-merged-row-review-hold,candidate column assignment only; unresolved variance remains versus statutory bond base,inspect held long-token and short-token rows; use page-column geometry or tabula-style extraction for final reconciliation
CFKKRGACEDCR-1072,CFKKRGACEDP-1072,Schedule D Part 1 Section 2 asset-backed securities owned,245,86744Y-AA-3,SNVA 241 A - ABS,1.G,asset_backed_security,"317,573","345,657","326,751","317,445",7,candidate-first-four-column-map,candidate column assignment only; unresolved variance remains versus statutory bond base,inspect held long-token and short-token rows; use page-column geometry or tabula-style extraction for final reconciliation
CFKKRGACEDCR-1073,CFKKRGACEDP-1073,Schedule D Part 1 Section 2 asset-backed securities owned,245,86744Y-AB-1,SNVA 241 B - ABS,2.B,asset_backed_security,"372,439","423,677","388,624","372,602",7,candidate-first-four-column-map,candidate column assignment only; unresolved variance remains versus statutory bond base,inspect held long-token and short-token rows; use page-column geometry or tabula-style extraction for final reconciliation
CFKKRGACEDCR-1074,CFKKRGACEDP-1074,Schedule D Part 1 Section 2 asset-backed securities owned,245,86745N-AA-6,SNVA 2020-1 A - ABS,1.D,asset_backed_security,"69,899","81,575","73,485","71,333",7,candidate-first-four-column-map,candidate column assignment only; unresolved variance remains versus statutory bond base,inspect held long-token and short-token rows; use page-column geometry or tabula-style extraction for final reconciliation
CFKKRGACEDCR-1075,CFKKRGACEDP-1075,Schedule D Part 1 Section 2 asset-backed securities owned,245,86745Q-AA-9,SNVA 2021-1 A - ABS,1.D,asset_backed_security,"37,356","45,643","39,049","38,027",5,candidate-first-four-column-map,candidate column assignment only; unresolved variance remains versus statutory bond base,inspect held long-token and short-token rows; use page-column geometry or tabula-style extraction for final reconciliation
CFKKRGACEDCR-1076,CFKKRGACEDP-1076,Schedule D Part 1 Section 2 asset-backed securities owned,245,86745X-AA-4,SNVA 231 A - ABS,1.G,asset_backed_security,"50,483","52,450","51,262","52,450",7,candidate-first-four-column-map,candidate column assignment only; unresolved variance remains versus statutory bond base,inspect held long-token and short-token rows; use page-column geometry or tabula-style extraction for final reconciliation
CFKKRGACEDCR-1077,CFKKRGACEDP-1077,Schedule D Part 1 Section 2 asset-backed securities owned,245,86746C-AA-9,SNVA 2020-A A - ABS,1.G,asset_backed_security,"150,512","174,128","155,043","151,683",6,candidate-first-four-column-map,candidate column assignment only; unresolved variance remains versus statutory bond base,inspect held long-token and short-token rows; use page-column geometry or tabula-style extraction for final reconciliation
CFKKRGACEDCR-1078,CFKKRGACEDP-1078,Schedule D Part 1 Section 2 asset-backed securities owned,245,86746E-AA-5,SNVA 2021-A A - ABS,1.G,asset_backed_security,"654,437","836,968","662,469","660,411",7,candidate-first-four-column-map,candidate column assignment only; unresolved variance remains versus statutory bond base,inspect held long-token and short-token rows; use page-column geometry or tabula-style extraction for final reconciliation
CFKKRGACEDCR-1079,CFKKRGACEDP-1079,Schedule D Part 1 Section 2 asset-backed securities owned,245,86774A-AA-8,Sunrun Cassius 2025-2 - ABS,1.E,asset_backed_security,"11,370,456","11,458,110","11,639,149","11,342,416",16,long-token-merged-row-review-hold,candidate column assignment only; unresolved variance remains versus statutory bond base,inspect held long-token and short-token rows; use page-column geometry or tabula-style extraction for final reconciliation
CFKKRGACEDCR-1080,CFKKRGACEDP-1080,Schedule D Part 1 Section 2 asset-backed securities owned,245,047698-AB-1,AAH LLC - Class B - ABS,3.B,asset_backed_security,"15,547,224","15,547,223","13,337,963","15,547,217",6,candidate-first-four-column-map,candidate column assignment only; unresolved variance remains versus statutory bond base,inspect held long-token and short-token rows; use page-column geometry or tabula-style extraction for final reconciliation
CFKKRGACEDCR-1081,CFKKRGACEDP-1081,Schedule D Part 1 Section 2 asset-backed securities owned,245,047698-AC-9,AAH LLC - Class C - ABS,4.B,asset_backed_security,"12,919,523","12,919,523","11,163,760","12,919,523",7,candidate-first-four-column-map,candidate column assignment only; unresolved variance remains versus statutory bond base,inspect held long-token and short-token rows; use page-column geometry or tabula-style extraction for final reconciliation
CFKKRGACEDCR-1082,CFKKRGACEDP-1082,Schedule D Part 1 Section 2 asset-backed securities owned,245,047698-AD-7,AAH LLC - Class A - ABS,1.G,asset_backed_security,"94,438,995","94,438,995","87,422,178","94,438,995",62,long-token-merged-row-review-hold,candidate column assignment only; unresolved variance remains versus statutory bond base,inspect held long-token and short-token rows; use page-column geometry or tabula-style extraction for final reconciliation
CFKKRGACEDCR-1083,CFKKRGACEDP-1083,Schedule D Part 1 Section 2 asset-backed securities owned,246,456949-AB-2,ILDAH LLC - Class B - ABS,3.B,asset_backed_security,"24,915,792","24,915,792","23,829,463","24,915,792",7,candidate-first-four-column-map,candidate column assignment only; unresolved variance remains versus statutory bond base,inspect held long-token and short-token rows; use page-column geometry or tabula-style extraction for final reconciliation
CFKKRGACEDCR-1084,CFKKRGACEDP-1084,Schedule D Part 1 Section 2 asset-backed securities owned,246,456949-AC-0,ILDAH LLC - Class C - ABS,4.B,asset_backed_security,"5,535,497","5,535,497","5,290,828","5,535,497",7,candidate-first-four-column-map,candidate column assignment only; unresolved variance remains versus statutory bond base,inspect held long-token and short-token rows; use page-column geometry or tabula-style extraction for final reconciliation
CFKKRGACEDCR-1085,CFKKRGACEDP-1085,Schedule D Part 1 Section 2 asset-backed securities owned,246,456949-AD-8,ILDAH LLC - Class A - ABS,1.F,asset_backed_security,"87,333,369","87,333,369","87,333,369","87,333,391",37,long-token-merged-row-review-hold,candidate column assignment only; unresolved variance remains versus statutory bond base,inspect held long-token and short-token rows; use page-column geometry or tabula-style extraction for final reconciliation
CFKKRGACEDCR-1086,CFKKRGACEDP-1086,Schedule D Part 1 Section 2 asset-backed securities owned,246,552339-AA-1,LYRA 242 A2 - ABS,1.F,asset_backed_security,"180,603","184,967","187,357","180,714",75,long-token-merged-row-review-hold,candidate column assignment only; unresolved variance remains versus statutory bond base,inspect held long-token and short-token rows; use page-column geometry or tabula-style extraction for final reconciliation
