source_id,company,ticker,period,document_type,claim_ids,priority,source_url,local_path,key_metrics,extraction_status,notes
apollo-2026q2-earnings-release,Apollo,APO,Q2 2026,earnings release,CF-004;CF-005,1,https://ir.apollo.com/_assets/_a556f37ed6c1e02d1a506a47b0d64e41/apollo/db/2247/22879/full_earnings_release/AGM+Earnings+Release+2Q%272026.pdf,raw/primary-sources/capital-flow/apollo/q2-2026/apollo-q2-2026-earnings-release.pdf,AUM; FRE; SRE; inflows; originations; retirement services,queued,Official Apollo IR PDF linked from Q2 2026 financial-results archive.
apollo-2026q2-transcript,Apollo,APO,Q2 2026,earnings transcript,CF-004;CF-005,1,https://ir.apollo.com/_assets/_a556f37ed6c1e02d1a506a47b0d64e41/apollo/db/2247/22879/webcast_transcript/APO+2Q26+Transcript.pdf,raw/primary-sources/capital-flow/apollo/q2-2026/apollo-q2-2026-earnings-transcript.pdf,management explanation; demand; credit quality; spread commentary,queued,Official Apollo IR transcript linked from Q2 2026 financial-results archive.
apollo-2026q2-financial-supplement,Apollo,APO,Q2 2026,financial supplement,CF-004;CF-005;CF-015,1,https://ir.apollo.com/_assets/_a556f37ed6c1e02d1a506a47b0d64e41/apollo/db/2247/22879/financial_supplement/Q2%2726+Financial+Supplement.xlsx,raw/primary-sources/capital-flow/apollo/q2-2026/apollo-q2-2026-financial-supplement.xlsx,AUM; FGAUM; inflows; originations; segment metrics; Athene detail,extracted,"Best tabular source for Q2 2026 Apollo/Athene extraction; 10 normalized rows created for retirement-services inflows, invested assets, alternative investments, SRE, FRE, and credit management fees."
apollo-2026q2-10q,Apollo,APO,Q2 2026,10-Q,CF-004;CF-005;CF-015,1,https://ir.apollo.com/sec-filings/content/0001858681-26-000040/0001858681-26-000040.pdf,raw/primary-sources/capital-flow/apollo/q2-2026/apollo-2026-q2-10q.pdf,GAAP statements; segment disclosures; risks; credit and retirement details,queued,Official Apollo IR-hosted 10-Q PDF.
apollo-2025fy-10k,Apollo,APO,FY2025,10-K,CF-004;CF-005;CF-015,1,https://ir.apollo.com/sec-filings/content/0001858681-26-000013/0001858681-26-000013.pdf,raw/primary-sources/capital-flow/apollo/fy-2025/apollo-2025-10k.pdf,originations; inflows; AUM; SRE; risk factors; Athene,queued,Official Apollo IR-hosted 10-K PDF.
apollo-2025fy-sec-8k-exhibit,Apollo,APO,FY2025,SEC 8-K exhibit,CF-004;CF-005,1,https://www.sec.gov/Archives/edgar/data/1858681/000185868126000007/erex9914q2025.htm,raw/primary-sources/capital-flow/apollo/fy-2025/apollo-fy-2025-8k-exhibit-99-1.html,originations; inflows; AUM; SRE,queued,SEC HTML exhibit used in verification pass 1.
ares-2026q2-earnings-presentation,Ares,ARES,Q2 2026,earnings presentation,CF-005;CF-015;CF-016,1,https://ir.ares.com/media/document/222f2520-e378-4363-ab8f-b7dfe8995e3c/assets/Q2-26_Earnings_Presentation_Website_Updated.pdf?disposition=inline,raw/primary-sources/capital-flow/ares/q2-2026/ares-q2-2026-earnings-presentation.pdf,AUM; FPAUM; available capital; fundraising; net inflows; deployment; FRE; realized income,fetched-not-yet-parsed,Official Ares IR Q2 2026 presentation fetched locally; current extraction uses the 10-Q plus official web-rendered releases.
ares-2026q2-10q,Ares,ARES,Q2 2026,10-Q,CF-005;CF-015;CF-016,1,https://ir.ares.com/media/document/580ab3f3-3635-4fe9-b1e0-3c7b95adc2ae/assets/ARES_2Q2026_10-Q.pdf?disposition=inline,raw/primary-sources/capital-flow/ares/q2-2026/ares-2026-q2-10q.pdf,GAAP statements; AUM definitions; segment disclosures; credit risks,extracted,Official Ares IR 10-Q PDF used for AUM FPAUM deployment FRE and future-deployment rows.
ares-2026q2-results-release,Ares,ARES,Q2 2026,earnings press release,CF-005;CF-015;CF-016,1,https://ir.ares.com/news/ares-management-corporation-reports-second-quarter-2026-results/ad134858-5eeb-4533-aa55-0ad63d6d1217,raw/primary-sources/capital-flow/ares/q2-2026/ares-q2-2026-results-press-release.html,FRE; realized income; inflows; dry powder; total AUM,official-web-extracted-local-app-shell-not-evidence,Direct curl returned an app shell; metrics were extracted from the official web-rendered release and recorded in Ares extraction table.
ares-2026q2-us-direct-lending-origination,Ares,ARES,Q2 2026,direct lending origination release,CF-003;CF-005,1,https://ir.ares.com/news/ares-management-announces-second-quarter-2026-us-direct-lending-origination-activity/3a0619d9-6b06-4091-84af-556ab80b0f8d,raw/primary-sources/capital-flow/ares/q2-2026/ares-q2-2026-us-direct-lending-origination-activity.html,U.S. direct lending commitments; transaction count; selected borrowers; sectors,official-web-extracted-local-app-shell-not-evidence,Direct curl returned an app shell; metrics were extracted from the official web-rendered release and recorded in Ares extraction table.
ares-financials-archive,Ares,ARES,current,IR archive,CF-005;CF-015;CF-016,2,https://ir.ares.com/en/financials,raw/primary-sources/capital-flow/ares/ir-archive/ares-financials-archive.html,filing dates; latest 10-Q; latest 10-K; presentation links,queued,Archive page for source discovery and refresh.
apollo-financial-results-archive,Apollo,APO,current,IR archive,CF-004;CF-005;CF-015,2,https://ir.apollo.com/financial-results,raw/primary-sources/capital-flow/apollo/ir-archive/apollo-financial-results-archive.html,filing dates; latest 10-Q; latest 10-K; supplement links,queued,Archive page for source discovery and refresh.
fred-busloans,Market denominator,BUSLOANS,current,FRED CSV,CF-005,1,https://fred.stlouisfed.org/graph/fredgraph.csv?id=BUSLOANS,raw/primary-sources/capital-flow/market-denominators/fred/busloans.csv,commercial and industrial loans at all commercial banks,queued,Federal Reserve H.8 series via FRED; stock denominator for private-credit displacement claim.
fred-totll,Market denominator,TOTLL,current,FRED CSV,CF-005,2,https://fred.stlouisfed.org/graph/fredgraph.csv?id=TOTLL,raw/primary-sources/capital-flow/market-denominators/fred/totll.csv,loans and leases in bank credit at all commercial banks,queued,Federal Reserve H.8 series via FRED; broad bank-loan stock denominator.
fred-totbkcr,Market denominator,TOTBKCR,current,FRED CSV,CF-005,2,https://fred.stlouisfed.org/graph/fredgraph.csv?id=TOTBKCR,raw/primary-sources/capital-flow/market-denominators/fred/totbkcr.csv,bank credit at all commercial banks,queued,Federal Reserve H.8 series via FRED; broad bank-credit stock denominator.
fred-creacbm,Market denominator,CREACBM027NBOG,current,FRED CSV,CF-005;CF-006,2,https://fred.stlouisfed.org/graph/fredgraph.csv?id=CREACBM027NBOG,raw/primary-sources/capital-flow/market-denominators/fred/creacbm027nbog.csv,commercial real estate loans at all commercial banks,queued,Federal Reserve H.8 series via FRED; denominator for real-estate credit and infrastructure adjacency.
arcc-2026q2-sec-10q,Ares Capital,ARCC,Q2 2026,10-Q,CF-005,1,https://www.sec.gov/Archives/edgar/data/1287750/000162828026050307/arcc-20260630.htm,raw/primary-sources/capital-flow/ares-capital/q2-2026/arcc-2026-q2-10q.html,portfolio investments; borrower count; investment activity; non-accruals; yields,queued,SEC HTML 10-Q for borrower-level BDC evidence.
arcc-2026q2-sec-8k-exhibit,Ares Capital,ARCC,Q2 2026,SEC 8-K exhibit,CF-005,1,https://www.sec.gov/Archives/edgar/data/1287750/000162828026050303/arccq2-2026exhibit991.htm,raw/primary-sources/capital-flow/ares-capital/q2-2026/arcc-q2-2026-8k-exhibit-99-1.html,new commitments; funded investments; sponsor count; non-accruals; liquidity,queued,SEC earnings exhibit with concise operating results for ARCC.
obdc-2026q2-sec-8k-exhibit,Blue Owl Capital Corporation,OBDC,Q2 2026,SEC 8-K exhibit,CF-005,1,https://www.sec.gov/Archives/edgar/data/1655888/000165588826000055/exhibit991-obdcxpressrelea.htm,raw/primary-sources/capital-flow/blue-owl-capital-corporation/q2-2026/obdc-q2-2026-8k-exhibit-99-1.html,portfolio companies; senior secured debt share; floating-rate share; yield; non-accruals,queued,SEC earnings exhibit for cross-BDC borrower panel.
bxsl-2026q2-sec-8k-exhibit,Blackstone Secured Lending Fund,BXSL,Q2 2026,SEC 8-K exhibit,CF-005,1,https://www.sec.gov/Archives/edgar/data/1736035/000121390026085889/ea0300654-01_ex991.htm,raw/primary-sources/capital-flow/blackstone-secured-lending-fund/q2-2026/bxsl-q2-2026-8k-exhibit-99-1.html,portfolio fair value; floating-rate share; debt share; dividend; NAV; non-accruals if available,queued,SEC earnings exhibit/presentation for cross-BDC borrower panel.
obdc-2026q2-sec-10q,Blue Owl Capital Corporation,OBDC,Q2 2026,10-Q,CF-005,1,https://www.sec.gov/Archives/edgar/data/1655888/000165588826000056/obdc-20260630.htm,raw/primary-sources/capital-flow/blue-owl-capital-corporation/q2-2026/obdc-2026-q2-10q.html,schedule of investments; official industry subtotals; total investment fair value,extracted,SEC HTML 10-Q for exact OBDC industry-lane extraction.
auctane-2021-stamps-com-sec-exhibit,Auctane / Stamps.com,private,2021 transaction,SEC exhibit,CF-005,1,https://www.sec.gov/Archives/edgar/data/1082923/000114036121023931/brhc10026739_ex99-1.htm,raw/primary-sources/capital-flow/borrower-transactions/auctane-stamps-com/stamps-com-2021-acquisition-exhibit-99-1.html,Stamps.com acquisition context,fetched-not-core-financing-source,SEC exhibit downloaded for acquisition context; local marker check did not find the private-credit debt-financing language used in the borrower claim.
auctane-2021-paul-hastings-unitranche,Auctane / Stamps.com,private,2021 transaction,law-firm transaction note,CF-005,1,https://www.paulhastings.com/accolades/paul-hastings-advised-on-a-deal-of-the-decade-by-private-debt-investor,raw/primary-sources/capital-flow/borrower-transactions/auctane-stamps-com/paul-hastings-stamps-com-unitranche.html,lender group; unitranche amount; private debt deal context,extracted,Counsel source for Blackstone/Ares/PSP financing and 2.775B USD unitranche.
guidehouse-2023-company-bain-close,Guidehouse,private,2023 transaction,company transaction announcement,CF-005,1,https://guidehouse.com/news/corporate-news/2023/guidehouse-completes-transaction-with-bain-capital,raw/primary-sources/capital-flow/borrower-transactions/guidehouse/guidehouse-bain-close.html,transaction value; sponsor; prior owner; business description,extracted,Company source for Bain acquisition of Guidehouse from Veritas.
guidehouse-2023-bloomberg-private-loan,Guidehouse,private,2023 transaction,news report,CF-005,1,https://news.bloomberglaw.com/mergers-and-acquisitions/blackstone-sweetens-3-billion-private-loan-to-fend-off-banks,raw/primary-sources/capital-flow/borrower-transactions/guidehouse/bloomberg-law-guidehouse-private-loan.html,private lenders; bank competition; facility size reference,extracted,Bloomberg Law source for Blackstone-led lenders holding off banks in Guidehouse buyout financing.
medallia-2021-thoma-bravo-acquisition,Medallia,private,2021 transaction,sponsor transaction announcement,CF-005,1,https://www.thomabravo.com/press-releases/medallia-to-be-acquired-by-thoma-bravo-for-6.4-billion,raw/primary-sources/capital-flow/borrower-transactions/medallia/thoma-bravo-medallia-acquisition.html,transaction value; lender group; software take-private,extracted,Sponsor source for Medallia acquisition financing lender group.
medallia-2026-lender-ownership-transition,Medallia,private,2026 recapitalization,company recapitalization announcement,CF-005,1,https://www.medallia.com/press-release/medallia-announces-milestone-agreement-with-group-led-by-blackstone/,raw/primary-sources/capital-flow/borrower-transactions/medallia/medallia-2026-lender-led-ownership-transition.html,ownership transition; debt reduction; new capital,extracted,Company source for lender-led ownership transition and 150M USD new capital.
stamps-2021-preliminary-proxy-prem14a,Stamps.com / Auctane,STMP,2021 transaction,preliminary proxy statement,CF-005,1,https://www.sec.gov/Archives/edgar/data/1082923/000114036121028886/ny20000063x1_prem14a.htm,raw/primary-sources/capital-flow/borrower-transactions/auctane-stamps-com/stamps-com-2021-preliminary-proxy-prem14a.html,debt financing; credit-facility termination; prior bank credit agreement; use of proceeds,extracted,"Primary SEC proxy supports debt-financing proceeds used to terminate Stamps.com credit facility with Wells Fargo, BofA Securities, and JPMorgan named in the credit agreement."
medallia-2021-preliminary-proxy-prem14a,Medallia,MDLA,2021 transaction,preliminary proxy statement,CF-005,1,https://www.sec.gov/Archives/edgar/data/1540184/000114036121030396/ny20000194x1_prem14a.htm,raw/primary-sources/capital-flow/borrower-transactions/medallia/medallia-2021-preliminary-proxy-prem14a.html,equity commitment; debt financing; repayment of existing credit agreement; Wells Fargo administrative agent,extracted,"Primary SEC proxy supports committed equity and debt financing plus repayment of Medallia existing Wells Fargo-administered credit agreement; it does not name Blackstone, Apollo, KKR, or Antares as debt financing sources."
bxsl-2026q2-10q,Blackstone Secured Lending Fund,BXSL,Q2 2026,10-Q,CF-004;CF-005,1,https://www.sec.gov/Archives/edgar/data/1736035/000173603526000016/bxsl-20260630.htm,raw/primary-sources/capital-flow/blackstone-secured-lending-fund/q2-2026/bxsl-2026-q2-10q.html,industry percentages; investment fair value; schedule of investments; loan seniority; non-accruals,extracted,Primary SEC 10-Q used for BXSL official industry percentage extraction and cross-BDC lane comparison.
stamps-2021-closing-8k-credit-termination,Stamps.com / Auctane,STMP,2021 transaction,closing 8-K,CF-005,1,https://www.sec.gov/Archives/edgar/data/1082923/000114036121033695/ny20000915x1_8k.htm,raw/primary-sources/capital-flow/borrower-transactions/auctane-stamps-com/stamps-com-2021-closing-8k-credit-termination.html,credit agreement termination; prior bank lenders; outstanding obligations; security interests,extracted,"Primary SEC closing 8-K confirms Stamps.com terminated the prior bank-led credit agreement at closing, including Wells Fargo, JPMorgan Chase Bank, and Bank of America as named parties."
medallia-2021-acquisition-8k-debt-commitment,Medallia,MDLA,2021 transaction,acquisition 8-K,CF-005,1,https://www.sec.gov/Archives/edgar/data/1540184/000119312521225759/d148042d8k.htm,raw/primary-sources/capital-flow/borrower-transactions/medallia/medallia-2021-acquisition-8k-debt-commitment.html,debt commitment amount; equity contribution amount; merger financing,extracted,Primary SEC 8-K states lenders committed approximately 1.8B USD of debt financing and Thoma Bravo-affiliated fund committed up to approximately 5B USD of equity contribution.
guidehouse-2023-yahoo-private-loan,Guidehouse,private,2023 transaction,news mirror,CF-005,2,https://finance.yahoo.com/news/guidehouse-port-private-loan-5-060000027.html,raw/primary-sources/capital-flow/borrower-transactions/guidehouse/yahoo-guidehouse-port-private-loan.html,Blackstone commitment; pricing; loan-market terms,blocked-rate-limited,Download returned only an Edge Too Many Requests message; not used as evidence until a usable source copy is obtained.
kkr-2026q2-earnings-release,KKR / Global Atlantic,KKR,Q2 2026,earnings release,CF-001;CF-004;CF-005,1,https://ir.kkr.com/media/document/15a25fa9-8226-4da1-9ff3-027b9803d436/assets/KKR_Q226_Earnings_Release.pdf?disposition=inline,raw/primary-sources/capital-flow/kkr/q2-2026/kkr-q2-2026-earnings-release.pdf,AUM; FPAUM; capital raised; capital invested; Global Atlantic AUM; Global Atlantic credit AUM; insurance operating earnings,extracted,Official KKR Q2 2026 IR PDF; 11 normalized rows created for platform scale and Global Atlantic insurance/credit channel metrics.
kkr-2026q2-10q,KKR / Global Atlantic,KKR,Q2 2026,10-Q,CF-001;CF-004;CF-005,1,https://ir.kkr.com/media/document/9c560b72-6b1b-4aff-affa-01c36a7f1661/assets/KKR_10Q_6.30.26.pdf?disposition=inline,raw/primary-sources/capital-flow/kkr/q2-2026/kkr-2026-q2-10q.pdf,GAAP insurance statements; risks; segment data; policy liabilities; investments,downloaded-not-extracted,Official KKR Q2 2026 10-Q downloaded for deeper insurance balance-sheet and risk extraction.
brookfield-2026q2-supplemental,Brookfield Wealth Solutions,BN,Q2 2026,supplemental information,CF-001;CF-004,1,https://bn.brookfield.com/sites/brookfield-bn-v2/files/Brookfield-BN-IR-V2/2026/Q2/2026-Q2-BN-Supplemental.pdf,raw/primary-sources/capital-flow/brookfield/q2-2026/brookfield-q2-2026-supplemental.pdf,total insurance assets; invested insurance assets; gross and net inflows; gross spread; private credit allocation; public credit allocation; DE,extracted,"Official Brookfield Q2 2026 supplemental PDF; 14 normalized Wealth Solutions rows created for insurance assets, inflows, spread, and portfolio allocation."
brookfield-2026q2-shareholder-letter,Brookfield Corporation,BN,Q2 2026,shareholder letter,CF-001;CF-004,1,https://bn.brookfield.com/sites/brookfield-bn-v2/files/Brookfield-BN-IR-V2/2026/Q2/Q2-26-Brookfield-Letter-to-Shareholders.pdf,raw/primary-sources/capital-flow/brookfield/q2-2026/brookfield-q2-2026-letter-to-shareholders.pdf,capital raised; capital deployed; insurance/investment capabilities; credit platform; Oaktree,extracted,Official Brookfield Q2 2026 shareholder letter; 2 normalized rows created for H1 2026 capital raised and deployed.
blackstone-2026q2-earnings-press-release,Blackstone Credit & Insurance,BX,Q2 2026,earnings press release / presentation,CF-001;CF-004;CF-005;CF-015,1,https://www.blackstone.com/blackstone2q26earningspressrelease/,raw/primary-sources/capital-flow/blackstone/q2-2026/blackstone-q2-2026-earnings-press-release.pdf,Credit & Insurance AUM; fee-earning AUM; inflows; direct lending; insurance SMAs; deployment; returns; FRE; segment distributable earnings,extracted-from-official-web-rendered-pdf-local-download-blocked,"Direct curl returned a Cloudflare challenge page, so local file is not used as evidence. Metrics were extracted from official web-rendered PDF text and source line references are recorded in the Blackstone extraction table."
blackstone-2026q2-supplemental-financial-data,Blackstone,BX,Q2 2026,supplemental financial data,CF-001;CF-004;CF-005;CF-015,1,https://www.blackstone.com/blackstone2q26supplementalfinancialdata-2/,raw/primary-sources/capital-flow/blackstone/q2-2026/blackstone-q2-2026-supplemental-financial-data.pdf,segment financials; AUM; fee-earning AUM; inflows; capital deployed; realizations,download-blocked-cloudflare-not-used,Direct curl returned a Cloudflare challenge page. Kept as a blocked source-attempt record; not used as evidence.
apollo-2025fy-10k-sec-html,Apollo / Athene,APO,FY2025,10-K HTML,CF-004;CF-005;CF-015,1,https://www.sec.gov/Archives/edgar/data/1858681/000185868126000013/apo-20251231.htm,raw/primary-sources/capital-flow/apollo/fy-2025/apollo-2025-10k.html,credit strategy AUM; Athene Accounts AUM; invested assets; floating-rate exposure; capital available to deploy; ACRA; reinsurance; surrender terms,extracted,SEC HTML 10-K fetched with declared user agent and used for the 24-row Apollo/Athene FY2025 asset-quality extraction.
kkr-2026q2-10q-sec-html,KKR / Global Atlantic,KKR,Q2 2026,10-Q HTML,CF-001;CF-004;CF-005,1,https://www.sec.gov/Archives/edgar/data/1404912/000140491226000027/kkr-20260630.htm,raw/primary-sources/capital-flow/kkr/q2-2026/kkr-2026-q2-10q.html,insurance investments; policy liabilities; net investment income; loan receivables; credit loss allowance; unrealized losses; FHLB pledged assets,extracted,SEC submissions API identified accession 0001404912-26-000027 and primary document kkr-20260630.htm; 36 normalized rows created.
bnt-2025fy-20f-sec-html,Brookfield Wealth Solutions,BNT,FY2025,20-F HTML,CF-004;CF-005,1,https://www.sec.gov/Archives/edgar/data/1837429/000183742926000008/bnt-20251231.htm,raw/primary-sources/capital-flow/brookfield-wealth-solutions/fy-2025/bnt-2025-20f.html,total assets; total investments; policyholder liabilities; unfunded investment commitments; AEL acquisition consideration,extracted,SEC HTML 20-F fetched with declared user agent and used for the 19-row Brookfield Wealth Solutions FY2025 annual extraction.
atwell-2026-advent-investment,Ares / Atwell,private,Q2 2026,sponsor transaction release,CF-003;CF-005,1,https://www.adventinternational.com/news/atwell-partners-with-advent-international-to-accelerate-next-phase-of-growth/,raw/primary-sources/capital-flow/ares/q2-2026/follow-through/atwell-advent-2026-investment.html,Atwell professionals; critical infrastructure services; power and digital infrastructure markets; sponsor investment context,extracted,Follow-through evidence for Ares selected borrower Atwell.
antares-2026-atwell-homepage-transaction,Ares / Atwell / Antares,private,Q2 2026,private-credit transaction listing,CF-005,1,https://www.antares.com/,raw/primary-sources/capital-flow/ares/q2-2026/follow-through/antares-homepage-atwell-transaction.html,Atwell first lien facility; Antares joint lead arranger; undisclosed amount,extracted,Co-lender/private-credit stack evidence for Atwell; homepage source may rotate over time but local copy is captured.
precinmac-2024-centerbridge-acquisition,Ares / Precinmac,private,2024 transaction,sponsor transaction release,CF-003;CF-005,1,https://www.precinmac.com/news/precinmacacquired,raw/primary-sources/capital-flow/ares/q2-2026/follow-through/precinmac-centerbridge-2024-acquisition.html,Precinmac facilities; advanced manufacturing end markets; prior investor group; Bain Capital Credit AUM,extracted,Follow-through evidence for Ares selected borrower Precinmac.
aeritek-2026-nrac-acquisition,Ares / AeriTek,private,Q2 2026,sponsor transaction release,CF-003;CF-005,1,https://millpoint.com/aeritek-acquires-continental-refrigerator-and-national-comfort-products-becoming-a-leader-in-u-s-commercial-foodservice-refrigeration/,raw/primary-sources/capital-flow/ares/q2-2026/follow-through/aeritek-nrac-2026-acquisition.html,customer count; acquisition count; foodservice refrigeration and HVAC assets,extracted,Follow-through evidence for Ares selected borrower AeriTek.
valcourt-littlejohn-portfolio,Ares / Valcourt Group,private,current,sponsor portfolio page,CF-003;CF-005,2,https://littlejohnllc.com/investments/valcourt-group/,raw/primary-sources/capital-flow/ares/q2-2026/follow-through/valcourt-littlejohn-portfolio.html,building maintenance services; acquisitions in 15 months,extracted,Follow-through evidence for Ares selected borrower Valcourt Group.
atwell-2024-bank-of-america-credit-facility,Ares / Atwell,private,2024 bank facility,borrower credit facility release,CF-005,1,https://www.businesswire.com/news/home/20240125865095/en/Atwell-enters-into-$200-million-senior-credit-facility-with-lending-group-led-by-Bank-of-America,raw/primary-sources/capital-flow/ares/q2-2026/follow-through/atwell-2024-bank-of-america-credit-facility.html,200M USD senior credit facility; Bank of America; U.S. Bank; TD Bank; Old National Bank; organic and acquisition growth,official-web-extracted-local-download-blocked,Direct download returned access denied; official web-rendered source used to record prior bank facility evidence for Atwell.
atwell-2024-bank-of-america-credit-facility-abf-journal,Ares / Atwell,private,2024 bank facility,trade publication corroboration,CF-005,1,https://www.abfjournal.com/bank-of-america-leads-200mm-credit-facility-for-atwell/,raw/primary-sources/capital-flow/ares/q2-2026/follow-through/atwell-2024-bank-of-america-credit-facility-abf-journal.html,200M USD senior credit facility; Bank of America; U.S. Bank; TD Bank; Old National Bank; organic and acquisition growth,extracted,Locally captured corroborating page for the Atwell prior bank-facility evidence.
atwell-2026-advent-company-announcement,Ares / Atwell,private,Q2 2026,company transaction announcement,CF-003;CF-005,1,https://atwell.com/news-and-insights/atwell-partners-with-advent-international-to-accelerate-next-phase-of-growth/,raw/primary-sources/capital-flow/ares/q2-2026/follow-through/atwell-2026-advent-company-announcement.html,Atwell professionals; critical infrastructure; power and digital infrastructure; Advent investment purpose,extracted,Atwell company page confirms operating-company context and growth/investment language for the Advent transaction.
antares-2026-atwell-private-credit-transaction,Ares / Atwell / Antares,private,Q2 2026,private-credit transaction listing,CF-005,1,https://www.antares.com/our-platform/private-credit/,raw/primary-sources/capital-flow/ares/q2-2026/follow-through/antares-private-credit-atwell-transaction.html,Atwell first-lien facility; Antares joint lead arranger; undisclosed amount; April 2026,extracted,Antares private-credit platform page confirms Advent / Atwell first-lien transaction clue in a more specific local snapshot.
antares-2026-sponsors-borrowers-atwell-transaction,Ares / Atwell / Antares,private,Q2 2026,private-credit transaction criteria page,CF-005,1,https://www.antares.com/partner-with-us/sponsors-borrowers/,raw/primary-sources/capital-flow/ares/q2-2026/follow-through/antares-sponsors-borrowers-atwell-transaction.html,Antares transaction display criteria; agent or arranger requirement; sponsor consent requirement,extracted,Antares page gives criteria for interpreting displayed transactions and includes Atwell transaction marker.
atwell-2026-weil-senior-secured-facility,Ares / Atwell / Advent,private,Q2 2026,law-firm representative transaction,CF-005,2,https://www.weil.com/people/noah-beck,raw/primary-sources/capital-flow/ares/q2-2026/follow-through/atwell-2026-weil-senior-secured-facility.html,senior secured term loan and revolving facility,web-rendered-extracted-local-download-blocked,Direct curl returned Cloudflare challenge page; web-rendered source provides a term-loan and revolving-facility clue but no lender-group or payoff evidence.
atwell-2024-abl-advisor-deal-table,Ares / Atwell,private,2024 bank facility,deal table,CF-005,2,https://www.abladvisor.com/deal-tables/2024/1,raw/primary-sources/capital-flow/ares/q2-2026/follow-through/atwell-2024-abl-advisor-deal-table.html,200.0 MM Atwell Engineering Senior Credit Facility; Bank of America role,route-identified-not-extracted,Search indexing shows a relevant ABL Advisor row but local downloaded HTML did not contain the row; retained as a route to pursue not extracted evidence.
kfits-2026q2-10q-sec-html,KKR FS Income Trust Select,private,Q2 2026,10-Q HTML,CF-005,1,https://www.sec.gov/Archives/edgar/data/1975736/000162828026056136/kfits-20260630.htm,raw/primary-sources/capital-flow/atwell/sec/kfits-2026q2-10q.html,Atwell and Frontline first-lien loan fair value; principal; unfunded commitment; SOFR spread; maturity; total investments fair value,extracted,SEC HTML 10-Q used for Atwell and Frontline lender-side holding extraction.
fsk-2026q2-10q-sec-html,FS KKR Capital Corp.,FSK,Q2 2026,10-Q HTML,CF-005,1,https://www.sec.gov/Archives/edgar/data/1422183/000162828026053783/fsk-20260630.htm,raw/primary-sources/capital-flow/atwell/sec/fsk-2026q2-10q.html,Atwell and Frontline first-lien loan fair value; principal; unfunded commitment; SOFR spread; maturity; total investments fair value,extracted,SEC HTML 10-Q used for Atwell and Frontline holder-side extraction.
sdlp-2024-annual-report-ex99-1,Senior Direct Lending Program LLC,private,FY2024,SEC exhibit / annual report schedule,CF-005,1,https://www.sec.gov/Archives/edgar/data/1784700/000095017025043295/ck0001784700-ex99_1.htm,raw/primary-sources/capital-flow/precinmac/sec/sdlp-2024-annual-report-ex99-1.html,Precinmac and Valcourt first-lien loan par; fair value; coupon; maturity,extracted,Ares-linked SDLP source used for Precinmac and Valcourt holder crosswalks.
obdc-2024-10k-sec-html,Blue Owl Capital Corporation,OBDC,FY2024,10-K HTML,CF-005,1,https://www.sec.gov/Archives/edgar/data/1655888/000165588825000007/obdc-20241231.htm,raw/primary-sources/capital-flow/precinmac/sec/obdc-2024-10k.html,Paris US Holdco dba Precinmac first-lien loan; delayed draw commitment; revolving commitment,extracted,Blue Owl source used for Precinmac holder crosswalk.
arcc-sdlp-2026q1-ex99-1,Senior Direct Lending Program LLC / Ares Capital,private,Q1 2026,SEC exhibit / SDLP condensed schedule,CF-005,1,https://www.sec.gov/Archives/edgar/data/1287750/000162828026027688/arccq1-2026ex991xsdlpconde.htm,raw/primary-sources/capital-flow/valcourt/sec/arcc-sdlp-2026q1-ex99-1.html,Valcourt first-lien loan par; fair value; SOFR spread; percentage of members capital,extracted,SEC HTML fetched with declared user agent and used for Valcourt holder crosswalk.
arcc-sdlp-2025q4-ex99-2,Senior Direct Lending Program LLC / Ares Capital,private,Q4 2025,SEC exhibit / SDLP condensed schedule,CF-005,1,https://www.sec.gov/Archives/edgar/data/1287750/000128775026000006/arccq4-2025ex992xsdlpconde.htm,raw/primary-sources/capital-flow/valcourt/sec/arcc-sdlp-2025q4-ex99-2.html,Valcourt first-lien loan par; fair value; SOFR spread; percentage of members capital,extracted,SEC HTML fetched with declared user agent and used for Valcourt holder crosswalk.
cliffwater-cclf-2024-nport,Cliffwater Corporate Lending Fund,private,FY2023,N-PORT HTML schedule,CF-005,2,https://www.sec.gov/Archives/edgar/data/1735964/000114554924012959/nport-excclfpartf.htm,raw/primary-sources/capital-flow/valcourt/sec/cliffwater-cclf-2024-nport.html,Valcourt term loan; delayed draw; revolver; principal amount; cost; fair value,extracted,SEC HTML fetched with declared user agent and used for historical third-party Valcourt holder evidence.
kayne-bdc-2026q1-10q,Kayne Anderson BDC Inc.,KBDC,Q1 2026,10-Q HTML,CF-005,1,https://www.sec.gov/Archives/edgar/data/1747172/000119312526216773/kbdc-20260331.htm,raw/primary-sources/capital-flow/aeritek/sec/kayne-bdc-2026q1-10q.html,AeriTek first-lien loan principal; amortized cost; fair value; SOFR spread; maturity,extracted,SEC HTML fetched with declared user agent and used for AeriTek holder crosswalk.
kayne-bdc-2025q3-10q,Kayne Anderson BDC Inc.,KBDC,Q3 2025,10-Q HTML,CF-005,2,https://www.sec.gov/Archives/edgar/data/1747172/000121390025108212/ea0261574-10q_kayne.htm,raw/primary-sources/capital-flow/aeritek/sec/kayne-bdc-2025q3-10q.html,AeriTek first-lien loan principal; amortized cost; fair value; SOFR spread; maturity,extracted,SEC HTML fetched with declared user agent and used for historical AeriTek holder evidence.
kayne-bdc-2025-10k,Kayne Anderson BDC Inc.,KBDC,FY2025,10-K HTML,CF-005,2,https://www.sec.gov/Archives/edgar/data/1747172/000121390026022392/ea0274005-10k_kayne.htm,raw/primary-sources/capital-flow/aeritek/sec/kayne-bdc-2025-10k.html,AeriTek first-lien loan principal; amortized cost; fair value; SOFR spread; maturity,extracted,SEC HTML fetched with declared user agent and used for FY2025 AeriTek holder evidence.
asif-2026q1-n14-supplement,Ares Strategic Income Fund,ASIF,Q1 2026,N-14 supplement HTML,CF-005,1,https://www.sec.gov/Archives/edgar/data/1918712/000162828026034174/asifq1-2026nx14supplementn.htm,raw/primary-sources/capital-flow/aeritek/sec/asif-2026q1-n14-supplement.html,AeriTek Frontline Sunvair and MAI loan principal; amortized cost; fair value; SOFR spread; maturity,extracted,SEC HTML fetched with declared user agent and used for AeriTek Frontline Sunvair and MAI holder crosswalks.
cadcx-2026q1,CION Ares Diversified Credit Fund,CADCX,Q1 2026,N-PORT HTML schedule,CF-005,1,https://www.sec.gov/Archives/edgar/data/1678124/000104916926001104/CADCX_Q1_-_2026.htm,raw/primary-sources/capital-flow/sunvair/sec/cadcx-2026q1.html,Sunvair revolver; term loan; delayed-draw term loan; principal amount; fair value; SOFR spread; maturity,extracted,SEC HTML fetched with declared user agent and used for Sunvair holder crosswalk.
asif-2025q1-10q-supplement,Ares Strategic Income Fund,ASIF,Q1 2025,10-Q supplement HTML,CF-005,2,https://www.sec.gov/Archives/edgar/data/1918712/000191871225000031/asifq1-2510qsupplement.htm,raw/primary-sources/capital-flow/sunvair/sec/asif-2025q1-10q-supplement.html,Sunvair first-lien loan principal; amortized cost; fair value; SOFR spread; maturity,extracted,SEC HTML fetched with declared user agent and used for historical Sunvair holder evidence.
asif-2024q2-10q-supplement,Ares Strategic Income Fund,ASIF,Q2 2024,10-Q supplement HTML,CF-005,2,https://www.sec.gov/Archives/edgar/data/1918712/000191871224000103/asifq2-2410qsupplement.htm,raw/primary-sources/capital-flow/sunvair/sec/asif-2024q2-10q-supplement.html,Sunvair first-lien loan principal; amortized cost; fair value; SOFR spread; maturity,extracted,SEC HTML fetched with declared user agent and used for historical Sunvair holder evidence.
stone-point-r24-2025,Stone Point / SEC R24 filing source,private,2025,SEC HTML schedule resource,CF-005,3,https://www.sec.gov/Archives/edgar/data/2031283/000203128325000007/R24.htm,raw/primary-sources/capital-flow/mai/sec/stone-point-or-r24-2025.html,MAI delayed-draw and revolving-loan route evidence,route-identified-not-in-clean-aggregate,SEC HTML fetched with declared user agent; extracted MAI rows lack enough unit context for clean exposure aggregation.
nmg4-2024q3,New Mountain Guardian IV BDC LLC,NMG4,Q3 2024,10-Q HTML,CF-005,2,https://www.sec.gov/Archives/edgar/data/1925531/000192553124000020/nmg4-20240930.htm,raw/primary-sources/capital-flow/mai/sec/nmg4-2024q3.html,MAI first-lien loan principal; cost; fair value; SOFR spread; maturity,extracted,SEC HTML fetched with declared user agent and used for historical MAI holder evidence.
arcc-2026q1-10q,Ares Capital Corporation,ARCC,Q1 2026,10-Q HTML,CF-005,2,https://www.sec.gov/Archives/edgar/data/1287750/000162828026027688/arcc-20260331.htm,raw/primary-sources/capital-flow/mai/sec/arcc-2026q1-10q.html,MAI first-lien revolver fair value and comparative ARCC context,extracted,SEC HTML fetched with declared user agent and used for MAI prior-quarter holder evidence.
newcred-2026q1-10q,New Mountain Private Credit Fund,NEWCRED,Q1 2026,10-Q HTML,CF-005,1,https://www.sec.gov/Archives/edgar/data/2037804/000203780426000010/newcred-20260331.htm,raw/primary-sources/capital-flow/mai/sec/newcred-2026q1-10q.html,MAI drawn first-lien fair value; undrawn commitment; SOFR spread; maturity,extracted,SEC HTML fetched with declared user agent and used for MAI holder crosswalk.
gsbd-2026q2-index,Goldman Sachs BDC Inc.,GSBD,Q2 2026,SEC archive index,CF-005,3,https://www.sec.gov/Archives/edgar/data/1572694/000119312526338331/,raw/primary-sources/capital-flow/relation/sec/gsbd-2026q2-index.html,GSBD Q2 2026 filing document discovery,source-discovery,SEC archive directory used to identify the direct GSBD 2026 Q2 10-Q HTML source.
gsbd-2026q2-sec-10q,Goldman Sachs BDC Inc.,GSBD,Q2 2026,10-Q HTML,CF-005,1,https://www.sec.gov/Archives/edgar/data/1572694/000119312526338331/gsbd-20260630.htm,raw/primary-sources/capital-flow/relation/sec/gsbd-2026q2-10q.html,Relation/AQ Sunshine and Frontline funded fair value; unfunded commitment; SOFR spread; maturity,extracted,SEC HTML fetched with declared user agent and used for Relation and Frontline holder crosswalks.
gspcc-2026q1-r19-unfunded,Goldman Sachs Private Credit Corp.,private,Q1 2026,SEC HTML schedule resource,CF-005,1,https://www.sec.gov/Archives/edgar/data/1920145/000119312526219885/R19.htm,raw/primary-sources/capital-flow/relation/sec/gspcc-2026q1-r19-unfunded.html,Relation/AQ Sunshine and Frontline unfunded commitment balances,extracted,SEC HTML fetched with declared user agent and used for Relation and Frontline commitment evidence.
gspcc-2026q2-sec-10q,Goldman Sachs Private Credit Corp.,private,Q2 2026,10-Q HTML,CF-005,1,https://www.sec.gov/Archives/edgar/data/1920145/000119312526340582/ck0001920145-20260630.htm,raw/primary-sources/capital-flow/relation/sec/gspcc-2026q2-10q.html,balance sheet; debt facilities; notes; share classes; private offering; portfolio metrics,extracted,SEC HTML fetched with declared user agent and used for GSPCC source-of-capital pass.
gsbd-2026q1-r33-unfunded,Goldman Sachs BDC Inc.,GSBD,Q1 2026,SEC HTML schedule resource,CF-005,2,https://www.sec.gov/Archives/edgar/data/1572694/000119312526212431/R33.htm,raw/primary-sources/capital-flow/relation/sec/gsbd-2026q1-r33-unfunded.html,Relation/AQ Sunshine unfunded commitment balance,extracted,SEC HTML fetched with declared user agent and used for Relation prior-quarter commitment evidence.
gspcc-2024-r37-relation,Goldman Sachs Private Credit Corp.,private,2024,SEC HTML schedule resource,CF-005,3,https://www.sec.gov/Archives/edgar/data/1920145/000095017024056854/R37.htm,raw/primary-sources/capital-flow/relation/sec/gspcc-2024-r37-relation.html,Relation/AQ Sunshine historical first-lien route evidence,route-identified-not-in-clean-aggregate,SEC HTML fetched with declared user agent; inline XBRL context identifies Relation rows but this pass did not use it for clean aggregation.
phillip-street-2024-10k,Phillip Street Middle Market Lending Fund LLC,private,FY2024,10-K HTML,CF-005,2,https://www.sec.gov/Archives/edgar/data/1948368/000095017025032238/ck0001948368-20241231.htm,raw/primary-sources/capital-flow/relation/sec/phillip-street-2024-10k.html,Relation/AQ Sunshine historical first-lien principal; cost; fair value; SOFR spread; maturity,extracted,SEC HTML fetched with declared user agent and used for historical Relation holder evidence.
ares-2026q2-direct-lending-originations-prnewswire,Ares Management Corporation,ARES,Q2 2026,PRNewswire release mirror,CF-005,1,https://www.prnewswire.com/news-releases/ares-management-announces-second-quarter-2026-us-direct-lending-origination-activity-302839560.html,raw/primary-sources/capital-flow/relation/transaction/ares-q2-2026-direct-lending-originations-prnewswire.html,Relation/BayPine senior secured credit facility; Ares role; selected Q2 2026 transactions,extracted,PRNewswire-hosted Ares release used because direct IR curl was an app shell; source identifies Ares as joint lead arranger and joint bookrunner for Relation acquisition financing.
latham-baypine-relation-financing-2026,Latham & Watkins LLP,private,February 2026,transaction note,CF-005,2,https://www.lw.com/en/news/2026/02/latham-advises-on-financing-for-baypine-acquisition-of-relation-insurance-services,raw/primary-sources/capital-flow/relation/transaction/latham-baypine-relation-financing-2026.html,financing source support for BayPine Relation acquisition; private credit legal team,extracted,Latham transaction note confirms a financing source supported the BayPine acquisition but does not disclose debt terms.
baypine-relation-acquisition-2026,BayPine LP,private,February 2026,transaction announcement,CF-003;CF-005,2,https://baypine.com/news/baypine-to-acquire-relation-insurance-services-to-accelerate-technology-enabled-growth-of-leading-national-brokerage-platform,raw/primary-sources/capital-flow/relation/transaction/baypine-relation-acquisition-2026.html,Relation acquisition; operating scale; industry scope; financial terms undisclosed,extracted,BayPine announcement confirms acquisition agreement and Relation operating scale but does not identify debt financing terms.
ares-2026q2-direct-lending-originations-frontline-copy,Ares Management Corporation,ARES,Q2 2026,PRNewswire release mirror,CF-005,1,https://www.prnewswire.com/news-releases/ares-management-announces-second-quarter-2026-us-direct-lending-origination-activity-302839560.html,raw/primary-sources/capital-flow/frontline/transaction/ares-q2-2026-direct-lending-originations-prnewswire.html,Frontline/Bain senior secured credit facility; Ares role; selected Q2 2026 transactions,extracted,PRNewswire-hosted Ares release copied into Frontline raw folder and used for transaction-context evidence.
bain-frontline-road-safety-2025,Bain Capital,private,January 2025,transaction announcement,CF-003;CF-005,2,https://www.baincapital.com/news/frontline-road-safety-secures-strategic-investment-bain-capital,raw/primary-sources/capital-flow/frontline/transaction/bain-frontline-road-safety-2025.html,Frontline acquisition; operating scale; infrastructure services; financial terms undisclosed,extracted,Bain announcement confirms acquisition agreement and Frontline operating scale but does not identify debt financing terms.
sterling-frontline-sale-to-bain-2025,The Sterling Group,private,March 2025,sale completion announcement,CF-003;CF-005,2,https://sterling-group.com/the-sterling-group-completes-the-sale-of-frontline-road-safety-to-bain-capital/,raw/primary-sources/capital-flow/frontline/transaction/sterling-frontline-sale-to-bain-2025.html,Frontline sale completion; operating scale; infrastructure services; financial terms undisclosed,extracted,Sterling announcement confirms sale completion and operating context but does not identify debt financing terms.
ares-2026q2-direct-lending-originations-jiffy-copy,Ares Management Corporation,ARES,Q2 2026,PRNewswire release mirror,CF-005,1,https://www.prnewswire.com/news-releases/ares-management-announces-second-quarter-2026-us-direct-lending-origination-activity-302839560.html,raw/primary-sources/capital-flow/jiffy/transaction/ares-q2-2026-direct-lending-originations-prnewswire.html,Jiffy/Monomoy senior secured credit facility; Ares role; selected Q2 2026 transactions,extracted,PRNewswire-hosted Ares release copied into Jiffy raw folder and used for transaction-context evidence.
jiffy-lube-shell-sale-page-2026,Jiffy Lube / Shell,private,March 2026,transaction announcement,CF-003;CF-005,1,https://www.jiffylube.com/news-and-press/shell-sells-jiffy-lube-international-premium-velocity-auto,raw/primary-sources/capital-flow/jiffy/transaction/jiffy-lube-shell-sale-page-2026.html,Jiffy Lube and Premium Velocity Auto sale value; service-center count; PVA locations,extracted,Jiffy/Shell web page used for 1.3B USD transaction value and operating-footprint evidence.
shell-prnewswire-jiffy-pva-sale-announcement-2026,Shell / PRNewswire,private,March 2026,transaction announcement,CF-003;CF-005,1,https://www.prnewswire.com/news-releases/shell-to-sell-jiffy-lube-international-and-premium-velocity-auto-to-monomoy-capital-partners-302708287.html,raw/primary-sources/capital-flow/jiffy/transaction/shell-prnewswire-jiffy-pva-sale-announcement-2026.html,Jiffy Lube and Premium Velocity Auto sale value; service-center count; PVA locations,extracted,PRNewswire mirror of Shell announcement used because direct Shell fetch returned a title-only shell locally.
shell-jiffy-pva-sale-announcement-2026,Shell USA,private,March 2026,transaction announcement app shell,CF-003;CF-005,3,https://www.shell.us/about-us/news-and-insights/media/2026-media-releases/shell-to-sell-jiffy-lube-international-and-premium-velocity-auto-to-monomy-capital-partners.html,raw/primary-sources/capital-flow/jiffy/transaction/shell-jiffy-pva-sale-announcement-2026.html,official Shell announcement URL,app-shell-not-used,Direct Shell URL fetched locally as title-only shell; parseable text retained in Jiffy/Shell and PRNewswire copies.
shell-jiffy-pva-sale-completion-2026,Shell Global,private,July 2026,sale completion app shell,CF-003;CF-005,3,https://www.shell.com/news-and-insights/newsroom/news-and-media-releases/2026/shell-completes-sale-of-jiffy-lube-international-and-premium-velocity-auto-to-monomoy-capital-partners.html,raw/primary-sources/capital-flow/jiffy/transaction/shell-jiffy-pva-sale-completion-2026.html,official Shell completion URL,app-shell-not-used,Direct Shell completion URL fetched locally as title-only shell; web result confirms completion but no local body was extracted.
arcc-sdlp-2026q2-ex99-1,Senior Direct Lending Program LLC / Ares Capital,private,Q2 2026,SEC exhibit / SDLP condensed schedule,CF-005,1,https://www.sec.gov/Archives/edgar/data/1287750/000162828026050307/arccq2-2026ex991xsdlpconde.htm,raw/primary-sources/capital-flow/ares-capital/q2-2026/arcc-sdlp-2026q2-ex99-1.html,SDLP Q2 2026 schedule fair value and support for source-of-capital pass,extracted,SEC HTML Exhibit 99.1 fetched and used for SDLP source-of-capital evidence.
oneok-2026q2-financial-reports-page,"ONEOK, Inc.",OKE,Q2 2026,IR financial reports page,CFPGU-001;CFPGU-002,1,https://ir.oneok.com/financial-information/financial-reports/2026,raw/primary-sources/capital-flow/power-grid-pilot/oneok/q2-2026/oneok-2026-financial-reports-page.html,Q2 document slots; financial tables; presentation; webcast,fetched-not-yet-parsed,Official ONEOK financial reports page fetched locally; direct document assets still need resolution.
oneok-2026q2-earnings-release-page,"ONEOK, Inc.",OKE,Q2 2026,IR earnings release page,CFPGU-001;CFPGU-002,1,https://ir.oneok.com/news-and-events/press-releases/2026/08-03-2026-211637100,raw/primary-sources/capital-flow/power-grid-pilot/oneok/q2-2026/oneok-2026-q2-earnings-release-page.html,capex; guidance; adjusted EBITDA; volume growth; project language,fetched-not-yet-parsed,Official ONEOK Q2 2026 release page fetched locally for first priority extraction before direct PDF resolution.
mastec-2026q2-earnings-presentation,"MasTec, Inc.",MTZ,Q2 2026,earnings presentation PDF,CFPGU-005;CFPGU-006,1,https://investors.mastec.com/static-files/66dc3ba6-b539-4c37-8693-789360cc2db7,raw/primary-sources/capital-flow/power-grid-pilot/mastec/q2-2026/mastec-2026-q2-earnings-presentation.pdf,segment revenue; segment EBITDA; backlog; cash flow; leverage; liquidity,fetched-not-yet-parsed,Official MasTec Q2 2026 presentation PDF fetched locally.
mastec-2026q2-10q-page,"MasTec, Inc.",MTZ,Q2 2026,10-Q filing page,CFPGU-005;CFPGU-006,1,https://investors.mastec.com/sec-filings/sec-filing/10-q/0000015615-26-000093,raw/primary-sources/capital-flow/power-grid-pilot/mastec/q2-2026/mastec-2026-q2-10q-filing-page.html,backlog definition; contract assets; contract liabilities; segment notes; risks,fetched-not-yet-parsed,Official MasTec IR filing page fetched locally for resolving Q2 2026 10-Q source.
plains-2026q2-earnings-presentation,"Plains All American Pipeline, L.P.",PAA,Q2 2026,earnings presentation PDF,CFPGU-009;CFPGU-010,1,https://ir.plains.com/static-files/69213986-769c-417e-b48e-b55621058969,raw/primary-sources/capital-flow/power-grid-pilot/plains/q2-2026/plains-2026-q2-earnings-presentation.pdf,Cactus III; growth capex; crude transition; EBITDA guidance; leverage,fetched-not-yet-parsed,Official Plains Q2 2026 presentation PDF fetched locally.
plains-2026q2-earnings-release,"Plains All American Pipeline, L.P.",PAA,Q2 2026,earnings release PDF,CFPGU-009;CFPGU-010,1,https://ir.plains.com/static-files/1486af1f-024d-4070-ba18-d3a8e304763f,raw/primary-sources/capital-flow/power-grid-pilot/plains/q2-2026/plains-2026-q2-earnings-release.pdf,debt reduction; adjusted EBITDA; growth capex; Cactus III; free cash flow,fetched-not-yet-parsed,Official Plains Q2 2026 release PDF fetched locally.
targa-2026q2-earnings-supplement,Targa Resources Corp.,TRGP,Q2 2026,earnings supplement PDF,CFPGU-013;CFPGU-014,1,https://www.targaresources.com/static-files/a786b5c2-0717-469c-a9a2-71b20a6842c0,raw/primary-sources/capital-flow/power-grid-pilot/targa/q2-2026/targa-2026-q2-earnings-supplement.pdf,volume denominators; operating margin bridge; growth capital; maintenance capital,fetched-not-yet-parsed,Official Targa Q2 2026 earnings supplement PDF fetched locally.
nextera-2026q2-earnings-presentation,"NextEra Energy, Inc.",NEE,Q2 2026,earnings presentation PDF,CFPGU-017;CFPGU-018,1,https://www.investor.nexteraenergy.com/~/media/Files/N/NEE-IR/reports-and-fillings/quarterly-earnings/2026/Q2%202026/Q2%202026%20Earnings%20Slides_vF.pdf,raw/primary-sources/capital-flow/power-grid-pilot/nextera/q2-2026/nextera-2026-q2-earnings-presentation.pdf,FPL capital; Energy Resources backlog; large-load strategy; in-service projects,fetched-not-yet-parsed,Official NextEra Q2 2026 presentation PDF fetched locally.
nextera-2026q2-earnings-release,"NextEra Energy, Inc.",NEE,Q2 2026,earnings release PDF,CFPGU-017;CFPGU-018;CFPGW-007;CFPGW-008,1,https://www.investor.nexteraenergy.com/~/media/Files/N/NEE-IR/reports-and-fillings/quarterly-earnings/2026/Q2%202026/2026-0724%20NEEQ22026News%20Release%20vFINAL.pdf,raw/primary-sources/capital-flow/power-grid-pilot/nextera/q2-2026/nextera-2026-q2-earnings-release.pdf,FPL operating revenue; net income; operating cash flow; capital expenditures; customer receivables; regulatory assets; long-term debt; AFUDC; cost recovery clause cash-flow line; recoverable storm-related costs,extracted,Official NextEra Q2 2026 earnings release; FPL-wide cash/earnings rows extracted in FPL SPPCRC earnings/cash bridge pass 1.
nextera-2026q2-remarks,"NextEra Energy, Inc.",NEE,Q2 2026,prepared remarks PDF,CFPGU-017;CFPGU-018;CFPGW-007;CFPGW-008,1,https://www.investor.nexteraenergy.com/~/media/Files/N/NEE-IR/reports-and-fillings/quarterly-earnings/2026/Q2%202026/Q2%202026%20Earnings%20Script_vF.pdf,raw/primary-sources/capital-flow/power-grid-pilot/nextera/q2-2026/nextera-2026-q2-prepared-remarks.pdf,FPL regulatory capital employed growth; quarterly capex; full-year capital investment expectation; regulatory ROE; rate stabilization mechanism reversal and balance; customer growth; weather-normalized retail sales growth,extracted,Official NextEra Q2 2026 prepared remarks; FPL-wide regulatory return and cash/earnings context extracted in FPL SPPCRC earnings/cash bridge pass 1.
oneok-2026q2-earnings-tables,"ONEOK, Inc.",OKE,Q2 2026,earnings release tables PDF,CFPGU-001;CFPGU-002,1,https://ir.oneok.com/~/media/Files/O/ONEOK-IR-V3/financial-reports/2026/oke-q2-2026-earnings-release-tables.pdf,raw/primary-sources/capital-flow/power-grid-pilot/oneok/q2-2026/oneok-2026-q2-earnings-release-tables.pdf,segment EBITDA; capital expenditures; maintenance capital; volume tables,fetched-not-yet-parsed,Direct ONEOK Q2 2026 financial tables PDF resolved from locally fetched financial reports page and fetched locally.
oneok-2026q2-earnings-presentation,"ONEOK, Inc.",OKE,Q2 2026,earnings presentation PDF,CFPGU-001;CFPGU-002,1,https://ir.oneok.com/~/media/Files/O/ONEOK-IR-V3/financial-reports/2026/q2-2026-earnings-presentation.pdf,raw/primary-sources/capital-flow/power-grid-pilot/oneok/q2-2026/oneok-2026-q2-earnings-presentation.pdf,project appendix; growth projects; segment throughput; guidance bridge,fetched-not-yet-parsed,Direct ONEOK Q2 2026 earnings presentation PDF resolved from locally fetched financial reports page and fetched locally.
mastec-2026q2-10q-html,"MasTec, Inc.",MTZ,Q2 2026,10-Q HTML,CFPGU-005;CFPGU-006,1,https://investors.mastec.com/node/20456/html,raw/primary-sources/capital-flow/power-grid-pilot/mastec/q2-2026/mastec-2026-q2-10q.html,backlog definition; contract assets; contract liabilities; customer concentration; segment data,fetched-not-yet-parsed,Direct MasTec Q2 2026 10-Q HTML resolved from locally fetched IR filing page and fetched locally.
mastec-2026q2-10q-pdf,"MasTec, Inc.",MTZ,Q2 2026,10-Q PDF,CFPGU-005;CFPGU-006,1,https://investors.mastec.com/static-files/cd940a66-060e-4ffc-a471-00222a6b6b09,raw/primary-sources/capital-flow/power-grid-pilot/mastec/q2-2026/mastec-2026-q2-10q.pdf,backlog definition; contract assets; contract liabilities; customer concentration; segment data,fetched-not-yet-parsed,Direct MasTec Q2 2026 10-Q PDF resolved from locally fetched IR filing page and fetched locally.
fpl-2026-final-settlement-order-psc-2026-0022,"NextEra Energy, Inc.",NEE,2026 rate case,PSC final order PDF,CFPGS-017;CFPGS-019,1,https://www.psc.state.fl.us/library/filings/2026/01201-2026/01201-2026.pdf,raw/primary-sources/capital-flow/power-grid-pilot/nextera/fpl-rate-case/fpl-2026-final-settlement-order-psc-2026-0022.pdf,final order; settlement approval; ROE; revenue requirement; tariff implementation; SoBRA; recovery terms,extracted,Official Florida PSC final order for FPL 2025 stipulation and settlement agreement; extracted in follow-up metric pass 1.
fpl-2025-sppcrc-actual-estimated-projection,"NextEra Energy, Inc.",NEE,2025-2026 recovery clause,SPPCRC filing PDF,CFPGS-017;CFPGS-019,1,https://www.psc.state.fl.us/library/FILINGS/2025/03306-2025/03306-2025.pdf,raw/primary-sources/capital-flow/power-grid-pilot/nextera/fpl-rate-case/fpl-2025-sppcrc-actual-estimated-projection.pdf,storm protection plan capital; recoverable expenses; WACC; debt/equity components; program revenue requirements,extracted,Official Florida PSC Storm Protection Plan Cost Recovery Clause filing; extracted in follow-up metric pass 1.
fpl-2025-rate-case-tariff-suspension-recommendation,"NextEra Energy, Inc.",NEE,2025 rate case,PSC staff recommendation PDF,CFPGS-017;CFPGS-019,2,https://psc-fl.granicus.com/MetaViewer.php?clip_id=4402&meta_id=3727024&view_id=2,raw/primary-sources/capital-flow/power-grid-pilot/nextera/fpl-rate-case/fpl-2025-rate-case-tariff-suspension-recommendation.pdf,requested revenue increase; requested ROE; proposed SoBRAs; rate-case procedural baseline,extracted,Official Florida PSC staff recommendation for tariff suspension in Docket 20250011-EI; extracted in follow-up metric pass 1.
nextera-fpl-2025-settlement-sec-exhibit,"NextEra Energy, Inc.",NEE,2025 rate case,SEC 8-K settlement exhibit HTML,CFPGS-017;CFPGS-019,1,https://www.sec.gov/Archives/edgar/data/753308/000075330825000047/exhibit99tonee-fpl8xkdated.htm,raw/primary-sources/capital-flow/power-grid-pilot/nextera/fpl-rate-case/nextera-fpl-2025-settlement-sec-exhibit.html,authorized ROE range; equity ratio; 2026/2027 base revenue increases; tariff dates; customer credits,extracted,Official SEC exhibit containing FPL settlement agreement terms; extracted in follow-up metric pass 1.
nextera-2026q1-sec-exhibit99-backlog,"NextEra Energy, Inc.",NEE,Q1 2026,SEC exhibit 99 HTML,CFPGS-018;CFPGS-020,1,https://www.sec.gov/Archives/edgar/data/37634/000075330826000028/neeq12026exhibit99.htm,raw/primary-sources/capital-flow/power-grid-pilot/nextera/q1-2026/nextera-2026-q1-sec-exhibit99-backlog.html,Energy Resources backlog additions; total backlog; storage split; in-service amount; data-center hub development,extracted,Official SEC exhibit 99 for NextEra Q1 2026 results; extracted in follow-up metric pass 1.
nextera-meta-2025-clean-energy-contract-release,"NextEra Energy, Inc.",NEE,2025 contract release,IR release HTML,CFPGS-018,1,https://www.investor.nexteraenergy.com/news-and-events/news-releases/2025/12-08-2025-123107665,raw/primary-sources/capital-flow/power-grid-pilot/nextera/customer-contracts/nextera-meta-2025-clean-energy-contract-release.html,Meta customer; PPA count; ESA count; contracted GW; project count; markets; online window,extracted,Official NextEra IR release for Energy Resources and Meta clean-energy contracts; extracted in follow-up metric pass 1.
plains-eagle-ford-energy-tx-3-6-0-cactus-iii-hobson,"Plains All American Pipeline, L.P.",PAA,July 2026 tariff,Texas RRC tariff PDF,CFPGS-010,1,https://www.rrc.texas.gov/media/x11bcjud/360.pdf,raw/primary-sources/capital-flow/power-grid-pilot/plains/tariffs/plains-eagle-ford-energy-tx-3-6-0-cactus-iii-hobson.pdf,Cactus III crude pipeline route; Hobson terminal; base rate; negotiated-rate note; FERC index escalation,extracted,Official Texas RRC tariff PDF found through follow-up source route map and extracted in Plains commercial durability pass 1.
plains-2025-10k-sec-html,"Plains All American Pipeline, L.P.",PAA,FY 2025,SEC 10-K HTML,CFPGS-009;CFPGS-010;CFPGS-011;CFPGS-012,1,https://www.sec.gov/Archives/edgar/data/1070423/000107042326000014/paa-20251231.htm,raw/primary-sources/capital-flow/power-grid-pilot/plains/fy-2025/plains-2025-10k.html,Cactus III capacity; EPIC acquisition consideration; debt assumed; earnouts; operator status; long-haul commitment language,extracted,Official SEC 10-K HTML fetched compressed and read locally for Plains commercial durability pass 1.
fpl-2025-sppcrc-final-trueup-epperson-01940-2026,"NextEra Energy, Inc.",NEE,2025 final true-up,PSC final true-up testimony and exhibit PDF,CFPGW-005;CFPGW-007,1,https://www.psc.state.fl.us/library/filings/2026/01940-2026/01940-2026.pdf,raw/primary-sources/capital-flow/power-grid-pilot/nextera/fpl-rate-case/final-trueup-2025/fpl-2025-sppcrc-final-trueup-epperson-01940-2026.pdf,final true-up; clause revenues; jurisdictional revenue requirements; category final recovery; capital revenue requirements; WACC,extracted,Official Florida PSC final true-up testimony and exhibit; extracted in FPL SPPCRC final true-up pass 1.
fpl-2025-sppcrc-final-trueup-petition-01960-2026,"NextEra Energy, Inc.",NEE,2025 final true-up,PSC final true-up petition PDF,CFPGW-005;CFPGW-007,1,https://www.psc.state.fl.us/library/filings/2026/01960-2026/01960-2026.pdf,raw/primary-sources/capital-flow/power-grid-pilot/nextera/fpl-rate-case/final-trueup-2025/fpl-2025-sppcrc-final-trueup-petition-01960-2026.pdf,petition; final net true-up; project-level detail reference; 2027 factor inclusion request,fetched,Official Florida PSC final true-up petition; used as source-control support for final true-up extraction.
fpl-2026-sppcrc-factor-order-psc-2025-0439,"NextEra Energy, Inc.",NEE,2026 factor order,PSC final factor order PDF,CFPGW-003;CFPGW-005;CFPGW-008,1,https://www.floridapsc.com/pscfiles/library/filings/2025/15236-2025/15236-2025.pdf,raw/primary-sources/capital-flow/power-grid-pilot/nextera/fpl-rate-case/factor-order-2026/fpl-2026-sppcrc-factor-order-psc-2025-0439.pdf,final factor order; rate-class factors; tariff approval; effective billing period; Jan-Dec 2026 authorization,extracted,Official Florida PSC order PDF discovered through PSC API/static filing route and extracted in FPL SPPCRC factor order pass 1.
fpl-2025-sppcrc-final-trueup-pankratz-ap1-ap2-01941-2026,"NextEra Energy, Inc.",NEE,2025 final true-up project detail,PSC testimony and AP-1/AP-2 exhibit PDF,CFPGW-006;CFPGW-007;CFPGW-008,1,https://www.floridapsc.com/pscfiles/library/filings/2026/01941-2026/01941-2026.pdf,raw/primary-sources/capital-flow/power-grid-pilot/nextera/fpl-rate-case/project-detail-2025/fpl-2025-sppcrc-final-trueup-pankratz-ap1-ap2-01941-2026.pdf,AP-1 project detail; AP-2 variance drivers; physical output counts; vegetation miles; actual costs,extracted,Official Florida PSC Pankratz testimony and AP exhibit PDF discovered through docket API and extracted in FPL SPPCRC project detail pass 1.
fpl-sppcrc-category-attribution-bridge-pass-1,"NextEra Energy, Inc.",NEE,2025 final true-up / 2026 context,derived evidence bridge table,CFPGW-007;CFPGW-008,1,derived from local official PSC and NextEra source extraction rows,analysis/company-first-principles/data/capital-flow-fpl-sppcrc-category-attribution-bridge-pass-1.csv,Distribution Inspection and Transmission Inspection category attribution; output count; actual cost; final category revenue requirement; unit recovery metric; attribution gap,derived-bridge,Synthesizes already-extracted official PSC and NextEra rows; not a new primary source.
fpl-distribution-inspection-attribution-pass-1,"NextEra Energy, Inc.",NEE,2025 final true-up / 2026 context,derived proof-gate attribution table,CFPGW-007;CFPGW-008,1,derived from local official PSC and NextEra source extraction rows,analysis/company-first-principles/data/capital-flow-fpl-distribution-inspection-attribution-pass-1.csv,Distribution Inspection proof gates; physical output; actual cost; plant addition; recoverable expense; final recovery; component attribution; customer receipts gap; financing-source gap,derived-bridge,"Synthesizes already-extracted official PSC and NextEra rows; proves category-output-recovery-with-component-attribution bridge status but not customer receipts, financing source, or realized return."
fpl-distribution-inspection-component-extraction-pass-1,"NextEra Energy, Inc.",NEE,2025 final true-up / actual-estimated comparator,derived component extraction table,CFPGW-007;CFPGW-008,1,derived from local official PSC source extraction rows,analysis/company-first-principles/data/capital-flow-fpl-distribution-inspection-component-extraction-pass-1.csv,Distribution Inspection final Form 7A component extraction; equity component; debt component; depreciation; net investment; plant-in-service; CWIP; actual-estimated comparator,derived-bridge,Synthesizes exact Form 7A and Form 7E schedule lines from official PSC PDFs; upgrades category earnings/carrying-charge components but not customer receipts or financing source.
fpl-distribution-inspection-receipts-financing-boundary-pass-1,"NextEra Energy, Inc.",NEE,2025 final true-up / 2026 factor year,derived receipts and financing boundary table,CFPGW-005;CFPGW-007;CFPGW-008,1,derived from local official PSC and NextEra source extraction rows,analysis/company-first-principles/data/capital-flow-fpl-distribution-inspection-receipts-financing-boundary-pass-1.csv,aggregate SPPCRC clause revenue; true-up collected/refunded; factor authority; Form 8A capital structure; debt/equity cost inputs; customer receipt gap; financing-source gap,derived-bridge,"Synthesizes official PSC Form 2A, factor-order, and Form 8A evidence; upgrades recovery capital-structure support but leaves customer receipts and financing-source allocation open."
cash-realization-proof-ladder-pass-1,Capital flow research system,Multiple,current synthesis,derived proof-ladder control artifact,CFMQ-005;CFEI-013;CFORF-006,1,local-derived,analysis/company-first-principles/data/capital-flow-cash-realization-proof-ladder-pass-1.csv,cash-realization proof ladder; FPL stress test; URI/Sterling/Cheniere/private-credit/bank-role/519-company next evidence gates,derived-control,Defines the next end-to-end cash-realization proof standard; not a new primary source.
fpl-distribution-inspection-customer-receipt-source-pursuit-pass-1,"NextEra Energy, Inc.",NEE,2025 final true-up / 2027 pursuit route,derived source-pursuit control artifact,CFPLDIF-010;CFPLDIF-011;CFRL-002,1,local-derived,analysis/company-first-principles/data/capital-flow-fpl-distribution-inspection-customer-receipt-source-pursuit-pass-1.csv,Distribution Inspection customer-receipt pursuit; billing determinant route; 2027 true-up route; source-of-funds route; disproof tests,derived-control,Defines the next FPL customer-receipt and source-of-funds pursuit gates; not a new primary source.
fpl-distribution-inspection-customer-receipt-source-acquisition-pass-1,"NextEra Energy, Inc.",NEE,2025 final true-up / 2026 factor year,derived customer receipt and source acquisition boundary artifact,CFE2EGUQ-002;CFPLCRSA-001;CFPLCRSA-014,1,local-derived,analysis/company-first-principles/data/capital-flow-fpl-distribution-inspection-customer-receipt-source-acquisition-pass-1.csv,Distribution Inspection output; cost; plant addition; final recovery; recovery components; aggregate SPPCRC revenue; true-up line; factor authority; capital structure; customer receipt gap; source-of-funds gap,derived-control,Executes the FPL end-to-end graph upgrade queue row from local official PSC and NextEra evidence; proves regulated recovery-to-cash bridge status but not category customer receipts or funding allocation.
cash-realization-source-targets-pass-1,Capital flow research system,Multiple,current synthesis,derived source-target control artifact,CFRL-001;CFRL-002;CFRL-003;CFRL-004;CFRL-005;CFRL-006;CFRL-007;CFRL-008;CFRL-009;CFRL-010,1,local-derived,analysis/company-first-principles/data/capital-flow-cash-realization-source-targets-pass-1.csv,cross-lane cash-realization source targets; priority order; target document families; upgrade rules; hold and disproof rules,derived-control,Defines the cross-lane source target map for cash-realization proof; not a new primary source.
cash-realization-source-acquisition-queue-pass-1,Capital flow research system,Multiple,current synthesis,derived source-acquisition queue artifact,CFCRST-001;CFCRST-002;CFCRST-003;CFCRST-004;CFCRST-005;CFCRST-006;CFCRST-007;CFCRST-008;CFCRST-009;CFCRST-010;CFCRST-011;CFCRST-012,1,local-derived,analysis/company-first-principles/data/capital-flow-cash-realization-source-acquisition-queue-pass-1.csv,cash-realization acquisition queue; action types; expected local paths; readiness; blockers; pass and hold tests,derived-control,"Converts cross-lane cash-realization source targets into executable acquisition, parsing, monitoring, and local-derivation actions; not a new primary source."
publication-claim-cash-realization-audit-pass-1,Capital flow research system,Multiple,current synthesis,derived publication control artifact,PCRC-001;PCRC-002;PCRC-003;PCRC-004;PCRC-005;PCRC-006;PCRC-007;PCRC-008;PCRC-009;PCRC-010;PCRC-011;PCRC-012;PCRC-013;PCRC-014;PCRC-015,1,local-derived,analysis/company-first-principles/data/capital-flow-publication-claim-cash-realization-audit-pass-1.csv,publication claim cash-realization levels; boundaries; required adjustments; next cash proof; safe use,derived-control,Audits publication-ready claims against the cash-realization ladder; not a new primary source.
519-company-cash-realization-batch-pass-1,Capital flow research system,Multiple,current synthesis,derived 519-company cash-realization batch artifact,CFCRAQ-011;CF519P2-001;CF519P2-035,1,local-derived,analysis/company-first-principles/data/capital-flow-519-company-cash-realization-batch-pass-1.csv,35-company cash-realization execution batch; source families; expected fields; upgrade tests; disproof tests; safe claims,derived-control,Converts the first 35-company pilot into cash-realization execution rows; not a new primary source.
519-company-cash-realization-source-table-pass-1,Capital flow research system,Multiple,current synthesis,derived 519-company cash-realization source table artifact,CF519CR-001;CF519CR-035,1,local-derived,analysis/company-first-principles/data/capital-flow-519-company-cash-realization-source-table-pass-1.csv,35-company cash-realization source table; source-visible status; local evidence pages; cash/proxy metrics; pass/hold/queued outcomes,derived-control,Separates the first 35-company pilot into source-visible and queued cash-realization rows; not a new primary source.
519-company-money-movement-map-pass-1,Capital flow research system,Multiple,current synthesis,derived 519-company money movement map artifact,CF519CST-001;CF519CST-035,1,local-derived,analysis/company-first-principles/data/capital-flow-519-company-money-movement-map-pass-1.csv,16-company non-queued money movement map; source of money; routing channel; use and destination; asset project or borrower; cash channel; missing proof,derived-control,Maps the non-queued pilot rows from source of money to destination and visible cash channel; not a new primary source.
519-company-denominator-control-pass-1,Capital flow research system,Multiple,current synthesis,derived 519-company denominator control artifact,CF519CST-001;CF519CST-035,1,local-derived,analysis/company-first-principles/data/capital-flow-519-company-denominator-control-pass-1.csv,35-company denominator control table; metric classes; denominator families; allowed comparisons; forbidden comparisons; upgrade tests,derived-control,Controls comparability across the first 35-company pilot so source-visible proxy evidence is not treated as cross-company return proof; not a new primary source.
pbf-2026q2-sec-10q,PBF Energy,PBF,Q2 2026,10-Q,CF519CR-015;CF519CST-015,1,https://www.sec.gov/Archives/edgar/data/1534504/000153450426000030/pbf-20260630.htm,raw/primary-sources/capital-flow/debt-refinancing/pbf/q2-2026/pbf-20260630-10q.htm,cash; debt carrying amount; noncurrent debt; operating cash flow; PP&E payments; debt repayments,extracted,Official SEC 10-Q downloaded and paired with SEC companyfacts for debt/refinancing denominator pass 1.
devon-2026q2-sec-10q,Devon Energy Corporation,DVN,Q2 2026,10-Q,CF519CR-016;CF519CST-016,1,https://www.sec.gov/Archives/edgar/data/1090012/000119312526334340/dvn-20260630.htm,raw/primary-sources/capital-flow/debt-refinancing/devon/q2-2026/dvn-20260630-10q.htm,cash; long-term debt; current debt; operating cash flow; repayments; dividends; repurchases,extracted,Official SEC 10-Q downloaded and paired with SEC companyfacts for debt/refinancing denominator pass 1.
matador-2026q2-sec-10q,Matador Resources Co.,MTDR,Q2 2026,10-Q,CF519CR-017;CF519CST-017,1,https://www.sec.gov/Archives/edgar/data/1520006/000152000626000041/mtdr-20260630.htm,raw/primary-sources/capital-flow/debt-refinancing/matador/q2-2026/mtdr-20260630-10q.htm,cash; long-term debt; secured debt; operating cash flow; secured and unsecured debt proceeds; secured debt repayments,extracted,Official SEC 10-Q downloaded and paired with SEC companyfacts for debt/refinancing denominator pass 1.
liberty-broadband-2026q2-sec-10q,Liberty Broadband Corporation,LBRDK,Q2 2026,10-Q,CF519CR-018;CF519CST-018,1,https://www.sec.gov/Archives/edgar/data/1611983/000110465926088133/lbrda-20260630x10q.htm,raw/primary-sources/capital-flow/debt-refinancing/liberty-broadband/q2-2026/lbrda-20260630-10q.htm,cash; current debt; long-term debt; continuing-operations operating cash flow; debt proceeds; debt repayments,extracted,Official SEC 10-Q downloaded and paired with SEC companyfacts for debt/refinancing denominator pass 1.
wheaton-2026q2-sec-6k,Wheaton Precious Metals Corp.,WPM,Q2 2026,6-K,CF519CR-019;CF519CST-019,1,https://www.sec.gov/Archives/edgar/data/1323404/000119312526338641/d15525d6k.htm,raw/primary-sources/capital-flow/debt-refinancing/wheaton/q2-2026/wpm-20260630-6k.htm,foreign issuer Q2 route; stream contracts; debt/revolver text; IFRS table parse complete,extracted,Official SEC 6-K downloaded; Q2 2026 metric extraction completed through SEC-rendered IFRS exhibit and report-table parse.
debt-refinancing-sec-source-denominator-pass-1,Capital flow research system,Multiple,Q2 2026,derived debt/refinancing source and denominator artifact,CF519CR-015;CF519CR-019,1,local-derived,analysis/company-first-principles/data/capital-flow-debt-refinancing-sec-source-denominator-pass-1.csv,debt/refinancing source routes; local SEC filings; companyfacts caches; cash; debt; operating cash flow; proceeds; repayments; Wheaton IFRS table extraction,derived-control,Upgrades the five debt/refinancing pilot rows from generic queue status into SEC source-visible denominator-started rows; not a new primary source.
wheaton-6k-ifrs-debt-cash-extraction-pass-1,Wheaton Precious Metals Corp.,WPM,Q2 2026,derived SEC-rendered IFRS extraction artifact,CF519CR-019;CF519CST-019;CFDRSD-005,1,local-derived,analysis/company-first-principles/data/capital-flow-wheaton-6k-ifrs-debt-cash-extraction-pass-1.csv,sales; operating cash flow; cash; gross bank debt; revolver debt; term loan debt; bank debt drawn and repaid; upfront PMPA payments,derived-control,Extracts Wheaton Q2 2026 SEC-rendered IFRS tables and MD&A context from already downloaded SEC exhibits; not a new primary source.
debt-refinancing-use-return-frontier-pass-1,Capital flow research system,Multiple,Q2 2026,derived debt/refinancing use-return frontier artifact,CFDRSD-001;CFDRSD-005,1,local-derived,analysis/company-first-principles/data/capital-flow-debt-refinancing-use-return-frontier-pass-1.csv,debt/refinancing use-return questions; row-level hypotheses; proof gaps; disproof tests; next exact sources,derived-control,Defines the next debt/refinancing frontier after all five pilot rows reached source-visible denominator-started status; not a new primary source.
wheaton-antamina-use-return-bridge-pass-1,Wheaton Precious Metals Corp.,WPM,Q2 2026,derived Antamina source-use-output-cash bridge artifact,CFDRSD-005;CFDRUR-005;CFWPM6K-001;CFWPM6K-010,1,local-derived,analysis/company-first-principles/data/capital-flow-wheaton-antamina-use-return-bridge-pass-1.csv,Antamina PMPA use of cash; financing movement; contract payment term; production entitlement; term; company output and cash metrics,derived-control,"Builds a company-level source-use-output-cash bridge from locally downloaded SEC MD&A, IFRS, and rendered report-table sources; not a new primary source."
matador-2026q2-eighth-credit-amendment,Matador Resources Co.,MTDR,Q2 2026,8-K Exhibit 10.1 / credit agreement amendment,CFDRUR-003;CFMTDRBB-007;CFMTDRBB-010,1,https://www.sec.gov/Archives/edgar/data/1520006/000152000626000029/exhibit101-creditagreement.htm,raw/primary-sources/capital-flow/debt-refinancing/matador/q2-2026/exhibit101-creditagreement-eighth-amendment.htm,borrowing base reaffirmation; elected commitment increase; lender group; collateral coverage condition,extracted,Official SEC credit agreement amendment downloaded from Matador June 2026 8-K exhibit route referenced in Q2 2026 10-Q.
matador-borrowing-base-use-return-bridge-pass-1,Matador Resources Co.,MTDR,Q2 2026,derived borrowing-base source-use-output-cash bridge artifact,CFDRSD-003;CFDRUR-003;CFMTDRBB-001;CFMTDRBB-023,1,local-derived,analysis/company-first-principles/data/capital-flow-matador-borrowing-base-use-return-bridge-pass-1.csv,Matador borrowing base; elected commitments; bank group; collateral coverage; capex; acquisitions; operating cash flow; production and revenue output,derived-control,Builds a borrowing-base-level source-use-output-cash bridge from locally downloaded SEC 10-Q and credit amendment evidence; not a new primary source.
liberty-broadband-holdco-restructuring-bridge-pass-1,Liberty Broadband Corporation,LBRDK/LBRDA,Q2 2026,derived holding-company collateral/liquidity restructuring bridge artifact,CFDRSD-004;CFDRUR-004;CFLBHR-001;CFLBHR-025,1,local-derived,analysis/company-first-principles/data/capital-flow-liberty-broadband-holdco-restructuring-bridge-pass-1.csv,Liberty Broadband cash; Charter investment; margin loan; Charter loan; debt repayments; Charter share monetization; debenture settlement; liquidity mechanics,derived-control,Builds a holdco collateral/liquidity restructuring bridge from locally downloaded SEC 10-Q evidence; not a new primary source.
pbf-refining-liquidity-use-return-bridge-pass-1,PBF Energy Inc.,PBF,Q2 2026,derived refining liquidity source/use/cash bridge artifact,CFDRSD-001;CFDRUR-001;CFPBFRL-001;CFPBFRL-028,1,local-derived,analysis/company-first-principles/data/capital-flow-pbf-refining-liquidity-use-return-bridge-pass-1.csv,PBF senior-note issuance; net proceeds; 2028 note redemption; revolver borrowings and repayments; cash; operating cash flow; PP&E and turnaround spending; throughput; refining margin; covenant compliance,derived-control,Builds a company-level refining liquidity and cash bridge from locally downloaded SEC 10-Q evidence; not a new primary source.
devon-merger-period-allocation-bridge-pass-1,Devon Energy Corporation,DVN,Q2 2026,derived merger-period allocation/cash-return bridge artifact,CFDRSD-002;CFDRUR-002;CFDVNMP-001;CFDVNMP-040,1,local-derived,analysis/company-first-principles/data/capital-flow-devon-merger-period-allocation-bridge-pass-1.csv,Devon cash; debt stack; Coterra assumed debt; exchange offers; credit facility; covenant headroom; term-loan repayment; senior-note redemption; operating cash flow; capex; property acquisitions; dividends; repurchases; production; merger contribution,derived-control,Builds a company-level merger-period allocation bridge from locally downloaded SEC 10-Q evidence; not a new primary source.
debt-refinancing-bridge-upgrade-queue-pass-1,Capital flow research system,Multiple,Q2 2026 and next periods,derived debt/refinancing bridge upgrade source queue,CFDRBUQ-001;CFDRBUQ-020,1,local-derived,analysis/company-first-principles/data/capital-flow-debt-refinancing-bridge-upgrade-queue-pass-1.csv,Wheaton delivery/cash receipt and debt service targets; Matador source/use reserve/collateral and asset cash targets; Liberty LTV Charter loan debenture and merger funds-flow targets; PBF ABL note economics normalized cash and refinery-output targets; Devon treasury funds-flow synergy lease-return and payout-sustainability targets,derived-control,Converts the five completed debt/refinancing bridge cases into exact next-source and extraction targets; not a new primary source.
matador-source-specific-use-allocation-pass-1,Matador Resources Co.,MTDR,Q2 2026,derived aggregate source/use reconciliation artifact,CFDRBUQ-005;CFMTDRSUA-001;CFMTDRSUA-035,1,local-derived,analysis/company-first-principles/data/capital-flow-matador-source-specific-use-allocation-pass-1.csv,Matador operating cash flow; net financing; net Credit Agreement borrowings; net San Mateo borrowings; net senior-note funding; development capex; oil-and-gas property acquisitions; BLM acquisition; cash/restricted cash increase; borrowing-base and commitment context,derived-control,Executes the first Matador upgrade-queue row from locally downloaded SEC 10-Q and credit amendment evidence; proves aggregate timing reconciliation but not source-specific allocation.
devon-treasury-funds-flow-pass-1,Devon Energy Corporation,DVN,Q2 2026,derived statement-level treasury funds-flow reconciliation artifact,CFDRBUQ-017;CFDVNTFF-001;CFDVNTFF-034,1,local-derived,analysis/company-first-principles/data/capital-flow-devon-treasury-funds-flow-pass-1.csv,Devon operating cash flow; merger cash; divestitures; investment distributions; cash-balance drawdown; capex; property/equipment acquisitions; debt repayment; dividends; buybacks; non-cash merger consideration; assumed liabilities; exchange offers,derived-control,Executes the Devon treasury funds-flow upgrade-queue row from locally downloaded SEC 10-Q evidence; proves statement-level source/use reconciliation but not dollar-level allocation or return.
pbf-note-refinancing-economics-pass-1,PBF Energy Inc.,PBF,Q2 2026,derived note-refinancing economics artifact,CFDRBUQ-014;CFPBFNRE-001;CFPBFNRE-028,1,local-derived,analysis/company-first-principles/data/capital-flow-pbf-note-refinancing-economics-pass-1.csv,PBF 2034 note issuance; net proceeds; 2028 note redemption; gross-to-net proceeds gap; available cash bridge; principal reduction; coupon delta; annual coupon relief; extinguishment loss; deferred financing costs; debt-cost boundary,derived-control,Executes the PBF note-refinancing economics upgrade-queue row from locally downloaded SEC 10-Q evidence; proves refinancing mechanics and simple annual coupon relief but not refinancing value creation.
liberty-debenture-settlement-economics-pass-1,Liberty Broadband Corporation,LBRDK/LBRDA,Q2 2026,derived debenture settlement economics artifact,CFDRBUQ-011;CFLBDSE-001;CFLBDSE-029,1,local-derived,analysis/company-first-principles/data/capital-flow-liberty-debenture-settlement-economics-pass-1.csv,Liberty 2053 exchangeable debenture put and retirement; settlement cash paid; funding-source language; fair-value accounting boundary; debt borrowings and repayments; total debt reduction; Charter collateral-account value; LTV trigger; Charter loan terms,derived-control,Executes the Liberty Broadband debenture settlement economics upgrade-queue row from locally downloaded SEC 10-Q evidence; proves debt-retirement mechanics and funding-source context but not favorable settlement economics or shareholder realization.
matador-debt-service-quality-pass-1,Matador Resources Co.,MTDR,Q2 2026,derived debt-service quality artifact,CFDRBUQ-008;CFMTDRDSQ-001;CFMTDRDSQ-042,1,local-derived,analysis/company-first-principles/data/capital-flow-matador-debt-service-quality-pass-1.csv,Matador borrowing base; elected commitment; letters of credit; simple availability; covenant thresholds; compliance; interest expense; capitalized interest; 2028 tender and redemption; 2034 notes; premium; extinguishment loss; coupon math,derived-control,"Executes the Matador debt-service quality upgrade-queue row from locally downloaded SEC 10-Q and Eighth Amendment evidence; proves proxy-grade debt-service quality but not pricing-grid economics, covenant cushion, reserve collateral sufficiency, or asset return."
pbf-insurance-normalized-cash-flow-pass-1,PBF Energy Inc.,PBF,Q2 2026,derived insurance-normalized cash-flow quality artifact,CFDRBUQ-015;CFPBFINCF-001;CFPBFINCF-030,1,local-derived,analysis/company-first-principles/data/capital-flow-pbf-insurance-normalized-cash-flow-pass-1.csv,PBF operating cash flow; operating insurance proceeds; investing insurance proceeds; LCM adjustment; working-capital controls; PP&E; turnaround spending; cash interest; gross refining margin; throughput; insurance-adjusted OCF proxy,derived-control,Executes the PBF insurance-normalized recurring-cash-flow upgrade-queue row from locally downloaded SEC 10-Q evidence; proves a bounded company-level cash-quality proxy but not recurring refinery-level return.
devon-debt-payout-sustainability-pass-1,Devon Energy Corporation,DVN,Q2 2026,derived debt/payout sustainability artifact,CFDRBUQ-020;CFDVNDPS-001;CFDVNDPS-051,1,local-derived,analysis/company-first-principles/data/capital-flow-devon-debt-payout-sustainability-pass-1.csv,Devon operating cash flow; capex; acquisitions; dividends; buybacks; debt repayments; interest based on debt outstanding; fixed dividend target; repurchase authorization; liquidity; covenant headroom; commodity sensitivity,derived-control,Executes the Devon debt economics and shareholder-return sustainability upgrade-queue row from locally downloaded SEC 10-Q evidence; proves proxy-grade same-period debt/payout resilience but not full-cycle sustainability.
debt-refinancing-source-use-cash-allocation-pass-1,Capital flow research system,Multiple,Q2 2026,derived debt/refinancing source-use-cash allocation artifact,CFDRUR-001;CFDRUR-005,1,local-derived,analysis/company-first-principles/data/capital-flow-debt-refinancing-source-use-cash-allocation-pass-1.csv,PBF Devon Matador Liberty Broadband and Wheaton source of funds; use of funds; asset or transaction; operating or cash context; allocation grade; missing proof,derived-control,Synthesizes the five debt/refinancing bridge rows into source/use/cash allocation bridges; not a new primary source.
capital-flow-end-to-end-graph-pass-1,Capital flow research system,Multiple,current synthesis,derived end-to-end capital-flow graph artifact,CFE2EG-001;CFE2EG-016,1,local-derived,analysis/company-first-principles/data/capital-flow-end-to-end-graph-pass-1.csv,capital source; router; vehicle or instrument; recipient; use of funds; asset project or borrower; output metric; cash metric; proof level; evidence page; missing proof; safe claim,derived-control,Seeds the source-backed capital-flow graph across 16 current evidence rows; not a new primary source.
capital-flow-end-to-end-graph-upgrade-queue-pass-1,Capital flow research system,Multiple,current synthesis,derived end-to-end graph upgrade queue artifact,CFE2EGUQ-001;CFE2EGUQ-016,1,local-derived,analysis/company-first-principles/data/capital-flow-end-to-end-graph-upgrade-queue-pass-1.csv,graph flow upgrade queue; priority; next upgrade target; action type; target source; source route; expected output; fields; pass test; hold/disproof test; next artifact; safe claim,derived-control,Turns each seeded graph flow into an executable next-proof task; not a new primary source.
wheaton-antamina-pmpa-economics-pass-1,Wheaton Precious Metals Corp.,WPM,Q2 2026,derived Antamina PMPA economics proxy artifact,CFDRBUQ-003;CFWAPMPA-001;CFWAPMPA-029,1,local-derived,analysis/company-first-principles/data/capital-flow-wheaton-antamina-pmpa-economics-pass-1.csv,Wheaton Antamina upfront PMPA payment; production entitlement; delivery payment formula; life-of-mine term; Antamina revenue; cost excluding depletion; depletion; profit; operating cash flow; assets; cash-margin and payback proxies,derived-control,Executes the Wheaton Antamina PMPA economics upgrade-queue row from locally downloaded SEC 6-K financial statements and MD&A evidence; proves stream-level economics proxy evidence but not full PMPA return.
wheaton-antamina-net-cash-return-pass-1,Wheaton Precious Metals Corp.,WPM,Q2 2026,derived Antamina net cash-return proxy artifact,CFDRBUQ-004;CFWANCR-001;CFWANCR-031,1,local-derived,analysis/company-first-principles/data/capital-flow-wheaton-antamina-net-cash-return-pass-1.csv,Wheaton Antamina revenue; cost excluding depletion; depletion; profit; operating cash flow; assets; company finance costs; company income tax expense; term-loan and bank-debt denominators; cash-yield and accounting-profit proxies,derived-control,Executes the Wheaton Antamina tax/depletion/interest allocation upgrade-queue row from locally downloaded SEC 6-K financial statements and MD&A evidence; proves a pre-tax pre-interest net cash-return proxy but not Antamina-specific tax or interest allocation.
wheaton-antamina-cash-return-proof-stack-pass-1,Wheaton Precious Metals Corp.,WPM,Q2 2026,derived Antamina cash-return proof stack artifact,CFE2EGUQ-001;CFWACRPS-001;CFWACRPS-015,1,local-derived,analysis/company-first-principles/data/capital-flow-wheaton-antamina-cash-return-proof-stack-pass-1.csv,Wheaton Antamina proof gates; named cash use; financing context; production entitlement; stream revenue; cost; depletion; profit; operating cash flow; asset denominator; tax and interest holds; return proxy,derived-control,Executes the top end-to-end graph upgrade queue row from local Wheaton Antamina evidence; proves named source/use/cash-return proxy status but not full PMPA return.
ares-borrower-facility-use-cash-proof-stack-pass-1,Ares Management Corporation,ARES,Q1/Q2 2026,derived Ares borrower facility use cash proof stack artifact,CFE2EGUQ-003;CFABFUCP-001;CFABFUCP-014,1,local-derived,analysis/company-first-principles/data/capital-flow-ares-borrower-facility-use-cash-proof-stack-pass-1.csv,Ares borrower lane selection; Frontline Road Safety operating borrower; sponsor transaction; Ares arranger role; holder fair value; commitment context; first-lien instrument markers; use-of-proceeds hold; bank-role hold; borrower cash hold,derived-control,Executes the Ares end-to-end graph upgrade queue row from local borrower holder evidence; proves named borrower destination and holder-dollar visibility through Frontline but not full facility/use/cash proof.
sterling-project-cash-collection-source-target-pass-1,Sterling Infrastructure Inc.,STRL,Q2 2026 / July 2026,derived Sterling project cash collection source target artifact,CFE2EGUQ-004;CFSTRLPCC-001;CFSTRLPCC-015,1,local-derived,analysis/company-first-principles/data/capital-flow-sterling-project-cash-collection-source-target-pass-1.csv,Sterling RPO growth; contract timing; OCF less capex; debt/RPO; revolver and L/C wrapper; bonding mechanics; backlog quality; acquired-versus-organic split; owner-funding hold; project-cash hold; L/C usage hold,derived-control,Executes the Sterling end-to-end graph upgrade queue row from local backlog and credit-wrapper evidence; proves project-execution cash proxy status but not named owner funding or project cash collection.
energy-transfer-project-cash-realization-pass-1,Energy Transfer LP,ET,Q2 2026 / January 2026,derived Energy Transfer project cash realization boundary artifact,CFE2EGUQ-005;CFETPCR-001;CFETPCR-015,1,local-derived,analysis/company-first-principles/data/capital-flow-energy-transfer-project-cash-realization-pass-1.csv,Energy Transfer adjusted EBITDA; DCF; growth capex; credit facility; senior notes; note redemptions; covenant clue; Nederland expansion; Lone Star capacity; y-grade agreements; customer cash hold; project EBITDA hold; source-to-project hold,derived-control,Executes the Energy Transfer end-to-end graph upgrade queue row from local company funding and project-output evidence; proves company-level source/use/output/cash-proxy status but not named-project cash realization.
uri-fleet-cash-yield-source-target-pass-1,United Rentals Inc.,URI,Q2 2026 / H1 2026,derived URI fleet cash-yield source target artifact,CFE2EGUQ-006;CFURIFCYST-001;CFURIFCYST-016,1,local-derived,analysis/company-first-principles/data/capital-flow-uri-fleet-cash-yield-source-target-pass-1.csv,URI OEC; rental-equipment purchase cash; gross rental capex; equipment sale proceeds; net fleet cash investment; owned-rental output; rental revenue/OEC; adjusted EBITDA/OEC; segment margin; segment asset proxy; OCF coverage; AR collateral support; fleet-class proof hold,derived-control,"Executes the United Rentals end-to-end graph upgrade queue row from local fleet, cash, segment, and collateral evidence; proves fleet cash-yield proxy status but not fleet-class cash yield or ROIC."
cheniere-project-cash-waterfall-source-target-pass-1,Cheniere Energy Inc.,LNG,FY 2025 / Q2 2026,derived Cheniere project cash-waterfall source target artifact,CFE2EGUQ-007;CFLNGPCWST-001;CFLNGPCWST-016,1,local-derived,analysis/company-first-principles/data/capital-flow-cheniere-project-cash-waterfall-source-target-pass-1.csv,Cheniere revenue; DCF; adjusted EBITDA; DOE cargo reconciliation; DOE physical volume; contracted production; SPA/IPM duration; CPC Taiwan SPA; CCL Stage 3; Train 6; growth capital; equity-funded growth capital; SPL/CQP/CCH/parent debt; debt-service denominator; executed-SPA revenue denominator; train waterfall hold,derived-control,"Executes the Cheniere end-to-end graph upgrade queue row from local LNG output, customer-demand, funding-split, and entity-debt evidence; proves source/use/output/customer-demand status but not train-level cash-waterfall proof."
pbf-pro-forma-debt-service-refinery-cash-pass-1,PBF Energy Inc.,PBF,Q2 2026 / H1 2026,derived PBF pro forma debt-service and refinery-cash artifact,CFE2EGUQ-008;CFPBFPFRC-001;CFPBFPFRC-016,1,local-derived,analysis/company-first-principles/data/capital-flow-pbf-pro-forma-debt-service-refinery-cash-pass-1.csv,PBF 2034 notes; net proceeds; 2028 note redemption; available-cash bridge; principal reduction; coupon relief; deferred financing costs; extinguishment loss; revolver movement; insurance-normalized OCF; cash interest; PP&E; turnaround spending; throughput; gross refining margin; refinery-return hold,derived-control,Executes the PBF end-to-end graph upgrade queue row from local note-refinancing and insurance-normalized cash-flow evidence; proves pro forma debt-service and refinery-cash proxy status but not refinancing value creation or refinery-level return.
matador-source-specific-asset-cash-pass-1,Matador Resources Co.,MTDR,Q2 2026 / H1 2026,derived Matador source-specific asset-cash artifact,CFE2EGUQ-009;CFMTDRSSAC-001;CFMTDRSSAC-016,1,local-derived,analysis/company-first-principles/data/capital-flow-matador-source-specific-asset-cash-pass-1.csv,Matador operating cash; Credit Agreement movement; San Mateo movement; senior-note funding; aggregate source/use reconciliation; development capex; oil-and-gas property acquisitions; BLM Acquisition; borrowing base; elected commitments; unused commitment; lender/collateral mechanics; interest expense; production; revenue; asset-cash hold,derived-control,"Executes the Matador end-to-end graph upgrade queue row from local source/use, debt-service, borrowing-base, and operating-output evidence; proves aggregate source/use plus borrowing-base and output/cash context but not source-specific asset cash."
devon-source-priority-stress-fcf-pass-1,Devon Energy Corporation,DVN,Q2 2026 / H1 2026,derived Devon source-priority stress FCF artifact,CFE2EGUQ-010;CFDVNSPSF-001;CFDVNSPSF-016,1,local-derived,analysis/company-first-principles/data/capital-flow-devon-source-priority-stress-fcf-pass-1.csv,Devon OCF; capex; post-capex cash proxy; dividends; buybacks; debt repayments; interest burden; liquidity; covenant headroom; no revolver/commercial-paper borrowings; Coterra debt assumption; New Devon Notes; Senior Credit Facility; production; Coterra revenue and net earnings; source-priority/stress hold,derived-control,"Executes the Devon end-to-end graph upgrade queue row from local treasury, debt/payout, merger-period, and Coterra contribution evidence; proves same-period cash coverage and contribution proxy status but not source-priority or stress-tested asset return."
liberty-ltv-merger-shareholder-realization-pass-1,Liberty Broadband Corporation,LBRDK/LBRDA,Q2 2026 / H1 2026,derived Liberty LTV merger shareholder realization artifact,CFE2EGUQ-011;CFLBLMSR-001;CFLBLMSR-016,1,local-derived,analysis/company-first-principles/data/capital-flow-liberty-ltv-merger-shareholder-realization-pass-1.csv,Liberty Charter investment; cash; Margin Loan Facility; Charter Loan Facility; debenture settlement; restricted cash source; debt rollforward; Charter share monetization; collateral shares; collateral value; simple collateral ratio; LTV trigger; final merger/shareholder realization hold,derived-control,Executes the Liberty end-to-end graph upgrade queue row from local holdco restructuring and debenture-settlement evidence; proves holdco money-movement mechanics with LTV context but not contractual LTV sufficiency or final shareholder realization.
mastec-project-cash-collection-pass-1,MasTec Inc.,MTZ,Q2 2026 / H1 2026,derived MasTec project cash collection artifact,CFE2EGUQ-012;CFMTZPCC-001;CFMTZPCC-016,1,local-derived,analysis/company-first-principles/data/capital-flow-mastec-project-cash-collection-pass-1.csv,MasTec backlog; CE&I backlog; Power Delivery backlog; revenue; adjusted EBITDA; operating cash flow; capex; contract liabilities; DSO; liquidity; leverage; debt; segment taxonomy; physical output context; project-owner funding and collection hold,derived-control,"Executes the MasTec end-to-end graph upgrade queue row from local power-grid pilot and 10-Q metric evidence; proves backlog-to-revenue/cash-proxy status but not project-owner funding, retainage, margin, or cash collection."
apollo-athene-statutory-cash-return-pass-1,Apollo / Athene,APO,Q2 2026 / FY2025,derived Apollo/Athene statutory cash return boundary artifact,CFE2EGUQ-013;CFAPOASCR-001;CFAPOASCR-016,1,local-derived,analysis/company-first-principles/data/capital-flow-apollo-athene-statutory-cash-return-pass-1.csv,Apollo/Athene retirement-services inflows; Athene-attributable inflows; net flows; gross and net invested assets; alternatives; spread-related earnings; direct-origination AUM; asset-backed-finance AUM; Athene Accounts AUM; net floating-rate assets; deployable capital; liability stickiness; statutory proof hold,derived-control,"Executes the Apollo/Athene end-to-end graph upgrade queue row from local channel, invested-asset, and spread evidence; proves liability-channel money movement and spread proxy but not statutory asset-income, credit-quality, or cash-return proof."
kkr-global-atlantic-borrower-allocation-pass-1,KKR / Global Atlantic,KKR,Q2 2026,derived KKR Global Atlantic borrower allocation boundary artifact,CFE2EGUQ-014;CFKKRGABA-001;CFKKRGABA-016,1,local-derived,analysis/company-first-principles/data/capital-flow-kkr-global-atlantic-borrower-allocation-pass-1.csv,Global Atlantic AUM; credit AUM; Ivy/sponsored reinsurance vehicle AUM; insurance investments; insurance policy liabilities; AFS fixed maturities; mortgage and other loans; investment income; loan income; credit-loss allowances; past-due loans; LTV buckets; FHLB pledged assets; borrower allocation hold,derived-control,"Executes the KKR/Global Atlantic end-to-end graph upgrade queue row from local insurance and 10-Q evidence; proves insurance balance-sheet, asset-income, and credit-quality proxy status but not statutory vehicle-to-borrower allocation."
blackstone-credit-borrower-use-cash-pass-1,Blackstone Credit & Insurance,BX,Q2 2026 / borrower evidence,derived Blackstone credit borrower-use cash boundary artifact,CFE2EGUQ-015;CFBXCBUC-001;CFBXCBUC-016,1,local-derived,analysis/company-first-principles/data/capital-flow-blackstone-credit-borrower-use-cash-pass-1.csv,Blackstone Credit & Insurance AUM; fee-earning AUM; inflows; direct-lending inflows; BCRED equity raised; infrastructure and asset-based credit inflows; insurance SMA inflows; deployed capital; private-credit return; segment distributable earnings; BXSL portfolio base; industry destinations; Auctane Guidehouse Medallia borrower candidates; borrower-use/cash hold,derived-control,"Executes the Blackstone end-to-end graph upgrade queue row from local platform, vehicle, industry, and borrower-candidate evidence; proves channel/vehicle/industry/borrower-candidate money movement but not borrower-use or cash-return proof."
plains-tariff-volume-cash-pass-1,Plains All American Pipeline LP,PAA,2026-07-01 / FY 2025,derived Plains tariff volume cash boundary artifact,CFE2EGUQ-016;CFPAATVC-001;CFPAATVC-016,1,local-derived,analysis/company-first-principles/data/capital-flow-plains-tariff-volume-cash-pass-1.csv,Plains Texas RRC tariff TX 3.6.0; effective date; Karnes County origin; Cactus III/Hobson destination; 178.98 cents per barrel base rate; negotiated-rate note; acquisition/control context; shipper/volume/billing/revenue/segment-cash holds,derived-control,"Executes the Plains end-to-end graph upgrade queue row from local tariff route/rate and acquisition/control evidence; proves specific commercial route and rate visibility but not committed volume, billing, realized revenue, or segment cash."
executed-money-movement-synthesis-pass-1,Capital flow research system,Multiple,current synthesis,derived executed money-movement synthesis artifact,CFE2EGUQ-001;CFE2EGUQ-016;CFEMMS-001;CFEMMS-016,1,local-derived,analysis/company-first-principles/data/capital-flow-executed-money-movement-synthesis-pass-1.csv,16 executed queue rows; who controls money; source of money; movement mechanism; destination; cash-back channel; proof grade; missing proof; next source,derived-control,Synthesizes the completed 16-row end-to-end graph upgrade queue into a direct answer to who is investing where and how money moves; not a new primary source.
cash-return-source-work-order-pass-1,Capital flow research system,Multiple,current synthesis,derived cash-return source work order artifact,CFEMMS-001;CFEMMS-016;CFCRSWO-001;CFCRSWO-016,1,local-derived,analysis/company-first-principles/data/capital-flow-cash-return-source-work-order-pass-1.csv,16 source work-order rows; decisive source package; source route; extraction fields; upgrade target; pass test; hold/disproof test; next artifact,derived-control,Converts the executed money-movement synthesis into the next proof-acquisition work order; not a new primary source.
wheaton-antamina-full-return-source-test-pass-1,Wheaton Precious Metals Corp.,WPM,Q2 2026 / H1 2026,derived Wheaton Antamina full return source test artifact,CFCRSWO-001;CFWAFRST-001;CFWAFRST-016,1,local-derived,analysis/company-first-principles/data/capital-flow-wheaton-antamina-full-return-source-test-pass-1.csv,Antamina PMPA payment; bank debt draw/repayment; term loan; revolver; production entitlement; delivery payment formula; life-of-mine term; revenue; cash cost; depletion; profit; OCF; asset denominator; return proxies; full-return blockers,derived-control,Executes the Wheaton Antamina cash-return source work-order row from local PMPA/debt/stream-economics evidence; confirms strongest named cash-return proxy but not full PMPA return proof.
fpl-distribution-inspection-customer-receipt-source-test-pass-1,FPL / NextEra Energy,NEE,2025 final true-up / 2026 factor year,derived FPL Distribution Inspection customer receipt source test artifact,CFCRSWO-002;CFFPLCRST-001;CFFPLCRST-016,1,local-derived,analysis/company-first-principles/data/capital-flow-fpl-distribution-inspection-customer-receipt-source-test-pass-1.csv,Distribution Inspection projects; AP-1 actual cost; final expenditures; additions to plant; final recovery; equity/debt/depreciation components; aggregate clause revenue; true-up collection line; rate-factor authority; capital structure; FPL-wide cash context; customer receipt hold; funding allocation hold; time-gated source,derived-control,Executes the FPL Distribution Inspection cash-return source work-order row from local PSC and FPL evidence; confirms strongest regulated recovery proxy but not category customer-receipt or funding-allocation proof.
cheniere-train-cash-waterfall-source-test-pass-1,Cheniere Energy Inc.,LNG,FY 2025 / Q2 2026,derived Cheniere train cash waterfall source test artifact,CFCRSWO-003;CFCTCWST-001;CFCTCWST-016,1,local-derived,analysis/company-first-principles/data/capital-flow-cheniere-train-cash-waterfall-source-test-pass-1.csv,Cheniere revenue; DCF; adjusted EBITDA; company/DOE cargo reconciliation; DOE volume; contracted production; SPA/IPM life; CPC Taiwan SPA; CCL Stage 3; Train 6; growth capital; equity-funded growth capital; entity debt; train-waterfall blockers,derived-control,Executes the Cheniere cash-return source work-order row from local LNG source/use/output/customer-demand evidence; confirms strong output-demand proxy but not train-level cash-waterfall proof.
uri-fleet-cash-yield-source-test-pass-1,United Rentals Inc.,URI,Q2 2026 / H1 2026,derived URI fleet cash-yield source test artifact,CFCRSWO-004;CFURIFCYST2-001;CFURIFCYST2-016,1,local-derived,analysis/company-first-principles/data/capital-flow-uri-fleet-cash-yield-source-test-pass-1.csv,URI OEC; rental-equipment purchase payments; gross rental capex; equipment-sale proceeds; net fleet cash investment; owned-equipment rentals; owned-rental share; rental revenue/OEC; adjusted EBITDA/OEC; segment gross margin; segment asset-productivity proxy; OCF/gross rental capex; OCF/net fleet cash investment; AR collateral-pool coverage; fleet-class return blockers,derived-control,"Executes the URI cash-return source work-order row from local fleet cash-use, output, cash-recycling, margin, cash-coverage, and collateral evidence; confirms strong company/fleet proxy but not fleet-class cash-yield or ROIC proof."
sterling-project-cash-collection-source-test-pass-1,Sterling Infrastructure Inc.,STRL,Q2 2026 / July 2026,derived Sterling project cash collection source test artifact,CFCRSWO-005;CFSTRLPCCST-001;CFSTRLPCCST-016,1,local-derived,analysis/company-first-principles/data/capital-flow-sterling-project-cash-collection-source-test-pass-1.csv,Sterling RPO growth; contract liabilities; contract assets; net contract-liability timing; OCF less capex; debt/RPO; revolver; L/C sublimit; swing-line; L/C capacity increase; bonding mechanics; RPO conversion timing; unsigned awards; acquired backlog; acquisition revenue contribution; debt and cash; project-cash blockers,derived-control,"Executes the Sterling cash-return source work-order row from local backlog, contract timing, cash-conversion, credit-wrapper, L/C, surety, and acquisition evidence; confirms strong backlog-to-company-cash proxy but not named project cash-collection proof."
energy-transfer-named-project-cash-source-test-pass-1,Energy Transfer LP,ET,Q2 2026 / January 2026,derived Energy Transfer named project cash source test artifact,CFCRSWO-006;CFETNPCST-001;CFETNPCST-016,1,local-derived,analysis/company-first-principles/data/capital-flow-energy-transfer-named-project-cash-source-test-pass-1.csv,Energy Transfer adjusted EBITDA; DCF; growth capex; maintenance capex; growth-capex guidance; Five-Year Credit Facility availability; long-term debt; senior notes; note redemption; partnership leverage ratio; Nederland ethane and LPG capacity; Lone Star capacity; y-grade agreements; NGL transportation and export growth; named-project cash blockers,derived-control,"Executes the Energy Transfer cash-return source work-order row from local company cash-generation, capex, financing, named-capacity, and demand evidence; confirms strong company/project proxy but not named-project cash-realization proof."
cash-return-source-test-status-pass-1,Capital flow research system,Multiple,current synthesis,derived cash-return source test status artifact,CFCRSTS-001;CFCRSTS-006;CFCRSWO-001;CFCRSWO-006,1,local-derived,analysis/company-first-principles/data/capital-flow-cash-return-source-test-status-pass-1.csv,first six cash-return source tests; ranked proof ladder; current status; best evidence; money-movement answer; binding gap; next unlock source; safe claim,derived-control,Synthesizes the first six executed cash-return source tests into a proof-ladder status table; not a new primary source and not full cash-return proof.
money-movement-proof-graph-pass-1,Capital flow research system,Multiple,current synthesis,derived six-case money-movement proof graph artifact,CFMMPG-001;CFMMPG-006;CFCRSTS-001;CFCRSTS-006,1,local-derived,analysis/company-first-principles/data/capital-flow-money-movement-proof-graph-pass-1.csv,money source; route; funded asset/project/use; cash-back channel; payback beneficiary; proof grade; binding gap; next unlock source,derived-control,Converts the first six executed cash-return source tests into explicit source-route-use-cash-beneficiary proof chains; not a new primary source and not full cash-return proof.
all-16-money-movement-proof-graph-pass-1,Capital flow research system,Multiple,current synthesis,derived all-16 money-movement proof graph artifact,CFMMPG16-001;CFMMPG16-016;CFEMMS-001;CFEMMS-016,1,local-derived,analysis/company-first-principles/data/capital-flow-all-16-money-movement-proof-graph-pass-1.csv,all 16 executed money-movement rows; route group; money source; movement mechanism; funded use; cash-back channel; payback beneficiary; proof grade; binding gap; next unlock source,derived-control,Converts all 16 executed money-movement synthesis rows into explicit source-route-use-cash-beneficiary proof chains; not a new primary source and not full cash-return proof.
repeated-missing-source-index-pass-1,Capital flow research system,Multiple,current synthesis,derived repeated missing-source index artifact,CFRMSI-001;CFRMSI-012;CFMMPG16-001;CFMMPG16-016,1,local-derived,analysis/company-first-principles/data/capital-flow-repeated-missing-source-index-pass-1.csv,12 recurring missing source families; affected graph IDs; source documents needed; upgrade rule; hold rule; safe claim,derived-control,Converts the all-16 money-movement proof graph into a prioritized repeated missing-source index; not a new primary source and not full cash-return proof.
repeated-missing-source-work-order-pass-1,Capital flow research system,Multiple,current synthesis,derived repeated missing-source work order artifact,CFRMSWO-001;CFRMSWO-012;CFRMSI-001;CFRMSI-012,1,local-derived,analysis/company-first-principles/data/capital-flow-repeated-missing-source-work-order-pass-1.csv,12 repeated missing-source work-order rows; first action; source route; fields to extract; pass tests; hold/disproof tests; next artifacts,derived-control,Converts the repeated missing-source index into executable source-acquisition work orders; not a new primary source and not full cash-return proof.
customer-receipts-billing-source-route-pass-1,Capital flow research system,Multiple,current synthesis,derived customer receipts billing source-route artifact,CFRMSWO-001;CFCRBSR-001;CFCRBSR-005,1,local-derived,analysis/company-first-principles/data/capital-flow-customer-receipts-billing-source-route-pass-1.csv,FPL Sterling Energy Transfer MasTec Plains receipt/billing status; local proxy evidence; customer cash result; next receipt source; upgrade test; hold test,derived-control,Executes the first repeated missing-source work-order row across five receipt/billing cases; confirms proxy evidence but no named customer cash receipt proof.
source-to-use-allocation-work-order-pass-1,Capital flow research system,Multiple,current synthesis,derived source-to-use allocation work-order execution artifact,CFRMSWO-002;CFSTUA-001;CFSTUA-006,1,local-derived,analysis/company-first-principles/data/capital-flow-source-to-use-allocation-work-order-pass-1.csv,FPL Energy Transfer Matador Devon PBF Liberty source/use allocation status; current evidence; allocation result; remaining gap; next allocation source; upgrade test; hold test,derived-control,"Executes the second repeated missing-source work-order row across six source-to-use allocation cases; produces mixed-boundary result, not full allocation proof."
project-asset-cash-contribution-source-route-pass-1,Capital flow research system,Multiple,current synthesis,derived project/asset cash contribution source-route artifact,CFRMSWO-003;CFPACCSR-001;CFPACCSR-007,1,local-derived,analysis/company-first-principles/data/capital-flow-project-asset-cash-contribution-source-route-pass-1.csv,Cheniere Energy Transfer Matador Devon PBF MasTec Plains contribution status; current evidence; contribution result; remaining gap; next contribution source; upgrade test; hold test,derived-control,Executes the third repeated missing-source work-order row across seven contribution cases; finds Devon and PBF partials but no full project/asset cash-contribution proof.
debt-service-waterfall-source-route-pass-1,Capital flow research system,Multiple,current synthesis,derived debt-service waterfall source-route artifact,CFRMSWO-004;CFDSWSR-001;CFDSWSR-007,1,local-derived,analysis/company-first-principles/data/capital-flow-debt-service-waterfall-source-route-pass-1.csv,Wheaton Cheniere Energy Transfer Matador PBF Liberty Plains debt-service waterfall status; current debt/payback evidence; waterfall result; remaining gap; next waterfall source; upgrade test; hold test,derived-control,Executes the fourth repeated missing-source work-order row across seven debt-service and lender-allocation cases; finds partial debt mechanics but no full asset/project debt-service waterfall proof.
borrower-facility-document-source-route-pass-1,Capital flow research system,Multiple,current synthesis,derived borrower facility document source-route artifact,CFRMSWO-005;CFBFDSR-001;CFBFDSR-004,1,local-derived,analysis/company-first-principles/data/capital-flow-borrower-facility-document-source-route-pass-1.csv,KKR Global Atlantic Ares Blackstone Matador borrower facility status; current facility borrower evidence; facility result; remaining gap; next facility source; upgrade test; hold test,derived-control,Executes the fifth repeated missing-source work-order row across four borrower facility and lender-schedule cases; finds two partial facility/lender rows but no full borrower facility proof.
insurance-statutory-asset-income-source-route-pass-1,Capital flow research system,Multiple,current synthesis,derived insurance statutory asset-income source-route artifact,CFRMSWO-006;CFISAISR-001;CFISAISR-002,1,local-derived,analysis/company-first-principles/data/capital-flow-insurance-statutory-asset-income-source-route-pass-1.csv,Apollo Athene KKR Global Atlantic statutory asset-income status; current statutory asset-income evidence; statutory result; remaining gap; next statutory source; upgrade test; hold test,derived-control,Executes the sixth repeated missing-source work-order row across two insurance statutory asset-income cases; keeps both rows at hold below statutory legal-entity proof.
contract-pricing-obligation-source-route-pass-1,Capital flow research system,Multiple,current synthesis,derived contract pricing obligation source-route artifact,CFRMSWO-007;CFCPO-001;CFCPO-006,1,local-derived,analysis/company-first-principles/data/capital-flow-contract-pricing-obligation-source-route-pass-1.csv,Cheniere Sterling Energy Transfer Ares MasTec Plains contract pricing obligation status; current contract obligation evidence; contract result; remaining gap; next contract source; upgrade test; hold test,derived-control,Executes the seventh repeated missing-source work-order row across six contract pricing and customer-obligation cases; finds four partial durability rows but no full customer obligation proof.
output-utilization-attribution-source-route-pass-1,Capital flow research system,Multiple,current synthesis,derived output utilization attribution source-route artifact,CFRMSWO-008;CFOUASR-001;CFOUASR-005,1,local-derived,analysis/company-first-principles/data/capital-flow-output-utilization-attribution-source-route-pass-1.csv,Cheniere United Rentals Energy Transfer Matador Plains output utilization attribution status; current output/utilization evidence; attribution result; remaining gap; next output source; upgrade test; hold test,derived-control,Executes the eighth repeated missing-source work-order row across five physical output and utilization attribution cases; finds three partial attribution rows but no full asset/project output attribution proof.
collateral-availability-certificate-source-route-pass-1,Capital flow research system,Multiple,current synthesis,derived collateral availability certificate source-route artifact,CFRMSWO-009;CFCACSR-001;CFCACSR-004,1,local-derived,analysis/company-first-principles/data/capital-flow-collateral-availability-certificate-source-route-pass-1.csv,United Rentals KKR Global Atlantic Matador Liberty Broadband collateral availability status; current collateral/availability evidence; availability result; remaining gap; next collateral source; upgrade test; hold test,derived-control,Executes the ninth repeated missing-source work-order row across four collateral availability cases; finds two partial rows but no full certificate-level legal availability proof.
working-capital-collection-source-route-pass-1,Capital flow research system,Multiple,current synthesis,derived working-capital collection source-route artifact,CFRMSWO-010;CFWCCSR-001;CFWCCSR-003,1,local-derived,analysis/company-first-principles/data/capital-flow-working-capital-collection-source-route-pass-1.csv,FPL Sterling MasTec working-capital collection status; current collection evidence; collection result; remaining gap; next collection source; upgrade test; hold test,derived-control,Executes the tenth repeated missing-source work-order row across three collection cases; finds one aggregate collection partial but no full category/project/backlog collection proof.
transaction-funds-flow-source-route-pass-1,Capital flow research system,Multiple,current synthesis,derived transaction funds-flow source-route artifact,CFRMSWO-011;CFTFSR-001;CFTFSR-005,1,local-derived,analysis/company-first-principles/data/capital-flow-transaction-funds-flow-source-route-pass-1.csv,Matador Devon PBF Liberty Broadband Plains transaction funds-flow status; current transaction evidence; funds-flow result; remaining gap; next transaction source; upgrade test; hold test,derived-control,Executes the eleventh repeated missing-source work-order row across five transaction funds-flow cases; finds five partial transaction mechanics rows but no final closing funds-flow proof.
return-model-source-route-pass-1,Capital flow research system,Multiple,current synthesis,derived return-model source-route artifact,CFRMSWO-012;CFRMSR-001;CFRMSR-006,1,local-derived,analysis/company-first-principles/data/capital-flow-return-model-source-route-pass-1.csv,Wheaton FPL United Rentals Energy Transfer Matador Plains return-model status; current return evidence; return result; remaining gap; next return source; upgrade test; hold test,derived-control,Executes the twelfth repeated missing-source work-order row across six return-model cases; finds three partial return proxies but no full IRR NPV ROIC reserve-life or project-return proof.
source-route-execution-status-pass-1,Capital flow research system,Multiple,current synthesis,derived source-route execution status artifact,CFRMSWO-001;CFRMSWO-012;CFSRES-001;CFSRES-012,1,local-derived,analysis/company-first-principles/data/capital-flow-source-route-execution-status-pass-1.csv,completed repeated missing-source work order; 12 source families; row counts; partial counts; hold counts; best current upgrade; hardest remaining blocker; next source package; leverage ranking,derived-control,Consolidates the completed 12-row repeated missing-source work order into 60 affected source-route rows with 28 partial/proxy rows and 32 holds; not full cash-return proof.
next-source-acquisition-queue-pass-1,Capital flow research system,Multiple,current synthesis,derived next-source acquisition queue artifact,CFNSAQ-001;CFNSAQ-005;CFSRES-001;CFSRES-012,1,local-derived,analysis/company-first-principles/data/capital-flow-next-source-acquisition-queue-pass-1.csv,ranked next-source acquisition packages; target cases; documents to acquire; fields to extract; pass and hold tests,derived-control,Converts the completed source-route execution status into five ranked acquisition packages; not new primary-source proof.
cfnsaq-001-customer-receipts-acquisition-pass-1,Capital flow research system,Multiple,current synthesis,derived CFNSAQ-001 customer receipts acquisition artifact,CFNSAQ-001;CFNSAQ001-001;CFNSAQ001-005,1,local-derived,analysis/company-first-principles/data/capital-flow-cfnsaq-001-customer-receipts-acquisition-pass-1.csv,FPL Sterling MasTec Energy Transfer Plains customer receipt acquisition test; local source basis; cash or collection evidence; receipt result; remaining gap; next source to acquire; upgrade and hold tests,derived-control,"Executes the first next-source acquisition queue row against current local evidence; finds one aggregate collection partial and four receipt holds, not full customer-receipt proof."
cfnsaq-002-project-asset-cash-contribution-pass-1,Capital flow research system,Multiple,current synthesis,derived CFNSAQ-002 project asset cash contribution artifact,CFNSAQ-002;CFNSAQ002-001;CFNSAQ002-006,1,local-derived,analysis/company-first-principles/data/capital-flow-cfnsaq-002-project-asset-cash-contribution-pass-1.csv,Cheniere Energy Transfer Matador PBF MasTec Plains project asset cash contribution test; local source basis; current project or asset evidence; contribution result; remaining gap; next source to acquire; upgrade and hold tests,derived-control,"Executes the second next-source acquisition queue row against current local evidence; finds one partial refinery cash proxy and five project/asset contribution holds, not full asset-level contribution proof."
cfnsaq-003-debt-service-lender-allocation-pass-1,Capital flow research system,Multiple,current synthesis,derived CFNSAQ-003 debt-service lender allocation artifact,CFNSAQ-003;CFNSAQ003-001;CFNSAQ003-008,1,local-derived,analysis/company-first-principles/data/capital-flow-cfnsaq-003-debt-service-lender-allocation-pass-1.csv,Wheaton Cheniere Energy Transfer Matador PBF Liberty Broadband Devon Plains debt-service lender allocation test; local source basis; debt or funds-flow evidence; waterfall result; remaining gap; next source to acquire; upgrade and hold tests,derived-control,"Executes the third next-source acquisition queue row against current local evidence; finds four partial routing/payback rows and four holds, not full capital-provider payback proof."
cfnsaq-004-statutory-facility-collateral-pass-1,Capital flow research system,Multiple,current synthesis,derived CFNSAQ-004 statutory facility collateral artifact,CFNSAQ-004;CFNSAQ004-001;CFNSAQ004-007,1,local-derived,analysis/company-first-principles/data/capital-flow-cfnsaq-004-statutory-facility-collateral-pass-1.csv,Apollo Athene KKR Global Atlantic Ares Frontline Blackstone Matador United Rentals Liberty Broadband statutory facility collateral test; local source basis; statutory facility or collateral evidence; facility result; remaining gap; next source to acquire; upgrade and hold tests,derived-control,"Executes the fourth next-source acquisition queue row against current local evidence; finds four partial facility/collateral mechanics rows and three holds, not statutory or collateral availability proof."
cfnsaq-005-return-model-support-pass-1,Capital flow research system,Multiple,current synthesis,derived CFNSAQ-005 return model support artifact,CFNSAQ-005;CFNSAQ005-001;CFNSAQ005-006,1,local-derived,analysis/company-first-principles/data/capital-flow-cfnsaq-005-return-model-support-pass-1.csv,Wheaton FPL United Rentals Energy Transfer Matador Plains return model support test; local source basis; return model evidence; return result; remaining gap; next source to acquire; upgrade and hold tests,derived-control,"Executes the fifth next-source acquisition queue row against current local evidence; finds three partial return proxies and three holds, not full IRR NPV ROIC reserve-life or earned-return proof."
cfnsaq-execution-synthesis-pass-1,Capital flow research system,Multiple,current synthesis,derived CFNSAQ execution synthesis artifact,CFNSAQ-001;CFNSAQ-005;CFNSAQEX-001;CFNSAQEX-016,1,local-derived,analysis/company-first-principles/data/capital-flow-cfnsaq-execution-synthesis-pass-1.csv,16-case current answer map; capital provider or investor; instrument or channel; money source; destination; cash-back evidence; strongest current status; missing proof; next decisive source,derived-control,Consolidates the five executed CFNSAQ source-acquisition rows into a 16-case money-movement answer map; not full cash-return proof.
cfnsaq-publication-safe-answer-brief-pass-1,Capital flow research system,Multiple,current synthesis,derived CFNSAQ publication-safe answer brief artifact,CFNSAQBR-001;CFNSAQBR-008;CFNSAQEX-001;CFNSAQEX-016,1,local-derived,analysis/company-first-principles/data/capital-flow-cfnsaq-publication-safe-answer-brief-pass-1.csv,publication-safe answer rows; safe sentence; evidence basis; readiness; answer area; required boundary; do-not-say; next decisive source,derived-control,Converts the executed CFNSAQ synthesis into eight publication-safe answer rows; not full cash-return proof.
named-cash-proof-source-locator-pass-1,Capital flow research system,Multiple,current synthesis,derived named cash proof source locator artifact,CFNCPSL-001;CFNCPSL-008;CFNSAQBR-001;CFNSAQBR-008,1,local-derived,analysis/company-first-principles/data/capital-flow-named-cash-proof-source-locator-pass-1.csv,named cash proof layers; first target case; required document; likely source route; pass test; current status; next action,derived-control,Converts the missing proof layers into eight document-family source locator rows; not full named cash proof.
fpl-billing-determinant-category-receipt-proof-chase-pass-1,FPL/NextEra,NEE,2025-2027,derived FPL billing determinant category receipt proof chase artifact,CFFPLBDCR-001;CFFPLBDCR-008;CFNCPSL-001,1,local-derived,analysis/company-first-principles/data/capital-flow-fpl-billing-determinant-category-receipt-proof-chase-pass-1.csv,FPL SPPCRC aggregate clause revenue; monthly revenue timing; rate-class factor authority; jurisdictional allocation mechanics; Distribution Inspection category recovery; billing determinant hold; category receipt hold,derived-control,Executes the first named-cash proof locator row against the local FPL SPPCRC packet; confirms aggregate revenue and factor authority but not Distribution Inspection-specific customer receipt proof.
uri-borrowing-base-collateral-availability-proof-chase-pass-1,United Rentals,URI,2025-2026,derived URI borrowing-base collateral availability proof chase artifact,CFURIBBCA-001;CFURIBBCA-010;CFNCPSL-002,1,local-derived,analysis/company-first-principles/data/capital-flow-uri-borrowing-base-collateral-availability-proof-chase-pass-1.csv,URI ABL reset availability; certificate-delivery condition; minimum closing availability; certificate field map; Q2 liquidity proxy; ABL draw intensity; AR collateral pool; fleet asset proxy; covenant threshold; certificate hold,derived-control,Executes the second named-cash proof locator row against local URI SEC sources and targeted public search; confirms strong collateral proxies but not populated borrowing-base certificate proof.
wheaton-antamina-debt-waterfall-return-proof-chase-pass-1,Wheaton Precious Metals,WPM,2026,derived Wheaton Antamina debt-waterfall return proof chase artifact,CFWADWR-001;CFWADWR-010;CFNCPSL-003;CFNCPSL-007,1,local-derived,analysis/company-first-principles/data/capital-flow-wheaton-antamina-debt-waterfall-return-proof-chase-pass-1.csv,Wheaton Antamina PMPA cash use; funding mix; Bank of Montreal administrative-agent term loan context; delivery threshold; payable factor; cash payment formula; stream economics; reserve-life context; debt-waterfall hold; return-model hold,derived-control,Executes the third named-cash proof locator row against local Wheaton 6-K evidence and targeted public sources; confirms strongest named asset proxy but not full debt-waterfall or return proof.
energy-midstream-project-cash-contribution-proof-chase-pass-1,Cheniere/Energy Transfer,LNG;ET,2025-2027,derived energy midstream project cash contribution proof chase artifact,CFEMPCP-001;CFEMPCP-012;CFNCPSL-004,1,local-derived,analysis/company-first-principles/data/capital-flow-energy-midstream-project-cash-contribution-proof-chase-pass-1.csv,Cheniere company cash; LNG cargo output; contracted demand; FERC project route; Energy Transfer company cash; Nederland capacity; Lone Star capacity; y-grade agreements; growth capex; project-cash contribution holds,derived-control,Executes the fourth named-cash proof locator row across Cheniere and Energy Transfer; confirms strong project/output/cash proxies but not named project cash contribution proof.
insurance-legal-entity-statutory-proof-chase-pass-1,Apollo/Athene; KKR/Global Atlantic,APO;KKR,2025-current,derived insurance legal-entity statutory proof chase artifact,CFILES-001;CFILES-010;CFNCPSL-005,1,local-derived,analysis/company-first-principles/data/capital-flow-insurance-legal-entity-statutory-proof-chase-pass-1.csv,Athene statutory filing route; Global Atlantic statutory filing route; liability channel proxy; public-company asset-income proxy; Schedule D/BA holds; statutory income holds; FHLB collateral proxy; borrower destination hold,derived-control,Executes the fifth named-cash proof locator row across Apollo/Athene and KKR/Global Atlantic; finds public statutory routes but not extracted legal-entity proof.
ares-frontline-borrower-facility-use-proceeds-proof-chase-pass-1,Ares/Frontline,ARES,2025-2026,derived Ares Frontline borrower facility use-proceeds proof chase artifact,CFAFBU-001;CFAFBU-010;CFNCPSL-006,1,local-derived,analysis/company-first-principles/data/capital-flow-ares-frontline-borrower-facility-use-proceeds-proof-chase-pass-1.csv,Ares Frontline operating borrower; Bain sponsor transaction; Ares arranger role; holder-dollar proxy; Ares-managed period boundary; commitment context; first-lien instrument markers; use-of-proceeds clue; borrower cash hold; facility proof hold,derived-control,"Executes the sixth named-cash proof locator row for Ares/Frontline; confirms borrower/facility markers but not total facility, use-of-proceeds, borrower cash, repayment, or collateral proof."
return-model-named-cash-proof-chase-pass-1,Wheaton/FPL/United Rentals,WPM;NEE;URI,2025-2026,derived return model named cash proof chase artifact,CFRMNCP-001;CFRMNCP-010;CFNCPSL-007,1,local-derived,analysis/company-first-principles/data/capital-flow-return-model-named-cash-proof-chase-pass-1.csv,Wheaton Antamina named asset return proxy; FPL regulated earned-return proxy; URI fleet return proxy; return-model proof hold,derived-control,"Executes the seventh named-cash proof locator row across Wheaton, FPL, and URI; confirms bounded return proxies but not full IRR, NPV, ROIC, earned-return, or lifecycle cash-yield proof."
transaction-funds-flow-named-cash-proof-chase-pass-1,PBF/Matador/Devon/Liberty Broadband,PBF;MTDR;DVN,2026,derived transaction funds-flow named cash proof chase artifact,CFTFNCP-001;CFTFNCP-010;CFNCPSL-008,1,local-derived,analysis/company-first-principles/data/capital-flow-transaction-funds-flow-named-cash-proof-chase-pass-1.csv,PBF note refinancing; Matador Federal lease sale borrowing paydown; Devon statement-level treasury flow; Liberty Broadband debenture retirement; transaction funds-flow proof hold,derived-control,"Executes the eighth named-cash proof locator row across PBF, Matador, Devon, and Liberty Broadband; confirms transaction mechanics but not full closing funds-flow or treasury-ledger proof."
named-cash-proof-execution-status-matrix-pass-1,Capital flow research system,Multiple,current synthesis,derived named cash proof execution status matrix artifact,CFNCPESM-001;CFNCPESM-008;CFNCPSL-001;CFNCPSL-008,1,local-derived,analysis/company-first-principles/data/capital-flow-named-cash-proof-execution-status-matrix-pass-1.csv,Ranked named cash proof candidates; best current proof; current grade; visible money path; decisive missing source; upgrade test; safe claim,derived-control,Consolidates all eight named-cash proof chases into an 8 row execution status matrix; ranks proof proximity without promoting any case to full named cash proof.
top-three-named-cash-source-acquisition-packet-pass-1,Wheaton/FPL/PBF,WPM;NEE;PBF,2025-2026,derived top-three named cash source acquisition packet artifact,CFT3NCAP-001;CFT3NCAP-010;CFNCPESM-001;CFNCPESM-003,1,local-derived,analysis/company-first-principles/data/capital-flow-top-three-named-cash-source-acquisition-packet-pass-1.csv,Wheaton delivery timing and production-profile context; FPL PSC SPPCRC route; PBF completed redemption and net proceeds bridge; top-three full-proof hold,derived-control,Executes the first top-three source acquisition packet from the named cash proof execution matrix; improves PBF to completed-redemption-visible status but does not promote any case to full named cash proof.
pbf-redemption-settlement-bridge-pass-1,PBF Energy,PBF,2026,derived PBF redemption settlement bridge artifact,CFPBFRSB-001;CFPBFRSB-010;CFT3NCAP-007;CFNCPESM-003,1,local-derived,analysis/company-first-principles/data/capital-flow-pbf-redemption-settlement-bridge-pass-1.csv,PBF 2034 notes; net proceeds; 2028 note redemption; cash bridge; coupon proxy; cost markers; company cash support; settlement-ledger hold; refinancing-value hold,derived-control,"Upgrades PBF from completed-redemption-visible in the top-three packet to a structured settlement bridge; still does not prove trustee settlement, exact accrued interest, cash split, taxes, liquidity effect, ABL availability, NPV, or refinery-level return."
wheaton-antamina-production-receipt-bridge-pass-1,Wheaton Precious Metals,WPM,2026,derived Wheaton Antamina production receipt bridge artifact,CFWAPRB-001;CFWAPRB-010;CFT3NCAP-001;CFNCPESM-001,1,local-derived,analysis/company-first-principles/data/capital-flow-wheaton-antamina-production-receipt-bridge-pass-1.csv,Wheaton Antamina PMPA effective date; first delivery timing; Q2 2026 production; BHP PMPA production link; stream economics; cash payment formula; debt-channel context; receipt proof hold; full-return hold,derived-control,"Upgrades Wheaton Antamina from delivery-timing context to post-close production-visible status; still does not prove delivered ounces, invoices, settlement cash, realized price, tax, interest, debt waterfall, IRR, or NPV."
fpl-category-receipt-workpaper-bridge-pass-1,FPL/NextEra,NEE,2025-2027,derived FPL category receipt workpaper bridge artifact,CFFPLCRWB-001;CFFPLCRWB-010;CFT3NCAP-004;CFNCPESM-002,1,local-derived,analysis/company-first-principles/data/capital-flow-fpl-category-receipt-workpaper-bridge-pass-1.csv,FPL SPPCRC legal route; subaccount framework; Distribution Inspection output; category cost; category recovery; aggregate SPPCRC revenue; true-up mechanics; factor authority; billing determinant hold; category receipt hold,derived-control,"Executes the next FPL category receipt workpaper bridge; confirms the regulatory source family but not Distribution Inspection billing determinants, collected cash, source-of-funds allocation, earned ROE, or project return."
uri-collateral-fleet-return-bridge-pass-1,United Rentals,URI,2025-2026,derived URI collateral fleet return bridge artifact,CFURICFRB-001;CFURICFRB-010;CFNCPESM-004;CFNCPSL-002;CFNCPSL-007,1,local-derived,analysis/company-first-principles/data/capital-flow-uri-collateral-fleet-return-bridge-pass-1.csv,URI ABL availability; certificate delivery condition; minimum Combined Availability condition; Q2 liquidity proxy; draw intensity; AR collateral proxy; fleet asset base; fleet cash conversion; segment return proxy; collateral return hold,derived-control,"Executes URI collateral/fleet return bridge from named cash proof matrix; confirms strongest fleet collateral and cash proxies but not populated certificate, NOLV, reserves, source-to-purchase allocation, or fleet-class lifecycle return."
ares-frontline-facility-cash-waterfall-bridge-pass-1,Ares/Frontline,ARES,2025-2026,derived Ares Frontline facility cash waterfall bridge artifact,CFAFFCW-001;CFAFFCW-010;CFNCPESM-005;CFNCPSL-006,1,local-derived,analysis/company-first-principles/data/capital-flow-ares-frontline-facility-cash-waterfall-bridge-pass-1.csv,Frontline operating borrower; Bain sponsor acquisition; Ares acquisition facility role; continued-growth facility role; holder-dollar exposure; Ares-managed period boundary; commitment context; instrument economics; borrower cash waterfall hold; facility cash proof hold,derived-control,"Executes Ares/Frontline facility cash waterfall bridge from named cash proof matrix; confirms acquisition-facility role and holder exposure but not credit agreement, lender allocation, funds-flow, collateral, borrower cash, debt service, repayment, payoff, or bank replacement."
cheniere-entity-dscr-waterfall-bridge-pass-1,Cheniere,LNG,2025-2026,derived Cheniere entity DSCR waterfall bridge artifact,CFCEDWB-001;CFCEDWB-010;CFCRSWO-003;CFE2EGUQ-007,1,local-derived,analysis/company-first-principles/data/capital-flow-cheniere-entity-dscr-waterfall-bridge-pass-1.csv,Cheniere company cash; LNG cargo output; contracted demand; named customer; Train 6 milestone; funding split; entity debt; collateral trustee account mechanics; DSCR distribution gate; train/entity waterfall hold,derived-control,"Executes Cheniere entity DSCR waterfall bridge; confirms collateral-trustee reserve-account mechanics and 1.25x DSCR distribution gate but not train customer receipts, actual DSCR, restricted-account balances, debt service, distributions, or return."
energy-transfer-nederland-contract-cash-bridge-pass-1,Energy Transfer,ET,2026,derived Energy Transfer Nederland contract cash bridge artifact,CFETNCCB-001;CFETNCCB-010;CFCRSWO-006;CFE2EGUQ-005,1,local-derived,analysis/company-first-principles/data/capital-flow-energy-transfer-nederland-contract-cash-bridge-pass-1.csv,ET company cash; growth capex; funding wrapper; Nederland capacity; Nederland committed capacity; connected infrastructure; Lone Star output; y-grade commercial demand; same-period volume growth; named-project cash proof hold,derived-control,"Executes Energy Transfer Nederland contract cash bridge; confirms fully subscribed Nederland ethane committed-capacity evidence but not customer identity, rates, billing, utilization, project EBITDA/DCF, debt service, DSCR, IRR, NPV, or return."
matador-blm-borrowing-base-asset-cash-bridge-pass-1,Matador Resources,MTDR,2026,derived Matador BLM borrowing-base asset cash bridge artifact,CFMTDRBBAC-001;CFMTDRBBAC-010;CFE2EGUQ-009;CFNCPESM-007,1,local-derived,analysis/company-first-principles/data/capital-flow-matador-blm-borrowing-base-asset-cash-bridge-pass-1.csv,Matador aggregate source/use; borrowing-base capacity; facility movement; senior note route; development use; acquisition use; BLM asset inventory; Federal lease paydown clue; company output/cash context; asset cash return hold,derived-control,"Executes Matador BLM borrowing-base asset cash bridge; confirms asset-use inventory and lease-borrowing paydown clue but not BLM funds-flow, reserve values, asset production, cash margin, debt service, IRR, NPV, or asset-level return."
matador-named-cash-proof-source-availability-pass-1,Matador Resources,MTDR,2026,derived Matador named cash proof source availability artifact,CFMTDRSA-001;CFMTDRSA-008;CFNCPSL-008;CFMTDRBBAC-010,1,local-derived,analysis/company-first-principles/data/capital-flow-matador-named-cash-proof-source-availability-pass-1.csv,BLM sale-results route; aggregate BLM receipts; ePlanning Sale Results category; Matador asset inventory; lease-borrowing paydown clue; SEC borrowing-base amendment; credit-agreement reserve/collateral mechanics; named cash proof hold,derived-control,"Executes Matador named cash proof source availability test; confirms public source route and legal mechanics but not BLM closing funds-flow, borrowing notices, lender allocation, populated certificate, reserve values, asset cash margin, debt service, IRR, NPV, or payback."
fpl-2026-docket-billing-receipt-source-availability-pass-1,FPL/NextEra,NEE,2026-2027,derived FPL 2026 docket billing receipt source availability artifact,CFFPL2026SA-001;CFFPL2026SA-010;CFNCPSL-001;CFFPLCRWB-010,1,local-derived,analysis/company-first-principles/data/capital-flow-fpl-2026-docket-billing-receipt-source-availability-pass-1.csv,FPL current PSC docket route; 2026 actual/estimated SPPCRC petition; projected 2027 factors; Epperson exhibits; Pankratz project exhibits; amended exhibits; discovery route; billing-base proxy; category receipt hold; named cash proof hold,derived-control,"Executes FPL 2026 docket billing/receipt source availability test; confirms current PSC docket source route but not Distribution Inspection billing determinants, billed/collected cash, category receipt ledger, source-of-funds allocation, legal-entity waterfall, earned ROE, IRR, NPV, payback, or project return."
fpl-2026-discovery-audit-receipt-proof-route-pass-1,FPL/NextEra,NEE,2026-2027,derived FPL 2026 discovery audit receipt proof route artifact,CFFPLDAR-001;CFFPLDAR-010;CFFPL2026SA-008;CFFPL2026SA-010,1,local-derived,analysis/company-first-principles/data/capital-flow-fpl-2026-discovery-audit-receipt-proof-route-pass-1.csv,FPL staff discovery route; Panama City discovery route; FPL response notices; POD route; audit report; no confidential audit workpapers; later discovery route; objection route; named cash proof hold,derived-control,"Executes FPL 2026 discovery/audit receipt proof route test; confirms active discovery and audit routes but public PDFs sampled are certificates, notices, or audit summary material rather than billing determinants, customer receipt ledgers, source-of-funds schedules, legal-entity waterfalls, collateral certificates, or return models."
fpl-psc-api-document-access-boundary-pass-1,FPL/NextEra,NEE,2026-2027,derived FPL PSC API document access boundary artifact,CFFPLAPI-001;CFFPLAPI-008;CFFPLDAR-010;CFFPL2026SA-010,1,local-derived,analysis/company-first-principles/data/capital-flow-fpl-psc-api-document-access-boundary-pass-1.csv,PSC app endpoints; docket filing inventory; document-number lookup; document metadata; request notice boundary; response notice boundary; confidential inventory scan; audit workpaper boundary; public API stop rule,derived-control,"Executes FPL PSC public API access test; confirms docket/document metadata and visible PDFs but not hidden attachments, served discovery answers, POD productions, billing determinant workpapers, receipt ledgers, source-of-funds schedules, legal-entity waterfalls, collateral certificates, or return models."
wheaton-antamina-cumulative-received-sold-cashflow-pass-1,Wheaton Precious Metals,WPM,Q2 2026,derived Wheaton Antamina cumulative received/sold cashflow artifact,CFWACRC-001;CFWACRC-010;CFWAPRB-010;CFWAFRST-015,1,local-derived,analysis/company-first-principles/data/capital-flow-wheaton-antamina-cumulative-received-sold-cashflow-pass-1.csv,Antamina combined stream row; upfront denominator; cash flow generated to date; units received and sold to date; PBND; Q2 production; H1 stream economics; cumulative cash-yield proxy; unit cash proxy; BHP-only receipt proof hold,derived-control,"Executes Wheaton Antamina cumulative received/sold cashflow bridge; upgrades combined-stream cash-flow evidence but not BHP PMPA-only deliveries, invoices, settlement cash, realized price, tax, interest, lender waterfall, IRR, NPV, or full return."
bhp-antamina-streaming-proceeds-use-boundary-pass-1,BHP,BHP,FY2026,derived BHP Antamina streaming proceeds/use boundary artifact,CFBHPASU-001;CFBHPASU-010;CFWACRC-010;CFWAFRST-015,1,local-derived,analysis/company-first-principles/data/capital-flow-bhp-antamina-streaming-proceeds-use-boundary-pass-1.csv,BHP receipt event; streaming liability classification; financing cash-flow source line; settlement line; delivery obligation; no fixed delivery requirement; valuation inputs; reserve/resource boundary; group capital allocation context; use allocation hold,derived-control,"Executes BHP-side Antamina streaming proceeds/use boundary; confirms recipient-side cash receipt, financing cash-flow classification, streaming liability, settlement line, and delivery/valuation mechanics but not named use of proceeds, debt repayment trace, capex allocation, dividend/buyback allocation, Antamina reinvestment, delivery settlement ledger, IRR, NPV, payback, or full cash-all-the-way-through."
named-cash-proof-requirements-matrix-pass-1,Capital flow research system,Multiple,current synthesis,derived named cash proof requirements matrix artifact,CFNCPRM-001;CFNCPRM-012;CFEI-096;CFBHPASU-010,1,local-derived,analysis/company-first-principles/data/capital-flow-named-cash-proof-requirements-matrix-pass-1.csv,payer cash out; recipient receipt; legal-entity booking; source-to-use allocation; debt waterfall; billing receipts; collateral certificates; asset cash contribution; settlement ledger; return model; working-capital collection; full joined proof,derived-control,Converts the named-cash proof standard into a 12-gate promotion matrix; not a new primary source and not a promotion of any current case to full proof.
antamina-proof-package-acquisition-pass-1,Wheaton/BHP Antamina,WPM/BHP,current public source sweep,derived Antamina proof package acquisition artifact,CFAPPA-001;CFAPPA-012;CFNCPRM-012;CFEI-097,1,local-derived,analysis/company-first-principles/data/capital-flow-antamina-proof-package-acquisition-pass-1.csv,payer cash out; recipient receipt; BHP use hold; legal channel; delivery obligation; settlement mechanics; first delivery timing; first delivery occurrence; combined stream cash-back proxy; Wheaton financing channel; return model hold; full proof hold,derived-control,"Executes the first live named-cash proof package acquisition pass for Antamina; confirms the strongest two-sided money path but not BHP use allocation, PMPA-only settlement cash, lender waterfall, tax/interest allocation, IRR, NPV, payback, or full cash-all-the-way-through."
pbf-proof-package-acquisition-pass-1,PBF Energy,PBF,May-June 2026,derived PBF refinancing proof package acquisition artifact,CFPBFPPA-001;CFPBFPPA-012;CFEI-098;CFPBFRSB-010,1,local-derived,analysis/company-first-principles/data/capital-flow-pbf-proof-package-acquisition-pass-1.csv,new note source; net proceeds; old note redemption notice; completed redemption; source/use bridge; accrued-interest proxy; total redemption cash proxy; available-cash bridge proxy; coupon relief; cost markers; legal ranking; full proof hold,derived-control,"Executes PBF refinancing proof package acquisition; upgrades to principal-plus-accrued-interest settlement proxy but not trustee settlement, exact cash source, fee/tax, ABL availability, after-tax NPV, or refinery-level return proof."
fpl-proof-package-acquisition-pass-1,FPL/NextEra,NEE,2026-2027,derived FPL regulated recovery proof package acquisition artifact,CFFPLPPA-001;CFFPLPPA-012;CFEI-099;CFFPLAPI-008,1,local-derived,analysis/company-first-principles/data/capital-flow-fpl-proof-package-acquisition-pass-1.csv,docket route; petition; program support; factor support; aggregate revenue; Distribution Inspection category bridge; discovery route; response route; audit route; public access boundary; decisive package hold; full proof hold,derived-control,"Executes FPL named-cash proof package acquisition; confirms public regulated recovery route and aggregate/category proxies but not Distribution Inspection-specific billed or collected cash, category receipt allocation, source-of-funds allocation, legal-entity waterfall, certificate support, earned return, IRR, NPV, payback, or full named cash proof."
named-cash-proof-decisive-source-request-packet-pass-1,Capital flow research system,Multiple,current synthesis,derived named-cash decisive source request packet artifact,CFNCPDSR-001;CFNCPDSR-012;CFEI-100;CFFPLPPA-012,1,local-derived,analysis/company-first-principles/data/capital-flow-named-cash-proof-decisive-source-request-packet-pass-1.csv,FPL receipts; FPL earned return; Wheaton PMPA settlement; Wheaton lender waterfall; Wheaton return model; PBF trustee settlement; PBF value model; URI collateral certificate; URI fleet return; Ares borrower facility cash; insurance statutory cash; energy project waterfall,derived-control,"Converts named-cash proof gaps into a request-grade acquisition packet; identifies likely controllers, decisive source packages, pass tests, hold tests, and next actions; not new primary-source proof."
named-cash-proof-wrapup-insights-pass-1,Capital flow research system,Multiple,current synthesis,derived named-cash proof wrap-up insights artifact,CFNCPWU-001;CFNCPWU-012;CFEI-101;CFNCPDSR-012,1,local-derived,analysis/company-first-principles/data/capital-flow-named-cash-proof-wrapup-insights-pass-1.csv,proof-controlled money movement; routing-specific thesis; FPL receipt route; Antamina two-sided transaction; PBF refinancing proxy; URI collateral/fleet proxy; Ares borrower marker; Cheniere output mechanics; insurance statutory target; repeated blockers; 519-company funnel; final safe conclusion,derived-control,Wraps the named-cash proof sprint into detailed insights and takeaways; confirms route/proxy strength and no full named-cash promotion yet.
big-money-named-cash-end-to-end-goal-pass-1,Capital flow research system,Multiple,current synthesis,derived big-money named-cash end-to-end goal artifact,CFBME2E-001;CFBME2E-012;CFEI-102;CFNCPWU-012,1,local-derived,analysis/company-first-principles/data/capital-flow-big-money-named-cash-end-to-end-goal-pass-1.csv,big-money-player map; money-source classification; wrapper classification; destination lane map; named proof-case ranking; receipts/billing proof; settlement proof; waterfall proof; legal-entity proof; collateral proof; return proof; safe conclusion package,derived-control,"Defines the controlling end-to-end goal for the next phase: map major capital routers, connect them to destination lanes and named proof chases, and promote only source-use-receipt-payback-return proof."
big-money-player-map-pass-1,Capital flow research system,Multiple,current synthesis,derived big-money player map artifact,CFBMP-001;CFBMP-008;CFEI-103;CFBME2E-001,1,local-derived,analysis/company-first-principles/data/capital-flow-big-money-player-map-pass-1.csv,BlackRock; Blackstone; Apollo/Athene; KKR/Global Atlantic; Brookfield; Ares; Carlyle; comparison channels; money source; wrappers; destination lanes; best named proof chase; current proof level; missing proof,derived-control,"Executes the first big-money named-cash workstream; maps major capital routers to sources, wrappers, destination lanes, proof chases, proof level, and missing documents; bridge claims only."
big-money-destination-lane-map-pass-1,Capital flow research system,Multiple,current synthesis,derived big-money destination lane map artifact,CFBMDL-001;CFBMDL-010;CFEI-104;CFBMP-008,1,local-derived,analysis/company-first-principles/data/capital-flow-big-money-destination-lane-map-pass-1.csv,private credit; insurance retirement yield; data centers AI power; infrastructure real assets; private companies rollups; fleet collateral; secondaries; wealth alternatives; regulated recovery; refinancing; main routers; operating beneficiaries; best named proof chase; missing proof,derived-control,"Executes the second big-money named-cash workstream; maps destination lanes to routers, money sources, operating beneficiaries, named proof chases, decisive documents, and proof boundaries; bridge claims only."
platform-proof-chase-matrix-pass-1,Capital flow research system,Multiple,current synthesis,derived platform proof chase matrix artifact,CFPPM-001;CFPPM-012;CFEI-105;CFBMDL-010,1,local-derived,analysis/company-first-principles/data/capital-flow-platform-proof-chase-matrix-pass-1.csv,BlackRock HPS; Blackstone Credit and Insurance; Apollo Athene; KKR Global Atlantic; Brookfield; Ares; Carlyle; FPL; PBF; URI; Wheaton BHP Antamina; energy project proof chase; decisive documents,derived-control,Executes the third big-money named-cash workstream; attaches one best named proof chase and decisive source package to each major platform or comparison lane; no full cash-loop proof yet.
big-money-platform-source-acquisition-queue-pass-1,Capital flow research system,Multiple,current synthesis,derived big-money platform source acquisition queue artifact,CFBMPSAQ-001;CFBMPSAQ-008;CFEI-106;CFPPM-006,1,local-derived,analysis/company-first-principles/data/capital-flow-big-money-platform-source-acquisition-queue-pass-1.csv,Ares Frontline; Apollo Athene; KKR Global Atlantic; Blackstone Credit and Insurance; BlackRock HPS; Brookfield; Carlyle AlpInvest; comparison proof patterns; decisive source packages; promotion tests,derived-control,Converts the platform proof chase matrix into a ranked source acquisition queue for the seven big-money routers and comparison controls; identifies what to acquire first but does not prove named cash yet.
ares-frontline-public-source-acquisition-attempt-pass-1,Ares/Frontline,ARES,2025-2026,derived public source acquisition attempt artifact,CFAFPSA-001;CFAFPSA-010;CFEI-107;CFBMPSAQ-001,1,local-derived,analysis/company-first-principles/data/capital-flow-ares-frontline-public-source-acquisition-attempt-pass-1.csv,Bain Frontline acquisition; Sterling sale completion; Kirkland legal adviser route; Ares Q2 2026 direct lending facility role; SEC holder schedules; credit agreement not found; funds-flow not found; collateral not found; borrower cash not found,derived-control,Executes first ranked big-money source acquisition queue row against public routes; improves route confidence but keeps Ares/Frontline on hold because decisive facility cash documents were not found publicly.
apollo-athene-statutory-source-acquisition-pass-1,Apollo/Athene,APO,2025-2026,derived statutory source acquisition artifact,CFAASSA-001;CFAASSA-010;CFEI-108;CFBMPSAQ-002,1,local-derived,analysis/company-first-principles/data/capital-flow-apollo-athene-statutory-source-acquisition-pass-1.csv,Athene statutory filings page; Athene Annuity and Life Company 2025 statutory statement; 212M local PDF; 9612 pages; Schedule D/BA extraction pending; investment income extraction pending; liability-cost bridge pending,derived-control,"Executes second ranked big-money source acquisition queue row; downloads one core official Athene statutory statement locally but does not yet extract Schedule D/BA holdings, investment income, liability cost, credit quality, or spread."
apollo-athene-statutory-schedule-locator-pass-1,Apollo/Athene,APO,2025,derived statutory schedule locator artifact,CFAASSL-001;CFAASSL-018;CFEI-109;CFAASSA-010,1,local-derived,analysis/company-first-principles/data/capital-flow-apollo-athene-statutory-schedule-locator-pass-1.csv,Athene statutory PDF outline; assets page; liabilities page; cash flow page; net investment income exhibit; IMR; AVR; Schedule BA verification; Schedule D verification; Schedule BA detail; Schedule D issuer-credit obligations; Schedule D asset-backed securities,derived-control,Converts the downloaded 9612-page Athene statutory statement into targeted extraction ranges; not yet a holdings or income extraction.
apollo-athene-statutory-compact-extraction-pass-1,Apollo/Athene,APO,2025,derived statutory compact extraction artifact,CFAASCE-001;CFAASCE-030;CFEI-110;CFAASSL-018,1,local-derived,analysis/company-first-principles/data/capital-flow-apollo-athene-statutory-compact-extraction-pass-1.csv,Athene Annuity and Life Company assets; liabilities; operations; cash flow; net investment income; IMR; AVR; Schedule BA verification; Schedule D verification; issuer-credit obligations; asset-backed securities; disposal consideration; impairment,derived-control,Extracts compact statutory pages from the acquired Athene legal-entity statement; supports summary asset/income/cash bridge but not issuer-level holdings or full cash return.
apollo-athene-statutory-detail-sample-extraction-pass-1,Apollo/Athene,APO,2025,derived statutory detail sample extraction artifact,CFAASDSE-001;CFAASDSE-015;CFEI-111;CFAASCE-030,1,local-derived,analysis/company-first-principles/data/capital-flow-apollo-athene-statutory-detail-sample-extraction-pass-1.csv,Schedule BA Part 1; Schedule BA Part 2; Schedule D issuer-credit obligations; Schedule D asset-backed securities; CUSIP; issuer; NAIC designation; actual cost; fair value; book value; investment income; interest received; impairment; maturity,derived-control,Samples named holding rows from the acquired Athene statutory statement; proves detail extraction readiness but not full portfolio or asset-return proof.
apollo-athene-statutory-parser-prototype-pass-1,Apollo/Athene,APO,2025,derived statutory parser prototype artifact,CFAASPP-001;CFAASPP-072;CFEI-112,1,local-derived,analysis/company-first-principles/data/capital-flow-apollo-athene-statutory-parser-prototype-pass-1.csv,Athene statutory parser prototype; 72 rows; 8 Schedule BA Part 1; 14 Schedule BA Part 2; 25 Schedule D issuer-credit; 25 Schedule D ABS; row-start recognizer corrected for statutory CUSIP markers,derived-control,Prototype parser output after marker-bearing row-start correction; not reconciled statutory proof.
apollo-athene-statutory-schedule-d-normalized-sample-pass-1,Apollo/Athene,APO,2025,derived statutory Schedule D normalized sample artifact,CFAASDNS-001;CFAASDNS-050;CFEI-113;CFAASPP-067,1,local-derived,analysis/company-first-principles/data/capital-flow-apollo-athene-statutory-schedule-d-normalized-sample-pass-1.csv,Schedule D issuer-credit normalized sample; Schedule D ABS normalized sample; CUSIP; issuer description; NAIC designation; actual cost; fair value; book adjusted carrying value; income signal; received interest signal; acquired date; maturity date,derived-control,"Converts selected Athene statutory Schedule D parser rows into first normalized columns; not full Schedule D reconciliation, borrower matching, liability-cost spread, or asset-level cash-return proof."
apollo-athene-statutory-schedule-d-full-range-parser-pass-1,Apollo/Athene,APO,2025,derived statutory Schedule D full-range parser artifact,CFAASDFR-0001;CFAASDFR-8648;CFEI-114,1,local-derived,analysis/company-first-principles/data/capital-flow-apollo-athene-statutory-schedule-d-full-range-parser-pass-1.csv,Schedule D full-range parser; 8648 rows; 3418 issuer-credit rows; 5230 ABS rows; 8495 NAIC rows; 8648 maturity-date rows after statutory CUSIP marker row-start correction,derived-control,"Bulk legal-entity holding map after row-start correction; near-reconciled but not final Schedule D, spread, borrower cash, or return proof."
apollo-athene-statutory-schedule-d-reconciliation-diagnostic-pass-1,Apollo/Athene,APO,2025,derived statutory Schedule D reconciliation diagnostic artifact,CFAASDRD-001;CFAASDRD-012;CFEI-115;CFEI-119,1,local-derived,analysis/company-first-principles/data/capital-flow-apollo-athene-statutory-schedule-d-reconciliation-diagnostic-pass-1.csv,Schedule D reconciliation diagnostic; Section 1 book coverage 99.7306%; Section 2 book coverage 99.9956%; combined Section 1 plus Section 2 coverage 99.8531%; residual combined gap 233.299496M USD,derived-control,Near-reconciled Schedule D book-value diagnostic after blank-column and row-start corrections; not final cash-return proof.
apollo-athene-statutory-schedule-d-page-diagnostic-pass-1,Apollo/Athene,APO,2025,derived statutory Schedule D page diagnostic artifact,CFAASDPD-001;CFAASDPD-192;CFEI-116;CFAASDRD-012,1,local-derived,analysis/company-first-principles/data/capital-flow-apollo-athene-statutory-schedule-d-page-diagnostic-pass-1.csv,Schedule D page-level diagnostics; 192 page rows; 12 high-priority pages; 26 medium-priority pages; 154 coverage-visible pages; worst ABS missing-book pages 5970 5971 5917 5937 5939 5969 5972 5927 5916 5941 5962 5940,derived-control,Turns the near-reconciled Schedule D parser into a residual page-level correction worklist after blank-column and row-start corrections; not asset-level cash-return proof.
apollo-athene-statutory-schedule-d-high-priority-page-inspection-pass-1,Apollo/Athene,APO,2025,derived statutory Schedule D high-priority page inspection artifact,CFAASDHP-001;CFAASDHP-059;CFEI-117;CFAASDPD-192,1,local-derived,analysis/company-first-principles/data/capital-flow-apollo-athene-statutory-schedule-d-high-priority-page-inspection-pass-1.csv,Schedule D ABS high-priority raw row inspection; 59 rows; 47 blank-column dot-marker rows; 11 control rows; 1 row-level inspection row; positional parser shift diagnosis after partial fix,derived-control,Inspects remaining high-priority ABS rows after blank-column correction; not reconciled Schedule D accounting proof.
apollo-athene-statutory-schedule-d-blank-column-parser-correction-pass-1,Apollo/Athene,APO,2025,derived statutory Schedule D parser correction artifact,CFAASDFR-0001;CFAASDFR-7829;CFEI-118;CFAASDHP-059,1,local-derived,analysis/company-first-principles/data/capital-flow-apollo-athene-statutory-schedule-d-full-range-parser-pass-1.csv,Historical Schedule D ABS blank-column parser correction; at that point 7829 full-range rows; ABS coverage improved from 86.5142% to 86.9519%; combined coverage improved from 74.8984% to 75.1009%; later row-start correction supersedes current totals,derived-control,Historical intermediate parser correction; not the current reconciliation state and not final Schedule D proof.
apollo-athene-statutory-schedule-d-row-start-cusip-marker-correction-pass-1,Apollo/Athene,APO,2025,derived statutory Schedule D parser correction artifact,CFAASDFR-0001;CFAASDFR-8648;CFEI-119;CFAASDRD-003,1,local-derived,analysis/company-first-principles/data/capital-flow-apollo-athene-statutory-schedule-d-full-range-parser-pass-1.csv,Schedule D row-start CUSIP marker parser correction; full rows improved from 7829 to 8648; Section 1 rows improved from 2705 to 3418; Section 1 coverage improved to 99.7306%; Section 2 coverage to 99.9956%; combined coverage to 99.8531%,derived-control,"Recognizes statutory CUSIP marker characters @ # * in row starts; near-reconciled legal-entity holding extraction, not liability-cost spread or asset-level cash-return proof."
apollo-athene-statutory-schedule-d-residual-gap-diagnostic-pass-1,Apollo/Athene,APO,2025,derived statutory Schedule D residual reconciliation diagnostic artifact,CFAASDRG-001;CFAASDRG-003;CFEI-120;CFAASDRD-003,1,local-derived,analysis/company-first-principles/data/capital-flow-apollo-athene-statutory-schedule-d-residual-gap-diagnostic-pass-1.csv,Schedule D residual gap diagnostic; 3 rows; combined parser book 158.619095705B USD; statutory reference 158.852395201B USD; residual gap 233.299496M USD; 99.8531% coverage; 61 raw row-like unmatched candidates; candidate apparent book value exceeds residual gap,derived-control,"Explains why the remaining Schedule D gap requires row-level duplicate/continuation/tolerance review rather than blind parser fallback; not income, spread, borrower cash, or asset-return proof."
apollo-athene-statutory-legal-entity-income-cash-bridge-pass-1,Apollo/Athene,APO,2025,derived statutory legal-entity income cash bridge artifact,CFAALEICB-001;CFAALEICB-012;CFEI-121;CFAASCE-020,1,local-derived,analysis/company-first-principles/data/capital-flow-apollo-athene-statutory-legal-entity-income-cash-bridge-pass-1.csv,Athene legal-entity income/cash bridge; 12 rows; 12.732699320B USD net investment income; 12.281980822B USD cash-flow net investment income; 96.4601% cash-flow support; 13.601183683B USD collected gross investment income; 97.0764% collected versus earned; 54.035221430B USD bond proceeds,derived-control,"Moves Apollo/Athene from near-reconciled Schedule D holdings to entity-level asset income and cash conversion; not CUSIP-level income, liability-cost spread, borrower receipt, or return proof."
apollo-athene-statutory-schedule-d-disposal-proceeds-parser-pass-1,Apollo/Athene,APO,2025,derived statutory Schedule D disposal proceeds parser artifact,CFAASDDP-00001;CFAASDDP-07655;CFEI-122;CFAASCE-027,1,local-derived,analysis/company-first-principles/data/capital-flow-apollo-athene-statutory-schedule-d-disposal-proceeds-parser-pass-1.csv,Schedule D disposal/proceeds parser; 7655 named rows; 6250 Part 4 rows; 1405 Part 5 rows; CUSIP issuer disposal date purchaser/type consideration book/gain/loss numeric fields,derived-control,"Named disposal/proceeds worklist; not final consideration, gain/loss, borrower cash, or asset-return proof."
apollo-athene-statutory-schedule-d-disposal-proceeds-diagnostic-pass-1,Apollo/Athene,APO,2025,derived statutory Schedule D disposal proceeds diagnostic artifact,CFAASDDPD-001;CFAASDDPD-003;CFEI-122;CFAASCE-027,1,local-derived,analysis/company-first-principles/data/capital-flow-apollo-athene-statutory-schedule-d-disposal-proceeds-diagnostic-pass-1.csv,Schedule D disposal/proceeds diagnostic; 3 rows; combined parser consideration 72.807523483B USD; statutory reference 72.140293824B USD; difference 667.229659M USD; 100.9249% coverage,derived-control,"Near-reconciled consideration diagnostic; requires subtotal, Part 5, gain/loss, and disposition-type cleanup before return proof."
meaty-end-to-end-goal-and-proof-workplan-pass-1,Capital flow research system,Multiple,current synthesis,derived big-money end-to-end goal and proof workplan artifact,CFME2E-001;CFME2E-010;CFEI-123,1,local-derived,analysis/company-first-principles/data/capital-flow-meaty-end-to-end-goal-and-proof-workplan-pass-1.csv,10-row proof workplan; source to platform to wrapper to destination to use to cash-back to waterfall/legal route to return; Apollo/Athene statutory prototype named as next end-to-end proof move,derived-control,Controls the next research execution goal; not a new primary source and not proof of full named cash-loop completion.
apollo-athene-statutory-cusip-cashback-match-pass-1,Apollo/Athene,APO,2025,derived statutory CUSIP holdings-to-proceeds match artifact,CFAASCBCM-00001;CFAASCBCM-10801;CFEI-124,1,local-derived,analysis/company-first-principles/data/capital-flow-apollo-athene-statutory-cusip-cashback-match-pass-1.csv,CUSIP cash-back match; 10801 unique CUSIP rows; 3486 same-CUSIP holding/proceeds rows; 3485 headline same-CUSIP rows excluding placeholder; 27.512853248B USD headline same-CUSIP matched consideration,derived-control,"First CUSIP-level bridge from Schedule D year-end holdings to disposal/proceeds candidates; not lot-level continuity, borrower cash, liability spread, or final return proof."
apollo-athene-statutory-cusip-cashback-match-diagnostic-pass-1,Apollo/Athene,APO,2025,derived statutory CUSIP cash-back match diagnostic artifact,CFAASCBCMD-001;CFAASCBCMD-017;CFEI-124,1,local-derived,analysis/company-first-principles/data/capital-flow-apollo-athene-statutory-cusip-cashback-match-diagnostic-pass-1.csv,17 diagnostic rows; 68.251655221B USD headline disposal consideration excluding placeholder; 94.6096pct reference coverage; 40.3109pct headline same-CUSIP matched consideration share,derived-control,Separates full audit totals from ex-placeholder headline diagnostics; not final reconciliation or return proof.
apollo-athene-statutory-cusip-cashback-high-dollar-inspection-pass-1,Apollo/Athene,APO,2025,derived statutory CUSIP high-dollar cashback inspection artifact,CFAASCBCHI-001;CFAASCBCHI-100;CFEI-125,1,local-derived,analysis/company-first-principles/data/capital-flow-apollo-athene-statutory-cusip-cashback-high-dollar-inspection-pass-1.csv,Top 100 ex-placeholder CUSIP proceeds rows; 23.817173163B USD total consideration; 34 tier-1 same-CUSIP cash candidates; 7.690348231B USD tier-1 candidate consideration,derived-control,Ranks high-dollar CUSIP proceeds rows and classifies disposition economics; not final lot-level continuity or asset-return proof.
apollo-athene-statutory-cusip-cashback-high-dollar-inspection-diagnostic-pass-1,Apollo/Athene,APO,2025,derived statutory CUSIP high-dollar cashback inspection diagnostic artifact,CFAASCBCHID-001;CFAASCBCHID-013;CFEI-125,1,local-derived,analysis/company-first-principles/data/capital-flow-apollo-athene-statutory-cusip-cashback-high-dollar-inspection-diagnostic-pass-1.csv,"13 diagnostic rows; top-100 class counts for market-sale/counterparty, paydown, tax-free exchange, redemption/call, security withdrawal, and direct/private transfer labels",derived-control,Diagnostic for high-dollar inspection priority; classification is heuristic and not final accounting proof.
apollo-athene-statutory-cusip-row-proof-packet-pass-1,Apollo/Athene,APO,2025,derived statutory CUSIP row proof packet summary artifact,CFAASCBCRP-001;CFAASCBCRP-005;CFEI-126,1,local-derived,analysis/company-first-principles/data/capital-flow-apollo-athene-statutory-cusip-row-proof-packet-pass-1.csv,5 top tier-1 same-CUSIP candidates; 3.851152934B USD gross consideration; 1.569389612B USD cash-like consideration; 40.7512pct cash-like share,derived-control,"Summary packet for row-level cash-like filtering; not lot-level continuity, borrower cash, liability spread, or return proof."
apollo-athene-statutory-cusip-row-proof-packet-detail-pass-1,Apollo/Athene,APO,2025,derived statutory CUSIP row proof packet detail artifact,CFAASCBCRPD-0001;CFAASCBCRPD-0020;CFEI-126,1,local-derived,analysis/company-first-principles/data/capital-flow-apollo-athene-statutory-cusip-row-proof-packet-detail-pass-1.csv,20 source detail rows; 5 year-end holding rows; 15 disposal/proceeds rows; row-level cash-like versus tax-free exchange/transfer classification,derived-control,Detail packet preserving source rows for selected CUSIPs; parser fields still require PDF inspection and reconciliation.
apollo-athene-statutory-cusip-row-proof-packet-diagnostic-pass-1,Apollo/Athene,APO,2025,derived statutory CUSIP row proof packet diagnostic artifact,CFAASCBCRPDG-001;CFAASCBCRPDG-012;CFEI-126,1,local-derived,analysis/company-first-principles/data/capital-flow-apollo-athene-statutory-cusip-row-proof-packet-diagnostic-pass-1.csv,12 diagnostic rows; selected holding/disposal counts; gross versus cash-like consideration; 1.033125 gross consideration to year-end book ratio,derived-control,"Diagnostic for row-level packet; not final statutory accounting, gain/loss, or asset-return proof."
apollo-athene-statutory-cusip-raw-text-inspection-pass-1,Apollo/Athene,APO,2025,derived statutory CUSIP raw text inspection artifact,CFAASCRTI-001;CFAASCRTI-009;CFEI-127,1,local-derived,analysis/company-first-principles/data/capital-flow-apollo-athene-statutory-cusip-raw-text-inspection-pass-1.csv,9 raw text inspection rows; 3 selected CUSIPs; 8 selected pages; all rows found; 4 short numeric-stream holds,derived-control,Confirms selected row text exists in statutory PDF extraction; column semantics and gain/loss interpretation remain holds.
apollo-athene-statutory-cusip-raw-text-inspection-diagnostic-pass-1,Apollo/Athene,APO,2025,derived statutory CUSIP raw text inspection diagnostic artifact,CFAASCRTID-001;CFAASCRTID-006;CFEI-127,1,local-derived,analysis/company-first-principles/data/capital-flow-apollo-athene-statutory-cusip-raw-text-inspection-diagnostic-pass-1.csv,6 diagnostic rows; 9 raw rows found; 0 missing; 4 short numeric-stream holds; 3 selected CUSIPs; 8 pages,derived-control,"Diagnostic for raw source-row availability; not final accounting, borrower cash, liability spread, or return proof."
apollo-athene-statutory-cusip-column-interpretation-pass-1,Apollo/Athene,APO,2025,derived statutory CUSIP selected disposal column interpretation artifact,CFAASCPCI-001;CFAASCPCI-006;CFEI-128,1,local-derived,analysis/company-first-principles/data/capital-flow-apollo-athene-statutory-cusip-column-interpretation-pass-1.csv,6 selected disposal/proceeds rows; parser consideration confirmed for all 6; 1.402283884B USD safe cash-like consideration; 4 gain/loss holds; 1 noncash exchange hold,derived-control,"Column interpretation for selected CUSIP rows; supports consideration evidence and parser correction, not final return proof."
apollo-athene-statutory-cusip-column-interpretation-diagnostic-pass-1,Apollo/Athene,APO,2025,derived statutory CUSIP selected disposal column interpretation diagnostic artifact,CFAASCPID-001;CFAASCPID-005;CFEI-128,1,local-derived,analysis/company-first-principles/data/capital-flow-apollo-athene-statutory-cusip-column-interpretation-diagnostic-pass-1.csv,5 diagnostic rows; 6 parser consideration confirmed rows; 4 gain/loss hold rows; 1.402283884B USD safe cash-like consideration,derived-control,Diagnostic for selected column interpretation; not full Part 4/Part 5 correction or asset-return proof.
apollo-athene-statutory-disposal-parser-safe-gainloss-correction-pass-1,Apollo/Athene,APO,2025,derived statutory Schedule D disposal parser safe gain/loss correction artifact,CFAASDPSG-001;CFAASDPSG-017;CFEI-129,1,local-derived,analysis/company-first-principles/data/capital-flow-apollo-athene-statutory-disposal-parser-safe-gainloss-correction-pass-1.csv,17 correction diagnostic rows; 7655 disposal parser rows; schema expanded to 22 columns; 7396 cash-like candidate rows; 259 noncash/transfer holds; safe gain/loss sum -168096 USD,derived-control,"Parser-quality correction for disposition class, cash-likeness, and safe gain/loss; not final realized-return or borrower-cash proof."
apollo-athene-statutory-safe-cashlike-proceeds-summary-pass-1,Apollo/Athene,APO,2025,derived statutory safe cash-like proceeds summary artifact,CFAASCPS-0001;CFAASCPS-0060;CFEI-130;CFAASCPD-014,1,local-derived,analysis/company-first-principles/data/capital-flow-apollo-athene-statutory-safe-cashlike-proceeds-summary-pass-1.csv,60 summary rows; 2 cash-likeness totals; 8 economic class totals; top 50 cash-like CUSIPs; 57.909402803B USD cash-like candidate consideration; 14.898120680B USD noncash/transfer hold consideration,derived-control,"Full-universe named proceeds summary for corrected Athene Schedule D disposal parser; not borrower receipt, liability spread, or asset-return proof."
apollo-athene-statutory-safe-cashlike-proceeds-summary-diagnostic-pass-1,Apollo/Athene,APO,2025,derived statutory safe cash-like proceeds diagnostic artifact,CFAASCPD-001;CFAASCPD-014;CFEI-130,1,local-derived,analysis/company-first-principles/data/capital-flow-apollo-athene-statutory-safe-cashlike-proceeds-summary-diagnostic-pass-1.csv,14 diagnostic rows; 7655 disposal rows; 72.807523483B USD total consideration; 79.5377pct cash-like candidate share; top 50 cash-like CUSIP consideration 10.876822674B USD; same-CUSIP cash-like consideration excluding placeholder 19.636559453B USD,derived-control,Diagnostic controls for full-universe safe cash-like proceeds summary; parser-derived and not final cash-return proof.
apollo-athene-statutory-safe-cashlike-same-cusip-row-proof-packet-pass-1,Apollo/Athene,APO,2025,derived statutory safe cash-like same-CUSIP row proof packet summary artifact,CFAASCSCRP-001;CFAASCSCRP-010;CFEI-131;CFAASCSCRPDG-015,1,local-derived,analysis/company-first-principles/data/capital-flow-apollo-athene-statutory-safe-cashlike-same-cusip-row-proof-packet-pass-1.csv,10 same-CUSIP summary rows; 2.943066208B USD selected disposal consideration; 2.930192972B USD cash-like consideration; 12.873236M USD noncash/transfer holds; 93.704267M USD disposal interest/dividends received,derived-control,"Row-level proof packet for highest-dollar safe cash-like same-CUSIP candidates; not borrower receipt, liability spread, or asset-return proof."
apollo-athene-statutory-safe-cashlike-same-cusip-row-proof-packet-detail-pass-1,Apollo/Athene,APO,2025,derived statutory same-CUSIP row proof packet detail artifact,CFAASCSCRPD-0001;CFAASCSCRPD-0026;CFEI-131,1,local-derived,analysis/company-first-principles/data/capital-flow-apollo-athene-statutory-safe-cashlike-same-cusip-row-proof-packet-detail-pass-1.csv,"26 source detail rows; 10 year-end holding rows; 16 disposal/proceeds rows; selected pages, row IDs, dates, disposition labels, book value, consideration, interest/dividend, NAIC, and raw numeric streams",derived-control,Detail rows behind the safe cash-like same-CUSIP packet; supports inspection but not final cash-loop proof.
apollo-athene-statutory-safe-cashlike-same-cusip-row-proof-packet-diagnostic-pass-1,Apollo/Athene,APO,2025,derived statutory same-CUSIP row proof packet diagnostic artifact,CFAASCSCRPDG-001;CFAASCSCRPDG-015;CFEI-131,1,local-derived,analysis/company-first-principles/data/capital-flow-apollo-athene-statutory-safe-cashlike-same-cusip-row-proof-packet-diagnostic-pass-1.csv,15 diagnostic rows; 99.5626pct selected cash-like share; 3.509210632B USD selected year-end book value; -27 USD selected safe realized gain/loss,derived-control,Diagnostics for row-level packet; not borrower-cash or return proof.
apollo-athene-statutory-safe-cashlike-same-cusip-raw-text-inspection-pass-1,Apollo/Athene,APO,2025,derived statutory raw text inspection artifact,CFAASCSCRTI-001;CFAASCSCRTI-019;CFEI-132;CFAASCSCRTID-010,1,local-derived,analysis/company-first-principles/data/capital-flow-apollo-athene-statutory-safe-cashlike-same-cusip-raw-text-inspection-pass-1.csv,19 raw text inspection rows; 8 clean same-CUSIP candidates; 14 selected pages; 19 raw rows found; 0 raw rows missing; 17 inspection-ready rows; 2 short numeric-stream holds,derived-control,"Confirms source-row availability for clean safe cash-like same-CUSIP candidates; not final column semantics, borrower receipt, spread, or return proof."
apollo-athene-statutory-safe-cashlike-same-cusip-raw-text-inspection-diagnostic-pass-1,Apollo/Athene,APO,2025,derived statutory raw text inspection diagnostic artifact,CFAASCSCRTID-001;CFAASCSCRTID-010;CFEI-132,1,local-derived,analysis/company-first-principles/data/capital-flow-apollo-athene-statutory-safe-cashlike-same-cusip-raw-text-inspection-diagnostic-pass-1.csv,10 diagnostic rows; 19 raw rows found; 0 missing; 11 disposal/proceeds rows; 8 year-end holding rows; 17 inspection-ready; 2 short numeric-stream holds,derived-control,Diagnostic controls for raw row availability inspection; not final accounting or asset-return proof.
apollo-athene-statutory-safe-cashlike-column-review-pass-1,Apollo/Athene,APO,2025,derived statutory column review artifact,CFAASCCR-001;CFAASCCR-002;CFEI-133;CFAASCCRD-008,1,local-derived,analysis/company-first-principles/data/capital-flow-apollo-athene-statutory-safe-cashlike-column-review-pass-1.csv,2 column-review rows; 269.806570M USD interpreted consideration; 4.029889M USD interpreted interest/dividends; both gain/loss blank holds,derived-control,"Page-specific column review for short-stream same-CUSIP rows; not borrower receipt, liability spread, or return proof."
apollo-athene-statutory-safe-cashlike-column-review-diagnostic-pass-1,Apollo/Athene,APO,2025,derived statutory column review diagnostic artifact,CFAASCCRD-001;CFAASCCRD-008;CFEI-133,1,local-derived,analysis/company-first-principles/data/capital-flow-apollo-athene-statutory-safe-cashlike-column-review-diagnostic-pass-1.csv,8 diagnostic rows; 2 consideration-promotable rows; 2 interest-promotable rows; 2 gain/loss blank holds; pages 6276 and 6312 reviewed,derived-control,Diagnostic controls for short-stream column review; not final named cash-loop proof.
apollo-athene-statutory-safe-cashlike-issuer-borrower-map-pass-1,Apollo/Athene,APO,2025,derived statutory issuer/borrower mapping artifact,CFAASCIBM-001;CFAASCIBM-010;CFEI-134;CFAASCIBMD-008,1,local-derived plus public issuer sources,analysis/company-first-principles/data/capital-flow-apollo-athene-statutory-safe-cashlike-issuer-borrower-map-pass-1.csv,10 issuer-map rows; 2.930192972B USD selected Athene cash-like consideration; 7 non-Treasury operating/wrapper rows; 2.378326037B USD non-Treasury cash-like consideration; 3 Treasury liquidity rows,derived-control,"Maps same-CUSIP cash-like proceeds to issuer/wrapper lanes and remaining proof documents; not borrower receipt, liability spread, or final return proof."
apollo-athene-statutory-safe-cashlike-issuer-borrower-map-diagnostic-pass-1,Apollo/Athene,APO,2025,derived statutory issuer/borrower mapping diagnostic artifact,CFAASCIBMD-001;CFAASCIBMD-008;CFEI-134,1,local-derived,analysis/company-first-principles/data/capital-flow-apollo-athene-statutory-safe-cashlike-issuer-borrower-map-diagnostic-pass-1.csv,8 diagnostic rows; 10 issuer-map rows; 7 non-Treasury rows; 3 sovereign reserve rows; 5 platform-related/wrapper-visible rows; 7 borrower-use holds,derived-control,Diagnostic controls for issuer/borrower map; not final cash-loop proof.
apollo-athene-concord-named-cash-source-acquisition-pass-1,Apollo/Athene; Concord Music Royalties,APO,2025-2026,derived named-cash source acquisition packet,CFAACNCSP-001;CFAACNCSP-008;CFEI-135;CFAACNCSPD-010,1,local-derived plus Concord and KBRA public sources,analysis/company-first-principles/data/capital-flow-apollo-athene-concord-named-cash-source-acquisition-pass-1.csv,8 source acquisition rows; Athene Concord cash-like consideration 229.053398M USD; Concord issuance 1.765B USD; Concord 2022-1 repayment reference 1.65B USD; VFN refinance reference 100M USD; KBRA redemption reference 1.750B USD,borrower-wrapper-use-proxy-visible-athene-receipt-hold,"Upgrades Concord from mapped issuer to public borrower/wrapper/use proxy; not Athene-specific remittance, liability spread, or final return proof."
apollo-athene-concord-named-cash-source-acquisition-diagnostic-pass-1,Apollo/Athene; Concord Music Royalties,APO,2025-2026,derived named-cash source acquisition diagnostic artifact,CFAACNCSPD-001;CFAACNCSPD-010;CFEI-135,1,local-derived,analysis/company-first-principles/data/capital-flow-apollo-athene-concord-named-cash-source-acquisition-diagnostic-pass-1.csv,10 diagnostic rows; 5 public sources found; 1 local Athene row source; 1 request package row; public issuance/use/debt-service proxy metrics captured,derived-control,Controls Concord source acquisition packet; not final cash-loop proof.
apollo-athene-concord-controlled-document-request-packet-pass-1,Apollo/Athene; Concord Music Royalties,APO,2025-2026,derived controlled-document request packet,CFAACNCDR-001;CFAACNCDR-008;CFEI-136;CFAACNCDRD-009,1,local-derived from Concord source acquisition gaps,analysis/company-first-principles/data/capital-flow-apollo-athene-concord-controlled-document-request-packet-pass-1.csv,8 controlled-document request rows; 8 cash-loop links covered; all rows controlled-document-needed; carries forward Athene Concord cash-like consideration 229.053398M USD and Concord issuance 1.765B USD,request-ready,"Defines documents, controllers, promotion tests, and hold tests for Concord full named-cash proof; not document receipt or final proof."
apollo-athene-concord-controlled-document-request-packet-diagnostic-pass-1,Apollo/Athene; Concord Music Royalties,APO,2025-2026,derived controlled-document request diagnostic artifact,CFAACNCDRD-001;CFAACNCDRD-009;CFEI-136,1,local-derived,analysis/company-first-principles/data/capital-flow-apollo-athene-concord-controlled-document-request-packet-diagnostic-pass-1.csv,9 diagnostic rows; 8 request rows; 8 cash-loop links; 8 controlled-document-needed rows; key Athene/Concord/KBRA references preserved,derived-control,Diagnostic controls for Concord request packet; not document acquisition or extraction proof.
apollo-athene-concord-public-document-acquisition-attempt-pass-1,Apollo/Athene; Concord Music Royalties,APO,2025-2026,derived public document acquisition attempt artifact,CFAACNCPDA-001;CFAACNCPDA-008;CFEI-137;CFAACNCPDAD-008,1,"public web routes for DealX, KBRA, Concord, Apollo, and Asset Securitization Report",analysis/company-first-principles/data/capital-flow-apollo-athene-concord-public-document-acquisition-attempt-pass-1.csv,8 acquisition attempt rows; 3 located access-controlled rows; 2 public proxy found rows; 3 not-found-public rows; 0 Athene receipt upgrades; 0 return-model upgrades,public-routes-located-full-proof-access-controlled,Tests public routes for Concord controlled-document families; identifies access-controlled documents and not-found public gaps; not final cash proof.
apollo-athene-concord-public-document-acquisition-attempt-diagnostic-pass-1,Apollo/Athene; Concord Music Royalties,APO,2025-2026,derived public document acquisition attempt diagnostic artifact,CFAACNCPDAD-001;CFAACNCPDAD-008;CFEI-137,1,local-derived,analysis/company-first-principles/data/capital-flow-apollo-athene-concord-public-document-acquisition-attempt-diagnostic-pass-1.csv,8 diagnostic rows; 8 cash-loop links tested; 8 document families remain controlled-needed; public acquisition status counts captured,derived-control,Diagnostic controls for Concord public document acquisition attempt; not document-content extraction proof.
big-money-current-state-execution-brief-pass-1,Capital flow research system,Multiple,current synthesis,derived big-money current-state execution brief artifact,CFBMCSEB-001;CFBMCSEB-009;CFEI-138,1,local-derived,analysis/company-first-principles/capital-flow-big-money-current-state-execution-brief-pass-1.md,9 platform/current-state execution rows; next pass set to Apollo/Athene statutory prototype; no full named-cash proof promoted,derived-control,Readable current-state execution brief connecting the big-money goal to the next proof sequence; not a new primary source.
big-money-current-state-execution-brief-data-pass-1,Capital flow research system,Multiple,current synthesis,derived big-money current-state execution brief table artifact,CFBMCSEB-001;CFBMCSEB-009;CFEI-138,1,local-derived,analysis/company-first-principles/data/capital-flow-big-money-current-state-execution-brief-pass-1.csv,"9 rows x 9 columns; platform state, proof level, missing documents, and next source package fields",derived-control,Structured companion table for current-state execution brief.
apollo-athene-amaps-named-cash-source-acquisition-pass-1,Apollo/Athene; AMAPS 1 LLC,APO,2025-2026,derived AMAPS named-cash source acquisition artifact,CFAAAMAPS-001;CFAAAMAPS-009;CFEI-139,1,local-derived plus Apollo/SEC/KBRA/S&P/Bloomberg public sources,analysis/company-first-principles/capital-flow-apollo-athene-amaps-named-cash-source-acquisition-pass-1.md,9 acquisition rows; Athene AMAPS 268.000000M USD cash-like consideration; 1.917500000B USD year-end book; 48.871440M USD interest income; 2.550B USD public AMAPS 1 concentration,derived-control,Connects local Athene statutory AMAPS row to public Apollo/Athene wrapper and concentration sources; not AMAPS 1 collateral/remittance/return proof.
apollo-athene-amaps-named-cash-source-acquisition-data-pass-1,Apollo/Athene; AMAPS 1 LLC,APO,2025-2026,derived AMAPS named-cash source acquisition table artifact,CFAAAMAPS-001;CFAAAMAPS-009;CFEI-139,1,local-derived,analysis/company-first-principles/data/capital-flow-apollo-athene-amaps-named-cash-source-acquisition-pass-1.csv,"9 rows x 12 columns; source layer, source status, proof upgrade, cash movement read, gap, and next action",derived-control,Structured AMAPS source acquisition table; not a new primary source.
apollo-athene-amaps-named-cash-source-acquisition-diagnostic-pass-1,Apollo/Athene; AMAPS 1 LLC,APO,2025-2026,derived AMAPS named-cash source acquisition diagnostic artifact,CFAAAMAPS-001;CFAAAMAPS-009;CFEI-139,1,local-derived,analysis/company-first-principles/data/capital-flow-apollo-athene-amaps-named-cash-source-acquisition-diagnostic-pass-1.csv,11 diagnostic rows; public sources found 6; public analog 1; local Athene row sources 1; request package rows 1,derived-control,Diagnostic controls for AMAPS source acquisition pass.
apollo-athene-amaps-controlled-document-request-packet-pass-1,Apollo/Athene; AMAPS 1 LLC,APO,2025-2026,derived AMAPS controlled-document request packet artifact,CFAAAMAPSDR-001;CFAAAMAPSDR-009;CFEI-140,1,local-derived,analysis/company-first-principles/capital-flow-apollo-athene-amaps-controlled-document-request-packet-pass-1.md,"9 controlled-document request rows; AMAPS 1 offering, tranche, rating, collateral, trustee, waterfall, allocation, subsidiary reconciliation, and return documents named",derived-control,Request-grade AMAPS proof packet; not proof that controlled documents have been obtained.
apollo-athene-amaps-controlled-document-request-packet-data-pass-1,Apollo/Athene; AMAPS 1 LLC,APO,2025-2026,derived AMAPS controlled-document request table artifact,CFAAAMAPSDR-001;CFAAAMAPSDR-009;CFEI-140,1,local-derived,analysis/company-first-principles/data/capital-flow-apollo-athene-amaps-controlled-document-request-packet-pass-1.csv,"9 rows x 14 columns; request document family, controller, promotion/hold tests, current evidence, cash-loop link, and next action",derived-control,Structured AMAPS controlled-document request table.
apollo-athene-amaps-controlled-document-request-packet-diagnostic-pass-1,Apollo/Athene; AMAPS 1 LLC,APO,2025-2026,derived AMAPS controlled-document request diagnostic artifact,CFAAAMAPSDR-001;CFAAAMAPSDR-009;CFEI-140,1,local-derived,analysis/company-first-principles/data/capital-flow-apollo-athene-amaps-controlled-document-request-packet-diagnostic-pass-1.csv,10 diagnostic rows; 9 request rows; 9 controlled-document-needed rows; 9 cash-loop links covered,derived-control,Diagnostic controls for AMAPS controlled-document request packet.
apollo-athene-amaps-public-document-acquisition-attempt-pass-1,Apollo/Athene; AMAPS 1 LLC,APO,2025-2026,derived AMAPS public document acquisition attempt artifact,CFAAAMAPSPDA-001;CFAAAMAPSPDA-009;CFEI-141,1,local-derived plus DealX/Apollo/SEC/KBRA/S&P/Fitch/U.S. Bank public routes,analysis/company-first-principles/capital-flow-apollo-athene-amaps-public-document-acquisition-attempt-pass-1.md,9 attempt rows; 1 located-access-controlled; 3 public proxy/analog; 1 public consolidated exposure; 4 not-found-public; 0 full proof upgrades,derived-control,"Public-route AMAPS document acquisition attempt; route/status evidence only, not controlled document content proof."
apollo-athene-amaps-public-document-acquisition-attempt-data-pass-1,Apollo/Athene; AMAPS 1 LLC,APO,2025-2026,derived AMAPS public document acquisition attempt table artifact,CFAAAMAPSPDA-001;CFAAAMAPSPDA-009;CFEI-141,1,local-derived,analysis/company-first-principles/data/capital-flow-apollo-athene-amaps-public-document-acquisition-attempt-pass-1.csv,"9 rows x 12 columns; request mapping, public route tested, route status, proof effect, remaining gap, next action",derived-control,Structured AMAPS public document acquisition attempt table.
apollo-athene-amaps-public-document-acquisition-attempt-diagnostic-pass-1,Apollo/Athene; AMAPS 1 LLC,APO,2025-2026,derived AMAPS public document acquisition attempt diagnostic artifact,CFAAAMAPSPDA-001;CFAAAMAPSPDA-009;CFEI-141,1,local-derived,analysis/company-first-principles/data/capital-flow-apollo-athene-amaps-public-document-acquisition-attempt-diagnostic-pass-1.csv,10 diagnostic rows; 9 attempts; 9 controlled-document-needed after attempt; 0 full proof upgrades,derived-control,Diagnostic controls for AMAPS public document acquisition attempt.
apollo-athene-named-issuer-prototype-synthesis-pass-1,Apollo/Athene,APO,2025-2026 synthesis,derived Apollo/Athene named issuer prototype synthesis artifact,CFAANIPS-001;CFAANIPS-006;CFEI-142,1,local-derived,analysis/company-first-principles/capital-flow-apollo-athene-named-issuer-prototype-synthesis-pass-1.md,6 synthesis rows; Concord and AMAPS public-route-tested; public proof stops at bridge/wrapper; 0 full named-cash upgrades for both cases,derived-control,Consolidates Apollo/Athene statutory prototype; not new primary evidence.
apollo-athene-named-issuer-prototype-synthesis-data-pass-1,Apollo/Athene,APO,2025-2026 synthesis,derived Apollo/Athene named issuer prototype synthesis table artifact,CFAANIPS-001;CFAANIPS-006;CFEI-142,1,local-derived,analysis/company-first-principles/data/capital-flow-apollo-athene-named-issuer-prototype-synthesis-pass-1.csv,"6 rows x 9 columns; case/layer, money path, evidence, proof level, answers, gaps, next action, safe claim",derived-control,Structured companion table for Apollo/Athene prototype synthesis.
kkr-global-atlantic-statutory-template-pass-1,KKR / Global Atlantic,KKR,2025-2026 template,derived KKR Global Atlantic statutory template artifact,CFKKRGAST-001;CFKKRGAST-010;CFEI-143,1,local-derived plus Global Atlantic financial statements page and KKR 10-Q,analysis/company-first-principles/capital-flow-kkr-global-atlantic-statutory-template-pass-1.md,10 template rows; Global Atlantic statutory routes identified for 4 U.S. entities and Bermuda reinsurers; Apollo/Athene parser architecture reusable,derived-control,Template/source-route artifact; not downloaded Global Atlantic statutory proof.
kkr-global-atlantic-statutory-template-data-pass-1,KKR / Global Atlantic,KKR,2025-2026 template,derived KKR Global Atlantic statutory template table artifact,CFKKRGAST-001;CFKKRGAST-010;CFEI-143,1,local-derived,analysis/company-first-principles/data/capital-flow-kkr-global-atlantic-statutory-template-pass-1.csv,"10 rows x 10 columns; proof layer, target source, route, current evidence, Apollo template reuse, fields, promotion and hold tests",derived-control,Structured companion table for KKR/Global Atlantic statutory acquisition template.
kkr-global-atlantic-statutory-source-acquisition-pass-1,KKR / Global Atlantic,KKR,2025-2026 source acquisition,derived KKR Global Atlantic statutory source acquisition artifact,CFKKRGASA-001;CFKKRGASA-010;CFEI-144,1,local-derived plus downloaded official Global Atlantic statutory PDFs,analysis/company-first-principles/capital-flow-kkr-global-atlantic-statutory-source-acquisition-pass-1.md,10 acquisition rows; 4 Q4 2025 U.S. annual statements; 4 Q2 2026 U.S. quarterlies; 2 FY 2025 Bermuda statutory financial statements; 10 local PDFs downloaded,derived-control,"Source acquisition artifact; not parsed Schedule D/BA, named cash receipt, liability-spread, or return proof."
kkr-global-atlantic-statutory-source-acquisition-data-pass-1,KKR / Global Atlantic,KKR,2025-2026 source acquisition,derived KKR Global Atlantic statutory source acquisition table artifact,CFKKRGASA-001;CFKKRGASA-010;CFEI-144,1,local-derived,analysis/company-first-principles/data/capital-flow-kkr-global-atlantic-statutory-source-acquisition-pass-1.csv,"10 rows x 12 columns; legal entity, period, statement type, source URL, local path, status, bytes, PDF probe, proof effect, boundary, next action",derived-control,Structured acquisition status table; source-file availability only.
kkr-global-atlantic-statutory-source-acquisition-diagnostic-pass-1,KKR / Global Atlantic,KKR,2025-2026 source acquisition,derived KKR Global Atlantic statutory source acquisition diagnostic artifact,CFKKRGASA-001;CFKKRGASA-010;CFEI-144,1,local-derived,analysis/company-first-principles/data/capital-flow-kkr-global-atlantic-statutory-source-acquisition-diagnostic-pass-1.csv,11 diagnostic rows; 10 source acquisition rows; 10 downloaded local files; 0 download holds; next parser identified,derived-control,Diagnostic controls only; no schedule parsing or full named cash proof.
kkr-global-atlantic-statutory-schedule-locator-pass-1,KKR / Global Atlantic,KKR,2025-2026 schedule locator,derived KKR Global Atlantic statutory schedule locator artifact,CFKKRGASL-001;CFKKRGASL-038;CFEI-145,1,local-derived from acquired Global Atlantic statutory PDFs,analysis/company-first-principles/capital-flow-kkr-global-atlantic-statutory-schedule-locator-pass-1.md,38 locator rows; 10 PDFs covered; 1226 available PDF pages; 38 targeted page/range probes; 9 Schedule D rows; 8 cash/income rows; 0 full proof upgrades,derived-control,"Schedule locator artifact; not parsed holdings, income, liability spread, or return proof."
kkr-global-atlantic-statutory-schedule-locator-data-pass-1,KKR / Global Atlantic,KKR,2025-2026 schedule locator,derived KKR Global Atlantic statutory schedule locator table artifact,CFKKRGASL-001;CFKKRGASL-038;CFEI-145,1,local-derived,analysis/company-first-principles/data/capital-flow-kkr-global-atlantic-statutory-schedule-locator-pass-1.csv,"38 rows x 15 columns; legal entity, period, target, pages, proof use, boundary, status, next action, upgrade test",derived-control,Structured locator table; page targeting only.
kkr-global-atlantic-statutory-schedule-locator-diagnostic-pass-1,KKR / Global Atlantic,KKR,2025-2026 schedule locator,derived KKR Global Atlantic statutory schedule locator diagnostic artifact,CFKKRGASL-001;CFKKRGASL-038;CFEI-145,1,local-derived,analysis/company-first-principles/data/capital-flow-kkr-global-atlantic-statutory-schedule-locator-diagnostic-pass-1.csv,13 diagnostic rows; 38 locator rows; 10 PDFs; 9 Schedule D rows; 8 cash/income rows; next parser identified,derived-control,Locator diagnostics only; no schedule parsing or full named cash proof.
kkr-global-atlantic-accordia-compact-extraction-pass-1,KKR / Global Atlantic; Accordia Life and Annuity Company,KKR,Q4 2025 compact extraction,derived Accordia compact statutory extraction artifact,CFKKRGACE-001;CFKKRGACE-017;CFKKRGACEDS-001;CFKKRGACEDS-030;CFEI-146,1,local-derived from downloaded Accordia Q4 2025 statutory statement,analysis/company-first-principles/capital-flow-kkr-global-atlantic-accordia-compact-extraction-pass-1.md,17 summary rows; 30 Schedule D named security samples; 15 diagnostics; 7.318322163B USD Schedule D bonds; 549.713557M USD net investment income,derived-control,Compact legal-entity bridge and sample named securities; not full Schedule D parser or full named cash proof.
kkr-global-atlantic-accordia-compact-extraction-data-pass-1,KKR / Global Atlantic; Accordia Life and Annuity Company,KKR,Q4 2025 compact extraction,derived Accordia compact statutory extraction table artifact,CFKKRGACE-001;CFKKRGACE-017;CFEI-146,1,local-derived,analysis/company-first-principles/data/capital-flow-kkr-global-atlantic-accordia-compact-extraction-pass-1.csv,"17 rows x 11 columns; assets, liabilities, income, cash flow, investment-income exhibit fields",derived-control,Structured summary extraction; no holding-level income or return proof.
kkr-global-atlantic-accordia-schedule-d-sample-pass-1,KKR / Global Atlantic; Accordia Life and Annuity Company,KKR,Q4 2025 Schedule D samples,derived Accordia Schedule D sample table artifact,CFKKRGACEDS-001;CFKKRGACEDS-030;CFEI-146,1,local-derived,analysis/company-first-principles/data/capital-flow-kkr-global-atlantic-accordia-schedule-d-sample-pass-1.csv,"30 rows x 11 columns; first named Schedule D securities from acquisition/disposal pages; includes issuer, CUSIP, date, vendor/counterparty sample fields",derived-control,"Named security sample only; numeric columns, income, proceeds, borrower use, and return remain unparsed."
kkr-global-atlantic-accordia-compact-extraction-diagnostic-pass-1,KKR / Global Atlantic; Accordia Life and Annuity Company,KKR,Q4 2025 compact extraction,derived Accordia compact extraction diagnostic artifact,CFKKRGACE-001;CFKKRGACE-017;CFKKRGACEDS-001;CFKKRGACEDS-030;CFEI-146,1,local-derived,analysis/company-first-principles/data/capital-flow-kkr-global-atlantic-accordia-compact-extraction-diagnostic-pass-1.csv,15 diagnostic rows; 17 summary rows; 30 Schedule D samples; next parser identified,derived-control,Diagnostic controls only; not full named cash proof.
kkr-global-atlantic-accordia-schedule-d-parser-pass-1,KKR / Global Atlantic; Accordia Life and Annuity Company,KKR,Q4 2025 Schedule D parser,derived Accordia Schedule D raw parser artifact,CFKKRGACEDP-0001;CFKKRGACEDP-1968;CFEI-147,1,local-derived from downloaded Accordia Q4 2025 statutory statement,analysis/company-first-principles/capital-flow-kkr-global-atlantic-accordia-schedule-d-parser-pass-1.md,1968 raw CUSIP-level Schedule D rows; 994 owned issuer-credit; 92 owned ABS; 493 acquired; 275 disposed; 110 same-year acquired/disposed; 1934 rows with numeric tokens,derived-control,Raw named-security universe; numeric columns not fully assigned/reconciled and not full cash proof.
kkr-global-atlantic-accordia-schedule-d-parser-data-pass-1,KKR / Global Atlantic; Accordia Life and Annuity Company,KKR,Q4 2025 Schedule D parser,derived Accordia Schedule D raw parser table artifact,CFKKRGACEDP-0001;CFKKRGACEDP-1968;CFEI-147,1,local-derived,analysis/company-first-principles/data/capital-flow-kkr-global-atlantic-accordia-schedule-d-parser-pass-1.csv,"1968 rows x 16 columns; schedule part, page, CUSIP, issuer, asset type guess, NAIC marker, dates, counterparty guess, numeric token stream, raw text",derived-control,Structured raw parser table; requires column reconciliation before cash/proceeds/return use.
kkr-global-atlantic-accordia-schedule-d-parser-diagnostic-pass-1,KKR / Global Atlantic; Accordia Life and Annuity Company,KKR,Q4 2025 Schedule D parser,derived Accordia Schedule D raw parser diagnostic artifact,CFKKRGACEDP-0001;CFKKRGACEDP-1968;CFEI-147,1,local-derived,analysis/company-first-principles/data/capital-flow-kkr-global-atlantic-accordia-schedule-d-parser-diagnostic-pass-1.csv,15 diagnostic rows; corrected row counts by schedule part and asset-type guess; next parser identified,derived-control,Diagnostic controls only; no final column reconciliation or full named cash proof.
kkr-global-atlantic-accordia-schedule-d-column-reconciliation-pass-1,KKR / Global Atlantic; Accordia Life and Annuity Company,KKR,Q4 2025 Schedule D column reconciliation,derived Accordia Schedule D column reconciliation artifact,CFKKRGACEDCR-0001;CFKKRGACEDCR-1086;CFEI-148,1,local-derived from Accordia Schedule D raw parser,analysis/company-first-principles/capital-flow-kkr-global-atlantic-accordia-schedule-d-column-reconciliation-pass-1.md,1086 owned reconciliation rows; 1065 candidate mapped rows; 21 held rows; 6.409765632B USD candidate book value; -908.556531M USD variance vs 7.318322163B USD target,derived-control,Candidate column reconciliation only; unresolved variance remains and full cash proof is not reached.
kkr-global-atlantic-accordia-schedule-d-column-reconciliation-data-pass-1,KKR / Global Atlantic; Accordia Life and Annuity Company,KKR,Q4 2025 Schedule D column reconciliation,derived Accordia Schedule D column reconciliation table artifact,CFKKRGACEDCR-0001;CFKKRGACEDCR-1086;CFEI-148,1,local-derived,analysis/company-first-principles/data/capital-flow-kkr-global-atlantic-accordia-schedule-d-column-reconciliation-pass-1.csv,"1086 rows x 16 columns; candidate actual cost, par, fair value, book value, status, boundary, next action",derived-control,Structured candidate reconciliation table; not final statutory column proof.
kkr-global-atlantic-accordia-schedule-d-column-reconciliation-diagnostic-pass-1,KKR / Global Atlantic; Accordia Life and Annuity Company,KKR,Q4 2025 Schedule D column reconciliation,derived Accordia Schedule D column reconciliation diagnostic artifact,CFKKRGACEDCR-0001;CFKKRGACEDCR-1086;CFEI-148,1,local-derived,analysis/company-first-principles/data/capital-flow-kkr-global-atlantic-accordia-schedule-d-column-reconciliation-diagnostic-pass-1.csv,14 diagnostic rows; candidate book coverage 87.585180%; full reconciliation status hold; next parser identified,derived-control,Diagnostic controls only; unresolved variance and no full named cash proof.
big-picture-meaty-end-to-end-goal-pass-1,Capital flow research system,Multiple,current synthesis,derived big-picture meaty end-to-end goal artifact,CFBPME2E-001;CFBPME2E-012;CFEI-149,1,local-derived,analysis/company-first-principles/capital-flow-big-picture-meaty-end-to-end-goal-pass-1.md,front-door meaty goal; proof chain; platform set; current state; next named-cash proof stack,derived-control,Controls what the project is trying to prove; not a new primary source.
big-picture-meaty-end-to-end-goal-data-pass-1,Capital flow research system,Multiple,current synthesis,derived big-picture meaty end-to-end goal table artifact,CFBPME2E-001;CFBPME2E-012;CFEI-149,1,local-derived,analysis/company-first-principles/data/capital-flow-big-picture-meaty-end-to-end-goal-pass-1.csv,12 rows x 7 columns; meaty goal; proof levels; target platforms; next proof cases; success criteria,derived-control,Structured goal-control table; not primary evidence and not proof of a complete cash loop.
kkr-global-atlantic-accordia-schedule-d-held-row-column-geometry-pass-1,KKR / Global Atlantic; Accordia Life and Annuity Company,KKR,Q4 2025 Schedule D held-row geometry,derived Accordia Schedule D held-row column geometry artifact,CFKKRGACEDHG-001;CFKKRGACEDHG-046;CFEI-150,1,local-derived from Accordia Schedule D reconciliation output,analysis/company-first-principles/capital-flow-kkr-global-atlantic-accordia-schedule-d-held-row-column-geometry-pass-1.md,46 geometry rows; 21 held rows; 3 short-token fragments; 18 long-token rows; 3 subtotal signatures; 9 possible embedded-security patterns,derived-control,Held-row geometry diagnostic only; does not promote extra token groups to final statutory columns or cash proof.
kkr-global-atlantic-accordia-schedule-d-held-row-column-geometry-data-pass-1,KKR / Global Atlantic; Accordia Life and Annuity Company,KKR,Q4 2025 Schedule D held-row geometry,derived Accordia Schedule D held-row geometry table artifact,CFKKRGACEDHG-001;CFKKRGACEDHG-046;CFEI-150,1,local-derived,analysis/company-first-principles/data/capital-flow-kkr-global-atlantic-accordia-schedule-d-held-row-column-geometry-pass-1.csv,46 rows x 18 columns; held reconciliation rows; high-dollar candidate rows; extra group candidates; geometry class,derived-control,"Structured geometry table; not final book, income, proceeds, or return proof."
kkr-global-atlantic-accordia-schedule-d-held-row-column-geometry-diagnostic-pass-1,KKR / Global Atlantic; Accordia Life and Annuity Company,KKR,Q4 2025 Schedule D held-row geometry,derived Accordia Schedule D held-row geometry diagnostic artifact,CFKKRGACEDHG-001;CFKKRGACEDHG-046;CFEI-150,1,local-derived,analysis/company-first-principles/data/capital-flow-kkr-global-atlantic-accordia-schedule-d-held-row-column-geometry-diagnostic-pass-1.csv,20 diagnostic rows; 231.751265M USD held first-four book; 6.622705761B USD extra group book-like values not promoted; 0 proof upgrades,derived-control,Diagnostic controls only; confirms full column reconciliation remains hold.
kkr-global-atlantic-accordia-schedule-d-coordinate-owned-bond-reconciliation-pass-1,KKR / Global Atlantic; Accordia Life and Annuity Company,KKR,Q4 2025 Schedule D coordinate owned-bond reconciliation,derived Accordia Schedule D coordinate owned-bond reconciliation artifact,CFKKRGACEDCOB-0001;CFKKRGACEDCOB-1165;CFEI-151,1,local-derived from Accordia statutory PDF coordinate extraction,analysis/company-first-principles/capital-flow-kkr-global-atlantic-accordia-schedule-d-coordinate-owned-bond-reconciliation-pass-1.md,1165 coordinate owned-bond rows; 79 statutory private-marker CUSIPs; 7.318321094B USD coordinate book value; -1069 USD variance vs 7.318322163B USD target; 99.999985% coverage,derived-control,"Near-reconciled owned-bond column baseline; not issuer income, proceeds, liability spread, waterfall, or return proof."
kkr-global-atlantic-accordia-schedule-d-coordinate-owned-bond-reconciliation-data-pass-1,KKR / Global Atlantic; Accordia Life and Annuity Company,KKR,Q4 2025 Schedule D coordinate owned-bond reconciliation,derived Accordia Schedule D coordinate owned-bond reconciliation table artifact,CFKKRGACEDCOB-0001;CFKKRGACEDCOB-1165;CFEI-151,1,local-derived,analysis/company-first-principles/data/capital-flow-kkr-global-atlantic-accordia-schedule-d-coordinate-owned-bond-reconciliation-pass-1.csv,"1165 rows x 27 columns; x/y coordinate extracted actual cost, par, fair value, book value, rates, dates, and parser match status",derived-control,Structured coordinate owned-bond baseline; not cash-return proof.
kkr-global-atlantic-accordia-schedule-d-coordinate-owned-bond-reconciliation-diagnostic-pass-1,KKR / Global Atlantic; Accordia Life and Annuity Company,KKR,Q4 2025 Schedule D coordinate owned-bond reconciliation,derived Accordia Schedule D coordinate owned-bond reconciliation diagnostic artifact,CFKKRGACEDCOB-0001;CFKKRGACEDCOB-1165;CFEI-151,1,local-derived,analysis/company-first-principles/data/capital-flow-kkr-global-atlantic-accordia-schedule-d-coordinate-owned-bond-reconciliation-diagnostic-pass-1.csv,17 diagnostic rows; 99.999985% coverage; 908.555462M USD private-marker book value; full named cash proof upgrades 0,derived-control,Diagnostic controls only; confirms near-reconciled owned-bond column status and remaining cash-proof boundary.
kkr-global-atlantic-accordia-owned-bond-income-bridge-pass-1,KKR / Global Atlantic; Accordia Life and Annuity Company,KKR,Q4 2025 owned-bond income bridge,derived Accordia owned-bond income bridge artifact,CFKKRGACOBIB-001;CFKKRGACOBIB-020;CFEI-152,1,local-derived from Accordia coordinate owned-bond and compact extraction outputs,analysis/company-first-principles/capital-flow-kkr-global-atlantic-accordia-owned-bond-income-bridge-pass-1.md,20 bridge rows; 7.318321094B USD owned-bond book; 229.507957M USD interest received; 156.198987M USD interest due/accrued; 3.136074 percent received interest on book,derived-control,"Statutory owned-bond interest-received bridge; not borrower receipt/use, liability spread, waterfall, collateral certificate, or return proof."
kkr-global-atlantic-accordia-owned-bond-income-bridge-data-pass-1,KKR / Global Atlantic; Accordia Life and Annuity Company,KKR,Q4 2025 owned-bond income bridge,derived Accordia owned-bond income bridge table artifact,CFKKRGACOBIB-001;CFKKRGACOBIB-020;CFEI-152,1,local-derived,analysis/company-first-principles/data/capital-flow-kkr-global-atlantic-accordia-owned-bond-income-bridge-pass-1.csv,20 rows x 8 columns; bridge metrics; income coverage ratios; marker splits; liability context,derived-control,Structured income bridge; not full named-cash proof.
kkr-global-atlantic-accordia-owned-bond-income-bridge-detail-pass-1,KKR / Global Atlantic; Accordia Life and Annuity Company,KKR,Q4 2025 owned-bond income bridge,derived Accordia owned-bond income bridge detail artifact,CFKKRGACOBIBD-001;CFKKRGACOBIBD-040;CFEI-152,1,local-derived,analysis/company-first-principles/data/capital-flow-kkr-global-atlantic-accordia-owned-bond-income-bridge-detail-pass-1.csv,40 rows x 14 columns; top ranked owned-bond interest received rows; CUSIP marker type; book value; interest due/accrued; simple received/book percent,derived-control,Ranked detail table for next issuer/proceeds matching; not borrower use or return proof.
kkr-global-atlantic-accordia-owned-bond-income-bridge-diagnostic-pass-1,KKR / Global Atlantic; Accordia Life and Annuity Company,KKR,Q4 2025 owned-bond income bridge,derived Accordia owned-bond income bridge diagnostic artifact,CFKKRGACOBIBX-001;CFKKRGACOBIBX-013;CFEI-152,1,local-derived,analysis/company-first-principles/data/capital-flow-kkr-global-atlantic-accordia-owned-bond-income-bridge-diagnostic-pass-1.csv,13 diagnostic rows; 37.930604 percent interest received to gross income; 41.750463 percent to net investment income; full named cash proof upgrades 0,derived-control,Diagnostic controls only; confirms cash-back proxy status and remaining proof boundary.
kkr-global-atlantic-accordia-owned-bond-income-proceeds-cusip-match-pass-1,KKR / Global Atlantic; Accordia Life and Annuity Company,KKR,Q4 2025 owned-bond income/proceeds CUSIP match,derived Accordia owned-bond income/proceeds CUSIP match artifact,CFKKRGACOBIPCM-001;CFKKRGACOBIPCM-040;CFEI-153,1,local-derived from Accordia owned-bond income bridge and raw Schedule D parser outputs,analysis/company-first-principles/capital-flow-kkr-global-atlantic-accordia-owned-bond-income-proceeds-cusip-match-pass-1.md,40 match rows; 10 same-CUSIP event rows; 7 acquisition-context rows; 3 disposal/proceeds-candidate rows; full named cash proof upgrades 0,derived-control,"Same-CUSIP continuity worklist; raw event tokens are not final proceeds, settlement, borrower use, waterfall, or return proof."
kkr-global-atlantic-accordia-owned-bond-income-proceeds-cusip-match-data-pass-1,KKR / Global Atlantic; Accordia Life and Annuity Company,KKR,Q4 2025 owned-bond income/proceeds CUSIP match,derived Accordia owned-bond income/proceeds CUSIP match table artifact,CFKKRGACOBIPCM-001;CFKKRGACOBIPCM-040;CFEI-153,1,local-derived,analysis/company-first-principles/data/capital-flow-kkr-global-atlantic-accordia-owned-bond-income-proceeds-cusip-match-pass-1.csv,40 rows x 26 columns; top interest rows; same-CUSIP event counts; raw event token sums; continuity status; cash proof status,derived-control,Structured match worklist; not coordinate-reconciled proceeds proof.
kkr-global-atlantic-accordia-owned-bond-income-proceeds-cusip-match-event-pass-1,KKR / Global Atlantic; Accordia Life and Annuity Company,KKR,Q4 2025 owned-bond income/proceeds CUSIP match,derived Accordia same-CUSIP event table artifact,CFKKRGACOBIPCE-001;CFKKRGACOBIPCE-010;CFEI-153,1,local-derived,analysis/company-first-principles/data/capital-flow-kkr-global-atlantic-accordia-owned-bond-income-proceeds-cusip-match-event-pass-1.csv,10 rows x 17 columns; acquisition and disposal event rows; pages 249-255 and 261-263; raw text and token preservation,derived-control,Raw event table; columns are not final consideration or settlement cash.
kkr-global-atlantic-accordia-owned-bond-income-proceeds-cusip-match-diagnostic-pass-1,KKR / Global Atlantic; Accordia Life and Annuity Company,KKR,Q4 2025 owned-bond income/proceeds CUSIP match,derived Accordia owned-bond income/proceeds CUSIP match diagnostic artifact,CFKKRGACOBIPCX-001;CFKKRGACOBIPCX-021;CFEI-153,1,local-derived,analysis/company-first-principles/data/capital-flow-kkr-global-atlantic-accordia-owned-bond-income-proceeds-cusip-match-diagnostic-pass-1.csv,21 diagnostic rows; 63.974606M USD top-40 interest received; 13.851356M USD matched-event interest received; 4.868177M USD disposal-candidate interest received,derived-control,Diagnostic controls only; confirms same-CUSIP worklist status and remaining proof boundary.
detailed-theme-and-subtheme-synthesis-pass-1,Capital flow research system,Multiple,current synthesis,derived detailed theme and subtheme synthesis artifact,CFEI-154;CFBPME2E-001;CFBPME2E-012,1,local-derived,analysis/company-first-principles/capital-flow-detailed-theme-and-subtheme-synthesis-pass-1.md,no-background explainer; main capital-routing theme; eight subthemes; Accordia evidence stack; proof ladder; safe claims and forbidden overclaims,derived-control,Synthesis/writing-control artifact; not a new primary source or full named-cash proof.
long-form-theme-subtheme-report-pass-1,Capital flow research system,Multiple,current synthesis,derived long-form theme/subtheme report artifact,CFEI-155;CFEI-154;CFBPME2E-001,1,local-derived,analysis/company-first-principles/capital-flow-long-form-theme-subtheme-report-pass-1.md,polished writing draft; capital-routing thesis; proof ladder; eight themes; Accordia lead evidence case; safe and unsafe claims; final writing structure,derived-control,Writing artifact; not a new primary source or full named-cash proof.
theme-package-with-exhibits-pass-1,Capital flow research system,Multiple,current synthesis,derived theme package with exhibits artifact,CFEI-156;CFEI-155;CFBPME2E-001,1,local-derived,analysis/company-first-principles/capital-flow-theme-package-with-exhibits-pass-1.md,executive summary; theme/subtheme matrix; platform proof-route table; Accordia lead-case exhibit; do-not-overclaim box; one-paragraph draft,derived-control,Writing/exhibit artifact; not a new primary source or full named-cash proof.
annual-report-theme-opportunity-map-pass-1,Capital flow research system,Multiple,current synthesis,derived annual-report theme opportunity map artifact,CFEI-157;CFEI-156;CFBPME2E-001,1,local-derived,analysis/company-first-principles/capital-flow-annual-report-theme-opportunity-map-pass-1.md,12 ranked theme families; plain-English money questions; best cases; current proof levels; missing documents; next extractions; safe claims,derived-control,Synthesis/prioritization artifact; not a new primary source or full named-cash proof.
annual-report-theme-opportunity-map-data-pass-1,Capital flow research system,Multiple,current synthesis,derived annual-report theme opportunity map table artifact,CFEI-157;CFARTOM-001;CFARTOM-012,1,local-derived,analysis/company-first-principles/data/capital-flow-annual-report-theme-opportunity-map-pass-1.csv,12 rows x 13 columns; theme families; evidence pages; proof levels; missing documents; next extractions; priority ranks,derived-control,Structured theme selection table; not primary evidence.
power-grid-data-center-customer-cash-map-pass-1,Capital flow research system,Multiple,current synthesis,derived power/grid data-center customer-cash map artifact,CFEI-158;CFARTOM-001;CFPGDCCM-001,1,local-derived,analysis/company-first-principles/capital-flow-power-grid-data-center-customer-cash-map-pass-1.md,10 customer-cash nodes; FPL recovery; AEP tariff/load; Duke ESAs and Anderson County; Sterling/MasTec beneficiaries; turbine procurement; customer contract gaps; outside denominators,derived-control,Synthesis/workbench artifact; not a new primary source or full receipt proof.
power-grid-data-center-customer-cash-map-data-pass-1,Capital flow research system,Multiple,current synthesis,derived power/grid data-center customer-cash map table artifact,CFEI-158;CFPGDCCM-001;CFPGDCCM-010,1,local-derived,analysis/company-first-principles/data/capital-flow-power-grid-data-center-customer-cash-map-pass-1.csv,10 rows x 13 columns; cash questions; money sources; mechanisms; funded assets; evidence status; missing proof; next document chase,derived-control,Structured customer-cash map; not primary evidence.
power-grid-customer-contract-receipt-workbench-pass-1,Capital flow research system,Multiple,current synthesis,derived power/grid customer contract receipt workbench artifact,CFEI-159;CFEI-158;CFPGCCRW-001,1,local-derived,analysis/company-first-principles/capital-flow-power-grid-customer-contract-receipt-workbench-pass-1.md,12 proof target rows; exact missing documents; extraction fields; pass tests; hold tests; FPL/AEP/Duke/NextEra/Sterling/MasTec/turbine supplier routes,derived-control,Workbench/proof-planning artifact; not a new primary source or full receipt proof.
power-grid-customer-contract-receipt-workbench-data-pass-1,Capital flow research system,Multiple,current synthesis,derived power/grid customer contract receipt workbench table artifact,CFEI-159;CFPGCCRW-001;CFPGCCRW-012,1,local-derived,analysis/company-first-principles/data/capital-flow-power-grid-customer-contract-receipt-workbench-pass-1.csv,12 rows x 14 columns; proof layers; current evidence; decisive documents; exact fields; pass tests; hold/fail tests; next actions,derived-control,Structured workbench; not primary evidence.
fpl-sppcrc-docket-billing-workpaper-map-pass-1,NextEra Energy Inc.; Florida Power & Light,NEE,2025-2027 SPPCRC docket/workpaper synthesis,derived FPL SPPCRC docket billing workpaper map artifact,CFEI-160;CFPGCCRW-001;CFFPLDBWM-001,1,local-derived,analysis/company-first-principles/capital-flow-fpl-sppcrc-docket-billing-workpaper-map-pass-1.md,10 filing-family rows; current docket; petition; program support; factor workpapers; amended factors; aggregate revenue; final true-up; Distribution Inspection category recovery; discovery route; named-cash hold,derived-control,Docket/workpaper map; not a new primary source or receipt proof.
fpl-sppcrc-docket-billing-workpaper-map-data-pass-1,NextEra Energy Inc.; Florida Power & Light,NEE,2025-2027 SPPCRC docket/workpaper synthesis,derived FPL SPPCRC docket billing workpaper map table artifact,CFEI-160;CFFPLDBWM-001;CFFPLDBWM-010,1,local-derived,analysis/company-first-principles/data/capital-flow-fpl-sppcrc-docket-billing-workpaper-map-pass-1.csv,10 rows x 14 columns; source families; current evidence; proof relevance; extraction fields; upgrade tests; holds; next actions,derived-control,Structured docket/workpaper map; not primary evidence.
fpl-sppcrc-form-4p-5p-billing-base-extraction-pass-1,NextEra Energy Inc.; Florida Power & Light,NEE,2026 SPPCRC projection,derived FPL SPPCRC Form 4P/5P billing-base extraction artifact,CFEI-161;CFFPLDBWM-004;CFPL45P-001,1,local-derived,analysis/company-first-principles/capital-flow-fpl-sppcrc-form-4p-5p-billing-base-extraction-pass-1.md,16 extraction rows; 14 rate classes; projected sales at meter; projected billed kW; demand/customer costs; energy costs; SPP factors; amended filing control,derived-control,Local PDF extraction from existing source; projected billing-base evidence not receipt proof.
fpl-sppcrc-form-4p-5p-billing-base-extraction-data-pass-1,NextEra Energy Inc.; Florida Power & Light,NEE,2026 SPPCRC projection,derived FPL SPPCRC Form 4P/5P billing-base extraction table artifact,CFEI-161;CFPL45P-001;CFPL45P-016,1,local-derived,analysis/company-first-principles/data/capital-flow-fpl-sppcrc-form-4p-5p-billing-base-extraction-pass-1.csv,16 rows x 23 columns; rate-class billing bases; Form 4P allocation; Form 5P cost and factor math; amended filing source gap,derived-control,Structured billing-base extraction; not actual billed or collected cash.
fpl-2026-sppcrc-epperson-factor-workpapers-02560-2026,NextEra Energy Inc.; Florida Power & Light,NEE,2027 SPPCRC projection,Florida PSC current docket factor workpaper PDF,CFEI-162;CFFPLDBWM-004;CFPL45PC-001,1,https://www.psc.state.fl.us/library/filings/2026/02560-2026/02560-2026.pdf,raw/primary-sources/capital-flow/power-grid-pilot/nextera/fpl-rate-case/current-sppcrc-2026/fpl-2026-sppcrc-epperson-factor-workpapers-02560-2026.pdf,original 2027 Form 4P/Form 5P factor support; projected sales; GNCP/4CP demand; rate-class allocation; SPP factors,downloaded,Official Florida PSC PDF; original factor support amended by DN 03227-2026.
fpl-2026-sppcrc-amended-form-4p-5p-03227-2026,NextEra Energy Inc.; Florida Power & Light,NEE,2027 SPPCRC corrected projection,Florida PSC amended factor workpaper PDF,CFEI-162;CFFPLDBWM-005;CFPL45PC-001,1,https://www.psc.state.fl.us/library/filings/2026/03227-2026/03227-2026.pdf,raw/primary-sources/capital-flow/power-grid-pilot/nextera/fpl-rate-case/amended-factor-2026/fpl-2026-sppcrc-amended-form-4p-5p-03227-2026.pdf,corrected 2027 Form 4P/Form 5P; unchanged total recovery pool; corrected rate-class allocation; corrected SPP factors,downloaded,Official Florida PSC PDF; corrected Form 4P/Form 5P support used as current 2027 factor basis.
fpl-sppcrc-amended-form-4p-5p-comparison-pass-1,NextEra Energy Inc.; Florida Power & Light,NEE,2027 SPPCRC corrected projection,derived FPL SPPCRC amended Form 4P/5P comparison artifact,CFEI-162;CFPL45PC-001;CFFPLDBWM-005,1,local-derived,analysis/company-first-principles/capital-flow-fpl-sppcrc-amended-form-4p-5p-comparison-pass-1.md,15 comparison rows; original versus corrected GNCP demand; rate-class allocation; total SPPCRC cost; SPP factor changes; corrected total recovery unchanged,derived-control,Comparison artifact; not actual billed or collected customer cash.
fpl-sppcrc-amended-form-4p-5p-comparison-data-pass-1,NextEra Energy Inc.; Florida Power & Light,NEE,2027 SPPCRC corrected projection,derived FPL SPPCRC amended Form 4P/5P comparison table artifact,CFEI-162;CFPL45PC-001;CFPL45PC-015,1,local-derived,analysis/company-first-principles/data/capital-flow-fpl-sppcrc-amended-form-4p-5p-comparison-pass-1.csv,15 rows x 25 columns; original/corrected GNCP; cost allocation; factor changes; unchanged total recovery pool,derived-control,Structured amended comparison; not receipt proof.
fpl-sppcrc-2027-factor-to-category-reconciliation-pass-1,NextEra Energy Inc.; Florida Power & Light,NEE,2027 SPPCRC corrected projection,derived FPL SPPCRC factor-to-category reconciliation artifact,CFEI-163;CFFPLFCR-001;CFFPLFCR-012,1,local-derived,analysis/company-first-principles/capital-flow-fpl-sppcrc-2027-factor-to-category-reconciliation-pass-1.md,12 reconciliation rows; Form 1P projected revenue requirement; true-up offsets; corrected Form 5P pool; Distribution Inspection O&M and capital recovery; receipt gap verdict,derived-control,Reconciliation artifact; not actual billed or collected customer cash.
fpl-sppcrc-2027-factor-to-category-reconciliation-data-pass-1,NextEra Energy Inc.; Florida Power & Light,NEE,2027 SPPCRC corrected projection,derived FPL SPPCRC factor-to-category reconciliation table artifact,CFEI-163;CFFPLFCR-001;CFFPLFCR-012,1,local-derived,analysis/company-first-principles/data/capital-flow-fpl-sppcrc-2027-factor-to-category-reconciliation-pass-1.csv,12 rows x 13 columns; total recovery reconciliation; 4CP/GNCP split; Distribution Inspection category recovery; category cash hold,derived-control,Structured reconciliation table; not receipt proof.
annual-report-next-dig-queue-pass-1,Capital flow research system,Multiple,current synthesis,derived annual-report next-dig queue artifact,CFEI-164;CFARNDQ-001;CFARNDQ-010,1,local-derived,analysis/company-first-principles/capital-flow-annual-report-next-dig-queue-pass-1.md,10 ranked next-dig rows; lead cases; money questions; decisive source packages; pass tests; hold tests; next artifacts,derived-control,Synthesis and execution-control artifact; not a new primary source or full named-cash proof.
annual-report-next-dig-queue-data-pass-1,Capital flow research system,Multiple,current synthesis,derived annual-report next-dig queue table artifact,CFEI-164;CFARNDQ-001;CFARNDQ-010,1,local-derived,analysis/company-first-principles/data/capital-flow-annual-report-next-dig-queue-pass-1.csv,10 rows x 12 columns; ranked theme next digs; source packages; pass tests; hold tests; next artifacts,derived-control,Structured next-dig queue; not primary evidence.
insurance-statutory-named-asset-income-next-dig-pass-1,Capital flow research system,Multiple,current synthesis,derived insurance statutory named-asset income next-dig artifact,CFEI-165;CFISNAI-001;CFISNAI-008,1,local-derived,analysis/company-first-principles/capital-flow-insurance-statutory-named-asset-income-next-dig-pass-1.md,8 ranked platform routes; Apollo/Athene prototype; KKR/Accordia comparison; Blackstone BlackRock Brookfield Ares Carlyle source gates; cross-platform statutory template,derived-control,Synthesis and execution-control artifact; not a new primary source or full named-cash proof.
insurance-statutory-named-asset-income-next-dig-data-pass-1,Capital flow research system,Multiple,current synthesis,derived insurance statutory named-asset income next-dig table artifact,CFEI-165;CFISNAI-001;CFISNAI-008,1,local-derived,analysis/company-first-principles/data/capital-flow-insurance-statutory-named-asset-income-next-dig-pass-1.csv,8 rows x 13 columns; platform routes; decisive source packages; fields needed; pass and hold tests; next actions,derived-control,Structured statutory next-dig queue; not primary evidence.
apollo-kkr-statutory-named-asset-selection-pass-1,Capital flow research system,Multiple,current synthesis,derived Apollo KKR statutory named asset selection artifact,CFEI-166;CFAKSNAS-001;CFAKSNAS-012,1,local-derived,analysis/company-first-principles/capital-flow-apollo-kkr-statutory-named-asset-selection-pass-1.md,12 selection rows; Apollo/Athene named proceeds candidates; KKR/Accordia owned-interest and event-continuity candidates; cross-platform verdict,derived-control,Selection and proof-routing artifact; not a new primary source or full named-cash proof.
apollo-kkr-statutory-named-asset-selection-data-pass-1,Capital flow research system,Multiple,current synthesis,derived Apollo KKR statutory named asset selection table artifact,CFEI-166;CFAKSNAS-001;CFAKSNAS-012,1,local-derived,analysis/company-first-principles/data/capital-flow-apollo-kkr-statutory-named-asset-selection-pass-1.csv,12 rows x 16 columns; CUSIP/issuer selection; current evidence; amounts; status; decisive documents; boundaries; next actions,derived-control,Structured named asset selection table; not primary evidence.
apollo-athene-row-level-proof-packet-pass-1,Capital flow research system,Multiple,current synthesis,derived Apollo Athene row-level proof packet artifact,CFEI-167;CFAAARLP-001;CFAAARLP-004,1,local-derived,analysis/company-first-principles/capital-flow-apollo-athene-row-level-proof-packet-pass-1.md,4 packet rows; AP Aristotle mixed paydown; AMAPS platform-wrapper; Concord borrower/use proxy; decisive document gaps,derived-control,Row-level proof packet and request-control artifact; not a new primary source or full named-cash proof.
apollo-athene-row-level-proof-packet-data-pass-1,Capital flow research system,Multiple,current synthesis,derived Apollo Athene row-level proof packet table artifact,CFEI-167;CFAAARLP-001;CFAAARLP-004,1,local-derived,analysis/company-first-principles/data/capital-flow-apollo-athene-row-level-proof-packet-pass-1.csv,4 rows x 19 columns; statutory row evidence; book values; income/proceeds fields; current upgrades; gaps; decisive documents; next actions,derived-control,Structured row-level packet; not primary evidence.
apollo-athene-aristotle-mixed-row-resolution-pass-1,Capital flow research system,Multiple,current synthesis,derived Apollo Athene Aristotle mixed-row resolution artifact,CFEI-168;CFAAAMRR-001;CFAAAMRR-006,1,local-derived,analysis/company-first-principles/capital-flow-apollo-athene-aristotle-mixed-row-resolution-pass-1.md,6 resolution rows; AP Aristotle holding row; two cash-like Part 4 rows; one tax-free-exchange hold; cash/noncash split; source-acquisition verdict,derived-control,Mixed-row resolution and proof-targeting artifact; not a new primary source or full named-cash proof.
apollo-athene-aristotle-mixed-row-resolution-data-pass-1,Capital flow research system,Multiple,current synthesis,derived Apollo Athene Aristotle mixed-row resolution table artifact,CFEI-168;CFAAAMRR-001;CFAAAMRR-006,1,local-derived,analysis/company-first-principles/data/capital-flow-apollo-athene-aristotle-mixed-row-resolution-pass-1.csv,6 rows x 15 columns; cash-like consideration; noncash hold; row-level schedules; proof boundaries; next sources,derived-control,Structured mixed-row resolution table; not primary evidence.
annual-report-broader-theme-expansion-map-pass-1,Annual report research system,Multiple,current synthesis,derived annual-report broader theme expansion map artifact,CFEI-169;ARBTM-001;ARBTM-010,1,local-derived,analysis/company-first-principles/annual-report-broader-theme-expansion-map-pass-1.md,10 ranked broader theme rows; writing themes; evidence themes; next dig choices; proof boundaries,derived-control,Synthesis and writing-control artifact; not a new primary source or full named-cash proof.
annual-report-broader-theme-expansion-map-data-pass-1,Annual report research system,Multiple,current synthesis,derived annual-report broader theme expansion table artifact,CFEI-169;ARBTM-001;ARBTM-010,1,local-derived,analysis/company-first-principles/data/annual-report-broader-theme-expansion-map-pass-1.csv,10 rows x 9 columns; theme families; questions; corpus support; next digs; upgrade evidence; boundaries,derived-control,Structured broader-theme map; not primary evidence.
annual-report-theme-writing-architecture-pass-1,Annual report research system,Multiple,current synthesis,derived annual-report theme writing architecture artifact,CFEI-170;ARTWA-001;ARTWA-010,1,local-derived,analysis/company-first-principles/annual-report-theme-writing-architecture-pass-1.md,10 writing-architecture rows; reader hooks; company examples; evidence packages; proof boundaries; next writing steps,derived-control,Writing architecture and synthesis artifact; not a new primary source or cash-return proof.
annual-report-theme-writing-architecture-data-pass-1,Annual report research system,Multiple,current synthesis,derived annual-report theme writing architecture table artifact,CFEI-170;ARTWA-001;ARTWA-010,1,local-derived,analysis/company-first-principles/data/annual-report-theme-writing-architecture-pass-1.csv,10 rows x 9 columns; theme hooks; examples; evidence; chapter roles; proof boundaries; next steps,derived-control,Structured writing-architecture table; not primary evidence.
annual-report-long-form-draft-pass-1,Annual report research system,Multiple,current synthesis,derived annual-report long-form draft artifact,CFEI-171;ARLFD-001;ARLFD-014,1,local-derived,analysis/company-first-principles/annual-report-long-form-draft-pass-1.md,14 draft-section rows; annual reports as bottleneck maps; seven reader themes; three proof boxes; safe claims; overclaim boundaries,derived-control,Long-form synthesis draft; not a new primary source or final investment proof.
annual-report-long-form-draft-data-pass-1,Annual report research system,Multiple,current synthesis,derived annual-report long-form draft table artifact,CFEI-171;ARLFD-001;ARLFD-014,1,local-derived,analysis/company-first-principles/data/annual-report-long-form-draft-pass-1.csv,14 rows x 9 columns; draft sections; core claims; examples; evidence types; proof levels; boundaries; next actions,derived-control,Structured long-form draft table; not primary evidence.
annual-report-draft-review-chapter-selection-pass-1,Annual report research system,Multiple,current synthesis,derived annual-report draft review and chapter selection artifact,CFEI-172;ARDRCS-001;ARDRCS-010,1,local-derived,analysis/company-first-principles/annual-report-draft-review-chapter-selection-pass-1.md,10 ranked chapter candidates; power selected first; capital platforms second; industrial uptime third; polish requirements; boundaries,derived-control,Draft review and chapter-selection artifact; not a new primary source or project-return proof.
annual-report-draft-review-chapter-selection-data-pass-1,Annual report research system,Multiple,current synthesis,derived annual-report draft review and chapter selection table artifact,CFEI-172;ARDRCS-001;ARDRCS-010,1,local-derived,analysis/company-first-principles/data/annual-report-draft-review-chapter-selection-pass-1.csv,10 rows x 10 columns; chapter ranks; roles; strengths; proof complexity; publication needs; boundaries,derived-control,Structured chapter-selection table; not primary evidence.
annual-report-power-scarcity-chapter-polish-pass-1,Annual report research system,Multiple,current synthesis,derived annual-report power scarcity chapter polish artifact,CFEI-173;ARPSC-001;ARPSC-011,1,local-derived,analysis/company-first-principles/annual-report-power-scarcity-chapter-polish-pass-1.md,11 polish rows; power scarcity thesis; proof ladder; company examples; safe claim; named-cash boundary,derived-control,Writing polish and synthesis artifact; not a new primary source or full project-return proof.
annual-report-power-scarcity-chapter-polish-data-pass-1,Annual report research system,Multiple,current synthesis,derived annual-report power scarcity chapter polish table artifact,CFEI-173;ARPSC-001;ARPSC-011,1,local-derived,analysis/company-first-principles/data/annual-report-power-scarcity-chapter-polish-pass-1.csv,11 rows x 9 columns; section roles; hard evidence; proof grades; upgrade evidence; writing use,derived-control,Structured chapter-polish table; not primary evidence.
annual-report-capital-platforms-chapter-polish-pass-1,Annual report research system,Multiple,current synthesis,derived annual-report capital platforms chapter polish artifact,CFEI-174;ARCPC-001;ARCPC-011,1,local-derived,analysis/company-first-principles/annual-report-capital-platforms-chapter-polish-pass-1.md,11 polish rows; capital-platform thesis; routing ladder; platform examples; safe claim; named-cash boundary,derived-control,Writing polish and synthesis artifact; not a new primary source or full named-cash proof.
annual-report-capital-platforms-chapter-polish-data-pass-1,Annual report research system,Multiple,current synthesis,derived annual-report capital platforms chapter polish table artifact,CFEI-174;ARCPC-001;ARCPC-011,1,local-derived,analysis/company-first-principles/data/annual-report-capital-platforms-chapter-polish-pass-1.csv,11 rows x 9 columns; section roles; hard evidence; proof grades; upgrade evidence; writing use,derived-control,Structured chapter-polish table; not primary evidence.
annual-report-industrial-uptime-chapter-polish-pass-1,Annual report research system,Multiple,current synthesis,derived annual-report industrial uptime chapter polish artifact,CFEI-175;ARIUC-001;ARIUC-011,1,local-derived,analysis/company-first-principles/annual-report-industrial-uptime-chapter-polish-pass-1.md,11 polish rows; industrial uptime thesis; proof ladder; company examples; safe claim; named-cash boundary,derived-control,Writing polish and synthesis artifact; not a new primary source or full project-return proof.
annual-report-industrial-uptime-chapter-polish-data-pass-1,Annual report research system,Multiple,current synthesis,derived annual-report industrial uptime chapter polish table artifact,CFEI-175;ARIUC-001;ARIUC-011,1,local-derived,analysis/company-first-principles/data/annual-report-industrial-uptime-chapter-polish-pass-1.csv,11 rows x 9 columns; section roles; hard evidence; proof grades; upgrade evidence; writing use,derived-control,Structured chapter-polish table; not primary evidence.
annual-report-healthcare-access-chapter-polish-pass-1,Annual report research system,Multiple,current synthesis,derived annual-report healthcare access chapter polish artifact,CFEI-176;ARHAC-001;ARHAC-011,1,local-derived,analysis/company-first-principles/annual-report-healthcare-access-chapter-polish-pass-1.md,11 polish rows; healthcare access thesis; proof ladder; company examples; safe claim; trust and reimbursement boundary,derived-control,Writing polish and synthesis artifact; not a new primary source or care-quality proof.
annual-report-healthcare-access-chapter-polish-data-pass-1,Annual report research system,Multiple,current synthesis,derived annual-report healthcare access chapter polish table artifact,CFEI-176;ARHAC-001;ARHAC-011,1,local-derived,analysis/company-first-principles/data/annual-report-healthcare-access-chapter-polish-pass-1.csv,11 rows x 9 columns; section roles; hard evidence; proof grades; upgrade evidence; writing use,derived-control,Structured chapter-polish table; not primary evidence.
annual-report-built-environment-chapter-polish-pass-1,Annual report research system,Multiple,current synthesis,derived annual-report built-environment chapter polish artifact,CFEI-177;ARBUC-001;ARBUC-011,1,local-derived,analysis/company-first-principles/annual-report-built-environment-chapter-polish-pass-1.md,11 polish rows; built-environment thesis; proof ladder; company examples; safe claim; segmentation boundary,derived-control,Writing polish and synthesis artifact; not a new primary source or project-return proof.
annual-report-built-environment-chapter-polish-data-pass-1,Annual report research system,Multiple,current synthesis,derived annual-report built-environment chapter polish table artifact,CFEI-177;ARBUC-001;ARBUC-011,1,local-derived,analysis/company-first-principles/data/annual-report-built-environment-chapter-polish-pass-1.csv,11 rows x 9 columns; section roles; hard evidence; proof grades; upgrade evidence; writing use,derived-control,Structured chapter-polish table; not primary evidence.
annual-report-digital-control-chapter-polish-pass-1,Annual report research system,Multiple,current synthesis,derived annual-report digital control chapter polish artifact,CFEI-178;ARDCC-001;ARDCC-011,1,local-derived,analysis/company-first-principles/annual-report-digital-control-chapter-polish-pass-1.md,11 polish rows; digital control thesis; proof ladder; company examples; safe claim; operating leverage boundary,derived-control,Writing polish and synthesis artifact; not a new primary source or cash-conversion proof.
annual-report-digital-control-chapter-polish-data-pass-1,Annual report research system,Multiple,current synthesis,derived annual-report digital control chapter polish table artifact,CFEI-178;ARDCC-001;ARDCC-011,1,local-derived,analysis/company-first-principles/data/annual-report-digital-control-chapter-polish-pass-1.csv,11 rows x 9 columns; section roles; hard evidence; proof grades; upgrade evidence; writing use,derived-control,Structured chapter-polish table; not primary evidence.
annual-report-value-retail-chapter-polish-pass-1,Annual report research system,Multiple,current synthesis,derived annual-report value retail chapter polish artifact,CFEI-179;ARVRC-001;ARVRC-011,1,local-derived,analysis/company-first-principles/annual-report-value-retail-chapter-polish-pass-1.md,11 polish rows; value retail thesis; proof ladder; company examples; safe claim; trade-down boundary,derived-control,Writing polish and synthesis artifact; not a new primary source or cash-conversion proof.
annual-report-value-retail-chapter-polish-data-pass-1,Annual report research system,Multiple,current synthesis,derived annual-report value retail chapter polish table artifact,CFEI-179;ARVRC-001;ARVRC-011,1,local-derived,analysis/company-first-principles/data/annual-report-value-retail-chapter-polish-pass-1.csv,11 rows x 9 columns; section roles; hard evidence; proof grades; upgrade evidence; writing use,derived-control,Structured chapter-polish table; not primary evidence.
annual-report-final-theme-synthesis-package-pass-1,Annual report research system,Multiple,current synthesis,derived annual-report final theme synthesis package artifact,CFEI-180;ARFTS-001;ARFTS-012,1,local-derived,analysis/company-first-principles/annual-report-final-theme-synthesis-package-pass-1.md,12 package rows; seven chapter spines; three proof boxes; final thesis; safe claims; reader-facing essay roadmap,derived-control,Final synthesis package artifact; not a new primary source or full named-cash proof.
annual-report-final-theme-synthesis-package-data-pass-1,Annual report research system,Multiple,current synthesis,derived annual-report final theme synthesis package table artifact,CFEI-180;ARFTS-001;ARFTS-012,1,local-derived,analysis/company-first-principles/data/annual-report-final-theme-synthesis-package-pass-1.csv,12 rows x 10 columns; package sections; chapter roles; proof boundaries; next steps; status,derived-control,Structured final synthesis package table; not primary evidence.
annual-report-reader-facing-essay-pass-1,Annual report research system,Multiple,current synthesis,derived annual-report reader-facing essay artifact,CFEI-181;ARFE-001;ARFE-014,1,local-derived,analysis/company-first-principles/annual-report-reader-facing-essay-pass-1.md,14 essay rows; continuous reader-facing essay; seven chapter sections; three proof boxes; final takeaway; safe claim,derived-control,Reader-facing synthesis artifact; not a new primary source or full named-cash proof.
annual-report-reader-facing-essay-data-pass-1,Annual report research system,Multiple,current synthesis,derived annual-report reader-facing essay table artifact,CFEI-181;ARFE-001;ARFE-014,1,local-derived,analysis/company-first-principles/data/annual-report-reader-facing-essay-pass-1.csv,14 rows x 9 columns; essay sections; reader claims; proof boundaries; source artifacts; next steps,derived-control,Structured reader-facing essay control table; not primary evidence.
annual-report-reader-exhibit-package-pass-1,Annual report research system,Multiple,current synthesis,derived annual-report reader exhibit package artifact,CFEI-182;ARREP-001;ARREP-008,1,local-derived,analysis/company-first-principles/annual-report-reader-exhibit-package-pass-1.md,8 exhibit rows; whole map; money-flow ladder; proof table; proof boxes; overclaim guardrail; roadmap; one-page thesis,derived-control,Reader exhibit synthesis artifact; not a new primary source or full named-cash proof.
annual-report-reader-exhibit-package-data-pass-1,Annual report research system,Multiple,current synthesis,derived annual-report reader exhibit package table artifact,CFEI-182;ARREP-001;ARREP-008,1,local-derived,analysis/company-first-principles/data/annual-report-reader-exhibit-package-pass-1.csv,8 rows x 9 columns; exhibit roles; core use; source artifacts; proof boundaries; next steps,derived-control,Structured reader exhibit package table; not primary evidence.
annual-report-publication-readiness-review-pass-1,Annual report research system,Multiple,current synthesis,derived annual-report publication readiness review artifact,CFEI-183;ARPRR-001;ARPRR-012,1,local-derived,analysis/company-first-principles/annual-report-publication-readiness-review-pass-1.md,12 review rows; publication verdict; safe claims; forbidden claims; exhibit placement; proof gaps,derived-control,Publication readiness review; not a new primary source or full named-cash proof.
annual-report-publication-readiness-review-data-pass-1,Annual report research system,Multiple,current synthesis,derived annual-report publication readiness review table artifact,CFEI-183;ARPRR-001;ARPRR-012,1,local-derived,analysis/company-first-principles/data/annual-report-publication-readiness-review-pass-1.csv,12 rows x 10 columns; review areas; decisions; safe claims; forbidden claims; proof gaps; next actions,derived-control,Structured publication-readiness table; not primary evidence.
annual-report-final-article-source-note-package-pass-1,Annual report research system,Multiple,current synthesis,derived annual-report final article source-note package artifact,CFEI-184;ARFSP-001;ARFSP-014,1,local-derived,analysis/company-first-principles/annual-report-final-article-source-note-package-pass-1.md,final article draft; title; subtitle; seven themes; proof boxes; exhibits; source notes; safe claim; final boundary,derived-control,Final writing handoff artifact; not a new primary source or full named-cash proof.
annual-report-final-article-source-note-package-data-pass-1,Annual report research system,Multiple,current synthesis,derived annual-report final article source-note package table artifact,CFEI-184;ARFSP-001;ARFSP-014,1,local-derived,analysis/company-first-principles/data/annual-report-final-article-source-note-package-pass-1.csv,14 rows x 10 columns; article sections; core claims; supporting artifacts; proof boundaries; next actions,derived-control,Structured final writing handoff table; not primary evidence.
annual-report-final-publication-draft-pass-1,Annual report research system,Multiple,current synthesis,derived annual-report final publication draft artifact,CFEI-185;ARFPD-001;ARFPD-014,1,local-derived,analysis/company-first-principles/annual-report-final-publication-draft-pass-1.md,clean final publication draft; article body; whole-map exhibit; money-flow ladder; proof boxes; source notes; final boundary,derived-control,Final publication draft artifact; not a new primary source or full named-cash proof.
annual-report-final-publication-draft-data-pass-1,Annual report research system,Multiple,current synthesis,derived annual-report final publication draft control table artifact,CFEI-185;ARFPD-001;ARFPD-014,1,local-derived,analysis/company-first-principles/data/annual-report-final-publication-draft-pass-1.csv,14 rows x 10 columns; draft sections; safe claims; forbidden claims; source notes; next actions,derived-control,Structured final publication draft control table; not primary evidence.
annual-report-public-citation-polish-pass-1,Annual report research system,Multiple,current synthesis,derived annual-report public citation polish artifact,CFEI-186;ARPCP-001;ARPCP-012,1,local-derived,analysis/company-first-principles/annual-report-public-citation-polish-pass-1.md,12 citation rows; article claims; internal support; public citation needs; boundaries; reader-review checklist,derived-control,Citation polish artifact; not a new primary source or public citation substitute.
annual-report-public-citation-polish-data-pass-1,Annual report research system,Multiple,current synthesis,derived annual-report public citation polish table artifact,CFEI-186;ARPCP-001;ARPCP-012,1,local-derived,analysis/company-first-principles/data/annual-report-public-citation-polish-pass-1.csv,12 rows x 9 columns; claim map; internal support; public citation needs; boundaries; external-release actions,derived-control,Structured citation polish table; not primary evidence.
annual-report-public-citation-acquisition-queue-pass-1,Annual report research system,Multiple,current synthesis,derived annual-report public citation acquisition queue artifact,CFEI-187;ARPCAQ-001;ARPCAQ-014,1,local-derived,analysis/company-first-principles/annual-report-public-citation-acquisition-queue-pass-1.md,14 queue rows; source packets; public documents; minimum citation tests; boundaries; release standard,derived-control,Citation acquisition queue; not a public citation substitute or primary evidence.
annual-report-public-citation-acquisition-queue-data-pass-1,Annual report research system,Multiple,current synthesis,derived annual-report public citation acquisition queue table artifact,CFEI-187;ARPCAQ-001;ARPCAQ-014,1,local-derived,analysis/company-first-principles/data/annual-report-public-citation-acquisition-queue-pass-1.csv,14 rows x 9 columns; source packets; article sections; required public documents; citation tests; next actions,derived-control,Structured citation acquisition queue; not primary evidence.
annual-report-paragraph-overclaim-review-pass-1,Annual report research system,Multiple,current synthesis,derived annual-report paragraph overclaim review artifact,CFEI-188;ARPOR-001;ARPOR-024,1,local-derived,analysis/company-first-principles/annual-report-paragraph-overclaim-review-pass-1.md,24 review rows; claim types; decisions; required actions; overclaim risks; reader-review status; external-publication status,derived-control,Paragraph overclaim review; not primary evidence or public citation substitute.
annual-report-paragraph-overclaim-review-data-pass-1,Annual report research system,Multiple,current synthesis,derived annual-report paragraph overclaim review table artifact,CFEI-188;ARPOR-001;ARPOR-024,1,local-derived,analysis/company-first-principles/data/annual-report-paragraph-overclaim-review-pass-1.csv,24 rows x 10 columns; draft areas; claim types; decisions; actions; risks; publication status; next actions,derived-control,Structured paragraph overclaim review table; not primary evidence.
annual-report-reader-review-packet-pass-1,Annual report research system,Multiple,current synthesis,derived annual-report reader review packet artifact,CFEI-189;ARRRP-001;ARRRP-016,1,local-derived,analysis/company-first-principles/annual-report-reader-review-packet-pass-1.md,16 reader-review rows; thesis clarity; theme coherence; money-flow explanation; proof boxes; citation priorities; boundaries; takeaway,derived-control,Reader-review handoff artifact; not primary evidence or public citation substitute.
annual-report-reader-review-packet-data-pass-1,Annual report research system,Multiple,current synthesis,derived annual-report reader review packet table artifact,CFEI-189;ARRRP-001;ARRRP-016,1,local-derived,analysis/company-first-principles/data/annual-report-reader-review-packet-pass-1.csv,16 rows x 9 columns; reader questions; target sections; feedback standards; out-of-scope controls; next actions,derived-control,Structured reader-review packet table; not primary evidence.
annual-report-public-citation-source-list-pass-1,Annual report research system,Multiple,current synthesis,derived annual-report public citation source list artifact,CFEI-190;ARPCSL-001;ARPCSL-025,1,local-derived,analysis/company-first-principles/annual-report-public-citation-source-list-pass-1.md,25 source rows; public URLs; local paths; capital platforms; FPL power; data-center; backlog; private-credit proof-box support,derived-control,First public citation source list; partial coverage only and not full named-cash proof.
annual-report-public-citation-source-list-data-pass-1,Annual report research system,Multiple,current synthesis,derived annual-report public citation source list table artifact,CFEI-190;ARPCSL-001;ARPCSL-025,1,local-derived,analysis/company-first-principles/data/annual-report-public-citation-source-list-pass-1.csv,25 rows x 10 columns; source packets; companies; periods; document types; public URLs; local paths; article uses; citation status; boundaries,derived-control,Structured public citation source list; not complete public-release citation coverage.
annual-report-theme-expansion-next-dig-review-pass-1,Annual report research system,Multiple,current synthesis,derived annual-report theme expansion next-dig review artifact,CFEI-191;ARTE-001;ARTE-014,1,local-derived,analysis/company-first-principles/annual-report-theme-expansion-next-dig-review-pass-1.md,14 theme rows; other annual-report themes; proof documents; priority ranking; article-ready versus evidence-deepening lanes,derived-control,Theme expansion review; not a new primary source or full named-cash proof.
annual-report-theme-expansion-next-dig-review-data-pass-1,Annual report research system,Multiple,current synthesis,derived annual-report theme expansion next-dig review table artifact,CFEI-191;ARTE-001;ARTE-014,1,local-derived,analysis/company-first-principles/data/annual-report-theme-expansion-next-dig-review-pass-1.csv,14 rows x 12 columns; theme family; current support; evidence level; best companies; proof documents; next action,derived-control,Structured theme expansion review table; not primary evidence.
annual-report-theme-selection-work-order-pass-1,Annual report research system,Multiple,current synthesis,derived annual-report theme selection work order artifact,CFEI-192;ARTSWO-001;ARTSWO-008,1,local-derived,analysis/company-first-principles/annual-report-theme-selection-work-order-pass-1.md,8 work-order rows; next theme selection; pass tests; hold tests; proof documents; writing versus research choice,derived-control,Theme selection work order; not a new primary source or cash proof.
annual-report-theme-selection-work-order-data-pass-1,Annual report research system,Multiple,current synthesis,derived annual-report theme selection work order table artifact,CFEI-192;ARTSWO-001;ARTSWO-008,1,local-derived,analysis/company-first-principles/data/annual-report-theme-selection-work-order-pass-1.csv,8 rows x 12 columns; selected lanes; first cases; required documents; pass tests; hold tests; next artifacts,derived-control,Structured theme selection work order; not primary evidence.
annual-report-power-grid-customer-cash-proof-work-order-pass-1,Annual report research system,Multiple,current synthesis,derived annual-report power/grid customer-cash proof work order artifact,CFEI-193;ARPGCC-001;ARPGCC-008,1,local-derived,analysis/company-first-principles/annual-report-power-grid-customer-cash-proof-work-order-pass-1.md,8 proof-order rows; FPL receipts; AEP obligations; Duke ESA recovery; contractor cash; supplier cash; denominators; article control,derived-control,Power/grid customer-cash proof work order; not new primary evidence or final customer-cash proof.
annual-report-power-grid-customer-cash-proof-work-order-data-pass-1,Annual report research system,Multiple,current synthesis,derived annual-report power/grid customer-cash proof work order table artifact,CFEI-193;ARPGCC-001;ARPGCC-008,1,local-derived,analysis/company-first-principles/data/annual-report-power-grid-customer-cash-proof-work-order-pass-1.csv,8 rows x 13 columns; target nodes; source packages; fields to extract; pass tests; hold tests; article upgrades; next artifacts,derived-control,Structured power/grid customer-cash proof work order; not primary evidence.
annual-report-complete-wrapup-synthesis-pass-1,Annual report research system,Multiple,current synthesis,derived annual-report complete wrap-up synthesis artifact,CFEI-194;ARCWS-001;ARCWS-015,1,local-derived,analysis/company-first-principles/annual-report-complete-wrapup-synthesis-pass-1.md,15 wrap-up rows; final thesis; seven themes; three proof boxes; named-cash boundary; wrapped artifact list; future-work roadmap; final stopping point,derived-control,Complete annual-report wrap-up synthesis; writing-ready with proof boundaries; not new primary evidence.
annual-report-complete-wrapup-synthesis-data-pass-1,Annual report research system,Multiple,current synthesis,derived annual-report complete wrap-up synthesis table artifact,CFEI-194;ARCWS-001;ARCWS-015,1,local-derived,analysis/company-first-principles/data/annual-report-complete-wrapup-synthesis-pass-1.csv,15 rows x 10 columns; wrap-up sections; plain-English points; detailed takeaways; evidence strength; writing use; status,derived-control,Structured complete annual-report wrap-up synthesis table; not primary evidence.
annual-report-extra-themes-first-principles-writeup-pass-1,Annual report research system,Multiple,current synthesis,derived annual-report extra-themes first-principles writeup artifact,CFEI-195;ARETFP-001;ARETFP-010,1,local-derived,analysis/company-first-principles/annual-report-extra-themes-first-principles-writeup-pass-1.md,10 extra-theme rows; debt reshaping; acquisition finance; asset-backed collateral; buildout; public funding; water; midstream; electrification equipment; private-market liquidity; bank coexistence,derived-control,First-principles extra-theme writeup; not new primary evidence.
annual-report-extra-themes-first-principles-writeup-data-pass-1,Annual report research system,Multiple,current synthesis,derived annual-report extra-themes first-principles writeup table artifact,CFEI-195;ARETFP-001;ARETFP-010,1,local-derived,analysis/company-first-principles/data/annual-report-extra-themes-first-principles-writeup-pass-1.csv,10 rows x 9 columns; first principles; plain questions; mechanisms; examples; proof needed; bad claims; writing status,derived-control,Structured extra-theme first-principles writeup; not primary evidence.
annual-report-all-sector-theme-coverage-review-pass-1,Annual report research system,Multiple,current synthesis,derived annual-report all-sector theme coverage review artifact,CFEI-196;ARASTC-001;ARASTC-017,1,local-derived,analysis/company-first-principles/annual-report-all-sector-theme-coverage-review-pass-1.md,17 coverage rows; 519 packets; 519 triage rows; 50 deep analyses; sector coverage; societal gaps; recommended sector expansion,derived-control,All-sector coverage review; not new primary evidence or completed all-sector atlas.
annual-report-all-sector-theme-coverage-review-data-pass-1,Annual report research system,Multiple,current synthesis,derived annual-report all-sector theme coverage review table artifact,CFEI-196;ARASTC-001;ARASTC-017,1,local-derived,analysis/company-first-principles/data/annual-report-all-sector-theme-coverage-review-pass-1.csv,17 rows x 10 columns; coverage layers; sector counts; covered areas; undercovered areas; first-principles questions; next actions,derived-control,Structured all-sector coverage review; not primary evidence.
annual-report-all-sector-theme-expansion-pass-1,Annual report research system,Multiple,current synthesis,derived annual-report all-sector first-principles expansion artifact,CFEI-197;ARASTE-001;ARASTE-012,1,local-derived,analysis/company-first-principles/annual-report-all-sector-theme-expansion-pass-1.md,12 sector-balanced rows; technology; services; industrial goods; consumer goods; basic materials; healthcare; energy; financials; real estate; utilities; labor; trust,derived-control,All-sector first-principles expansion companion; not new primary evidence or full 519-company deep analysis.
annual-report-all-sector-theme-expansion-data-pass-1,Annual report research system,Multiple,current synthesis,derived annual-report all-sector first-principles expansion table artifact,CFEI-197;ARASTE-001;ARASTE-012,1,local-derived,analysis/company-first-principles/data/annual-report-all-sector-theme-expansion-pass-1.csv,12 rows x 10 columns; sector; theme; packet base; coverage status; question; takeaway; examples; boundary; writing use,derived-control,Structured all-sector expansion table; not primary evidence.
annual-report-undercovered-industry-deep-dive-work-order-pass-1,Annual report research system,Multiple,current synthesis,derived annual-report undercovered-industry deep-dive work order artifact,CFEI-198;ARUIDD-001;ARUIDD-008,1,local-derived,analysis/company-first-principles/annual-report-undercovered-industry-deep-dive-work-order-pass-1.md,8 ranked gap rows; services; consumer goods; materials; real estate; broad technology; healthcare devices/labs; energy affordability; ordinary finance,derived-control,Executable undercovered-industry work order; not new primary evidence.
annual-report-undercovered-industry-deep-dive-work-order-data-pass-1,Annual report research system,Multiple,current synthesis,derived annual-report undercovered-industry deep-dive work order table artifact,CFEI-198;ARUIDD-001;ARUIDD-008,1,local-derived,analysis/company-first-principles/data/annual-report-undercovered-industry-deep-dive-work-order-pass-1.csv,8 rows x 10 columns; priority; theme family; representative packets; first-principles question; extraction target; output; proof boundary; status,derived-control,Structured undercovered-industry work order; not primary evidence.
annual-report-broad-theme-end-to-end-goal-pass-1,Annual report research system,Multiple,current synthesis,derived annual-report broad theme end-to-end goal artifact,CFEI-199;ARBTG-001;ARBTG-009,1,local-derived,analysis/company-first-principles/annual-report-broad-theme-end-to-end-goal-pass-1.md,9 goal rows; broad project charter; societal themes; cultural themes; industrial systems; healthcare; technology; finance; cash-proof layer; done definition,derived-control,Broad end-to-end goal for annual-report synthesis; not primary evidence.
annual-report-broad-theme-end-to-end-goal-data-pass-1,Annual report research system,Multiple,current synthesis,derived annual-report broad theme end-to-end goal table artifact,CFEI-199;ARBTG-001;ARBTG-009,1,local-derived,analysis/company-first-principles/data/annual-report-broad-theme-end-to-end-goal-pass-1.csv,9 rows x 10 columns; component; plain question; scope; output; proof needs; article use; boundary; status,derived-control,Structured broad-theme goal table; not primary evidence.
annual-report-undercovered-industry-theme-synthesis-pass-1,Annual report research system,Multiple,current synthesis,derived annual-report undercovered-industry theme synthesis artifact,CFEI-200;ARUITS-001;ARUITS-008,1,local-derived,analysis/company-first-principles/annual-report-undercovered-industry-theme-synthesis-pass-1.md,8 synthesis rows; services/culture; consumer identity; materials scarcity; real estate location; broad technology; healthcare infrastructure; energy affordability; ordinary finance,derived-control,Writing-ready undercovered-industry theme synthesis; not new primary evidence.
annual-report-undercovered-industry-theme-synthesis-data-pass-1,Annual report research system,Multiple,current synthesis,derived annual-report undercovered-industry theme synthesis table artifact,CFEI-200;ARUITS-001;ARUITS-008,1,local-derived,analysis/company-first-principles/data/annual-report-undercovered-industry-theme-synthesis-pass-1.csv,8 rows x 10 columns; theme family; question; social insight; industrial insight; financial insight; representative sets; proof boundary; writing status,derived-control,Structured undercovered-industry theme synthesis table; not primary evidence.
annual-report-final-integrated-theme-map-pass-1,Annual report research system,Multiple,current synthesis,derived annual-report final integrated theme map artifact,CFEI-201;ARFITM-001;ARFITM-015,1,local-derived,analysis/company-first-principles/annual-report-final-integrated-theme-map-pass-1.md,15 integrated rows; 7 core themes; 8 expansion themes; final article claim; proof boundary; rewrite map,derived-control,Final integrated annual-report theme map; not new primary evidence.
annual-report-final-integrated-theme-map-data-pass-1,Annual report research system,Multiple,current synthesis,derived annual-report final integrated theme map table artifact,CFEI-201;ARFITM-001;ARFITM-015,1,local-derived,analysis/company-first-principles/data/annual-report-final-integrated-theme-map-pass-1.csv,15 rows x 10 columns; layer; theme; scarcity; paid actor; examples; article role; proof boundary; status,derived-control,Structured final integrated theme map; not primary evidence.
annual-report-integrated-final-publication-draft-pass-1,Annual report research system,Multiple,current synthesis,derived annual-report integrated final publication draft artifact,CFEI-202;ARIFD-001;ARIFD-020,1,local-derived,analysis/company-first-principles/annual-report-integrated-final-publication-draft-pass-1.md,20 control rows; integrated article; 7 core chapters; 8 expansion sections; proof rule; safe publication claim,derived-control,Integrated reader-facing draft; bounded synthesis; not stock recommendation or named-cash proof.
annual-report-integrated-final-publication-draft-data-pass-1,Annual report research system,Multiple,current synthesis,derived annual-report integrated final publication draft table artifact,CFEI-202;ARIFD-001;ARIFD-020,1,local-derived,analysis/company-first-principles/data/annual-report-integrated-final-publication-draft-pass-1.csv,20 rows x 10 columns; section; role; theme layer; safe claim; examples; boundary; source basis; next action; status,derived-control,Structured integrated final draft control table; not primary evidence.
annual-report-integrated-draft-citation-overclaim-gate-pass-1,Annual report research system,Multiple,current synthesis,derived annual-report integrated draft citation overclaim gate artifact,CFEI-203;ARIDG-001;ARIDG-020,1,local-derived,analysis/company-first-principles/annual-report-integrated-draft-citation-overclaim-gate-pass-1.md,20 gate rows; title; opening; 15-theme map; seven core sections; eight expansion sections; proof rule; final takeaway,derived-control,Integrated draft reader-review and public-citation gate; not new primary evidence.
annual-report-integrated-draft-citation-overclaim-gate-data-pass-1,Annual report research system,Multiple,current synthesis,derived annual-report integrated draft citation overclaim gate table artifact,CFEI-203;ARIDG-001;ARIDG-020,1,local-derived,analysis/company-first-principles/data/annual-report-integrated-draft-citation-overclaim-gate-pass-1.csv,20 rows x 10 columns; draft section; theme layer; decision; citation need; overclaim risk; boundary; public release action; reader status,derived-control,Structured integrated draft citation and overclaim gate; not primary evidence.
annual-report-integrated-15-theme-public-citation-queue-pass-1,Annual report research system,Multiple,current synthesis,derived annual-report integrated 15-theme public citation queue artifact,CFEI-204;AR15CQ-001;AR15CQ-017,1,local-derived,analysis/company-first-principles/annual-report-integrated-15-theme-public-citation-queue-pass-1.md,17 citation queue rows; opening map; 15 themes; proof boundary; public source packet needs,derived-control,Integrated 15-theme public citation queue; not fetched public citations.
annual-report-integrated-15-theme-public-citation-queue-data-pass-1,Annual report research system,Multiple,current synthesis,derived annual-report integrated 15-theme public citation queue table artifact,CFEI-204;AR15CQ-001;AR15CQ-017,1,local-derived,analysis/company-first-principles/data/annual-report-integrated-15-theme-public-citation-queue-pass-1.csv,17 rows x 10 columns; theme; priority; source packet; representative company sets; public action; overclaim boundary; status,derived-control,Structured integrated 15-theme public citation queue; not primary evidence.
annual-report-integrated-article-source-note-appendix-pass-1,Annual report research system,Multiple,current synthesis,derived annual-report integrated article source-note appendix artifact,CFEI-205;ARSNA-001;ARSNA-017,1,local-derived,analysis/company-first-principles/annual-report-integrated-article-source-note-appendix-pass-1.md,17 source-note rows; local anchors; packet anchors; public source needs; citation refresh gaps; proof boundaries,derived-control,Integrated article source-note appendix; not full public citation attachment.
annual-report-integrated-article-source-note-appendix-data-pass-1,Annual report research system,Multiple,current synthesis,derived annual-report integrated article source-note appendix table artifact,CFEI-205;ARSNA-001;ARSNA-017,1,local-derived,analysis/company-first-principles/data/annual-report-integrated-article-source-note-appendix-pass-1.csv,17 rows x 10 columns; source note; theme; local anchors; public source needs; missing publication work; boundary; status,derived-control,Structured integrated article source-note appendix; not primary evidence.
annual-report-integrated-article-final-handoff-checklist-pass-1,Annual report research system,Multiple,current synthesis,derived annual-report integrated article final handoff checklist artifact,CFEI-206;ARIFH-001;ARIFH-012,1,local-derived,analysis/company-first-principles/annual-report-integrated-article-final-handoff-checklist-pass-1.md,12 handoff rows; ready state; blocker state; citation gap; source refresh gap; optional named-cash appendix; stop condition,derived-control,Final handoff checklist for integrated article; not public citation attachment.
annual-report-integrated-article-final-handoff-checklist-data-pass-1,Annual report research system,Multiple,current synthesis,derived annual-report integrated article final handoff checklist table artifact,CFEI-206;ARIFH-001;ARIFH-012,1,local-derived,analysis/company-first-principles/data/annual-report-integrated-article-final-handoff-checklist-pass-1.csv,12 rows x 10 columns; item; status; evidence artifact; proof; non-proof; next action; priority; publication state,derived-control,Structured final handoff checklist; not primary evidence.
annual-report-integrated-final-reader-edit-pass-1,Annual report research system,Multiple,current synthesis,derived annual-report integrated final reader edit artifact,CFEI-207;ARIFRE-001;ARIFRE-008,1,local-derived,analysis/company-first-principles/annual-report-integrated-final-reader-edit-pass-1.md,8 reader-edit rows; no-background orientation; first-principles bridges; proof boundary; citation gap,derived-control,Integrated final reader edit artifact; not public citation attachment or named-cash proof.
annual-report-integrated-final-reader-edit-data-pass-1,Annual report research system,Multiple,current synthesis,derived annual-report integrated final reader edit table artifact,CFEI-207;ARIFRE-001;ARIFRE-008,1,local-derived,analysis/company-first-principles/data/annual-report-integrated-final-reader-edit-pass-1.csv,8 rows x 10 columns; section; edit type; reader problem; addressed by; reader effect; proof boundary; status; publication state,derived-control,Structured integrated final reader edit table; not primary evidence.
annual-report-integrated-priority1-citation-attachment-pass-1,Annual report research system,Multiple,current synthesis,derived annual-report integrated priority-1 citation attachment artifact,CFEI-208;ARIP1CA-001;ARIP1CA-004,1,local-derived,analysis/company-first-principles/annual-report-integrated-priority1-citation-attachment-pass-1.md,4 attachment rows; power citations; capital-platform citations; proof-rule citations; partial public citation state,derived-control,Priority-1 citation attachment artifact; not complete public release or named-cash proof.
annual-report-integrated-priority1-citation-attachment-data-pass-1,Annual report research system,Multiple,current synthesis,derived annual-report integrated priority-1 citation attachment table artifact,CFEI-208;ARIP1CA-001;ARIP1CA-004,1,local-derived,analysis/company-first-principles/data/annual-report-integrated-priority1-citation-attachment-pass-1.csv,4 rows x 10 columns; draft section; source anchor count; source IDs used; support; non-proof; next action; status,derived-control,Structured priority-1 citation attachment table; not primary evidence.
annual-report-integrated-priority2-citation-attachment-pass-1,Annual report research system,Multiple,current synthesis,derived annual-report integrated priority-2 citation attachment artifact,CFEI-209;ARIP2CA-001;ARIP2CA-006,1,local-derived,analysis/company-first-principles/annual-report-integrated-priority2-citation-attachment-pass-1.md,6 attachment rows; industrial citations; healthcare citations; built-environment citations; digital citations; value-retail citations; partial public citation state,derived-control,Priority-2 citation attachment artifact; not complete public release or named-cash proof.
annual-report-integrated-priority2-citation-attachment-data-pass-1,Annual report research system,Multiple,current synthesis,derived annual-report integrated priority-2 citation attachment table artifact,CFEI-209;ARIP2CA-001;ARIP2CA-006,1,local-derived,analysis/company-first-principles/data/annual-report-integrated-priority2-citation-attachment-pass-1.csv,6 rows x 10 columns; section; source anchor count; source anchors; support; non-proof; next action; status,derived-control,Structured priority-2 citation attachment table; not primary evidence.
annual-report-integrated-priority3-citation-attachment-pass-1,Annual report research system,Multiple,current synthesis,derived annual-report integrated priority-3 citation attachment artifact,CFEI-210;ARIP3CA-001;ARIP3CA-009,1,local-derived,analysis/company-first-principles/annual-report-integrated-priority3-citation-attachment-pass-1.md,9 attachment rows; remaining expansion sections; all 15 themes section-anchor cited; public draft not final formatted,derived-control,Priority-3 citation attachment artifact; not sentence-level footnoting or named-cash proof.
annual-report-integrated-priority3-citation-attachment-data-pass-1,Annual report research system,Multiple,current synthesis,derived annual-report integrated priority-3 citation attachment table artifact,CFEI-210;ARIP3CA-001;ARIP3CA-009,1,local-derived,analysis/company-first-principles/data/annual-report-integrated-priority3-citation-attachment-pass-1.csv,9 rows x 10 columns; section; source anchor count; source anchors; support; non-proof; next action; status,derived-control,Structured priority-3 citation attachment table; not primary evidence.
annual-report-integrated-final-citation-readiness-audit-pass-1,Annual report research system,Multiple,current synthesis,derived annual-report integrated final citation readiness audit artifact,CFEI-211;ARIFCRA-001;ARIFCRA-006,1,local-derived,analysis/company-first-principles/annual-report-integrated-final-citation-readiness-audit-pass-1.md,6 audit rows; section-anchor coverage; direct URL refresh; metric verification gap; named-cash boundary; reader readiness; public release blocker,derived-control,Final citation readiness audit; not sentence-level footnoting or named-cash proof.
annual-report-integrated-final-citation-readiness-audit-data-pass-1,Annual report research system,Multiple,current synthesis,derived annual-report integrated final citation readiness audit table artifact,CFEI-211;ARIFCRA-001;ARIFCRA-006,1,local-derived,analysis/company-first-principles/data/annual-report-integrated-final-citation-readiness-audit-pass-1.csv,6 rows x 10 columns; audit area; current state; evidence; publication meaning; remaining gap; unsafe claim; status; release state,derived-control,Structured final citation readiness audit table; not primary evidence.
annual-report-integrated-sentence-metric-audit-pass-1,Annual report research system,Multiple,current synthesis,derived annual-report integrated sentence metric audit artifact,CFEI-212;ARISMA-001;ARISMA-012,1,local-derived,analysis/company-first-principles/annual-report-integrated-sentence-metric-audit-pass-1.md,12 audit rows; structural counts; source-anchor count; company examples; filing labels; thesis claims; named metric risk; cash proof boundary; stop condition,derived-control,Sentence-level metric-risk audit; not final citation formatting or named-cash proof.
annual-report-integrated-sentence-metric-audit-data-pass-1,Annual report research system,Multiple,current synthesis,derived annual-report integrated sentence metric audit table artifact,CFEI-212;ARISMA-001;ARISMA-012,1,local-derived,analysis/company-first-principles/data/annual-report-integrated-sentence-metric-audit-pass-1.csv,12 rows x 10 columns; claim area; explicit claim or metric; current support; decision; remaining public work; unsafe use; release state,derived-control,Structured sentence metric audit table; not primary evidence.
annual-report-integrated-final-public-formatting-pass-1,Annual report research system,Multiple,current synthesis,derived annual-report integrated final public formatting artifact,CFEI-213;ARIFPF-001;ARIFPF-006,1,local-derived,analysis/company-first-principles/annual-report-integrated-final-public-formatting-pass-1.md,6 formatting rows; release candidate; reader-facing package; editorial package; source anchors; metric audit; proof boundary; release-time checks,derived-control,Final public formatting pass; release candidate not externally published.
annual-report-integrated-final-public-formatting-data-pass-1,Annual report research system,Multiple,current synthesis,derived annual-report integrated final public formatting table artifact,CFEI-213;ARIFPF-001;ARIFPF-006,1,local-derived,analysis/company-first-principles/data/annual-report-integrated-final-public-formatting-pass-1.csv,6 rows x 10 columns; package area; current state; formatted output; reader view; editor view; remaining check; release state,derived-control,Structured final public formatting table; not primary evidence.
annual-report-integrated-release-link-check-pass-1,Annual report research system,Multiple,current synthesis,derived annual-report integrated release link check artifact,CFEI-214;ARIRLC-001;ARIRLC-005,1,local-derived,analysis/company-first-principles/annual-report-integrated-release-link-check-pass-1.md,5 link-check rows; 58 unique URLs; 55 opened; 3 refresh items; SEC and PSC links passed; release candidate with refresh items,derived-control,Release link-check artifact; not final publication or named-cash proof.
annual-report-integrated-release-link-check-data-pass-1,Annual report research system,Multiple,current synthesis,derived annual-report integrated release link check table artifact,CFEI-214;ARIRLC-001;ARIRLC-005,1,local-derived,analysis/company-first-principles/data/annual-report-integrated-release-link-check-pass-1.csv,5 rows x 10 columns; URL group; checked; opened; refresh items; issue URLs; publication meaning; next action; release state,derived-control,Structured release link-check table; not primary evidence.
annual-report-integrated-meaty-end-to-end-goal-pass-1,Annual report research system,Multiple,current synthesis,derived annual-report integrated meaty end-to-end goal artifact,CFEI-215;ARIME2E-001;ARIME2E-010,1,local-derived,analysis/company-first-principles/annual-report-integrated-meaty-end-to-end-goal-pass-1.md,integrated project goal; 519-company theme map; company evidence map; money-movement map; named-cash proof layer; finish-line definitions,derived-control,Integrated goal artifact; not new primary evidence or full named-cash proof.
annual-report-integrated-meaty-end-to-end-goal-data-pass-1,Annual report research system,Multiple,current synthesis,derived annual-report integrated meaty end-to-end goal table artifact,CFEI-215;ARIME2E-001;ARIME2E-010,1,local-derived,analysis/company-first-principles/data/annual-report-integrated-meaty-end-to-end-goal-pass-1.csv,10 rows x 10 columns; project layers; plain questions; proof standards; current state; next action; boundaries,derived-control,Structured integrated goal table; not primary evidence.
annual-report-final-project-front-door-pass-1,Annual report research system,Multiple,current synthesis,derived annual-report final project front-door artifact,CFEI-216;ARFPFD-001;ARFPFD-012,1,local-derived,analysis/company-first-principles/annual-report-final-project-front-door-pass-1.md,read-this-first project guide; main article; integrated goal; what-else map; big findings; theme map; link check; handoff checklist; money-movement map; named cash proof boundary,derived-control,"Final project front-door artifact, updated to include the what-else map and big findings page; not new primary evidence or external publication."
annual-report-final-project-front-door-data-pass-1,Annual report research system,Multiple,current synthesis,derived annual-report final project front-door table artifact,CFEI-216;ARFPFD-001;ARFPFD-012,1,local-derived,analysis/company-first-principles/data/annual-report-final-project-front-door-pass-1.csv,12 rows x 10 columns; project goal; article; what-else map; big findings; theme map; source state; money movement; cash proof; remaining work; next fork,derived-control,"Structured project front-door table, updated to include what-else and big-findings entries; not primary evidence."
annual-report-final-completion-audit-pass-1,Annual report research system,Multiple,current synthesis,derived annual-report final completion audit artifact,CFEI-217;ARFCA-001;ARFCA-015,1,local-derived,analysis/company-first-principles/annual-report-final-completion-audit-pass-1.md,broad synthesis completion audit; 15 requirement rows; completed 15-theme expanded atlas; what-else map; big findings; named cash proof boundary; stop point,derived-control,"Post-atlas completion audit artifact; not new primary evidence, external publication, or full named-cash proof."
annual-report-final-completion-audit-data-pass-1,Annual report research system,Multiple,current synthesis,derived annual-report final completion audit table artifact,CFEI-217;ARFCA-001;ARFCA-015,1,local-derived,analysis/company-first-principles/data/annual-report-final-completion-audit-pass-1.csv,15 rows x 10 columns; requirement audit; evidence checked; verdicts; completion state; boundaries; next action,derived-control,Structured post-atlas completion audit table; not primary evidence.
annual-report-15-theme-first-principles-deep-dive-pass-1,Annual report research system,Multiple,current synthesis,derived annual-report 15-theme first-principles deep-dive artifact,CFEI-218;AR15FP-001;AR15FP-015,1,local-derived,analysis/company-first-principles/annual-report-15-theme-first-principles-deep-dive-pass-1.md,15 theme sections; first-principles claims; subthemes; money paths; safe claims; proof boundaries,derived-control,Detailed theme/subtheme writing artifact; not new primary evidence or named-cash proof.
annual-report-15-theme-first-principles-deep-dive-data-pass-1,Annual report research system,Multiple,current synthesis,derived annual-report 15-theme first-principles deep-dive table artifact,CFEI-218;AR15FP-001;AR15FP-015,1,local-derived,analysis/company-first-principles/data/annual-report-15-theme-first-principles-deep-dive-pass-1.csv,15 rows x 10 columns; theme; first-principles claim; subthemes; money path; safe claim; proof boundary; article use,derived-control,Structured theme/subtheme deep-dive table; not primary evidence.
annual-report-theme-pages-index-pass-1,Annual report research system,Multiple,current synthesis,derived annual-report standalone theme pages index artifact,CFEI-219;ARTP-001;ARTP-015,1,local-derived,analysis/company-first-principles/annual-report-theme-pages-index-pass-1.md,15 standalone theme pages; no-background explanations; term definitions; subthemes; money paths; proof boundaries,derived-control,Standalone theme-page index; not new primary evidence or named-cash proof.
annual-report-theme-pages-index-data-pass-1,Annual report research system,Multiple,current synthesis,derived annual-report standalone theme pages index table artifact,CFEI-219;ARTP-001;ARTP-015,1,local-derived,analysis/company-first-principles/data/annual-report-theme-pages-index-pass-1.csv,15 rows x 10 columns; theme page id; page path; core claim; subtheme count; money path; proof boundary; status,derived-control,Structured standalone theme-page index table; not primary evidence.
annual-report-company-to-theme-matrix-pass-1,Annual report research system,Multiple,current synthesis,derived annual-report company-to-theme matrix artifact,CFEI-220;ARCTM-001;ARCTM-075,1,local-derived,analysis/company-first-principles/annual-report-company-to-theme-matrix-pass-1.md,75 company-to-theme rows; 15 themes; 5 companies per theme; money paths; proof metrics; disproof tests,derived-control,Company-to-theme matrix artifact; not primary evidence or full named-cash proof.
annual-report-company-to-theme-matrix-data-pass-1,Annual report research system,Multiple,current synthesis,derived annual-report company-to-theme matrix table artifact,CFEI-220;ARCTM-001;ARCTM-075,1,local-derived,analysis/company-first-principles/data/annual-report-company-to-theme-matrix-pass-1.csv,75 rows x 12 columns; theme; subtheme; company; plain business description; money path; proof metric; disproof test; claim status,derived-control,Structured company-to-theme matrix table; not primary evidence.
annual-report-theme-evidence-depth-scorecard-pass-1,Annual report research system,Multiple,current synthesis,derived annual-report theme evidence-depth scorecard artifact,CFEI-221;ARTEDS-001;ARTEDS-015,1,local-derived,analysis/company-first-principles/annual-report-theme-evidence-depth-scorecard-pass-1.md,15 theme evidence-depth rows; source-visible count; candidate count; queued count; readiness; gap; next evidence job,derived-control,Theme evidence-depth scorecard artifact; not primary evidence.
annual-report-theme-evidence-depth-scorecard-data-pass-1,Annual report research system,Multiple,current synthesis,derived annual-report theme evidence-depth scorecard table artifact,CFEI-221;ARTEDS-001;ARTEDS-015,1,local-derived,analysis/company-first-principles/data/annual-report-theme-evidence-depth-scorecard-pass-1.csv,15 rows x 10 columns; theme; company rows; source-visible rows; candidate rows; queued rows; readiness level; gaps; next evidence job,derived-control,Structured theme evidence-depth scorecard table; not primary evidence.
annual-report-theme-extraction-workbench-pass-1,Annual report research system,Multiple,current synthesis,derived annual-report theme extraction workbench artifact,CFEI-222;ARTEW-001;ARTEW-030,1,local-derived,analysis/company-first-principles/annual-report-theme-extraction-workbench-pass-1.md,30 prioritized extraction tasks; source targets; fields to extract; supported claim; boundary; expected output artifact,derived-control,Theme extraction workbench artifact; not primary evidence or completed extraction.
annual-report-theme-extraction-workbench-data-pass-1,Annual report research system,Multiple,current synthesis,derived annual-report theme extraction workbench table artifact,CFEI-222;ARTEW-001;ARTEW-030,1,local-derived,analysis/company-first-principles/data/annual-report-theme-extraction-workbench-pass-1.csv,30 rows x 11 columns; priority; theme; company/lane; source to pull; fields; claim; boundary; output artifact; status,derived-control,Structured theme extraction workbench table; not primary evidence.
annual-report-blackrock-capital-platform-extraction-pass-1,BlackRock Inc.,BLK,FY2025/Q2 2026,derived annual-report BlackRock capital-platform extraction artifact,CFEI-223;ARBLCPE-001;ARBLCPE-012,1,local-derived,analysis/company-first-principles/annual-report-blackrock-capital-platform-extraction-pass-1.md,BlackRock platform-scale extraction; AUM; inflows; revenue; margin; technology revenue; HPS AUM/FPAUM; Preqin workflow,derived-control,Derived extraction from local BlackRock analysis and theme memos; not named HPS borrower cash proof.
annual-report-blackrock-capital-platform-extraction-data-pass-1,BlackRock Inc.,BLK,FY2025/Q2 2026,derived annual-report BlackRock capital-platform extraction table artifact,CFEI-223;ARBLCPE-001;ARBLCPE-012,1,local-derived,analysis/company-first-principles/data/annual-report-blackrock-capital-platform-extraction-pass-1.csv,12 rows x 11 columns; field; value; source anchor; proof; boundary; claim status,derived-control,Structured BlackRock platform extraction table; not primary evidence or named borrower proof.
annual-report-costco-value-retail-extraction-pass-1,Costco Wholesale Corporation,COST,FY2025/Q3 2026,derived annual-report Costco value-retail extraction artifact,CFEI-224;ARCOVRE-001;ARCOVRE-012,1,local-derived,analysis/company-first-principles/annual-report-costco-value-retail-extraction-pass-1.md,Costco value-retail extraction; net sales; membership fees; net income; comparable sales; adjusted comps; digital comps; value trust,derived-control,Derived extraction from local Costco analysis and theme memos; not proof of full consumer health.
annual-report-costco-value-retail-extraction-data-pass-1,Costco Wholesale Corporation,COST,FY2025/Q3 2026,derived annual-report Costco value-retail extraction table artifact,CFEI-224;ARCOVRE-001;ARCOVRE-012,1,local-derived,analysis/company-first-principles/data/annual-report-costco-value-retail-extraction-pass-1.csv,12 rows x 11 columns; field; value; source anchor; proof; boundary; claim status,derived-control,Structured Costco value-retail extraction table; not primary evidence or full consumer health proof.
annual-report-walmart-value-retail-extraction-pass-1,Walmart Inc.,WMT,FY2026/Q1 2026/Q4 2025,derived annual-report Walmart value-retail extraction artifact,CFEI-225;ARWAVRE-001;ARWAVRE-012,1,local-derived,analysis/company-first-principles/annual-report-walmart-value-retail-extraction-pass-1.md,Walmart value-retail extraction; revenue growth; profit growth; eCommerce; advertising; membership; operating cash flow; free cash flow; retail ecosystem,derived-control,Derived extraction from local Walmart analysis and theme memos; not proof of full consumer health or eCommerce cash quality.
annual-report-walmart-value-retail-extraction-data-pass-1,Walmart Inc.,WMT,FY2026/Q1 2026/Q4 2025,derived annual-report Walmart value-retail extraction table artifact,CFEI-225;ARWAVRE-001;ARWAVRE-012,1,local-derived,analysis/company-first-principles/data/annual-report-walmart-value-retail-extraction-pass-1.csv,12 rows x 11 columns; field; value; source anchor; proof; boundary; claim status,derived-control,Structured Walmart value-retail extraction table; not primary evidence or full consumer health proof.
annual-report-target-discretionary-stress-extraction-pass-1,Target Corp.,TGT,FY2025/Q4 2025/Q1 2026,derived annual-report Target value-retail extraction artifact,CFEI-226;ARTADSE-001;ARTADSE-012,1,local-derived,analysis/company-first-principles/annual-report-target-discretionary-stress-extraction-pass-1.md,Target discretionary-stress extraction; net sales; operating income; non-merchandise; membership; marketplace; same-day delivery; comparable sales; digital comps; capex,derived-control,Derived extraction from local Target analysis and theme memos; not proof of full consumer health or durable second-layer cash quality.
annual-report-target-discretionary-stress-extraction-data-pass-1,Target Corp.,TGT,FY2025/Q4 2025/Q1 2026,derived annual-report Target value-retail extraction table artifact,CFEI-226;ARTADSE-001;ARTADSE-012,1,local-derived,analysis/company-first-principles/data/annual-report-target-discretionary-stress-extraction-pass-1.csv,12 rows x 11 columns; field; value; source anchor; proof; boundary; claim status,derived-control,Structured Target value-retail extraction table; not primary evidence or full consumer health proof.
annual-report-dollar-general-value-retail-extraction-pass-1,Dollar General Corporation,DG,FY2025/Q1 2026,derived annual-report Dollar General value-retail extraction artifact,CFEI-227;ARDGVR-001;ARDGVR-012,1,local-derived,analysis/company-first-principles/annual-report-dollar-general-value-retail-extraction-pass-1.md,Dollar General value-retail extraction; store count; sales; same-store sales; EPS; consumables mix; traffic; gross margin; proximity replenishment,derived-control,Derived extraction from local Dollar General analysis and theme memos; not proof of lower-income consumer health or durable cash quality.
annual-report-dollar-general-value-retail-extraction-data-pass-1,Dollar General Corporation,DG,FY2025/Q1 2026,derived annual-report Dollar General value-retail extraction table artifact,CFEI-227;ARDGVR-001;ARDGVR-012,1,local-derived,analysis/company-first-principles/data/annual-report-dollar-general-value-retail-extraction-pass-1.csv,12 rows x 11 columns; field; value; source anchor; proof; boundary; claim status,derived-control,Structured Dollar General value-retail extraction table; not primary evidence or full consumer health proof.
annual-report-burlington-off-price-value-extraction-pass-1,"Burlington Stores, Inc.",BURL,FY2025/Q3 2025/Q4 2025/Q1 2026,derived annual-report Burlington off-price value extraction artifact,CFEI-228;ARBOPVE-001;ARBOPVE-012,1,local-derived,analysis/company-first-principles/annual-report-burlington-off-price-value-extraction-pass-1.md,Burlington off-price value extraction; stores; store-native sales; square feet; distribution centers; ABL capacity; borrowing capacity; sales growth; comparable-store sales; bargain discovery,derived-control,Derived extraction from local Burlington analysis and packet; not proof of durable discretionary health or inventory-to-cash quality.
annual-report-burlington-off-price-value-extraction-data-pass-1,"Burlington Stores, Inc.",BURL,FY2025/Q3 2025/Q4 2025/Q1 2026,derived annual-report Burlington off-price value extraction table artifact,CFEI-228;ARBOPVE-001;ARBOPVE-012,1,local-derived,analysis/company-first-principles/data/annual-report-burlington-off-price-value-extraction-pass-1.csv,12 rows x 11 columns; field; value; source anchor; proof; boundary; claim status,derived-control,Structured Burlington off-price value extraction table; not primary evidence or full cash-quality proof.
annual-report-unitedhealth-healthcare-access-extraction-pass-1,UnitedHealth Group Incorporated,UNH,FY2025/Q1 2026/Q2 2026,derived annual-report UnitedHealth healthcare-access extraction artifact,CFEI-229;ARUNHHA-001;ARUNHHA-012,1,local-derived,analysis/company-first-principles/annual-report-unitedhealth-healthcare-access-extraction-pass-1.md,UnitedHealth healthcare-access extraction; revenue; earnings from operations; net margin; adjusted EPS; guidance; expected operating cash flow; healthcare control plane,derived-control,"Derived extraction from local UnitedHealth analysis and packet; not proof of patient outcomes, fair access, or full payer-to-provider cash collection."
annual-report-unitedhealth-healthcare-access-extraction-data-pass-1,UnitedHealth Group Incorporated,UNH,FY2025/Q1 2026/Q2 2026,derived annual-report UnitedHealth healthcare-access extraction table artifact,CFEI-229;ARUNHHA-001;ARUNHHA-012,1,local-derived,analysis/company-first-principles/data/annual-report-unitedhealth-healthcare-access-extraction-pass-1.csv,12 rows x 11 columns; field; value; source anchor; proof; boundary; claim status,derived-control,Structured UnitedHealth healthcare-access extraction table; not primary evidence or full healthcare cash-quality proof.
annual-report-cigna-healthcare-routing-extraction-pass-1,The Cigna Group,CI,FY2025/Q4 2025/Q1 2026/Q2 2026,derived annual-report Cigna healthcare-routing extraction artifact,CFEI-230;ARCIGHA-001;ARCIGHA-012,1,local-derived,analysis/company-first-principles/annual-report-cigna-healthcare-routing-extraction-pass-1.md,Cigna healthcare-routing extraction; total revenues; revenue growth; adjusted income; SG&A efficiency; debt-to-capitalization; Cigna Healthcare; Evernorth; raised outlook,derived-control,"Derived extraction from local Cigna analysis and packet; not proof of patient affordability, outcomes, PBM transparency, or full healthcare cash collection."
annual-report-cigna-healthcare-routing-extraction-data-pass-1,The Cigna Group,CI,FY2025/Q4 2025/Q1 2026/Q2 2026,derived annual-report Cigna healthcare-routing extraction table artifact,CFEI-230;ARCIGHA-001;ARCIGHA-012,1,local-derived,analysis/company-first-principles/data/annual-report-cigna-healthcare-routing-extraction-pass-1.csv,12 rows x 11 columns; field; value; source anchor; proof; boundary; claim status,derived-control,Structured Cigna healthcare-routing extraction table; not primary evidence or full healthcare cash-quality proof.
annual-report-davita-care-site-extraction-pass-1,DaVita Inc.,DVA,FY2025/Q1 2026/Q2 2026,derived annual-report DaVita care-site extraction artifact,CFEI-231;ARDVCSA-001;ARDVCSA-012,1,local-derived,analysis/company-first-principles/annual-report-davita-care-site-extraction-pass-1.md,DaVita care-site extraction; revenue; operating income; operating cash flow; U.S. treatments per day; risk-based patients; annualized medical spend,derived-control,"Derived extraction from local DaVita analysis, packet, profile, and source ledger; not proof of patient outcomes, payer-mix durability, site-level cash receipts, or risk-contract profitability."
annual-report-davita-care-site-extraction-data-pass-1,DaVita Inc.,DVA,FY2025/Q1 2026/Q2 2026,derived annual-report DaVita care-site extraction table artifact,CFEI-231;ARDVCSA-001;ARDVCSA-012,1,local-derived,analysis/company-first-principles/data/annual-report-davita-care-site-extraction-pass-1.csv,12 rows x 11 columns; field; value; source anchor; proof; boundary; claim status,derived-control,Structured DaVita care-site extraction table; not primary evidence or full healthcare cash-quality proof.
annual-report-addus-home-care-extraction-pass-1,Addus HomeCare Corporation,ADUS,FY2025/Q4 2025/Q1 2026/Q2 2026,derived annual-report Addus home-care extraction artifact,CFEI-232;ARADUSHC-001;ARADUSHC-012,1,local-derived,analysis/company-first-principles/annual-report-addus-home-care-extraction-pass-1.md,Addus home-care extraction; revenue; net income; adjusted EBITDA; operating cash flow; personal care mix; hospice mix; home health mix,derived-control,"Derived extraction from local Addus analysis, packet, profile, and source ledger; not proof of patient outcomes, caregiver adequacy, reimbursement-rate durability, acquisition returns, or service-line cash collection."
annual-report-addus-home-care-extraction-data-pass-1,Addus HomeCare Corporation,ADUS,FY2025/Q4 2025/Q1 2026/Q2 2026,derived annual-report Addus home-care extraction table artifact,CFEI-232;ARADUSHC-001;ARADUSHC-012,1,local-derived,analysis/company-first-principles/data/annual-report-addus-home-care-extraction-pass-1.csv,12 rows x 11 columns; field; value; source anchor; proof; boundary; claim status,derived-control,Structured Addus home-care extraction table; not primary evidence or full healthcare cash-quality proof.
annual-report-option-care-infusion-extraction-pass-1,"Option Care Health, Inc.",OPCH,Q4 2025/Q1 2026/Q2 2026/2026 outlook,derived annual-report Option Care infusion extraction artifact,CFEI-233;AROPCHINF-001;AROPCHINF-012,1,local-derived,analysis/company-first-principles/annual-report-option-care-infusion-extraction-pass-1.md,Option Care infusion extraction; net revenue; revenue growth; GAAP net income; adjusted EBITDA; adjusted diluted EPS; revolving credit facility; raised guidance,derived-control,"Derived extraction from local Option Care analysis, packet, profile, and source ledger; not proof of patient outcomes, therapy-level margin, reimbursement durability, nurse capacity, drug-supply reliability, or working-capital cash conversion."
annual-report-option-care-infusion-extraction-data-pass-1,"Option Care Health, Inc.",OPCH,Q4 2025/Q1 2026/Q2 2026/2026 outlook,derived annual-report Option Care infusion extraction table artifact,CFEI-233;AROPCHINF-001;AROPCHINF-012,1,local-derived,analysis/company-first-principles/data/annual-report-option-care-infusion-extraction-pass-1.csv,12 rows x 11 columns; field; value; source anchor; proof; boundary; claim status,derived-control,Structured Option Care infusion extraction table; not primary evidence or full healthcare cash-quality proof.
annual-report-healthcare-access-cash-quality-bridge-pass-1,Healthcare access packet,Multiple,FY2025/Q4 2025/Q1 2026/Q2 2026/2026 outlook,derived annual-report healthcare access cash-quality bridge artifact,CFEI-234;ARHCQB-001;ARHCQB-015,1,local-derived,analysis/company-first-principles/annual-report-healthcare-access-cash-quality-bridge-pass-1.md,Healthcare access cash-quality bridge; company money paths; current evidence; missing cash proof; claims; receivables; payer mix; treatment economics; billable hours; drug reimbursement; working capital; free cash flow,derived-control,"Derived bridge across UnitedHealth, Cigna, DaVita, Addus, and Option Care; not primary evidence or full cash-conversion proof."
annual-report-healthcare-access-cash-quality-bridge-data-pass-1,Healthcare access packet,Multiple,FY2025/Q4 2025/Q1 2026/Q2 2026/2026 outlook,derived annual-report healthcare access cash-quality bridge table artifact,CFEI-234;ARHCQB-001;ARHCQB-015,1,local-derived,analysis/company-first-principles/data/annual-report-healthcare-access-cash-quality-bridge-pass-1.csv,15 rows x 9 columns; company; mechanism; money path; current evidence; missing proof; claim status,derived-control,Structured healthcare access cash-quality bridge table; not primary evidence or full cash-conversion proof.
annual-report-cloudflare-digital-control-extraction-pass-1,"Cloudflare, Inc.",NET,FY2025/Q4 2025/Q1 2026/Q2 2026,derived annual-report Cloudflare digital-control extraction artifact,CFEI-235;ARCFDC-001;ARCFDC-012,1,local-derived,analysis/company-first-principles/annual-report-cloudflare-digital-control-extraction-pass-1.md,Cloudflare digital-control extraction; revenue; RPO; gross margin; operating cash flow; free cash flow; current RPO growth; non-GAAP operating income; GAAP operating loss; Agentic Internet framing,derived-control,"Derived extraction from local Cloudflare analysis, packet, profile, and source ledger; not proof of durable GAAP profitability, permanent platform control, AI-agent monetization, or clean free-cash-flow conversion."
annual-report-cloudflare-digital-control-extraction-data-pass-1,"Cloudflare, Inc.",NET,FY2025/Q4 2025/Q1 2026/Q2 2026,derived annual-report Cloudflare digital-control extraction table artifact,CFEI-235;ARCFDC-001;ARCFDC-012,1,local-derived,analysis/company-first-principles/data/annual-report-cloudflare-digital-control-extraction-pass-1.csv,12 rows x 11 columns; field; value; source anchor; proof; boundary; claim status,derived-control,Structured Cloudflare digital-control extraction table; not primary evidence or final cash-quality proof.
annual-report-akamai-digital-control-extraction-pass-1,"Akamai Technologies, Inc.",AKAM,FY2025/Q4 2025/Q1 2026/Q2 2026,derived annual-report Akamai digital-control extraction artifact,CFEI-236;ARAKDC-001;ARAKDC-012,1,local-derived,analysis/company-first-principles/annual-report-akamai-digital-control-extraction-pass-1.md,Akamai digital-control extraction; revenue; security revenue; delivery revenue; compute revenue; CIS revenue; operating cash flow; capex; GAAP profit; CIS commitments; cash and marketable securities,derived-control,"Derived extraction from local Akamai analysis, packet, profile, and source ledger; not proof of completed transition, CIS cash realization, or durable AI infrastructure operating leverage."
annual-report-akamai-digital-control-extraction-data-pass-1,"Akamai Technologies, Inc.",AKAM,FY2025/Q4 2025/Q1 2026/Q2 2026,derived annual-report Akamai digital-control extraction table artifact,CFEI-236;ARAKDC-001;ARAKDC-012,1,local-derived,analysis/company-first-principles/data/annual-report-akamai-digital-control-extraction-pass-1.csv,12 rows x 11 columns; field; value; source anchor; proof; boundary; claim status,derived-control,Structured Akamai digital-control extraction table; not primary evidence or final cash-quality proof.
annual-report-zscaler-digital-control-extraction-pass-1,"Zscaler, Inc.",ZS,FY2025/FY2026 Q1-Q3,derived annual-report Zscaler digital-control extraction artifact,CFEI-237;ARZSDC-001;ARZSDC-012,1,local-derived,analysis/company-first-principles/annual-report-zscaler-digital-control-extraction-pass-1.md,Zscaler digital-control extraction; revenue; ARR; RPO; deferred revenue; operating cash flow; free cash flow; non-GAAP margin; large customers; AI transactions,derived-control,"Derived extraction from local Zscaler analysis, packet, profile, and source ledger; not proof of permanent platform control, GAAP profitability, acquisition integration success, or AI-agent monetization."
annual-report-zscaler-digital-control-extraction-data-pass-1,"Zscaler, Inc.",ZS,FY2025/FY2026 Q1-Q3,derived annual-report Zscaler digital-control extraction table artifact,CFEI-237;ARZSDC-001;ARZSDC-012,1,local-derived,analysis/company-first-principles/data/annual-report-zscaler-digital-control-extraction-pass-1.csv,12 rows x 11 columns; field; value; source anchor; proof; boundary; claim status,derived-control,Structured Zscaler digital-control extraction table; not primary evidence or final cash-quality proof.
annual-report-fortinet-digital-control-extraction-pass-1,"Fortinet, Inc.",FTNT,FY2025/Q4 2025/Q1 2026/Q2 2026,derived annual-report Fortinet digital-control extraction artifact,CFEI-238;ARFTDC-001;ARFTDC-012,1,local-derived,analysis/company-first-principles/annual-report-fortinet-digital-control-extraction-pass-1.md,Fortinet digital-control extraction; revenue; product revenue; service revenue; billings; deferred revenue; operating cash flow; free cash flow; GAAP profit; SASE; OT security; AI security,derived-control,"Derived extraction from local Fortinet analysis, packet, profile, and source ledger; not proof of permanent product-cycle strength, channel immunity, SASE dominance, or full product-level cash quality."
annual-report-fortinet-digital-control-extraction-data-pass-1,"Fortinet, Inc.",FTNT,FY2025/Q4 2025/Q1 2026/Q2 2026,derived annual-report Fortinet digital-control extraction table artifact,CFEI-238;ARFTDC-001;ARFTDC-012,1,local-derived,analysis/company-first-principles/data/annual-report-fortinet-digital-control-extraction-pass-1.csv,12 rows x 11 columns; field; value; source anchor; proof; boundary; claim status,derived-control,Structured Fortinet digital-control extraction table; not primary evidence or final cash-quality proof.
annual-report-roblox-digital-control-extraction-pass-1,Roblox Corporation,RBLX,FY2025/Q4 2025/Q1 2026/Q2 2026,derived annual-report Roblox digital-control extraction artifact,CFEI-239;ARRBLXDC-001;ARRBLXDC-012,1,local-derived,analysis/company-first-principles/annual-report-roblox-digital-control-extraction-pass-1.md,Roblox digital-control extraction; revenue; bookings; DAUs; hours engaged; developer exchange fees; operating cash flow; free cash flow; monetization warning; virtual economy; safety governance,derived-control,"Derived extraction from local Roblox analysis, packet, profile, and source ledger; not proof of clean cash conversion, solved moderation risk, creator health, or durable monetization per hour."
annual-report-roblox-digital-control-extraction-data-pass-1,Roblox Corporation,RBLX,FY2025/Q4 2025/Q1 2026/Q2 2026,derived annual-report Roblox digital-control extraction table artifact,CFEI-239;ARRBLXDC-001;ARRBLXDC-012,1,local-derived,analysis/company-first-principles/data/annual-report-roblox-digital-control-extraction-pass-1.csv,12 rows x 11 columns; field; value; source anchor; proof; boundary; claim status,derived-control,Structured Roblox digital-control extraction table; not primary evidence or final cash-quality proof.
annual-report-digital-control-cash-quality-bridge-pass-1,Digital control packet,Multiple,FY2025/Q4 2025/Q1 2026/Q2 2026/FY2026 Q1-Q3,derived annual-report digital-control cash-quality bridge artifact,CFEI-240;ARDCCQB-001;ARDCCQB-015,1,local-derived,analysis/company-first-principles/annual-report-digital-control-cash-quality-bridge-pass-1.md,Digital-control cash-quality bridge; company money paths; current evidence; missing cash proof; retention; RPO; deferred revenue; infrastructure cost; stock compensation; capex; bookings; creator payouts; moderation cost; free cash flow,derived-control,"Derived bridge across Cloudflare, Akamai, Zscaler, Fortinet, and Roblox; not primary evidence or full cash-conversion proof."
annual-report-digital-control-cash-quality-bridge-data-pass-1,Digital control packet,Multiple,FY2025/Q4 2025/Q1 2026/Q2 2026/FY2026 Q1-Q3,derived annual-report digital-control cash-quality bridge table artifact,CFEI-240;ARDCCQB-001;ARDCCQB-015,1,local-derived,analysis/company-first-principles/data/annual-report-digital-control-cash-quality-bridge-pass-1.csv,15 rows x 9 columns; company; mechanism; money path; current evidence; missing proof; claim status,derived-control,Structured digital-control cash-quality bridge table; not primary evidence or full cash-conversion proof.
annual-report-home-depot-built-environment-extraction-pass-1,"The Home Depot, Inc.",HD,FY2025/Q3 2025/Q4 2025/Q1 2026,derived annual-report Home Depot built-environment extraction artifact,CFEI-241;ARHDBE-001;ARHDBE-012,1,local-derived,analysis/company-first-principles/annual-report-home-depot-built-environment-extraction-pass-1.md,Home Depot built-environment extraction; sales; comps; net earnings; adjusted EPS; adjusted operating margin; adjusted ROIC; GMS contribution; SRS branches; delivery assets; cross-sell run rate,derived-control,"Derived extraction from local Home Depot analysis, packet, profile, and source ledger; not proof of healthy housing demand, acquisition return, or complete repair/remodel cash quality."
annual-report-home-depot-built-environment-extraction-data-pass-1,"The Home Depot, Inc.",HD,FY2025/Q3 2025/Q4 2025/Q1 2026,derived annual-report Home Depot built-environment extraction table artifact,CFEI-241;ARHDBE-001;ARHDBE-012,1,local-derived,analysis/company-first-principles/data/annual-report-home-depot-built-environment-extraction-pass-1.csv,12 rows x 11 columns; field; value; source anchor; proof; boundary; claim status,derived-control,Structured Home Depot built-environment extraction table; not primary evidence or final cash-quality proof.
annual-report-core-main-built-environment-extraction-pass-1,"Core & Main, Inc.",CNM,FY2025/Q3 2025/Q4 2025/Q1 2026,derived annual-report Core & Main built-environment extraction artifact,CFEI-242;ARCNMBE-001;ARCNMBE-012,1,local-derived,analysis/company-first-principles/annual-report-core-main-built-environment-extraction-pass-1.md,Core & Main built-environment extraction; waterworks; wastewater; storm drainage; fire protection; smart utility; net sales; gross margin; adjusted EBITDA; operating cash flow; market size; national scale; guidance,derived-control,"Derived extraction from local Core & Main analysis, packet, profile, and source ledger; not proof of municipal receipts, funded project conversion, acquisition return, or full working-capital cash quality."
annual-report-core-main-built-environment-extraction-data-pass-1,"Core & Main, Inc.",CNM,FY2025/Q3 2025/Q4 2025/Q1 2026,derived annual-report Core & Main built-environment extraction table artifact,CFEI-242;ARCNMBE-001;ARCNMBE-012,1,local-derived,analysis/company-first-principles/data/annual-report-core-main-built-environment-extraction-pass-1.csv,12 rows x 11 columns; field; value; source anchor; proof; boundary; claim status,derived-control,Structured Core & Main built-environment extraction table; not primary evidence or final cash-quality proof.
annual-report-builders-firstsource-built-environment-extraction-pass-1,"Builders FirstSource, Inc.",BLDR,FY2025/Q4 2025/Q1 2026/Q2 2026,derived annual-report Builders FirstSource built-environment extraction artifact,CFEI-243;ARBLDRBE-001;ARBLDRBE-012,1,local-derived,analysis/company-first-principles/annual-report-builders-firstsource-built-environment-extraction-pass-1.md,Builders FirstSource built-environment extraction; locations; states; net sales; adjusted EBITDA; adjusted EBITDA margin; gross margin; sales decline; value-added products; prefabrication; digital workflow; commodity deflation,derived-control,"Derived extraction from local Builders FirstSource analysis, packet, profile, and source ledger; not proof of housing recovery, customer payment quality, inventory cash conversion, or through-cycle return."
annual-report-builders-firstsource-built-environment-extraction-data-pass-1,"Builders FirstSource, Inc.",BLDR,FY2025/Q4 2025/Q1 2026/Q2 2026,derived annual-report Builders FirstSource built-environment extraction table artifact,CFEI-243;ARBLDRBE-001;ARBLDRBE-012,1,local-derived,analysis/company-first-principles/data/annual-report-builders-firstsource-built-environment-extraction-pass-1.csv,12 rows x 11 columns; field; value; source anchor; proof; boundary; claim status,derived-control,Structured Builders FirstSource built-environment extraction table; not primary evidence or final cash-quality proof.
annual-report-lowes-built-environment-extraction-pass-1,"Lowe's Companies, Inc.",LOW,FY2025/Q3 2025/Q4 2025/Q1 2026,derived annual-report Lowe's built-environment extraction artifact,CFEI-244;ARLOWBE-001;ARLOWBE-012,1,local-derived,analysis/company-first-principles/annual-report-lowes-built-environment-extraction-pass-1.md,Lowe's built-environment extraction; net sales; comparable sales; net earnings; EPS; Pro; online; home services; loyalty; stores; branches; distribution centers; FBM; ADG,derived-control,"Derived extraction from local Lowe's analysis, packet, profile, and source ledger; not proof of housing health, Pro-channel profitability, home-services margin, acquisition return, or project cash collection."
annual-report-lowes-built-environment-extraction-data-pass-1,"Lowe's Companies, Inc.",LOW,FY2025/Q3 2025/Q4 2025/Q1 2026,derived annual-report Lowe's built-environment extraction table artifact,CFEI-244;ARLOWBE-001;ARLOWBE-012,1,local-derived,analysis/company-first-principles/data/annual-report-lowes-built-environment-extraction-pass-1.csv,12 rows x 11 columns; field; value; source anchor; proof; boundary; claim status,derived-control,Structured Lowe's built-environment extraction table; not primary evidence or final cash-quality proof.
annual-report-sherwin-williams-built-environment-extraction-pass-1,The Sherwin-Williams Company,SHW,FY2025/Q4 2025/Q1 2026/Q2 2026,derived annual-report Sherwin-Williams built-environment extraction artifact,CFEI-245;ARSHWBE-001;ARSHWBE-012,1,local-derived,analysis/company-first-principles/annual-report-sherwin-williams-built-environment-extraction-pass-1.md,Sherwin-Williams built-environment extraction; net sales; gross profit; gross margin; EPS; Paint Stores sales; store count; operating cash; same-store sales; EBITDA; pro segments; Protective & Marine; commercial; residential repaint; pricing action,derived-control,"Derived extraction from local Sherwin-Williams analysis, packet, profile, and source ledger; not proof of housing recovery, price-volume quality, branch-level profitability, or contractor cash collection."
annual-report-sherwin-williams-built-environment-extraction-data-pass-1,The Sherwin-Williams Company,SHW,FY2025/Q4 2025/Q1 2026/Q2 2026,derived annual-report Sherwin-Williams built-environment extraction table artifact,CFEI-245;ARSHWBE-001;ARSHWBE-012,1,local-derived,analysis/company-first-principles/data/annual-report-sherwin-williams-built-environment-extraction-pass-1.csv,12 rows x 11 columns; field; value; source anchor; proof; boundary; claim status,derived-control,Structured Sherwin-Williams built-environment extraction table; not primary evidence or final cash-quality proof.
annual-report-built-environment-cash-quality-bridge-pass-1,Built-environment upkeep packet,Multiple,FY2025/Q3 2025/Q4 2025/Q1 2026/Q2 2026,derived annual-report built-environment cash-quality bridge artifact,CFEI-246;ARBEQB-001;ARBEQB-015,1,local-derived,analysis/company-first-principles/annual-report-built-environment-cash-quality-bridge-pass-1.md,Built-environment cash-quality bridge; company money paths; current evidence; missing cash proof; ticket; transaction; Pro mix; online margin; service margin; receivables; inventory; municipal funding; branch economics; value-added margin; price-volume; raw materials; free cash flow,derived-control,"Derived bridge across Home Depot, Lowe's, Core & Main, Builders FirstSource, and Sherwin-Williams; not primary evidence or full cash-conversion proof."
annual-report-built-environment-cash-quality-bridge-data-pass-1,Built-environment upkeep packet,Multiple,FY2025/Q3 2025/Q4 2025/Q1 2026/Q2 2026,derived annual-report built-environment cash-quality bridge table artifact,CFEI-246;ARBEQB-001;ARBEQB-015,1,local-derived,analysis/company-first-principles/data/annual-report-built-environment-cash-quality-bridge-pass-1.csv,15 rows x 9 columns; company; mechanism; money path; current evidence; missing proof; claim status,derived-control,Structured built-environment cash-quality bridge table; not primary evidence or full cash-conversion proof.
annual-report-jpmorgan-ordinary-finance-extraction-pass-1,JPMorgan Chase & Co.,JPM,FY2025/Q4 2025/Q1 2026/Q2 2026,derived annual-report JPMorgan ordinary-finance extraction artifact,CFEI-247;ARJPMOF-001;ARJPMOF-012,1,local-derived,analysis/company-first-principles/annual-report-jpmorgan-ordinary-finance-extraction-pass-1.md,JPMorgan ordinary-finance extraction; revenue; net income; assets; deposits; ROTCE; dividend; markets; payments; consumer condition; capital; risk framing,derived-control,"Derived extraction from local JPMorgan packet, profile, and source ledger; not proof of borrower health, deposit stickiness, credit-loss quality, or recurring market revenue."
annual-report-jpmorgan-ordinary-finance-extraction-data-pass-1,JPMorgan Chase & Co.,JPM,FY2025/Q4 2025/Q1 2026/Q2 2026,derived annual-report JPMorgan ordinary-finance extraction table artifact,CFEI-247;ARJPMOF-001;ARJPMOF-012,1,local-derived,analysis/company-first-principles/data/annual-report-jpmorgan-ordinary-finance-extraction-pass-1.csv,12 rows x 11 columns; field; value; source anchor; proof; boundary; claim status,derived-control,Structured JPMorgan ordinary-finance extraction table; not primary schedule extraction or final cash-quality proof.
annual-report-amex-ordinary-finance-extraction-pass-1,American Express Company,AXP,FY2025/Q4 2025/Q1 2026/Q2 2026,derived annual-report American Express ordinary-finance extraction artifact,CFEI-248;ARAXPOF-001;ARAXPOF-012,1,local-derived,analysis/company-first-principles/annual-report-amex-ordinary-finance-extraction-pass-1.md,American Express ordinary-finance extraction; revenue; net income; EPS; billed business; card spending; card fees; new cards; fee-paying mix; younger cohorts; guidance; credit tone; CET1; membership model; closed-loop data,derived-control,"Derived extraction from local American Express packet, profile, and source ledger; not proof of repayment quality, merchant economics, rewards durability, or through-cycle consumer health."
annual-report-amex-ordinary-finance-extraction-data-pass-1,American Express Company,AXP,FY2025/Q4 2025/Q1 2026/Q2 2026,derived annual-report American Express ordinary-finance extraction table artifact,CFEI-248;ARAXPOF-001;ARAXPOF-012,1,local-derived,analysis/company-first-principles/data/annual-report-amex-ordinary-finance-extraction-pass-1.csv,12 rows x 11 columns; field; value; source anchor; proof; boundary; claim status,derived-control,Structured American Express ordinary-finance extraction table; not primary schedule extraction or final cash-quality proof.
annual-report-capital-one-ordinary-finance-extraction-pass-1,Capital One Financial Corporation,COF,FY2025/Q1 2026/Q2 2026,derived annual-report Capital One ordinary-finance extraction artifact,CFEI-249;ARCOFOF-001;ARCOFOF-012,1,official Capital One investor relations source routes,analysis/company-first-principles/annual-report-capital-one-ordinary-finance-extraction-pass-1.md,Capital One ordinary-finance extraction; annual report route; net income; EPS; revenue; pre-provision earnings; provision; charge-offs; reserve build; NIM; CET1; loans; card loans; auto loans; deposits; deposit rate; Discover integration; payment-network framing,derived-control,"Derived source-route extraction from official Capital One investor pages; not proof of consumer health, repayment quality, reserve adequacy, deposit durability, or acquisition return."
annual-report-capital-one-ordinary-finance-extraction-data-pass-1,Capital One Financial Corporation,COF,FY2025/Q1 2026/Q2 2026,derived annual-report Capital One ordinary-finance extraction table artifact,CFEI-249;ARCOFOF-001;ARCOFOF-012,1,local-derived,analysis/company-first-principles/data/annual-report-capital-one-ordinary-finance-extraction-pass-1.csv,12 rows x 11 columns; field; value; source anchor; proof; boundary; claim status,derived-control,Structured Capital One ordinary-finance extraction table; not primary schedule extraction or final cash-quality proof.
annual-report-what-else-theme-map-pass-1,Annual report research system,Multiple,current synthesis,derived annual-report what-else theme map artifact,CFEI-250;ARWET-001;ARWET-015,1,local-derived,analysis/company-first-principles/annual-report-what-else-theme-map-pass-1.md,15-theme map; core bottlenecks; plain questions; money paths; example companies; evidence strength; subthemes; proof gaps; safe use,derived-control,Consolidated broad annual-report theme map; not primary evidence or named-cash proof.
annual-report-what-else-theme-map-data-pass-1,Annual report research system,Multiple,current synthesis,derived annual-report what-else theme map table artifact,CFEI-250;ARWET-001;ARWET-015,1,local-derived,analysis/company-first-principles/data/annual-report-what-else-theme-map-pass-1.csv,15 rows x 10 columns; theme id; bottleneck; plain question; money path; examples; evidence strength; subthemes; proof gap; safe use,derived-control,Structured companion table for the what-else theme map; not primary evidence.
annual-report-big-findings-takeaways-pass-1,Annual report research system,Multiple,current synthesis,derived annual-report big findings artifact,CFEI-251;ARBF-001;ARBF-012,1,local-derived,analysis/company-first-principles/annual-report-big-findings-takeaways-pass-1.md,12 big findings; plain-English takeaways; money paths; company examples; proof boundaries,derived-control,Reader-facing synthesis from existing annual-report theme work; not primary evidence or named-cash proof.
annual-report-big-findings-takeaways-data-pass-1,Annual report research system,Multiple,current synthesis,derived annual-report big findings table artifact,CFEI-251;ARBF-001;ARBF-012,1,local-derived,analysis/company-first-principles/data/annual-report-big-findings-takeaways-pass-1.csv,12 rows x 6 columns; finding; plain meaning; money path; example companies; proof boundary,derived-control,Structured companion table for reader-facing big findings; not primary evidence.
annual-report-linked-reading-hub-pass-1,Annual report research system,Multiple,current synthesis,derived annual-report linked reading hub artifact,CFEI-252;ARLRH-001;ARLRH-033,1,local-derived,analysis/company-first-principles/annual-report-linked-reading-hub-pass-1.md,linked table of contents; final front door; big findings; what-else map; prior HTML crosswalk; HTML integration workbench; first fifteen HTML-expanded theme pages; 15 themes; polished chapters; company packets; proof lanes; final atlas completion,derived-control,"Navigation layer linking existing annual-report artifacts, including prior HTML trend site, first fifteen HTML-expanded theme pages, and final atlas completion; not primary evidence or named-cash proof."
annual-report-linked-reading-hub-data-pass-1,Annual report research system,Multiple,current synthesis,derived annual-report linked reading hub table artifact,CFEI-252;ARLRH-001;ARLRH-033,1,local-derived,analysis/company-first-principles/data/annual-report-linked-reading-hub-pass-1.csv,33 rows x 7 columns; section; title; link; reason; artifact type; status; final atlas completion,derived-control,"Structured navigation table for linked reading hub, including prior HTML trend crosswalk, HTML integration workbench, first fifteen expanded theme pages, and final atlas completion; not primary evidence."
annual-report-html-trend-crosswalk-pass-1,Annual report research system,Multiple,current synthesis,derived annual-report HTML trend crosswalk artifact,CFEI-253;ARHTMLX-001;ARHTMLX-020,1,local-derived,analysis/company-first-principles/annual-report-html-trend-crosswalk-pass-1.md,20 old HTML trends; 15 new framework themes; 684 static HTML pages; money movement question; safe use; next integration step,derived-control,Connects prior static HTML annual-report trend work to the newer markdown theme and proof framework; not primary evidence.
annual-report-html-trend-crosswalk-data-pass-1,Annual report research system,Multiple,current synthesis,derived annual-report HTML trend crosswalk table artifact,CFEI-253;ARHTMLX-001;ARHTMLX-020,1,local-derived,analysis/company-first-principles/data/annual-report-html-trend-crosswalk-pass-1.csv,20 rows x 12 columns; old HTML trend; old file; subpage count; primary theme; secondary themes; money movement; safe use,derived-control,Structured table supporting the HTML trend crosswalk page; not primary evidence.
annual-report-html-integration-workbench-pass-1,Annual report research system,Multiple,current synthesis,derived annual-report HTML integration workbench artifact,CFEI-254;ARHTIW-001;ARHTIW-012,1,local-derived,analysis/company-first-principles/annual-report-html-integration-workbench-pass-1.md,12 target themes; old HTML dynamics; first-principles article point; company examples; proof fields; money movement; safe claim,derived-control,Turns prior HTML crosswalk into an execution queue for deeper annual-report theme writing and extraction; not primary evidence.
annual-report-html-integration-workbench-data-pass-1,Annual report research system,Multiple,current synthesis,derived annual-report HTML integration workbench table artifact,CFEI-254;ARHTIW-001;ARHTIW-012,1,local-derived,analysis/company-first-principles/data/annual-report-html-integration-workbench-pass-1.csv,12 rows x 12 columns; target theme; current readiness; old HTML dynamics; company examples; proof fields; safe claim; overclaim boundary,derived-control,Structured workbench table for old HTML-to-new-theme integration; not primary evidence.
annual-report-theme-services-cultural-consumption-html-expanded-pass-1,Annual report research system,Multiple,current synthesis,derived annual-report services/cultural consumption expanded theme artifact,CFEI-255;ARSVCHEX-001;ARSVCHEX-014,1,local-derived,analysis/company-first-principles/annual-report-theme-services-cultural-consumption-html-expanded-pass-1.md,14 sections; 5 old HTML dynamics; services money path; habit loop; presence scarcity; ritual spending; membership gate; proof ladder,derived-control,Expanded theme page using prior HTML dynamics and current theme framework; not primary evidence.
annual-report-theme-services-cultural-consumption-html-expanded-data-pass-1,Annual report research system,Multiple,current synthesis,derived annual-report services/cultural consumption expanded theme table artifact,CFEI-255;ARSVCHEX-001;ARSVCHEX-014,1,local-derived,analysis/company-first-principles/data/annual-report-theme-services-cultural-consumption-html-expanded-pass-1.csv,14 rows x 8 columns; section; old HTML inputs; first-principles point; money path; company examples; proof needed,derived-control,Structured table for expanded services/cultural consumption theme page; not primary evidence.
annual-report-theme-consumer-goods-household-identity-html-expanded-pass-1,Annual report research system,Multiple,current synthesis,derived annual-report consumer goods/household identity expanded theme artifact,CFEI-256;ARCGHEX-001;ARCGHEX-015,1,local-derived,analysis/company-first-principles/annual-report-theme-consumer-goods-household-identity-html-expanded-pass-1.md,15 sections; 5 old HTML dynamics; household identity; ritual purchases; pet dependent care; affordability sorting; trust shortcuts; proof ladder,derived-control,Expanded theme page using prior HTML dynamics and current theme framework; not primary evidence.
annual-report-theme-consumer-goods-household-identity-html-expanded-data-pass-1,Annual report research system,Multiple,current synthesis,derived annual-report consumer goods/household identity expanded theme table artifact,CFEI-256;ARCGHEX-001;ARCGHEX-015,1,local-derived,analysis/company-first-principles/data/annual-report-theme-consumer-goods-household-identity-html-expanded-pass-1.csv,15 rows x 8 columns; section; old HTML inputs; first-principles point; money path; company examples; proof needed,derived-control,Structured table for expanded consumer goods/household identity theme page; not primary evidence.
annual-report-theme-broad-technology-html-expanded-pass-1,Annual report research system,Multiple,current synthesis,derived annual-report broad technology expanded theme artifact,CFEI-257;ARBTECHX-001;ARBTECHX-015,1,local-derived,analysis/company-first-principles/annual-report-theme-broad-technology-html-expanded-pass-1.md,15 sections; 3 old HTML dynamics; AI infrastructure; AI workflow authority; trust layer; compute economics; proof ladder,derived-control,Expanded theme page using prior HTML dynamics and current theme framework; not primary evidence.
annual-report-theme-broad-technology-html-expanded-data-pass-1,Annual report research system,Multiple,current synthesis,derived annual-report broad technology expanded theme table artifact,CFEI-257;ARBTECHX-001;ARBTECHX-015,1,local-derived,analysis/company-first-principles/data/annual-report-theme-broad-technology-html-expanded-pass-1.csv,15 rows x 8 columns; section; old HTML inputs; first-principles point; money path; company examples; proof needed,derived-control,Structured table for expanded broad technology theme page; not primary evidence.
annual-report-theme-real-estate-html-expanded-pass-1,Annual report research system,Multiple,current synthesis,derived annual-report real estate expanded theme artifact,CFEI-258;ARREX-001;ARREX-015,1,local-derived,analysis/company-first-principles/annual-report-theme-real-estate-html-expanded-pass-1.md,15 sections; 5 old HTML dynamics; scarce place; presence capacity; grid/power locations; healthcare demographics; private capital; lease/debt proof ladder,derived-control,Expanded theme page using prior HTML dynamics and current theme framework; not primary evidence.
annual-report-theme-real-estate-html-expanded-data-pass-1,Annual report research system,Multiple,current synthesis,derived annual-report real estate expanded theme table artifact,CFEI-258;ARREX-001;ARREX-015,1,local-derived,analysis/company-first-principles/data/annual-report-theme-real-estate-html-expanded-pass-1.csv,15 rows x 8 columns; section; old HTML inputs; first-principles point; money path; company examples; proof needed,derived-control,Structured table for expanded real estate theme page; not primary evidence.
annual-report-theme-healthcare-tools-html-expanded-pass-1,Annual report research system,Multiple,current synthesis,derived annual-report healthcare tools expanded theme artifact,CFEI-259;ARHCTEX-001;ARHCTEX-015,1,local-derived,analysis/company-first-principles/annual-report-theme-healthcare-tools-html-expanded-pass-1.md,15 sections; 3 old HTML dynamics; screening redesign; diagnostics; devices; hospital capacity; drug distribution; working capital; proof ladder,derived-control,Expanded theme page using prior HTML dynamics and current theme framework; not primary evidence.
annual-report-theme-healthcare-tools-html-expanded-data-pass-1,Annual report research system,Multiple,current synthesis,derived annual-report healthcare tools expanded theme table artifact,CFEI-259;ARHCTEX-001;ARHCTEX-015,1,local-derived,analysis/company-first-principles/data/annual-report-theme-healthcare-tools-html-expanded-pass-1.csv,15 rows x 8 columns; section; old HTML inputs; first-principles point; money path; company examples; proof needed,derived-control,Structured table for expanded healthcare tools theme page; not primary evidence.
annual-report-theme-industrial-uptime-html-expanded-pass-1,Annual report research system,Multiple,current synthesis,derived annual-report industrial uptime expanded theme artifact,CFEI-260;ARINDX-001;ARINDX-016,1,local-derived,analysis/company-first-principles/annual-report-theme-industrial-uptime-html-expanded-pass-1.md,16 sections; 4 old HTML dynamics; downtime cost; availability; rental fleet; MRO; labor constraint; vertical integration; commodity whiplash; working capital; proof ladder,derived-control,Expanded theme page using prior HTML dynamics and current theme framework; not primary evidence.
annual-report-theme-industrial-uptime-html-expanded-data-pass-1,Annual report research system,Multiple,current synthesis,derived annual-report industrial uptime expanded theme table artifact,CFEI-260;ARINDX-001;ARINDX-016,1,local-derived,analysis/company-first-principles/data/annual-report-theme-industrial-uptime-html-expanded-pass-1.csv,16 rows x 8 columns; section; old HTML inputs; first-principles point; money path; company examples; proof needed,derived-control,Structured table for expanded industrial uptime theme page; not primary evidence.
annual-report-theme-basic-materials-html-expanded-pass-1,Annual report research system,Multiple,current synthesis,derived annual-report basic materials expanded theme artifact,CFEI-261;ARBMEX-001;ARBMEX-016,1,local-derived,analysis/company-first-principles/annual-report-theme-basic-materials-html-expanded-pass-1.md,16 sections; 3 old HTML dynamics; materials denominator; commodity whiplash; cost curves; local reserves; processing capacity; contract pass-through; AI infrastructure materials; proof ladder,derived-control,Expanded theme page using prior HTML dynamics and current theme framework; not primary evidence.
annual-report-theme-basic-materials-html-expanded-data-pass-1,Annual report research system,Multiple,current synthesis,derived annual-report basic materials expanded theme table artifact,CFEI-261;ARBMEX-001;ARBMEX-016,1,local-derived,analysis/company-first-principles/data/annual-report-theme-basic-materials-html-expanded-pass-1.csv,16 rows x 8 columns; section; old HTML inputs; first-principles point; money path; company examples; proof needed,derived-control,Structured table for expanded basic materials theme page; not primary evidence.
annual-report-theme-ordinary-finance-html-expanded-pass-1,Annual report research system,Multiple,current synthesis,derived annual-report ordinary finance expanded theme artifact,CFEI-262;AROFEX-001;AROFEX-016,1,local-derived,analysis/company-first-principles/annual-report-theme-ordinary-finance-html-expanded-pass-1.md,16 sections; 5 old HTML dynamics; finance as promise system; credit time bridge; deposits; insurance; payments; spreads; membership finance; affordability pressure; private capital; proof ladder,derived-control,Expanded theme page using prior HTML dynamics and current theme framework; not primary evidence.
annual-report-theme-ordinary-finance-html-expanded-data-pass-1,Annual report research system,Multiple,current synthesis,derived annual-report ordinary finance expanded theme table artifact,CFEI-262;AROFEX-001;AROFEX-016,1,local-derived,analysis/company-first-principles/data/annual-report-theme-ordinary-finance-html-expanded-pass-1.csv,16 rows x 8 columns; section; old HTML inputs; first-principles point; money path; company examples; proof needed,derived-control,Structured table for expanded ordinary finance theme page; not primary evidence.
annual-report-theme-capital-platforms-html-expanded-pass-1,Annual report research system,Multiple,current synthesis,derived annual-report capital platforms expanded theme artifact,CFEI-263;ARCAPEX-001;ARCAPEX-016,1,local-derived,analysis/company-first-principles/annual-report-theme-capital-platforms-html-expanded-pass-1.md,16 sections; 3 old HTML dynamics; source capital; legal wrappers; insurance float; private credit; origination; platform fees; legal entities; liquidity; named-cash proof ladder,derived-control,Expanded theme page using prior HTML dynamics and current capital-platform framework; not primary evidence.
annual-report-theme-capital-platforms-html-expanded-data-pass-1,Annual report research system,Multiple,current synthesis,derived annual-report capital platforms expanded theme table artifact,CFEI-263;ARCAPEX-001;ARCAPEX-016,1,local-derived,analysis/company-first-principles/data/annual-report-theme-capital-platforms-html-expanded-pass-1.csv,16 rows x 8 columns; section; old HTML inputs; first-principles point; money path; company examples; proof needed,derived-control,Structured table for expanded capital platforms theme page; not primary evidence.
annual-report-theme-power-scarcity-html-expanded-pass-1,Annual report research system,Multiple,current synthesis,derived annual-report power scarcity expanded theme artifact,CFEI-264;ARPOWEX-001;ARPOWEX-016,1,local-derived,analysis/company-first-principles/annual-report-theme-power-scarcity-html-expanded-pass-1.md,16 sections; 3 old HTML dynamics; deliverable power; data-center load; outage anxiety; grid landlords; regulated recovery; interconnection; contractors; equipment bottlenecks; ratepayer receipts; working capital; proof ladder,derived-control,Expanded theme page using prior HTML dynamics and current power-scarcity framework; not primary evidence.
annual-report-theme-power-scarcity-html-expanded-data-pass-1,Annual report research system,Multiple,current synthesis,derived annual-report power scarcity expanded theme table artifact,CFEI-264;ARPOWEX-001;ARPOWEX-016,1,local-derived,analysis/company-first-principles/data/annual-report-theme-power-scarcity-html-expanded-pass-1.csv,16 rows x 8 columns; section; old HTML inputs; first-principles point; money path; company examples; proof needed,derived-control,Structured table for expanded power scarcity theme page; not primary evidence.
annual-report-theme-healthcare-access-html-expanded-pass-1,Annual report research system,Multiple,current synthesis,derived annual-report healthcare access expanded theme artifact,CFEI-265;ARHCAX-001;ARHCAX-016,1,local-derived,analysis/company-first-principles/annual-report-theme-healthcare-access-html-expanded-pass-1.md,16 sections; 3 old HTML dynamics; payer routing; pharmacy routing; aging-in-home care; labor capacity; recurring care; diagnostics; trust; reimbursement; working capital; family burden; proof ladder,derived-control,Expanded theme page using prior HTML dynamics and current healthcare-access framework; not primary evidence.
annual-report-theme-healthcare-access-html-expanded-data-pass-1,Annual report research system,Multiple,current synthesis,derived annual-report healthcare access expanded theme table artifact,CFEI-265;ARHCAX-001;ARHCAX-016,1,local-derived,analysis/company-first-principles/data/annual-report-theme-healthcare-access-html-expanded-pass-1.csv,16 rows x 8 columns; section; old HTML inputs; first-principles point; money path; company examples; proof needed,derived-control,Structured table for expanded healthcare access theme page; not primary evidence.
annual-report-theme-value-retail-html-expanded-pass-1,Annual report research system,Multiple,current synthesis,derived annual-report value retail expanded theme artifact,CFEI-266;ARVREX-001;ARVREX-016,1,local-derived,analysis/company-first-principles/annual-report-theme-value-retail-html-expanded-pass-1.md,16 sections; 3 old HTML dynamics; affordability ceiling; lower-regret shopping; price regret; trip regret; access regret; status regret; membership gates; routine spending; private label; inventory; shrink; retail media; proof ladder,derived-control,Expanded theme page using prior HTML dynamics and current value-retail framework; not primary evidence.
annual-report-theme-value-retail-html-expanded-data-pass-1,Annual report research system,Multiple,current synthesis,derived annual-report value retail expanded theme table artifact,CFEI-266;ARVREX-001;ARVREX-016,1,local-derived,analysis/company-first-principles/data/annual-report-theme-value-retail-html-expanded-pass-1.csv,16 rows x 8 columns; section; old HTML inputs; first-principles point; money path; company examples; proof needed,derived-control,Structured table for expanded value retail theme page; not primary evidence.
annual-report-theme-energy-affordability-route-html-expanded-pass-1,Annual report research system,Multiple,current synthesis,derived annual-report energy affordability route expanded theme artifact,CFEI-267;ARENRX-001;ARENRX-016,1,local-derived,analysis/company-first-principles/annual-report-theme-energy-affordability-route-html-expanded-pass-1.md,16 sections; 4 old HTML dynamics; energy route; upstream depletion; service capacity; midstream route control; refining; LNG/NGL exports; commodity whiplash; power overlap; customer affordability; cycle risk; debt; maintenance; proof ladder,derived-control,Expanded theme page using prior HTML dynamics and current energy-route framework; not primary evidence.
annual-report-theme-energy-affordability-route-html-expanded-data-pass-1,Annual report research system,Multiple,current synthesis,derived annual-report energy affordability route expanded theme table artifact,CFEI-267;ARENRX-001;ARENRX-016,1,local-derived,analysis/company-first-principles/data/annual-report-theme-energy-affordability-route-html-expanded-pass-1.csv,16 rows x 8 columns; section; old HTML inputs; first-principles point; money path; company examples; proof needed,derived-control,Structured table for expanded energy affordability route theme page; not primary evidence.
annual-report-theme-built-environment-upkeep-html-expanded-pass-1,Annual report research system,Multiple,current synthesis,derived annual-report built-environment upkeep expanded theme artifact,CFEI-268;ARBUX-001;ARBUX-016,1,local-derived,analysis/company-first-principles/annual-report-theme-built-environment-upkeep-html-expanded-pass-1.md,16 sections; 4 old HTML dynamics; physical upkeep; affordability pressure; Pro channel; civic waterworks; embedded materials; labor capacity; distribution control; local execution; cash-conversion proof ladder,derived-control,Expanded theme page using prior HTML dynamics and current built-environment framework; not primary evidence.
annual-report-theme-built-environment-upkeep-html-expanded-data-pass-1,Annual report research system,Multiple,current synthesis,derived annual-report built-environment upkeep expanded theme table artifact,CFEI-268;ARBUX-001;ARBUX-016,1,local-derived,analysis/company-first-principles/data/annual-report-theme-built-environment-upkeep-html-expanded-pass-1.csv,16 rows x 8 columns; section; old HTML inputs; first-principles point; money path; company examples; proof needed,derived-control,Structured table for expanded built-environment upkeep theme page; not primary evidence.
annual-report-theme-digital-control-html-expanded-pass-1,Annual report research system,Multiple,current synthesis,derived annual-report digital control expanded theme artifact,CFEI-269;ARDIGX-001;ARDIGX-016,1,local-derived,analysis/company-first-principles/annual-report-theme-digital-control-html-expanded-pass-1.md,16 sections; 4 old HTML dynamics; identity; permission; cybersecurity; edge routing; AI-agent governance; infrastructure cost; trust market; platform gates; workflow control; virtual economies; proof ladder,derived-control,Expanded theme page using prior HTML dynamics and current digital-control framework; not primary evidence.
annual-report-theme-digital-control-html-expanded-data-pass-1,Annual report research system,Multiple,current synthesis,derived annual-report digital control expanded theme table artifact,CFEI-269;ARDIGX-001;ARDIGX-016,1,local-derived,analysis/company-first-principles/data/annual-report-theme-digital-control-html-expanded-pass-1.csv,16 rows x 8 columns; section; old HTML inputs; first-principles point; money path; company examples; proof needed,derived-control,Structured table for expanded digital-control theme page; not primary evidence.
annual-report-15-theme-expanded-atlas-completion-pass-1,Annual report research system,Multiple,current synthesis,derived annual-report 15-theme expanded atlas completion artifact,CFEI-270;ARATLAS-001;ARATLAS-015,1,local-derived,analysis/company-first-principles/annual-report-15-theme-expanded-atlas-completion-pass-1.md,15 expanded themes; 3 theme groups; physical capacity; human access and daily life; control capital and rule systems; money paths; proof boundaries; next proof jobs,derived-control,Final wrap page for completed expanded annual-report theme atlas; not primary evidence or named-cash proof.
annual-report-15-theme-expanded-atlas-completion-data-pass-1,Annual report research system,Multiple,current synthesis,derived annual-report 15-theme expanded atlas completion table artifact,CFEI-270;ARATLAS-001;ARATLAS-015,1,local-derived,analysis/company-first-principles/data/annual-report-15-theme-expanded-atlas-completion-pass-1.csv,15 rows x 8 columns; theme; expanded page; core sentence; money path; group; proof boundary; next proof job,derived-control,Structured table for final expanded annual-report theme atlas completion page; not primary evidence.
