crosswalk_id,part_c_ledger_id,part_c_source_page,derivative_identifier,derivative_instrument_type,cash_instrument_cusip,cash_instrument_description,schedule_d_match_count,schedule_d_row_id,schedule_d_source_page,schedule_d_issuer_or_description,schedule_d_naic_designation,schedule_d_actual_cost,schedule_d_par_value,schedule_d_fair_value,schedule_d_book_adjusted_carrying_value,schedule_d_interest_income,schedule_d_interest_received_during_year,match_status,what_is_proven,boundary,next_proof
CFAASDBCSD-0001,CFAASDBPC-0001,465,07387UA@0,Credit Default Swap,912810-TC-2,US TREASURY N/B,1,CFAASDFR-0034,5836,United States Treasury Note/Bo US TREASURY N/B,1.A,"935,611,719","974,000,000","681,024,209","941,996,582","2,448,603","19,480,000",exact-cusip-schedule-d-crosswalk,"A Schedule DB Part C cash-instrument CUSIP has an exact identifier match in Athene Schedule D, joining the named replication component to a statutory holding row.","CUSIP identity and Schedule D fields are not proof of Schedule DB settlement, counterparty remittance, liability/product hedge allocation, borrower cash, or Apollo owner cash.","Reconcile the matched Schedule D lot to Schedule DB component values, custody/counterparty, derivative cash settlement, liability hedge purpose, and investment-income receipt."
CFAASDBCSD-0002,CFAASDBPC-0002,465,07387UA*2,Credit Default Swap,912810-TC-2,US TREASURY N/B,1,CFAASDFR-0034,5836,United States Treasury Note/Bo US TREASURY N/B,1.A,"935,611,719","974,000,000","681,024,209","941,996,582","2,448,603","19,480,000",exact-cusip-schedule-d-crosswalk,"A Schedule DB Part C cash-instrument CUSIP has an exact identifier match in Athene Schedule D, joining the named replication component to a statutory holding row.","CUSIP identity and Schedule D fields are not proof of Schedule DB settlement, counterparty remittance, liability/product hedge allocation, borrower cash, or Apollo owner cash.","Reconcile the matched Schedule D lot to Schedule DB component values, custody/counterparty, derivative cash settlement, liability hedge purpose, and investment-income receipt."
CFAASDBCSD-0003,CFAASDBPC-0003,465,07387UA#8,Credit Default Swap,037411-AW-5,Apache Corp Sr. Unsecured,1,CFAASDFR-0394,5845,Apache Corp Senior Unsecured,2.C,"10,598,615","10,250,000","8,891,097","10,503,613","174,250","522,750",exact-cusip-schedule-d-crosswalk,"A Schedule DB Part C cash-instrument CUSIP has an exact identifier match in Athene Schedule D, joining the named replication component to a statutory holding row.","CUSIP identity and Schedule D fields are not proof of Schedule DB settlement, counterparty remittance, liability/product hedge allocation, borrower cash, or Apollo owner cash.","Reconcile the matched Schedule D lot to Schedule DB component values, custody/counterparty, derivative cash settlement, liability hedge purpose, and investment-income receipt."
CFAASDBCSD-0004,CFAASDBPC-0004,465,04687#AA6,Interest Rate Swap,00037Q-AU-3,ABBSL 2021-3A D1R,1,CFAASDFR-6991,5992,AB BSL CLO 3 Ltd ABBSL 2021-3A D1R,2.B,"12,583,932","13,000,000","12,955,813","12,595,813","172,255","459,254",exact-cusip-schedule-d-crosswalk,"A Schedule DB Part C cash-instrument CUSIP has an exact identifier match in Athene Schedule D, joining the named replication component to a statutory holding row.","CUSIP identity and Schedule D fields are not proof of Schedule DB settlement, counterparty remittance, liability/product hedge allocation, borrower cash, or Apollo owner cash.","Reconcile the matched Schedule D lot to Schedule DB component values, custody/counterparty, derivative cash settlement, liability hedge purpose, and investment-income receipt."
CFAASDBCSD-0005,CFAASDBPC-0005,465,04687#AA6,Interest Rate Swap,00111W-AC-9,ABPCI 2024-18A B,1,CFAASDFR-6575,5983,ABPCI Direct Lending Fund CLO ABPCI 2024-18A B,1.C,"19,000,000","19,000,000","18,906,197","19,000,000","192,462","1,663,788",exact-cusip-schedule-d-crosswalk,"A Schedule DB Part C cash-instrument CUSIP has an exact identifier match in Athene Schedule D, joining the named replication component to a statutory holding row.","CUSIP identity and Schedule D fields are not proof of Schedule DB settlement, counterparty remittance, liability/product hedge allocation, borrower cash, or Apollo owner cash.","Reconcile the matched Schedule D lot to Schedule DB component values, custody/counterparty, derivative cash settlement, liability hedge purpose, and investment-income receipt."
CFAASDBCSD-0006,CFAASDBPC-0006,465,04687#AA6,Interest Rate Swap,00118X-AY-2,AGL 2022-22A CR,1,CFAASDFR-7013,5992,AGL CLO 22 Ltd AGL 2022-22A CR,1.E,"986,250","1,000,000","999,966","985,781","11,628","31,079",exact-cusip-schedule-d-crosswalk,"A Schedule DB Part C cash-instrument CUSIP has an exact identifier match in Athene Schedule D, joining the named replication component to a statutory holding row.","CUSIP identity and Schedule D fields are not proof of Schedule DB settlement, counterparty remittance, liability/product hedge allocation, borrower cash, or Apollo owner cash.","Reconcile the matched Schedule D lot to Schedule DB component values, custody/counterparty, derivative cash settlement, liability hedge purpose, and investment-income receipt."
CFAASDBCSD-0007,CFAASDBPC-0007,465,04687#AA6,Interest Rate Swap,00120D-AQ-9,AGL 2022-17A DR,1,CFAASDFR-7027,5992,AGL CLO 17 Ltd AGL 2022-17A DR,2.C,"16,375,000","16,375,000","16,210,071","16,375,000","206,979","785,918",exact-cusip-schedule-d-crosswalk,"A Schedule DB Part C cash-instrument CUSIP has an exact identifier match in Athene Schedule D, joining the named replication component to a statutory holding row.","CUSIP identity and Schedule D fields are not proof of Schedule DB settlement, counterparty remittance, liability/product hedge allocation, borrower cash, or Apollo owner cash.","Reconcile the matched Schedule D lot to Schedule DB component values, custody/counterparty, derivative cash settlement, liability hedge purpose, and investment-income receipt."
CFAASDBCSD-0008,CFAASDBPC-0008,465,04687#AA6,Interest Rate Swap,00121M-AJ-4,AGL 2024-37A D1,1,CFAASDFR-7030,5993,AGL CLO 37 Ltd AGL 2024-37A D1,2.B,"10,003,319","9,900,000","9,886,308","9,980,259","127,056","508,422",exact-cusip-schedule-d-crosswalk,"A Schedule DB Part C cash-instrument CUSIP has an exact identifier match in Athene Schedule D, joining the named replication component to a statutory holding row.","CUSIP identity and Schedule D fields are not proof of Schedule DB settlement, counterparty remittance, liability/product hedge allocation, borrower cash, or Apollo owner cash.","Reconcile the matched Schedule D lot to Schedule DB component values, custody/counterparty, derivative cash settlement, liability hedge purpose, and investment-income receipt."
CFAASDBCSD-0009,CFAASDBPC-0009,465,04687#AA6,Interest Rate Swap,00177L-AN-0,AMMC 2021-24A CR,1,CFAASDFR-7034,5993,AMMC CLO 24 Ltd AMMC 2021-24A CR,1.F,"9,000,000","9,000,000","8,978,211","9,000,000","105,566","511,774",exact-cusip-schedule-d-crosswalk,"A Schedule DB Part C cash-instrument CUSIP has an exact identifier match in Athene Schedule D, joining the named replication component to a statutory holding row.","CUSIP identity and Schedule D fields are not proof of Schedule DB settlement, counterparty remittance, liability/product hedge allocation, borrower cash, or Apollo owner cash.","Reconcile the matched Schedule D lot to Schedule DB component values, custody/counterparty, derivative cash settlement, liability hedge purpose, and investment-income receipt."
CFAASDBCSD-0010,CFAASDBPC-0010,465,04687#AA6,Interest Rate Swap,00177L-AQ-3,AMMC 2021-24A DR,1,CFAASDFR-7035,5993,AMMC CLO 24 Ltd AMMC 2021-24A DR,2.C,"8,800,000","8,800,000","8,786,589","8,800,000","121,957","584,588",exact-cusip-schedule-d-crosswalk,"A Schedule DB Part C cash-instrument CUSIP has an exact identifier match in Athene Schedule D, joining the named replication component to a statutory holding row.","CUSIP identity and Schedule D fields are not proof of Schedule DB settlement, counterparty remittance, liability/product hedge allocation, borrower cash, or Apollo owner cash.","Reconcile the matched Schedule D lot to Schedule DB component values, custody/counterparty, derivative cash settlement, liability hedge purpose, and investment-income receipt."
CFAASDBCSD-0011,CFAASDBPC-0011,465,04687#AA6,Interest Rate Swap,00851W-AQ-2,AGL 2021-14A CR,1,CFAASDFR-7040,5993,AGL CLO 14 Ltd AGL 2021-14A CR,1.F,"15,000,000","15,000,000","14,964,075","15,000,000","174,599","557,397",exact-cusip-schedule-d-crosswalk,"A Schedule DB Part C cash-instrument CUSIP has an exact identifier match in Athene Schedule D, joining the named replication component to a statutory holding row.","CUSIP identity and Schedule D fields are not proof of Schedule DB settlement, counterparty remittance, liability/product hedge allocation, borrower cash, or Apollo owner cash.","Reconcile the matched Schedule D lot to Schedule DB component values, custody/counterparty, derivative cash settlement, liability hedge purpose, and investment-income receipt."
CFAASDBCSD-0012,CFAASDBPC-0012,465,04687#AA6,Interest Rate Swap,00851W-AS-8,AGL 2021-14A DR,1,CFAASDFR-7041,5993,AGL CLO 14 Ltd AGL 2021-14A DR,2.C,"18,875,000","18,875,000","18,734,646","18,875,000","253,678","802,372",exact-cusip-schedule-d-crosswalk,"A Schedule DB Part C cash-instrument CUSIP has an exact identifier match in Athene Schedule D, joining the named replication component to a statutory holding row.","CUSIP identity and Schedule D fields are not proof of Schedule DB settlement, counterparty remittance, liability/product hedge allocation, borrower cash, or Apollo owner cash.","Reconcile the matched Schedule D lot to Schedule DB component values, custody/counterparty, derivative cash settlement, liability hedge purpose, and investment-income receipt."
CFAASDBCSD-0013,CFAASDBPC-0013,465,04687#AA6,Interest Rate Swap,03665J-AU-2,ANTR 2017-1A CRR,1,CFAASDFR-7096,5994,Antares CLO 2017-1 Ltd ANTR 2017-1A CRR,1.F,"102,299,436","102,300,000","101,177,871","102,293,771","1,272,538","4,889,605",exact-cusip-schedule-d-crosswalk,"A Schedule DB Part C cash-instrument CUSIP has an exact identifier match in Athene Schedule D, joining the named replication component to a statutory holding row.","CUSIP identity and Schedule D fields are not proof of Schedule DB settlement, counterparty remittance, liability/product hedge allocation, borrower cash, or Apollo owner cash.","Reconcile the matched Schedule D lot to Schedule DB component values, custody/counterparty, derivative cash settlement, liability hedge purpose, and investment-income receipt."
CFAASDBCSD-0014,CFAASDBPC-0014,465,04687#AA6,Interest Rate Swap,03665J-AW-8,ANTR 2017-1A DRR,1,CFAASDFR-7097,5994,Antares CLO 2017-1 Ltd ANTR 2017-1A DRR,2.C,"75,000,000","75,000,000","74,380,800","75,000,000","1,161,071","4,659,958",exact-cusip-schedule-d-crosswalk,"A Schedule DB Part C cash-instrument CUSIP has an exact identifier match in Athene Schedule D, joining the named replication component to a statutory holding row.","CUSIP identity and Schedule D fields are not proof of Schedule DB settlement, counterparty remittance, liability/product hedge allocation, borrower cash, or Apollo owner cash.","Reconcile the matched Schedule D lot to Schedule DB component values, custody/counterparty, derivative cash settlement, liability hedge purpose, and investment-income receipt."
CFAASDBCSD-0015,CFAASDBPC-0015,465,04687#AA6,Interest Rate Swap,03990H-AE-8,Ares Loan Funding IX - Tranche,1,CFAASDFR-7125,5994,Ares Loan Funding IX Ltd Ares Loan Funding IX - Tranche,1.C,"15,000,000","15,000,000","14,933,610","15,000,000","177,273","446,867",exact-cusip-schedule-d-crosswalk,"A Schedule DB Part C cash-instrument CUSIP has an exact identifier match in Athene Schedule D, joining the named replication component to a statutory holding row.","CUSIP identity and Schedule D fields are not proof of Schedule DB settlement, counterparty remittance, liability/product hedge allocation, borrower cash, or Apollo owner cash.","Reconcile the matched Schedule D lot to Schedule DB component values, custody/counterparty, derivative cash settlement, liability hedge purpose, and investment-income receipt."
CFAASDBCSD-0016,CFAASDBPC-0016,465,04687#AA6,Interest Rate Swap,03990H-AG-3,Ares Loan Funding IX - Tranche,1,CFAASDFR-7126,5995,Ares Loan Funding IX Ltd Ares Loan Funding IX - Tranche,1.F,"28,999,748","29,000,000","28,903,372","28,998,411","358,435","630,699",exact-cusip-schedule-d-crosswalk,"A Schedule DB Part C cash-instrument CUSIP has an exact identifier match in Athene Schedule D, joining the named replication component to a statutory holding row.","CUSIP identity and Schedule D fields are not proof of Schedule DB settlement, counterparty remittance, liability/product hedge allocation, borrower cash, or Apollo owner cash.","Reconcile the matched Schedule D lot to Schedule DB component values, custody/counterparty, derivative cash settlement, liability hedge purpose, and investment-income receipt."
CFAASDBCSD-0017,CFAASDBPC-0017,465,04687#AA6,Interest Rate Swap,03990H-AJ-7,Ares Loan Funding IX - Tranche,1,CFAASDFR-7127,5995,Ares Loan Funding IX Ltd Ares Loan Funding IX - Tranche,2.C,"22,500,000","22,500,000","22,499,258","22,500,000","317,096","791,051",exact-cusip-schedule-d-crosswalk,"A Schedule DB Part C cash-instrument CUSIP has an exact identifier match in Athene Schedule D, joining the named replication component to a statutory holding row.","CUSIP identity and Schedule D fields are not proof of Schedule DB settlement, counterparty remittance, liability/product hedge allocation, borrower cash, or Apollo owner cash.","Reconcile the matched Schedule D lot to Schedule DB component values, custody/counterparty, derivative cash settlement, liability hedge purpose, and investment-income receipt."
CFAASDBCSD-0018,CFAASDBPC-0018,465,04687#AA6,Interest Rate Swap,054978-AS-0,BBAM 2022-1A D1R,1,CFAASDFR-7159,5995,BBAM US CLO I Ltd BBAM 2022-1A D1R,2.C,"2,457,903","2,567,000","2,571,962","2,460,632","38,402","140,384",exact-cusip-schedule-d-crosswalk,"A Schedule DB Part C cash-instrument CUSIP has an exact identifier match in Athene Schedule D, joining the named replication component to a statutory holding row.","CUSIP identity and Schedule D fields are not proof of Schedule DB settlement, counterparty remittance, liability/product hedge allocation, borrower cash, or Apollo owner cash.","Reconcile the matched Schedule D lot to Schedule DB component values, custody/counterparty, derivative cash settlement, liability hedge purpose, and investment-income receipt."
CFAASDBCSD-0019,CFAASDBPC-0019,465,04687#AA6,Interest Rate Swap,05555G-AE-2,BCMM 2024-1A C,1,CFAASDFR-7163,5995,BCC Middle Market CLO 2024-1 L BCMM 2024-1A C,1.F,"12,500,000","12,500,000","12,559,475","12,500,000","175,001","1,196,023",exact-cusip-schedule-d-crosswalk,"A Schedule DB Part C cash-instrument CUSIP has an exact identifier match in Athene Schedule D, joining the named replication component to a statutory holding row.","CUSIP identity and Schedule D fields are not proof of Schedule DB settlement, counterparty remittance, liability/product hedge allocation, borrower cash, or Apollo owner cash.","Reconcile the matched Schedule D lot to Schedule DB component values, custody/counterparty, derivative cash settlement, liability hedge purpose, and investment-income receipt."
CFAASDBCSD-0020,CFAASDBPC-0020,465,04687#AA6,Interest Rate Swap,05766G-AJ-6,BOBA 2021-2A D,1,CFAASDFR-7174,5995,Balboa Bay Loan Funding 2021-2 BOBA 2021-2A D,2.C,"3,309,962","3,300,000","3,277,464","3,306,021","49,492","185,284",exact-cusip-schedule-d-crosswalk,"A Schedule DB Part C cash-instrument CUSIP has an exact identifier match in Athene Schedule D, joining the named replication component to a statutory holding row.","CUSIP identity and Schedule D fields are not proof of Schedule DB settlement, counterparty remittance, liability/product hedge allocation, borrower cash, or Apollo owner cash.","Reconcile the matched Schedule D lot to Schedule DB component values, custody/counterparty, derivative cash settlement, liability hedge purpose, and investment-income receipt."
CFAASDBCSD-0021,CFAASDBPC-0021,465,04687#AA6,Interest Rate Swap,107921-AJ-7,BRDGS 2025-1A D1A,1,CFAASDFR-7189,5996,Bridge Street CLO V Ltd BRDGS 2025-1A D1A,2.C,"2,454,933","2,500,000","2,501,543","2,452,586","34,140","77,630",exact-cusip-schedule-d-crosswalk,"A Schedule DB Part C cash-instrument CUSIP has an exact identifier match in Athene Schedule D, joining the named replication component to a statutory holding row.","CUSIP identity and Schedule D fields are not proof of Schedule DB settlement, counterparty remittance, liability/product hedge allocation, borrower cash, or Apollo owner cash.","Reconcile the matched Schedule D lot to Schedule DB component values, custody/counterparty, derivative cash settlement, liability hedge purpose, and investment-income receipt."
CFAASDBCSD-0022,CFAASDBPC-0022,465,04687#AA6,Interest Rate Swap,13876N-BA-0,CANYC 2020-2A CR2,1,CFAASDFR-7218,5996,Canyon CLO 2020-2 Ltd CANYC 2020-2A CR2,1.F,"13,500,000","13,500,000","13,468,221","13,460,591","168,320","631,380",exact-cusip-schedule-d-crosswalk,"A Schedule DB Part C cash-instrument CUSIP has an exact identifier match in Athene Schedule D, joining the named replication component to a statutory holding row.","CUSIP identity and Schedule D fields are not proof of Schedule DB settlement, counterparty remittance, liability/product hedge allocation, borrower cash, or Apollo owner cash.","Reconcile the matched Schedule D lot to Schedule DB component values, custody/counterparty, derivative cash settlement, liability hedge purpose, and investment-income receipt."
CFAASDBCSD-0023,CFAASDBPC-0023,465,04687#AA6,Interest Rate Swap,13876N-BC-6,CANYC 2020-2A DR2,1,CFAASDFR-7219,5996,Canyon CLO 2020-2 Ltd CANYC 2020-2A DR2,2.C,"14,400,000","14,400,000","14,274,490","14,400,000","213,862","793,593",exact-cusip-schedule-d-crosswalk,"A Schedule DB Part C cash-instrument CUSIP has an exact identifier match in Athene Schedule D, joining the named replication component to a statutory holding row.","CUSIP identity and Schedule D fields are not proof of Schedule DB settlement, counterparty remittance, liability/product hedge allocation, borrower cash, or Apollo owner cash.","Reconcile the matched Schedule D lot to Schedule DB component values, custody/counterparty, derivative cash settlement, liability hedge purpose, and investment-income receipt."
CFAASDBCSD-0024,CFAASDBPC-0024,465,04687#AA6,Interest Rate Swap,13877L-AY-2,CANYC 2022-2A CR,1,CFAASDFR-7225,5997,Canyon Capital CLO 2022-2 Ltd CANYC 2022-2A CR,1.E,"19,003,354","19,000,000","18,936,540","19,001,494","232,779","440,191",exact-cusip-schedule-d-crosswalk,"A Schedule DB Part C cash-instrument CUSIP has an exact identifier match in Athene Schedule D, joining the named replication component to a statutory holding row.","CUSIP identity and Schedule D fields are not proof of Schedule DB settlement, counterparty remittance, liability/product hedge allocation, borrower cash, or Apollo owner cash.","Reconcile the matched Schedule D lot to Schedule DB component values, custody/counterparty, derivative cash settlement, liability hedge purpose, and investment-income receipt."
CFAASDBCSD-0025,CFAASDBPC-0025,465,04687#AA6,Interest Rate Swap,13877L-BA-3,CANYC 2022-2A D1R,1,CFAASDFR-7226,5997,Canyon Capital CLO 2022-2 Ltd CANYC 2022-2A D1R,2.A,"8,100,000","8,100,000","8,072,663","8,100,000","114,155","344,211",exact-cusip-schedule-d-crosswalk,"A Schedule DB Part C cash-instrument CUSIP has an exact identifier match in Athene Schedule D, joining the named replication component to a statutory holding row.","CUSIP identity and Schedule D fields are not proof of Schedule DB settlement, counterparty remittance, liability/product hedge allocation, borrower cash, or Apollo owner cash.","Reconcile the matched Schedule D lot to Schedule DB component values, custody/counterparty, derivative cash settlement, liability hedge purpose, and investment-income receipt."
CFAASDBCSD-0026,CFAASDBPC-0026,465,04687#AA6,Interest Rate Swap,142915-AG-2,CGMS 2024-8A C,1,CFAASDFR-7229,5997,Carlyle US CLO 2024-8 Ltd CGMS 2024-8A C,1.F,"20,785,194","20,775,000","20,707,793","20,782,462","221,211","781,703",exact-cusip-schedule-d-crosswalk,"A Schedule DB Part C cash-instrument CUSIP has an exact identifier match in Athene Schedule D, joining the named replication component to a statutory holding row.","CUSIP identity and Schedule D fields are not proof of Schedule DB settlement, counterparty remittance, liability/product hedge allocation, borrower cash, or Apollo owner cash.","Reconcile the matched Schedule D lot to Schedule DB component values, custody/counterparty, derivative cash settlement, liability hedge purpose, and investment-income receipt."
CFAASDBCSD-0027,CFAASDBPC-0027,465,04687#AA6,Interest Rate Swap,142915-AJ-6,CGMS 2024-8A D1,1,CFAASDFR-7230,5997,Carlyle US CLO 2024-8 Ltd CGMS 2024-8A D1,2.C,"14,700,000","14,700,000","14,699,192","14,700,000","179,433","893,852",exact-cusip-schedule-d-crosswalk,"A Schedule DB Part C cash-instrument CUSIP has an exact identifier match in Athene Schedule D, joining the named replication component to a statutory holding row.","CUSIP identity and Schedule D fields are not proof of Schedule DB settlement, counterparty remittance, liability/product hedge allocation, borrower cash, or Apollo owner cash.","Reconcile the matched Schedule D lot to Schedule DB component values, custody/counterparty, derivative cash settlement, liability hedge purpose, and investment-income receipt."
CFAASDBCSD-0028,CFAASDBPC-0028,465,04687#AA6,Interest Rate Swap,17181N-AL-8,CIFC 2018-1A D1R,1,CFAASDFR-7266,5997,CIFC Funding 2018-I Ltd CIFC 2018-1A D1R,2.C,"14,030,000","14,050,000","14,123,074","14,031,226","190,442","875,319",exact-cusip-schedule-d-crosswalk,"A Schedule DB Part C cash-instrument CUSIP has an exact identifier match in Athene Schedule D, joining the named replication component to a statutory holding row.","CUSIP identity and Schedule D fields are not proof of Schedule DB settlement, counterparty remittance, liability/product hedge allocation, borrower cash, or Apollo owner cash.","Reconcile the matched Schedule D lot to Schedule DB component values, custody/counterparty, derivative cash settlement, liability hedge purpose, and investment-income receipt."
CFAASDBCSD-0029,CFAASDBPC-0029,465,04687#AA6,Interest Rate Swap,25255J-AQ-0,DCLO 2022-3A BR,1,CFAASDFR-7290,5998,Diameter Capital Clo 3 Ltd DCLO 2022-3A BR,1.F,"26,000,000","26,000,000","25,917,112","26,000,000","329,806","876,590",exact-cusip-schedule-d-crosswalk,"A Schedule DB Part C cash-instrument CUSIP has an exact identifier match in Athene Schedule D, joining the named replication component to a statutory holding row.","CUSIP identity and Schedule D fields are not proof of Schedule DB settlement, counterparty remittance, liability/product hedge allocation, borrower cash, or Apollo owner cash.","Reconcile the matched Schedule D lot to Schedule DB component values, custody/counterparty, derivative cash settlement, liability hedge purpose, and investment-income receipt."
CFAASDBCSD-0030,CFAASDBPC-0030,466,04687#AA6,Interest Rate Swap,25255J-AS-6,DCLO 2022-3A CR,1,CFAASDFR-7291,5998,Diameter Capital Clo 3 Ltd DCLO 2022-3A CR,2.C,"16,800,000","16,800,000","16,756,186","16,800,000","242,225","912,947",exact-cusip-schedule-d-crosswalk,"A Schedule DB Part C cash-instrument CUSIP has an exact identifier match in Athene Schedule D, joining the named replication component to a statutory holding row.","CUSIP identity and Schedule D fields are not proof of Schedule DB settlement, counterparty remittance, liability/product hedge allocation, borrower cash, or Apollo owner cash.","Reconcile the matched Schedule D lot to Schedule DB component values, custody/counterparty, derivative cash settlement, liability hedge purpose, and investment-income receipt."
CFAASDBCSD-0031,CFAASDBPC-0031,466,04687#AA6,Interest Rate Swap,26253H-AJ-0,DRSLF 2025-123A D1,1,CFAASDFR-7322,5998,Dryden 123 CLO Ltd DRSLF 2025-123A D1,2.C,"4,992,625","5,000,000","5,003,155","4,985,803","73,174","192,415",exact-cusip-schedule-d-crosswalk,"A Schedule DB Part C cash-instrument CUSIP has an exact identifier match in Athene Schedule D, joining the named replication component to a statutory holding row.","CUSIP identity and Schedule D fields are not proof of Schedule DB settlement, counterparty remittance, liability/product hedge allocation, borrower cash, or Apollo owner cash.","Reconcile the matched Schedule D lot to Schedule DB component values, custody/counterparty, derivative cash settlement, liability hedge purpose, and investment-income receipt."
CFAASDBCSD-0032,CFAASDBPC-0032,466,04687#AA6,Interest Rate Swap,26253V-AG-5,DRSLF 2024-121A C,1,CFAASDFR-7326,5999,Dryden 121 CLO Ltd DRSLF 2024-121A C,1.F,"33,415,600","33,500,000","33,520,804","33,134,737","421,313","1,726,522",exact-cusip-schedule-d-crosswalk,"A Schedule DB Part C cash-instrument CUSIP has an exact identifier match in Athene Schedule D, joining the named replication component to a statutory holding row.","CUSIP identity and Schedule D fields are not proof of Schedule DB settlement, counterparty remittance, liability/product hedge allocation, borrower cash, or Apollo owner cash.","Reconcile the matched Schedule D lot to Schedule DB component values, custody/counterparty, derivative cash settlement, liability hedge purpose, and investment-income receipt."
CFAASDBCSD-0033,CFAASDBPC-0033,466,04687#AA6,Interest Rate Swap,29003W-AU-9,ELM14 2022-1A DR,1,CFAASDFR-7343,5999,Elmwood CLO 14 Ltd ELM14 2022-1A DR,2.C,"8,575,000","8,575,000","8,574,597","8,575,000","117,969","112,857",exact-cusip-schedule-d-crosswalk,"A Schedule DB Part C cash-instrument CUSIP has an exact identifier match in Athene Schedule D, joining the named replication component to a statutory holding row.","CUSIP identity and Schedule D fields are not proof of Schedule DB settlement, counterparty remittance, liability/product hedge allocation, borrower cash, or Apollo owner cash.","Reconcile the matched Schedule D lot to Schedule DB component values, custody/counterparty, derivative cash settlement, liability hedge purpose, and investment-income receipt."
CFAASDBCSD-0034,CFAASDBPC-0034,466,04687#AA6,Interest Rate Swap,29247B-AS-6,EMPWR 2023-2A CR,1,CFAASDFR-7349,5999,Empower CLO 2023-2 Ltd EMPWR 2023-2A CR,1.F,"5,500,000","5,500,000","5,480,893","5,500,000","69,767","51,478",exact-cusip-schedule-d-crosswalk,"A Schedule DB Part C cash-instrument CUSIP has an exact identifier match in Athene Schedule D, joining the named replication component to a statutory holding row.","CUSIP identity and Schedule D fields are not proof of Schedule DB settlement, counterparty remittance, liability/product hedge allocation, borrower cash, or Apollo owner cash.","Reconcile the matched Schedule D lot to Schedule DB component values, custody/counterparty, derivative cash settlement, liability hedge purpose, and investment-income receipt."
CFAASDBCSD-0035,CFAASDBPC-0035,466,04687#AA6,Interest Rate Swap,34966V-AJ-1,FCBSL 2024-4A D1,1,CFAASDFR-7392,6000,Fortress Credit BSL XXVI Ltd FCBSL 2024-4A D1,2.B,"14,700,000","14,700,000","14,699,324","14,700,000","243,797","969,411",exact-cusip-schedule-d-crosswalk,"A Schedule DB Part C cash-instrument CUSIP has an exact identifier match in Athene Schedule D, joining the named replication component to a statutory holding row.","CUSIP identity and Schedule D fields are not proof of Schedule DB settlement, counterparty remittance, liability/product hedge allocation, borrower cash, or Apollo owner cash.","Reconcile the matched Schedule D lot to Schedule DB component values, custody/counterparty, derivative cash settlement, liability hedge purpose, and investment-income receipt."
CFAASDBCSD-0036,CFAASDBPC-0036,466,04687#AA6,Interest Rate Swap,38177Y-AQ-5,GCBSL 2021-53A CR,1,CFAASDFR-7413,6000,Golub Capital Partners CLO 53B GCBSL 2021-53A CR ..,1.F,"14,500,000","14,500,000","14,486,892","14,500,000","164,198","385,786",exact-cusip-schedule-d-crosswalk,"A Schedule DB Part C cash-instrument CUSIP has an exact identifier match in Athene Schedule D, joining the named replication component to a statutory holding row.","CUSIP identity and Schedule D fields are not proof of Schedule DB settlement, counterparty remittance, liability/product hedge allocation, borrower cash, or Apollo owner cash.","Reconcile the matched Schedule D lot to Schedule DB component values, custody/counterparty, derivative cash settlement, liability hedge purpose, and investment-income receipt."
CFAASDBCSD-0037,CFAASDBPC-0037,466,04687#AA6,Interest Rate Swap,381936-AC-7,GOCAP 2021-59A A2R,1,CFAASDFR-6654,5985,Golub Capital Partners CLO 59M GOCAP 2021-59A A2R,1.A,"175,000,000","175,000,000","172,290,125","175,000,000","1,946,214","6,138,180",exact-cusip-schedule-d-crosswalk,"A Schedule DB Part C cash-instrument CUSIP has an exact identifier match in Athene Schedule D, joining the named replication component to a statutory holding row.","CUSIP identity and Schedule D fields are not proof of Schedule DB settlement, counterparty remittance, liability/product hedge allocation, borrower cash, or Apollo owner cash.","Reconcile the matched Schedule D lot to Schedule DB component values, custody/counterparty, derivative cash settlement, liability hedge purpose, and investment-income receipt."
CFAASDBCSD-0038,CFAASDBPC-0038,466,04687#AA6,Interest Rate Swap,381936-AE-3,GOCAP 2021-59A BR,1,CFAASDFR-6655,5985,Golub Capital Partners CLO 59M GOCAP 2021-59A BR ..,1.C,"177,500,000","177,500,000","175,550,163","177,500,000","2,010,011","6,331,382",exact-cusip-schedule-d-crosswalk,"A Schedule DB Part C cash-instrument CUSIP has an exact identifier match in Athene Schedule D, joining the named replication component to a statutory holding row.","CUSIP identity and Schedule D fields are not proof of Schedule DB settlement, counterparty remittance, liability/product hedge allocation, borrower cash, or Apollo owner cash.","Reconcile the matched Schedule D lot to Schedule DB component values, custody/counterparty, derivative cash settlement, liability hedge purpose, and investment-income receipt."
CFAASDBCSD-0039,CFAASDBPC-0039,466,04687#AA6,Interest Rate Swap,381936-AG-8,GOCAP 2021-59A CR,1,CFAASDFR-6656,5985,Golub Capital Partners CLO 59M GOCAP 2021-59A CR ..,1.F,"118,747,608","118,750,000","117,398,863","118,724,571","1,416,965","3,562,179",exact-cusip-schedule-d-crosswalk,"A Schedule DB Part C cash-instrument CUSIP has an exact identifier match in Athene Schedule D, joining the named replication component to a statutory holding row.","CUSIP identity and Schedule D fields are not proof of Schedule DB settlement, counterparty remittance, liability/product hedge allocation, borrower cash, or Apollo owner cash.","Reconcile the matched Schedule D lot to Schedule DB component values, custody/counterparty, derivative cash settlement, liability hedge purpose, and investment-income receipt."
CFAASDBCSD-0040,CFAASDBPC-0040,466,04687#AA6,Interest Rate Swap,381936-AJ-2,GOCAP 2021-59A DR,1,CFAASDFR-6657,5985,Golub Capital Partners CLO 59M GOCAP 2021-59A DR ..,2.C,"23,500,000","23,500,000","23,404,567","23,500,000","337,593","1,047,781",exact-cusip-schedule-d-crosswalk,"A Schedule DB Part C cash-instrument CUSIP has an exact identifier match in Athene Schedule D, joining the named replication component to a statutory holding row.","CUSIP identity and Schedule D fields are not proof of Schedule DB settlement, counterparty remittance, liability/product hedge allocation, borrower cash, or Apollo owner cash.","Reconcile the matched Schedule D lot to Schedule DB component values, custody/counterparty, derivative cash settlement, liability hedge purpose, and investment-income receipt."
CFAASDBCSD-0041,CFAASDBPC-0041,466,04687#AA6,Interest Rate Swap,55820Y-AW-7,MDPK 2018-27A D1R,1,CFAASDFR-7503,6002,Madison Park Funding XXVII Ltd MDPK 2018-27A D1R .,2.C,"4,920,418","5,000,000","4,999,770","4,903,714","68,280","167,375",exact-cusip-schedule-d-crosswalk,"A Schedule DB Part C cash-instrument CUSIP has an exact identifier match in Athene Schedule D, joining the named replication component to a statutory holding row.","CUSIP identity and Schedule D fields are not proof of Schedule DB settlement, counterparty remittance, liability/product hedge allocation, borrower cash, or Apollo owner cash.","Reconcile the matched Schedule D lot to Schedule DB component values, custody/counterparty, derivative cash settlement, liability hedge purpose, and investment-income receipt."
CFAASDBCSD-0042,CFAASDBPC-0042,466,04687#AA6,Interest Rate Swap,55954K-BC-8,MAGNE 2017-19A DRR,1,CFAASDFR-7514,6002,Magnetite XIX Ltd MAGNE 2017-19A DRR,2.C,"9,500,000","9,500,000","9,486,045","9,500,000","133,001","508,021",exact-cusip-schedule-d-crosswalk,"A Schedule DB Part C cash-instrument CUSIP has an exact identifier match in Athene Schedule D, joining the named replication component to a statutory holding row.","CUSIP identity and Schedule D fields are not proof of Schedule DB settlement, counterparty remittance, liability/product hedge allocation, borrower cash, or Apollo owner cash.","Reconcile the matched Schedule D lot to Schedule DB component values, custody/counterparty, derivative cash settlement, liability hedge purpose, and investment-income receipt."
CFAASDBCSD-0043,CFAASDBPC-0043,466,04687#AA6,Interest Rate Swap,55954Y-BC-8,MAGNE 2020-26A D1R2,1,CFAASDFR-7518,6002,Magnetite XXVI Ltd MAGNE 2020-26A D1R2,2.C,"3,428,250","3,500,000","3,465,497","3,403,646","40,797","170,199",exact-cusip-schedule-d-crosswalk,"A Schedule DB Part C cash-instrument CUSIP has an exact identifier match in Athene Schedule D, joining the named replication component to a statutory holding row.","CUSIP identity and Schedule D fields are not proof of Schedule DB settlement, counterparty remittance, liability/product hedge allocation, borrower cash, or Apollo owner cash.","Reconcile the matched Schedule D lot to Schedule DB component values, custody/counterparty, derivative cash settlement, liability hedge purpose, and investment-income receipt."
CFAASDBCSD-0044,CFAASDBPC-0044,466,04687#AA6,Interest Rate Swap,671026-AS-1,OCP 2021-23A D1R,1,CFAASDFR-6666,5985,OCP CLO Ltd OCP 2021-23A D1R,2.C,"4,956,874","5,000,000","4,986,475","4,893,467","70,001","201,104",exact-cusip-schedule-d-crosswalk,"A Schedule DB Part C cash-instrument CUSIP has an exact identifier match in Athene Schedule D, joining the named replication component to a statutory holding row.","CUSIP identity and Schedule D fields are not proof of Schedule DB settlement, counterparty remittance, liability/product hedge allocation, borrower cash, or Apollo owner cash.","Reconcile the matched Schedule D lot to Schedule DB component values, custody/counterparty, derivative cash settlement, liability hedge purpose, and investment-income receipt."
CFAASDBCSD-0045,CFAASDBPC-0045,466,04687#AA6,Interest Rate Swap,67579E-AJ-8,OCT75 2025-1A D1,1,CFAASDFR-7584,6004,Octagon 75 Ltd OCT75 2025-1A D1,2.B,"3,091,366","3,200,000","3,193,539","3,087,124","40,753","99,033",exact-cusip-schedule-d-crosswalk,"A Schedule DB Part C cash-instrument CUSIP has an exact identifier match in Athene Schedule D, joining the named replication component to a statutory holding row.","CUSIP identity and Schedule D fields are not proof of Schedule DB settlement, counterparty remittance, liability/product hedge allocation, borrower cash, or Apollo owner cash.","Reconcile the matched Schedule D lot to Schedule DB component values, custody/counterparty, derivative cash settlement, liability hedge purpose, and investment-income receipt."
CFAASDBCSD-0046,CFAASDBPC-0046,466,04687#AA6,Interest Rate Swap,69703W-AJ-3,PLMRS 2024-4A D1,1,CFAASDFR-7630,6005,Palmer Square CLO 2024-4 Ltd PLMRS 2024-4A D1,2.C,"8,358,750","8,500,000","8,472,010","8,259,829","120,713","492,585",exact-cusip-schedule-d-crosswalk,"A Schedule DB Part C cash-instrument CUSIP has an exact identifier match in Athene Schedule D, joining the named replication component to a statutory holding row.","CUSIP identity and Schedule D fields are not proof of Schedule DB settlement, counterparty remittance, liability/product hedge allocation, borrower cash, or Apollo owner cash.","Reconcile the matched Schedule D lot to Schedule DB component values, custody/counterparty, derivative cash settlement, liability hedge purpose, and investment-income receipt."
CFAASDBCSD-0047,CFAASDBPC-0047,466,04687#AA6,Interest Rate Swap,72134A-AW-5,PIPK 2021-9A D1R,1,CFAASDFR-7664,6005,Pikes Peak CLO 9 PIPK 2021-9A D1R,2.C,"15,400,000","15,400,000","15,399,030","15,400,000","197,859","290,550",exact-cusip-schedule-d-crosswalk,"A Schedule DB Part C cash-instrument CUSIP has an exact identifier match in Athene Schedule D, joining the named replication component to a statutory holding row.","CUSIP identity and Schedule D fields are not proof of Schedule DB settlement, counterparty remittance, liability/product hedge allocation, borrower cash, or Apollo owner cash.","Reconcile the matched Schedule D lot to Schedule DB component values, custody/counterparty, derivative cash settlement, liability hedge purpose, and investment-income receipt."
CFAASDBCSD-0048,CFAASDBPC-0048,466,04687#AA6,Interest Rate Swap,749762-AE-0,RRAM 2025-40A B,1,CFAASDFR-8166,6015,RR 40 LTD RRAM 2025-40A B,1.F,"42,000,000","42,000,000","41,768,706","42,000,000","1,361,373",,exact-cusip-schedule-d-crosswalk,"A Schedule DB Part C cash-instrument CUSIP has an exact identifier match in Athene Schedule D, joining the named replication component to a statutory holding row.","CUSIP identity and Schedule D fields are not proof of Schedule DB settlement, counterparty remittance, liability/product hedge allocation, borrower cash, or Apollo owner cash.","Reconcile the matched Schedule D lot to Schedule DB component values, custody/counterparty, derivative cash settlement, liability hedge purpose, and investment-income receipt."
CFAASDBCSD-0049,CFAASDBPC-0049,466,04687#AA6,Interest Rate Swap,74983A-AL-7,RRAM 2021-19A A2R,1,CFAASDFR-8179,6016,RR 19 Ltd RRAM 2021-19A A2R,1.C,"15,975,000","15,975,000","15,857,456","15,975,000","188,795","505,497",exact-cusip-schedule-d-crosswalk,"A Schedule DB Part C cash-instrument CUSIP has an exact identifier match in Athene Schedule D, joining the named replication component to a statutory holding row.","CUSIP identity and Schedule D fields are not proof of Schedule DB settlement, counterparty remittance, liability/product hedge allocation, borrower cash, or Apollo owner cash.","Reconcile the matched Schedule D lot to Schedule DB component values, custody/counterparty, derivative cash settlement, liability hedge purpose, and investment-income receipt."
CFAASDBCSD-0050,CFAASDBPC-0050,466,04687#AA6,Interest Rate Swap,74983A-AN-3,RRAM 2021-19A BR,1,CFAASDFR-8180,6016,RR 19 Ltd RRAM 2021-19A BR,1.F,"56,000,000","56,000,000","55,815,536","56,000,000","692,151","1,847,840",exact-cusip-schedule-d-crosswalk,"A Schedule DB Part C cash-instrument CUSIP has an exact identifier match in Athene Schedule D, joining the named replication component to a statutory holding row.","CUSIP identity and Schedule D fields are not proof of Schedule DB settlement, counterparty remittance, liability/product hedge allocation, borrower cash, or Apollo owner cash.","Reconcile the matched Schedule D lot to Schedule DB component values, custody/counterparty, derivative cash settlement, liability hedge purpose, and investment-income receipt."
CFAASDBCSD-0051,CFAASDBPC-0051,466,04687#AA6,Interest Rate Swap,74988F-AG-2,RRAM 2025-38A B,1,CFAASDFR-8191,6016,RR 38 Ltd RRAM 2025-38A B,1.E,"32,600,000","32,600,000","32,491,703","32,600,000","395,867","919,101",exact-cusip-schedule-d-crosswalk,"A Schedule DB Part C cash-instrument CUSIP has an exact identifier match in Athene Schedule D, joining the named replication component to a statutory holding row.","CUSIP identity and Schedule D fields are not proof of Schedule DB settlement, counterparty remittance, liability/product hedge allocation, borrower cash, or Apollo owner cash.","Reconcile the matched Schedule D lot to Schedule DB component values, custody/counterparty, derivative cash settlement, liability hedge purpose, and investment-income receipt."
CFAASDBCSD-0052,CFAASDBPC-0052,466,04687#AA6,Interest Rate Swap,74988F-AJ-6,RRAM 2025-38A C1,1,CFAASDFR-8192,6016,RR 38 Ltd RRAM 2025-38A C1,2.A,"14,400,000","14,400,000","14,255,438","14,400,000","199,822","625,061",exact-cusip-schedule-d-crosswalk,"A Schedule DB Part C cash-instrument CUSIP has an exact identifier match in Athene Schedule D, joining the named replication component to a statutory holding row.","CUSIP identity and Schedule D fields are not proof of Schedule DB settlement, counterparty remittance, liability/product hedge allocation, borrower cash, or Apollo owner cash.","Reconcile the matched Schedule D lot to Schedule DB component values, custody/counterparty, derivative cash settlement, liability hedge purpose, and investment-income receipt."
CFAASDBCSD-0053,CFAASDBPC-0053,466,04687#AA6,Interest Rate Swap,74989M-AQ-4,RRAM 2023-26A A2R,1,CFAASDFR-8201,6016,RR 26 Ltd RRAM 2023-26A A2R,1.C,"16,325,000","16,325,000","16,292,072","16,325,000","191,163","556,501",exact-cusip-schedule-d-crosswalk,"A Schedule DB Part C cash-instrument CUSIP has an exact identifier match in Athene Schedule D, joining the named replication component to a statutory holding row.","CUSIP identity and Schedule D fields are not proof of Schedule DB settlement, counterparty remittance, liability/product hedge allocation, borrower cash, or Apollo owner cash.","Reconcile the matched Schedule D lot to Schedule DB component values, custody/counterparty, derivative cash settlement, liability hedge purpose, and investment-income receipt."
CFAASDBCSD-0054,CFAASDBPC-0054,466,04687#AA6,Interest Rate Swap,74989U-AN-3,RRAM 2022-20A BR,1,CFAASDFR-8209,6016,RR 20 Ltd RRAM 2022-20A BR,1.F,"14,000,000","14,000,000","13,964,692","14,000,000","173,038","389,347",exact-cusip-schedule-d-crosswalk,"A Schedule DB Part C cash-instrument CUSIP has an exact identifier match in Athene Schedule D, joining the named replication component to a statutory holding row.","CUSIP identity and Schedule D fields are not proof of Schedule DB settlement, counterparty remittance, liability/product hedge allocation, borrower cash, or Apollo owner cash.","Reconcile the matched Schedule D lot to Schedule DB component values, custody/counterparty, derivative cash settlement, liability hedge purpose, and investment-income receipt."
CFAASDBCSD-0055,CFAASDBPC-0055,466,04687#AA6,Interest Rate Swap,74989U-AQ-6,RRAM 2022-20A CR,1,CFAASDFR-8210,6016,RR 20 Ltd RRAM 2022-20A CR,2.C,"6,500,000","6,500,000","6,449,534","6,500,000","91,606","286,298",exact-cusip-schedule-d-crosswalk,"A Schedule DB Part C cash-instrument CUSIP has an exact identifier match in Athene Schedule D, joining the named replication component to a statutory holding row.","CUSIP identity and Schedule D fields are not proof of Schedule DB settlement, counterparty remittance, liability/product hedge allocation, borrower cash, or Apollo owner cash.","Reconcile the matched Schedule D lot to Schedule DB component values, custody/counterparty, derivative cash settlement, liability hedge purpose, and investment-income receipt."
CFAASDBCSD-0056,CFAASDBPC-0056,466,04687#AA6,Interest Rate Swap,749972-AG-0,RAD 2024-27A C,1,CFAASDFR-8215,6016,RAD CLO 27 Ltd RAD 2024-27A C,1.F,"11,908,175","11,950,000","11,957,445","11,894,185","150,289","546,415",exact-cusip-schedule-d-crosswalk,"A Schedule DB Part C cash-instrument CUSIP has an exact identifier match in Athene Schedule D, joining the named replication component to a statutory holding row.","CUSIP identity and Schedule D fields are not proof of Schedule DB settlement, counterparty remittance, liability/product hedge allocation, borrower cash, or Apollo owner cash.","Reconcile the matched Schedule D lot to Schedule DB component values, custody/counterparty, derivative cash settlement, liability hedge purpose, and investment-income receipt."
CFAASDBCSD-0057,CFAASDBPC-0057,466,04687#AA6,Interest Rate Swap,749972-AJ-4,RAD 2024-27A D1,1,CFAASDFR-8216,6016,RAD CLO 27 Ltd RAD 2024-27A D1,2.C,"4,326,805","4,452,000","4,454,751","4,311,188","64,672","233,174",exact-cusip-schedule-d-crosswalk,"A Schedule DB Part C cash-instrument CUSIP has an exact identifier match in Athene Schedule D, joining the named replication component to a statutory holding row.","CUSIP identity and Schedule D fields are not proof of Schedule DB settlement, counterparty remittance, liability/product hedge allocation, borrower cash, or Apollo owner cash.","Reconcile the matched Schedule D lot to Schedule DB component values, custody/counterparty, derivative cash settlement, liability hedge purpose, and investment-income receipt."
CFAASDBCSD-0058,CFAASDBPC-0058,466,04687#AA6,Interest Rate Swap,75000H-BG-8,RRAM 2022-24A BR2,1,CFAASDFR-8224,6016,RR 24 Ltd RRAM 2022-24A BR2,1.E,"39,000,000","39,000,000","38,872,626","39,000,000","486,259","1,334,037",exact-cusip-schedule-d-crosswalk,"A Schedule DB Part C cash-instrument CUSIP has an exact identifier match in Athene Schedule D, joining the named replication component to a statutory holding row.","CUSIP identity and Schedule D fields are not proof of Schedule DB settlement, counterparty remittance, liability/product hedge allocation, borrower cash, or Apollo owner cash.","Reconcile the matched Schedule D lot to Schedule DB component values, custody/counterparty, derivative cash settlement, liability hedge purpose, and investment-income receipt."
CFAASDBCSD-0059,CFAASDBPC-0059,466,04687#AA6,Interest Rate Swap,75000H-BN-3,RRAM 2022-24A C1A2,1,CFAASDFR-8225,6017,RR 24 Ltd RRAM 2022-24A C1A2,2.A,"21,500,000","21,500,000","21,429,179","21,500,000","305,332","1,227,855",exact-cusip-schedule-d-crosswalk,"A Schedule DB Part C cash-instrument CUSIP has an exact identifier match in Athene Schedule D, joining the named replication component to a statutory holding row.","CUSIP identity and Schedule D fields are not proof of Schedule DB settlement, counterparty remittance, liability/product hedge allocation, borrower cash, or Apollo owner cash.","Reconcile the matched Schedule D lot to Schedule DB component values, custody/counterparty, derivative cash settlement, liability hedge purpose, and investment-income receipt."
CFAASDBCSD-0060,CFAASDBPC-0060,467,04687#AA6,Interest Rate Swap,75009N-AG-7,RAD 2020-9A CR,1,CFAASDFR-8234,6017,Rad CLO 9 Ltd RAD 2020-9A CR,1.F,"19,750,000","19,750,000","19,787,841","19,750,000","252,665","679,046",exact-cusip-schedule-d-crosswalk,"A Schedule DB Part C cash-instrument CUSIP has an exact identifier match in Athene Schedule D, joining the named replication component to a statutory holding row.","CUSIP identity and Schedule D fields are not proof of Schedule DB settlement, counterparty remittance, liability/product hedge allocation, borrower cash, or Apollo owner cash.","Reconcile the matched Schedule D lot to Schedule DB component values, custody/counterparty, derivative cash settlement, liability hedge purpose, and investment-income receipt."
CFAASDBCSD-0061,CFAASDBPC-0061,467,04687#AA6,Interest Rate Swap,75009N-AJ-1,RAD 2020-9A D1R,1,CFAASDFR-8235,6017,Rad CLO 9 Ltd RAD 2020-9A D1R,2.A,"10,100,000","10,100,000","10,099,626","10,100,000","148,906","567,037",exact-cusip-schedule-d-crosswalk,"A Schedule DB Part C cash-instrument CUSIP has an exact identifier match in Athene Schedule D, joining the named replication component to a statutory holding row.","CUSIP identity and Schedule D fields are not proof of Schedule DB settlement, counterparty remittance, liability/product hedge allocation, borrower cash, or Apollo owner cash.","Reconcile the matched Schedule D lot to Schedule DB component values, custody/counterparty, derivative cash settlement, liability hedge purpose, and investment-income receipt."
CFAASDBCSD-0062,CFAASDBPC-0062,467,04687#AA6,Interest Rate Swap,83012K-AU-1,SIXST 2021-19A D1R,1,CFAASDFR-7722,6006,Sixth Street CLO XIX Ltd SIXST 2021-19A D1R,2.C,"12,912,570","12,900,000","12,899,381","12,909,369","181,963","167,533",exact-cusip-schedule-d-crosswalk,"A Schedule DB Part C cash-instrument CUSIP has an exact identifier match in Athene Schedule D, joining the named replication component to a statutory holding row.","CUSIP identity and Schedule D fields are not proof of Schedule DB settlement, counterparty remittance, liability/product hedge allocation, borrower cash, or Apollo owner cash.","Reconcile the matched Schedule D lot to Schedule DB component values, custody/counterparty, derivative cash settlement, liability hedge purpose, and investment-income receipt."
CFAASDBCSD-0063,CFAASDBPC-0063,467,04687#AA6,Interest Rate Swap,88238E-AE-8,TCIFC 2024-2A B,1,CFAASDFR-7746,6007,Texas Debt Capital CLO 2024-II TCIFC 2024-2A B,1.C,"24,028,280","24,000,000","24,056,544","24,008,343","256,009","1,207,998",exact-cusip-schedule-d-crosswalk,"A Schedule DB Part C cash-instrument CUSIP has an exact identifier match in Athene Schedule D, joining the named replication component to a statutory holding row.","CUSIP identity and Schedule D fields are not proof of Schedule DB settlement, counterparty remittance, liability/product hedge allocation, borrower cash, or Apollo owner cash.","Reconcile the matched Schedule D lot to Schedule DB component values, custody/counterparty, derivative cash settlement, liability hedge purpose, and investment-income receipt."
CFAASDBCSD-0064,CFAASDBPC-0064,467,04687#AA6,Interest Rate Swap,88238E-AG-3,TCIFC 2024-2A C,1,CFAASDFR-7747,6007,Texas Debt Capital CLO 2024-II TCIFC 2024-2A C,1.F,"34,026,320","34,000,000","33,890,486","34,013,813","375,713","1,744,293",exact-cusip-schedule-d-crosswalk,"A Schedule DB Part C cash-instrument CUSIP has an exact identifier match in Athene Schedule D, joining the named replication component to a statutory holding row.","CUSIP identity and Schedule D fields are not proof of Schedule DB settlement, counterparty remittance, liability/product hedge allocation, borrower cash, or Apollo owner cash.","Reconcile the matched Schedule D lot to Schedule DB component values, custody/counterparty, derivative cash settlement, liability hedge purpose, and investment-income receipt."
CFAASDBCSD-0065,CFAASDBPC-0065,467,04687#AA6,Interest Rate Swap,88238E-AJ-7,TCIFC 2024-2A D1,1,CFAASDFR-7748,6007,Texas Debt Capital CLO 2024-II TCIFC 2024-2A D1,2.C,"26,000,000","26,000,000","25,948,286","26,000,000","337,143","1,731,335",exact-cusip-schedule-d-crosswalk,"A Schedule DB Part C cash-instrument CUSIP has an exact identifier match in Athene Schedule D, joining the named replication component to a statutory holding row.","CUSIP identity and Schedule D fields are not proof of Schedule DB settlement, counterparty remittance, liability/product hedge allocation, borrower cash, or Apollo owner cash.","Reconcile the matched Schedule D lot to Schedule DB component values, custody/counterparty, derivative cash settlement, liability hedge purpose, and investment-income receipt."
CFAASDBCSD-0066,CFAASDBPC-0066,467,04687#AG3,Interest Rate Swap,02300A-AC-4,AMAPS 1 LLC - Tranche B Note,1,CFAASDFR-8511,6023,AMAPS 1 LLC AMAPS 1 LLC - Tranche B Note,2.B,"367,000,000","367,000,000","367,000,000","367,000,000","10,882,918",,exact-cusip-schedule-d-crosswalk,"A Schedule DB Part C cash-instrument CUSIP has an exact identifier match in Athene Schedule D, joining the named replication component to a statutory holding row.","CUSIP identity and Schedule D fields are not proof of Schedule DB settlement, counterparty remittance, liability/product hedge allocation, borrower cash, or Apollo owner cash.","Reconcile the matched Schedule D lot to Schedule DB component values, custody/counterparty, derivative cash settlement, liability hedge purpose, and investment-income receipt."
CFAASDBCSD-0067,CFAASDBPC-0071,467,04687#AG3,Interest Rate Swap,04941*-AC-8,ATLAS Funding 1 A1B,1,CFAASDFR-8442,6021,Atlas Securitized Products Fun ATLAS Funding 1 A1B,1.F,"766,702,908","767,011,253","765,707,334","766,699,097","110,524","30,215,182",exact-cusip-schedule-d-crosswalk,"A Schedule DB Part C cash-instrument CUSIP has an exact identifier match in Athene Schedule D, joining the named replication component to a statutory holding row.","CUSIP identity and Schedule D fields are not proof of Schedule DB settlement, counterparty remittance, liability/product hedge allocation, borrower cash, or Apollo owner cash.","Reconcile the matched Schedule D lot to Schedule DB component values, custody/counterparty, derivative cash settlement, liability hedge purpose, and investment-income receipt."
CFAASDBCSD-0068,CFAASDBPC-0072,467,04687#AG3,Interest Rate Swap,35138C-AE-4,Fox Hedge LP - B,1,CFAASDFR-8497,6023,Fox Hedge LP B,1.G,"1,054,000,000","1,054,000,000","1,054,000,000","1,054,000,000","8,257,007","78,327,452",exact-cusip-schedule-d-crosswalk,"A Schedule DB Part C cash-instrument CUSIP has an exact identifier match in Athene Schedule D, joining the named replication component to a statutory holding row.","CUSIP identity and Schedule D fields are not proof of Schedule DB settlement, counterparty remittance, liability/product hedge allocation, borrower cash, or Apollo owner cash.","Reconcile the matched Schedule D lot to Schedule DB component values, custody/counterparty, derivative cash settlement, liability hedge purpose, and investment-income receipt."
CFAASDBCSD-0069,CFAASDBPC-0073,467,04687#AG3,Interest Rate Swap,35138C-AF-1,Fox Hedge LP - C,1,CFAASDFR-8498,6023,Fox Hedge LP C,2.B,"676,000,000","676,000,000","676,000,000","676,000,000","6,065,654","57,210,047",exact-cusip-schedule-d-crosswalk,"A Schedule DB Part C cash-instrument CUSIP has an exact identifier match in Athene Schedule D, joining the named replication component to a statutory holding row.","CUSIP identity and Schedule D fields are not proof of Schedule DB settlement, counterparty remittance, liability/product hedge allocation, borrower cash, or Apollo owner cash.","Reconcile the matched Schedule D lot to Schedule DB component values, custody/counterparty, derivative cash settlement, liability hedge purpose, and investment-income receipt."
CFAASDBCSD-0070,CFAASDBPC-0074,467,04687#AF5,Interest Rate Swap,02300A-AA-8,AMAPS 1 LLC - Tranche A Note,1,CFAASDFR-8510,6023,AMAPS 1 LLC AMAPS 1 LLC - Tranche A Note,1.F,"1,917,500,000","1,917,500,000","1,917,500,000","1,917,500,000","48,871,440",,exact-cusip-schedule-d-crosswalk,"A Schedule DB Part C cash-instrument CUSIP has an exact identifier match in Athene Schedule D, joining the named replication component to a statutory holding row.","CUSIP identity and Schedule D fields are not proof of Schedule DB settlement, counterparty remittance, liability/product hedge allocation, borrower cash, or Apollo owner cash.","Reconcile the matched Schedule D lot to Schedule DB component values, custody/counterparty, derivative cash settlement, liability hedge purpose, and investment-income receipt."
CFAASDBCSD-0071,CFAASDBPC-0075,467,04687#AF5,Interest Rate Swap,049400-AA-2,"ATLAS SECURED ADVANCE FUNDING,",1,CFAASDFR-8514,6023,"ATLAS SECURED ADVANCE FUNDING, ATLAS SECURED ADVANCE FUNDING,",1.F,"1,412,883,456","1,412,500,000","1,412,500,000","1,412,877,374","255,100","19,016,711",exact-cusip-schedule-d-crosswalk,"A Schedule DB Part C cash-instrument CUSIP has an exact identifier match in Athene Schedule D, joining the named replication component to a statutory holding row.","CUSIP identity and Schedule D fields are not proof of Schedule DB settlement, counterparty remittance, liability/product hedge allocation, borrower cash, or Apollo owner cash.","Reconcile the matched Schedule D lot to Schedule DB component values, custody/counterparty, derivative cash settlement, liability hedge purpose, and investment-income receipt."
CFAASDBCSD-0072,CFAASDBPC-0076,467,04687#AF5,Interest Rate Swap,04941*-AA-2,ATLAS Funding 1 A1A,1,CFAASDFR-8441,6021,Atlas Securitized Products Fun ATLAS Funding 1 A1A,1.C,"766,154,085","767,011,253","766,014,138","766,160,421","110,524","30,316,172",exact-cusip-schedule-d-crosswalk,"A Schedule DB Part C cash-instrument CUSIP has an exact identifier match in Athene Schedule D, joining the named replication component to a statutory holding row.","CUSIP identity and Schedule D fields are not proof of Schedule DB settlement, counterparty remittance, liability/product hedge allocation, borrower cash, or Apollo owner cash.","Reconcile the matched Schedule D lot to Schedule DB component values, custody/counterparty, derivative cash settlement, liability hedge purpose, and investment-income receipt."
CFAASDBCSD-0073,CFAASDBPC-0077,467,04687#AH1,Interest Rate Swap,00112H-AC-1,ACREC 2025-FL3 AS,1,CFAASDFR-6079,5973,Acrec 2025 Fl 3 LLC ACREC 2025-FL3 AS,1.A,"30,645,040","30,787,000","30,568,542","30,645,040","64,347","857,745",exact-cusip-schedule-d-crosswalk,"A Schedule DB Part C cash-instrument CUSIP has an exact identifier match in Athene Schedule D, joining the named replication component to a statutory holding row.","CUSIP identity and Schedule D fields are not proof of Schedule DB settlement, counterparty remittance, liability/product hedge allocation, borrower cash, or Apollo owner cash.","Reconcile the matched Schedule D lot to Schedule DB component values, custody/counterparty, derivative cash settlement, liability hedge purpose, and investment-income receipt."
CFAASDBCSD-0074,CFAASDBPC-0078,467,04687#AH1,Interest Rate Swap,00112H-AE-7,ACREC 2025-FL3 B,1,CFAASDFR-6080,5973,Acrec 2025 Fl 3 LLC ACREC 2025-FL3 B,1.D,"5,082,795","5,119,000","5,083,768","5,084,545","11,298","125,597",exact-cusip-schedule-d-crosswalk,"A Schedule DB Part C cash-instrument CUSIP has an exact identifier match in Athene Schedule D, joining the named replication component to a statutory holding row.","CUSIP identity and Schedule D fields are not proof of Schedule DB settlement, counterparty remittance, liability/product hedge allocation, borrower cash, or Apollo owner cash.","Reconcile the matched Schedule D lot to Schedule DB component values, custody/counterparty, derivative cash settlement, liability hedge purpose, and investment-income receipt."
CFAASDBCSD-0075,CFAASDBPC-0079,467,04687#AH1,Interest Rate Swap,00501D-AB-1,ACRES 2025-FL3 AS,1,CFAASDFR-6505,5982,ACRES 2025-FL3 LLC ACRES 2025-FL3 AS,1.A,"64,638,000","64,800,000","64,964,100","64,638,000","143,573","1,827,021",exact-cusip-schedule-d-crosswalk,"A Schedule DB Part C cash-instrument CUSIP has an exact identifier match in Athene Schedule D, joining the named replication component to a statutory holding row.","CUSIP identity and Schedule D fields are not proof of Schedule DB settlement, counterparty remittance, liability/product hedge allocation, borrower cash, or Apollo owner cash.","Reconcile the matched Schedule D lot to Schedule DB component values, custody/counterparty, derivative cash settlement, liability hedge purpose, and investment-income receipt."
CFAASDBCSD-0076,CFAASDBPC-0080,467,04687#AH1,Interest Rate Swap,00501D-AC-9,ACRES 2025-FL3 B,1,CFAASDFR-6506,5982,ACRES 2025-FL3 LLC ACRES 2025-FL3 B,1.D,"62,964,125","63,100,000","63,334,410","62,897,600","150,698","1,906,868",exact-cusip-schedule-d-crosswalk,"A Schedule DB Part C cash-instrument CUSIP has an exact identifier match in Athene Schedule D, joining the named replication component to a statutory holding row.","CUSIP identity and Schedule D fields are not proof of Schedule DB settlement, counterparty remittance, liability/product hedge allocation, borrower cash, or Apollo owner cash.","Reconcile the matched Schedule D lot to Schedule DB component values, custody/counterparty, derivative cash settlement, liability hedge purpose, and investment-income receipt."
CFAASDBCSD-0077,CFAASDBPC-0081,467,04687#AH1,Interest Rate Swap,00501D-AD-7,ACRES 2025-FL3 C,1,CFAASDFR-6507,5982,ACRES 2025-FL3 LLC ACRES 2025-FL3 C,1.G,"26,473,650","26,540,000","26,636,967","26,443,617","68,972","867,600",exact-cusip-schedule-d-crosswalk,"A Schedule DB Part C cash-instrument CUSIP has an exact identifier match in Athene Schedule D, joining the named replication component to a statutory holding row.","CUSIP identity and Schedule D fields are not proof of Schedule DB settlement, counterparty remittance, liability/product hedge allocation, borrower cash, or Apollo owner cash.","Reconcile the matched Schedule D lot to Schedule DB component values, custody/counterparty, derivative cash settlement, liability hedge purpose, and investment-income receipt."
CFAASDBCSD-0078,CFAASDBPC-0082,467,04687#AH1,Interest Rate Swap,00501D-AE-5,ACRES 2025-FL3 D,1,CFAASDFR-6508,5982,ACRES 2025-FL3 LLC ACRES 2025-FL3 D,2.B,"14,857,763","14,895,000","14,948,215","14,840,889","42,417","530,422",exact-cusip-schedule-d-crosswalk,"A Schedule DB Part C cash-instrument CUSIP has an exact identifier match in Athene Schedule D, joining the named replication component to a statutory holding row.","CUSIP identity and Schedule D fields are not proof of Schedule DB settlement, counterparty remittance, liability/product hedge allocation, borrower cash, or Apollo owner cash.","Reconcile the matched Schedule D lot to Schedule DB component values, custody/counterparty, derivative cash settlement, liability hedge purpose, and investment-income receipt."
CFAASDBCSD-0079,CFAASDBPC-0083,467,04687#AH1,Interest Rate Swap,00501D-AF-2,ACRES 2025-FL3 E,1,CFAASDFR-6509,5982,ACRES 2025-FL3 LLC ACRES 2025-FL3 E,2.C,"5,087,250","5,100,000","5,117,786","5,081,503","15,989","198,804",exact-cusip-schedule-d-crosswalk,"A Schedule DB Part C cash-instrument CUSIP has an exact identifier match in Athene Schedule D, joining the named replication component to a statutory holding row.","CUSIP identity and Schedule D fields are not proof of Schedule DB settlement, counterparty remittance, liability/product hedge allocation, borrower cash, or Apollo owner cash.","Reconcile the matched Schedule D lot to Schedule DB component values, custody/counterparty, derivative cash settlement, liability hedge purpose, and investment-income receipt."
CFAASDBCSD-0080,CFAASDBPC-0084,467,04687#AH1,Interest Rate Swap,01448M-AB-5,ALESC 3A A2,1,CFAASDFR-7045,5993,ALESCO Preferred Funding III L ALESC 3A A2,1.A,"4,459,475","4,941,246","4,799,445","4,662,292","52,632","270,297",exact-cusip-schedule-d-crosswalk,"A Schedule DB Part C cash-instrument CUSIP has an exact identifier match in Athene Schedule D, joining the named replication component to a statutory holding row.","CUSIP identity and Schedule D fields are not proof of Schedule DB settlement, counterparty remittance, liability/product hedge allocation, borrower cash, or Apollo owner cash.","Reconcile the matched Schedule D lot to Schedule DB component values, custody/counterparty, derivative cash settlement, liability hedge purpose, and investment-income receipt."
CFAASDBCSD-0081,CFAASDBPC-0085,467,04687#AH1,Interest Rate Swap,03844C-AB-3,Aqua AssetCo Borrower Trust D - A2,1,CFAASDFR-8434,6021,Aqua AssetCo Borrower Trust D A2,1.D,"45,299,223","45,299,223","47,650,253","45,299,223","128,537","525,320",exact-cusip-schedule-d-crosswalk,"A Schedule DB Part C cash-instrument CUSIP has an exact identifier match in Athene Schedule D, joining the named replication component to a statutory holding row.","CUSIP identity and Schedule D fields are not proof of Schedule DB settlement, counterparty remittance, liability/product hedge allocation, borrower cash, or Apollo owner cash.","Reconcile the matched Schedule D lot to Schedule DB component values, custody/counterparty, derivative cash settlement, liability hedge purpose, and investment-income receipt."
CFAASDBCSD-0082,CFAASDBPC-0086,467,04687#AH1,Interest Rate Swap,03844C-AD-9,Aqua AssetCo Borrower Trust D - B,1,CFAASDFR-8435,6021,Aqua AssetCo Borrower Trust D B,1.G,"28,013,917","28,013,917","30,196,201","28,013,917","85,326","522,390",exact-cusip-schedule-d-crosswalk,"A Schedule DB Part C cash-instrument CUSIP has an exact identifier match in Athene Schedule D, joining the named replication component to a statutory holding row.","CUSIP identity and Schedule D fields are not proof of Schedule DB settlement, counterparty remittance, liability/product hedge allocation, borrower cash, or Apollo owner cash.","Reconcile the matched Schedule D lot to Schedule DB component values, custody/counterparty, derivative cash settlement, liability hedge purpose, and investment-income receipt."
CFAASDBCSD-0083,CFAASDBPC-0087,468,04687#AH1,Interest Rate Swap,03844C-AE-7,Aqua AssetCo Borrower Trust D - C,1,CFAASDFR-8436,6021,Aqua AssetCo Borrower Trust D C,2.B,"16,808,350","16,808,350","19,173,275","16,808,350","64,152","391,172",exact-cusip-schedule-d-crosswalk,"A Schedule DB Part C cash-instrument CUSIP has an exact identifier match in Athene Schedule D, joining the named replication component to a statutory holding row.","CUSIP identity and Schedule D fields are not proof of Schedule DB settlement, counterparty remittance, liability/product hedge allocation, borrower cash, or Apollo owner cash.","Reconcile the matched Schedule D lot to Schedule DB component values, custody/counterparty, derivative cash settlement, liability hedge purpose, and investment-income receipt."
CFAASDBCSD-0084,CFAASDBPC-0088,468,04687#AH1,Interest Rate Swap,040104-PD-7,ARSI 2005-W3 M2,1,CFAASDFR-3795,5921,Argent Securities Inc Asset-Ba ARSI 2005-W3 M2,1.A,"14,663,000","17,200,000","15,444,212","14,850,588","13,004","271,014",exact-cusip-schedule-d-crosswalk,"A Schedule DB Part C cash-instrument CUSIP has an exact identifier match in Athene Schedule D, joining the named replication component to a statutory holding row.","CUSIP identity and Schedule D fields are not proof of Schedule DB settlement, counterparty remittance, liability/product hedge allocation, borrower cash, or Apollo owner cash.","Reconcile the matched Schedule D lot to Schedule DB component values, custody/counterparty, derivative cash settlement, liability hedge purpose, and investment-income receipt."
CFAASDBCSD-0085,CFAASDBPC-0089,468,04687#AH1,Interest Rate Swap,05555M-AG-4,BDS 2024-FL13 C,1,CFAASDFR-6556,5983,BDS 2024-FL13 LLC BDS 2024-FL13 C,1.G,"7,980,000","8,000,000","7,938,349","7,961,894","18,261","558,749",exact-cusip-schedule-d-crosswalk,"A Schedule DB Part C cash-instrument CUSIP has an exact identifier match in Athene Schedule D, joining the named replication component to a statutory holding row.","CUSIP identity and Schedule D fields are not proof of Schedule DB settlement, counterparty remittance, liability/product hedge allocation, borrower cash, or Apollo owner cash.","Reconcile the matched Schedule D lot to Schedule DB component values, custody/counterparty, derivative cash settlement, liability hedge purpose, and investment-income receipt."
CFAASDBCSD-0086,CFAASDBPC-0090,468,04687#AH1,Interest Rate Swap,05555M-AJ-8,BDS 2024-FL13 D,1,CFAASDFR-6557,5983,BDS 2024-FL13 LLC BDS 2024-FL13 D,2.B,"4,987,500","5,000,000","4,960,200","4,975,941","13,396","404,892",exact-cusip-schedule-d-crosswalk,"A Schedule DB Part C cash-instrument CUSIP has an exact identifier match in Athene Schedule D, joining the named replication component to a statutory holding row.","CUSIP identity and Schedule D fields are not proof of Schedule DB settlement, counterparty remittance, liability/product hedge allocation, borrower cash, or Apollo owner cash.","Reconcile the matched Schedule D lot to Schedule DB component values, custody/counterparty, derivative cash settlement, liability hedge purpose, and investment-income receipt."
CFAASDBCSD-0087,CFAASDBPC-0091,468,04687#AH1,Interest Rate Swap,05556E-AG-1,BDS 2025-FL15 C,1,CFAASDFR-6558,5983,BDS 2025-FL15 LLC BDS 2025-FL15 C,1.G,"3,000,000","3,000,000","3,005,175","3,000,000","6,371","59,568",exact-cusip-schedule-d-crosswalk,"A Schedule DB Part C cash-instrument CUSIP has an exact identifier match in Athene Schedule D, joining the named replication component to a statutory holding row.","CUSIP identity and Schedule D fields are not proof of Schedule DB settlement, counterparty remittance, liability/product hedge allocation, borrower cash, or Apollo owner cash.","Reconcile the matched Schedule D lot to Schedule DB component values, custody/counterparty, derivative cash settlement, liability hedge purpose, and investment-income receipt."
CFAASDBCSD-0088,CFAASDBPC-0092,468,04687#AH1,Interest Rate Swap,05556E-AJ-5,BDS 2025-FL15 D,1,CFAASDFR-6559,5983,BDS 2025-FL15 LLC BDS 2025-FL15 D,2.B,"10,500,000","10,500,000","10,518,033","10,500,000","23,247","216,726",exact-cusip-schedule-d-crosswalk,"A Schedule DB Part C cash-instrument CUSIP has an exact identifier match in Athene Schedule D, joining the named replication component to a statutory holding row.","CUSIP identity and Schedule D fields are not proof of Schedule DB settlement, counterparty remittance, liability/product hedge allocation, borrower cash, or Apollo owner cash.","Reconcile the matched Schedule D lot to Schedule DB component values, custody/counterparty, derivative cash settlement, liability hedge purpose, and investment-income receipt."
CFAASDBCSD-0089,CFAASDBPC-0093,468,04687#AH1,Interest Rate Swap,05615K-AC-5,BSPDF 2025-FL2 AS,1,CFAASDFR-6138,5974,BSPDF 2025-FL2 Issuer LLC BSPDF 2025-FL2 AS,1.A,"19,394,393","19,443,000","19,500,252","19,394,393","52,262","664,103",exact-cusip-schedule-d-crosswalk,"A Schedule DB Part C cash-instrument CUSIP has an exact identifier match in Athene Schedule D, joining the named replication component to a statutory holding row.","CUSIP identity and Schedule D fields are not proof of Schedule DB settlement, counterparty remittance, liability/product hedge allocation, borrower cash, or Apollo owner cash.","Reconcile the matched Schedule D lot to Schedule DB component values, custody/counterparty, derivative cash settlement, liability hedge purpose, and investment-income receipt."
CFAASDBCSD-0090,CFAASDBPC-0094,468,04687#AH1,Interest Rate Swap,05615K-AE-1,BSPDF 2025-FL2 B,1,CFAASDFR-6139,5974,BSPDF 2025-FL2 Issuer LLC BSPDF 2025-FL2 B,1.D,"39,534,915","39,634,000","40,067,497","39,486,651","114,020","1,441,831",exact-cusip-schedule-d-crosswalk,"A Schedule DB Part C cash-instrument CUSIP has an exact identifier match in Athene Schedule D, joining the named replication component to a statutory holding row.","CUSIP identity and Schedule D fields are not proof of Schedule DB settlement, counterparty remittance, liability/product hedge allocation, borrower cash, or Apollo owner cash.","Reconcile the matched Schedule D lot to Schedule DB component values, custody/counterparty, derivative cash settlement, liability hedge purpose, and investment-income receipt."
CFAASDBCSD-0091,CFAASDBPC-0095,468,04687#AH1,Interest Rate Swap,05615K-AG-6,BSPDF 2025-FL2 C,1,CFAASDFR-6140,5974,BSPDF 2025-FL2 Issuer LLC BSPDF 2025-FL2 C,1.G,"29,528,993","29,603,000","29,923,503","29,479,263","92,153","1,159,148",exact-cusip-schedule-d-crosswalk,"A Schedule DB Part C cash-instrument CUSIP has an exact identifier match in Athene Schedule D, joining the named replication component to a statutory holding row.","CUSIP identity and Schedule D fields are not proof of Schedule DB settlement, counterparty remittance, liability/product hedge allocation, borrower cash, or Apollo owner cash.","Reconcile the matched Schedule D lot to Schedule DB component values, custody/counterparty, derivative cash settlement, liability hedge purpose, and investment-income receipt."
CFAASDBCSD-0092,CFAASDBPC-0096,468,04687#AH1,Interest Rate Swap,05619B-AG-2,BSPRT 2025-FL12 C,1,CFAASDFR-6142,5974,BSPRT 2025-FL12 Issuer LLC BSPRT 2025-FL12 C,1.G,"8,877,750","8,900,000","8,923,633","8,868,383","22,000","96,476",exact-cusip-schedule-d-crosswalk,"A Schedule DB Part C cash-instrument CUSIP has an exact identifier match in Athene Schedule D, joining the named replication component to a statutory holding row.","CUSIP identity and Schedule D fields are not proof of Schedule DB settlement, counterparty remittance, liability/product hedge allocation, borrower cash, or Apollo owner cash.","Reconcile the matched Schedule D lot to Schedule DB component values, custody/counterparty, derivative cash settlement, liability hedge purpose, and investment-income receipt."
CFAASDBCSD-0093,CFAASDBPC-0097,468,04687#AH1,Interest Rate Swap,07388C-AF-7,BSABS 2006-HE5 M2,1,CFAASDFR-3987,5925,Bear Stearns Asset Backed Secu BSABS 2006-HE5 M2 .,1.A,"6,044,921","6,754,076","6,531,854","2,299,338","4,870","323,116",exact-cusip-schedule-d-crosswalk,"A Schedule DB Part C cash-instrument CUSIP has an exact identifier match in Athene Schedule D, joining the named replication component to a statutory holding row.","CUSIP identity and Schedule D fields are not proof of Schedule DB settlement, counterparty remittance, liability/product hedge allocation, borrower cash, or Apollo owner cash.","Reconcile the matched Schedule D lot to Schedule DB component values, custody/counterparty, derivative cash settlement, liability hedge purpose, and investment-income receipt."
CFAASDBCSD-0094,CFAASDBPC-0098,468,04687#AH1,Interest Rate Swap,088928-AA-4,BHMS 2025-ATLS A,1,CFAASDFR-6254,5976,BHMS Commercial Mortgage Trust BHMS 2025-ATLS A,1.A,"100,000,000","100,000,000","100,297,150","100,000,000","264,450","2,025,630",exact-cusip-schedule-d-crosswalk,"A Schedule DB Part C cash-instrument CUSIP has an exact identifier match in Athene Schedule D, joining the named replication component to a statutory holding row.","CUSIP identity and Schedule D fields are not proof of Schedule DB settlement, counterparty remittance, liability/product hedge allocation, borrower cash, or Apollo owner cash.","Reconcile the matched Schedule D lot to Schedule DB component values, custody/counterparty, derivative cash settlement, liability hedge purpose, and investment-income receipt."
CFAASDBCSD-0095,CFAASDBPC-0099,468,04687#AH1,Interest Rate Swap,26860F-AB-6,ELMCL 2024-GTWY B,1,CFAASDFR-6313,5978,ELMCL Commercial Mortgage Trus ELMCL 2024-GTWY B .,1.D,"29,241,726","29,241,726","29,538,593","29,241,726","100,114","2,302,375",exact-cusip-schedule-d-crosswalk,"A Schedule DB Part C cash-instrument CUSIP has an exact identifier match in Athene Schedule D, joining the named replication component to a statutory holding row.","CUSIP identity and Schedule D fields are not proof of Schedule DB settlement, counterparty remittance, liability/product hedge allocation, borrower cash, or Apollo owner cash.","Reconcile the matched Schedule D lot to Schedule DB component values, custody/counterparty, derivative cash settlement, liability hedge purpose, and investment-income receipt."
CFAASDBCSD-0096,CFAASDBPC-0100,468,04687#AH1,Interest Rate Swap,362414-AC-8,GWT 2024-WLF2 B,1,CFAASDFR-6324,5978,GWT 2024-WLF2 GWT 2024-WLF2 B,1.A,"72,337,352","72,500,000","72,469,862","72,409,217","201,675","4,704,538",exact-cusip-schedule-d-crosswalk,"A Schedule DB Part C cash-instrument CUSIP has an exact identifier match in Athene Schedule D, joining the named replication component to a statutory holding row.","CUSIP identity and Schedule D fields are not proof of Schedule DB settlement, counterparty remittance, liability/product hedge allocation, borrower cash, or Apollo owner cash.","Reconcile the matched Schedule D lot to Schedule DB component values, custody/counterparty, derivative cash settlement, liability hedge purpose, and investment-income receipt."
CFAASDBCSD-0097,CFAASDBPC-0101,468,04687#AH1,Interest Rate Swap,362414-AE-4,GWT 2024-WLF2 C,1,CFAASDFR-6325,5978,GWT 2024-WLF2 GWT 2024-WLF2 C,1.A,"55,963,209","56,100,000","56,076,169","56,023,762","163,991","3,812,334",exact-cusip-schedule-d-crosswalk,"A Schedule DB Part C cash-instrument CUSIP has an exact identifier match in Athene Schedule D, joining the named replication component to a statutory holding row.","CUSIP identity and Schedule D fields are not proof of Schedule DB settlement, counterparty remittance, liability/product hedge allocation, borrower cash, or Apollo owner cash.","Reconcile the matched Schedule D lot to Schedule DB component values, custody/counterparty, derivative cash settlement, liability hedge purpose, and investment-income receipt."
CFAASDBCSD-0098,CFAASDBPC-0102,468,04687#AH1,Interest Rate Swap,362414-AG-9,GWT 2024-WLF2 D,1,CFAASDFR-6326,5978,GWT 2024-WLF2 GWT 2024-WLF2 D,1.A,"60,847,500","61,000,000","61,140,794","60,916,860","192,697","4,454,110",exact-cusip-schedule-d-crosswalk,"A Schedule DB Part C cash-instrument CUSIP has an exact identifier match in Athene Schedule D, joining the named replication component to a statutory holding row.","CUSIP identity and Schedule D fields are not proof of Schedule DB settlement, counterparty remittance, liability/product hedge allocation, borrower cash, or Apollo owner cash.","Reconcile the matched Schedule D lot to Schedule DB component values, custody/counterparty, derivative cash settlement, liability hedge purpose, and investment-income receipt."
CFAASDBCSD-0099,CFAASDBPC-0103,468,04687#AH1,Interest Rate Swap,36270A-AB-0,GSMBS 2024-HE1 M1,1,CFAASDFR-4758,5943,GS Mortgage-Backed Securities GSMBS 2024-HE1 M1,1.C,"6,981,735","6,930,000","6,989,548","6,973,214","7,188","462,009",exact-cusip-schedule-d-crosswalk,"A Schedule DB Part C cash-instrument CUSIP has an exact identifier match in Athene Schedule D, joining the named replication component to a statutory holding row.","CUSIP identity and Schedule D fields are not proof of Schedule DB settlement, counterparty remittance, liability/product hedge allocation, borrower cash, or Apollo owner cash.","Reconcile the matched Schedule D lot to Schedule DB component values, custody/counterparty, derivative cash settlement, liability hedge purpose, and investment-income receipt."
CFAASDBCSD-0100,CFAASDBPC-0104,468,04687#AH1,Interest Rate Swap,45339N-AA-4,INCREF 2025-FL1 A,1,CFAASDFR-6345,5978,INCREF 2025-FL1 LLC INCREF 2025-FL1 A,1.A,"179,549,982","180,000,000","180,441,558","179,119,977","354,862","6,720,730",exact-cusip-schedule-d-crosswalk,"A Schedule DB Part C cash-instrument CUSIP has an exact identifier match in Athene Schedule D, joining the named replication component to a statutory holding row.","CUSIP identity and Schedule D fields are not proof of Schedule DB settlement, counterparty remittance, liability/product hedge allocation, borrower cash, or Apollo owner cash.","Reconcile the matched Schedule D lot to Schedule DB component values, custody/counterparty, derivative cash settlement, liability hedge purpose, and investment-income receipt."
CFAASDBCSD-0101,CFAASDBPC-0105,468,04687#AH1,Interest Rate Swap,45660L-VZ-9,INDX 2005-AR18 1A1,2,CFAASDFR-4897,5946,IndyMac INDX Mortgage Loan Tru INDX 2005-AR18 1A1,2.C,"2,113,535","4,938,518","2,060,979","2,067,497","3,676","71,891",exact-cusip-multiple-schedule-d-rows,"A Schedule DB Part C cash-instrument CUSIP has an exact identifier match in Athene Schedule D, joining the named replication component to a statutory holding row.","CUSIP identity and Schedule D fields are not proof of Schedule DB settlement, counterparty remittance, liability/product hedge allocation, borrower cash, or Apollo owner cash.","Reconcile the matched Schedule D lot to Schedule DB component values, custody/counterparty, derivative cash settlement, liability hedge purpose, and investment-income receipt."
CFAASDBCSD-0102,CFAASDBPC-0105,468,04687#AH1,Interest Rate Swap,45660L-VZ-9,INDX 2005-AR18 1A1,2,CFAASDFR-4898,5946,IndyMac INDX Mortgage Loan Tru INDX 2005-AR18 1A1,3.A,"8,982,403","20,874,139","8,711,350","8,784,669","15,538","303,868",exact-cusip-multiple-schedule-d-rows,"A Schedule DB Part C cash-instrument CUSIP has an exact identifier match in Athene Schedule D, joining the named replication component to a statutory holding row.","CUSIP identity and Schedule D fields are not proof of Schedule DB settlement, counterparty remittance, liability/product hedge allocation, borrower cash, or Apollo owner cash.","Reconcile the matched Schedule D lot to Schedule DB component values, custody/counterparty, derivative cash settlement, liability hedge purpose, and investment-income receipt."
CFAASDBCSD-0103,CFAASDBPC-0106,468,04687#AH1,Interest Rate Swap,45660L-VZ-9,INDX 2005-AR18 1A1,2,CFAASDFR-4897,5946,IndyMac INDX Mortgage Loan Tru INDX 2005-AR18 1A1,2.C,"2,113,535","4,938,518","2,060,979","2,067,497","3,676","71,891",exact-cusip-multiple-schedule-d-rows,"A Schedule DB Part C cash-instrument CUSIP has an exact identifier match in Athene Schedule D, joining the named replication component to a statutory holding row.","CUSIP identity and Schedule D fields are not proof of Schedule DB settlement, counterparty remittance, liability/product hedge allocation, borrower cash, or Apollo owner cash.","Reconcile the matched Schedule D lot to Schedule DB component values, custody/counterparty, derivative cash settlement, liability hedge purpose, and investment-income receipt."
CFAASDBCSD-0104,CFAASDBPC-0106,468,04687#AH1,Interest Rate Swap,45660L-VZ-9,INDX 2005-AR18 1A1,2,CFAASDFR-4898,5946,IndyMac INDX Mortgage Loan Tru INDX 2005-AR18 1A1,3.A,"8,982,403","20,874,139","8,711,350","8,784,669","15,538","303,868",exact-cusip-multiple-schedule-d-rows,"A Schedule DB Part C cash-instrument CUSIP has an exact identifier match in Athene Schedule D, joining the named replication component to a statutory holding row.","CUSIP identity and Schedule D fields are not proof of Schedule DB settlement, counterparty remittance, liability/product hedge allocation, borrower cash, or Apollo owner cash.","Reconcile the matched Schedule D lot to Schedule DB component values, custody/counterparty, derivative cash settlement, liability hedge purpose, and investment-income receipt."
CFAASDBCSD-0105,CFAASDBPC-0107,468,04687#AH1,Interest Rate Swap,52522C-AB-9,LXS 2006-14N 1A1B,1,CFAASDFR-5101,5951,Lehman XS Trust Series 2006-14 LXS 2006-14N 1A1B .,1.A,"7,306,951","7,323,975","8,258,824","8,151,061","5,208","268,127",exact-cusip-schedule-d-crosswalk,"A Schedule DB Part C cash-instrument CUSIP has an exact identifier match in Athene Schedule D, joining the named replication component to a statutory holding row.","CUSIP identity and Schedule D fields are not proof of Schedule DB settlement, counterparty remittance, liability/product hedge allocation, borrower cash, or Apollo owner cash.","Reconcile the matched Schedule D lot to Schedule DB component values, custody/counterparty, derivative cash settlement, liability hedge purpose, and investment-income receipt."
CFAASDBCSD-0106,CFAASDBPC-0108,468,04687#AH1,Interest Rate Swap,539910-AA-7,LMREC 2024-CRE5 A,1,CFAASDFR-6534,5982,LMREC 2024-CRE5 LLC LMREC 2024-CRE5 A,1.A,"95,760,000","96,000,000","95,791,766","95,760,000","148,720","5,941,982",exact-cusip-schedule-d-crosswalk,"A Schedule DB Part C cash-instrument CUSIP has an exact identifier match in Athene Schedule D, joining the named replication component to a statutory holding row.","CUSIP identity and Schedule D fields are not proof of Schedule DB settlement, counterparty remittance, liability/product hedge allocation, borrower cash, or Apollo owner cash.","Reconcile the matched Schedule D lot to Schedule DB component values, custody/counterparty, derivative cash settlement, liability hedge purpose, and investment-income receipt."
CFAASDBCSD-0107,CFAASDBPC-0109,468,04687#AH1,Interest Rate Swap,55285H-AA-0,MF1 2022-B1 A,1,CFAASDFR-6381,5979,MF1 2022-B1 LLC MF1 2022-B1 A,1.A,"878,167,151","880,276,500","882,796,820","879,633,424","2,111,064","54,749,052",exact-cusip-schedule-d-crosswalk,"A Schedule DB Part C cash-instrument CUSIP has an exact identifier match in Athene Schedule D, joining the named replication component to a statutory holding row.","CUSIP identity and Schedule D fields are not proof of Schedule DB settlement, counterparty remittance, liability/product hedge allocation, borrower cash, or Apollo owner cash.","Reconcile the matched Schedule D lot to Schedule DB component values, custody/counterparty, derivative cash settlement, liability hedge purpose, and investment-income receipt."
CFAASDBCSD-0108,CFAASDBPC-0110,468,04687#AH1,Interest Rate Swap,55285H-AE-2,MF1 2022-B1 B,1,CFAASDFR-6382,5979,MF1 2022-B1 LLC MF1 2022-B1 B,1.D,"32,442,964","32,526,250","32,262,735","32,490,419","87,220","2,296,040",exact-cusip-schedule-d-crosswalk,"A Schedule DB Part C cash-instrument CUSIP has an exact identifier match in Athene Schedule D, joining the named replication component to a statutory holding row.","CUSIP identity and Schedule D fields are not proof of Schedule DB settlement, counterparty remittance, liability/product hedge allocation, borrower cash, or Apollo owner cash.","Reconcile the matched Schedule D lot to Schedule DB component values, custody/counterparty, derivative cash settlement, liability hedge purpose, and investment-income receipt."
CFAASDBCSD-0109,CFAASDBPC-0111,468,04687#AH1,Interest Rate Swap,55285H-AL-6,MF1 2022-B1 E,1,CFAASDFR-6385,5979,MF1 2022-B1 LLC MF1 2022-B1 E,2.C,"35,295,397","35,753,750","34,172,469","35,386,920","126,414","3,267,004",exact-cusip-schedule-d-crosswalk,"A Schedule DB Part C cash-instrument CUSIP has an exact identifier match in Athene Schedule D, joining the named replication component to a statutory holding row.","CUSIP identity and Schedule D fields are not proof of Schedule DB settlement, counterparty remittance, liability/product hedge allocation, borrower cash, or Apollo owner cash.","Reconcile the matched Schedule D lot to Schedule DB component values, custody/counterparty, derivative cash settlement, liability hedge purpose, and investment-income receipt."
CFAASDBCSD-0110,CFAASDBPC-0112,468,04687#AH1,Interest Rate Swap,55285H-AN-2,MF1 2022-B1 F,1,CFAASDFR-6386,5979,MF1 2022-B1 LLC MF1 2022-B1 F,2.C,"42,464,797","42,455,000","40,156,788","42,475,405","163,375","4,202,167",exact-cusip-schedule-d-crosswalk,"A Schedule DB Part C cash-instrument CUSIP has an exact identifier match in Athene Schedule D, joining the named replication component to a statutory holding row.","CUSIP identity and Schedule D fields are not proof of Schedule DB settlement, counterparty remittance, liability/product hedge allocation, borrower cash, or Apollo owner cash.","Reconcile the matched Schedule D lot to Schedule DB component values, custody/counterparty, derivative cash settlement, liability hedge purpose, and investment-income receipt."
CFAASDBCSD-0111,CFAASDBPC-0113,468,04687#AH1,Interest Rate Swap,55287E-AC-1,MF1 2024-FL16 AS,1,CFAASDFR-6388,5979,MF1 2024-FL16 MF1 2024-FL16 AS,1.A,"55,988,179","56,128,500","56,198,919","55,988,179","123,905","3,530,772",exact-cusip-schedule-d-crosswalk,"A Schedule DB Part C cash-instrument CUSIP has an exact identifier match in Athene Schedule D, joining the named replication component to a statutory holding row.","CUSIP identity and Schedule D fields are not proof of Schedule DB settlement, counterparty remittance, liability/product hedge allocation, borrower cash, or Apollo owner cash.","Reconcile the matched Schedule D lot to Schedule DB component values, custody/counterparty, derivative cash settlement, liability hedge purpose, and investment-income receipt."
CFAASDBCSD-0112,CFAASDBPC-0114,468,04687#AH1,Interest Rate Swap,55287E-AE-7,MF1 2024-FL16 B,1,CFAASDFR-6389,5979,MF1 2024-FL16 MF1 2024-FL16 B,1.D,"20,738,025","20,790,000","20,801,699","20,730,247","47,511","1,349,956",exact-cusip-schedule-d-crosswalk,"A Schedule DB Part C cash-instrument CUSIP has an exact identifier match in Athene Schedule D, joining the named replication component to a statutory holding row.","CUSIP identity and Schedule D fields are not proof of Schedule DB settlement, counterparty remittance, liability/product hedge allocation, borrower cash, or Apollo owner cash.","Reconcile the matched Schedule D lot to Schedule DB component values, custody/counterparty, derivative cash settlement, liability hedge purpose, and investment-income receipt."
CFAASDBCSD-0113,CFAASDBPC-0115,468,04687#AH1,Interest Rate Swap,55287E-AG-2,MF1 2024-FL16 C,1,CFAASDFR-6390,5979,MF1 2024-FL16 MF1 2024-FL16 C,1.G,"28,977,375","29,050,000","29,046,101","28,966,286","70,907","2,004,115",exact-cusip-schedule-d-crosswalk,"A Schedule DB Part C cash-instrument CUSIP has an exact identifier match in Athene Schedule D, joining the named replication component to a statutory holding row.","CUSIP identity and Schedule D fields are not proof of Schedule DB settlement, counterparty remittance, liability/product hedge allocation, borrower cash, or Apollo owner cash.","Reconcile the matched Schedule D lot to Schedule DB component values, custody/counterparty, derivative cash settlement, liability hedge purpose, and investment-income receipt."
CFAASDBCSD-0114,CFAASDBPC-0116,468,04687#AH1,Interest Rate Swap,55287E-AJ-6,MF1 2024-FL16 D,1,CFAASDFR-6391,5979,MF1 2024-FL16 MF1 2024-FL16 D,2.B,"21,097,125","21,150,000","21,036,033","21,089,459","60,244","1,683,837",exact-cusip-schedule-d-crosswalk,"A Schedule DB Part C cash-instrument CUSIP has an exact identifier match in Athene Schedule D, joining the named replication component to a statutory holding row.","CUSIP identity and Schedule D fields are not proof of Schedule DB settlement, counterparty remittance, liability/product hedge allocation, borrower cash, or Apollo owner cash.","Reconcile the matched Schedule D lot to Schedule DB component values, custody/counterparty, derivative cash settlement, liability hedge purpose, and investment-income receipt."
CFAASDBCSD-0115,CFAASDBPC-0117,469,04687#AH1,Interest Rate Swap,58003M-AC-0,MF1 2024-FL15 AS,1,CFAASDFR-6400,5979,MF1 2024-FL15 MF1 2024-FL15 AS,1.A,"21,446,250","21,500,000","21,524,452","21,434,048","48,281","1,373,824",exact-cusip-schedule-d-crosswalk,"A Schedule DB Part C cash-instrument CUSIP has an exact identifier match in Athene Schedule D, joining the named replication component to a statutory holding row.","CUSIP identity and Schedule D fields are not proof of Schedule DB settlement, counterparty remittance, liability/product hedge allocation, borrower cash, or Apollo owner cash.","Reconcile the matched Schedule D lot to Schedule DB component values, custody/counterparty, derivative cash settlement, liability hedge purpose, and investment-income receipt."
CFAASDBCSD-0116,CFAASDBPC-0118,469,04687#AH1,Interest Rate Swap,58003M-AE-6,MF1 2024-FL15 B,1,CFAASDFR-6401,5979,MF1 2024-FL15 MF1 2024-FL15 B,1.D,"33,915,000","34,000,000","34,017,857","33,894,713","82,315","2,328,028",exact-cusip-schedule-d-crosswalk,"A Schedule DB Part C cash-instrument CUSIP has an exact identifier match in Athene Schedule D, joining the named replication component to a statutory holding row.","CUSIP identity and Schedule D fields are not proof of Schedule DB settlement, counterparty remittance, liability/product hedge allocation, borrower cash, or Apollo owner cash.","Reconcile the matched Schedule D lot to Schedule DB component values, custody/counterparty, derivative cash settlement, liability hedge purpose, and investment-income receipt."
CFAASDBCSD-0117,CFAASDBPC-0119,469,04687#AH1,Interest Rate Swap,592918-AC-0,MF1 2025-B2 AS,1,CFAASDFR-6404,5979,MF1 2025-B2 LLC MF1 2025-B2 AS,1.A,"90,000,000","90,000,000","91,180,395","90,000,000","201,406","3,762,950",exact-cusip-schedule-d-crosswalk,"A Schedule DB Part C cash-instrument CUSIP has an exact identifier match in Athene Schedule D, joining the named replication component to a statutory holding row.","CUSIP identity and Schedule D fields are not proof of Schedule DB settlement, counterparty remittance, liability/product hedge allocation, borrower cash, or Apollo owner cash.","Reconcile the matched Schedule D lot to Schedule DB component values, custody/counterparty, derivative cash settlement, liability hedge purpose, and investment-income receipt."
CFAASDBCSD-0118,CFAASDBPC-0120,469,04687#AH1,Interest Rate Swap,592918-AJ-5,MF1 2025-B2 D,1,CFAASDFR-6407,5979,MF1 2025-B2 LLC MF1 2025-B2 D,2.B,"17,486,000","17,486,000","17,742,824","17,486,000","48,311","889,133",exact-cusip-schedule-d-crosswalk,"A Schedule DB Part C cash-instrument CUSIP has an exact identifier match in Athene Schedule D, joining the named replication component to a statutory holding row.","CUSIP identity and Schedule D fields are not proof of Schedule DB settlement, counterparty remittance, liability/product hedge allocation, borrower cash, or Apollo owner cash.","Reconcile the matched Schedule D lot to Schedule DB component values, custody/counterparty, derivative cash settlement, liability hedge purpose, and investment-income receipt."
CFAASDBCSD-0119,CFAASDBPC-0121,469,04687#AH1,Interest Rate Swap,59319C-AG-0,MF1 2025-FL20 C,1,CFAASDFR-6409,5980,MF1 2025-FL20 LLC MF1 2025-FL20 C,1.G,"19,950,000","19,950,000","19,984,424","19,950,000","45,654","388,303",exact-cusip-schedule-d-crosswalk,"A Schedule DB Part C cash-instrument CUSIP has an exact identifier match in Athene Schedule D, joining the named replication component to a statutory holding row.","CUSIP identity and Schedule D fields are not proof of Schedule DB settlement, counterparty remittance, liability/product hedge allocation, borrower cash, or Apollo owner cash.","Reconcile the matched Schedule D lot to Schedule DB component values, custody/counterparty, derivative cash settlement, liability hedge purpose, and investment-income receipt."
CFAASDBCSD-0120,CFAASDBPC-0122,469,04687#AH1,Interest Rate Swap,69291W-AC-6,PFP 2024-11 AS,1,CFAASDFR-6539,5982,PFP 2024-11 Ltd PFP 2024-11 AS,1.A,"16,969,817","17,012,348","17,020,487","16,962,927","42,001","1,115,727",exact-cusip-schedule-d-crosswalk,"A Schedule DB Part C cash-instrument CUSIP has an exact identifier match in Athene Schedule D, joining the named replication component to a statutory holding row.","CUSIP identity and Schedule D fields are not proof of Schedule DB settlement, counterparty remittance, liability/product hedge allocation, borrower cash, or Apollo owner cash.","Reconcile the matched Schedule D lot to Schedule DB component values, custody/counterparty, derivative cash settlement, liability hedge purpose, and investment-income receipt."
CFAASDBCSD-0121,CFAASDBPC-0123,469,04687#AH1,Interest Rate Swap,69382J-AB-7,PFP 2025-12 AS,1,CFAASDFR-6542,5982,PFP 2025-12 Ltd PFP 2025-12 AS,1.A,"18,179,438","18,225,000","18,242,312","18,153,934","38,813","555,046",exact-cusip-schedule-d-crosswalk,"A Schedule DB Part C cash-instrument CUSIP has an exact identifier match in Athene Schedule D, joining the named replication component to a statutory holding row.","CUSIP identity and Schedule D fields are not proof of Schedule DB settlement, counterparty remittance, liability/product hedge allocation, borrower cash, or Apollo owner cash.","Reconcile the matched Schedule D lot to Schedule DB component values, custody/counterparty, derivative cash settlement, liability hedge purpose, and investment-income receipt."
CFAASDBCSD-0122,CFAASDBPC-0124,469,04687#AH1,Interest Rate Swap,69382J-AC-5,PFP 2025-12 B,1,CFAASDFR-6543,5982,PFP 2025-12 Ltd PFP 2025-12 B,1.D,"9,073,559","9,096,300","9,101,519","9,060,881","20,434","291,081",exact-cusip-schedule-d-crosswalk,"A Schedule DB Part C cash-instrument CUSIP has an exact identifier match in Athene Schedule D, joining the named replication component to a statutory holding row.","CUSIP identity and Schedule D fields are not proof of Schedule DB settlement, counterparty remittance, liability/product hedge allocation, borrower cash, or Apollo owner cash.","Reconcile the matched Schedule D lot to Schedule DB component values, custody/counterparty, derivative cash settlement, liability hedge purpose, and investment-income receipt."
CFAASDBCSD-0123,CFAASDBPC-0125,469,04687#AH1,Interest Rate Swap,69382J-AD-3,PFP 2025-12 C,1,CFAASDFR-6544,5982,PFP 2025-12 Ltd PFP 2025-12 C,1.G,"20,517,656","20,500,000","20,511,248","20,489,978","50,033","666,814",exact-cusip-schedule-d-crosswalk,"A Schedule DB Part C cash-instrument CUSIP has an exact identifier match in Athene Schedule D, joining the named replication component to a statutory holding row.","CUSIP identity and Schedule D fields are not proof of Schedule DB settlement, counterparty remittance, liability/product hedge allocation, borrower cash, or Apollo owner cash.","Reconcile the matched Schedule D lot to Schedule DB component values, custody/counterparty, derivative cash settlement, liability hedge purpose, and investment-income receipt."
CFAASDBCSD-0124,CFAASDBPC-0126,469,04687#AH1,Interest Rate Swap,70475#-AA-3,Project Pearl Financing,1,CFAASDFR-8357,6019,Pearl 2025-1 LLC Project Pearl Financing,1.G,"30,000,000","30,000,000","30,108,000","30,000,000","90,733","1,161,763",exact-cusip-schedule-d-crosswalk,"A Schedule DB Part C cash-instrument CUSIP has an exact identifier match in Athene Schedule D, joining the named replication component to a statutory holding row.","CUSIP identity and Schedule D fields are not proof of Schedule DB settlement, counterparty remittance, liability/product hedge allocation, borrower cash, or Apollo owner cash.","Reconcile the matched Schedule D lot to Schedule DB component values, custody/counterparty, derivative cash settlement, liability hedge purpose, and investment-income receipt."
CFAASDBCSD-0125,CFAASDBPC-0127,469,04687#AH1,Interest Rate Swap,751150-AA-1,RALI 2006-QO7 1A1,2,CFAASDFR-5507,5960,RALI Series 2006-QO7 Trust RALI 2006-QO7 1A1,2.C,"6,395,512","7,454,233","6,036,664","6,388,684","30,924","390,888",exact-cusip-multiple-schedule-d-rows,"A Schedule DB Part C cash-instrument CUSIP has an exact identifier match in Athene Schedule D, joining the named replication component to a statutory holding row.","CUSIP identity and Schedule D fields are not proof of Schedule DB settlement, counterparty remittance, liability/product hedge allocation, borrower cash, or Apollo owner cash.","Reconcile the matched Schedule D lot to Schedule DB component values, custody/counterparty, derivative cash settlement, liability hedge purpose, and investment-income receipt."
CFAASDBCSD-0126,CFAASDBPC-0127,469,04687#AH1,Interest Rate Swap,751150-AA-1,RALI 2006-QO7 1A1,2,CFAASDFR-5508,5960,RALI Series 2006-QO7 Trust RALI 2006-QO7 1A1,3.A,"4,877,005","5,614,137","4,546,499","4,872,534","23,290","294,397",exact-cusip-multiple-schedule-d-rows,"A Schedule DB Part C cash-instrument CUSIP has an exact identifier match in Athene Schedule D, joining the named replication component to a statutory holding row.","CUSIP identity and Schedule D fields are not proof of Schedule DB settlement, counterparty remittance, liability/product hedge allocation, borrower cash, or Apollo owner cash.","Reconcile the matched Schedule D lot to Schedule DB component values, custody/counterparty, derivative cash settlement, liability hedge purpose, and investment-income receipt."
CFAASDBCSD-0127,CFAASDBPC-0128,469,04687#AH1,Interest Rate Swap,761118-WR-5,RALI 2006-QO3 A3,1,CFAASDFR-5560,5961,RALI Series 2006-QO3 Trust RALI 2006-QO3 A3,1.A,"5,910,049","19,595,344","5,046,381","4,752,392","14,717","656,033",exact-cusip-schedule-d-crosswalk,"A Schedule DB Part C cash-instrument CUSIP has an exact identifier match in Athene Schedule D, joining the named replication component to a statutory holding row.","CUSIP identity and Schedule D fields are not proof of Schedule DB settlement, counterparty remittance, liability/product hedge allocation, borrower cash, or Apollo owner cash.","Reconcile the matched Schedule D lot to Schedule DB component values, custody/counterparty, derivative cash settlement, liability hedge purpose, and investment-income receipt."
CFAASDBCSD-0128,CFAASDBPC-0129,469,04687#AH1,Interest Rate Swap,86361X-AA-7,SAMI 2006-AR8 A1BG,1,CFAASDFR-5725,5965,Structured Asset Mortgage Inve SAMI 2006-AR8 A1BG,1.A,"6,651,363","7,347,664","6,651,363","6,651,363","4,857","334,365",exact-cusip-schedule-d-crosswalk,"A Schedule DB Part C cash-instrument CUSIP has an exact identifier match in Athene Schedule D, joining the named replication component to a statutory holding row.","CUSIP identity and Schedule D fields are not proof of Schedule DB settlement, counterparty remittance, liability/product hedge allocation, borrower cash, or Apollo owner cash.","Reconcile the matched Schedule D lot to Schedule DB component values, custody/counterparty, derivative cash settlement, liability hedge purpose, and investment-income receipt."
CFAASDBCSD-0129,CFAASDBPC-0130,469,04687#AH1,Interest Rate Swap,91835W-AA-7,Varde Partners Inc,1,CFAASDFR-6455,5981,VMC Finance 2025-PV2 LLC Varde Partners Inc,1.A,"422,545,027","423,604,080","425,258,466","422,173,543","916,672","16,119,135",exact-cusip-schedule-d-crosswalk,"A Schedule DB Part C cash-instrument CUSIP has an exact identifier match in Athene Schedule D, joining the named replication component to a statutory holding row.","CUSIP identity and Schedule D fields are not proof of Schedule DB settlement, counterparty remittance, liability/product hedge allocation, borrower cash, or Apollo owner cash.","Reconcile the matched Schedule D lot to Schedule DB component values, custody/counterparty, derivative cash settlement, liability hedge purpose, and investment-income receipt."
CFAASDBCSD-0130,CFAASDBPC-0131,469,04687#AH1,Interest Rate Swap,91835W-AC-3,Varde Partners Inc,1,CFAASDFR-6456,5981,VMC Finance 2025-PV2 LLC Varde Partners Inc,1.A,"68,127,421","68,298,180","68,616,859","67,983,406","161,269","2,816,973",exact-cusip-schedule-d-crosswalk,"A Schedule DB Part C cash-instrument CUSIP has an exact identifier match in Athene Schedule D, joining the named replication component to a statutory holding row.","CUSIP identity and Schedule D fields are not proof of Schedule DB settlement, counterparty remittance, liability/product hedge allocation, borrower cash, or Apollo owner cash.","Reconcile the matched Schedule D lot to Schedule DB component values, custody/counterparty, derivative cash settlement, liability hedge purpose, and investment-income receipt."
CFAASDBCSD-0131,CFAASDBPC-0132,469,04687#AH1,Interest Rate Swap,91835W-AE-9,Varde Partners Inc,1,CFAASDFR-6457,5981,VMC Finance 2025-PV2 LLC Varde Partners Inc,1.D,"54,149,271","54,285,000","54,549,509","54,035,478","135,604","2,353,064",exact-cusip-schedule-d-crosswalk,"A Schedule DB Part C cash-instrument CUSIP has an exact identifier match in Athene Schedule D, joining the named replication component to a statutory holding row.","CUSIP identity and Schedule D fields are not proof of Schedule DB settlement, counterparty remittance, liability/product hedge allocation, borrower cash, or Apollo owner cash.","Reconcile the matched Schedule D lot to Schedule DB component values, custody/counterparty, derivative cash settlement, liability hedge purpose, and investment-income receipt."
CFAASDBCSD-0132,CFAASDBPC-0133,469,04687#AQ1,Interest Rate Swap,03665L-AN-3,ANTR 2018-3A A2R,1,CFAASDFR-7098,5994,Antares CLO 2018-3 LTD ANTR 2018-3A A2R,1.A,"22,000,000","22,000,000","21,856,824","22,000,000","253,589","1,631,340",exact-cusip-schedule-d-crosswalk,"A Schedule DB Part C cash-instrument CUSIP has an exact identifier match in Athene Schedule D, joining the named replication component to a statutory holding row.","CUSIP identity and Schedule D fields are not proof of Schedule DB settlement, counterparty remittance, liability/product hedge allocation, borrower cash, or Apollo owner cash.","Reconcile the matched Schedule D lot to Schedule DB component values, custody/counterparty, derivative cash settlement, liability hedge purpose, and investment-income receipt."
CFAASDBCSD-0133,CFAASDBPC-0134,469,04687#AQ1,Interest Rate Swap,03665L-AQ-6,ANTR 2018-3A BR,1,CFAASDFR-7099,5994,Antares CLO 2018-3 LTD ANTR 2018-3A BR,1.C,"74,500,000","74,500,000","73,772,582","74,500,000","873,852","5,612,056",exact-cusip-schedule-d-crosswalk,"A Schedule DB Part C cash-instrument CUSIP has an exact identifier match in Athene Schedule D, joining the named replication component to a statutory holding row.","CUSIP identity and Schedule D fields are not proof of Schedule DB settlement, counterparty remittance, liability/product hedge allocation, borrower cash, or Apollo owner cash.","Reconcile the matched Schedule D lot to Schedule DB component values, custody/counterparty, derivative cash settlement, liability hedge purpose, and investment-income receipt."
CFAASDBCSD-0134,CFAASDBPC-0135,469,04687#AQ1,Interest Rate Swap,06763D-AF-2,BABSN 2024-4A D1,1,CFAASDFR-7180,5996,Barings CLO Ltd 2024-IV BABSN 2024-4A D1,2.C,"8,000,000","8,000,000","7,979,232","8,000,000","110,059","683,791",exact-cusip-schedule-d-crosswalk,"A Schedule DB Part C cash-instrument CUSIP has an exact identifier match in Athene Schedule D, joining the named replication component to a statutory holding row.","CUSIP identity and Schedule D fields are not proof of Schedule DB settlement, counterparty remittance, liability/product hedge allocation, borrower cash, or Apollo owner cash.","Reconcile the matched Schedule D lot to Schedule DB component values, custody/counterparty, derivative cash settlement, liability hedge purpose, and investment-income receipt."
CFAASDBCSD-0135,CFAASDBPC-0136,469,04687#AQ1,Interest Rate Swap,12553D-AW-7,CIFC 2019-1A BR2,1,CFAASDFR-7205,5996,CIFC Funding 2019-I Ltd CIFC 2019-1A BR2,1.C,"8,000,000","8,000,000","7,985,360","8,000,000","90,592","491,584",exact-cusip-schedule-d-crosswalk,"A Schedule DB Part C cash-instrument CUSIP has an exact identifier match in Athene Schedule D, joining the named replication component to a statutory holding row.","CUSIP identity and Schedule D fields are not proof of Schedule DB settlement, counterparty remittance, liability/product hedge allocation, borrower cash, or Apollo owner cash.","Reconcile the matched Schedule D lot to Schedule DB component values, custody/counterparty, derivative cash settlement, liability hedge purpose, and investment-income receipt."
CFAASDBCSD-0136,CFAASDBPC-0137,469,04687#AQ1,Interest Rate Swap,25255L-AU-6,DCLO 2021-2A A2R,1,CFAASDFR-7292,5998,Diameter Capital Clo 2 Ltd DCLO 2021-2A A2R,1.C,"27,000,000","27,000,000","27,046,035","27,000,000","333,716","1,647,887",exact-cusip-schedule-d-crosswalk,"A Schedule DB Part C cash-instrument CUSIP has an exact identifier match in Athene Schedule D, joining the named replication component to a statutory holding row.","CUSIP identity and Schedule D fields are not proof of Schedule DB settlement, counterparty remittance, liability/product hedge allocation, borrower cash, or Apollo owner cash.","Reconcile the matched Schedule D lot to Schedule DB component values, custody/counterparty, derivative cash settlement, liability hedge purpose, and investment-income receipt."
CFAASDBCSD-0137,CFAASDBPC-0138,469,04687#AQ1,Interest Rate Swap,25255R-AS-8,DCLO 2023-5A C1R,1,CFAASDFR-7298,5998,Diameter Capital CLO 5 Ltd DCLO 2023-5A C1R,2.C,"13,500,000","13,500,000","13,547,088","13,500,000","154,718",,exact-cusip-schedule-d-crosswalk,"A Schedule DB Part C cash-instrument CUSIP has an exact identifier match in Athene Schedule D, joining the named replication component to a statutory holding row.","CUSIP identity and Schedule D fields are not proof of Schedule DB settlement, counterparty remittance, liability/product hedge allocation, borrower cash, or Apollo owner cash.","Reconcile the matched Schedule D lot to Schedule DB component values, custody/counterparty, derivative cash settlement, liability hedge purpose, and investment-income receipt."
CFAASDBCSD-0138,CFAASDBPC-0139,469,04687#AQ1,Interest Rate Swap,29001M-AE-9,ELM34 2024-10A B,1,CFAASDFR-7336,5999,Elmwood CLO 34 Ltd ELM34 2024-10A B,1.C,"90,000,000","90,000,000","90,156,420","90,000,000","1,060,510","4,993,834",exact-cusip-schedule-d-crosswalk,"A Schedule DB Part C cash-instrument CUSIP has an exact identifier match in Athene Schedule D, joining the named replication component to a statutory holding row.","CUSIP identity and Schedule D fields are not proof of Schedule DB settlement, counterparty remittance, liability/product hedge allocation, borrower cash, or Apollo owner cash.","Reconcile the matched Schedule D lot to Schedule DB component values, custody/counterparty, derivative cash settlement, liability hedge purpose, and investment-income receipt."
CFAASDBCSD-0139,CFAASDBPC-0140,469,04687#AQ1,Interest Rate Swap,74971C-AN-3,RRAM 2021-16A BR,1,CFAASDFR-8162,6015,RR 16 Ltd RRAM 2021-16A BR,1.F,"35,000,000","35,000,000","34,918,975","35,000,000","432,594",,exact-cusip-schedule-d-crosswalk,"A Schedule DB Part C cash-instrument CUSIP has an exact identifier match in Athene Schedule D, joining the named replication component to a statutory holding row.","CUSIP identity and Schedule D fields are not proof of Schedule DB settlement, counterparty remittance, liability/product hedge allocation, borrower cash, or Apollo owner cash.","Reconcile the matched Schedule D lot to Schedule DB component values, custody/counterparty, derivative cash settlement, liability hedge purpose, and investment-income receipt."
CFAASDBCSD-0140,CFAASDBPC-0141,469,04687#AQ1,Interest Rate Swap,749752-AU-5,RRAM 2021-18A C1R,1,CFAASDFR-8165,6015,RR 18 Ltd RRAM 2021-18A C1R,2.C,"41,150,000","41,150,000","41,148,601","41,150,000","588,850","325,267",exact-cusip-schedule-d-crosswalk,"A Schedule DB Part C cash-instrument CUSIP has an exact identifier match in Athene Schedule D, joining the named replication component to a statutory holding row.","CUSIP identity and Schedule D fields are not proof of Schedule DB settlement, counterparty remittance, liability/product hedge allocation, borrower cash, or Apollo owner cash.","Reconcile the matched Schedule D lot to Schedule DB component values, custody/counterparty, derivative cash settlement, liability hedge purpose, and investment-income receipt."
CFAASDBCSD-0141,CFAASDBPC-0142,469,04687#AQ1,Interest Rate Swap,749764-AJ-5,RRAM 2025-41A C1A,1,CFAASDFR-8168,6015,RR 41 LTD RRAM 2025-41A C1A,2.B,"22,500,000","22,500,000","22,317,885","22,500,000","387,117",,exact-cusip-schedule-d-crosswalk,"A Schedule DB Part C cash-instrument CUSIP has an exact identifier match in Athene Schedule D, joining the named replication component to a statutory holding row.","CUSIP identity and Schedule D fields are not proof of Schedule DB settlement, counterparty remittance, liability/product hedge allocation, borrower cash, or Apollo owner cash.","Reconcile the matched Schedule D lot to Schedule DB component values, custody/counterparty, derivative cash settlement, liability hedge purpose, and investment-income receipt."
CFAASDBCSD-0142,CFAASDBPC-0143,469,04687#AQ1,Interest Rate Swap,74980Q-AS-0,RRAM 2021-17A BR,1,CFAASDFR-8063,6013,RR 17 Ltd RRAM 2021-17A BR,1.F,"44,160,000","44,160,000","44,057,549","44,160,000","550,594","267,523",exact-cusip-schedule-d-crosswalk,"A Schedule DB Part C cash-instrument CUSIP has an exact identifier match in Athene Schedule D, joining the named replication component to a statutory holding row.","CUSIP identity and Schedule D fields are not proof of Schedule DB settlement, counterparty remittance, liability/product hedge allocation, borrower cash, or Apollo owner cash.","Reconcile the matched Schedule D lot to Schedule DB component values, custody/counterparty, derivative cash settlement, liability hedge purpose, and investment-income receipt."
CFAASDBCSD-0143,CFAASDBPC-0144,469,04687#AC2,Interest Rate Swap,00092P-AJ-2,AIMCO 2025-24A C,1,CFAASDFR-7002,5992,AIMCO CLO 24 Ltd AIMCO 2025-24A C,1.F,"17,550,000","17,550,000","17,487,627","17,550,000","627,199",,exact-cusip-schedule-d-crosswalk,"A Schedule DB Part C cash-instrument CUSIP has an exact identifier match in Athene Schedule D, joining the named replication component to a statutory holding row.","CUSIP identity and Schedule D fields are not proof of Schedule DB settlement, counterparty remittance, liability/product hedge allocation, borrower cash, or Apollo owner cash.","Reconcile the matched Schedule D lot to Schedule DB component values, custody/counterparty, derivative cash settlement, liability hedge purpose, and investment-income receipt."
CFAASDBCSD-0144,CFAASDBPC-0145,470,04687#AC2,Interest Rate Swap,00092P-AL-7,AIMCO 2025-24A D,1,CFAASDFR-7003,5992,AIMCO CLO 24 Ltd AIMCO 2025-24A D,2.C,"23,450,000","23,450,000","23,441,558","23,450,000","970,936",,exact-cusip-schedule-d-crosswalk,"A Schedule DB Part C cash-instrument CUSIP has an exact identifier match in Athene Schedule D, joining the named replication component to a statutory holding row.","CUSIP identity and Schedule D fields are not proof of Schedule DB settlement, counterparty remittance, liability/product hedge allocation, borrower cash, or Apollo owner cash.","Reconcile the matched Schedule D lot to Schedule DB component values, custody/counterparty, derivative cash settlement, liability hedge purpose, and investment-income receipt."
CFAASDBCSD-0145,CFAASDBPC-0146,470,04687#AC2,Interest Rate Swap,00121P-AJ-7,AGL 2025-41A D1,1,CFAASDFR-7031,5993,AGL CLO 41 Ltd AGL 2025-41A D1,2.C,"22,500,000","22,500,000","22,425,593","22,500,000","343,759","787,657",exact-cusip-schedule-d-crosswalk,"A Schedule DB Part C cash-instrument CUSIP has an exact identifier match in Athene Schedule D, joining the named replication component to a statutory holding row.","CUSIP identity and Schedule D fields are not proof of Schedule DB settlement, counterparty remittance, liability/product hedge allocation, borrower cash, or Apollo owner cash.","Reconcile the matched Schedule D lot to Schedule DB component values, custody/counterparty, derivative cash settlement, liability hedge purpose, and investment-income receipt."
CFAASDBCSD-0146,CFAASDBPC-0147,470,04687#AC2,Interest Rate Swap,03330D-AA-4,ANCHF 2024-17A A,1,CFAASDFR-7066,5993,Anchorage Credit Funding 17 Lt ANCHF 2024-17A A,1.A,"75,000,000","75,000,000","75,068,925","75,000,000","733,413","3,667,063",exact-cusip-schedule-d-crosswalk,"A Schedule DB Part C cash-instrument CUSIP has an exact identifier match in Athene Schedule D, joining the named replication component to a statutory holding row.","CUSIP identity and Schedule D fields are not proof of Schedule DB settlement, counterparty remittance, liability/product hedge allocation, borrower cash, or Apollo owner cash.","Reconcile the matched Schedule D lot to Schedule DB component values, custody/counterparty, derivative cash settlement, liability hedge purpose, and investment-income receipt."
CFAASDBCSD-0147,CFAASDBPC-0148,470,04687#AC2,Interest Rate Swap,03330D-AC-0,ANCHF 2024-17A B,1,CFAASDFR-7067,5993,Anchorage Credit Funding Ltd ANCHF 2024-17A B,1.D,"32,482,460","32,465,000","32,529,313","32,482,398","326,804","1,130,701",exact-cusip-schedule-d-crosswalk,"A Schedule DB Part C cash-instrument CUSIP has an exact identifier match in Athene Schedule D, joining the named replication component to a statutory holding row.","CUSIP identity and Schedule D fields are not proof of Schedule DB settlement, counterparty remittance, liability/product hedge allocation, borrower cash, or Apollo owner cash.","Reconcile the matched Schedule D lot to Schedule DB component values, custody/counterparty, derivative cash settlement, liability hedge purpose, and investment-income receipt."
CFAASDBCSD-0148,CFAASDBPC-0149,470,04687#AC2,Interest Rate Swap,03330D-AE-6,ANCHF 2024-17A C,1,CFAASDFR-7068,5993,Anchorage Credit Funding 17 Lt ANCHF 2024-17A C,1.G,"10,369,661","10,366,000","10,381,684","10,369,554","113,288","336,102",exact-cusip-schedule-d-crosswalk,"A Schedule DB Part C cash-instrument CUSIP has an exact identifier match in Athene Schedule D, joining the named replication component to a statutory holding row.","CUSIP identity and Schedule D fields are not proof of Schedule DB settlement, counterparty remittance, liability/product hedge allocation, borrower cash, or Apollo owner cash.","Reconcile the matched Schedule D lot to Schedule DB component values, custody/counterparty, derivative cash settlement, liability hedge purpose, and investment-income receipt."
CFAASDBCSD-0149,CFAASDBPC-0150,470,04687#AC2,Interest Rate Swap,03330D-AG-1,ANCHF 2024-17A D1,1,CFAASDFR-7069,5993,Anchorage Credit Funding 17 Lt ANCHF 2024-17A D1 ..,2.C,"9,214,000","9,214,000","9,235,118","9,214,000","131,604","658,018",exact-cusip-schedule-d-crosswalk,"A Schedule DB Part C cash-instrument CUSIP has an exact identifier match in Athene Schedule D, joining the named replication component to a statutory holding row.","CUSIP identity and Schedule D fields are not proof of Schedule DB settlement, counterparty remittance, liability/product hedge allocation, borrower cash, or Apollo owner cash.","Reconcile the matched Schedule D lot to Schedule DB component values, custody/counterparty, derivative cash settlement, liability hedge purpose, and investment-income receipt."
CFAASDBCSD-0150,CFAASDBPC-0151,470,04687#AC2,Interest Rate Swap,03990K-AJ-0,ARES 2025-77A D1,1,CFAASDFR-7128,5995,Ares LXXVII CLO Ltd ARES 2025-77A D1,2.C,"22,000,000","22,000,000","22,069,058","22,000,000","746,655",,exact-cusip-schedule-d-crosswalk,"A Schedule DB Part C cash-instrument CUSIP has an exact identifier match in Athene Schedule D, joining the named replication component to a statutory holding row.","CUSIP identity and Schedule D fields are not proof of Schedule DB settlement, counterparty remittance, liability/product hedge allocation, borrower cash, or Apollo owner cash.","Reconcile the matched Schedule D lot to Schedule DB component values, custody/counterparty, derivative cash settlement, liability hedge purpose, and investment-income receipt."
CFAASDBCSD-0151,CFAASDBPC-0152,470,04687#AC2,Interest Rate Swap,04020T-AG-9,ARES 2024-ALF6A C,1,CFAASDFR-7143,5995,Ares Loan Funding VI Ltd ARES 2024-ALF6A C,1.F,"11,200,000","11,200,000","11,217,024","11,200,000","156,931","973,514",exact-cusip-schedule-d-crosswalk,"A Schedule DB Part C cash-instrument CUSIP has an exact identifier match in Athene Schedule D, joining the named replication component to a statutory holding row.","CUSIP identity and Schedule D fields are not proof of Schedule DB settlement, counterparty remittance, liability/product hedge allocation, borrower cash, or Apollo owner cash.","Reconcile the matched Schedule D lot to Schedule DB component values, custody/counterparty, derivative cash settlement, liability hedge purpose, and investment-income receipt."
CFAASDBCSD-0152,CFAASDBPC-0153,470,04687#AC2,Interest Rate Swap,04020T-AJ-3,ARES 2024-ALF6A D,1,CFAASDFR-7144,5995,Ares Loan Funding VI Ltd ARES 2024-ALF6A D,2.C,"12,000,000","12,000,000","11,969,952","12,000,000","195,808","1,198,051",exact-cusip-schedule-d-crosswalk,"A Schedule DB Part C cash-instrument CUSIP has an exact identifier match in Athene Schedule D, joining the named replication component to a statutory holding row.","CUSIP identity and Schedule D fields are not proof of Schedule DB settlement, counterparty remittance, liability/product hedge allocation, borrower cash, or Apollo owner cash.","Reconcile the matched Schedule D lot to Schedule DB component values, custody/counterparty, derivative cash settlement, liability hedge purpose, and investment-income receipt."
CFAASDBCSD-0153,CFAASDBPC-0154,470,04687#AC2,Interest Rate Swap,04020W-AG-2,ARES 2024-72A C,1,CFAASDFR-7146,5995,Ares LXXII CLO Ltd ARES 2024-72A C,1.F,"39,099,160","39,000,000","39,070,785","39,083,026","498,934","1,229,744",exact-cusip-schedule-d-crosswalk,"A Schedule DB Part C cash-instrument CUSIP has an exact identifier match in Athene Schedule D, joining the named replication component to a statutory holding row.","CUSIP identity and Schedule D fields are not proof of Schedule DB settlement, counterparty remittance, liability/product hedge allocation, borrower cash, or Apollo owner cash.","Reconcile the matched Schedule D lot to Schedule DB component values, custody/counterparty, derivative cash settlement, liability hedge purpose, and investment-income receipt."
CFAASDBCSD-0154,CFAASDBPC-0155,470,04687#AC2,Interest Rate Swap,04020W-AJ-6,ARES 2024-72A D,1,CFAASDFR-7147,5995,Ares LXXII CLO Ltd ARES 2024-72A D,2.C,"22,000,000","22,000,000","21,958,244","22,000,000","331,500","1,658,122",exact-cusip-schedule-d-crosswalk,"A Schedule DB Part C cash-instrument CUSIP has an exact identifier match in Athene Schedule D, joining the named replication component to a statutory holding row.","CUSIP identity and Schedule D fields are not proof of Schedule DB settlement, counterparty remittance, liability/product hedge allocation, borrower cash, or Apollo owner cash.","Reconcile the matched Schedule D lot to Schedule DB component values, custody/counterparty, derivative cash settlement, liability hedge purpose, and investment-income receipt."
CFAASDBCSD-0155,CFAASDBPC-0156,470,04687#AC2,Interest Rate Swap,05555J-AG-1,BBAM 2024-4A B,1,CFAASDFR-7165,5995,Bbam US Clo IV Ltd BBAM 2024-4A B,1.F,"12,600,000","12,600,000","12,645,347","12,600,000","163,924","1,111,474",exact-cusip-schedule-d-crosswalk,"A Schedule DB Part C cash-instrument CUSIP has an exact identifier match in Athene Schedule D, joining the named replication component to a statutory holding row.","CUSIP identity and Schedule D fields are not proof of Schedule DB settlement, counterparty remittance, liability/product hedge allocation, borrower cash, or Apollo owner cash.","Reconcile the matched Schedule D lot to Schedule DB component values, custody/counterparty, derivative cash settlement, liability hedge purpose, and investment-income receipt."
CFAASDBCSD-0156,CFAASDBPC-0157,470,04687#AC2,Interest Rate Swap,05876H-AJ-1,BALLY 2024-28A C1,1,CFAASDFR-7175,5996,Ballyrock CLO 28 Ltd BALLY 2024-28A C1,2.C,"1,428,750","1,500,000","1,497,975","1,403,931","20,332","90,346",exact-cusip-schedule-d-crosswalk,"A Schedule DB Part C cash-instrument CUSIP has an exact identifier match in Athene Schedule D, joining the named replication component to a statutory holding row.","CUSIP identity and Schedule D fields are not proof of Schedule DB settlement, counterparty remittance, liability/product hedge allocation, borrower cash, or Apollo owner cash.","Reconcile the matched Schedule D lot to Schedule DB component values, custody/counterparty, derivative cash settlement, liability hedge purpose, and investment-income receipt."
CFAASDBCSD-0157,CFAASDBPC-0158,470,04687#AC2,Interest Rate Swap,06764L-AE-6,BABSN 2025-2A D1,1,CFAASDFR-7182,5996,Barings CLO Ltd 2025-II BABSN 2025-2A D1,2.C,"19,000,000","19,000,000","18,993,825","19,000,000","690,932",,exact-cusip-schedule-d-crosswalk,"A Schedule DB Part C cash-instrument CUSIP has an exact identifier match in Athene Schedule D, joining the named replication component to a statutory holding row.","CUSIP identity and Schedule D fields are not proof of Schedule DB settlement, counterparty remittance, liability/product hedge allocation, borrower cash, or Apollo owner cash.","Reconcile the matched Schedule D lot to Schedule DB component values, custody/counterparty, derivative cash settlement, liability hedge purpose, and investment-income receipt."
CFAASDBCSD-0158,CFAASDBPC-0159,470,04687#AC2,Interest Rate Swap,12572V-AE-4,CIFC 2025-1A C,1,CFAASDFR-7215,5996,CIFC Funding 2025-I Ltd CIFC 2025-1A C,1.F,"5,007,500","5,000,000","5,006,390","4,945,208","54,054","185,926",exact-cusip-schedule-d-crosswalk,"A Schedule DB Part C cash-instrument CUSIP has an exact identifier match in Athene Schedule D, joining the named replication component to a statutory holding row.","CUSIP identity and Schedule D fields are not proof of Schedule DB settlement, counterparty remittance, liability/product hedge allocation, borrower cash, or Apollo owner cash.","Reconcile the matched Schedule D lot to Schedule DB component values, custody/counterparty, derivative cash settlement, liability hedge purpose, and investment-income receipt."
CFAASDBCSD-0159,CFAASDBPC-0160,470,04687#AC2,Interest Rate Swap,14316K-BC-8,CGMS 2021-2A D1R,1,CFAASDFR-7238,5997,CARLYLE US CLO 2021-2 LTD CGMS 2021-2A D1R,2.C,"6,700,766","6,800,000","6,808,656","6,673,271","92,860","217,564",exact-cusip-schedule-d-crosswalk,"A Schedule DB Part C cash-instrument CUSIP has an exact identifier match in Athene Schedule D, joining the named replication component to a statutory holding row.","CUSIP identity and Schedule D fields are not proof of Schedule DB settlement, counterparty remittance, liability/product hedge allocation, borrower cash, or Apollo owner cash.","Reconcile the matched Schedule D lot to Schedule DB component values, custody/counterparty, derivative cash settlement, liability hedge purpose, and investment-income receipt."
CFAASDBCSD-0160,CFAASDBPC-0161,470,04687#AC2,Interest Rate Swap,14320E-AE-3,CGMS 2025-3A C,1,CFAASDFR-7256,5997,Carlyle US CLO 2025-3 Ltd CGMS 2025-3A C,1.F,"30,500,000","30,500,000","30,326,364","30,500,000","953,161",,exact-cusip-schedule-d-crosswalk,"A Schedule DB Part C cash-instrument CUSIP has an exact identifier match in Athene Schedule D, joining the named replication component to a statutory holding row.","CUSIP identity and Schedule D fields are not proof of Schedule DB settlement, counterparty remittance, liability/product hedge allocation, borrower cash, or Apollo owner cash.","Reconcile the matched Schedule D lot to Schedule DB component values, custody/counterparty, derivative cash settlement, liability hedge purpose, and investment-income receipt."
CFAASDBCSD-0161,CFAASDBPC-0162,470,04687#AC2,Interest Rate Swap,14320E-AG-8,CGMS 2025-3A D,1,CFAASDFR-7257,5997,Carlyle US CLO 2025-3 Ltd CGMS 2025-3A D,2.C,"35,000,000","35,000,000","34,868,295","35,000,000","1,280,604",,exact-cusip-schedule-d-crosswalk,"A Schedule DB Part C cash-instrument CUSIP has an exact identifier match in Athene Schedule D, joining the named replication component to a statutory holding row.","CUSIP identity and Schedule D fields are not proof of Schedule DB settlement, counterparty remittance, liability/product hedge allocation, borrower cash, or Apollo owner cash.","Reconcile the matched Schedule D lot to Schedule DB component values, custody/counterparty, derivative cash settlement, liability hedge purpose, and investment-income receipt."
CFAASDBCSD-0162,CFAASDBPC-0163,470,04687#AC2,Interest Rate Swap,29003Y-AQ-4,ELM23 2023-2A DR,1,CFAASDFR-7344,5999,Elmwood CLO 23 Ltd ELM23 2023-2A DR,2.C,"12,400,000","12,400,000","12,366,185","12,400,000","186,813","496,842",exact-cusip-schedule-d-crosswalk,"A Schedule DB Part C cash-instrument CUSIP has an exact identifier match in Athene Schedule D, joining the named replication component to a statutory holding row.","CUSIP identity and Schedule D fields are not proof of Schedule DB settlement, counterparty remittance, liability/product hedge allocation, borrower cash, or Apollo owner cash.","Reconcile the matched Schedule D lot to Schedule DB component values, custody/counterparty, derivative cash settlement, liability hedge purpose, and investment-income receipt."
CFAASDBCSD-0163,CFAASDBPC-0164,470,04687#AC2,Interest Rate Swap,29005B-AE-9,ELM41 2025-4A C,1,CFAASDFR-7347,5999,Elmwood CLO 41 Ltd ELM41 2025-4A C,1.F,"10,500,000","10,500,000","10,462,211","10,500,000","401,455",,exact-cusip-schedule-d-crosswalk,"A Schedule DB Part C cash-instrument CUSIP has an exact identifier match in Athene Schedule D, joining the named replication component to a statutory holding row.","CUSIP identity and Schedule D fields are not proof of Schedule DB settlement, counterparty remittance, liability/product hedge allocation, borrower cash, or Apollo owner cash.","Reconcile the matched Schedule D lot to Schedule DB component values, custody/counterparty, derivative cash settlement, liability hedge purpose, and investment-income receipt."
CFAASDBCSD-0164,CFAASDBPC-0165,470,04687#AC2,Interest Rate Swap,29005B-AG-4,ELM41 2025-4A D,1,CFAASDFR-7348,5999,Elmwood CLO 41 Ltd ELM41 2025-4A D,2.C,"12,675,000","12,675,000","12,670,222","12,675,000","569,641",,exact-cusip-schedule-d-crosswalk,"A Schedule DB Part C cash-instrument CUSIP has an exact identifier match in Athene Schedule D, joining the named replication component to a statutory holding row.","CUSIP identity and Schedule D fields are not proof of Schedule DB settlement, counterparty remittance, liability/product hedge allocation, borrower cash, or Apollo owner cash.","Reconcile the matched Schedule D lot to Schedule DB component values, custody/counterparty, derivative cash settlement, liability hedge purpose, and investment-income receipt."
CFAASDBCSD-0165,CFAASDBPC-0166,470,04687#AC2,Interest Rate Swap,34966G-AE-5,FCBSL 2024-2A C,1,CFAASDFR-7383,6000,Fortress Credit BSL XXV Ltd FCBSL 2024-2A C,1.F,"4,800,000","4,800,000","4,819,349","4,800,000","60,402","471,885",exact-cusip-schedule-d-crosswalk,"A Schedule DB Part C cash-instrument CUSIP has an exact identifier match in Athene Schedule D, joining the named replication component to a statutory holding row.","CUSIP identity and Schedule D fields are not proof of Schedule DB settlement, counterparty remittance, liability/product hedge allocation, borrower cash, or Apollo owner cash.","Reconcile the matched Schedule D lot to Schedule DB component values, custody/counterparty, derivative cash settlement, liability hedge purpose, and investment-income receipt."
CFAASDBCSD-0166,CFAASDBPC-0167,470,04687#AC2,Interest Rate Swap,34966G-AG-0,FCBSL 2024-2A D1A,1,CFAASDFR-7384,6000,Fortress Credit BSL XXV Ltd FCBSL 2024-2A D1A,2.B,"1,500,000","1,500,000","1,512,900","1,500,000","23,476","179,731",exact-cusip-schedule-d-crosswalk,"A Schedule DB Part C cash-instrument CUSIP has an exact identifier match in Athene Schedule D, joining the named replication component to a statutory holding row.","CUSIP identity and Schedule D fields are not proof of Schedule DB settlement, counterparty remittance, liability/product hedge allocation, borrower cash, or Apollo owner cash.","Reconcile the matched Schedule D lot to Schedule DB component values, custody/counterparty, derivative cash settlement, liability hedge purpose, and investment-income receipt."
CFAASDBCSD-0167,CFAASDBPC-0168,470,04687#AC2,Interest Rate Swap,35138C-AE-4,Fox Hedge LP - B,1,CFAASDFR-8497,6023,Fox Hedge LP B,1.G,"1,054,000,000","1,054,000,000","1,054,000,000","1,054,000,000","8,257,007","78,327,452",exact-cusip-schedule-d-crosswalk,"A Schedule DB Part C cash-instrument CUSIP has an exact identifier match in Athene Schedule D, joining the named replication component to a statutory holding row.","CUSIP identity and Schedule D fields are not proof of Schedule DB settlement, counterparty remittance, liability/product hedge allocation, borrower cash, or Apollo owner cash.","Reconcile the matched Schedule D lot to Schedule DB component values, custody/counterparty, derivative cash settlement, liability hedge purpose, and investment-income receipt."
CFAASDBCSD-0168,CFAASDBPC-0169,470,04687#AC2,Interest Rate Swap,35138C-AF-1,Fox Hedge LP - C,1,CFAASDFR-8498,6023,Fox Hedge LP C,2.B,"676,000,000","676,000,000","676,000,000","676,000,000","6,065,654","57,210,047",exact-cusip-schedule-d-crosswalk,"A Schedule DB Part C cash-instrument CUSIP has an exact identifier match in Athene Schedule D, joining the named replication component to a statutory holding row.","CUSIP identity and Schedule D fields are not proof of Schedule DB settlement, counterparty remittance, liability/product hedge allocation, borrower cash, or Apollo owner cash.","Reconcile the matched Schedule D lot to Schedule DB component values, custody/counterparty, derivative cash settlement, liability hedge purpose, and investment-income receipt."
CFAASDBCSD-0169,CFAASDBPC-0170,470,04687#AC2,Interest Rate Swap,48250E-BG-9,KKR 30A CR2,1,CFAASDFR-7466,6001,KKR CLO 30 Ltd KKR 30A CR2,1.F,"17,325,000","17,325,000","17,361,816","17,325,000","222,436","1,157,380",exact-cusip-schedule-d-crosswalk,"A Schedule DB Part C cash-instrument CUSIP has an exact identifier match in Athene Schedule D, joining the named replication component to a statutory holding row.","CUSIP identity and Schedule D fields are not proof of Schedule DB settlement, counterparty remittance, liability/product hedge allocation, borrower cash, or Apollo owner cash.","Reconcile the matched Schedule D lot to Schedule DB component values, custody/counterparty, derivative cash settlement, liability hedge purpose, and investment-income receipt."
CFAASDBCSD-0170,CFAASDBPC-0171,470,04687#AC2,Interest Rate Swap,55823D-AG-5,MDPK 2025-72A C,1,CFAASDFR-7508,6002,Madison Park Funding LXXII Ltd MDPK 2025-72A C,1.F,"33,500,000","33,500,000","33,296,019","33,500,000","1,041,534",,exact-cusip-schedule-d-crosswalk,"A Schedule DB Part C cash-instrument CUSIP has an exact identifier match in Athene Schedule D, joining the named replication component to a statutory holding row.","CUSIP identity and Schedule D fields are not proof of Schedule DB settlement, counterparty remittance, liability/product hedge allocation, borrower cash, or Apollo owner cash.","Reconcile the matched Schedule D lot to Schedule DB component values, custody/counterparty, derivative cash settlement, liability hedge purpose, and investment-income receipt."
CFAASDBCSD-0171,CFAASDBPC-0172,470,04687#AC2,Interest Rate Swap,55823D-AJ-9,MDPK 2025-72A D1,1,CFAASDFR-7509,6002,Madison Park Funding LXXII Ltd MDPK 2025-72A D1,2.C,"31,500,000","31,500,000","31,390,317","31,500,000","1,147,485",,exact-cusip-schedule-d-crosswalk,"A Schedule DB Part C cash-instrument CUSIP has an exact identifier match in Athene Schedule D, joining the named replication component to a statutory holding row.","CUSIP identity and Schedule D fields are not proof of Schedule DB settlement, counterparty remittance, liability/product hedge allocation, borrower cash, or Apollo owner cash.","Reconcile the matched Schedule D lot to Schedule DB component values, custody/counterparty, derivative cash settlement, liability hedge purpose, and investment-income receipt."
CFAASDBCSD-0172,CFAASDBPC-0173,470,04687#AC2,Interest Rate Swap,55953Y-AU-0,MAGNE 2022-33A DR,1,CFAASDFR-7512,6002,Magnetite Xxxiii Ltd MAGNE 2022-33A DR,2.C,"500,250","500,000","498,710","494,197","6,980","27,563",exact-cusip-schedule-d-crosswalk,"A Schedule DB Part C cash-instrument CUSIP has an exact identifier match in Athene Schedule D, joining the named replication component to a statutory holding row.","CUSIP identity and Schedule D fields are not proof of Schedule DB settlement, counterparty remittance, liability/product hedge allocation, borrower cash, or Apollo owner cash.","Reconcile the matched Schedule D lot to Schedule DB component values, custody/counterparty, derivative cash settlement, liability hedge purpose, and investment-income receipt."
CFAASDBCSD-0173,CFAASDBPC-0174,470,04687#AC2,Interest Rate Swap,55956M-AG-4,MAGNE 2025-50A C,1,CFAASDFR-7522,6002,Magnetite 50 Ltd MAGNE 2025-50A C,1.F,"7,210,000","7,210,000","7,168,586","7,210,000","177,722",,exact-cusip-schedule-d-crosswalk,"A Schedule DB Part C cash-instrument CUSIP has an exact identifier match in Athene Schedule D, joining the named replication component to a statutory holding row.","CUSIP identity and Schedule D fields are not proof of Schedule DB settlement, counterparty remittance, liability/product hedge allocation, borrower cash, or Apollo owner cash.","Reconcile the matched Schedule D lot to Schedule DB component values, custody/counterparty, derivative cash settlement, liability hedge purpose, and investment-income receipt."
CFAASDBCSD-0174,CFAASDBPC-0175,471,04687#AC2,Interest Rate Swap,55956M-AJ-8,MAGNE 2025-50A D1,1,CFAASDFR-7523,6002,Magnetite 50 Ltd MAGNE 2025-50A D1,2.C,"38,400,000","38,400,000","38,253,350","38,400,000","1,090,536",,exact-cusip-schedule-d-crosswalk,"A Schedule DB Part C cash-instrument CUSIP has an exact identifier match in Athene Schedule D, joining the named replication component to a statutory holding row.","CUSIP identity and Schedule D fields are not proof of Schedule DB settlement, counterparty remittance, liability/product hedge allocation, borrower cash, or Apollo owner cash.","Reconcile the matched Schedule D lot to Schedule DB component values, custody/counterparty, derivative cash settlement, liability hedge purpose, and investment-income receipt."
CFAASDBCSD-0175,CFAASDBPC-0176,471,04687#AC2,Interest Rate Swap,57068U-AG-7,MKTST 2025-1A C,1,CFAASDFR-7526,6003,Market Street CLO Ltd I MKTST 2025-1A C,1.F,"17,609,917","17,500,000","17,643,255","17,599,562","223,010","164,801",exact-cusip-schedule-d-crosswalk,"A Schedule DB Part C cash-instrument CUSIP has an exact identifier match in Athene Schedule D, joining the named replication component to a statutory holding row.","CUSIP identity and Schedule D fields are not proof of Schedule DB settlement, counterparty remittance, liability/product hedge allocation, borrower cash, or Apollo owner cash.","Reconcile the matched Schedule D lot to Schedule DB component values, custody/counterparty, derivative cash settlement, liability hedge purpose, and investment-income receipt."
CFAASDBCSD-0176,CFAASDBPC-0177,471,04687#AC2,Interest Rate Swap,57068U-AJ-1,MKTST 2025-1A D1,1,CFAASDFR-7527,6003,Market Street CLO Ltd I MKTST 2025-1A D1,2.C,"10,350,000","10,350,000","10,349,420","10,350,000","154,981","324,021",exact-cusip-schedule-d-crosswalk,"A Schedule DB Part C cash-instrument CUSIP has an exact identifier match in Athene Schedule D, joining the named replication component to a statutory holding row.","CUSIP identity and Schedule D fields are not proof of Schedule DB settlement, counterparty remittance, liability/product hedge allocation, borrower cash, or Apollo owner cash.","Reconcile the matched Schedule D lot to Schedule DB component values, custody/counterparty, derivative cash settlement, liability hedge purpose, and investment-income receipt."
CFAASDBCSD-0177,CFAASDBPC-0178,471,04687#AC2,Interest Rate Swap,64135W-AS-2,NEUB 2023-53A D1R,1,CFAASDFR-7540,6003,Neuberger Berman Loan Advisers NEUB 2023-53A D1R ..,2.C,"2,932,500","3,000,000","2,999,823","2,945,685","38,901","207,801",exact-cusip-schedule-d-crosswalk,"A Schedule DB Part C cash-instrument CUSIP has an exact identifier match in Athene Schedule D, joining the named replication component to a statutory holding row.","CUSIP identity and Schedule D fields are not proof of Schedule DB settlement, counterparty remittance, liability/product hedge allocation, borrower cash, or Apollo owner cash.","Reconcile the matched Schedule D lot to Schedule DB component values, custody/counterparty, derivative cash settlement, liability hedge purpose, and investment-income receipt."
CFAASDBCSD-0178,CFAASDBPC-0179,471,04687#AC2,Interest Rate Swap,670891-AN-0,OCP 2023-28A CR,1,CFAASDFR-7543,6003,OCP CLO 2023-28 Ltd OCP 2023-28A CR,1.F,"12,000,000","12,000,000","11,959,488","12,000,000","147,420","189,145",exact-cusip-schedule-d-crosswalk,"A Schedule DB Part C cash-instrument CUSIP has an exact identifier match in Athene Schedule D, joining the named replication component to a statutory holding row.","CUSIP identity and Schedule D fields are not proof of Schedule DB settlement, counterparty remittance, liability/product hedge allocation, borrower cash, or Apollo owner cash.","Reconcile the matched Schedule D lot to Schedule DB component values, custody/counterparty, derivative cash settlement, liability hedge purpose, and investment-income receipt."
CFAASDBCSD-0179,CFAASDBPC-0180,471,04687#AC2,Interest Rate Swap,670891-AQ-3,OCP 2023-28A D1R,1,CFAASDFR-7544,6003,OCP CLO 2023-28 Ltd OCP 2023-28A D1R,2.C,"8,875,000","8,875,000","8,880,636","8,875,000","128,012","162,569",exact-cusip-schedule-d-crosswalk,"A Schedule DB Part C cash-instrument CUSIP has an exact identifier match in Athene Schedule D, joining the named replication component to a statutory holding row.","CUSIP identity and Schedule D fields are not proof of Schedule DB settlement, counterparty remittance, liability/product hedge allocation, borrower cash, or Apollo owner cash.","Reconcile the matched Schedule D lot to Schedule DB component values, custody/counterparty, derivative cash settlement, liability hedge purpose, and investment-income receipt."
CFAASDBCSD-0180,CFAASDBPC-0181,471,04687#AC2,Interest Rate Swap,67117T-AU-9,OCP 2021-22A D1R,1,CFAASDFR-7562,6003,OCP CLO 2021-22 Ltd OCP 2021-22A D1R,2.B,"1,491,750","1,500,000","1,497,063","1,474,778","20,940","82,689",exact-cusip-schedule-d-crosswalk,"A Schedule DB Part C cash-instrument CUSIP has an exact identifier match in Athene Schedule D, joining the named replication component to a statutory holding row.","CUSIP identity and Schedule D fields are not proof of Schedule DB settlement, counterparty remittance, liability/product hedge allocation, borrower cash, or Apollo owner cash.","Reconcile the matched Schedule D lot to Schedule DB component values, custody/counterparty, derivative cash settlement, liability hedge purpose, and investment-income receipt."
CFAASDBCSD-0181,CFAASDBPC-0182,471,04687#AC2,Interest Rate Swap,67403H-AE-4,OAKCL 2024-28A C,1,CFAASDFR-7568,6003,Oaktree CLO 2024-28 Ltd OAKCL 2024-28A C,1.F,"18,022,732","18,000,000","17,941,212","18,006,486","226,377","735,181",exact-cusip-schedule-d-crosswalk,"A Schedule DB Part C cash-instrument CUSIP has an exact identifier match in Athene Schedule D, joining the named replication component to a statutory holding row.","CUSIP identity and Schedule D fields are not proof of Schedule DB settlement, counterparty remittance, liability/product hedge allocation, borrower cash, or Apollo owner cash.","Reconcile the matched Schedule D lot to Schedule DB component values, custody/counterparty, derivative cash settlement, liability hedge purpose, and investment-income receipt."
CFAASDBCSD-0182,CFAASDBPC-0183,471,04687#AC2,Interest Rate Swap,674436-AE-0,OBRAC 2025-2A B,1,CFAASDFR-7569,6003,Obra CLO 2 Ltd OBRAC 2025-2A B,1.C,"47,125,000","47,125,000","46,880,610","47,125,000","1,427,801",,exact-cusip-schedule-d-crosswalk,"A Schedule DB Part C cash-instrument CUSIP has an exact identifier match in Athene Schedule D, joining the named replication component to a statutory holding row.","CUSIP identity and Schedule D fields are not proof of Schedule DB settlement, counterparty remittance, liability/product hedge allocation, borrower cash, or Apollo owner cash.","Reconcile the matched Schedule D lot to Schedule DB component values, custody/counterparty, derivative cash settlement, liability hedge purpose, and investment-income receipt."
CFAASDBCSD-0183,CFAASDBPC-0184,471,04687#AC2,Interest Rate Swap,674436-AG-5,OBRAC 2025-2A C,1,CFAASDFR-7570,6003,Obra CLO 2 Ltd OBRAC 2025-2A C,1.F,"19,012,362","19,000,000","18,907,432","19,005,306","604,482",,exact-cusip-schedule-d-crosswalk,"A Schedule DB Part C cash-instrument CUSIP has an exact identifier match in Athene Schedule D, joining the named replication component to a statutory holding row.","CUSIP identity and Schedule D fields are not proof of Schedule DB settlement, counterparty remittance, liability/product hedge allocation, borrower cash, or Apollo owner cash.","Reconcile the matched Schedule D lot to Schedule DB component values, custody/counterparty, derivative cash settlement, liability hedge purpose, and investment-income receipt."
CFAASDBCSD-0184,CFAASDBPC-0185,471,04687#AC2,Interest Rate Swap,674436-AJ-9,OBRAC 2025-2A D1,1,CFAASDFR-7571,6003,Obra CLO 2 Ltd OBRAC 2025-2A D1,2.C,"15,625,000","15,625,000","15,538,281","15,625,000","591,899",,exact-cusip-schedule-d-crosswalk,"A Schedule DB Part C cash-instrument CUSIP has an exact identifier match in Athene Schedule D, joining the named replication component to a statutory holding row.","CUSIP identity and Schedule D fields are not proof of Schedule DB settlement, counterparty remittance, liability/product hedge allocation, borrower cash, or Apollo owner cash.","Reconcile the matched Schedule D lot to Schedule DB component values, custody/counterparty, derivative cash settlement, liability hedge purpose, and investment-income receipt."
CFAASDBCSD-0185,CFAASDBPC-0186,471,04687#AC2,Interest Rate Swap,67578U-AG-9,OCT69 2024-3A C,1,CFAASDFR-7580,6004,Octagon 69 Ltd OCT69 2024-3A C,1.F,"7,425,080","7,410,000","7,414,157","7,413,127","85,434","399,339",exact-cusip-schedule-d-crosswalk,"A Schedule DB Part C cash-instrument CUSIP has an exact identifier match in Athene Schedule D, joining the named replication component to a statutory holding row.","CUSIP identity and Schedule D fields are not proof of Schedule DB settlement, counterparty remittance, liability/product hedge allocation, borrower cash, or Apollo owner cash.","Reconcile the matched Schedule D lot to Schedule DB component values, custody/counterparty, derivative cash settlement, liability hedge purpose, and investment-income receipt."
CFAASDBCSD-0186,CFAASDBPC-0187,471,04687#AC2,Interest Rate Swap,675947-AU-9,OCT61 2023-2A D1R,1,CFAASDFR-7597,6004,Octagon 61 Ltd OCT61 2023-2A D1R,2.B,"400,000","400,000","399,974","400,000","6,395","16,427",exact-cusip-schedule-d-crosswalk,"A Schedule DB Part C cash-instrument CUSIP has an exact identifier match in Athene Schedule D, joining the named replication component to a statutory holding row.","CUSIP identity and Schedule D fields are not proof of Schedule DB settlement, counterparty remittance, liability/product hedge allocation, borrower cash, or Apollo owner cash.","Reconcile the matched Schedule D lot to Schedule DB component values, custody/counterparty, derivative cash settlement, liability hedge purpose, and investment-income receipt."
CFAASDBCSD-0187,CFAASDBPC-0188,471,04687#AC2,Interest Rate Swap,68627C-AC-7,ANTOR 2025-5A B,1,CFAASDFR-7612,6004,Orion CLO 2025-5 Ltd ANTOR 2025-5A B,1.C,"35,000,000","35,000,000","34,888,525","35,000,000","403,437","656,060",exact-cusip-schedule-d-crosswalk,"A Schedule DB Part C cash-instrument CUSIP has an exact identifier match in Athene Schedule D, joining the named replication component to a statutory holding row.","CUSIP identity and Schedule D fields are not proof of Schedule DB settlement, counterparty remittance, liability/product hedge allocation, borrower cash, or Apollo owner cash.","Reconcile the matched Schedule D lot to Schedule DB component values, custody/counterparty, derivative cash settlement, liability hedge purpose, and investment-income receipt."
CFAASDBCSD-0188,CFAASDBPC-0189,471,04687#AC2,Interest Rate Swap,68627C-AE-3,ANTOR 2025-5A C,1,CFAASDFR-7613,6004,Orion CLO 2025-5 Ltd ANTOR 2025-5A C,1.F,"21,008,681","21,000,000","20,943,048","21,004,758","250,579","142,264",exact-cusip-schedule-d-crosswalk,"A Schedule DB Part C cash-instrument CUSIP has an exact identifier match in Athene Schedule D, joining the named replication component to a statutory holding row.","CUSIP identity and Schedule D fields are not proof of Schedule DB settlement, counterparty remittance, liability/product hedge allocation, borrower cash, or Apollo owner cash.","Reconcile the matched Schedule D lot to Schedule DB component values, custody/counterparty, derivative cash settlement, liability hedge purpose, and investment-income receipt."
CFAASDBCSD-0189,CFAASDBPC-0190,471,04687#AC2,Interest Rate Swap,68627C-AG-8,ANTOR 2025-5A D1,1,CFAASDFR-7614,6004,Orion CLO 2025-5 Ltd ANTOR 2025-5A D1,2.C,"20,000,000","20,000,000","19,999,020","20,000,000","281,230","451,281",exact-cusip-schedule-d-crosswalk,"A Schedule DB Part C cash-instrument CUSIP has an exact identifier match in Athene Schedule D, joining the named replication component to a statutory holding row.","CUSIP identity and Schedule D fields are not proof of Schedule DB settlement, counterparty remittance, liability/product hedge allocation, borrower cash, or Apollo owner cash.","Reconcile the matched Schedule D lot to Schedule DB component values, custody/counterparty, derivative cash settlement, liability hedge purpose, and investment-income receipt."
CFAASDBCSD-0190,CFAASDBPC-0191,471,04687#AC2,Interest Rate Swap,70019C-AG-0,PKBLU 2024-5A C,1,CFAASDFR-7638,6005,Park Blue Clo 2024-V Ltd PKBLU 2024-5A C,1.E,"1,540,000","1,540,000","1,542,068","1,540,000","17,104","141,950",exact-cusip-schedule-d-crosswalk,"A Schedule DB Part C cash-instrument CUSIP has an exact identifier match in Athene Schedule D, joining the named replication component to a statutory holding row.","CUSIP identity and Schedule D fields are not proof of Schedule DB settlement, counterparty remittance, liability/product hedge allocation, borrower cash, or Apollo owner cash.","Reconcile the matched Schedule D lot to Schedule DB component values, custody/counterparty, derivative cash settlement, liability hedge purpose, and investment-income receipt."
CFAASDBCSD-0191,CFAASDBPC-0192,471,04687#AC2,Interest Rate Swap,72132E-AJ-8,PIPK 2024-16A D1,1,CFAASDFR-7648,6005,Pikes Peak Clo 16 Ltd PIPK 2024-16A D1,2.C,"19,172,194","19,000,000","19,034,181","19,096,625","245,853","2,003,720",exact-cusip-schedule-d-crosswalk,"A Schedule DB Part C cash-instrument CUSIP has an exact identifier match in Athene Schedule D, joining the named replication component to a statutory holding row.","CUSIP identity and Schedule D fields are not proof of Schedule DB settlement, counterparty remittance, liability/product hedge allocation, borrower cash, or Apollo owner cash.","Reconcile the matched Schedule D lot to Schedule DB component values, custody/counterparty, derivative cash settlement, liability hedge purpose, and investment-income receipt."
CFAASDBCSD-0192,CFAASDBPC-0193,471,04687#AC2,Interest Rate Swap,749762-AE-0,RRAM 2025-40A B,1,CFAASDFR-8166,6015,RR 40 LTD RRAM 2025-40A B,1.F,"42,000,000","42,000,000","41,768,706","42,000,000","1,361,373",,exact-cusip-schedule-d-crosswalk,"A Schedule DB Part C cash-instrument CUSIP has an exact identifier match in Athene Schedule D, joining the named replication component to a statutory holding row.","CUSIP identity and Schedule D fields are not proof of Schedule DB settlement, counterparty remittance, liability/product hedge allocation, borrower cash, or Apollo owner cash.","Reconcile the matched Schedule D lot to Schedule DB component values, custody/counterparty, derivative cash settlement, liability hedge purpose, and investment-income receipt."
CFAASDBCSD-0193,CFAASDBPC-0194,471,04687#AC2,Interest Rate Swap,749762-AG-5,RRAM 2025-40A C,1,CFAASDFR-8167,6015,RR 40 LTD RRAM 2025-40A C,2.C,"29,500,000","29,500,000","29,434,009","29,500,000","1,119,681",,exact-cusip-schedule-d-crosswalk,"A Schedule DB Part C cash-instrument CUSIP has an exact identifier match in Athene Schedule D, joining the named replication component to a statutory holding row.","CUSIP identity and Schedule D fields are not proof of Schedule DB settlement, counterparty remittance, liability/product hedge allocation, borrower cash, or Apollo owner cash.","Reconcile the matched Schedule D lot to Schedule DB component values, custody/counterparty, derivative cash settlement, liability hedge purpose, and investment-income receipt."
CFAASDBCSD-0194,CFAASDBPC-0195,471,04687#AC2,Interest Rate Swap,749979-AS-9,RAD 2023-20A C1R,1,CFAASDFR-8218,6016,Rad CLO 20 Ltd RAD 2023-20A C1R,2.C,"18,500,000","18,500,000","18,499,149","18,500,000","252,635","335,554",exact-cusip-schedule-d-crosswalk,"A Schedule DB Part C cash-instrument CUSIP has an exact identifier match in Athene Schedule D, joining the named replication component to a statutory holding row.","CUSIP identity and Schedule D fields are not proof of Schedule DB settlement, counterparty remittance, liability/product hedge allocation, borrower cash, or Apollo owner cash.","Reconcile the matched Schedule D lot to Schedule DB component values, custody/counterparty, derivative cash settlement, liability hedge purpose, and investment-income receipt."
CFAASDBCSD-0195,CFAASDBPC-0196,471,04687#AC2,Interest Rate Swap,749986-AJ-4,RAD 2019-3A CR2,1,CFAASDFR-8219,6016,Rad CLO 3 Ltd RAD 2019-3A CR2,1.F,"1,600,000","1,600,000","1,602,413","1,600,000","20,989","105,991",exact-cusip-schedule-d-crosswalk,"A Schedule DB Part C cash-instrument CUSIP has an exact identifier match in Athene Schedule D, joining the named replication component to a statutory holding row.","CUSIP identity and Schedule D fields are not proof of Schedule DB settlement, counterparty remittance, liability/product hedge allocation, borrower cash, or Apollo owner cash.","Reconcile the matched Schedule D lot to Schedule DB component values, custody/counterparty, derivative cash settlement, liability hedge purpose, and investment-income receipt."
CFAASDBCSD-0196,CFAASDBPC-0197,471,04687#AC2,Interest Rate Swap,749986-AL-9,RAD 2019-3A D1R2,1,CFAASDFR-8220,6016,Rad CLO 3 Ltd RAD 2019-3A D1R2,2.C,"1,500,000","1,500,000","1,499,942","1,500,000","22,765","113,814",exact-cusip-schedule-d-crosswalk,"A Schedule DB Part C cash-instrument CUSIP has an exact identifier match in Athene Schedule D, joining the named replication component to a statutory holding row.","CUSIP identity and Schedule D fields are not proof of Schedule DB settlement, counterparty remittance, liability/product hedge allocation, borrower cash, or Apollo owner cash.","Reconcile the matched Schedule D lot to Schedule DB component values, custody/counterparty, derivative cash settlement, liability hedge purpose, and investment-income receipt."
CFAASDBCSD-0197,CFAASDBPC-0198,471,04687#AC2,Interest Rate Swap,750103-AQ-6,RAD 2021-15A BR,1,CFAASDFR-8242,6017,Rad CLO 15 Ltd RAD 2021-15A BR,1.F,"23,000,000","23,000,000","22,921,708","23,000,000","269,780","413,766",exact-cusip-schedule-d-crosswalk,"A Schedule DB Part C cash-instrument CUSIP has an exact identifier match in Athene Schedule D, joining the named replication component to a statutory holding row.","CUSIP identity and Schedule D fields are not proof of Schedule DB settlement, counterparty remittance, liability/product hedge allocation, borrower cash, or Apollo owner cash.","Reconcile the matched Schedule D lot to Schedule DB component values, custody/counterparty, derivative cash settlement, liability hedge purpose, and investment-income receipt."
CFAASDBCSD-0198,CFAASDBPC-0199,471,04687#AC2,Interest Rate Swap,750103-AS-2,RAD 2021-15A C1R,1,CFAASDFR-8243,6017,Rad CLO 15 Ltd RAD 2021-15A C1R,2.B,"16,400,000","16,400,000","16,399,246","16,400,000","223,958","340,042",exact-cusip-schedule-d-crosswalk,"A Schedule DB Part C cash-instrument CUSIP has an exact identifier match in Athene Schedule D, joining the named replication component to a statutory holding row.","CUSIP identity and Schedule D fields are not proof of Schedule DB settlement, counterparty remittance, liability/product hedge allocation, borrower cash, or Apollo owner cash.","Reconcile the matched Schedule D lot to Schedule DB component values, custody/counterparty, derivative cash settlement, liability hedge purpose, and investment-income receipt."
CFAASDBCSD-0199,CFAASDBPC-0200,471,04687#AC2,Interest Rate Swap,75884A-AG-5,REG32 2025-4A C,1,CFAASDFR-7684,6006,Regatta 32 Funding Ltd REG32 2025-4A C,1.F,"5,000,000","5,000,000","4,969,030","5,000,000","159,724",,exact-cusip-schedule-d-crosswalk,"A Schedule DB Part C cash-instrument CUSIP has an exact identifier match in Athene Schedule D, joining the named replication component to a statutory holding row.","CUSIP identity and Schedule D fields are not proof of Schedule DB settlement, counterparty remittance, liability/product hedge allocation, borrower cash, or Apollo owner cash.","Reconcile the matched Schedule D lot to Schedule DB component values, custody/counterparty, derivative cash settlement, liability hedge purpose, and investment-income receipt."
CFAASDBCSD-0200,CFAASDBPC-0201,471,04687#AC2,Interest Rate Swap,75884A-AJ-9,REG32 2025-4A D1,1,CFAASDFR-7685,6006,Regatta 32 Funding Ltd REG32 2025-4A D1,2.C,"16,780,000","16,780,000","16,709,390","16,780,000","620,168",,exact-cusip-schedule-d-crosswalk,"A Schedule DB Part C cash-instrument CUSIP has an exact identifier match in Athene Schedule D, joining the named replication component to a statutory holding row.","CUSIP identity and Schedule D fields are not proof of Schedule DB settlement, counterparty remittance, liability/product hedge allocation, borrower cash, or Apollo owner cash.","Reconcile the matched Schedule D lot to Schedule DB component values, custody/counterparty, derivative cash settlement, liability hedge purpose, and investment-income receipt."
CFAASDBCSD-0201,CFAASDBPC-0202,471,04687#AC2,Interest Rate Swap,75903U-AJ-2,REG30 2024-4A D1,1,CFAASDFR-7690,6006,Regatta 30 Funding Ltd REG30 2024-4A D1,2.C,"2,711,099","2,700,000","2,701,615","2,707,767","32,957","99,170",exact-cusip-schedule-d-crosswalk,"A Schedule DB Part C cash-instrument CUSIP has an exact identifier match in Athene Schedule D, joining the named replication component to a statutory holding row.","CUSIP identity and Schedule D fields are not proof of Schedule DB settlement, counterparty remittance, liability/product hedge allocation, borrower cash, or Apollo owner cash.","Reconcile the matched Schedule D lot to Schedule DB component values, custody/counterparty, derivative cash settlement, liability hedge purpose, and investment-income receipt."
CFAASDBCSD-0202,CFAASDBPC-0203,471,04687#AC2,Interest Rate Swap,75904B-AG-9,REG34 2025-3A C,1,CFAASDFR-7691,6006,Regatta 34 Funding Ltd REG34 2025-3A C,1.F,"20,521,773","20,500,000","20,412,281","20,513,464","699,726",,exact-cusip-schedule-d-crosswalk,"A Schedule DB Part C cash-instrument CUSIP has an exact identifier match in Athene Schedule D, joining the named replication component to a statutory holding row.","CUSIP identity and Schedule D fields are not proof of Schedule DB settlement, counterparty remittance, liability/product hedge allocation, borrower cash, or Apollo owner cash.","Reconcile the matched Schedule D lot to Schedule DB component values, custody/counterparty, derivative cash settlement, liability hedge purpose, and investment-income receipt."
CFAASDBCSD-0203,CFAASDBPC-0204,471,04687#AC2,Interest Rate Swap,75904B-AJ-3,REG34 2025-3A D1,1,CFAASDFR-7692,6006,Regatta 34 Funding Ltd REG34 2025-3A D1,2.C,"24,000,000","24,000,000","23,943,816","24,000,000","955,692",,exact-cusip-schedule-d-crosswalk,"A Schedule DB Part C cash-instrument CUSIP has an exact identifier match in Athene Schedule D, joining the named replication component to a statutory holding row.","CUSIP identity and Schedule D fields are not proof of Schedule DB settlement, counterparty remittance, liability/product hedge allocation, borrower cash, or Apollo owner cash.","Reconcile the matched Schedule D lot to Schedule DB component values, custody/counterparty, derivative cash settlement, liability hedge purpose, and investment-income receipt."
CFAASDBCSD-0204,CFAASDBPC-0205,472,04687#AC2,Interest Rate Swap,77341A-AJ-2,ROCKT 2025-1A D1,1,CFAASDFR-7697,6006,Rockford Tower CLO 2025-1 Ltd ROCKT 2025-1A D1,2.C,"4,970,000","5,000,000","5,003,110","4,970,240","74,258","216,975",exact-cusip-schedule-d-crosswalk,"A Schedule DB Part C cash-instrument CUSIP has an exact identifier match in Athene Schedule D, joining the named replication component to a statutory holding row.","CUSIP identity and Schedule D fields are not proof of Schedule DB settlement, counterparty remittance, liability/product hedge allocation, borrower cash, or Apollo owner cash.","Reconcile the matched Schedule D lot to Schedule DB component values, custody/counterparty, derivative cash settlement, liability hedge purpose, and investment-income receipt."
CFAASDBCSD-0205,CFAASDBPC-0206,472,04687#AC2,Interest Rate Swap,78110T-AW-9,RRAM 2022-21A BR,1,CFAASDFR-8258,6017,RR 21 Ltd RRAM 2022-21A BR,1.E,"25,000,000","25,000,000","25,045,200","25,000,000","319,829","1,618,084",exact-cusip-schedule-d-crosswalk,"A Schedule DB Part C cash-instrument CUSIP has an exact identifier match in Athene Schedule D, joining the named replication component to a statutory holding row.","CUSIP identity and Schedule D fields are not proof of Schedule DB settlement, counterparty remittance, liability/product hedge allocation, borrower cash, or Apollo owner cash.","Reconcile the matched Schedule D lot to Schedule DB component values, custody/counterparty, derivative cash settlement, liability hedge purpose, and investment-income receipt."
CFAASDBCSD-0206,CFAASDBPC-0207,472,04687#AC2,Interest Rate Swap,78110T-AY-5,RRAM 2022-21A C1R,1,CFAASDFR-8259,6017,RR 21 Ltd RRAM 2022-21A C1R,2.A,"1,750,000","1,750,000","1,755,415","1,750,000","25,611","128,347",exact-cusip-schedule-d-crosswalk,"A Schedule DB Part C cash-instrument CUSIP has an exact identifier match in Athene Schedule D, joining the named replication component to a statutory holding row.","CUSIP identity and Schedule D fields are not proof of Schedule DB settlement, counterparty remittance, liability/product hedge allocation, borrower cash, or Apollo owner cash.","Reconcile the matched Schedule D lot to Schedule DB component values, custody/counterparty, derivative cash settlement, liability hedge purpose, and investment-income receipt."
CFAASDBCSD-0207,CFAASDBPC-0208,472,04687#AC2,Interest Rate Swap,83011V-AE-4,SIXST 2024-25A C,1,CFAASDFR-7719,6006,Sixth Street CLO XXV Ltd SIXST 2024-25A C,1.F,"10,000,000","10,000,000","10,016,120","10,000,000","115,295","913,449",exact-cusip-schedule-d-crosswalk,"A Schedule DB Part C cash-instrument CUSIP has an exact identifier match in Athene Schedule D, joining the named replication component to a statutory holding row.","CUSIP identity and Schedule D fields are not proof of Schedule DB settlement, counterparty remittance, liability/product hedge allocation, borrower cash, or Apollo owner cash.","Reconcile the matched Schedule D lot to Schedule DB component values, custody/counterparty, derivative cash settlement, liability hedge purpose, and investment-income receipt."
CFAASDBCSD-0208,CFAASDBPC-0209,472,04687#AC2,Interest Rate Swap,83013B-AG-1,SIXST 2025-29A D,1,CFAASDFR-7723,6006,Sixth Street CLO 29 Ltd SIXST 2025-29A D,2.C,"8,000,000","8,000,000","7,981,224","8,000,000","260,325",,exact-cusip-schedule-d-crosswalk,"A Schedule DB Part C cash-instrument CUSIP has an exact identifier match in Athene Schedule D, joining the named replication component to a statutory holding row.","CUSIP identity and Schedule D fields are not proof of Schedule DB settlement, counterparty remittance, liability/product hedge allocation, borrower cash, or Apollo owner cash.","Reconcile the matched Schedule D lot to Schedule DB component values, custody/counterparty, derivative cash settlement, liability hedge purpose, and investment-income receipt."
CFAASDBCSD-0209,CFAASDBPC-0210,472,04687#AC2,Interest Rate Swap,83013T-AE-7,SIXST 2025-28A C,1,CFAASDFR-7724,6006,Sixth Street CLO 28 Ltd SIXST 2025-28A C,1.F,"36,500,000","36,500,000","36,428,716","36,500,000","457,707","1,077,470",exact-cusip-schedule-d-crosswalk,"A Schedule DB Part C cash-instrument CUSIP has an exact identifier match in Athene Schedule D, joining the named replication component to a statutory holding row.","CUSIP identity and Schedule D fields are not proof of Schedule DB settlement, counterparty remittance, liability/product hedge allocation, borrower cash, or Apollo owner cash.","Reconcile the matched Schedule D lot to Schedule DB component values, custody/counterparty, derivative cash settlement, liability hedge purpose, and investment-income receipt."
CFAASDBCSD-0210,CFAASDBPC-0211,472,04687#AC2,Interest Rate Swap,83013T-AG-2,SIXST 2025-28A D1,1,CFAASDFR-7725,6006,Sixth Street CLO 28 Ltd SIXST 2025-28A D1,2.B,"12,450,000","12,450,000","12,449,340","12,450,000","174,797","408,502",exact-cusip-schedule-d-crosswalk,"A Schedule DB Part C cash-instrument CUSIP has an exact identifier match in Athene Schedule D, joining the named replication component to a statutory holding row.","CUSIP identity and Schedule D fields are not proof of Schedule DB settlement, counterparty remittance, liability/product hedge allocation, borrower cash, or Apollo owner cash.","Reconcile the matched Schedule D lot to Schedule DB component values, custody/counterparty, derivative cash settlement, liability hedge purpose, and investment-income receipt."
CFAASDBCSD-0211,CFAASDBPC-0212,472,04687#AC2,Interest Rate Swap,87268J-AJ-1,TPGCLO 2025-1A D1,1,CFAASDFR-7739,6007,TPG CLO 2025-1 Ltd TPGCLO 2025-1A D1,2.C,"453,704","454,000","456,131","453,213","11,971",,exact-cusip-schedule-d-crosswalk,"A Schedule DB Part C cash-instrument CUSIP has an exact identifier match in Athene Schedule D, joining the named replication component to a statutory holding row.","CUSIP identity and Schedule D fields are not proof of Schedule DB settlement, counterparty remittance, liability/product hedge allocation, borrower cash, or Apollo owner cash.","Reconcile the matched Schedule D lot to Schedule DB component values, custody/counterparty, derivative cash settlement, liability hedge purpose, and investment-income receipt."
CFAASDBCSD-0212,CFAASDBPC-0213,472,04687#AC2,Interest Rate Swap,88676P-AG-7,TKO 2024-1A C,1,CFAASDFR-7753,6007,Tikehau US CLO VI Ltd TKO 2024-1A C,1.F,"1,000,000","1,000,000","1,001,840","1,000,000","12,338","86,037",exact-cusip-schedule-d-crosswalk,"A Schedule DB Part C cash-instrument CUSIP has an exact identifier match in Athene Schedule D, joining the named replication component to a statutory holding row.","CUSIP identity and Schedule D fields are not proof of Schedule DB settlement, counterparty remittance, liability/product hedge allocation, borrower cash, or Apollo owner cash.","Reconcile the matched Schedule D lot to Schedule DB component values, custody/counterparty, derivative cash settlement, liability hedge purpose, and investment-income receipt."
CFAASDBCSD-0213,CFAASDBPC-0214,472,04687#AC2,Interest Rate Swap,88676P-AJ-1,TKO 2024-1A D1,1,CFAASDFR-7754,6007,Tikehau US CLO VI Ltd TKO 2024-1A D1,2.B,"15,000,000","15,000,000","14,999,205","15,000,000","218,527","1,500,469",exact-cusip-schedule-d-crosswalk,"A Schedule DB Part C cash-instrument CUSIP has an exact identifier match in Athene Schedule D, joining the named replication component to a statutory holding row.","CUSIP identity and Schedule D fields are not proof of Schedule DB settlement, counterparty remittance, liability/product hedge allocation, borrower cash, or Apollo owner cash.","Reconcile the matched Schedule D lot to Schedule DB component values, custody/counterparty, derivative cash settlement, liability hedge purpose, and investment-income receipt."
CFAASDBCSD-0214,CFAASDBPC-0215,472,04687#AC2,Interest Rate Swap,92895F-AG-6,VOYA 2024-3A C,1,CFAASDFR-7781,6008,Voya 2024-3 LTD VOYA 2024-3A C,1.F,"999,611","1,000,000","1,001,799","998,294","11,932","79,795",exact-cusip-schedule-d-crosswalk,"A Schedule DB Part C cash-instrument CUSIP has an exact identifier match in Athene Schedule D, joining the named replication component to a statutory holding row.","CUSIP identity and Schedule D fields are not proof of Schedule DB settlement, counterparty remittance, liability/product hedge allocation, borrower cash, or Apollo owner cash.","Reconcile the matched Schedule D lot to Schedule DB component values, custody/counterparty, derivative cash settlement, liability hedge purpose, and investment-income receipt."
CFAASDBCSD-0215,CFAASDBPC-0216,472,04687#AC2,Interest Rate Swap,92895F-AJ-0,VOYA 2024-3A D,1,CFAASDFR-7782,6008,Voya 2024-3 LTD VOYA 2024-3A D,2.C,"6,086,392","6,000,000","5,992,272","6,056,692","84,369","370,146",exact-cusip-schedule-d-crosswalk,"A Schedule DB Part C cash-instrument CUSIP has an exact identifier match in Athene Schedule D, joining the named replication component to a statutory holding row.","CUSIP identity and Schedule D fields are not proof of Schedule DB settlement, counterparty remittance, liability/product hedge allocation, borrower cash, or Apollo owner cash.","Reconcile the matched Schedule D lot to Schedule DB component values, custody/counterparty, derivative cash settlement, liability hedge purpose, and investment-income receipt."
CFAASDBCSD-0216,CFAASDBPC-0217,472,04687#AC2,Interest Rate Swap,92945V-AG-1,VOYA 2025-3A C,1,CFAASDFR-7800,6008,Voya CLO 2025-3 Ltd VOYA 2025-3A C,1.F,"10,000,000","10,000,000","9,950,160","10,000,000","279,803",,exact-cusip-schedule-d-crosswalk,"A Schedule DB Part C cash-instrument CUSIP has an exact identifier match in Athene Schedule D, joining the named replication component to a statutory holding row.","CUSIP identity and Schedule D fields are not proof of Schedule DB settlement, counterparty remittance, liability/product hedge allocation, borrower cash, or Apollo owner cash.","Reconcile the matched Schedule D lot to Schedule DB component values, custody/counterparty, derivative cash settlement, liability hedge purpose, and investment-income receipt."
CFAASDBCSD-0217,CFAASDBPC-0218,472,04687#AC2,Interest Rate Swap,92945V-AJ-5,VOYA 2025-3A D1,1,CFAASDFR-7801,6008,Voya CLO 2025-3 Ltd VOYA 2025-3A D1,2.C,"10,000,000","10,000,000","9,976,480","10,000,000","326,192",,exact-cusip-schedule-d-crosswalk,"A Schedule DB Part C cash-instrument CUSIP has an exact identifier match in Athene Schedule D, joining the named replication component to a statutory holding row.","CUSIP identity and Schedule D fields are not proof of Schedule DB settlement, counterparty remittance, liability/product hedge allocation, borrower cash, or Apollo owner cash.","Reconcile the matched Schedule D lot to Schedule DB component values, custody/counterparty, derivative cash settlement, liability hedge purpose, and investment-income receipt."
CFAASDBCSD-0218,CFAASDBPC-0219,472,04687#AC2,Interest Rate Swap,97816W-AE-9,WONPK 2025-1A C,1,CFAASDFR-7812,6008,Wonder Lake Park CLO Ltd WONPK 2025-1A C,1.E,"19,950,000","19,950,000","19,848,514","19,950,000","528,582",,exact-cusip-schedule-d-crosswalk,"A Schedule DB Part C cash-instrument CUSIP has an exact identifier match in Athene Schedule D, joining the named replication component to a statutory holding row.","CUSIP identity and Schedule D fields are not proof of Schedule DB settlement, counterparty remittance, liability/product hedge allocation, borrower cash, or Apollo owner cash.","Reconcile the matched Schedule D lot to Schedule DB component values, custody/counterparty, derivative cash settlement, liability hedge purpose, and investment-income receipt."
CFAASDBCSD-0219,CFAASDBPC-0220,472,04687#AC2,Interest Rate Swap,97816W-AG-4,WONPK 2025-1A D1,1,CFAASDFR-7813,6008,Wonder Lake Park CLO Ltd WONPK 2025-1A D1,2.C,"26,000,000","26,000,000","25,900,784","26,000,000","799,343",,exact-cusip-schedule-d-crosswalk,"A Schedule DB Part C cash-instrument CUSIP has an exact identifier match in Athene Schedule D, joining the named replication component to a statutory holding row.","CUSIP identity and Schedule D fields are not proof of Schedule DB settlement, counterparty remittance, liability/product hedge allocation, borrower cash, or Apollo owner cash.","Reconcile the matched Schedule D lot to Schedule DB component values, custody/counterparty, derivative cash settlement, liability hedge purpose, and investment-income receipt."
CFAASDBCSD-0220,CFAASDBPC-0221,472,04687#AM0,Interest Rate Swap,00038G-AG-5,ABBSL 2024-5A C,1,CFAASDFR-6992,5992,AB BSL CLO 5 Ltd ABBSL 2024-5A C,1.F,"10,468,500","10,500,000","10,519,730","10,348,313","127,419","549,151",exact-cusip-schedule-d-crosswalk,"A Schedule DB Part C cash-instrument CUSIP has an exact identifier match in Athene Schedule D, joining the named replication component to a statutory holding row.","CUSIP identity and Schedule D fields are not proof of Schedule DB settlement, counterparty remittance, liability/product hedge allocation, borrower cash, or Apollo owner cash.","Reconcile the matched Schedule D lot to Schedule DB component values, custody/counterparty, derivative cash settlement, liability hedge purpose, and investment-income receipt."
CFAASDBCSD-0221,CFAASDBPC-0222,472,04687#AM0,Interest Rate Swap,000823-AW-4,ABPCI 2017-1A A2RR,1,CFAASDFR-6998,5992,ABPCI Direct Lending Fund CLO ABPCI 2017-1A A2RR ..,1.A,"5,850,000","5,850,000","5,779,999","5,850,000","68,025","439,262",exact-cusip-schedule-d-crosswalk,"A Schedule DB Part C cash-instrument CUSIP has an exact identifier match in Athene Schedule D, joining the named replication component to a statutory holding row.","CUSIP identity and Schedule D fields are not proof of Schedule DB settlement, counterparty remittance, liability/product hedge allocation, borrower cash, or Apollo owner cash.","Reconcile the matched Schedule D lot to Schedule DB component values, custody/counterparty, derivative cash settlement, liability hedge purpose, and investment-income receipt."
CFAASDBCSD-0222,CFAASDBPC-0223,472,04687#AM0,Interest Rate Swap,00118X-BA-3,AGL 2022-22A D1R,1,CFAASDFR-7014,5992,AGL CLO 22 Ltd AGL 2022-22A D1R,2.A,"12,904,580","13,000,000","13,027,365","12,774,065","173,573","687,168",exact-cusip-schedule-d-crosswalk,"A Schedule DB Part C cash-instrument CUSIP has an exact identifier match in Athene Schedule D, joining the named replication component to a statutory holding row.","CUSIP identity and Schedule D fields are not proof of Schedule DB settlement, counterparty remittance, liability/product hedge allocation, borrower cash, or Apollo owner cash.","Reconcile the matched Schedule D lot to Schedule DB component values, custody/counterparty, derivative cash settlement, liability hedge purpose, and investment-income receipt."
CFAASDBCSD-0223,CFAASDBPC-0224,472,04687#AM0,Interest Rate Swap,00119E-AW-7,AGL 2022-23A D1R,1,CFAASDFR-7018,5992,AGL CLO 23 Ltd AGL 2022-23A D1R,2.A,"8,786,250","9,000,000","8,878,977","8,749,273","115,604","411,914",exact-cusip-schedule-d-crosswalk,"A Schedule DB Part C cash-instrument CUSIP has an exact identifier match in Athene Schedule D, joining the named replication component to a statutory holding row.","CUSIP identity and Schedule D fields are not proof of Schedule DB settlement, counterparty remittance, liability/product hedge allocation, borrower cash, or Apollo owner cash.","Reconcile the matched Schedule D lot to Schedule DB component values, custody/counterparty, derivative cash settlement, liability hedge purpose, and investment-income receipt."
CFAASDBCSD-0224,CFAASDBPC-0225,472,04687#AM0,Interest Rate Swap,00119Y-AG-8,AGL 2021-10A D,1,CFAASDFR-7022,5992,AGL CLO 10 Ltd AGL 2021-10A D,2.C,"12,401,750","12,375,000","12,324,423","12,386,712","189,461","906,741",exact-cusip-schedule-d-crosswalk,"A Schedule DB Part C cash-instrument CUSIP has an exact identifier match in Athene Schedule D, joining the named replication component to a statutory holding row.","CUSIP identity and Schedule D fields are not proof of Schedule DB settlement, counterparty remittance, liability/product hedge allocation, borrower cash, or Apollo owner cash.","Reconcile the matched Schedule D lot to Schedule DB component values, custody/counterparty, derivative cash settlement, liability hedge purpose, and investment-income receipt."
CFAASDBCSD-0225,CFAASDBPC-0226,472,04687#AM0,Interest Rate Swap,00121D-AD-7,AGL 2024-33A D1,1,CFAASDFR-7029,5993,AGL CLO 33 Ltd AGL 2024-33A D1,2.B,"6,026,730","6,000,000","6,007,218","6,019,209","80,040","109,258",exact-cusip-schedule-d-crosswalk,"A Schedule DB Part C cash-instrument CUSIP has an exact identifier match in Athene Schedule D, joining the named replication component to a statutory holding row.","CUSIP identity and Schedule D fields are not proof of Schedule DB settlement, counterparty remittance, liability/product hedge allocation, borrower cash, or Apollo owner cash.","Reconcile the matched Schedule D lot to Schedule DB component values, custody/counterparty, derivative cash settlement, liability hedge purpose, and investment-income receipt."
CFAASDBCSD-0226,CFAASDBPC-0227,472,04687#AM0,Interest Rate Swap,03771B-AG-1,APID 2024-49A C,1,CFAASDFR-7119,5994,Apidos Clo Xlix APID 2024-49A C,1.E,"21,081,667","21,000,000","20,999,097","21,045,921","232,058","1,510,228",exact-cusip-schedule-d-crosswalk,"A Schedule DB Part C cash-instrument CUSIP has an exact identifier match in Athene Schedule D, joining the named replication component to a statutory holding row.","CUSIP identity and Schedule D fields are not proof of Schedule DB settlement, counterparty remittance, liability/product hedge allocation, borrower cash, or Apollo owner cash.","Reconcile the matched Schedule D lot to Schedule DB component values, custody/counterparty, derivative cash settlement, liability hedge purpose, and investment-income receipt."
CFAASDBCSD-0227,CFAASDBPC-0228,472,04687#AM0,Interest Rate Swap,03771B-AJ-5,APID 2024-49A D1,1,CFAASDFR-7120,5994,Apidos Clo Xlix APID 2024-49A D1,2.C,"20,937,210","21,000,000","20,998,782","20,933,919","270,295","1,736,328",exact-cusip-schedule-d-crosswalk,"A Schedule DB Part C cash-instrument CUSIP has an exact identifier match in Athene Schedule D, joining the named replication component to a statutory holding row.","CUSIP identity and Schedule D fields are not proof of Schedule DB settlement, counterparty remittance, liability/product hedge allocation, borrower cash, or Apollo owner cash.","Reconcile the matched Schedule D lot to Schedule DB component values, custody/counterparty, derivative cash settlement, liability hedge purpose, and investment-income receipt."
CFAASDBCSD-0228,CFAASDBPC-0229,472,04687#AM0,Interest Rate Swap,039939-AY-9,ARES 2022-67A D1R,1,CFAASDFR-7130,5995,Ares LXVII CLO Ltd ARES 2022-67A D1R,2.C,"3,519,000","3,600,000","3,592,721","3,490,875","42,623","181,500",exact-cusip-schedule-d-crosswalk,"A Schedule DB Part C cash-instrument CUSIP has an exact identifier match in Athene Schedule D, joining the named replication component to a statutory holding row.","CUSIP identity and Schedule D fields are not proof of Schedule DB settlement, counterparty remittance, liability/product hedge allocation, borrower cash, or Apollo owner cash.","Reconcile the matched Schedule D lot to Schedule DB component values, custody/counterparty, derivative cash settlement, liability hedge purpose, and investment-income receipt."
CFAASDBCSD-0229,CFAASDBPC-0230,472,04687#AM0,Interest Rate Swap,04019H-AY-9,ARES 2022-64A DR,1,CFAASDFR-7139,5995,Ares LXIV CLO Ltd ARES 2022-64A DR,2.C,"6,542,500","6,500,000","6,499,740","6,463,346","100,760","371,755",exact-cusip-schedule-d-crosswalk,"A Schedule DB Part C cash-instrument CUSIP has an exact identifier match in Athene Schedule D, joining the named replication component to a statutory holding row.","CUSIP identity and Schedule D fields are not proof of Schedule DB settlement, counterparty remittance, liability/product hedge allocation, borrower cash, or Apollo owner cash.","Reconcile the matched Schedule D lot to Schedule DB component values, custody/counterparty, derivative cash settlement, liability hedge purpose, and investment-income receipt."
CFAASDBCSD-0230,CFAASDBPC-0231,472,04687#AM0,Interest Rate Swap,04021M-AJ-7,ARES 2024-ALF8 D1,1,CFAASDFR-7148,5995,Ares Loan Funding VIII Ltd ARES 2024-ALF8 D1,2.C,"1,977,000","2,000,000","2,007,778","1,960,459","24,976","102,647",exact-cusip-schedule-d-crosswalk,"A Schedule DB Part C cash-instrument CUSIP has an exact identifier match in Athene Schedule D, joining the named replication component to a statutory holding row.","CUSIP identity and Schedule D fields are not proof of Schedule DB settlement, counterparty remittance, liability/product hedge allocation, borrower cash, or Apollo owner cash.","Reconcile the matched Schedule D lot to Schedule DB component values, custody/counterparty, derivative cash settlement, liability hedge purpose, and investment-income receipt."
CFAASDBCSD-0231,CFAASDBPC-0232,472,04687#AM0,Interest Rate Swap,056162-AS-9,BABSN 2015-IA CR,1,CFAASDFR-7168,5995,Barings CLO Ltd 2015-I BABSN 2015-IA CR,1.A,"2,823,590","2,823,500","2,825,296","2,822,551","33,757","182,394",exact-cusip-schedule-d-crosswalk,"A Schedule DB Part C cash-instrument CUSIP has an exact identifier match in Athene Schedule D, joining the named replication component to a statutory holding row.","CUSIP identity and Schedule D fields are not proof of Schedule DB settlement, counterparty remittance, liability/product hedge allocation, borrower cash, or Apollo owner cash.","Reconcile the matched Schedule D lot to Schedule DB component values, custody/counterparty, derivative cash settlement, liability hedge purpose, and investment-income receipt."
CFAASDBCSD-0232,CFAASDBPC-0233,472,04687#AM0,Interest Rate Swap,067924-AJ-9,BABSN 2024-3A D,1,CFAASDFR-7183,5996,Barings CLO Ltd 2024-III BABSN 2024-3A D,2.C,"4,247,875","4,250,000","4,239,197","4,218,230","58,900","232,679",exact-cusip-schedule-d-crosswalk,"A Schedule DB Part C cash-instrument CUSIP has an exact identifier match in Athene Schedule D, joining the named replication component to a statutory holding row.","CUSIP identity and Schedule D fields are not proof of Schedule DB settlement, counterparty remittance, liability/product hedge allocation, borrower cash, or Apollo owner cash.","Reconcile the matched Schedule D lot to Schedule DB component values, custody/counterparty, derivative cash settlement, liability hedge purpose, and investment-income receipt."
CFAASDBCSD-0233,CFAASDBPC-0234,473,04687#AM0,Interest Rate Swap,072917-AE-7,BXCMM 2022-1A B,1,CFAASDFR-6606,5984,BCRED MML CLO 2022-1 LLC BXCMM 2022-1A B,1.C,"25,500,000","25,500,000","25,372,908","25,500,000","304,275","1,644,274",exact-cusip-schedule-d-crosswalk,"A Schedule DB Part C cash-instrument CUSIP has an exact identifier match in Athene Schedule D, joining the named replication component to a statutory holding row.","CUSIP identity and Schedule D fields are not proof of Schedule DB settlement, counterparty remittance, liability/product hedge allocation, borrower cash, or Apollo owner cash.","Reconcile the matched Schedule D lot to Schedule DB component values, custody/counterparty, derivative cash settlement, liability hedge purpose, and investment-income receipt."
CFAASDBCSD-0234,CFAASDBPC-0235,473,04687#AM0,Interest Rate Swap,12553D-BA-4,CIFC 2019-1A D1R2,1,CFAASDFR-7207,5996,CIFC Funding 2019-I Ltd CIFC 2019-1A D1R2,2.C,"16,500,000","16,500,000","16,509,669","16,500,000","232,015","1,239,117",exact-cusip-schedule-d-crosswalk,"A Schedule DB Part C cash-instrument CUSIP has an exact identifier match in Athene Schedule D, joining the named replication component to a statutory holding row.","CUSIP identity and Schedule D fields are not proof of Schedule DB settlement, counterparty remittance, liability/product hedge allocation, borrower cash, or Apollo owner cash.","Reconcile the matched Schedule D lot to Schedule DB component values, custody/counterparty, derivative cash settlement, liability hedge purpose, and investment-income receipt."
CFAASDBCSD-0235,CFAASDBPC-0236,473,04687#AM0,Interest Rate Swap,12567M-AW-1,CIFC 2022-2A DR,1,CFAASDFR-7212,5996,CIFC Funding 2022-II Ltd CIFC 2022-2A DR,2.A,"5,928,000","6,000,000","5,923,620","5,846,756","78,286","312,813",exact-cusip-schedule-d-crosswalk,"A Schedule DB Part C cash-instrument CUSIP has an exact identifier match in Athene Schedule D, joining the named replication component to a statutory holding row.","CUSIP identity and Schedule D fields are not proof of Schedule DB settlement, counterparty remittance, liability/product hedge allocation, borrower cash, or Apollo owner cash.","Reconcile the matched Schedule D lot to Schedule DB component values, custody/counterparty, derivative cash settlement, liability hedge purpose, and investment-income receipt."
CFAASDBCSD-0236,CFAASDBPC-0237,473,04687#AM0,Interest Rate Swap,12572V-AE-4,CIFC 2025-1A C,1,CFAASDFR-7215,5996,CIFC Funding 2025-I Ltd CIFC 2025-1A C,1.F,"5,007,500","5,000,000","5,006,390","4,945,208","54,054","185,926",exact-cusip-schedule-d-crosswalk,"A Schedule DB Part C cash-instrument CUSIP has an exact identifier match in Athene Schedule D, joining the named replication component to a statutory holding row.","CUSIP identity and Schedule D fields are not proof of Schedule DB settlement, counterparty remittance, liability/product hedge allocation, borrower cash, or Apollo owner cash.","Reconcile the matched Schedule D lot to Schedule DB component values, custody/counterparty, derivative cash settlement, liability hedge purpose, and investment-income receipt."
CFAASDBCSD-0237,CFAASDBPC-0238,473,04687#AM0,Interest Rate Swap,13877J-AE-1,CANYC 2022-1A C,1,CFAASDFR-7223,5996,Canyon Capital CLO 2022-1 Ltd CANYC 2022-1A C,1.F,"11,896,680","12,000,000","11,976,240","11,938,471","158,434","757,313",exact-cusip-schedule-d-crosswalk,"A Schedule DB Part C cash-instrument CUSIP has an exact identifier match in Athene Schedule D, joining the named replication component to a statutory holding row.","CUSIP identity and Schedule D fields are not proof of Schedule DB settlement, counterparty remittance, liability/product hedge allocation, borrower cash, or Apollo owner cash.","Reconcile the matched Schedule D lot to Schedule DB component values, custody/counterparty, derivative cash settlement, liability hedge purpose, and investment-income receipt."
CFAASDBCSD-0238,CFAASDBPC-0239,473,04687#AM0,Interest Rate Swap,14319K-AE-2,CGMS 2024-5A B,1,CFAASDFR-7246,5997,Carlyle US CLO 2024-5 Ltd CGMS 2024-5A B,1.C,"7,940,000","7,940,000","7,949,091","7,940,000","80,906","463,139",exact-cusip-schedule-d-crosswalk,"A Schedule DB Part C cash-instrument CUSIP has an exact identifier match in Athene Schedule D, joining the named replication component to a statutory holding row.","CUSIP identity and Schedule D fields are not proof of Schedule DB settlement, counterparty remittance, liability/product hedge allocation, borrower cash, or Apollo owner cash.","Reconcile the matched Schedule D lot to Schedule DB component values, custody/counterparty, derivative cash settlement, liability hedge purpose, and investment-income receipt."
CFAASDBCSD-0239,CFAASDBPC-0240,473,04687#AM0,Interest Rate Swap,14319K-AJ-1,CGMS 2024-5A D1,1,CFAASDFR-7247,5997,Carlyle US CLO 2024-5 Ltd CGMS 2024-5A D1,2.C,"5,800,000","5,800,000","5,799,664","5,800,000","72,923","410,990",exact-cusip-schedule-d-crosswalk,"A Schedule DB Part C cash-instrument CUSIP has an exact identifier match in Athene Schedule D, joining the named replication component to a statutory holding row.","CUSIP identity and Schedule D fields are not proof of Schedule DB settlement, counterparty remittance, liability/product hedge allocation, borrower cash, or Apollo owner cash.","Reconcile the matched Schedule D lot to Schedule DB component values, custody/counterparty, derivative cash settlement, liability hedge purpose, and investment-income receipt."
CFAASDBCSD-0240,CFAASDBPC-0241,473,04687#AM0,Interest Rate Swap,14319P-AG-6,CGMS 2024-6A C,1,CFAASDFR-7249,5997,Carlyle US CLO 2024-6 Ltd CGMS 2024-6A C,1.F,"31,040,805","31,000,000","31,018,011","31,030,605","332,929","1,821,796",exact-cusip-schedule-d-crosswalk,"A Schedule DB Part C cash-instrument CUSIP has an exact identifier match in Athene Schedule D, joining the named replication component to a statutory holding row.","CUSIP identity and Schedule D fields are not proof of Schedule DB settlement, counterparty remittance, liability/product hedge allocation, borrower cash, or Apollo owner cash.","Reconcile the matched Schedule D lot to Schedule DB component values, custody/counterparty, derivative cash settlement, liability hedge purpose, and investment-income receipt."
CFAASDBCSD-0241,CFAASDBPC-0242,473,04687#AM0,Interest Rate Swap,14319R-AG-2,CGMS 2024-7A D1,1,CFAASDFR-7253,5997,Carlyle US CLO 2024-7 Ltd CGMS 2024-7A D1,2.C,"15,032,540","15,000,000","14,999,430","15,024,525","224,398","501,517",exact-cusip-schedule-d-crosswalk,"A Schedule DB Part C cash-instrument CUSIP has an exact identifier match in Athene Schedule D, joining the named replication component to a statutory holding row.","CUSIP identity and Schedule D fields are not proof of Schedule DB settlement, counterparty remittance, liability/product hedge allocation, borrower cash, or Apollo owner cash.","Reconcile the matched Schedule D lot to Schedule DB component values, custody/counterparty, derivative cash settlement, liability hedge purpose, and investment-income receipt."
CFAASDBCSD-0242,CFAASDBPC-0243,473,04687#AM0,Interest Rate Swap,17180W-AS-4,CIFC 2018-2A D1R,1,CFAASDFR-7262,5997,CIFC Funding 2018-II Ltd CIFC 2018-2A D1R,2.C,"12,017,750","12,000,000","11,999,412","11,940,650","168,738","666,042",exact-cusip-schedule-d-crosswalk,"A Schedule DB Part C cash-instrument CUSIP has an exact identifier match in Athene Schedule D, joining the named replication component to a statutory holding row.","CUSIP identity and Schedule D fields are not proof of Schedule DB settlement, counterparty remittance, liability/product hedge allocation, borrower cash, or Apollo owner cash.","Reconcile the matched Schedule D lot to Schedule DB component values, custody/counterparty, derivative cash settlement, liability hedge purpose, and investment-income receipt."
CFAASDBCSD-0243,CFAASDBPC-0244,473,04687#AM0,Interest Rate Swap,17181D-AE-6,CIFC 2025-2A C,1,CFAASDFR-7264,5997,CIFC Funding 2025-II Ltd CIFC 2025-2A C,1.F,"29,000,000","29,000,000","28,904,387","29,000,000","352,152","807,774",exact-cusip-schedule-d-crosswalk,"A Schedule DB Part C cash-instrument CUSIP has an exact identifier match in Athene Schedule D, joining the named replication component to a statutory holding row.","CUSIP identity and Schedule D fields are not proof of Schedule DB settlement, counterparty remittance, liability/product hedge allocation, borrower cash, or Apollo owner cash.","Reconcile the matched Schedule D lot to Schedule DB component values, custody/counterparty, derivative cash settlement, liability hedge purpose, and investment-income receipt."
CFAASDBCSD-0244,CFAASDBPC-0245,473,04687#AM0,Interest Rate Swap,17181T-AN-1,CIFC 2018-4A CR,1,CFAASDFR-7269,5997,CIFC Funding 2018-IV Ltd CIFC 2018-4A CR,1.F,"5,001,235","5,000,000","4,983,515","4,996,629","59,445","171,829",exact-cusip-schedule-d-crosswalk,"A Schedule DB Part C cash-instrument CUSIP has an exact identifier match in Athene Schedule D, joining the named replication component to a statutory holding row.","CUSIP identity and Schedule D fields are not proof of Schedule DB settlement, counterparty remittance, liability/product hedge allocation, borrower cash, or Apollo owner cash.","Reconcile the matched Schedule D lot to Schedule DB component values, custody/counterparty, derivative cash settlement, liability hedge purpose, and investment-income receipt."
CFAASDBCSD-0245,CFAASDBPC-0246,473,04687#AM0,Interest Rate Swap,25255D-AQ-3,DCLO 2021-1A BR,1,CFAASDFR-7287,5998,Diameter Capital Clo 1 Ltd DCLO 2021-1A BR,1.F,"28,000,000","28,000,000","27,964,832","28,000,000","361,242","1,778,142",exact-cusip-schedule-d-crosswalk,"A Schedule DB Part C cash-instrument CUSIP has an exact identifier match in Athene Schedule D, joining the named replication component to a statutory holding row.","CUSIP identity and Schedule D fields are not proof of Schedule DB settlement, counterparty remittance, liability/product hedge allocation, borrower cash, or Apollo owner cash.","Reconcile the matched Schedule D lot to Schedule DB component values, custody/counterparty, derivative cash settlement, liability hedge purpose, and investment-income receipt."
CFAASDBCSD-0246,CFAASDBPC-0247,473,04687#AM0,Interest Rate Swap,25290B-AG-6,DCLO 2025-10A D1,1,CFAASDFR-7310,5998,Diameter Capital CLO 10 Ltd DCLO 2025-10A D1,2.C,"4,250,000","4,250,000","4,236,086","4,250,000","61,485","154,335",exact-cusip-schedule-d-crosswalk,"A Schedule DB Part C cash-instrument CUSIP has an exact identifier match in Athene Schedule D, joining the named replication component to a statutory holding row.","CUSIP identity and Schedule D fields are not proof of Schedule DB settlement, counterparty remittance, liability/product hedge allocation, borrower cash, or Apollo owner cash.","Reconcile the matched Schedule D lot to Schedule DB component values, custody/counterparty, derivative cash settlement, liability hedge purpose, and investment-income receipt."
CFAASDBCSD-0247,CFAASDBPC-0248,473,04687#AM0,Interest Rate Swap,26245X-AU-1,DRSLF 2020-86A DR,1,CFAASDFR-7311,5998,Dryden 86 CLO Ltd DRSLF 2020-86A DR,2.C,"6,817,717","7,000,000","6,996,766","6,942,347","108,517","557,168",exact-cusip-schedule-d-crosswalk,"A Schedule DB Part C cash-instrument CUSIP has an exact identifier match in Athene Schedule D, joining the named replication component to a statutory holding row.","CUSIP identity and Schedule D fields are not proof of Schedule DB settlement, counterparty remittance, liability/product hedge allocation, borrower cash, or Apollo owner cash.","Reconcile the matched Schedule D lot to Schedule DB component values, custody/counterparty, derivative cash settlement, liability hedge purpose, and investment-income receipt."
CFAASDBCSD-0248,CFAASDBPC-0249,473,04687#AM0,Interest Rate Swap,26246B-AY-0,DRSLF 2020-85A BR2,1,CFAASDFR-7312,5998,Dryden 85 CLO Ltd DRSLF 2020-85A BR2,1.C,"19,893,000","19,893,000","19,915,459","19,893,000","245,874","1,247,203",exact-cusip-schedule-d-crosswalk,"A Schedule DB Part C cash-instrument CUSIP has an exact identifier match in Athene Schedule D, joining the named replication component to a statutory holding row.","CUSIP identity and Schedule D fields are not proof of Schedule DB settlement, counterparty remittance, liability/product hedge allocation, borrower cash, or Apollo owner cash.","Reconcile the matched Schedule D lot to Schedule DB component values, custody/counterparty, derivative cash settlement, liability hedge purpose, and investment-income receipt."
CFAASDBCSD-0249,CFAASDBPC-0250,473,04687#AM0,Interest Rate Swap,26252N-AU-3,DRSLF 2019-72A DR,1,CFAASDFR-7321,5998,Dryden 72 CLO Ltd DRSLF 2019-72A DR,2.C,"3,676,279","4,000,000","3,956,652","3,789,827","35,567","310,268",exact-cusip-schedule-d-crosswalk,"A Schedule DB Part C cash-instrument CUSIP has an exact identifier match in Athene Schedule D, joining the named replication component to a statutory holding row.","CUSIP identity and Schedule D fields are not proof of Schedule DB settlement, counterparty remittance, liability/product hedge allocation, borrower cash, or Apollo owner cash.","Reconcile the matched Schedule D lot to Schedule DB component values, custody/counterparty, derivative cash settlement, liability hedge purpose, and investment-income receipt."
CFAASDBCSD-0250,CFAASDBPC-0251,473,04687#AM0,Interest Rate Swap,26253H-AJ-0,DRSLF 2025-123A D1,1,CFAASDFR-7322,5998,Dryden 123 CLO Ltd DRSLF 2025-123A D1,2.C,"4,992,625","5,000,000","5,003,155","4,985,803","73,174","192,415",exact-cusip-schedule-d-crosswalk,"A Schedule DB Part C cash-instrument CUSIP has an exact identifier match in Athene Schedule D, joining the named replication component to a statutory holding row.","CUSIP identity and Schedule D fields are not proof of Schedule DB settlement, counterparty remittance, liability/product hedge allocation, borrower cash, or Apollo owner cash.","Reconcile the matched Schedule D lot to Schedule DB component values, custody/counterparty, derivative cash settlement, liability hedge purpose, and investment-income receipt."
CFAASDBCSD-0251,CFAASDBPC-0252,473,04687#AM0,Interest Rate Swap,26253M-AU-4,DRSLF 2022-108A CR,1,CFAASDFR-7324,5998,Dryden 108 CLO Ltd DRSLF 2022-108A CR,1.F,"18,937,819","18,900,000","18,929,711","18,926,722","231,270","695,439",exact-cusip-schedule-d-crosswalk,"A Schedule DB Part C cash-instrument CUSIP has an exact identifier match in Athene Schedule D, joining the named replication component to a statutory holding row.","CUSIP identity and Schedule D fields are not proof of Schedule DB settlement, counterparty remittance, liability/product hedge allocation, borrower cash, or Apollo owner cash.","Reconcile the matched Schedule D lot to Schedule DB component values, custody/counterparty, derivative cash settlement, liability hedge purpose, and investment-income receipt."
CFAASDBCSD-0252,CFAASDBPC-0253,473,04687#AM0,Interest Rate Swap,26253M-AW-0,DRSLF 2022-108A D1R,1,CFAASDFR-7325,5998,Dryden 108 CLO Ltd DRSLF 2022-108A D1R,2.C,"14,971,245","15,000,000","14,999,250","14,974,353","212,443","632,369",exact-cusip-schedule-d-crosswalk,"A Schedule DB Part C cash-instrument CUSIP has an exact identifier match in Athene Schedule D, joining the named replication component to a statutory holding row.","CUSIP identity and Schedule D fields are not proof of Schedule DB settlement, counterparty remittance, liability/product hedge allocation, borrower cash, or Apollo owner cash.","Reconcile the matched Schedule D lot to Schedule DB component values, custody/counterparty, derivative cash settlement, liability hedge purpose, and investment-income receipt."
CFAASDBCSD-0253,CFAASDBPC-0254,473,04687#AM0,Interest Rate Swap,26253V-AG-5,DRSLF 2024-121A C,1,CFAASDFR-7326,5999,Dryden 121 CLO Ltd DRSLF 2024-121A C,1.F,"33,415,600","33,500,000","33,520,804","33,134,737","421,313","1,726,522",exact-cusip-schedule-d-crosswalk,"A Schedule DB Part C cash-instrument CUSIP has an exact identifier match in Athene Schedule D, joining the named replication component to a statutory holding row.","CUSIP identity and Schedule D fields are not proof of Schedule DB settlement, counterparty remittance, liability/product hedge allocation, borrower cash, or Apollo owner cash.","Reconcile the matched Schedule D lot to Schedule DB component values, custody/counterparty, derivative cash settlement, liability hedge purpose, and investment-income receipt."
CFAASDBCSD-0254,CFAASDBPC-0255,473,04687#AM0,Interest Rate Swap,26254C-AS-0,DRSLF 2022-106A BR,1,CFAASDFR-7327,5999,Dryden 106 CLO Ltd DRSLF 2022-106A BR,1.C,"17,105,000","17,105,000","17,084,252","17,105,000","211,415","1,072,408",exact-cusip-schedule-d-crosswalk,"A Schedule DB Part C cash-instrument CUSIP has an exact identifier match in Athene Schedule D, joining the named replication component to a statutory holding row.","CUSIP identity and Schedule D fields are not proof of Schedule DB settlement, counterparty remittance, liability/product hedge allocation, borrower cash, or Apollo owner cash.","Reconcile the matched Schedule D lot to Schedule DB component values, custody/counterparty, derivative cash settlement, liability hedge purpose, and investment-income receipt."
CFAASDBCSD-0255,CFAASDBPC-0256,473,04687#AM0,Interest Rate Swap,29001E-AE-7,ELM33 2024-9RA CR,1,CFAASDFR-7330,5999,Elmwood CLO 33 Ltd ELM33 2024-9RA CR,1.F,"5,182,952","5,200,000","5,186,636","5,183,917","61,048","232,546",exact-cusip-schedule-d-crosswalk,"A Schedule DB Part C cash-instrument CUSIP has an exact identifier match in Athene Schedule D, joining the named replication component to a statutory holding row.","CUSIP identity and Schedule D fields are not proof of Schedule DB settlement, counterparty remittance, liability/product hedge allocation, borrower cash, or Apollo owner cash.","Reconcile the matched Schedule D lot to Schedule DB component values, custody/counterparty, derivative cash settlement, liability hedge purpose, and investment-income receipt."
CFAASDBCSD-0256,CFAASDBPC-0257,473,04687#AM0,Interest Rate Swap,29001L-BE-0,ELMW2 2019-2A D1RR,1,CFAASDFR-7335,5999,Elmwood CLO II Ltd ELMW2 2019-2A D1RR,2.C,"7,958,000","8,000,000","7,933,632","7,895,528","112,492","444,028",exact-cusip-schedule-d-crosswalk,"A Schedule DB Part C cash-instrument CUSIP has an exact identifier match in Athene Schedule D, joining the named replication component to a statutory holding row.","CUSIP identity and Schedule D fields are not proof of Schedule DB settlement, counterparty remittance, liability/product hedge allocation, borrower cash, or Apollo owner cash.","Reconcile the matched Schedule D lot to Schedule DB component values, custody/counterparty, derivative cash settlement, liability hedge purpose, and investment-income receipt."
CFAASDBCSD-0257,CFAASDBPC-0258,473,04687#AM0,Interest Rate Swap,29003H-AJ-7,ELM31 2024-7A D1,1,CFAASDFR-7341,5999,Elmwood CLO 31 Ltd ELM31 2024-7A D1,2.C,"2,252,336","2,250,000","2,249,892","2,250,425","31,738","40,954",exact-cusip-schedule-d-crosswalk,"A Schedule DB Part C cash-instrument CUSIP has an exact identifier match in Athene Schedule D, joining the named replication component to a statutory holding row.","CUSIP identity and Schedule D fields are not proof of Schedule DB settlement, counterparty remittance, liability/product hedge allocation, borrower cash, or Apollo owner cash.","Reconcile the matched Schedule D lot to Schedule DB component values, custody/counterparty, derivative cash settlement, liability hedge purpose, and investment-income receipt."
CFAASDBCSD-0258,CFAASDBPC-0259,473,04687#AM0,Interest Rate Swap,29005B-AE-9,ELM41 2025-4A C,1,CFAASDFR-7347,5999,Elmwood CLO 41 Ltd ELM41 2025-4A C,1.F,"10,500,000","10,500,000","10,462,211","10,500,000","401,455",,exact-cusip-schedule-d-crosswalk,"A Schedule DB Part C cash-instrument CUSIP has an exact identifier match in Athene Schedule D, joining the named replication component to a statutory holding row.","CUSIP identity and Schedule D fields are not proof of Schedule DB settlement, counterparty remittance, liability/product hedge allocation, borrower cash, or Apollo owner cash.","Reconcile the matched Schedule D lot to Schedule DB component values, custody/counterparty, derivative cash settlement, liability hedge purpose, and investment-income receipt."
CFAASDBCSD-0259,CFAASDBPC-0260,473,04687#AM0,Interest Rate Swap,34960N-AU-0,FCBSL 2015-1A DR,1,CFAASDFR-7361,5999,Fortress Credit BSL III Ltd FCBSL 2015-1A DR,1.G,"15,979,292","16,000,000","16,002,848","15,988,849","243,205","815,135",exact-cusip-schedule-d-crosswalk,"A Schedule DB Part C cash-instrument CUSIP has an exact identifier match in Athene Schedule D, joining the named replication component to a statutory holding row.","CUSIP identity and Schedule D fields are not proof of Schedule DB settlement, counterparty remittance, liability/product hedge allocation, borrower cash, or Apollo owner cash.","Reconcile the matched Schedule D lot to Schedule DB component values, custody/counterparty, derivative cash settlement, liability hedge purpose, and investment-income receipt."
CFAASDBCSD-0260,CFAASDBPC-0261,473,04687#AM0,Interest Rate Swap,34966P-AJ-4,FCBSL 2024-3A D1,1,CFAASDFR-7387,6000,Fortress Credit BSL XXII Ltd FCBSL 2024-3A D1,2.B,"4,522,000","4,522,000","4,559,225","4,522,000","68,670","374,083",exact-cusip-schedule-d-crosswalk,"A Schedule DB Part C cash-instrument CUSIP has an exact identifier match in Athene Schedule D, joining the named replication component to a statutory holding row.","CUSIP identity and Schedule D fields are not proof of Schedule DB settlement, counterparty remittance, liability/product hedge allocation, borrower cash, or Apollo owner cash.","Reconcile the matched Schedule D lot to Schedule DB component values, custody/counterparty, derivative cash settlement, liability hedge purpose, and investment-income receipt."
CFAASDBCSD-0261,CFAASDBPC-0262,473,04687#AM0,Interest Rate Swap,34990B-AG-1,FCBSL 2025-1A D1,1,CFAASDFR-7395,6000,Fortress Credit BSL XXIV Ltd FCBSL 2025-1A D1,2.B,"5,200,000","5,200,000","5,227,591","5,200,000","77,338","264,374",exact-cusip-schedule-d-crosswalk,"A Schedule DB Part C cash-instrument CUSIP has an exact identifier match in Athene Schedule D, joining the named replication component to a statutory holding row.","CUSIP identity and Schedule D fields are not proof of Schedule DB settlement, counterparty remittance, liability/product hedge allocation, borrower cash, or Apollo owner cash.","Reconcile the matched Schedule D lot to Schedule DB component values, custody/counterparty, derivative cash settlement, liability hedge purpose, and investment-income receipt."
CFAASDBCSD-0262,CFAASDBPC-0263,473,04687#AM0,Interest Rate Swap,38138F-BA-8,GLM 2022-12A DR,1,CFAASDFR-7405,6000,Goldentree Loan Management US GLM 2022-12A DR,2.C,"4,024,455","4,000,000","4,007,240","4,009,954","55,840","371,872",exact-cusip-schedule-d-crosswalk,"A Schedule DB Part C cash-instrument CUSIP has an exact identifier match in Athene Schedule D, joining the named replication component to a statutory holding row.","CUSIP identity and Schedule D fields are not proof of Schedule DB settlement, counterparty remittance, liability/product hedge allocation, borrower cash, or Apollo owner cash.","Reconcile the matched Schedule D lot to Schedule DB component values, custody/counterparty, derivative cash settlement, liability hedge purpose, and investment-income receipt."
CFAASDBCSD-0263,CFAASDBPC-0264,474,04687#AM0,Interest Rate Swap,38139E-AJ-2,GLM 2024-22A C,1,CFAASDFR-7406,6000,GoldenTree Loan Management US GLM 2024-22A C,1.F,"2,989,500","3,000,000","2,990,577","2,922,084","35,189","185,421",exact-cusip-schedule-d-crosswalk,"A Schedule DB Part C cash-instrument CUSIP has an exact identifier match in Athene Schedule D, joining the named replication component to a statutory holding row.","CUSIP identity and Schedule D fields are not proof of Schedule DB settlement, counterparty remittance, liability/product hedge allocation, borrower cash, or Apollo owner cash.","Reconcile the matched Schedule D lot to Schedule DB component values, custody/counterparty, derivative cash settlement, liability hedge purpose, and investment-income receipt."
CFAASDBCSD-0264,CFAASDBPC-0265,474,04687#AM0,Interest Rate Swap,39808P-AQ-9,GWOLF 2015-1A BR,1,CFAASDFR-7443,6001,Greywolf CLO V Ltd GWOLF 2015-1A BR,1.B,"5,936,468","5,934,391","5,950,373","5,929,520","66,579","402,026",exact-cusip-schedule-d-crosswalk,"A Schedule DB Part C cash-instrument CUSIP has an exact identifier match in Athene Schedule D, joining the named replication component to a statutory holding row.","CUSIP identity and Schedule D fields are not proof of Schedule DB settlement, counterparty remittance, liability/product hedge allocation, borrower cash, or Apollo owner cash.","Reconcile the matched Schedule D lot to Schedule DB component values, custody/counterparty, derivative cash settlement, liability hedge purpose, and investment-income receipt."
CFAASDBCSD-0265,CFAASDBPC-0266,474,04687#AM0,Interest Rate Swap,39808P-AS-5,GWOLF 2015-1A CR,1,CFAASDFR-7444,6001,Greywolf CLO V Ltd GWOLF 2015-1A CR,2.A,"8,967,411","9,000,000","9,007,731","8,986,319","117,473","512,478",exact-cusip-schedule-d-crosswalk,"A Schedule DB Part C cash-instrument CUSIP has an exact identifier match in Athene Schedule D, joining the named replication component to a statutory holding row.","CUSIP identity and Schedule D fields are not proof of Schedule DB settlement, counterparty remittance, liability/product hedge allocation, borrower cash, or Apollo owner cash.","Reconcile the matched Schedule D lot to Schedule DB component values, custody/counterparty, derivative cash settlement, liability hedge purpose, and investment-income receipt."
CFAASDBCSD-0266,CFAASDBPC-0267,474,04687#AM0,Interest Rate Swap,40172D-AG-4,GUGG 2020-1A DR,1,CFAASDFR-7450,6001,Guggenheim CLO 2020-1 Ltd GUGG 2020-1A DR,2.B,"6,250,000","6,250,000","6,251,438","6,250,000","107,198","531,993",exact-cusip-schedule-d-crosswalk,"A Schedule DB Part C cash-instrument CUSIP has an exact identifier match in Athene Schedule D, joining the named replication component to a statutory holding row.","CUSIP identity and Schedule D fields are not proof of Schedule DB settlement, counterparty remittance, liability/product hedge allocation, borrower cash, or Apollo owner cash.","Reconcile the matched Schedule D lot to Schedule DB component values, custody/counterparty, derivative cash settlement, liability hedge purpose, and investment-income receipt."
CFAASDBCSD-0267,CFAASDBPC-0268,474,04687#AM0,Interest Rate Swap,44929B-BA-8,ICG 2014-2A CRR,1,CFAASDFR-7454,6001,ICG US CLO 2014-2 Ltd ICG 2014-2A CRR,1.A,"14,104,344","14,488,000","14,487,710","14,309,037","187,281","946,762",exact-cusip-schedule-d-crosswalk,"A Schedule DB Part C cash-instrument CUSIP has an exact identifier match in Athene Schedule D, joining the named replication component to a statutory holding row.","CUSIP identity and Schedule D fields are not proof of Schedule DB settlement, counterparty remittance, liability/product hedge allocation, borrower cash, or Apollo owner cash.","Reconcile the matched Schedule D lot to Schedule DB component values, custody/counterparty, derivative cash settlement, liability hedge purpose, and investment-income receipt."
CFAASDBCSD-0268,CFAASDBPC-0269,474,04687#AM0,Interest Rate Swap,481939-AX-4,KKR 49A D1R,1,CFAASDFR-7463,6001,KKR CLO 49 Ltd KKR 49A D1R,2.B,"4,524,750","4,500,000","4,513,851","4,469,828","65,558","258,266",exact-cusip-schedule-d-crosswalk,"A Schedule DB Part C cash-instrument CUSIP has an exact identifier match in Athene Schedule D, joining the named replication component to a statutory holding row.","CUSIP identity and Schedule D fields are not proof of Schedule DB settlement, counterparty remittance, liability/product hedge allocation, borrower cash, or Apollo owner cash.","Reconcile the matched Schedule D lot to Schedule DB component values, custody/counterparty, derivative cash settlement, liability hedge purpose, and investment-income receipt."
CFAASDBCSD-0269,CFAASDBPC-0270,474,04687#AM0,Interest Rate Swap,48255A-AG-3,KKR 36A D,1,CFAASDFR-7479,6002,KKR CLO 36 Ltd KKR 36A D,2.C,"7,386,399","7,500,000","7,397,798","7,464,364","122,950","611,777",exact-cusip-schedule-d-crosswalk,"A Schedule DB Part C cash-instrument CUSIP has an exact identifier match in Athene Schedule D, joining the named replication component to a statutory holding row.","CUSIP identity and Schedule D fields are not proof of Schedule DB settlement, counterparty remittance, liability/product hedge allocation, borrower cash, or Apollo owner cash.","Reconcile the matched Schedule D lot to Schedule DB component values, custody/counterparty, derivative cash settlement, liability hedge purpose, and investment-income receipt."
CFAASDBCSD-0270,CFAASDBPC-0271,474,04687#AM0,Interest Rate Swap,48256N-AE-9,KKR 2024-51A B,1,CFAASDFR-7482,6002,KKR CLO 51 Ltd KKR 2024-51A B,1.B,"8,750,000","8,750,000","8,765,181","8,750,000","101,746","588,594",exact-cusip-schedule-d-crosswalk,"A Schedule DB Part C cash-instrument CUSIP has an exact identifier match in Athene Schedule D, joining the named replication component to a statutory holding row.","CUSIP identity and Schedule D fields are not proof of Schedule DB settlement, counterparty remittance, liability/product hedge allocation, borrower cash, or Apollo owner cash.","Reconcile the matched Schedule D lot to Schedule DB component values, custody/counterparty, derivative cash settlement, liability hedge purpose, and investment-income receipt."
CFAASDBCSD-0271,CFAASDBPC-0272,474,04687#AM0,Interest Rate Swap,48256N-AJ-8,KKR 2024-51A D1,1,CFAASDFR-7483,6002,KKR CLO 51 Ltd KKR 2024-51A D1,2.C,"15,610,027","15,500,000","15,450,478","15,569,250","221,096","1,260,383",exact-cusip-schedule-d-crosswalk,"A Schedule DB Part C cash-instrument CUSIP has an exact identifier match in Athene Schedule D, joining the named replication component to a statutory holding row.","CUSIP identity and Schedule D fields are not proof of Schedule DB settlement, counterparty remittance, liability/product hedge allocation, borrower cash, or Apollo owner cash.","Reconcile the matched Schedule D lot to Schedule DB component values, custody/counterparty, derivative cash settlement, liability hedge purpose, and investment-income receipt."
CFAASDBCSD-0272,CFAASDBPC-0273,474,04687#AM0,Interest Rate Swap,509827-AG-6,LAKEG 2025-1A D,1,CFAASDFR-7492,6002,Lake George Park CLO Ltd LAKEG 2025-1A D,2.C,"29,663,825","29,700,000","29,500,743","29,657,200","412,132","1,086,930",exact-cusip-schedule-d-crosswalk,"A Schedule DB Part C cash-instrument CUSIP has an exact identifier match in Athene Schedule D, joining the named replication component to a statutory holding row.","CUSIP identity and Schedule D fields are not proof of Schedule DB settlement, counterparty remittance, liability/product hedge allocation, borrower cash, or Apollo owner cash.","Reconcile the matched Schedule D lot to Schedule DB component values, custody/counterparty, derivative cash settlement, liability hedge purpose, and investment-income receipt."
CFAASDBCSD-0273,CFAASDBPC-0274,474,04687#AM0,Interest Rate Swap,527911-AL-5,LEWEY 2024-1A D1,1,CFAASDFR-7498,6002,Lewey Park CLO Ltd LEWEY 2024-1A D1,2.C,"8,499,300","8,500,000","8,483,408","8,496,715","115,939","589,318",exact-cusip-schedule-d-crosswalk,"A Schedule DB Part C cash-instrument CUSIP has an exact identifier match in Athene Schedule D, joining the named replication component to a statutory holding row.","CUSIP identity and Schedule D fields are not proof of Schedule DB settlement, counterparty remittance, liability/product hedge allocation, borrower cash, or Apollo owner cash.","Reconcile the matched Schedule D lot to Schedule DB component values, custody/counterparty, derivative cash settlement, liability hedge purpose, and investment-income receipt."
CFAASDBCSD-0274,CFAASDBPC-0275,474,04687#AM0,Interest Rate Swap,55953Y-AS-5,MAGNE 2022-33A CR,1,CFAASDFR-7511,6002,Magnetite Xxxiii Ltd MAGNE 2022-33A CR,1.F,"6,103,050","6,100,000","6,080,687","6,044,684","72,169","287,874",exact-cusip-schedule-d-crosswalk,"A Schedule DB Part C cash-instrument CUSIP has an exact identifier match in Athene Schedule D, joining the named replication component to a statutory holding row.","CUSIP identity and Schedule D fields are not proof of Schedule DB settlement, counterparty remittance, liability/product hedge allocation, borrower cash, or Apollo owner cash.","Reconcile the matched Schedule D lot to Schedule DB component values, custody/counterparty, derivative cash settlement, liability hedge purpose, and investment-income receipt."
CFAASDBCSD-0275,CFAASDBPC-0276,474,04687#AM0,Interest Rate Swap,55955U-AJ-1,MAGNE 2024-44A D1,1,CFAASDFR-7521,6002,Magnetite XLIV Ltd MAGNE 2024-44A D1,2.C,"5,381,276","5,350,000","5,346,426","5,374,210","78,296","97,996",exact-cusip-schedule-d-crosswalk,"A Schedule DB Part C cash-instrument CUSIP has an exact identifier match in Athene Schedule D, joining the named replication component to a statutory holding row.","CUSIP identity and Schedule D fields are not proof of Schedule DB settlement, counterparty remittance, liability/product hedge allocation, borrower cash, or Apollo owner cash.","Reconcile the matched Schedule D lot to Schedule DB component values, custody/counterparty, derivative cash settlement, liability hedge purpose, and investment-income receipt."
CFAASDBCSD-0276,CFAASDBPC-0277,474,04687#AM0,Interest Rate Swap,55956M-AG-4,MAGNE 2025-50A C,1,CFAASDFR-7522,6002,Magnetite 50 Ltd MAGNE 2025-50A C,1.F,"7,210,000","7,210,000","7,168,586","7,210,000","177,722",,exact-cusip-schedule-d-crosswalk,"A Schedule DB Part C cash-instrument CUSIP has an exact identifier match in Athene Schedule D, joining the named replication component to a statutory holding row.","CUSIP identity and Schedule D fields are not proof of Schedule DB settlement, counterparty remittance, liability/product hedge allocation, borrower cash, or Apollo owner cash.","Reconcile the matched Schedule D lot to Schedule DB component values, custody/counterparty, derivative cash settlement, liability hedge purpose, and investment-income receipt."
CFAASDBCSD-0277,CFAASDBPC-0278,474,04687#AM0,Interest Rate Swap,559916-AJ-0,MAGNE 2024-47A D1,1,CFAASDFR-7524,6002,Magnetite XLVII Ltd MAGNE 2024-47A D1,2.C,"9,119,435","8,950,000","8,926,336","9,021,403","110,067","600,112",exact-cusip-schedule-d-crosswalk,"A Schedule DB Part C cash-instrument CUSIP has an exact identifier match in Athene Schedule D, joining the named replication component to a statutory holding row.","CUSIP identity and Schedule D fields are not proof of Schedule DB settlement, counterparty remittance, liability/product hedge allocation, borrower cash, or Apollo owner cash.","Reconcile the matched Schedule D lot to Schedule DB component values, custody/counterparty, derivative cash settlement, liability hedge purpose, and investment-income receipt."
CFAASDBCSD-0278,CFAASDBPC-0279,474,04687#AM0,Interest Rate Swap,56607W-AE-8,MP24 2022-1A B,1,CFAASDFR-7525,6002,Marble Point Clo XXIV Ltd MP24 2022-1A B,1.C,"11,550,094","12,150,000","12,138,956","12,006,207","146,210","789,591",exact-cusip-schedule-d-crosswalk,"A Schedule DB Part C cash-instrument CUSIP has an exact identifier match in Athene Schedule D, joining the named replication component to a statutory holding row.","CUSIP identity and Schedule D fields are not proof of Schedule DB settlement, counterparty remittance, liability/product hedge allocation, borrower cash, or Apollo owner cash.","Reconcile the matched Schedule D lot to Schedule DB component values, custody/counterparty, derivative cash settlement, liability hedge purpose, and investment-income receipt."
CFAASDBCSD-0279,CFAASDBPC-0280,474,04687#AM0,Interest Rate Swap,58286Q-AG-0,MCHPK 2024-1A C,1,CFAASDFR-7528,6003,Meacham Park Clo Ltd MCHPK 2024-1A C,1.F,"11,035,943","11,000,000","10,965,086","11,022,208","129,025","344,649",exact-cusip-schedule-d-crosswalk,"A Schedule DB Part C cash-instrument CUSIP has an exact identifier match in Athene Schedule D, joining the named replication component to a statutory holding row.","CUSIP identity and Schedule D fields are not proof of Schedule DB settlement, counterparty remittance, liability/product hedge allocation, borrower cash, or Apollo owner cash.","Reconcile the matched Schedule D lot to Schedule DB component values, custody/counterparty, derivative cash settlement, liability hedge purpose, and investment-income receipt."
CFAASDBCSD-0280,CFAASDBPC-0281,474,04687#AM0,Interest Rate Swap,59966P-AS-1,MLFPK 2022-1A CR,1,CFAASDFR-7531,6003,Milford Park CLO Ltd MLFPK 2022-1A CR,1.F,"2,498,068","2,500,000","2,499,918","2,496,026","28,563","65,022",exact-cusip-schedule-d-crosswalk,"A Schedule DB Part C cash-instrument CUSIP has an exact identifier match in Athene Schedule D, joining the named replication component to a statutory holding row.","CUSIP identity and Schedule D fields are not proof of Schedule DB settlement, counterparty remittance, liability/product hedge allocation, borrower cash, or Apollo owner cash.","Reconcile the matched Schedule D lot to Schedule DB component values, custody/counterparty, derivative cash settlement, liability hedge purpose, and investment-income receipt."
CFAASDBCSD-0281,CFAASDBPC-0282,474,04687#AM0,Interest Rate Swap,64132J-BA-2,NEUB 2019-31A CR2,1,CFAASDFR-7537,6003,Neuberger Berman Loan Advisers NEUB 2019-31A CR2 ..,1.F,"2,458,750","2,500,000","2,491,763","2,441,483","28,563","107,121",exact-cusip-schedule-d-crosswalk,"A Schedule DB Part C cash-instrument CUSIP has an exact identifier match in Athene Schedule D, joining the named replication component to a statutory holding row.","CUSIP identity and Schedule D fields are not proof of Schedule DB settlement, counterparty remittance, liability/product hedge allocation, borrower cash, or Apollo owner cash.","Reconcile the matched Schedule D lot to Schedule DB component values, custody/counterparty, derivative cash settlement, liability hedge purpose, and investment-income receipt."
CFAASDBCSD-0282,CFAASDBPC-0283,474,04687#AM0,Interest Rate Swap,64135B-AS-8,NEUB 2022-51A D1R,1,CFAASDFR-7538,6003,Neuberger Berman Loan Advisers NEUB 2022-51A D1R ..,2.B,"2,003,000","2,000,000","1,994,724","1,981,448","26,483","109,903",exact-cusip-schedule-d-crosswalk,"A Schedule DB Part C cash-instrument CUSIP has an exact identifier match in Athene Schedule D, joining the named replication component to a statutory holding row.","CUSIP identity and Schedule D fields are not proof of Schedule DB settlement, counterparty remittance, liability/product hedge allocation, borrower cash, or Apollo owner cash.","Reconcile the matched Schedule D lot to Schedule DB component values, custody/counterparty, derivative cash settlement, liability hedge purpose, and investment-income receipt."
CFAASDBCSD-0283,CFAASDBPC-0284,474,04687#AM0,Interest Rate Swap,670891-AN-0,OCP 2023-28A CR,1,CFAASDFR-7543,6003,OCP CLO 2023-28 Ltd OCP 2023-28A CR,1.F,"12,000,000","12,000,000","11,959,488","12,000,000","147,420","189,145",exact-cusip-schedule-d-crosswalk,"A Schedule DB Part C cash-instrument CUSIP has an exact identifier match in Athene Schedule D, joining the named replication component to a statutory holding row.","CUSIP identity and Schedule D fields are not proof of Schedule DB settlement, counterparty remittance, liability/product hedge allocation, borrower cash, or Apollo owner cash.","Reconcile the matched Schedule D lot to Schedule DB component values, custody/counterparty, derivative cash settlement, liability hedge purpose, and investment-income receipt."
CFAASDBCSD-0284,CFAASDBPC-0285,474,04687#AM0,Interest Rate Swap,670891-AQ-3,OCP 2023-28A D1R,1,CFAASDFR-7544,6003,OCP CLO 2023-28 Ltd OCP 2023-28A D1R,2.C,"8,875,000","8,875,000","8,880,636","8,875,000","128,012","162,569",exact-cusip-schedule-d-crosswalk,"A Schedule DB Part C cash-instrument CUSIP has an exact identifier match in Athene Schedule D, joining the named replication component to a statutory holding row.","CUSIP identity and Schedule D fields are not proof of Schedule DB settlement, counterparty remittance, liability/product hedge allocation, borrower cash, or Apollo owner cash.","Reconcile the matched Schedule D lot to Schedule DB component values, custody/counterparty, derivative cash settlement, liability hedge purpose, and investment-income receipt."
CFAASDBCSD-0285,CFAASDBPC-0286,474,04687#AM0,Interest Rate Swap,671000-AS-6,OCP 2021-21A D1R,1,CFAASDFR-7548,6003,OCP CLO 2021-21 Ltd OCP 2021-21A D1R,2.C,"2,409,750","2,550,000","2,548,207","2,413,605","33,789","118,715",exact-cusip-schedule-d-crosswalk,"A Schedule DB Part C cash-instrument CUSIP has an exact identifier match in Athene Schedule D, joining the named replication component to a statutory holding row.","CUSIP identity and Schedule D fields are not proof of Schedule DB settlement, counterparty remittance, liability/product hedge allocation, borrower cash, or Apollo owner cash.","Reconcile the matched Schedule D lot to Schedule DB component values, custody/counterparty, derivative cash settlement, liability hedge purpose, and investment-income receipt."
CFAASDBCSD-0286,CFAASDBPC-0287,474,04687#AM0,Interest Rate Swap,67100S-AN-6,OAKC 2024-19A C,1,CFAASDFR-7549,6003,OHA Credit Funding 19 Ltd OAKC 2024-19A C,1.F,"2,001,000","2,000,000","1,999,930","1,985,189","23,865","95,140",exact-cusip-schedule-d-crosswalk,"A Schedule DB Part C cash-instrument CUSIP has an exact identifier match in Athene Schedule D, joining the named replication component to a statutory holding row.","CUSIP identity and Schedule D fields are not proof of Schedule DB settlement, counterparty remittance, liability/product hedge allocation, borrower cash, or Apollo owner cash.","Reconcile the matched Schedule D lot to Schedule DB component values, custody/counterparty, derivative cash settlement, liability hedge purpose, and investment-income receipt."
CFAASDBCSD-0287,CFAASDBPC-0288,474,04687#AM0,Interest Rate Swap,67102Q-BR-8,OAKC 2012-7A CR4,1,CFAASDFR-7550,6003,OHA Credit Partners VII Ltd OAKC 2012-7A CR4,1.F,"2,273,863","2,275,000","2,267,465","2,269,775","14,834","69,334",exact-cusip-schedule-d-crosswalk,"A Schedule DB Part C cash-instrument CUSIP has an exact identifier match in Athene Schedule D, joining the named replication component to a statutory holding row.","CUSIP identity and Schedule D fields are not proof of Schedule DB settlement, counterparty remittance, liability/product hedge allocation, borrower cash, or Apollo owner cash.","Reconcile the matched Schedule D lot to Schedule DB component values, custody/counterparty, derivative cash settlement, liability hedge purpose, and investment-income receipt."
CFAASDBCSD-0288,CFAASDBPC-0289,474,04687#AM0,Interest Rate Swap,67113G-BA-4,OAKC 2020-5A CR,1,CFAASDFR-7556,6003,OHA Credit Funding 5 Ltd OAKC 2020-5A CR,1.F,"3,001,500","3,000,000","2,990,508","2,995,919","35,189","140,479",exact-cusip-schedule-d-crosswalk,"A Schedule DB Part C cash-instrument CUSIP has an exact identifier match in Athene Schedule D, joining the named replication component to a statutory holding row.","CUSIP identity and Schedule D fields are not proof of Schedule DB settlement, counterparty remittance, liability/product hedge allocation, borrower cash, or Apollo owner cash.","Reconcile the matched Schedule D lot to Schedule DB component values, custody/counterparty, derivative cash settlement, liability hedge purpose, and investment-income receipt."
CFAASDBCSD-0289,CFAASDBPC-0290,474,04687#AM0,Interest Rate Swap,67570E-AJ-7,OCP 2024-36A D1,1,CFAASDFR-7573,6003,OCP CLO 2024-36 Ltd OCP 2024-36A D1,2.B,"16,000,000","16,000,000","16,040,032","16,000,000","234,204","1,112,809",exact-cusip-schedule-d-crosswalk,"A Schedule DB Part C cash-instrument CUSIP has an exact identifier match in Athene Schedule D, joining the named replication component to a statutory holding row.","CUSIP identity and Schedule D fields are not proof of Schedule DB settlement, counterparty remittance, liability/product hedge allocation, borrower cash, or Apollo owner cash.","Reconcile the matched Schedule D lot to Schedule DB component values, custody/counterparty, derivative cash settlement, liability hedge purpose, and investment-income receipt."
CFAASDBCSD-0290,CFAASDBPC-0291,474,04687#AM0,Interest Rate Swap,67570E-AN-8,OCP 2024-36A B1,1,CFAASDFR-7574,6003,OCP CLO 2024-36 Ltd OCP 2024-36A B1,1.C,"7,200,000","7,200,000","7,187,090","7,200,000","86,142","415,014",exact-cusip-schedule-d-crosswalk,"A Schedule DB Part C cash-instrument CUSIP has an exact identifier match in Athene Schedule D, joining the named replication component to a statutory holding row.","CUSIP identity and Schedule D fields are not proof of Schedule DB settlement, counterparty remittance, liability/product hedge allocation, borrower cash, or Apollo owner cash.","Reconcile the matched Schedule D lot to Schedule DB component values, custody/counterparty, derivative cash settlement, liability hedge purpose, and investment-income receipt."
CFAASDBCSD-0291,CFAASDBPC-0292,474,04687#AM0,Interest Rate Swap,67570M-AG-5,OCP 2024-34A C,1,CFAASDFR-7575,6003,OCP CLO 2024-34 Ltd OCP 2024-34A C,1.F,"1,500,000","1,500,000","1,495,332","1,500,000","18,800","112,341",exact-cusip-schedule-d-crosswalk,"A Schedule DB Part C cash-instrument CUSIP has an exact identifier match in Athene Schedule D, joining the named replication component to a statutory holding row.","CUSIP identity and Schedule D fields are not proof of Schedule DB settlement, counterparty remittance, liability/product hedge allocation, borrower cash, or Apollo owner cash.","Reconcile the matched Schedule D lot to Schedule DB component values, custody/counterparty, derivative cash settlement, liability hedge purpose, and investment-income receipt."
CFAASDBCSD-0292,CFAASDBPC-0293,474,04687#AM0,Interest Rate Swap,67579E-AJ-8,OCT75 2025-1A D1,1,CFAASDFR-7584,6004,Octagon 75 Ltd OCT75 2025-1A D1,2.B,"3,091,366","3,200,000","3,193,539","3,087,124","40,753","99,033",exact-cusip-schedule-d-crosswalk,"A Schedule DB Part C cash-instrument CUSIP has an exact identifier match in Athene Schedule D, joining the named replication component to a statutory holding row.","CUSIP identity and Schedule D fields are not proof of Schedule DB settlement, counterparty remittance, liability/product hedge allocation, borrower cash, or Apollo owner cash.","Reconcile the matched Schedule D lot to Schedule DB component values, custody/counterparty, derivative cash settlement, liability hedge purpose, and investment-income receipt."
CFAASDBCSD-0293,CFAASDBPC-0294,475,04687#AM0,Interest Rate Swap,675935-AW-0,OCT60 2022-1A CR,1,CFAASDFR-7592,6004,Octagon 60 Ltd OCT60 2022-1A CR,1.F,"3,250,000","3,250,000","3,241,713","3,250,000","38,451","207,921",exact-cusip-schedule-d-crosswalk,"A Schedule DB Part C cash-instrument CUSIP has an exact identifier match in Athene Schedule D, joining the named replication component to a statutory holding row.","CUSIP identity and Schedule D fields are not proof of Schedule DB settlement, counterparty remittance, liability/product hedge allocation, borrower cash, or Apollo owner cash.","Reconcile the matched Schedule D lot to Schedule DB component values, custody/counterparty, derivative cash settlement, liability hedge purpose, and investment-income receipt."
CFAASDBCSD-0294,CFAASDBPC-0295,475,04687#AM0,Interest Rate Swap,67690A-AW-1,OAKC 2021-9A CR,1,CFAASDFR-7599,6004,OHA Credit Funding 9 Ltd OAKC 2021-9A CR,1.F,"11,761,233","11,750,000","11,712,870","11,756,653","139,014","469,053",exact-cusip-schedule-d-crosswalk,"A Schedule DB Part C cash-instrument CUSIP has an exact identifier match in Athene Schedule D, joining the named replication component to a statutory holding row.","CUSIP identity and Schedule D fields are not proof of Schedule DB settlement, counterparty remittance, liability/product hedge allocation, borrower cash, or Apollo owner cash.","Reconcile the matched Schedule D lot to Schedule DB component values, custody/counterparty, derivative cash settlement, liability hedge purpose, and investment-income receipt."
CFAASDBCSD-0295,CFAASDBPC-0296,475,04687#AM0,Interest Rate Swap,67706Q-AJ-7,OAKC 2023-14RA C,1,CFAASDFR-7601,6004,OHA Credit Funding 14-R Ltd OAKC 2023-14RA C,1.F,"12,420,417","12,387,000","12,394,705","12,416,973","145,294","332,500",exact-cusip-schedule-d-crosswalk,"A Schedule DB Part C cash-instrument CUSIP has an exact identifier match in Athene Schedule D, joining the named replication component to a statutory holding row.","CUSIP identity and Schedule D fields are not proof of Schedule DB settlement, counterparty remittance, liability/product hedge allocation, borrower cash, or Apollo owner cash.","Reconcile the matched Schedule D lot to Schedule DB component values, custody/counterparty, derivative cash settlement, liability hedge purpose, and investment-income receipt."
CFAASDBCSD-0296,CFAASDBPC-0297,475,04687#AM0,Interest Rate Swap,67706Q-AN-8,OAKC 2023-14RA D1,1,CFAASDFR-7602,6004,OHA Credit Funding 14-R Ltd OAKC 2023-14RA D1,2.C,"14,500,000","14,500,000","14,537,613","14,500,000","199,481","556,999",exact-cusip-schedule-d-crosswalk,"A Schedule DB Part C cash-instrument CUSIP has an exact identifier match in Athene Schedule D, joining the named replication component to a statutory holding row.","CUSIP identity and Schedule D fields are not proof of Schedule DB settlement, counterparty remittance, liability/product hedge allocation, borrower cash, or Apollo owner cash.","Reconcile the matched Schedule D lot to Schedule DB component values, custody/counterparty, derivative cash settlement, liability hedge purpose, and investment-income receipt."
CFAASDBCSD-0297,CFAASDBPC-0298,475,04687#AM0,Interest Rate Swap,67706X-AW-3,OAKC 2017-14A CR,1,CFAASDFR-7603,6004,OHA Credit Partners XIV Ltd OAKC 2017-14A CR,1.F,"1,998,000","2,000,000","1,993,824","1,981,297","23,080","93,975",exact-cusip-schedule-d-crosswalk,"A Schedule DB Part C cash-instrument CUSIP has an exact identifier match in Athene Schedule D, joining the named replication component to a statutory holding row.","CUSIP identity and Schedule D fields are not proof of Schedule DB settlement, counterparty remittance, liability/product hedge allocation, borrower cash, or Apollo owner cash.","Reconcile the matched Schedule D lot to Schedule DB component values, custody/counterparty, derivative cash settlement, liability hedge purpose, and investment-income receipt."
CFAASDBCSD-0298,CFAASDBPC-0299,475,04687#AM0,Interest Rate Swap,67707G-BA-6,OAKC 2021-8A D1R,1,CFAASDFR-7604,6004,OHA Credit Funding 8 Ltd OAKC 2021-8A D1R,2.C,"4,950,000","5,000,000","4,986,800","4,952,032","66,252","273,956",exact-cusip-schedule-d-crosswalk,"A Schedule DB Part C cash-instrument CUSIP has an exact identifier match in Athene Schedule D, joining the named replication component to a statutory holding row.","CUSIP identity and Schedule D fields are not proof of Schedule DB settlement, counterparty remittance, liability/product hedge allocation, borrower cash, or Apollo owner cash.","Reconcile the matched Schedule D lot to Schedule DB component values, custody/counterparty, derivative cash settlement, liability hedge purpose, and investment-income receipt."
CFAASDBCSD-0299,CFAASDBPC-0300,475,04687#AM0,Interest Rate Swap,68626J-AE-9,ANTOR 2024-4A C,1,CFAASDFR-7610,6004,Orion CLO 2024-4 LTD ANTOR 2024-4A C,1.F,"5,016,160","5,000,000","4,984,135","5,007,590","59,155","157,922",exact-cusip-schedule-d-crosswalk,"A Schedule DB Part C cash-instrument CUSIP has an exact identifier match in Athene Schedule D, joining the named replication component to a statutory holding row.","CUSIP identity and Schedule D fields are not proof of Schedule DB settlement, counterparty remittance, liability/product hedge allocation, borrower cash, or Apollo owner cash.","Reconcile the matched Schedule D lot to Schedule DB component values, custody/counterparty, derivative cash settlement, liability hedge purpose, and investment-income receipt."
CFAASDBCSD-0300,CFAASDBPC-0301,475,04687#AM0,Interest Rate Swap,69688G-AC-2,PLMRS 2024-3A B,1,CFAASDFR-7620,6004,Palmer Square CLO 2024-3 Ltd PLMRS 2024-3A B,1.C,"18,000,000","18,000,000","17,947,854","18,000,000","200,182","1,271,057",exact-cusip-schedule-d-crosswalk,"A Schedule DB Part C cash-instrument CUSIP has an exact identifier match in Athene Schedule D, joining the named replication component to a statutory holding row.","CUSIP identity and Schedule D fields are not proof of Schedule DB settlement, counterparty remittance, liability/product hedge allocation, borrower cash, or Apollo owner cash.","Reconcile the matched Schedule D lot to Schedule DB component values, custody/counterparty, derivative cash settlement, liability hedge purpose, and investment-income receipt."
CFAASDBCSD-0301,CFAASDBPC-0302,475,04687#AM0,Interest Rate Swap,69700X-AU-9,PLMRS 2022-4A CR,1,CFAASDFR-7625,6004,Palmer Square CLO 2022-4 Ltd PLMRS 2022-4A CR,1.F,"20,500,000","20,500,000","20,434,810","20,500,000","240,456","1,206,205",exact-cusip-schedule-d-crosswalk,"A Schedule DB Part C cash-instrument CUSIP has an exact identifier match in Athene Schedule D, joining the named replication component to a statutory holding row.","CUSIP identity and Schedule D fields are not proof of Schedule DB settlement, counterparty remittance, liability/product hedge allocation, borrower cash, or Apollo owner cash.","Reconcile the matched Schedule D lot to Schedule DB component values, custody/counterparty, derivative cash settlement, liability hedge purpose, and investment-income receipt."
CFAASDBCSD-0302,CFAASDBPC-0303,475,04687#AM0,Interest Rate Swap,69700X-AW-5,PLMRS 2022-4A D1R,1,CFAASDFR-7626,6004,Palmer Square CLO 2022-4 Ltd PLMRS 2022-4A D1R,2.C,"8,500,000","8,500,000","8,499,601","8,500,000","116,937","580,176",exact-cusip-schedule-d-crosswalk,"A Schedule DB Part C cash-instrument CUSIP has an exact identifier match in Athene Schedule D, joining the named replication component to a statutory holding row.","CUSIP identity and Schedule D fields are not proof of Schedule DB settlement, counterparty remittance, liability/product hedge allocation, borrower cash, or Apollo owner cash.","Reconcile the matched Schedule D lot to Schedule DB component values, custody/counterparty, derivative cash settlement, liability hedge purpose, and investment-income receipt."
CFAASDBCSD-0303,CFAASDBPC-0304,475,04687#AM0,Interest Rate Swap,69703W-AJ-3,PLMRS 2024-4A D1,1,CFAASDFR-7630,6005,Palmer Square CLO 2024-4 Ltd PLMRS 2024-4A D1,2.C,"8,358,750","8,500,000","8,472,010","8,259,829","120,713","492,585",exact-cusip-schedule-d-crosswalk,"A Schedule DB Part C cash-instrument CUSIP has an exact identifier match in Athene Schedule D, joining the named replication component to a statutory holding row.","CUSIP identity and Schedule D fields are not proof of Schedule DB settlement, counterparty remittance, liability/product hedge allocation, borrower cash, or Apollo owner cash.","Reconcile the matched Schedule D lot to Schedule DB component values, custody/counterparty, derivative cash settlement, liability hedge purpose, and investment-income receipt."
CFAASDBCSD-0304,CFAASDBPC-0305,475,04687#AM0,Interest Rate Swap,70019H-AJ-3,PKBLU 2025-7A D1,1,CFAASDFR-7642,6005,Park Blue CLO 2025-VII Ltd PKBLU 2025-7A D1,2.C,"13,500,000","13,500,000","13,454,573","13,500,000","166,023","518,793",exact-cusip-schedule-d-crosswalk,"A Schedule DB Part C cash-instrument CUSIP has an exact identifier match in Athene Schedule D, joining the named replication component to a statutory holding row.","CUSIP identity and Schedule D fields are not proof of Schedule DB settlement, counterparty remittance, liability/product hedge allocation, borrower cash, or Apollo owner cash.","Reconcile the matched Schedule D lot to Schedule DB component values, custody/counterparty, derivative cash settlement, liability hedge purpose, and investment-income receipt."
CFAASDBCSD-0305,CFAASDBPC-0306,475,04687#AM0,Interest Rate Swap,720916-AG-0,PIPK 2025-18A D,1,CFAASDFR-7647,6005,Pikes Peak CLO 18 PIPK 2025-18A D,2.C,"10,540,000","10,540,000","10,505,155","10,540,000","150,346","382,093",exact-cusip-schedule-d-crosswalk,"A Schedule DB Part C cash-instrument CUSIP has an exact identifier match in Athene Schedule D, joining the named replication component to a statutory holding row.","CUSIP identity and Schedule D fields are not proof of Schedule DB settlement, counterparty remittance, liability/product hedge allocation, borrower cash, or Apollo owner cash.","Reconcile the matched Schedule D lot to Schedule DB component values, custody/counterparty, derivative cash settlement, liability hedge purpose, and investment-income receipt."
CFAASDBCSD-0306,CFAASDBPC-0307,475,04687#AM0,Interest Rate Swap,72133L-AV-4,PIPK 2023-12A D1R,1,CFAASDFR-7660,6005,Pikes Peak Clo 12 Ltd PIPK 2023-12A D1R,2.B,"7,600,000","7,600,000","7,574,282","7,590,755","100,703","358,140",exact-cusip-schedule-d-crosswalk,"A Schedule DB Part C cash-instrument CUSIP has an exact identifier match in Athene Schedule D, joining the named replication component to a statutory holding row.","CUSIP identity and Schedule D fields are not proof of Schedule DB settlement, counterparty remittance, liability/product hedge allocation, borrower cash, or Apollo owner cash.","Reconcile the matched Schedule D lot to Schedule DB component values, custody/counterparty, derivative cash settlement, liability hedge purpose, and investment-income receipt."
CFAASDBCSD-0307,CFAASDBPC-0308,475,04687#AM0,Interest Rate Swap,72133P-AQ-6,PIPK 2020-5A BR,1,CFAASDFR-7661,6005,Pikes Peak CLO 5 PIPK 2020-5A BR,1.C,"6,075,000","6,075,000","6,060,347","6,075,000","70,025","397,577",exact-cusip-schedule-d-crosswalk,"A Schedule DB Part C cash-instrument CUSIP has an exact identifier match in Athene Schedule D, joining the named replication component to a statutory holding row.","CUSIP identity and Schedule D fields are not proof of Schedule DB settlement, counterparty remittance, liability/product hedge allocation, borrower cash, or Apollo owner cash.","Reconcile the matched Schedule D lot to Schedule DB component values, custody/counterparty, derivative cash settlement, liability hedge purpose, and investment-income receipt."
CFAASDBCSD-0308,CFAASDBPC-0309,475,04687#AM0,Interest Rate Swap,72133P-AU-7,PIPK 2020-5A D1R,1,CFAASDFR-7663,6005,Pikes Peak CLO 5 PIPK 2020-5A D1R,2.B,"6,075,000","6,075,000","6,070,863","6,075,000","87,887","491,048",exact-cusip-schedule-d-crosswalk,"A Schedule DB Part C cash-instrument CUSIP has an exact identifier match in Athene Schedule D, joining the named replication component to a statutory holding row.","CUSIP identity and Schedule D fields are not proof of Schedule DB settlement, counterparty remittance, liability/product hedge allocation, borrower cash, or Apollo owner cash.","Reconcile the matched Schedule D lot to Schedule DB component values, custody/counterparty, derivative cash settlement, liability hedge purpose, and investment-income receipt."
CFAASDBCSD-0309,CFAASDBPC-0310,475,04687#AM0,Interest Rate Swap,73742R-AG-5,POST 2024-2A C,1,CFAASDFR-7667,6005,Post CLO VI Ltd POST 2024-2A C,1.F,"2,750,000","2,750,000","2,757,354","2,750,000","33,372","164,058",exact-cusip-schedule-d-crosswalk,"A Schedule DB Part C cash-instrument CUSIP has an exact identifier match in Athene Schedule D, joining the named replication component to a statutory holding row.","CUSIP identity and Schedule D fields are not proof of Schedule DB settlement, counterparty remittance, liability/product hedge allocation, borrower cash, or Apollo owner cash.","Reconcile the matched Schedule D lot to Schedule DB component values, custody/counterparty, derivative cash settlement, liability hedge purpose, and investment-income receipt."
CFAASDBCSD-0310,CFAASDBPC-0311,475,04687#AM0,Interest Rate Swap,74988W-AJ-9,RRAM 2024-34RA C1AR,1,CFAASDFR-8195,6016,RR 34 LTD RRAM 2024-34RA C1AR,2.B,"22,500,000","22,500,000","22,427,775","22,500,000","324,409","1,484,880",exact-cusip-schedule-d-crosswalk,"A Schedule DB Part C cash-instrument CUSIP has an exact identifier match in Athene Schedule D, joining the named replication component to a statutory holding row.","CUSIP identity and Schedule D fields are not proof of Schedule DB settlement, counterparty remittance, liability/product hedge allocation, borrower cash, or Apollo owner cash.","Reconcile the matched Schedule D lot to Schedule DB component values, custody/counterparty, derivative cash settlement, liability hedge purpose, and investment-income receipt."
CFAASDBCSD-0311,CFAASDBPC-0312,475,04687#AM0,Interest Rate Swap,75009J-AS-0,RAD 2022-17A CR,1,CFAASDFR-8232,6017,Rad CLO 17 Ltd RAD 2022-17A CR,1.F,"985,500","1,000,000","1,000,614","988,043","11,932","47,570",exact-cusip-schedule-d-crosswalk,"A Schedule DB Part C cash-instrument CUSIP has an exact identifier match in Athene Schedule D, joining the named replication component to a statutory holding row.","CUSIP identity and Schedule D fields are not proof of Schedule DB settlement, counterparty remittance, liability/product hedge allocation, borrower cash, or Apollo owner cash.","Reconcile the matched Schedule D lot to Schedule DB component values, custody/counterparty, derivative cash settlement, liability hedge purpose, and investment-income receipt."
CFAASDBCSD-0312,CFAASDBPC-0313,475,04687#AM0,Interest Rate Swap,75884A-AG-5,REG32 2025-4A C,1,CFAASDFR-7684,6006,Regatta 32 Funding Ltd REG32 2025-4A C,1.F,"5,000,000","5,000,000","4,969,030","5,000,000","159,724",,exact-cusip-schedule-d-crosswalk,"A Schedule DB Part C cash-instrument CUSIP has an exact identifier match in Athene Schedule D, joining the named replication component to a statutory holding row.","CUSIP identity and Schedule D fields are not proof of Schedule DB settlement, counterparty remittance, liability/product hedge allocation, borrower cash, or Apollo owner cash.","Reconcile the matched Schedule D lot to Schedule DB component values, custody/counterparty, derivative cash settlement, liability hedge purpose, and investment-income receipt."
CFAASDBCSD-0313,CFAASDBPC-0314,475,04687#AM0,Interest Rate Swap,758962-AG-9,REG31 2025-1A B,1,CFAASDFR-7687,6006,Regatta 31 Funding Ltd REG31 2025-1A B,1.F,"14,439,215","14,500,000","14,518,720","14,412,934","153,066","563,637",exact-cusip-schedule-d-crosswalk,"A Schedule DB Part C cash-instrument CUSIP has an exact identifier match in Athene Schedule D, joining the named replication component to a statutory holding row.","CUSIP identity and Schedule D fields are not proof of Schedule DB settlement, counterparty remittance, liability/product hedge allocation, borrower cash, or Apollo owner cash.","Reconcile the matched Schedule D lot to Schedule DB component values, custody/counterparty, derivative cash settlement, liability hedge purpose, and investment-income receipt."
CFAASDBCSD-0314,CFAASDBPC-0315,475,04687#AM0,Interest Rate Swap,758971-AJ-4,REG29 2024-3A C,1,CFAASDFR-7688,6006,Regatta XXIX Funding Ltd REG29 2024-3A C,1.F,"998,000","1,000,000","996,896","996,844","12,685","71,897",exact-cusip-schedule-d-crosswalk,"A Schedule DB Part C cash-instrument CUSIP has an exact identifier match in Athene Schedule D, joining the named replication component to a statutory holding row.","CUSIP identity and Schedule D fields are not proof of Schedule DB settlement, counterparty remittance, liability/product hedge allocation, borrower cash, or Apollo owner cash.","Reconcile the matched Schedule D lot to Schedule DB component values, custody/counterparty, derivative cash settlement, liability hedge purpose, and investment-income receipt."
CFAASDBCSD-0315,CFAASDBPC-0316,475,04687#AM0,Interest Rate Swap,77341A-AJ-2,ROCKT 2025-1A D1,1,CFAASDFR-7697,6006,Rockford Tower CLO 2025-1 Ltd ROCKT 2025-1A D1,2.C,"4,970,000","5,000,000","5,003,110","4,970,240","74,258","216,975",exact-cusip-schedule-d-crosswalk,"A Schedule DB Part C cash-instrument CUSIP has an exact identifier match in Athene Schedule D, joining the named replication component to a statutory holding row.","CUSIP identity and Schedule D fields are not proof of Schedule DB settlement, counterparty remittance, liability/product hedge allocation, borrower cash, or Apollo owner cash.","Reconcile the matched Schedule D lot to Schedule DB component values, custody/counterparty, derivative cash settlement, liability hedge purpose, and investment-income receipt."
CFAASDBCSD-0316,CFAASDBPC-0317,475,04687#AM0,Interest Rate Swap,78110X-AG-5,RRAM 2025-37A B,1,CFAASDFR-8264,6017,RR 37 LTD RRAM 2025-37A B,1.E,"14,500,000","14,500,000","14,451,831","14,500,000","176,076","538,155",exact-cusip-schedule-d-crosswalk,"A Schedule DB Part C cash-instrument CUSIP has an exact identifier match in Athene Schedule D, joining the named replication component to a statutory holding row.","CUSIP identity and Schedule D fields are not proof of Schedule DB settlement, counterparty remittance, liability/product hedge allocation, borrower cash, or Apollo owner cash.","Reconcile the matched Schedule D lot to Schedule DB component values, custody/counterparty, derivative cash settlement, liability hedge purpose, and investment-income receipt."
CFAASDBCSD-0317,CFAASDBPC-0318,475,04687#AM0,Interest Rate Swap,83012F-AU-2,SIXST 2021-17A D1R,1,CFAASDFR-7721,6006,Sixth Street CLO XVII Ltd SIXST 2021-17A D1R,2.C,"3,473,750","3,500,000","3,502,156","3,464,049","48,631","153,195",exact-cusip-schedule-d-crosswalk,"A Schedule DB Part C cash-instrument CUSIP has an exact identifier match in Athene Schedule D, joining the named replication component to a statutory holding row.","CUSIP identity and Schedule D fields are not proof of Schedule DB settlement, counterparty remittance, liability/product hedge allocation, borrower cash, or Apollo owner cash.","Reconcile the matched Schedule D lot to Schedule DB component values, custody/counterparty, derivative cash settlement, liability hedge purpose, and investment-income receipt."
CFAASDBCSD-0318,CFAASDBPC-0319,475,04687#AM0,Interest Rate Swap,83013B-AG-1,SIXST 2025-29A D,1,CFAASDFR-7723,6006,Sixth Street CLO 29 Ltd SIXST 2025-29A D,2.C,"8,000,000","8,000,000","7,981,224","8,000,000","260,325",,exact-cusip-schedule-d-crosswalk,"A Schedule DB Part C cash-instrument CUSIP has an exact identifier match in Athene Schedule D, joining the named replication component to a statutory holding row.","CUSIP identity and Schedule D fields are not proof of Schedule DB settlement, counterparty remittance, liability/product hedge allocation, borrower cash, or Apollo owner cash.","Reconcile the matched Schedule D lot to Schedule DB component values, custody/counterparty, derivative cash settlement, liability hedge purpose, and investment-income receipt."
CFAASDBCSD-0319,CFAASDBPC-0320,475,04687#AM0,Interest Rate Swap,881936-AC-2,TCIFC 2025-1A B,1,CFAASDFR-7743,6007,Texas Debt Capital CLO 2025-I TCIFC 2025-1A B,1.C,"12,000,000","12,000,000","11,962,548","12,000,000","124,554","425,913",exact-cusip-schedule-d-crosswalk,"A Schedule DB Part C cash-instrument CUSIP has an exact identifier match in Athene Schedule D, joining the named replication component to a statutory holding row.","CUSIP identity and Schedule D fields are not proof of Schedule DB settlement, counterparty remittance, liability/product hedge allocation, borrower cash, or Apollo owner cash.","Reconcile the matched Schedule D lot to Schedule DB component values, custody/counterparty, derivative cash settlement, liability hedge purpose, and investment-income receipt."
CFAASDBCSD-0320,CFAASDBPC-0321,475,04687#AM0,Interest Rate Swap,88238E-AJ-7,TCIFC 2024-2A D1,1,CFAASDFR-7748,6007,Texas Debt Capital CLO 2024-II TCIFC 2024-2A D1,2.C,"26,000,000","26,000,000","25,948,286","26,000,000","337,143","1,731,335",exact-cusip-schedule-d-crosswalk,"A Schedule DB Part C cash-instrument CUSIP has an exact identifier match in Athene Schedule D, joining the named replication component to a statutory holding row.","CUSIP identity and Schedule D fields are not proof of Schedule DB settlement, counterparty remittance, liability/product hedge allocation, borrower cash, or Apollo owner cash.","Reconcile the matched Schedule D lot to Schedule DB component values, custody/counterparty, derivative cash settlement, liability hedge purpose, and investment-income receipt."
CFAASDBCSD-0321,CFAASDBPC-0322,475,04687#AM0,Interest Rate Swap,88677F-AE-3,TKO 2025-1A C,1,CFAASDFR-7755,6007,Tikehau US CLO VII Ltd TKO 2025-1A C,1.F,"20,785,834","20,800,000","20,758,816","20,783,581","223,384","803,398",exact-cusip-schedule-d-crosswalk,"A Schedule DB Part C cash-instrument CUSIP has an exact identifier match in Athene Schedule D, joining the named replication component to a statutory holding row.","CUSIP identity and Schedule D fields are not proof of Schedule DB settlement, counterparty remittance, liability/product hedge allocation, borrower cash, or Apollo owner cash.","Reconcile the matched Schedule D lot to Schedule DB component values, custody/counterparty, derivative cash settlement, liability hedge purpose, and investment-income receipt."
CFAASDBCSD-0322,CFAASDBPC-0323,475,04687#AM0,Interest Rate Swap,88677F-AG-8,TKO 2025-1A D1,1,CFAASDFR-7756,6007,Tikehau US CLO VII Ltd TKO 2025-1A D1,2.C,"14,400,000","14,400,000","14,399,136","14,400,000","183,691","653,439",exact-cusip-schedule-d-crosswalk,"A Schedule DB Part C cash-instrument CUSIP has an exact identifier match in Athene Schedule D, joining the named replication component to a statutory holding row.","CUSIP identity and Schedule D fields are not proof of Schedule DB settlement, counterparty remittance, liability/product hedge allocation, borrower cash, or Apollo owner cash.","Reconcile the matched Schedule D lot to Schedule DB component values, custody/counterparty, derivative cash settlement, liability hedge purpose, and investment-income receipt."
CFAASDBCSD-0323,CFAASDBPC-0324,476,04687#AM0,Interest Rate Swap,92919A-AW-4,VOYA 2021-2A D1R,1,CFAASDFR-7786,6008,Voya CLO 2021-2 Ltd VOYA 2021-2A D1R,2.C,"13,970,944","13,950,000","13,949,400","13,967,379","183,429","461,167",exact-cusip-schedule-d-crosswalk,"A Schedule DB Part C cash-instrument CUSIP has an exact identifier match in Athene Schedule D, joining the named replication component to a statutory holding row.","CUSIP identity and Schedule D fields are not proof of Schedule DB settlement, counterparty remittance, liability/product hedge allocation, borrower cash, or Apollo owner cash.","Reconcile the matched Schedule D lot to Schedule DB component values, custody/counterparty, derivative cash settlement, liability hedge purpose, and investment-income receipt."
CFAASDBCSD-0324,CFAASDBPC-0325,476,04687#AM0,Interest Rate Swap,92945V-AG-1,VOYA 2025-3A C,1,CFAASDFR-7800,6008,Voya CLO 2025-3 Ltd VOYA 2025-3A C,1.F,"10,000,000","10,000,000","9,950,160","10,000,000","279,803",,exact-cusip-schedule-d-crosswalk,"A Schedule DB Part C cash-instrument CUSIP has an exact identifier match in Athene Schedule D, joining the named replication component to a statutory holding row.","CUSIP identity and Schedule D fields are not proof of Schedule DB settlement, counterparty remittance, liability/product hedge allocation, borrower cash, or Apollo owner cash.","Reconcile the matched Schedule D lot to Schedule DB component values, custody/counterparty, derivative cash settlement, liability hedge purpose, and investment-income receipt."
CFAASDBCSD-0325,CFAASDBPC-0326,476,04687#AM0,Interest Rate Swap,92945V-AJ-5,VOYA 2025-3A D1,1,CFAASDFR-7801,6008,Voya CLO 2025-3 Ltd VOYA 2025-3A D1,2.C,"10,000,000","10,000,000","9,976,480","10,000,000","326,192",,exact-cusip-schedule-d-crosswalk,"A Schedule DB Part C cash-instrument CUSIP has an exact identifier match in Athene Schedule D, joining the named replication component to a statutory holding row.","CUSIP identity and Schedule D fields are not proof of Schedule DB settlement, counterparty remittance, liability/product hedge allocation, borrower cash, or Apollo owner cash.","Reconcile the matched Schedule D lot to Schedule DB component values, custody/counterparty, derivative cash settlement, liability hedge purpose, and investment-income receipt."
CFAASDBCSD-0326,CFAASDBPC-0327,476,04687#AM0,Interest Rate Swap,949575-AE-4,WELLI 2024-3A C,1,CFAASDFR-7804,6008,Wellington Management Clo 3 Lt WELLI 2024-3A C,1.F,"19,500,000","19,500,000","19,440,057","19,500,000","230,703","1,507,462",exact-cusip-schedule-d-crosswalk,"A Schedule DB Part C cash-instrument CUSIP has an exact identifier match in Athene Schedule D, joining the named replication component to a statutory holding row.","CUSIP identity and Schedule D fields are not proof of Schedule DB settlement, counterparty remittance, liability/product hedge allocation, borrower cash, or Apollo owner cash.","Reconcile the matched Schedule D lot to Schedule DB component values, custody/counterparty, derivative cash settlement, liability hedge purpose, and investment-income receipt."
CFAASDBCSD-0327,CFAASDBPC-0328,476,04687#AM0,Interest Rate Swap,949575-AG-9,WELLI 2024-3A D1,1,CFAASDFR-7805,6008,Wellington Management Clo 3 Lt WELLI 2024-3A D1,2.C,"13,473,856","13,500,000","13,499,339","13,471,516","188,462","452,751",exact-cusip-schedule-d-crosswalk,"A Schedule DB Part C cash-instrument CUSIP has an exact identifier match in Athene Schedule D, joining the named replication component to a statutory holding row.","CUSIP identity and Schedule D fields are not proof of Schedule DB settlement, counterparty remittance, liability/product hedge allocation, borrower cash, or Apollo owner cash.","Reconcile the matched Schedule D lot to Schedule DB component values, custody/counterparty, derivative cash settlement, liability hedge purpose, and investment-income receipt."
CFAASDBCSD-0328,CFAASDBPC-0329,476,04687#AM0,Interest Rate Swap,979926-AS-1,WDMNT 2023-12A BR,1,CFAASDFR-8268,6017,Woodmont 2023-12 Trust WDMNT 2023-12A BR,1.C,"36,000,000","36,000,000","35,840,628","36,000,000","376,727","2,339,452",exact-cusip-schedule-d-crosswalk,"A Schedule DB Part C cash-instrument CUSIP has an exact identifier match in Athene Schedule D, joining the named replication component to a statutory holding row.","CUSIP identity and Schedule D fields are not proof of Schedule DB settlement, counterparty remittance, liability/product hedge allocation, borrower cash, or Apollo owner cash.","Reconcile the matched Schedule D lot to Schedule DB component values, custody/counterparty, derivative cash settlement, liability hedge purpose, and investment-income receipt."
CFAASDBCSD-0329,CFAASDBPC-0330,476,04687#AM0,Interest Rate Swap,979926-AU-6,WDMNT 2023-12A CR,1,CFAASDFR-8269,6017,Woodmont 2023-12 Trust WDMNT 2023-12A CR,1.F,"49,000,000","49,000,000","48,746,229","49,000,000","557,684","3,439,462",exact-cusip-schedule-d-crosswalk,"A Schedule DB Part C cash-instrument CUSIP has an exact identifier match in Athene Schedule D, joining the named replication component to a statutory holding row.","CUSIP identity and Schedule D fields are not proof of Schedule DB settlement, counterparty remittance, liability/product hedge allocation, borrower cash, or Apollo owner cash.","Reconcile the matched Schedule D lot to Schedule DB component values, custody/counterparty, derivative cash settlement, liability hedge purpose, and investment-income receipt."
CFAASDBCSD-0330,CFAASDBPC-0331,476,12776*SP3,Interest Rate Swap Credit Default Swap,979926-AU-6,WDMNT 2023-12A CR,1,CFAASDFR-8269,6017,Woodmont 2023-12 Trust WDMNT 2023-12A CR,1.F,"49,000,000","49,000,000","48,746,229","49,000,000","557,684","3,439,462",exact-cusip-schedule-d-crosswalk,"A Schedule DB Part C cash-instrument CUSIP has an exact identifier match in Athene Schedule D, joining the named replication component to a statutory holding row.","CUSIP identity and Schedule D fields are not proof of Schedule DB settlement, counterparty remittance, liability/product hedge allocation, borrower cash, or Apollo owner cash.","Reconcile the matched Schedule D lot to Schedule DB component values, custody/counterparty, derivative cash settlement, liability hedge purpose, and investment-income receipt."
CFAASDBCSD-0331,CFAASDBPC-0332,476,12776*SP3,Credit Default Swap Credit Default Swap,912810-TC-2,US TREASURY N/B,1,CFAASDFR-0034,5836,United States Treasury Note/Bo US TREASURY N/B,1.A,"935,611,719","974,000,000","681,024,209","941,996,582","2,448,603","19,480,000",exact-cusip-schedule-d-crosswalk,"A Schedule DB Part C cash-instrument CUSIP has an exact identifier match in Athene Schedule D, joining the named replication component to a statutory holding row.","CUSIP identity and Schedule D fields are not proof of Schedule DB settlement, counterparty remittance, liability/product hedge allocation, borrower cash, or Apollo owner cash.","Reconcile the matched Schedule D lot to Schedule DB component values, custody/counterparty, derivative cash settlement, liability hedge purpose, and investment-income receipt."
CFAASDBCSD-0332,CFAASDBPC-0333,476,04687#AR9,Interest Rate Swap,00120B-AW-0,AGL 2021-12A D1R,1,CFAASDFR-7025,5992,AGL CLO 12 Ltd AGL 2021-12A D1R,2.C,"4,800,000","4,800,000","4,811,698","4,800,000","52,466",,exact-cusip-schedule-d-crosswalk,"A Schedule DB Part C cash-instrument CUSIP has an exact identifier match in Athene Schedule D, joining the named replication component to a statutory holding row.","CUSIP identity and Schedule D fields are not proof of Schedule DB settlement, counterparty remittance, liability/product hedge allocation, borrower cash, or Apollo owner cash.","Reconcile the matched Schedule D lot to Schedule DB component values, custody/counterparty, derivative cash settlement, liability hedge purpose, and investment-income receipt."
CFAASDBCSD-0333,CFAASDBPC-0334,476,04687#AR9,Interest Rate Swap,050922-AG-8,AUDAX 2024-11A A2,1,CFAASDFR-6591,5983,Audax Senior Debt CLO 11 LLC AUDAX 2024-11A A2,1.A,"14,000,000","14,000,000","13,860,336","14,000,000","158,967","1,005,792",exact-cusip-schedule-d-crosswalk,"A Schedule DB Part C cash-instrument CUSIP has an exact identifier match in Athene Schedule D, joining the named replication component to a statutory holding row.","CUSIP identity and Schedule D fields are not proof of Schedule DB settlement, counterparty remittance, liability/product hedge allocation, borrower cash, or Apollo owner cash.","Reconcile the matched Schedule D lot to Schedule DB component values, custody/counterparty, derivative cash settlement, liability hedge purpose, and investment-income receipt."
CFAASDBCSD-0334,CFAASDBPC-0335,476,04687#AR9,Interest Rate Swap,050922-AJ-2,AUDAX 2024-11A B,1,CFAASDFR-6592,5984,Audax Senior Debt CLO 11 LLC AUDAX 2024-11A B,1.C,"16,000,000","16,000,000","15,846,720","16,000,000","186,410","1,176,610",exact-cusip-schedule-d-crosswalk,"A Schedule DB Part C cash-instrument CUSIP has an exact identifier match in Athene Schedule D, joining the named replication component to a statutory holding row.","CUSIP identity and Schedule D fields are not proof of Schedule DB settlement, counterparty remittance, liability/product hedge allocation, borrower cash, or Apollo owner cash.","Reconcile the matched Schedule D lot to Schedule DB component values, custody/counterparty, derivative cash settlement, liability hedge purpose, and investment-income receipt."
CFAASDBCSD-0335,CFAASDBPC-0336,476,04687#AR9,Interest Rate Swap,06763D-AC-9,BABSN 2024-4A B,1,CFAASDFR-7178,5996,Barings CLO Ltd 2024-IV BABSN 2024-4A B,1.C,"27,200,000","27,200,000","27,150,659","27,200,000","305,255","1,931,055",exact-cusip-schedule-d-crosswalk,"A Schedule DB Part C cash-instrument CUSIP has an exact identifier match in Athene Schedule D, joining the named replication component to a statutory holding row.","CUSIP identity and Schedule D fields are not proof of Schedule DB settlement, counterparty remittance, liability/product hedge allocation, borrower cash, or Apollo owner cash.","Reconcile the matched Schedule D lot to Schedule DB component values, custody/counterparty, derivative cash settlement, liability hedge purpose, and investment-income receipt."
CFAASDBCSD-0336,CFAASDBPC-0337,476,04687#AR9,Interest Rate Swap,06763D-AE-5,BABSN 2024-4A C,1,CFAASDFR-7179,5996,Barings CLO Ltd 2024-IV BABSN 2024-4A C,1.F,"15,800,000","15,800,000","15,749,566","15,800,000","185,327","1,167,470",exact-cusip-schedule-d-crosswalk,"A Schedule DB Part C cash-instrument CUSIP has an exact identifier match in Athene Schedule D, joining the named replication component to a statutory holding row.","CUSIP identity and Schedule D fields are not proof of Schedule DB settlement, counterparty remittance, liability/product hedge allocation, borrower cash, or Apollo owner cash.","Reconcile the matched Schedule D lot to Schedule DB component values, custody/counterparty, derivative cash settlement, liability hedge purpose, and investment-income receipt."
CFAASDBCSD-0337,CFAASDBPC-0338,476,04687#AR9,Interest Rate Swap,13876R-AS-3,CANYC 2020-3A BR,1,CFAASDFR-7220,5996,Canyon CLO 2020-3 Ltd CANYC 2020-3A BR,1.C,"7,200,000","7,200,000","7,212,535","7,200,000","91,331","462,358",exact-cusip-schedule-d-crosswalk,"A Schedule DB Part C cash-instrument CUSIP has an exact identifier match in Athene Schedule D, joining the named replication component to a statutory holding row.","CUSIP identity and Schedule D fields are not proof of Schedule DB settlement, counterparty remittance, liability/product hedge allocation, borrower cash, or Apollo owner cash.","Reconcile the matched Schedule D lot to Schedule DB component values, custody/counterparty, derivative cash settlement, liability hedge purpose, and investment-income receipt."
CFAASDBCSD-0338,CFAASDBPC-0339,476,04687#AR9,Interest Rate Swap,38179W-AC-8,GOCAP 2024-73A A2,1,CFAASDFR-6647,5985,Golub Capital Partners CLO 73M GOCAP 2024-73A A2 ..,1.A,"9,000,000","9,000,000","8,926,353","9,000,000","73,644","775,996",exact-cusip-schedule-d-crosswalk,"A Schedule DB Part C cash-instrument CUSIP has an exact identifier match in Athene Schedule D, joining the named replication component to a statutory holding row.","CUSIP identity and Schedule D fields are not proof of Schedule DB settlement, counterparty remittance, liability/product hedge allocation, borrower cash, or Apollo owner cash.","Reconcile the matched Schedule D lot to Schedule DB component values, custody/counterparty, derivative cash settlement, liability hedge purpose, and investment-income receipt."
CFAASDBCSD-0339,CFAASDBPC-0340,476,04687#AR9,Interest Rate Swap,38179W-AE-4,GOCAP 2024-73A B,1,CFAASDFR-6648,5985,Golub Capital Partners CLO 73M GOCAP 2024-73A B,1.C,"38,500,000","38,500,000","38,163,241","38,500,000","320,595","3,371,619",exact-cusip-schedule-d-crosswalk,"A Schedule DB Part C cash-instrument CUSIP has an exact identifier match in Athene Schedule D, joining the named replication component to a statutory holding row.","CUSIP identity and Schedule D fields are not proof of Schedule DB settlement, counterparty remittance, liability/product hedge allocation, borrower cash, or Apollo owner cash.","Reconcile the matched Schedule D lot to Schedule DB component values, custody/counterparty, derivative cash settlement, liability hedge purpose, and investment-income receipt."
CFAASDBCSD-0340,CFAASDBPC-0341,476,04687#AR9,Interest Rate Swap,381931-AE-4,GOCAP 2019-45A A2R,1,CFAASDFR-7429,6001,Golub Capital Partners Clo 45M GOCAP 2019-45A A2R,1.A,"24,300,000","24,300,000","24,033,964","24,300,000","280,101","1,797,195",exact-cusip-schedule-d-crosswalk,"A Schedule DB Part C cash-instrument CUSIP has an exact identifier match in Athene Schedule D, joining the named replication component to a statutory holding row.","CUSIP identity and Schedule D fields are not proof of Schedule DB settlement, counterparty remittance, liability/product hedge allocation, borrower cash, or Apollo owner cash.","Reconcile the matched Schedule D lot to Schedule DB component values, custody/counterparty, derivative cash settlement, liability hedge purpose, and investment-income receipt."
CFAASDBCSD-0341,CFAASDBPC-0342,476,04687#AR9,Interest Rate Swap,527911-AL-5,LEWEY 2024-1A D1,1,CFAASDFR-7498,6002,Lewey Park CLO Ltd LEWEY 2024-1A D1,2.C,"8,499,300","8,500,000","8,483,408","8,496,715","115,939","589,318",exact-cusip-schedule-d-crosswalk,"A Schedule DB Part C cash-instrument CUSIP has an exact identifier match in Athene Schedule D, joining the named replication component to a statutory holding row.","CUSIP identity and Schedule D fields are not proof of Schedule DB settlement, counterparty remittance, liability/product hedge allocation, borrower cash, or Apollo owner cash.","Reconcile the matched Schedule D lot to Schedule DB component values, custody/counterparty, derivative cash settlement, liability hedge purpose, and investment-income receipt."
CFAASDBCSD-0342,CFAASDBPC-0343,476,04687#AR9,Interest Rate Swap,675935-AY-6,OCT60 2022-1A D1R,1,CFAASDFR-7593,6004,Octagon 60 Ltd OCT60 2022-1A D1R,2.C,"7,500,000","7,500,000","7,490,168","7,500,000","106,222","567,027",exact-cusip-schedule-d-crosswalk,"A Schedule DB Part C cash-instrument CUSIP has an exact identifier match in Athene Schedule D, joining the named replication component to a statutory holding row.","CUSIP identity and Schedule D fields are not proof of Schedule DB settlement, counterparty remittance, liability/product hedge allocation, borrower cash, or Apollo owner cash.","Reconcile the matched Schedule D lot to Schedule DB component values, custody/counterparty, derivative cash settlement, liability hedge purpose, and investment-income receipt."
CFAASDBCSD-0343,CFAASDBPC-0344,476,04687#AR9,Interest Rate Swap,74971C-AQ-6,RRAM 2021-16A CR,1,CFAASDFR-8163,6015,RR 16 Ltd RRAM 2021-16A CR,2.C,"8,500,000","8,500,000","8,438,783","8,500,000","127,159",,exact-cusip-schedule-d-crosswalk,"A Schedule DB Part C cash-instrument CUSIP has an exact identifier match in Athene Schedule D, joining the named replication component to a statutory holding row.","CUSIP identity and Schedule D fields are not proof of Schedule DB settlement, counterparty remittance, liability/product hedge allocation, borrower cash, or Apollo owner cash.","Reconcile the matched Schedule D lot to Schedule DB component values, custody/counterparty, derivative cash settlement, liability hedge purpose, and investment-income receipt."
CFAASDBCSD-0344,CFAASDBPC-0345,476,04687#AR9,Interest Rate Swap,749752-AS-0,RRAM 2021-18A BR,1,CFAASDFR-8164,6015,RR 18 Ltd RRAM 2021-18A BR,1.F,"27,000,000","27,000,000","26,909,226","27,000,000","336,641","187,282",exact-cusip-schedule-d-crosswalk,"A Schedule DB Part C cash-instrument CUSIP has an exact identifier match in Athene Schedule D, joining the named replication component to a statutory holding row.","CUSIP identity and Schedule D fields are not proof of Schedule DB settlement, counterparty remittance, liability/product hedge allocation, borrower cash, or Apollo owner cash.","Reconcile the matched Schedule D lot to Schedule DB component values, custody/counterparty, derivative cash settlement, liability hedge purpose, and investment-income receipt."
CFAASDBCSD-0345,CFAASDBPC-0346,476,04687#AR9,Interest Rate Swap,74980Q-AU-5,RRAM 2021-17A CR,1,CFAASDFR-8064,6013,RR 17 Ltd RRAM 2021-17A CR,2.C,"20,000,000","20,000,000","19,855,480","20,000,000","297,030","143,161",exact-cusip-schedule-d-crosswalk,"A Schedule DB Part C cash-instrument CUSIP has an exact identifier match in Athene Schedule D, joining the named replication component to a statutory holding row.","CUSIP identity and Schedule D fields are not proof of Schedule DB settlement, counterparty remittance, liability/product hedge allocation, borrower cash, or Apollo owner cash.","Reconcile the matched Schedule D lot to Schedule DB component values, custody/counterparty, derivative cash settlement, liability hedge purpose, and investment-income receipt."
CFAASDBCSD-0346,CFAASDBPC-0347,476,04687#AR9,Interest Rate Swap,74988C-AC-8,RRAM 2024-32RA A2R,1,CFAASDFR-8187,6016,RR 32 LTD /old RRAM 2024-32RA A2R,1.C,"51,250,000","51,250,000","51,159,390","51,250,000","622,337","3,161,186",exact-cusip-schedule-d-crosswalk,"A Schedule DB Part C cash-instrument CUSIP has an exact identifier match in Athene Schedule D, joining the named replication component to a statutory holding row.","CUSIP identity and Schedule D fields are not proof of Schedule DB settlement, counterparty remittance, liability/product hedge allocation, borrower cash, or Apollo owner cash.","Reconcile the matched Schedule D lot to Schedule DB component values, custody/counterparty, derivative cash settlement, liability hedge purpose, and investment-income receipt."
CFAASDBCSD-0347,CFAASDBPC-0348,476,04687#AR9,Interest Rate Swap,74988C-AJ-3,RRAM 2024-32RA BR,1,CFAASDFR-8189,6016,RR 32 LTD /old RRAM 2024-32RA BR,1.F,"29,500,000","29,500,000","29,407,518","29,500,000","374,203","1,894,384",exact-cusip-schedule-d-crosswalk,"A Schedule DB Part C cash-instrument CUSIP has an exact identifier match in Athene Schedule D, joining the named replication component to a statutory holding row.","CUSIP identity and Schedule D fields are not proof of Schedule DB settlement, counterparty remittance, liability/product hedge allocation, borrower cash, or Apollo owner cash.","Reconcile the matched Schedule D lot to Schedule DB component values, custody/counterparty, derivative cash settlement, liability hedge purpose, and investment-income receipt."
CFAASDBCSD-0348,CFAASDBPC-0349,476,04687#AR9,Interest Rate Swap,75009A-BC-3,RAD 2023-18A D1R,1,CFAASDFR-8230,6017,Rad CLO 18 Ltd RAD 2023-18A D1R,2.B,"10,900,000","10,900,000","10,899,553","10,900,000","170,147","306,781",exact-cusip-schedule-d-crosswalk,"A Schedule DB Part C cash-instrument CUSIP has an exact identifier match in Athene Schedule D, joining the named replication component to a statutory holding row.","CUSIP identity and Schedule D fields are not proof of Schedule DB settlement, counterparty remittance, liability/product hedge allocation, borrower cash, or Apollo owner cash.","Reconcile the matched Schedule D lot to Schedule DB component values, custody/counterparty, derivative cash settlement, liability hedge purpose, and investment-income receipt."
CFAASDBCSD-0349,CFAASDBPC-0350,476,04687#AR9,Interest Rate Swap,78110T-BA-6,RRAM 2022-21A C2R,1,CFAASDFR-8260,6017,RR 21 Ltd RRAM 2022-21A C2R,2.B,"5,000,000","5,000,000","5,010,275","5,000,000","82,924","412,332",exact-cusip-schedule-d-crosswalk,"A Schedule DB Part C cash-instrument CUSIP has an exact identifier match in Athene Schedule D, joining the named replication component to a statutory holding row.","CUSIP identity and Schedule D fields are not proof of Schedule DB settlement, counterparty remittance, liability/product hedge allocation, borrower cash, or Apollo owner cash.","Reconcile the matched Schedule D lot to Schedule DB component values, custody/counterparty, derivative cash settlement, liability hedge purpose, and investment-income receipt."
CFAASDBCSD-0350,CFAASDBPC-0351,476,04687#AR9,Interest Rate Swap,78110V-AY-0,RRAM 2023-27A BR,1,CFAASDFR-8261,6017,RR 27 Ltd RRAM 2023-27A BR,1.F,"28,000,000","28,000,000","27,903,484","28,000,000","346,075",,exact-cusip-schedule-d-crosswalk,"A Schedule DB Part C cash-instrument CUSIP has an exact identifier match in Athene Schedule D, joining the named replication component to a statutory holding row.","CUSIP identity and Schedule D fields are not proof of Schedule DB settlement, counterparty remittance, liability/product hedge allocation, borrower cash, or Apollo owner cash.","Reconcile the matched Schedule D lot to Schedule DB component values, custody/counterparty, derivative cash settlement, liability hedge purpose, and investment-income receipt."
CFAASDBCSD-0351,CFAASDBPC-0352,476,04687#AR9,Interest Rate Swap,78110V-BA-1,RRAM 2023-27A C1AR,1,CFAASDFR-8262,6017,RR 27 Ltd RRAM 2023-27A C1AR,2.B,"9,000,000","9,000,000","8,981,037","9,000,000","124,889",,exact-cusip-schedule-d-crosswalk,"A Schedule DB Part C cash-instrument CUSIP has an exact identifier match in Athene Schedule D, joining the named replication component to a statutory holding row.","CUSIP identity and Schedule D fields are not proof of Schedule DB settlement, counterparty remittance, liability/product hedge allocation, borrower cash, or Apollo owner cash.","Reconcile the matched Schedule D lot to Schedule DB component values, custody/counterparty, derivative cash settlement, liability hedge purpose, and investment-income receipt."
CFAASDBCSD-0352,CFAASDBPC-0353,476,04687#AR9,Interest Rate Swap,97988Q-BC-7,WDMNT 2017-2A BRR,1,CFAASDFR-8076,6013,Woodmont 2017-2 Trust WDMNT 2017-2A BRR,1.C,"39,500,000","39,500,000","39,085,645","39,500,000","463,318","2,083,490",exact-cusip-schedule-d-crosswalk,"A Schedule DB Part C cash-instrument CUSIP has an exact identifier match in Athene Schedule D, joining the named replication component to a statutory holding row.","CUSIP identity and Schedule D fields are not proof of Schedule DB settlement, counterparty remittance, liability/product hedge allocation, borrower cash, or Apollo owner cash.","Reconcile the matched Schedule D lot to Schedule DB component values, custody/counterparty, derivative cash settlement, liability hedge purpose, and investment-income receipt."
CFAASDBCSD-0353,CFAASDBPC-0354,477,04687#AR9,Interest Rate Swap,97988R-BC-5,WDMNT 2022-9A A2R,1,CFAASDFR-8080,6014,Woodmont 2022-9 Trust WDMNT 2022-9A A2R,1.A,"18,750,000","18,750,000","18,548,606","18,750,000","196,212","1,373,169",exact-cusip-schedule-d-crosswalk,"A Schedule DB Part C cash-instrument CUSIP has an exact identifier match in Athene Schedule D, joining the named replication component to a statutory holding row.","CUSIP identity and Schedule D fields are not proof of Schedule DB settlement, counterparty remittance, liability/product hedge allocation, borrower cash, or Apollo owner cash.","Reconcile the matched Schedule D lot to Schedule DB component values, custody/counterparty, derivative cash settlement, liability hedge purpose, and investment-income receipt."
CFAASDBCSD-0354,CFAASDBPC-0355,477,04687#AJ7,Interest Rate Swap,00024D-AL-7,AAIF 2024-1A A1D,1,CFAASDFR-8037,6013,AA Infrastructure Fund 2 LLC AAIF 2024-1A A1D,1.A,"354,250,000","354,250,000","354,604,250","354,250,000","4,416,849","5,583,517",exact-cusip-schedule-d-crosswalk,"A Schedule DB Part C cash-instrument CUSIP has an exact identifier match in Athene Schedule D, joining the named replication component to a statutory holding row.","CUSIP identity and Schedule D fields are not proof of Schedule DB settlement, counterparty remittance, liability/product hedge allocation, borrower cash, or Apollo owner cash.","Reconcile the matched Schedule D lot to Schedule DB component values, custody/counterparty, derivative cash settlement, liability hedge purpose, and investment-income receipt."
CFAASDBCSD-0355,CFAASDBPC-0356,477,04687#AJ7,Interest Rate Swap,00112C-AL-2,ABPCI 2024-19A E,1,CFAASDFR-6580,5983,ABPCI Direct Lending Fund CLO ABPCI 2024-19A E,3.C,"6,000,000","6,000,000","6,137,460","6,000,000","120,627","743,387",exact-cusip-schedule-d-crosswalk,"A Schedule DB Part C cash-instrument CUSIP has an exact identifier match in Athene Schedule D, joining the named replication component to a statutory holding row.","CUSIP identity and Schedule D fields are not proof of Schedule DB settlement, counterparty remittance, liability/product hedge allocation, borrower cash, or Apollo owner cash.","Reconcile the matched Schedule D lot to Schedule DB component values, custody/counterparty, derivative cash settlement, liability hedge purpose, and investment-income receipt."
CFAASDBCSD-0356,CFAASDBPC-0357,477,04687#AJ7,Interest Rate Swap,00122J-AG-6,AGL 2025-40A C,1,CFAASDFR-7032,5993,AGL Clo 40 Ltd AGL 2025-40A C,1.E,"18,550,000","18,550,000","18,536,904","18,550,000","208,802","527,970",exact-cusip-schedule-d-crosswalk,"A Schedule DB Part C cash-instrument CUSIP has an exact identifier match in Athene Schedule D, joining the named replication component to a statutory holding row.","CUSIP identity and Schedule D fields are not proof of Schedule DB settlement, counterparty remittance, liability/product hedge allocation, borrower cash, or Apollo owner cash.","Reconcile the matched Schedule D lot to Schedule DB component values, custody/counterparty, derivative cash settlement, liability hedge purpose, and investment-income receipt."
CFAASDBCSD-0357,CFAASDBPC-0358,477,04687#AJ7,Interest Rate Swap,03770G-AS-5,APID 2022-42A CR,1,CFAASDFR-7117,5994,Apidos CLO XLII Ltd APID 2022-42A CR,1.F,"5,417,500","5,500,000","5,481,526","5,395,852","62,282","215,520",exact-cusip-schedule-d-crosswalk,"A Schedule DB Part C cash-instrument CUSIP has an exact identifier match in Athene Schedule D, joining the named replication component to a statutory holding row.","CUSIP identity and Schedule D fields are not proof of Schedule DB settlement, counterparty remittance, liability/product hedge allocation, borrower cash, or Apollo owner cash.","Reconcile the matched Schedule D lot to Schedule DB component values, custody/counterparty, derivative cash settlement, liability hedge purpose, and investment-income receipt."
CFAASDBCSD-0358,CFAASDBPC-0359,477,04687#AJ7,Interest Rate Swap,03771B-AE-6,APID 2024-49A B,1,CFAASDFR-7118,5994,Apidos Clo Xlix APID 2024-49A B,1.C,"18,044,379","18,000,000","17,999,298","18,000,000","188,557","539,580",exact-cusip-schedule-d-crosswalk,"A Schedule DB Part C cash-instrument CUSIP has an exact identifier match in Athene Schedule D, joining the named replication component to a statutory holding row.","CUSIP identity and Schedule D fields are not proof of Schedule DB settlement, counterparty remittance, liability/product hedge allocation, borrower cash, or Apollo owner cash.","Reconcile the matched Schedule D lot to Schedule DB component values, custody/counterparty, derivative cash settlement, liability hedge purpose, and investment-income receipt."
CFAASDBCSD-0359,CFAASDBPC-0360,477,04687#AJ7,Interest Rate Swap,039939-AW-3,ARES 2022-67A CR,1,CFAASDFR-7129,5995,Ares LXVII CLO Ltd ARES 2022-67A CR,1.F,"3,940,000","4,000,000","3,986,820","3,911,170","40,759","175,367",exact-cusip-schedule-d-crosswalk,"A Schedule DB Part C cash-instrument CUSIP has an exact identifier match in Athene Schedule D, joining the named replication component to a statutory holding row.","CUSIP identity and Schedule D fields are not proof of Schedule DB settlement, counterparty remittance, liability/product hedge allocation, borrower cash, or Apollo owner cash.","Reconcile the matched Schedule D lot to Schedule DB component values, custody/counterparty, derivative cash settlement, liability hedge purpose, and investment-income receipt."
CFAASDBCSD-0360,CFAASDBPC-0361,477,04687#AJ7,Interest Rate Swap,04018B-BC-0,ARES 2020-55A CR2,1,CFAASDFR-7133,5995,Ares LV CLO Ltd ARES 2020-55A CR2,1.F,"16,200,000","16,200,000","16,158,852","16,200,000","207,249","1,048,518",exact-cusip-schedule-d-crosswalk,"A Schedule DB Part C cash-instrument CUSIP has an exact identifier match in Athene Schedule D, joining the named replication component to a statutory holding row.","CUSIP identity and Schedule D fields are not proof of Schedule DB settlement, counterparty remittance, liability/product hedge allocation, borrower cash, or Apollo owner cash.","Reconcile the matched Schedule D lot to Schedule DB component values, custody/counterparty, derivative cash settlement, liability hedge purpose, and investment-income receipt."
CFAASDBCSD-0361,CFAASDBPC-0362,477,04687#AJ7,Interest Rate Swap,04018N-BC-4,ARES 2020-56A CR2,1,CFAASDFR-7136,5995,Ares LVI CLO Ltd ARES 2020-56A CR2,1.F,"5,472,500","5,500,000","5,482,026","5,419,854","58,060","258,604",exact-cusip-schedule-d-crosswalk,"A Schedule DB Part C cash-instrument CUSIP has an exact identifier match in Athene Schedule D, joining the named replication component to a statutory holding row.","CUSIP identity and Schedule D fields are not proof of Schedule DB settlement, counterparty remittance, liability/product hedge allocation, borrower cash, or Apollo owner cash.","Reconcile the matched Schedule D lot to Schedule DB component values, custody/counterparty, derivative cash settlement, liability hedge purpose, and investment-income receipt."
CFAASDBCSD-0362,CFAASDBPC-0363,477,04687#AJ7,Interest Rate Swap,05555J-AG-1,BBAM 2024-4A B,1,CFAASDFR-7165,5995,Bbam US Clo IV Ltd BBAM 2024-4A B,1.F,"12,600,000","12,600,000","12,645,347","12,600,000","163,924","1,111,474",exact-cusip-schedule-d-crosswalk,"A Schedule DB Part C cash-instrument CUSIP has an exact identifier match in Athene Schedule D, joining the named replication component to a statutory holding row.","CUSIP identity and Schedule D fields are not proof of Schedule DB settlement, counterparty remittance, liability/product hedge allocation, borrower cash, or Apollo owner cash.","Reconcile the matched Schedule D lot to Schedule DB component values, custody/counterparty, derivative cash settlement, liability hedge purpose, and investment-income receipt."
CFAASDBCSD-0363,CFAASDBPC-0364,477,04687#AJ7,Interest Rate Swap,10805Y-AN-1,BRDGS 2020-1A A2R,1,CFAASDFR-7192,5996,Bridge Street CLO I Ltd BRDGS 2020-1A A2R,1.C,"32,261,639","32,100,000","32,154,442","32,100,000","379,773","2,053,622",exact-cusip-schedule-d-crosswalk,"A Schedule DB Part C cash-instrument CUSIP has an exact identifier match in Athene Schedule D, joining the named replication component to a statutory holding row.","CUSIP identity and Schedule D fields are not proof of Schedule DB settlement, counterparty remittance, liability/product hedge allocation, borrower cash, or Apollo owner cash.","Reconcile the matched Schedule D lot to Schedule DB component values, custody/counterparty, derivative cash settlement, liability hedge purpose, and investment-income receipt."
CFAASDBCSD-0364,CFAASDBPC-0365,477,04687#AJ7,Interest Rate Swap,12481H-AU-9,CBAM 2017-3A CR,1,CFAASDFR-7198,5996,CBAM 2017-3 Ltd CBAM 2017-3A CR,1.F,"48,488,121","48,600,000","48,597,764","48,580,983","676,466","3,138,817",exact-cusip-schedule-d-crosswalk,"A Schedule DB Part C cash-instrument CUSIP has an exact identifier match in Athene Schedule D, joining the named replication component to a statutory holding row.","CUSIP identity and Schedule D fields are not proof of Schedule DB settlement, counterparty remittance, liability/product hedge allocation, borrower cash, or Apollo owner cash.","Reconcile the matched Schedule D lot to Schedule DB component values, custody/counterparty, derivative cash settlement, liability hedge purpose, and investment-income receipt."
CFAASDBCSD-0365,CFAASDBPC-0366,477,04687#AJ7,Interest Rate Swap,12481K-AW-8,CBAM 2017-2A CR,1,CFAASDFR-7199,5996,CBAM 2017-2 Ltd CBAM 2017-2A CR,1.F,"55,004,010","55,000,000","54,997,580","54,997,717","748,132","3,875,871",exact-cusip-schedule-d-crosswalk,"A Schedule DB Part C cash-instrument CUSIP has an exact identifier match in Athene Schedule D, joining the named replication component to a statutory holding row.","CUSIP identity and Schedule D fields are not proof of Schedule DB settlement, counterparty remittance, liability/product hedge allocation, borrower cash, or Apollo owner cash.","Reconcile the matched Schedule D lot to Schedule DB component values, custody/counterparty, derivative cash settlement, liability hedge purpose, and investment-income receipt."
CFAASDBCSD-0366,CFAASDBPC-0367,477,04687#AJ7,Interest Rate Swap,14316E-BA-6,CGMS 2019-2A BR2,1,CFAASDFR-7235,5997,CARLYLE US CLO 2019-2 LTD CGMS 2019-2A BR2,1.C,"6,075,000","6,075,000","6,081,968","6,075,000","74,428","384,457",exact-cusip-schedule-d-crosswalk,"A Schedule DB Part C cash-instrument CUSIP has an exact identifier match in Athene Schedule D, joining the named replication component to a statutory holding row.","CUSIP identity and Schedule D fields are not proof of Schedule DB settlement, counterparty remittance, liability/product hedge allocation, borrower cash, or Apollo owner cash.","Reconcile the matched Schedule D lot to Schedule DB component values, custody/counterparty, derivative cash settlement, liability hedge purpose, and investment-income receipt."
CFAASDBCSD-0367,CFAASDBPC-0368,477,04687#AJ7,Interest Rate Swap,14316E-BC-2,CGMS 2019-2A CR2,1,CFAASDFR-7236,5997,CARLYLE US CLO 2019-2 LTD CGMS 2019-2A CR2,1.F,"4,725,000","4,725,000","4,718,995","4,725,000","60,960","313,630",exact-cusip-schedule-d-crosswalk,"A Schedule DB Part C cash-instrument CUSIP has an exact identifier match in Athene Schedule D, joining the named replication component to a statutory holding row.","CUSIP identity and Schedule D fields are not proof of Schedule DB settlement, counterparty remittance, liability/product hedge allocation, borrower cash, or Apollo owner cash.","Reconcile the matched Schedule D lot to Schedule DB component values, custody/counterparty, derivative cash settlement, liability hedge purpose, and investment-income receipt."
CFAASDBCSD-0368,CFAASDBPC-0369,477,04687#AJ7,Interest Rate Swap,14319P-AE-1,CGMS 2024-6A B,1,CFAASDFR-7248,5997,Carlyle US CLO 2024-6 Ltd CGMS 2024-6A B,1.C,"29,000,000","29,000,000","28,964,765","29,000,000","295,499","1,662,954",exact-cusip-schedule-d-crosswalk,"A Schedule DB Part C cash-instrument CUSIP has an exact identifier match in Athene Schedule D, joining the named replication component to a statutory holding row.","CUSIP identity and Schedule D fields are not proof of Schedule DB settlement, counterparty remittance, liability/product hedge allocation, borrower cash, or Apollo owner cash.","Reconcile the matched Schedule D lot to Schedule DB component values, custody/counterparty, derivative cash settlement, liability hedge purpose, and investment-income receipt."
CFAASDBCSD-0369,CFAASDBPC-0370,477,04687#AJ7,Interest Rate Swap,14319R-AC-1,CGMS 2024-7A B,1,CFAASDFR-7251,5997,Carlyle US CLO 2024-7 Ltd CGMS 2024-7A B,1.C,"17,000,000","17,000,000","17,020,077","17,000,000","206,434","879,651",exact-cusip-schedule-d-crosswalk,"A Schedule DB Part C cash-instrument CUSIP has an exact identifier match in Athene Schedule D, joining the named replication component to a statutory holding row.","CUSIP identity and Schedule D fields are not proof of Schedule DB settlement, counterparty remittance, liability/product hedge allocation, borrower cash, or Apollo owner cash.","Reconcile the matched Schedule D lot to Schedule DB component values, custody/counterparty, derivative cash settlement, liability hedge purpose, and investment-income receipt."
CFAASDBCSD-0370,CFAASDBPC-0371,477,04687#AJ7,Interest Rate Swap,14319R-AE-7,CGMS 2024-7A C,1,CFAASDFR-7252,5997,Carlyle US CLO 2024-7 Ltd CGMS 2024-7A C,1.F,"19,000,000","19,000,000","18,938,934","19,000,000","241,012","1,023,910",exact-cusip-schedule-d-crosswalk,"A Schedule DB Part C cash-instrument CUSIP has an exact identifier match in Athene Schedule D, joining the named replication component to a statutory holding row.","CUSIP identity and Schedule D fields are not proof of Schedule DB settlement, counterparty remittance, liability/product hedge allocation, borrower cash, or Apollo owner cash.","Reconcile the matched Schedule D lot to Schedule DB component values, custody/counterparty, derivative cash settlement, liability hedge purpose, and investment-income receipt."
CFAASDBCSD-0371,CFAASDBPC-0372,477,04687#AJ7,Interest Rate Swap,14319V-AG-3,CGMS 2025-1A C,1,CFAASDFR-7254,5997,Carlyle US CLO 2025-1 Ltd CGMS 2025-1A C,1.F,"16,648,345","16,600,000","16,610,143","16,642,979","176,756","497,006",exact-cusip-schedule-d-crosswalk,"A Schedule DB Part C cash-instrument CUSIP has an exact identifier match in Athene Schedule D, joining the named replication component to a statutory holding row.","CUSIP identity and Schedule D fields are not proof of Schedule DB settlement, counterparty remittance, liability/product hedge allocation, borrower cash, or Apollo owner cash.","Reconcile the matched Schedule D lot to Schedule DB component values, custody/counterparty, derivative cash settlement, liability hedge purpose, and investment-income receipt."
CFAASDBCSD-0372,CFAASDBPC-0373,477,04687#AJ7,Interest Rate Swap,17181D-AC-0,CIFC 2025-2A B,1,CFAASDFR-7263,5997,CIFC Funding 2025-II Ltd CIFC 2025-2A B,1.C,"9,500,000","9,500,000","9,429,985","9,500,000","111,243","255,791",exact-cusip-schedule-d-crosswalk,"A Schedule DB Part C cash-instrument CUSIP has an exact identifier match in Athene Schedule D, joining the named replication component to a statutory holding row.","CUSIP identity and Schedule D fields are not proof of Schedule DB settlement, counterparty remittance, liability/product hedge allocation, borrower cash, or Apollo owner cash.","Reconcile the matched Schedule D lot to Schedule DB component values, custody/counterparty, derivative cash settlement, liability hedge purpose, and investment-income receipt."
CFAASDBCSD-0373,CFAASDBPC-0374,477,04687#AJ7,Interest Rate Swap,17181D-AE-6,CIFC 2025-2A C,1,CFAASDFR-7264,5997,CIFC Funding 2025-II Ltd CIFC 2025-2A C,1.F,"29,000,000","29,000,000","28,904,387","29,000,000","352,152","807,774",exact-cusip-schedule-d-crosswalk,"A Schedule DB Part C cash-instrument CUSIP has an exact identifier match in Athene Schedule D, joining the named replication component to a statutory holding row.","CUSIP identity and Schedule D fields are not proof of Schedule DB settlement, counterparty remittance, liability/product hedge allocation, borrower cash, or Apollo owner cash.","Reconcile the matched Schedule D lot to Schedule DB component values, custody/counterparty, derivative cash settlement, liability hedge purpose, and investment-income receipt."
CFAASDBCSD-0374,CFAASDBPC-0375,477,04687#AJ7,Interest Rate Swap,171929-AC-6,CHMML 2024-3A B,1,CFAASDFR-7272,5997,Churchill MMSLF CLO-IV Ltd CHMML 2024-3A B,1.C,"15,500,000","15,500,000","15,351,324","15,500,000","174,471","931,762",exact-cusip-schedule-d-crosswalk,"A Schedule DB Part C cash-instrument CUSIP has an exact identifier match in Athene Schedule D, joining the named replication component to a statutory holding row.","CUSIP identity and Schedule D fields are not proof of Schedule DB settlement, counterparty remittance, liability/product hedge allocation, borrower cash, or Apollo owner cash.","Reconcile the matched Schedule D lot to Schedule DB component values, custody/counterparty, derivative cash settlement, liability hedge purpose, and investment-income receipt."
CFAASDBCSD-0375,CFAASDBPC-0376,477,04687#AJ7,Interest Rate Swap,185833-AJ-9,CLRMPK 2025-1A C,1,CFAASDFR-7273,5997,Clermont Park CLO Ltd CLRMPK 2025-1A C,1.F,"25,029,223","25,000,000","24,917,300","25,023,019","276,259","695,662",exact-cusip-schedule-d-crosswalk,"A Schedule DB Part C cash-instrument CUSIP has an exact identifier match in Athene Schedule D, joining the named replication component to a statutory holding row.","CUSIP identity and Schedule D fields are not proof of Schedule DB settlement, counterparty remittance, liability/product hedge allocation, borrower cash, or Apollo owner cash.","Reconcile the matched Schedule D lot to Schedule DB component values, custody/counterparty, derivative cash settlement, liability hedge purpose, and investment-income receipt."
CFAASDBCSD-0376,CFAASDBPC-0377,477,04687#AJ7,Interest Rate Swap,25254A-AG-2,DCLO 2025-9A C,1,CFAASDFR-7282,5998,Diameter Capital CLO 9 Ltd DCLO 2025-9A C,1.F,"18,004,598","18,000,000","18,058,410","18,004,544","205,657","527,106",exact-cusip-schedule-d-crosswalk,"A Schedule DB Part C cash-instrument CUSIP has an exact identifier match in Athene Schedule D, joining the named replication component to a statutory holding row.","CUSIP identity and Schedule D fields are not proof of Schedule DB settlement, counterparty remittance, liability/product hedge allocation, borrower cash, or Apollo owner cash.","Reconcile the matched Schedule D lot to Schedule DB component values, custody/counterparty, derivative cash settlement, liability hedge purpose, and investment-income receipt."
CFAASDBCSD-0377,CFAASDBPC-0378,477,04687#AJ7,Interest Rate Swap,25255L-AW-2,DCLO 2021-2A BR,1,CFAASDFR-7293,5998,Diameter Capital Clo 2 Ltd DCLO 2021-2A BR,1.F,"33,000,000","33,000,000","32,958,519","33,000,000","425,750","2,095,668",exact-cusip-schedule-d-crosswalk,"A Schedule DB Part C cash-instrument CUSIP has an exact identifier match in Athene Schedule D, joining the named replication component to a statutory holding row.","CUSIP identity and Schedule D fields are not proof of Schedule DB settlement, counterparty remittance, liability/product hedge allocation, borrower cash, or Apollo owner cash.","Reconcile the matched Schedule D lot to Schedule DB component values, custody/counterparty, derivative cash settlement, liability hedge purpose, and investment-income receipt."
CFAASDBCSD-0378,CFAASDBPC-0379,477,04687#AJ7,Interest Rate Swap,25290B-AC-5,DCLO 2025-10A B,1,CFAASDFR-7308,5998,Diameter Capital CLO 10 Ltd DCLO 2025-10A B,1.C,"10,000,000","10,000,000","10,017,680","10,000,000","117,296","298,266",exact-cusip-schedule-d-crosswalk,"A Schedule DB Part C cash-instrument CUSIP has an exact identifier match in Athene Schedule D, joining the named replication component to a statutory holding row.","CUSIP identity and Schedule D fields are not proof of Schedule DB settlement, counterparty remittance, liability/product hedge allocation, borrower cash, or Apollo owner cash.","Reconcile the matched Schedule D lot to Schedule DB component values, custody/counterparty, derivative cash settlement, liability hedge purpose, and investment-income receipt."
CFAASDBCSD-0379,CFAASDBPC-0380,477,04687#AJ7,Interest Rate Swap,26246B-AY-0,DRSLF 2020-85A BR2,1,CFAASDFR-7312,5998,Dryden 85 CLO Ltd DRSLF 2020-85A BR2,1.C,"19,893,000","19,893,000","19,915,459","19,893,000","245,874","1,247,203",exact-cusip-schedule-d-crosswalk,"A Schedule DB Part C cash-instrument CUSIP has an exact identifier match in Athene Schedule D, joining the named replication component to a statutory holding row.","CUSIP identity and Schedule D fields are not proof of Schedule DB settlement, counterparty remittance, liability/product hedge allocation, borrower cash, or Apollo owner cash.","Reconcile the matched Schedule D lot to Schedule DB component values, custody/counterparty, derivative cash settlement, liability hedge purpose, and investment-income receipt."
CFAASDBCSD-0380,CFAASDBPC-0381,477,04687#AJ7,Interest Rate Swap,26248K-AQ-5,DRSLF 2022-109A CR,1,CFAASDFR-7317,5998,Dryden 109 CLO Ltd DRSLF 2022-109A CR,1.F,"7,956,000","8,000,000","7,973,232","7,942,392","98,879","247,538",exact-cusip-schedule-d-crosswalk,"A Schedule DB Part C cash-instrument CUSIP has an exact identifier match in Athene Schedule D, joining the named replication component to a statutory holding row.","CUSIP identity and Schedule D fields are not proof of Schedule DB settlement, counterparty remittance, liability/product hedge allocation, borrower cash, or Apollo owner cash.","Reconcile the matched Schedule D lot to Schedule DB component values, custody/counterparty, derivative cash settlement, liability hedge purpose, and investment-income receipt."
CFAASDBCSD-0381,CFAASDBPC-0382,477,04687#AJ7,Interest Rate Swap,26253V-AG-5,DRSLF 2024-121A C,1,CFAASDFR-7326,5999,Dryden 121 CLO Ltd DRSLF 2024-121A C,1.F,"33,415,600","33,500,000","33,520,804","33,134,737","421,313","1,726,522",exact-cusip-schedule-d-crosswalk,"A Schedule DB Part C cash-instrument CUSIP has an exact identifier match in Athene Schedule D, joining the named replication component to a statutory holding row.","CUSIP identity and Schedule D fields are not proof of Schedule DB settlement, counterparty remittance, liability/product hedge allocation, borrower cash, or Apollo owner cash.","Reconcile the matched Schedule D lot to Schedule DB component values, custody/counterparty, derivative cash settlement, liability hedge purpose, and investment-income receipt."
CFAASDBCSD-0382,CFAASDBPC-0383,478,04687#AJ7,Interest Rate Swap,29001B-AE-3,ELM25 2024-1A B,1,CFAASDFR-7328,5999,Elmwood CLO 25 Ltd ELM25 2024-1A B,1.C,"26,200,000","26,200,000","26,221,694","26,200,000","325,319","1,697,139",exact-cusip-schedule-d-crosswalk,"A Schedule DB Part C cash-instrument CUSIP has an exact identifier match in Athene Schedule D, joining the named replication component to a statutory holding row.","CUSIP identity and Schedule D fields are not proof of Schedule DB settlement, counterparty remittance, liability/product hedge allocation, borrower cash, or Apollo owner cash.","Reconcile the matched Schedule D lot to Schedule DB component values, custody/counterparty, derivative cash settlement, liability hedge purpose, and investment-income receipt."
CFAASDBCSD-0383,CFAASDBPC-0384,478,04687#AJ7,Interest Rate Swap,29001M-AG-4,ELM34 2024-10A C,1,CFAASDFR-7337,5999,Elmwood CLO 34 Ltd ELM34 2024-10A C,1.F,"20,028,260","20,000,000","19,936,980","20,013,672","246,224","1,155,215",exact-cusip-schedule-d-crosswalk,"A Schedule DB Part C cash-instrument CUSIP has an exact identifier match in Athene Schedule D, joining the named replication component to a statutory holding row.","CUSIP identity and Schedule D fields are not proof of Schedule DB settlement, counterparty remittance, liability/product hedge allocation, borrower cash, or Apollo owner cash.","Reconcile the matched Schedule D lot to Schedule DB component values, custody/counterparty, derivative cash settlement, liability hedge purpose, and investment-income receipt."
CFAASDBCSD-0384,CFAASDBPC-0385,478,04687#AJ7,Interest Rate Swap,29003E-AW-5,ELMW8 2021-1A CR,1,CFAASDFR-7340,5999,Elmwood CLO VIII Ltd ELMW8 2021-1A CR,1.F,"10,651,632","10,500,000","10,532,277","10,537,322","135,935","730,137",exact-cusip-schedule-d-crosswalk,"A Schedule DB Part C cash-instrument CUSIP has an exact identifier match in Athene Schedule D, joining the named replication component to a statutory holding row.","CUSIP identity and Schedule D fields are not proof of Schedule DB settlement, counterparty remittance, liability/product hedge allocation, borrower cash, or Apollo owner cash.","Reconcile the matched Schedule D lot to Schedule DB component values, custody/counterparty, derivative cash settlement, liability hedge purpose, and investment-income receipt."
CFAASDBCSD-0385,CFAASDBPC-0386,478,04687#AJ7,Interest Rate Swap,29004F-AE-1,ELM40 2025-3A C,1,CFAASDFR-7345,5999,Elmwood CLO 40 Ltd ELM40 2025-3A C,1.F,"55,021,054","55,000,000","54,817,620","55,010,778","665,506","1,672,476",exact-cusip-schedule-d-crosswalk,"A Schedule DB Part C cash-instrument CUSIP has an exact identifier match in Athene Schedule D, joining the named replication component to a statutory holding row.","CUSIP identity and Schedule D fields are not proof of Schedule DB settlement, counterparty remittance, liability/product hedge allocation, borrower cash, or Apollo owner cash.","Reconcile the matched Schedule D lot to Schedule DB component values, custody/counterparty, derivative cash settlement, liability hedge purpose, and investment-income receipt."
CFAASDBCSD-0386,CFAASDBPC-0387,478,04687#AJ7,Interest Rate Swap,34963D-AC-9,FCBSL 2021-2A B,1,CFAASDFR-7371,5999,Fortress Credit BSL XIII Ltd FCBSL 2021-2A B,1.C,"66,191,420","67,400,000","67,401,213","67,117,245","826,327","4,456,176",exact-cusip-schedule-d-crosswalk,"A Schedule DB Part C cash-instrument CUSIP has an exact identifier match in Athene Schedule D, joining the named replication component to a statutory holding row.","CUSIP identity and Schedule D fields are not proof of Schedule DB settlement, counterparty remittance, liability/product hedge allocation, borrower cash, or Apollo owner cash.","Reconcile the matched Schedule D lot to Schedule DB component values, custody/counterparty, derivative cash settlement, liability hedge purpose, and investment-income receipt."
CFAASDBCSD-0387,CFAASDBPC-0388,478,04687#AJ7,Interest Rate Swap,34963D-AE-5,FCBSL 2021-2A C,1,CFAASDFR-7372,5999,Fortress Credit BSL XIII Ltd FCBSL 2021-2A C,1.F,"23,379,575","24,200,000","24,209,051","24,000,564","321,229","1,685,133",exact-cusip-schedule-d-crosswalk,"A Schedule DB Part C cash-instrument CUSIP has an exact identifier match in Athene Schedule D, joining the named replication component to a statutory holding row.","CUSIP identity and Schedule D fields are not proof of Schedule DB settlement, counterparty remittance, liability/product hedge allocation, borrower cash, or Apollo owner cash.","Reconcile the matched Schedule D lot to Schedule DB component values, custody/counterparty, derivative cash settlement, liability hedge purpose, and investment-income receipt."
CFAASDBCSD-0388,CFAASDBPC-0389,478,04687#AJ7,Interest Rate Swap,34963D-AQ-8,FCBSL 2021-4A C,1,CFAASDFR-7373,5999,Fortress Credit BSL XII Ltd FCBSL 2021-4A C,1.F,"33,636,255","34,000,000","33,998,844","33,973,406","483,706","1,922,594",exact-cusip-schedule-d-crosswalk,"A Schedule DB Part C cash-instrument CUSIP has an exact identifier match in Athene Schedule D, joining the named replication component to a statutory holding row.","CUSIP identity and Schedule D fields are not proof of Schedule DB settlement, counterparty remittance, liability/product hedge allocation, borrower cash, or Apollo owner cash.","Reconcile the matched Schedule D lot to Schedule DB component values, custody/counterparty, derivative cash settlement, liability hedge purpose, and investment-income receipt."
CFAASDBCSD-0389,CFAASDBPC-0390,478,04687#AJ7,Interest Rate Swap,34963W-AE-3,FCBSL 2021-5A C,1,CFAASDFR-7377,6000,Fortress Credit BSL XIV Ltd FCBSL 2021-5A C,1.F,"20,248,964","20,300,000","20,299,005","20,284,411","259,388","1,459,486",exact-cusip-schedule-d-crosswalk,"A Schedule DB Part C cash-instrument CUSIP has an exact identifier match in Athene Schedule D, joining the named replication component to a statutory holding row.","CUSIP identity and Schedule D fields are not proof of Schedule DB settlement, counterparty remittance, liability/product hedge allocation, borrower cash, or Apollo owner cash.","Reconcile the matched Schedule D lot to Schedule DB component values, custody/counterparty, derivative cash settlement, liability hedge purpose, and investment-income receipt."
CFAASDBCSD-0390,CFAASDBPC-0391,478,04687#AJ7,Interest Rate Swap,34964R-AW-3,FCO 2022-19A DR,1,CFAASDFR-6634,5984,Fortress Credit Opportunities FCO 2022-19A DR,2.C,"19,000,000","19,000,000","18,864,435","19,000,000","331,579","1,643,917",exact-cusip-schedule-d-crosswalk,"A Schedule DB Part C cash-instrument CUSIP has an exact identifier match in Athene Schedule D, joining the named replication component to a statutory holding row.","CUSIP identity and Schedule D fields are not proof of Schedule DB settlement, counterparty remittance, liability/product hedge allocation, borrower cash, or Apollo owner cash.","Reconcile the matched Schedule D lot to Schedule DB component values, custody/counterparty, derivative cash settlement, liability hedge purpose, and investment-income receipt."
CFAASDBCSD-0391,CFAASDBPC-0392,478,04687#AJ7,Interest Rate Swap,34966P-AC-9,FCBSL 2024-3A A2,1,CFAASDFR-7385,6000,Fortress Credit BSL XXII Ltd FCBSL 2024-3A A2,1.A,"3,300,000","3,300,000","3,294,331","3,300,000","35,675","199,155",exact-cusip-schedule-d-crosswalk,"A Schedule DB Part C cash-instrument CUSIP has an exact identifier match in Athene Schedule D, joining the named replication component to a statutory holding row.","CUSIP identity and Schedule D fields are not proof of Schedule DB settlement, counterparty remittance, liability/product hedge allocation, borrower cash, or Apollo owner cash.","Reconcile the matched Schedule D lot to Schedule DB component values, custody/counterparty, derivative cash settlement, liability hedge purpose, and investment-income receipt."
CFAASDBCSD-0392,CFAASDBPC-0393,478,04687#AJ7,Interest Rate Swap,34966P-AE-5,FCBSL 2024-3A B,1,CFAASDFR-7386,6000,Fortress Credit BSL XXII Ltd FCBSL 2024-3A B,1.C,"16,666,150","16,650,000","16,678,638","16,653,051","188,092","1,046,225",exact-cusip-schedule-d-crosswalk,"A Schedule DB Part C cash-instrument CUSIP has an exact identifier match in Athene Schedule D, joining the named replication component to a statutory holding row.","CUSIP identity and Schedule D fields are not proof of Schedule DB settlement, counterparty remittance, liability/product hedge allocation, borrower cash, or Apollo owner cash.","Reconcile the matched Schedule D lot to Schedule DB component values, custody/counterparty, derivative cash settlement, liability hedge purpose, and investment-income receipt."
CFAASDBCSD-0393,CFAASDBPC-0394,478,04687#AJ7,Interest Rate Swap,34990B-AC-0,FCBSL 2025-1A B,1,CFAASDFR-7393,6000,Fortress Credit BSL XXIV Ltd FCBSL 2025-1A B,1.C,"33,000,000","33,000,000","33,039,435","33,000,000","377,038","1,047,991",exact-cusip-schedule-d-crosswalk,"A Schedule DB Part C cash-instrument CUSIP has an exact identifier match in Athene Schedule D, joining the named replication component to a statutory holding row.","CUSIP identity and Schedule D fields are not proof of Schedule DB settlement, counterparty remittance, liability/product hedge allocation, borrower cash, or Apollo owner cash.","Reconcile the matched Schedule D lot to Schedule DB component values, custody/counterparty, derivative cash settlement, liability hedge purpose, and investment-income receipt."
CFAASDBCSD-0394,CFAASDBPC-0395,478,04687#AJ7,Interest Rate Swap,34990B-AE-6,FCBSL 2025-1A C,1,CFAASDFR-7394,6000,Fortress Credit BSL XXIV Ltd FCBSL 2025-1A C,1.F,"19,039,672","19,000,000","18,974,730","19,035,419","230,567","638,264",exact-cusip-schedule-d-crosswalk,"A Schedule DB Part C cash-instrument CUSIP has an exact identifier match in Athene Schedule D, joining the named replication component to a statutory holding row.","CUSIP identity and Schedule D fields are not proof of Schedule DB settlement, counterparty remittance, liability/product hedge allocation, borrower cash, or Apollo owner cash.","Reconcile the matched Schedule D lot to Schedule DB component values, custody/counterparty, derivative cash settlement, liability hedge purpose, and investment-income receipt."
CFAASDBCSD-0395,CFAASDBPC-0396,478,04687#AJ7,Interest Rate Swap,370912-AE-7,GNRT 2024-20A C,1,CFAASDFR-7398,6000,Kennedy Lewis CLO 20 Ltd GNRT 2024-20A C,1.F,"3,994,000","4,000,000","3,987,084","3,961,209","42,592","187,403",exact-cusip-schedule-d-crosswalk,"A Schedule DB Part C cash-instrument CUSIP has an exact identifier match in Athene Schedule D, joining the named replication component to a statutory holding row.","CUSIP identity and Schedule D fields are not proof of Schedule DB settlement, counterparty remittance, liability/product hedge allocation, borrower cash, or Apollo owner cash.","Reconcile the matched Schedule D lot to Schedule DB component values, custody/counterparty, derivative cash settlement, liability hedge purpose, and investment-income receipt."
CFAASDBCSD-0396,CFAASDBPC-0397,478,04687#AJ7,Interest Rate Swap,38180P-AE-6,GCBSL 2019-43A BR,1,CFAASDFR-7427,6001,"Golub Capital Partners CLO 43B GCBSL 2019-43A BR .. .......RA...... .. 1.C FE .. .............22,000,000 ...........22,000,000 ...........22,025,718 .............22,000,000",1.C,"22,000,000","22,000,000","22,025,718","22,000,000","251,359","1,245,151",exact-cusip-schedule-d-crosswalk,"A Schedule DB Part C cash-instrument CUSIP has an exact identifier match in Athene Schedule D, joining the named replication component to a statutory holding row.","CUSIP identity and Schedule D fields are not proof of Schedule DB settlement, counterparty remittance, liability/product hedge allocation, borrower cash, or Apollo owner cash.","Reconcile the matched Schedule D lot to Schedule DB component values, custody/counterparty, derivative cash settlement, liability hedge purpose, and investment-income receipt."
CFAASDBCSD-0397,CFAASDBPC-0398,478,04687#AJ7,Interest Rate Swap,48190D-AC-4,KKR 2024-47A B,1,CFAASDFR-7460,6001,KKR CLO 47 Ltd KKR 2024-47A B,1.C,"38,000,000","38,000,000","38,182,590","38,000,000","469,674","1,951,929",exact-cusip-schedule-d-crosswalk,"A Schedule DB Part C cash-instrument CUSIP has an exact identifier match in Athene Schedule D, joining the named replication component to a statutory holding row.","CUSIP identity and Schedule D fields are not proof of Schedule DB settlement, counterparty remittance, liability/product hedge allocation, borrower cash, or Apollo owner cash.","Reconcile the matched Schedule D lot to Schedule DB component values, custody/counterparty, derivative cash settlement, liability hedge purpose, and investment-income receipt."
CFAASDBCSD-0398,CFAASDBPC-0399,478,04687#AJ7,Interest Rate Swap,48256N-AE-9,KKR 2024-51A B,1,CFAASDFR-7482,6002,KKR CLO 51 Ltd KKR 2024-51A B,1.B,"8,750,000","8,750,000","8,765,181","8,750,000","101,746","588,594",exact-cusip-schedule-d-crosswalk,"A Schedule DB Part C cash-instrument CUSIP has an exact identifier match in Athene Schedule D, joining the named replication component to a statutory holding row.","CUSIP identity and Schedule D fields are not proof of Schedule DB settlement, counterparty remittance, liability/product hedge allocation, borrower cash, or Apollo owner cash.","Reconcile the matched Schedule D lot to Schedule DB component values, custody/counterparty, derivative cash settlement, liability hedge purpose, and investment-income receipt."
CFAASDBCSD-0399,CFAASDBPC-0400,478,04687#AJ7,Interest Rate Swap,48256R-AE-0,KKR 2024-53A B,1,CFAASDFR-7484,6002,KKR CLO 53 Ltd KKR 2024-53A B,1.B,"24,025,510","24,000,000","24,057,768","24,007,345","296,636","1,021,124",exact-cusip-schedule-d-crosswalk,"A Schedule DB Part C cash-instrument CUSIP has an exact identifier match in Athene Schedule D, joining the named replication component to a statutory holding row.","CUSIP identity and Schedule D fields are not proof of Schedule DB settlement, counterparty remittance, liability/product hedge allocation, borrower cash, or Apollo owner cash.","Reconcile the matched Schedule D lot to Schedule DB component values, custody/counterparty, derivative cash settlement, liability hedge purpose, and investment-income receipt."
CFAASDBCSD-0400,CFAASDBPC-0401,478,04687#AJ7,Interest Rate Swap,48256V-AE-1,KKR 2024-54A C,1,CFAASDFR-7487,6002,KKR CLO 54 LTD KKR 2024-54A C,1.F,"19,922,600","20,000,000","19,935,000","19,647,080","249,363","1,031,891",exact-cusip-schedule-d-crosswalk,"A Schedule DB Part C cash-instrument CUSIP has an exact identifier match in Athene Schedule D, joining the named replication component to a statutory holding row.","CUSIP identity and Schedule D fields are not proof of Schedule DB settlement, counterparty remittance, liability/product hedge allocation, borrower cash, or Apollo owner cash.","Reconcile the matched Schedule D lot to Schedule DB component values, custody/counterparty, derivative cash settlement, liability hedge purpose, and investment-income receipt."
CFAASDBCSD-0401,CFAASDBPC-0402,478,04687#AJ7,Interest Rate Swap,509827-AC-5,LAKEG 2025-1A B,1,CFAASDFR-7490,6002,Lake George Park CLO Ltd LAKEG 2025-1A B,1.C,"12,000,000","12,000,000","11,940,564","12,000,000","140,518","374,497",exact-cusip-schedule-d-crosswalk,"A Schedule DB Part C cash-instrument CUSIP has an exact identifier match in Athene Schedule D, joining the named replication component to a statutory holding row.","CUSIP identity and Schedule D fields are not proof of Schedule DB settlement, counterparty remittance, liability/product hedge allocation, borrower cash, or Apollo owner cash.","Reconcile the matched Schedule D lot to Schedule DB component values, custody/counterparty, derivative cash settlement, liability hedge purpose, and investment-income receipt."
CFAASDBCSD-0402,CFAASDBPC-0403,478,04687#AJ7,Interest Rate Swap,509827-AE-1,LAKEG 2025-1A C,1,CFAASDFR-7491,6002,Lake George Park CLO Ltd LAKEG 2025-1A C,1.F,"36,000,000","36,000,000","35,880,624","36,000,000","437,154","1,162,291",exact-cusip-schedule-d-crosswalk,"A Schedule DB Part C cash-instrument CUSIP has an exact identifier match in Athene Schedule D, joining the named replication component to a statutory holding row.","CUSIP identity and Schedule D fields are not proof of Schedule DB settlement, counterparty remittance, liability/product hedge allocation, borrower cash, or Apollo owner cash.","Reconcile the matched Schedule D lot to Schedule DB component values, custody/counterparty, derivative cash settlement, liability hedge purpose, and investment-income receipt."
CFAASDBCSD-0403,CFAASDBPC-0404,478,04687#AJ7,Interest Rate Swap,51218Y-AC-0,LAKES 2025-1A B1,1,CFAASDFR-7493,6002,Lakeside Park CLO Ltd LAKES 2025-1A B1,1.C,"15,000,000","15,000,000","14,981,205","15,000,000","177,273","445,071",exact-cusip-schedule-d-crosswalk,"A Schedule DB Part C cash-instrument CUSIP has an exact identifier match in Athene Schedule D, joining the named replication component to a statutory holding row.","CUSIP identity and Schedule D fields are not proof of Schedule DB settlement, counterparty remittance, liability/product hedge allocation, borrower cash, or Apollo owner cash.","Reconcile the matched Schedule D lot to Schedule DB component values, custody/counterparty, derivative cash settlement, liability hedge purpose, and investment-income receipt."
CFAASDBCSD-0404,CFAASDBPC-0405,478,04687#AJ7,Interest Rate Swap,51218Y-AG-1,LAKES 2025-1A C,1,CFAASDFR-7495,6002,Lakeside Park CLO Ltd LAKES 2025-1A C,1.F,"36,521,912","36,500,000","36,379,149","36,516,421","447,180","1,009,637",exact-cusip-schedule-d-crosswalk,"A Schedule DB Part C cash-instrument CUSIP has an exact identifier match in Athene Schedule D, joining the named replication component to a statutory holding row.","CUSIP identity and Schedule D fields are not proof of Schedule DB settlement, counterparty remittance, liability/product hedge allocation, borrower cash, or Apollo owner cash.","Reconcile the matched Schedule D lot to Schedule DB component values, custody/counterparty, derivative cash settlement, liability hedge purpose, and investment-income receipt."
CFAASDBCSD-0405,CFAASDBPC-0406,478,04687#AJ7,Interest Rate Swap,55822Y-AE-5,MDPK 2024-66A B,1,CFAASDFR-7505,6002,Madison Park Funding LXVI Ltd MDPK 2024-66A B,1.C,"32,750,000","32,750,000","32,709,357","32,750,000","364,832","1,713,506",exact-cusip-schedule-d-crosswalk,"A Schedule DB Part C cash-instrument CUSIP has an exact identifier match in Athene Schedule D, joining the named replication component to a statutory holding row.","CUSIP identity and Schedule D fields are not proof of Schedule DB settlement, counterparty remittance, liability/product hedge allocation, borrower cash, or Apollo owner cash.","Reconcile the matched Schedule D lot to Schedule DB component values, custody/counterparty, derivative cash settlement, liability hedge purpose, and investment-income receipt."
CFAASDBCSD-0406,CFAASDBPC-0407,478,04687#AJ7,Interest Rate Swap,67098U-BE-4,OAKC 2020-6A CR2,1,CFAASDFR-7545,6003,OHA Credit Funding 6 Ltd OAKC 2020-6A CR2,1.F,"15,500,000","15,500,000","15,450,803","15,500,000","180,237","944,430",exact-cusip-schedule-d-crosswalk,"A Schedule DB Part C cash-instrument CUSIP has an exact identifier match in Athene Schedule D, joining the named replication component to a statutory holding row.","CUSIP identity and Schedule D fields are not proof of Schedule DB settlement, counterparty remittance, liability/product hedge allocation, borrower cash, or Apollo owner cash.","Reconcile the matched Schedule D lot to Schedule DB component values, custody/counterparty, derivative cash settlement, liability hedge purpose, and investment-income receipt."
CFAASDBCSD-0407,CFAASDBPC-0408,478,04687#AJ7,Interest Rate Swap,671000-AQ-0,OCP 2021-21A CR,1,CFAASDFR-7547,6003,OCP CLO 2021-21 Ltd OCP 2021-21A CR,1.E,"4,663,975","4,735,000","4,719,408","4,640,949","54,099","191,909",exact-cusip-schedule-d-crosswalk,"A Schedule DB Part C cash-instrument CUSIP has an exact identifier match in Athene Schedule D, joining the named replication component to a statutory holding row.","CUSIP identity and Schedule D fields are not proof of Schedule DB settlement, counterparty remittance, liability/product hedge allocation, borrower cash, or Apollo owner cash.","Reconcile the matched Schedule D lot to Schedule DB component values, custody/counterparty, derivative cash settlement, liability hedge purpose, and investment-income receipt."
CFAASDBCSD-0408,CFAASDBPC-0409,478,04687#AJ7,Interest Rate Swap,67120A-AJ-0,OCP 2024-37A C,1,CFAASDFR-7563,6003,OCP CLO 2024-37 Ltd OCP 2024-37A C,1.F,"18,500,000","18,500,000","18,441,041","18,500,000","232,665","1,071,464",exact-cusip-schedule-d-crosswalk,"A Schedule DB Part C cash-instrument CUSIP has an exact identifier match in Athene Schedule D, joining the named replication component to a statutory holding row.","CUSIP identity and Schedule D fields are not proof of Schedule DB settlement, counterparty remittance, liability/product hedge allocation, borrower cash, or Apollo owner cash.","Reconcile the matched Schedule D lot to Schedule DB component values, custody/counterparty, derivative cash settlement, liability hedge purpose, and investment-income receipt."
CFAASDBCSD-0409,CFAASDBPC-0410,478,04687#AJ7,Interest Rate Swap,67120M-AE-5,OHACP 2024-17A B1,1,CFAASDFR-7565,6003,OHA Credit Partners XVII Ltd OHACP 2024-17A B1,1.C,"28,500,000","28,500,000","28,449,156","28,500,000","319,845","1,508,560",exact-cusip-schedule-d-crosswalk,"A Schedule DB Part C cash-instrument CUSIP has an exact identifier match in Athene Schedule D, joining the named replication component to a statutory holding row.","CUSIP identity and Schedule D fields are not proof of Schedule DB settlement, counterparty remittance, liability/product hedge allocation, borrower cash, or Apollo owner cash.","Reconcile the matched Schedule D lot to Schedule DB component values, custody/counterparty, derivative cash settlement, liability hedge purpose, and investment-income receipt."
CFAASDBCSD-0410,CFAASDBPC-0411,478,04687#AJ7,Interest Rate Swap,67577E-AC-5,OCT56 2021-1A B,1,CFAASDFR-7577,6004,Octagon 56 Ltd OCT56 2021-1A B,1.C,"11,239,313","11,700,000","11,690,722","11,634,734","147,439","746,778",exact-cusip-schedule-d-crosswalk,"A Schedule DB Part C cash-instrument CUSIP has an exact identifier match in Athene Schedule D, joining the named replication component to a statutory holding row.","CUSIP identity and Schedule D fields are not proof of Schedule DB settlement, counterparty remittance, liability/product hedge allocation, borrower cash, or Apollo owner cash.","Reconcile the matched Schedule D lot to Schedule DB component values, custody/counterparty, derivative cash settlement, liability hedge purpose, and investment-income receipt."
CFAASDBCSD-0411,CFAASDBPC-0412,478,04687#AJ7,Interest Rate Swap,67578U-AG-9,OCT69 2024-3A C,1,CFAASDFR-7580,6004,Octagon 69 Ltd OCT69 2024-3A C,1.F,"7,425,080","7,410,000","7,414,157","7,413,127","85,434","399,339",exact-cusip-schedule-d-crosswalk,"A Schedule DB Part C cash-instrument CUSIP has an exact identifier match in Athene Schedule D, joining the named replication component to a statutory holding row.","CUSIP identity and Schedule D fields are not proof of Schedule DB settlement, counterparty remittance, liability/product hedge allocation, borrower cash, or Apollo owner cash.","Reconcile the matched Schedule D lot to Schedule DB component values, custody/counterparty, derivative cash settlement, liability hedge purpose, and investment-income receipt."
CFAASDBCSD-0412,CFAASDBPC-0413,479,04687#AJ7,Interest Rate Swap,675932-AS-6,OCT58 2022-1A BR,1,CFAASDFR-7589,6004,Octagon 58 Ltd OCT58 2022-1A BR,1.C,"28,000,000","28,000,000","27,964,384","28,000,000","343,042","859,265",exact-cusip-schedule-d-crosswalk,"A Schedule DB Part C cash-instrument CUSIP has an exact identifier match in Athene Schedule D, joining the named replication component to a statutory holding row.","CUSIP identity and Schedule D fields are not proof of Schedule DB settlement, counterparty remittance, liability/product hedge allocation, borrower cash, or Apollo owner cash.","Reconcile the matched Schedule D lot to Schedule DB component values, custody/counterparty, derivative cash settlement, liability hedge purpose, and investment-income receipt."
CFAASDBCSD-0413,CFAASDBPC-0414,479,04687#AJ7,Interest Rate Swap,675932-AU-1,OCT58 2022-1A CR,1,CFAASDFR-7590,6004,Octagon 58 Ltd OCT58 2022-1A CR,1.F,"13,004,254","13,000,000","12,957,087","13,002,102","163,495","358,283",exact-cusip-schedule-d-crosswalk,"A Schedule DB Part C cash-instrument CUSIP has an exact identifier match in Athene Schedule D, joining the named replication component to a statutory holding row.","CUSIP identity and Schedule D fields are not proof of Schedule DB settlement, counterparty remittance, liability/product hedge allocation, borrower cash, or Apollo owner cash.","Reconcile the matched Schedule D lot to Schedule DB component values, custody/counterparty, derivative cash settlement, liability hedge purpose, and investment-income receipt."
CFAASDBCSD-0414,CFAASDBPC-0415,479,04687#AJ7,Interest Rate Swap,67690A-AS-0,OAKC 2021-9A B1R,1,CFAASDFR-7598,6004,OHA Credit Funding 9 Ltd OAKC 2021-9A B1R,1.C,"7,611,647","7,600,000","7,586,229","7,605,382","86,062","291,381",exact-cusip-schedule-d-crosswalk,"A Schedule DB Part C cash-instrument CUSIP has an exact identifier match in Athene Schedule D, joining the named replication component to a statutory holding row.","CUSIP identity and Schedule D fields are not proof of Schedule DB settlement, counterparty remittance, liability/product hedge allocation, borrower cash, or Apollo owner cash.","Reconcile the matched Schedule D lot to Schedule DB component values, custody/counterparty, derivative cash settlement, liability hedge purpose, and investment-income receipt."
CFAASDBCSD-0415,CFAASDBPC-0416,479,04687#AJ7,Interest Rate Swap,69700X-AU-9,PLMRS 2022-4A CR,1,CFAASDFR-7625,6004,Palmer Square CLO 2022-4 Ltd PLMRS 2022-4A CR,1.F,"20,500,000","20,500,000","20,434,810","20,500,000","240,456","1,206,205",exact-cusip-schedule-d-crosswalk,"A Schedule DB Part C cash-instrument CUSIP has an exact identifier match in Athene Schedule D, joining the named replication component to a statutory holding row.","CUSIP identity and Schedule D fields are not proof of Schedule DB settlement, counterparty remittance, liability/product hedge allocation, borrower cash, or Apollo owner cash.","Reconcile the matched Schedule D lot to Schedule DB component values, custody/counterparty, derivative cash settlement, liability hedge purpose, and investment-income receipt."
CFAASDBCSD-0416,CFAASDBPC-0417,479,04687#AJ7,Interest Rate Swap,70018C-AU-0,PKBLU 2022-2A CR,1,CFAASDFR-7635,6005,Park Blue CLO 2022-II Ltd PKBLU 2022-2A CR,1.E,"5,370,000","5,370,000","5,378,528","5,370,000","65,710","354,409",exact-cusip-schedule-d-crosswalk,"A Schedule DB Part C cash-instrument CUSIP has an exact identifier match in Athene Schedule D, joining the named replication component to a statutory holding row.","CUSIP identity and Schedule D fields are not proof of Schedule DB settlement, counterparty remittance, liability/product hedge allocation, borrower cash, or Apollo owner cash.","Reconcile the matched Schedule D lot to Schedule DB component values, custody/counterparty, derivative cash settlement, liability hedge purpose, and investment-income receipt."
CFAASDBCSD-0417,CFAASDBPC-0418,479,04687#AJ7,Interest Rate Swap,70019H-AE-4,PKBLU 2025-7A B,1,CFAASDFR-7640,6005,Park Blue CLO 2025-VII Ltd PKBLU 2025-7A B,1.C,"18,000,000","18,000,000","17,943,228","18,000,000","180,113","571,162",exact-cusip-schedule-d-crosswalk,"A Schedule DB Part C cash-instrument CUSIP has an exact identifier match in Athene Schedule D, joining the named replication component to a statutory holding row.","CUSIP identity and Schedule D fields are not proof of Schedule DB settlement, counterparty remittance, liability/product hedge allocation, borrower cash, or Apollo owner cash.","Reconcile the matched Schedule D lot to Schedule DB component values, custody/counterparty, derivative cash settlement, liability hedge purpose, and investment-income receipt."
CFAASDBCSD-0418,CFAASDBPC-0419,479,04687#AJ7,Interest Rate Swap,720916-AE-5,PIPK 2025-18A C,1,CFAASDFR-7646,6005,Pikes Peak CLO 18 PIPK 2025-18A C,1.F,"22,200,000","22,200,000","22,155,911","22,200,000","267,149","686,079",exact-cusip-schedule-d-crosswalk,"A Schedule DB Part C cash-instrument CUSIP has an exact identifier match in Athene Schedule D, joining the named replication component to a statutory holding row.","CUSIP identity and Schedule D fields are not proof of Schedule DB settlement, counterparty remittance, liability/product hedge allocation, borrower cash, or Apollo owner cash.","Reconcile the matched Schedule D lot to Schedule DB component values, custody/counterparty, derivative cash settlement, liability hedge purpose, and investment-income receipt."
CFAASDBCSD-0419,CFAASDBPC-0420,479,04687#AJ7,Interest Rate Swap,72133L-AT-9,PIPK 2023-12A C1R,1,CFAASDFR-7659,6005,Pikes Peak Clo 12 Ltd PIPK 2023-12A C1R,1.F,"10,000,000","10,000,000","10,006,330","9,993,411","115,268","206,813",exact-cusip-schedule-d-crosswalk,"A Schedule DB Part C cash-instrument CUSIP has an exact identifier match in Athene Schedule D, joining the named replication component to a statutory holding row.","CUSIP identity and Schedule D fields are not proof of Schedule DB settlement, counterparty remittance, liability/product hedge allocation, borrower cash, or Apollo owner cash.","Reconcile the matched Schedule D lot to Schedule DB component values, custody/counterparty, derivative cash settlement, liability hedge purpose, and investment-income receipt."
CFAASDBCSD-0420,CFAASDBPC-0421,479,04687#AJ7,Interest Rate Swap,72133P-AS-2,PIPK 2020-5A CR,1,CFAASDFR-7662,6005,Pikes Peak CLO 5 PIPK 2020-5A CR,1.F,"17,125,317","17,100,000","17,119,545","17,119,918","207,510","725,642",exact-cusip-schedule-d-crosswalk,"A Schedule DB Part C cash-instrument CUSIP has an exact identifier match in Athene Schedule D, joining the named replication component to a statutory holding row.","CUSIP identity and Schedule D fields are not proof of Schedule DB settlement, counterparty remittance, liability/product hedge allocation, borrower cash, or Apollo owner cash.","Reconcile the matched Schedule D lot to Schedule DB component values, custody/counterparty, derivative cash settlement, liability hedge purpose, and investment-income receipt."
CFAASDBCSD-0421,CFAASDBPC-0422,479,04687#AJ7,Interest Rate Swap,72583U-AJ-6,PXLY 2024-1A C,1,CFAASDFR-7665,6005,Pixley Park CLO Ltd PXLY 2024-1A C,1.F,"16,390,500","16,500,000","16,446,573","16,294,179","203,937","762,253",exact-cusip-schedule-d-crosswalk,"A Schedule DB Part C cash-instrument CUSIP has an exact identifier match in Athene Schedule D, joining the named replication component to a statutory holding row.","CUSIP identity and Schedule D fields are not proof of Schedule DB settlement, counterparty remittance, liability/product hedge allocation, borrower cash, or Apollo owner cash.","Reconcile the matched Schedule D lot to Schedule DB component values, custody/counterparty, derivative cash settlement, liability hedge purpose, and investment-income receipt."
CFAASDBCSD-0422,CFAASDBPC-0423,479,04687#AJ7,Interest Rate Swap,74988W-AC-4,RRAM 2024-34RA A2AR,1,CFAASDFR-8193,6016,RR 34 LTD RRAM 2024-34RA A2AR,1.C,"21,375,000","21,375,000","21,349,478","21,375,000","259,560","1,201,784",exact-cusip-schedule-d-crosswalk,"A Schedule DB Part C cash-instrument CUSIP has an exact identifier match in Athene Schedule D, joining the named replication component to a statutory holding row.","CUSIP identity and Schedule D fields are not proof of Schedule DB settlement, counterparty remittance, liability/product hedge allocation, borrower cash, or Apollo owner cash.","Reconcile the matched Schedule D lot to Schedule DB component values, custody/counterparty, derivative cash settlement, liability hedge purpose, and investment-income receipt."
CFAASDBCSD-0423,CFAASDBPC-0424,479,04687#AJ7,Interest Rate Swap,74989M-AS-0,RRAM 2023-26A B1R,1,CFAASDFR-8202,6016,RR 26 Ltd RRAM 2023-26A B1R,1.E,"29,750,000","29,750,000","29,670,330","29,750,000","361,259","1,049,182",exact-cusip-schedule-d-crosswalk,"A Schedule DB Part C cash-instrument CUSIP has an exact identifier match in Athene Schedule D, joining the named replication component to a statutory holding row.","CUSIP identity and Schedule D fields are not proof of Schedule DB settlement, counterparty remittance, liability/product hedge allocation, borrower cash, or Apollo owner cash.","Reconcile the matched Schedule D lot to Schedule DB component values, custody/counterparty, derivative cash settlement, liability hedge purpose, and investment-income receipt."
CFAASDBCSD-0424,CFAASDBPC-0425,479,04687#AJ7,Interest Rate Swap,74989M-AU-5,RRAM 2023-26A B2R,1,CFAASDFR-8203,6016,RR 26 Ltd RRAM 2023-26A B2R,1.F,"5,000,000","5,000,000","4,989,155","5,000,000","64,508","186,639",exact-cusip-schedule-d-crosswalk,"A Schedule DB Part C cash-instrument CUSIP has an exact identifier match in Athene Schedule D, joining the named replication component to a statutory holding row.","CUSIP identity and Schedule D fields are not proof of Schedule DB settlement, counterparty remittance, liability/product hedge allocation, borrower cash, or Apollo owner cash.","Reconcile the matched Schedule D lot to Schedule DB component values, custody/counterparty, derivative cash settlement, liability hedge purpose, and investment-income receipt."
CFAASDBCSD-0425,CFAASDBPC-0426,479,04687#AJ7,Interest Rate Swap,75009P-AQ-0,RAD 2021-12A BR,1,CFAASDFR-8236,6017,Rad CLO 12 Ltd RAD 2021-12A BR,1.F,"17,000,000","17,000,000","16,953,352","17,000,000","173,690","274,133",exact-cusip-schedule-d-crosswalk,"A Schedule DB Part C cash-instrument CUSIP has an exact identifier match in Athene Schedule D, joining the named replication component to a statutory holding row.","CUSIP identity and Schedule D fields are not proof of Schedule DB settlement, counterparty remittance, liability/product hedge allocation, borrower cash, or Apollo owner cash.","Reconcile the matched Schedule D lot to Schedule DB component values, custody/counterparty, derivative cash settlement, liability hedge purpose, and investment-income receipt."
CFAASDBCSD-0426,CFAASDBPC-0427,479,04687#AJ7,Interest Rate Swap,750103-AQ-6,RAD 2021-15A BR,1,CFAASDFR-8242,6017,Rad CLO 15 Ltd RAD 2021-15A BR,1.F,"23,000,000","23,000,000","22,921,708","23,000,000","269,780","413,766",exact-cusip-schedule-d-crosswalk,"A Schedule DB Part C cash-instrument CUSIP has an exact identifier match in Athene Schedule D, joining the named replication component to a statutory holding row.","CUSIP identity and Schedule D fields are not proof of Schedule DB settlement, counterparty remittance, liability/product hedge allocation, borrower cash, or Apollo owner cash.","Reconcile the matched Schedule D lot to Schedule DB component values, custody/counterparty, derivative cash settlement, liability hedge purpose, and investment-income receipt."
CFAASDBCSD-0427,CFAASDBPC-0428,479,04687#AJ7,Interest Rate Swap,75010R-AC-4,RAD 2025-29A B,1,CFAASDFR-8245,6017,RAD CLO 29 Ltd RAD 2025-29A B,1.C,"22,000,000","22,000,000","21,958,200","22,000,000","246,898","676,331",exact-cusip-schedule-d-crosswalk,"A Schedule DB Part C cash-instrument CUSIP has an exact identifier match in Athene Schedule D, joining the named replication component to a statutory holding row.","CUSIP identity and Schedule D fields are not proof of Schedule DB settlement, counterparty remittance, liability/product hedge allocation, borrower cash, or Apollo owner cash.","Reconcile the matched Schedule D lot to Schedule DB component values, custody/counterparty, derivative cash settlement, liability hedge purpose, and investment-income receipt."
CFAASDBCSD-0428,CFAASDBPC-0429,479,04687#AJ7,Interest Rate Swap,75010R-AE-0,RAD 2025-29A C,1,CFAASDFR-8246,6017,RAD CLO 29 Ltd RAD 2025-29A C,1.F,"24,000,000","24,000,000","23,919,864","24,000,000","279,076","762,616",exact-cusip-schedule-d-crosswalk,"A Schedule DB Part C cash-instrument CUSIP has an exact identifier match in Athene Schedule D, joining the named replication component to a statutory holding row.","CUSIP identity and Schedule D fields are not proof of Schedule DB settlement, counterparty remittance, liability/product hedge allocation, borrower cash, or Apollo owner cash.","Reconcile the matched Schedule D lot to Schedule DB component values, custody/counterparty, derivative cash settlement, liability hedge purpose, and investment-income receipt."
CFAASDBCSD-0429,CFAASDBPC-0430,479,04687#AJ7,Interest Rate Swap,77341A-AG-8,ROCKT 2025-1A C,1,CFAASDFR-7696,6006,Rockford Tower CLO 2025-1 Ltd ROCKT 2025-1A C,1.F,"8,700,000","8,700,000","8,699,765","8,700,000","109,416","268,938",exact-cusip-schedule-d-crosswalk,"A Schedule DB Part C cash-instrument CUSIP has an exact identifier match in Athene Schedule D, joining the named replication component to a statutory holding row.","CUSIP identity and Schedule D fields are not proof of Schedule DB settlement, counterparty remittance, liability/product hedge allocation, borrower cash, or Apollo owner cash.","Reconcile the matched Schedule D lot to Schedule DB component values, custody/counterparty, derivative cash settlement, liability hedge purpose, and investment-income receipt."
CFAASDBCSD-0430,CFAASDBPC-0431,479,04687#AJ7,Interest Rate Swap,77341K-AG-6,ROCKT 2021-1A C,1,CFAASDFR-7700,6006,Rockford Tower CLO 2021-1 Ltd ROCKT 2021-1A C,1.F,"7,970,167","8,000,000","7,996,600","7,988,569","99,703","537,012",exact-cusip-schedule-d-crosswalk,"A Schedule DB Part C cash-instrument CUSIP has an exact identifier match in Athene Schedule D, joining the named replication component to a statutory holding row.","CUSIP identity and Schedule D fields are not proof of Schedule DB settlement, counterparty remittance, liability/product hedge allocation, borrower cash, or Apollo owner cash.","Reconcile the matched Schedule D lot to Schedule DB component values, custody/counterparty, derivative cash settlement, liability hedge purpose, and investment-income receipt."
CFAASDBCSD-0431,CFAASDBPC-0432,479,04687#AJ7,Interest Rate Swap,77342B-AG-5,ROCKT 2024-1A C,1,CFAASDFR-7705,6006,Rockford Tower CLO 2024-1 Ltd ROCKT 2024-1A C,1.F,"13,075,351","13,000,000","13,047,645","13,034,648","173,573","472,290",exact-cusip-schedule-d-crosswalk,"A Schedule DB Part C cash-instrument CUSIP has an exact identifier match in Athene Schedule D, joining the named replication component to a statutory holding row.","CUSIP identity and Schedule D fields are not proof of Schedule DB settlement, counterparty remittance, liability/product hedge allocation, borrower cash, or Apollo owner cash.","Reconcile the matched Schedule D lot to Schedule DB component values, custody/counterparty, derivative cash settlement, liability hedge purpose, and investment-income receipt."
CFAASDBCSD-0432,CFAASDBPC-0433,479,04687#AJ7,Interest Rate Swap,78110Q-AE-5,RRAM 2024-33A A2,1,CFAASDFR-8254,6017,RR 33 LTD RRAM 2024-33A A2,1.B,"25,000,000","25,000,000","24,954,525","25,000,000","303,579","1,353,565",exact-cusip-schedule-d-crosswalk,"A Schedule DB Part C cash-instrument CUSIP has an exact identifier match in Athene Schedule D, joining the named replication component to a statutory holding row.","CUSIP identity and Schedule D fields are not proof of Schedule DB settlement, counterparty remittance, liability/product hedge allocation, borrower cash, or Apollo owner cash.","Reconcile the matched Schedule D lot to Schedule DB component values, custody/counterparty, derivative cash settlement, liability hedge purpose, and investment-income receipt."
CFAASDBCSD-0433,CFAASDBPC-0434,479,04687#AJ7,Interest Rate Swap,82809V-AE-2,SPCLO 2025-9A B,1,CFAASDFR-7717,6006,Silver Point CLO 9 Ltd SPCLO 2025-9A B,1.C,"25,750,000","25,750,000","25,844,116","25,750,000","934,622",,exact-cusip-schedule-d-crosswalk,"A Schedule DB Part C cash-instrument CUSIP has an exact identifier match in Athene Schedule D, joining the named replication component to a statutory holding row.","CUSIP identity and Schedule D fields are not proof of Schedule DB settlement, counterparty remittance, liability/product hedge allocation, borrower cash, or Apollo owner cash.","Reconcile the matched Schedule D lot to Schedule DB component values, custody/counterparty, derivative cash settlement, liability hedge purpose, and investment-income receipt."
CFAASDBCSD-0434,CFAASDBPC-0435,479,04687#AJ7,Interest Rate Swap,83013T-AE-7,SIXST 2025-28A C,1,CFAASDFR-7724,6006,Sixth Street CLO 28 Ltd SIXST 2025-28A C,1.F,"36,500,000","36,500,000","36,428,716","36,500,000","457,707","1,077,470",exact-cusip-schedule-d-crosswalk,"A Schedule DB Part C cash-instrument CUSIP has an exact identifier match in Athene Schedule D, joining the named replication component to a statutory holding row.","CUSIP identity and Schedule D fields are not proof of Schedule DB settlement, counterparty remittance, liability/product hedge allocation, borrower cash, or Apollo owner cash.","Reconcile the matched Schedule D lot to Schedule DB component values, custody/counterparty, derivative cash settlement, liability hedge purpose, and investment-income receipt."
CFAASDBCSD-0435,CFAASDBPC-0436,479,04687#AJ7,Interest Rate Swap,881936-AC-2,TCIFC 2025-1A B,1,CFAASDFR-7743,6007,Texas Debt Capital CLO 2025-I TCIFC 2025-1A B,1.C,"12,000,000","12,000,000","11,962,548","12,000,000","124,554","425,913",exact-cusip-schedule-d-crosswalk,"A Schedule DB Part C cash-instrument CUSIP has an exact identifier match in Athene Schedule D, joining the named replication component to a statutory holding row.","CUSIP identity and Schedule D fields are not proof of Schedule DB settlement, counterparty remittance, liability/product hedge allocation, borrower cash, or Apollo owner cash.","Reconcile the matched Schedule D lot to Schedule DB component values, custody/counterparty, derivative cash settlement, liability hedge purpose, and investment-income receipt."
CFAASDBCSD-0436,CFAASDBPC-0437,479,04687#AJ7,Interest Rate Swap,88677F-AE-3,TKO 2025-1A C,1,CFAASDFR-7755,6007,Tikehau US CLO VII Ltd TKO 2025-1A C,1.F,"20,785,834","20,800,000","20,758,816","20,783,581","223,384","803,398",exact-cusip-schedule-d-crosswalk,"A Schedule DB Part C cash-instrument CUSIP has an exact identifier match in Athene Schedule D, joining the named replication component to a statutory holding row.","CUSIP identity and Schedule D fields are not proof of Schedule DB settlement, counterparty remittance, liability/product hedge allocation, borrower cash, or Apollo owner cash.","Reconcile the matched Schedule D lot to Schedule DB component values, custody/counterparty, derivative cash settlement, liability hedge purpose, and investment-income receipt."
CFAASDBCSD-0437,CFAASDBPC-0438,479,04687#AJ7,Interest Rate Swap,89531M-AS-1,TREST 2018-2A CR,1,CFAASDFR-7762,6007,TRESTLES CLO II LTD TREST 2018-2A CR,1.E,"8,535,000","8,500,000","8,530,158","8,511,696","97,520","450,236",exact-cusip-schedule-d-crosswalk,"A Schedule DB Part C cash-instrument CUSIP has an exact identifier match in Athene Schedule D, joining the named replication component to a statutory holding row.","CUSIP identity and Schedule D fields are not proof of Schedule DB settlement, counterparty remittance, liability/product hedge allocation, borrower cash, or Apollo owner cash.","Reconcile the matched Schedule D lot to Schedule DB component values, custody/counterparty, derivative cash settlement, liability hedge purpose, and investment-income receipt."
CFAASDBCSD-0438,CFAASDBPC-0439,479,04687#AJ7,Interest Rate Swap,89624U-AG-7,CAVU 2021-2A C,1,CFAASDFR-7764,6007,Trimaran Cavu 2021-2 Ltd CAVU 2021-2A C,1.F,"17,017,027","17,000,000","16,999,099","17,010,268","204,752","770,856",exact-cusip-schedule-d-crosswalk,"A Schedule DB Part C cash-instrument CUSIP has an exact identifier match in Athene Schedule D, joining the named replication component to a statutory holding row.","CUSIP identity and Schedule D fields are not proof of Schedule DB settlement, counterparty remittance, liability/product hedge allocation, borrower cash, or Apollo owner cash.","Reconcile the matched Schedule D lot to Schedule DB component values, custody/counterparty, derivative cash settlement, liability hedge purpose, and investment-income receipt."
CFAASDBCSD-0439,CFAASDBPC-0440,479,04687#AJ7,Interest Rate Swap,92918B-AU-7,VOYA 2019-4A CR,1,CFAASDFR-7784,6008,Voya CLO 2019-4 Ltd VOYA 2019-4A CR,1.F,"7,350,000","7,500,000","7,507,470","7,486,206","106,700","535,735",exact-cusip-schedule-d-crosswalk,"A Schedule DB Part C cash-instrument CUSIP has an exact identifier match in Athene Schedule D, joining the named replication component to a statutory holding row.","CUSIP identity and Schedule D fields are not proof of Schedule DB settlement, counterparty remittance, liability/product hedge allocation, borrower cash, or Apollo owner cash.","Reconcile the matched Schedule D lot to Schedule DB component values, custody/counterparty, derivative cash settlement, liability hedge purpose, and investment-income receipt."
CFAASDBCSD-0440,CFAASDBPC-0441,479,04687#AJ7,Interest Rate Swap,92920T-AG-5,VOYA 2024-6A B1,1,CFAASDFR-7794,6008,Voya CLO 2024-6 Ltd VOYA 2024-6A B1,1.C,"32,000,000","32,000,000","32,038,144","32,000,000","362,368","1,629,114",exact-cusip-schedule-d-crosswalk,"A Schedule DB Part C cash-instrument CUSIP has an exact identifier match in Athene Schedule D, joining the named replication component to a statutory holding row.","CUSIP identity and Schedule D fields are not proof of Schedule DB settlement, counterparty remittance, liability/product hedge allocation, borrower cash, or Apollo owner cash.","Reconcile the matched Schedule D lot to Schedule DB component values, custody/counterparty, derivative cash settlement, liability hedge purpose, and investment-income receipt."
CFAASDBCSD-0441,CFAASDBPC-0442,479,04687#AJ7,Interest Rate Swap,92920T-AJ-9,VOYA 2024-6A C,1,CFAASDFR-7795,6008,Voya CLO 2024-6 Ltd VOYA 2024-6A C,1.F,"24,000,000","24,000,000","23,921,904","24,000,000","281,509","1,262,502",exact-cusip-schedule-d-crosswalk,"A Schedule DB Part C cash-instrument CUSIP has an exact identifier match in Athene Schedule D, joining the named replication component to a statutory holding row.","CUSIP identity and Schedule D fields are not proof of Schedule DB settlement, counterparty remittance, liability/product hedge allocation, borrower cash, or Apollo owner cash.","Reconcile the matched Schedule D lot to Schedule DB component values, custody/counterparty, derivative cash settlement, liability hedge purpose, and investment-income receipt."
CFAASDBCSD-0442,CFAASDBPC-0443,480,04687#AJ7,Interest Rate Swap,97816W-AE-9,WONPK 2025-1A C,1,CFAASDFR-7812,6008,Wonder Lake Park CLO Ltd WONPK 2025-1A C,1.E,"19,950,000","19,950,000","19,848,514","19,950,000","528,582",,exact-cusip-schedule-d-crosswalk,"A Schedule DB Part C cash-instrument CUSIP has an exact identifier match in Athene Schedule D, joining the named replication component to a statutory holding row.","CUSIP identity and Schedule D fields are not proof of Schedule DB settlement, counterparty remittance, liability/product hedge allocation, borrower cash, or Apollo owner cash.","Reconcile the matched Schedule D lot to Schedule DB component values, custody/counterparty, derivative cash settlement, liability hedge purpose, and investment-income receipt."
CFAASDBCSD-0443,CFAASDBPC-0444,480,04687#AJ7,Interest Rate Swap,97988F-AQ-1,WDMNT 2022-10A A2R,1,CFAASDFR-8071,6013,Woodmont 2022-10 Trust WDMNT 2022-10A A2R,1.A,"9,500,000","9,500,000","9,351,639","9,500,000","114,331","354,471",exact-cusip-schedule-d-crosswalk,"A Schedule DB Part C cash-instrument CUSIP has an exact identifier match in Athene Schedule D, joining the named replication component to a statutory holding row.","CUSIP identity and Schedule D fields are not proof of Schedule DB settlement, counterparty remittance, liability/product hedge allocation, borrower cash, or Apollo owner cash.","Reconcile the matched Schedule D lot to Schedule DB component values, custody/counterparty, derivative cash settlement, liability hedge purpose, and investment-income receipt."
CFAASDBCSD-0444,CFAASDBPC-0445,480,04687#AJ7,Interest Rate Swap,979926-AU-6,WDMNT 2023-12A CR,1,CFAASDFR-8269,6017,Woodmont 2023-12 Trust WDMNT 2023-12A CR,1.F,"49,000,000","49,000,000","48,746,229","49,000,000","557,684","3,439,462",exact-cusip-schedule-d-crosswalk,"A Schedule DB Part C cash-instrument CUSIP has an exact identifier match in Athene Schedule D, joining the named replication component to a statutory holding row.","CUSIP identity and Schedule D fields are not proof of Schedule DB settlement, counterparty remittance, liability/product hedge allocation, borrower cash, or Apollo owner cash.","Reconcile the matched Schedule D lot to Schedule DB component values, custody/counterparty, derivative cash settlement, liability hedge purpose, and investment-income receipt."
CFAASDBCSD-0445,CFAASDBPC-0446,480,04687#AJ7,Interest Rate Swap,979926-AW-2,WDMNT 2023-12A DR,1,CFAASDFR-8270,6017,Woodmont 2023-12 Trust WDMNT 2023-12A DR,2.C,"25,500,000","25,500,000","25,384,689","25,500,000","365,023","2,214,924",exact-cusip-schedule-d-crosswalk,"A Schedule DB Part C cash-instrument CUSIP has an exact identifier match in Athene Schedule D, joining the named replication component to a statutory holding row.","CUSIP identity and Schedule D fields are not proof of Schedule DB settlement, counterparty remittance, liability/product hedge allocation, borrower cash, or Apollo owner cash.","Reconcile the matched Schedule D lot to Schedule DB component values, custody/counterparty, derivative cash settlement, liability hedge purpose, and investment-income receipt."
CFAASDBCSD-0446,CFAASDBPC-0447,480,04687#AL2,Interest Rate Swap,00024D-AL-7,AAIF 2024-1A A1D,1,CFAASDFR-8037,6013,AA Infrastructure Fund 2 LLC AAIF 2024-1A A1D,1.A,"354,250,000","354,250,000","354,604,250","354,250,000","4,416,849","5,583,517",exact-cusip-schedule-d-crosswalk,"A Schedule DB Part C cash-instrument CUSIP has an exact identifier match in Athene Schedule D, joining the named replication component to a statutory holding row.","CUSIP identity and Schedule D fields are not proof of Schedule DB settlement, counterparty remittance, liability/product hedge allocation, borrower cash, or Apollo owner cash.","Reconcile the matched Schedule D lot to Schedule DB component values, custody/counterparty, derivative cash settlement, liability hedge purpose, and investment-income receipt."
CFAASDBCSD-0447,CFAASDBPC-0448,480,04687#AL2,Interest Rate Swap,00024D-AQ-6,AAIF 2024-1A BD,1,CFAASDFR-8039,6013,AA Infrastructure Fund 2 LLC AAIF 2024-1A BD,1.F,"39,000,000","39,000,000","39,039,000","39,000,000","570,759","714,366",exact-cusip-schedule-d-crosswalk,"A Schedule DB Part C cash-instrument CUSIP has an exact identifier match in Athene Schedule D, joining the named replication component to a statutory holding row.","CUSIP identity and Schedule D fields are not proof of Schedule DB settlement, counterparty remittance, liability/product hedge allocation, borrower cash, or Apollo owner cash.","Reconcile the matched Schedule D lot to Schedule DB component values, custody/counterparty, derivative cash settlement, liability hedge purpose, and investment-income receipt."
CFAASDBCSD-0448,CFAASDBPC-0449,480,04687#AL2,Interest Rate Swap,00092P-AJ-2,AIMCO 2025-24A C,1,CFAASDFR-7002,5992,AIMCO CLO 24 Ltd AIMCO 2025-24A C,1.F,"17,550,000","17,550,000","17,487,627","17,550,000","627,199",,exact-cusip-schedule-d-crosswalk,"A Schedule DB Part C cash-instrument CUSIP has an exact identifier match in Athene Schedule D, joining the named replication component to a statutory holding row.","CUSIP identity and Schedule D fields are not proof of Schedule DB settlement, counterparty remittance, liability/product hedge allocation, borrower cash, or Apollo owner cash.","Reconcile the matched Schedule D lot to Schedule DB component values, custody/counterparty, derivative cash settlement, liability hedge purpose, and investment-income receipt."
CFAASDBCSD-0449,CFAASDBPC-0450,480,04687#AL2,Interest Rate Swap,00092P-AL-7,AIMCO 2025-24A D,1,CFAASDFR-7003,5992,AIMCO CLO 24 Ltd AIMCO 2025-24A D,2.C,"23,450,000","23,450,000","23,441,558","23,450,000","970,936",,exact-cusip-schedule-d-crosswalk,"A Schedule DB Part C cash-instrument CUSIP has an exact identifier match in Athene Schedule D, joining the named replication component to a statutory holding row.","CUSIP identity and Schedule D fields are not proof of Schedule DB settlement, counterparty remittance, liability/product hedge allocation, borrower cash, or Apollo owner cash.","Reconcile the matched Schedule D lot to Schedule DB component values, custody/counterparty, derivative cash settlement, liability hedge purpose, and investment-income receipt."
CFAASDBCSD-0450,CFAASDBPC-0451,480,04687#AL2,Interest Rate Swap,00112C-AC-2,ABPCI 2024-19A A2,1,CFAASDFR-6577,5983,ABPCI Direct Lending Fund CLO ABPCI 2024-19A A2,1.A,"23,000,000","23,000,000","22,781,868","23,000,000","226,943","1,463,039",exact-cusip-schedule-d-crosswalk,"A Schedule DB Part C cash-instrument CUSIP has an exact identifier match in Athene Schedule D, joining the named replication component to a statutory holding row.","CUSIP identity and Schedule D fields are not proof of Schedule DB settlement, counterparty remittance, liability/product hedge allocation, borrower cash, or Apollo owner cash.","Reconcile the matched Schedule D lot to Schedule DB component values, custody/counterparty, derivative cash settlement, liability hedge purpose, and investment-income receipt."
CFAASDBCSD-0451,CFAASDBPC-0452,480,04687#AL2,Interest Rate Swap,00112C-AE-8,ABPCI 2024-19A B,1,CFAASDFR-6578,5983,ABPCI Direct Lending Fund CLO ABPCI 2024-19A B,1.C,"28,000,000","28,000,000","27,724,816","28,000,000","281,178","1,809,946",exact-cusip-schedule-d-crosswalk,"A Schedule DB Part C cash-instrument CUSIP has an exact identifier match in Athene Schedule D, joining the named replication component to a statutory holding row.","CUSIP identity and Schedule D fields are not proof of Schedule DB settlement, counterparty remittance, liability/product hedge allocation, borrower cash, or Apollo owner cash.","Reconcile the matched Schedule D lot to Schedule DB component values, custody/counterparty, derivative cash settlement, liability hedge purpose, and investment-income receipt."
CFAASDBCSD-0452,CFAASDBPC-0453,480,04687#AL2,Interest Rate Swap,00122J-AJ-0,AGL 2025-40A D1,1,CFAASDFR-7033,5993,AGL Clo 40 Ltd AGL 2025-40A D1,2.C,"21,250,000","21,250,000","21,277,498","21,250,000","283,199","707,703",exact-cusip-schedule-d-crosswalk,"A Schedule DB Part C cash-instrument CUSIP has an exact identifier match in Athene Schedule D, joining the named replication component to a statutory holding row.","CUSIP identity and Schedule D fields are not proof of Schedule DB settlement, counterparty remittance, liability/product hedge allocation, borrower cash, or Apollo owner cash.","Reconcile the matched Schedule D lot to Schedule DB component values, custody/counterparty, derivative cash settlement, liability hedge purpose, and investment-income receipt."
CFAASDBCSD-0453,CFAASDBPC-0454,480,04687#AL2,Interest Rate Swap,03664X-AE-8,ANTR 2024-6A B,1,CFAASDFR-7089,5994,Antares CLO 2024-6 Ltd ANTR 2024-6A B,1.C,"74,030,332","74,000,000","73,303,142","74,000,000","860,485","2,899,803",exact-cusip-schedule-d-crosswalk,"A Schedule DB Part C cash-instrument CUSIP has an exact identifier match in Athene Schedule D, joining the named replication component to a statutory holding row.","CUSIP identity and Schedule D fields are not proof of Schedule DB settlement, counterparty remittance, liability/product hedge allocation, borrower cash, or Apollo owner cash.","Reconcile the matched Schedule D lot to Schedule DB component values, custody/counterparty, derivative cash settlement, liability hedge purpose, and investment-income receipt."
CFAASDBCSD-0454,CFAASDBPC-0455,480,04687#AL2,Interest Rate Swap,03665M-AL-5,ANTR 2018-1A A2R,1,CFAASDFR-7102,5994,Antares CLO 2018-1 Ltd ANTR 2018-1A A2R,1.A,"16,800,000","16,800,000","16,504,656","16,800,000","186,837","608,649",exact-cusip-schedule-d-crosswalk,"A Schedule DB Part C cash-instrument CUSIP has an exact identifier match in Athene Schedule D, joining the named replication component to a statutory holding row.","CUSIP identity and Schedule D fields are not proof of Schedule DB settlement, counterparty remittance, liability/product hedge allocation, borrower cash, or Apollo owner cash.","Reconcile the matched Schedule D lot to Schedule DB component values, custody/counterparty, derivative cash settlement, liability hedge purpose, and investment-income receipt."
CFAASDBCSD-0455,CFAASDBPC-0456,480,04687#AL2,Interest Rate Swap,03665M-AN-1,ANTR 2018-1A BR,1,CFAASDFR-7103,5994,Antares CLO 2018-1 Ltd ANTR 2018-1A BR,1.C,"47,500,000","47,500,000","47,469,410","47,500,000","537,890","1,750,042",exact-cusip-schedule-d-crosswalk,"A Schedule DB Part C cash-instrument CUSIP has an exact identifier match in Athene Schedule D, joining the named replication component to a statutory holding row.","CUSIP identity and Schedule D fields are not proof of Schedule DB settlement, counterparty remittance, liability/product hedge allocation, borrower cash, or Apollo owner cash.","Reconcile the matched Schedule D lot to Schedule DB component values, custody/counterparty, derivative cash settlement, liability hedge purpose, and investment-income receipt."
CFAASDBCSD-0456,CFAASDBPC-0457,480,04687#AL2,Interest Rate Swap,03990K-AJ-0,ARES 2025-77A D1,1,CFAASDFR-7128,5995,Ares LXXVII CLO Ltd ARES 2025-77A D1,2.C,"22,000,000","22,000,000","22,069,058","22,000,000","746,655",,exact-cusip-schedule-d-crosswalk,"A Schedule DB Part C cash-instrument CUSIP has an exact identifier match in Athene Schedule D, joining the named replication component to a statutory holding row.","CUSIP identity and Schedule D fields are not proof of Schedule DB settlement, counterparty remittance, liability/product hedge allocation, borrower cash, or Apollo owner cash.","Reconcile the matched Schedule D lot to Schedule DB component values, custody/counterparty, derivative cash settlement, liability hedge purpose, and investment-income receipt."
CFAASDBCSD-0457,CFAASDBPC-0458,480,04687#AL2,Interest Rate Swap,05071U-AG-1,AUDAX 2025-12A B,1,CFAASDFR-7151,5995,Audax Senior Debt CLO 12 LLC AUDAX 2025-12A B,1.C,"15,400,000","15,400,000","15,156,172","15,400,000","170,308","531,553",exact-cusip-schedule-d-crosswalk,"A Schedule DB Part C cash-instrument CUSIP has an exact identifier match in Athene Schedule D, joining the named replication component to a statutory holding row.","CUSIP identity and Schedule D fields are not proof of Schedule DB settlement, counterparty remittance, liability/product hedge allocation, borrower cash, or Apollo owner cash.","Reconcile the matched Schedule D lot to Schedule DB component values, custody/counterparty, derivative cash settlement, liability hedge purpose, and investment-income receipt."
CFAASDBCSD-0458,CFAASDBPC-0459,480,04687#AL2,Interest Rate Swap,05071U-AJ-5,AUDAX 2025-12A C,1,CFAASDFR-7152,5995,Audax Senior Debt CLO 12 LLC AUDAX 2025-12A C,1.F,"13,350,000","13,350,000","13,127,723","13,350,000","156,852","488,050",exact-cusip-schedule-d-crosswalk,"A Schedule DB Part C cash-instrument CUSIP has an exact identifier match in Athene Schedule D, joining the named replication component to a statutory holding row.","CUSIP identity and Schedule D fields are not proof of Schedule DB settlement, counterparty remittance, liability/product hedge allocation, borrower cash, or Apollo owner cash.","Reconcile the matched Schedule D lot to Schedule DB component values, custody/counterparty, derivative cash settlement, liability hedge purpose, and investment-income receipt."
CFAASDBCSD-0459,CFAASDBPC-0460,480,04687#AL2,Interest Rate Swap,050922-AA-1,AUDAX 2024-11A A1,1,CFAASDFR-6590,5983,Audax Senior Debt CLO 11 LLC AUDAX 2024-11A A1,1.A,"69,999,916","70,000,000","69,741,420","70,000,000","764,462","4,710,737",exact-cusip-schedule-d-crosswalk,"A Schedule DB Part C cash-instrument CUSIP has an exact identifier match in Athene Schedule D, joining the named replication component to a statutory holding row.","CUSIP identity and Schedule D fields are not proof of Schedule DB settlement, counterparty remittance, liability/product hedge allocation, borrower cash, or Apollo owner cash.","Reconcile the matched Schedule D lot to Schedule DB component values, custody/counterparty, derivative cash settlement, liability hedge purpose, and investment-income receipt."
CFAASDBCSD-0460,CFAASDBPC-0461,480,04687#AL2,Interest Rate Swap,05555J-AJ-5,BBAM 2024-4A C,1,CFAASDFR-7166,5995,Bbam US Clo IV Ltd BBAM 2024-4A C,2.B,"12,500,000","12,500,000","12,514,825","12,500,000","192,415","1,283,695",exact-cusip-schedule-d-crosswalk,"A Schedule DB Part C cash-instrument CUSIP has an exact identifier match in Athene Schedule D, joining the named replication component to a statutory holding row.","CUSIP identity and Schedule D fields are not proof of Schedule DB settlement, counterparty remittance, liability/product hedge allocation, borrower cash, or Apollo owner cash.","Reconcile the matched Schedule D lot to Schedule DB component values, custody/counterparty, derivative cash settlement, liability hedge purpose, and investment-income receipt."
CFAASDBCSD-0461,CFAASDBPC-0462,480,04687#AL2,Interest Rate Swap,06764L-AE-6,BABSN 2025-2A D1,1,CFAASDFR-7182,5996,Barings CLO Ltd 2025-II BABSN 2025-2A D1,2.C,"19,000,000","19,000,000","18,993,825","19,000,000","690,932",,exact-cusip-schedule-d-crosswalk,"A Schedule DB Part C cash-instrument CUSIP has an exact identifier match in Athene Schedule D, joining the named replication component to a statutory holding row.","CUSIP identity and Schedule D fields are not proof of Schedule DB settlement, counterparty remittance, liability/product hedge allocation, borrower cash, or Apollo owner cash.","Reconcile the matched Schedule D lot to Schedule DB component values, custody/counterparty, derivative cash settlement, liability hedge purpose, and investment-income receipt."
CFAASDBCSD-0462,CFAASDBPC-0463,480,04687#AL2,Interest Rate Swap,10805Y-AN-1,BRDGS 2020-1A A2R,1,CFAASDFR-7192,5996,Bridge Street CLO I Ltd BRDGS 2020-1A A2R,1.C,"32,261,639","32,100,000","32,154,442","32,100,000","379,773","2,053,622",exact-cusip-schedule-d-crosswalk,"A Schedule DB Part C cash-instrument CUSIP has an exact identifier match in Athene Schedule D, joining the named replication component to a statutory holding row.","CUSIP identity and Schedule D fields are not proof of Schedule DB settlement, counterparty remittance, liability/product hedge allocation, borrower cash, or Apollo owner cash.","Reconcile the matched Schedule D lot to Schedule DB component values, custody/counterparty, derivative cash settlement, liability hedge purpose, and investment-income receipt."
CFAASDBCSD-0463,CFAASDBPC-0464,480,04687#AL2,Interest Rate Swap,14319P-AJ-0,CGMS 2024-6A D1,1,CFAASDFR-7250,5997,Carlyle US CLO 2024-6 Ltd CGMS 2024-6A D1,2.C,"33,145,250","33,000,000","33,081,642","33,114,757","414,908","1,034,701",exact-cusip-schedule-d-crosswalk,"A Schedule DB Part C cash-instrument CUSIP has an exact identifier match in Athene Schedule D, joining the named replication component to a statutory holding row.","CUSIP identity and Schedule D fields are not proof of Schedule DB settlement, counterparty remittance, liability/product hedge allocation, borrower cash, or Apollo owner cash.","Reconcile the matched Schedule D lot to Schedule DB component values, custody/counterparty, derivative cash settlement, liability hedge purpose, and investment-income receipt."
CFAASDBCSD-0464,CFAASDBPC-0465,480,04687#AL2,Interest Rate Swap,25255D-AS-9,DCLO 2021-1A CR,1,CFAASDFR-7288,5998,Diameter Capital Clo 1 Ltd DCLO 2021-1A CR,2.C,"15,000,000","15,000,000","14,971,440","15,000,000","227,648","1,108,326",exact-cusip-schedule-d-crosswalk,"A Schedule DB Part C cash-instrument CUSIP has an exact identifier match in Athene Schedule D, joining the named replication component to a statutory holding row.","CUSIP identity and Schedule D fields are not proof of Schedule DB settlement, counterparty remittance, liability/product hedge allocation, borrower cash, or Apollo owner cash.","Reconcile the matched Schedule D lot to Schedule DB component values, custody/counterparty, derivative cash settlement, liability hedge purpose, and investment-income receipt."
CFAASDBCSD-0465,CFAASDBPC-0466,480,04687#AL2,Interest Rate Swap,29001M-AG-4,ELM34 2024-10A C,1,CFAASDFR-7337,5999,Elmwood CLO 34 Ltd ELM34 2024-10A C,1.F,"20,028,260","20,000,000","19,936,980","20,013,672","246,224","1,155,215",exact-cusip-schedule-d-crosswalk,"A Schedule DB Part C cash-instrument CUSIP has an exact identifier match in Athene Schedule D, joining the named replication component to a statutory holding row.","CUSIP identity and Schedule D fields are not proof of Schedule DB settlement, counterparty remittance, liability/product hedge allocation, borrower cash, or Apollo owner cash.","Reconcile the matched Schedule D lot to Schedule DB component values, custody/counterparty, derivative cash settlement, liability hedge purpose, and investment-income receipt."
CFAASDBCSD-0466,CFAASDBPC-0467,480,04687#AL2,Interest Rate Swap,29001M-AJ-8,ELM34 2024-10A D1,1,CFAASDFR-7338,5999,Elmwood CLO 34 Ltd ELM34 2024-10A D1,2.C,"27,000,000","27,000,000","26,981,586","27,000,000","389,403","1,806,588",exact-cusip-schedule-d-crosswalk,"A Schedule DB Part C cash-instrument CUSIP has an exact identifier match in Athene Schedule D, joining the named replication component to a statutory holding row.","CUSIP identity and Schedule D fields are not proof of Schedule DB settlement, counterparty remittance, liability/product hedge allocation, borrower cash, or Apollo owner cash.","Reconcile the matched Schedule D lot to Schedule DB component values, custody/counterparty, derivative cash settlement, liability hedge purpose, and investment-income receipt."
CFAASDBCSD-0467,CFAASDBPC-0468,480,04687#AL2,Interest Rate Swap,29005B-AG-4,ELM41 2025-4A D,1,CFAASDFR-7348,5999,Elmwood CLO 41 Ltd ELM41 2025-4A D,2.C,"12,675,000","12,675,000","12,670,222","12,675,000","569,641",,exact-cusip-schedule-d-crosswalk,"A Schedule DB Part C cash-instrument CUSIP has an exact identifier match in Athene Schedule D, joining the named replication component to a statutory holding row.","CUSIP identity and Schedule D fields are not proof of Schedule DB settlement, counterparty remittance, liability/product hedge allocation, borrower cash, or Apollo owner cash.","Reconcile the matched Schedule D lot to Schedule DB component values, custody/counterparty, derivative cash settlement, liability hedge purpose, and investment-income receipt."
CFAASDBCSD-0468,CFAASDBPC-0469,480,04687#AL2,Interest Rate Swap,46603P-AS-7,IVYH 18A CR,1,CFAASDFR-7456,6001,Ivy Hill Middle Market Credit IVYH 18A CR,1.F,"13,500,000","13,500,000","13,425,359","13,500,000","163,939","838,387",exact-cusip-schedule-d-crosswalk,"A Schedule DB Part C cash-instrument CUSIP has an exact identifier match in Athene Schedule D, joining the named replication component to a statutory holding row.","CUSIP identity and Schedule D fields are not proof of Schedule DB settlement, counterparty remittance, liability/product hedge allocation, borrower cash, or Apollo owner cash.","Reconcile the matched Schedule D lot to Schedule DB component values, custody/counterparty, derivative cash settlement, liability hedge purpose, and investment-income receipt."
CFAASDBCSD-0469,CFAASDBPC-0470,480,04687#AL2,Interest Rate Swap,48190D-AG-5,KKR 2024-47A D1,1,CFAASDFR-7462,6001,KKR CLO 47 Ltd KKR 2024-47A D1,2.C,"9,000,000","9,000,000","8,999,649","9,000,000","137,564","564,561",exact-cusip-schedule-d-crosswalk,"A Schedule DB Part C cash-instrument CUSIP has an exact identifier match in Athene Schedule D, joining the named replication component to a statutory holding row.","CUSIP identity and Schedule D fields are not proof of Schedule DB settlement, counterparty remittance, liability/product hedge allocation, borrower cash, or Apollo owner cash.","Reconcile the matched Schedule D lot to Schedule DB component values, custody/counterparty, derivative cash settlement, liability hedge purpose, and investment-income receipt."
CFAASDBCSD-0470,CFAASDBPC-0471,480,04687#AL2,Interest Rate Swap,527911-AJ-0,LEWEY 2024-1A C,1,CFAASDFR-7497,6002,Lewey Park CLO Ltd LEWEY 2024-1A C,1.F,"8,500,000","8,500,000","8,473,064","8,500,000","98,939","508,568",exact-cusip-schedule-d-crosswalk,"A Schedule DB Part C cash-instrument CUSIP has an exact identifier match in Athene Schedule D, joining the named replication component to a statutory holding row.","CUSIP identity and Schedule D fields are not proof of Schedule DB settlement, counterparty remittance, liability/product hedge allocation, borrower cash, or Apollo owner cash.","Reconcile the matched Schedule D lot to Schedule DB component values, custody/counterparty, derivative cash settlement, liability hedge purpose, and investment-income receipt."
CFAASDBCSD-0471,CFAASDBPC-0472,481,04687#AL2,Interest Rate Swap,67098U-BE-4,OAKC 2020-6A CR2,1,CFAASDFR-7545,6003,OHA Credit Funding 6 Ltd OAKC 2020-6A CR2,1.F,"15,500,000","15,500,000","15,450,803","15,500,000","180,237","944,430",exact-cusip-schedule-d-crosswalk,"A Schedule DB Part C cash-instrument CUSIP has an exact identifier match in Athene Schedule D, joining the named replication component to a statutory holding row.","CUSIP identity and Schedule D fields are not proof of Schedule DB settlement, counterparty remittance, liability/product hedge allocation, borrower cash, or Apollo owner cash.","Reconcile the matched Schedule D lot to Schedule DB component values, custody/counterparty, derivative cash settlement, liability hedge purpose, and investment-income receipt."
CFAASDBCSD-0472,CFAASDBPC-0473,481,04687#AL2,Interest Rate Swap,67120A-AJ-0,OCP 2024-37A C,1,CFAASDFR-7563,6003,OCP CLO 2024-37 Ltd OCP 2024-37A C,1.F,"18,500,000","18,500,000","18,441,041","18,500,000","232,665","1,071,464",exact-cusip-schedule-d-crosswalk,"A Schedule DB Part C cash-instrument CUSIP has an exact identifier match in Athene Schedule D, joining the named replication component to a statutory holding row.","CUSIP identity and Schedule D fields are not proof of Schedule DB settlement, counterparty remittance, liability/product hedge allocation, borrower cash, or Apollo owner cash.","Reconcile the matched Schedule D lot to Schedule DB component values, custody/counterparty, derivative cash settlement, liability hedge purpose, and investment-income receipt."
CFAASDBCSD-0473,CFAASDBPC-0474,481,04687#AL2,Interest Rate Swap,67120M-AE-5,OHACP 2024-17A B1,1,CFAASDFR-7565,6003,OHA Credit Partners XVII Ltd OHACP 2024-17A B1,1.C,"28,500,000","28,500,000","28,449,156","28,500,000","319,845","1,508,560",exact-cusip-schedule-d-crosswalk,"A Schedule DB Part C cash-instrument CUSIP has an exact identifier match in Athene Schedule D, joining the named replication component to a statutory holding row.","CUSIP identity and Schedule D fields are not proof of Schedule DB settlement, counterparty remittance, liability/product hedge allocation, borrower cash, or Apollo owner cash.","Reconcile the matched Schedule D lot to Schedule DB component values, custody/counterparty, derivative cash settlement, liability hedge purpose, and investment-income receipt."
CFAASDBCSD-0474,CFAASDBPC-0475,481,04687#AL2,Interest Rate Swap,67120M-AL-9,OHACP 2024-17A D1,1,CFAASDFR-7567,6003,OHA Credit Partners XVII Ltd OHACP 2024-17A D1,2.C,"17,000,000","17,000,000","16,988,372","17,000,000","232,151","1,080,043",exact-cusip-schedule-d-crosswalk,"A Schedule DB Part C cash-instrument CUSIP has an exact identifier match in Athene Schedule D, joining the named replication component to a statutory holding row.","CUSIP identity and Schedule D fields are not proof of Schedule DB settlement, counterparty remittance, liability/product hedge allocation, borrower cash, or Apollo owner cash.","Reconcile the matched Schedule D lot to Schedule DB component values, custody/counterparty, derivative cash settlement, liability hedge purpose, and investment-income receipt."
CFAASDBCSD-0475,CFAASDBPC-0476,481,04687#AL2,Interest Rate Swap,674436-AJ-9,OBRAC 2025-2A D1,1,CFAASDFR-7571,6003,Obra CLO 2 Ltd OBRAC 2025-2A D1,2.C,"15,625,000","15,625,000","15,538,281","15,625,000","591,899",,exact-cusip-schedule-d-crosswalk,"A Schedule DB Part C cash-instrument CUSIP has an exact identifier match in Athene Schedule D, joining the named replication component to a statutory holding row.","CUSIP identity and Schedule D fields are not proof of Schedule DB settlement, counterparty remittance, liability/product hedge allocation, borrower cash, or Apollo owner cash.","Reconcile the matched Schedule D lot to Schedule DB component values, custody/counterparty, derivative cash settlement, liability hedge purpose, and investment-income receipt."
CFAASDBCSD-0476,CFAASDBPC-0477,481,04687#AL2,Interest Rate Swap,67690A-AY-7,OAKC 2021-9A D1R,1,CFAASDFR-7600,6004,OHA Credit Funding 9 Ltd OAKC 2021-9A D1R,2.C,"17,963,820","18,000,000","18,044,730","17,962,346","251,282","837,987",exact-cusip-schedule-d-crosswalk,"A Schedule DB Part C cash-instrument CUSIP has an exact identifier match in Athene Schedule D, joining the named replication component to a statutory holding row.","CUSIP identity and Schedule D fields are not proof of Schedule DB settlement, counterparty remittance, liability/product hedge allocation, borrower cash, or Apollo owner cash.","Reconcile the matched Schedule D lot to Schedule DB component values, custody/counterparty, derivative cash settlement, liability hedge purpose, and investment-income receipt."
CFAASDBCSD-0477,CFAASDBPC-0478,481,04687#AL2,Interest Rate Swap,68626J-AC-3,ANTOR 2024-4A B,1,CFAASDFR-7609,6004,Orion CLO 2024-4 LTD ANTOR 2024-4A B,1.C,"11,000,000","11,000,000","11,012,507","11,000,000","125,679","590,219",exact-cusip-schedule-d-crosswalk,"A Schedule DB Part C cash-instrument CUSIP has an exact identifier match in Athene Schedule D, joining the named replication component to a statutory holding row.","CUSIP identity and Schedule D fields are not proof of Schedule DB settlement, counterparty remittance, liability/product hedge allocation, borrower cash, or Apollo owner cash.","Reconcile the matched Schedule D lot to Schedule DB component values, custody/counterparty, derivative cash settlement, liability hedge purpose, and investment-income receipt."
CFAASDBCSD-0478,CFAASDBPC-0479,481,04687#AL2,Interest Rate Swap,68626J-AG-4,ANTOR 2024-4A D1,1,CFAASDFR-7611,6004,Orion CLO 2024-4 LTD ANTOR 2024-4A D1,2.C,"11,000,000","11,000,000","10,999,461","11,000,000","154,677","716,536",exact-cusip-schedule-d-crosswalk,"A Schedule DB Part C cash-instrument CUSIP has an exact identifier match in Athene Schedule D, joining the named replication component to a statutory holding row.","CUSIP identity and Schedule D fields are not proof of Schedule DB settlement, counterparty remittance, liability/product hedge allocation, borrower cash, or Apollo owner cash.","Reconcile the matched Schedule D lot to Schedule DB component values, custody/counterparty, derivative cash settlement, liability hedge purpose, and investment-income receipt."
CFAASDBCSD-0479,CFAASDBPC-0480,481,04687#AL2,Interest Rate Swap,68627C-AG-8,ANTOR 2025-5A D1,1,CFAASDFR-7614,6004,Orion CLO 2025-5 Ltd ANTOR 2025-5A D1,2.C,"20,000,000","20,000,000","19,999,020","20,000,000","281,230","451,281",exact-cusip-schedule-d-crosswalk,"A Schedule DB Part C cash-instrument CUSIP has an exact identifier match in Athene Schedule D, joining the named replication component to a statutory holding row.","CUSIP identity and Schedule D fields are not proof of Schedule DB settlement, counterparty remittance, liability/product hedge allocation, borrower cash, or Apollo owner cash.","Reconcile the matched Schedule D lot to Schedule DB component values, custody/counterparty, derivative cash settlement, liability hedge purpose, and investment-income receipt."
CFAASDBCSD-0480,CFAASDBPC-0481,481,04687#AL2,Interest Rate Swap,70019H-AG-9,PKBLU 2025-7A C,1,CFAASDFR-7641,6005,Park Blue CLO 2025-VII Ltd PKBLU 2025-7A C,1.F,"20,500,000","20,500,000","20,431,653","20,500,000","216,404","682,848",exact-cusip-schedule-d-crosswalk,"A Schedule DB Part C cash-instrument CUSIP has an exact identifier match in Athene Schedule D, joining the named replication component to a statutory holding row.","CUSIP identity and Schedule D fields are not proof of Schedule DB settlement, counterparty remittance, liability/product hedge allocation, borrower cash, or Apollo owner cash.","Reconcile the matched Schedule D lot to Schedule DB component values, custody/counterparty, derivative cash settlement, liability hedge purpose, and investment-income receipt."
CFAASDBCSD-0481,CFAASDBPC-0482,481,04687#AL2,Interest Rate Swap,72132E-AJ-8,PIPK 2024-16A D1,1,CFAASDFR-7648,6005,Pikes Peak Clo 16 Ltd PIPK 2024-16A D1,2.C,"19,172,194","19,000,000","19,034,181","19,096,625","245,853","2,003,720",exact-cusip-schedule-d-crosswalk,"A Schedule DB Part C cash-instrument CUSIP has an exact identifier match in Athene Schedule D, joining the named replication component to a statutory holding row.","CUSIP identity and Schedule D fields are not proof of Schedule DB settlement, counterparty remittance, liability/product hedge allocation, borrower cash, or Apollo owner cash.","Reconcile the matched Schedule D lot to Schedule DB component values, custody/counterparty, derivative cash settlement, liability hedge purpose, and investment-income receipt."
CFAASDBCSD-0482,CFAASDBPC-0483,481,04687#AL2,Interest Rate Swap,749979-AS-9,RAD 2023-20A C1R,1,CFAASDFR-8218,6016,Rad CLO 20 Ltd RAD 2023-20A C1R,2.C,"18,500,000","18,500,000","18,499,149","18,500,000","252,635","335,554",exact-cusip-schedule-d-crosswalk,"A Schedule DB Part C cash-instrument CUSIP has an exact identifier match in Athene Schedule D, joining the named replication component to a statutory holding row.","CUSIP identity and Schedule D fields are not proof of Schedule DB settlement, counterparty remittance, liability/product hedge allocation, borrower cash, or Apollo owner cash.","Reconcile the matched Schedule D lot to Schedule DB component values, custody/counterparty, derivative cash settlement, liability hedge purpose, and investment-income receipt."
CFAASDBCSD-0483,CFAASDBPC-0484,481,04687#AL2,Interest Rate Swap,750103-AS-2,RAD 2021-15A C1R,1,CFAASDFR-8243,6017,Rad CLO 15 Ltd RAD 2021-15A C1R,2.B,"16,400,000","16,400,000","16,399,246","16,400,000","223,958","340,042",exact-cusip-schedule-d-crosswalk,"A Schedule DB Part C cash-instrument CUSIP has an exact identifier match in Athene Schedule D, joining the named replication component to a statutory holding row.","CUSIP identity and Schedule D fields are not proof of Schedule DB settlement, counterparty remittance, liability/product hedge allocation, borrower cash, or Apollo owner cash.","Reconcile the matched Schedule D lot to Schedule DB component values, custody/counterparty, derivative cash settlement, liability hedge purpose, and investment-income receipt."
CFAASDBCSD-0484,CFAASDBPC-0485,481,04687#AL2,Interest Rate Swap,75884A-AJ-9,REG32 2025-4A D1,1,CFAASDFR-7685,6006,Regatta 32 Funding Ltd REG32 2025-4A D1,2.C,"16,780,000","16,780,000","16,709,390","16,780,000","620,168",,exact-cusip-schedule-d-crosswalk,"A Schedule DB Part C cash-instrument CUSIP has an exact identifier match in Athene Schedule D, joining the named replication component to a statutory holding row.","CUSIP identity and Schedule D fields are not proof of Schedule DB settlement, counterparty remittance, liability/product hedge allocation, borrower cash, or Apollo owner cash.","Reconcile the matched Schedule D lot to Schedule DB component values, custody/counterparty, derivative cash settlement, liability hedge purpose, and investment-income receipt."
CFAASDBCSD-0485,CFAASDBPC-0486,481,04687#AL2,Interest Rate Swap,75888H-BC-4,REG12 2019-1A D1RR,1,CFAASDFR-7686,6006,Regatta XII Funding Ltd REG12 2019-1A D1RR,2.C,"8,250,000","8,250,000","8,249,678","8,250,000","126,100","630,160",exact-cusip-schedule-d-crosswalk,"A Schedule DB Part C cash-instrument CUSIP has an exact identifier match in Athene Schedule D, joining the named replication component to a statutory holding row.","CUSIP identity and Schedule D fields are not proof of Schedule DB settlement, counterparty remittance, liability/product hedge allocation, borrower cash, or Apollo owner cash.","Reconcile the matched Schedule D lot to Schedule DB component values, custody/counterparty, derivative cash settlement, liability hedge purpose, and investment-income receipt."
CFAASDBCSD-0486,CFAASDBPC-0487,481,04687#AL2,Interest Rate Swap,75903U-AG-8,REG30 2024-4A C,1,CFAASDFR-7689,6006,Regatta 30 Funding Ltd REG30 2024-4A C,1.F,"23,910,000","24,000,000","23,921,568","23,629,270","251,151","1,235,153",exact-cusip-schedule-d-crosswalk,"A Schedule DB Part C cash-instrument CUSIP has an exact identifier match in Athene Schedule D, joining the named replication component to a statutory holding row.","CUSIP identity and Schedule D fields are not proof of Schedule DB settlement, counterparty remittance, liability/product hedge allocation, borrower cash, or Apollo owner cash.","Reconcile the matched Schedule D lot to Schedule DB component values, custody/counterparty, derivative cash settlement, liability hedge purpose, and investment-income receipt."
CFAASDBCSD-0487,CFAASDBPC-0488,481,04687#AL2,Interest Rate Swap,75904B-AJ-3,REG34 2025-3A D1,1,CFAASDFR-7692,6006,Regatta 34 Funding Ltd REG34 2025-3A D1,2.C,"24,000,000","24,000,000","23,943,816","24,000,000","955,692",,exact-cusip-schedule-d-crosswalk,"A Schedule DB Part C cash-instrument CUSIP has an exact identifier match in Athene Schedule D, joining the named replication component to a statutory holding row.","CUSIP identity and Schedule D fields are not proof of Schedule DB settlement, counterparty remittance, liability/product hedge allocation, borrower cash, or Apollo owner cash.","Reconcile the matched Schedule D lot to Schedule DB component values, custody/counterparty, derivative cash settlement, liability hedge purpose, and investment-income receipt."
CFAASDBCSD-0488,CFAASDBPC-0489,481,04687#AL2,Interest Rate Swap,77341G-AY-6,ROCKT 2019-2A DR2,1,CFAASDFR-7699,6006,Rockford Tower CLO 2019-2 Ltd ROCKT 2019-2A DR2,2.C,"24,250,000","24,250,000","24,204,119","24,250,000","194,900","1,805,232",exact-cusip-schedule-d-crosswalk,"A Schedule DB Part C cash-instrument CUSIP has an exact identifier match in Athene Schedule D, joining the named replication component to a statutory holding row.","CUSIP identity and Schedule D fields are not proof of Schedule DB settlement, counterparty remittance, liability/product hedge allocation, borrower cash, or Apollo owner cash.","Reconcile the matched Schedule D lot to Schedule DB component values, custody/counterparty, derivative cash settlement, liability hedge purpose, and investment-income receipt."
CFAASDBCSD-0489,CFAASDBPC-0490,481,04687#AL2,Interest Rate Swap,82809V-AJ-1,SPCLO 2025-9A D1,1,CFAASDFR-7718,6006,Silver Point CLO 9 Ltd SPCLO 2025-9A D1,2.C,"10,969,000","10,969,000","11,077,527","10,969,000","493,653",,exact-cusip-schedule-d-crosswalk,"A Schedule DB Part C cash-instrument CUSIP has an exact identifier match in Athene Schedule D, joining the named replication component to a statutory holding row.","CUSIP identity and Schedule D fields are not proof of Schedule DB settlement, counterparty remittance, liability/product hedge allocation, borrower cash, or Apollo owner cash.","Reconcile the matched Schedule D lot to Schedule DB component values, custody/counterparty, derivative cash settlement, liability hedge purpose, and investment-income receipt."
CFAASDBCSD-0490,CFAASDBPC-0491,481,04687#AL2,Interest Rate Swap,88238E-AE-8,TCIFC 2024-2A B,1,CFAASDFR-7746,6007,Texas Debt Capital CLO 2024-II TCIFC 2024-2A B,1.C,"24,028,280","24,000,000","24,056,544","24,008,343","256,009","1,207,998",exact-cusip-schedule-d-crosswalk,"A Schedule DB Part C cash-instrument CUSIP has an exact identifier match in Athene Schedule D, joining the named replication component to a statutory holding row.","CUSIP identity and Schedule D fields are not proof of Schedule DB settlement, counterparty remittance, liability/product hedge allocation, borrower cash, or Apollo owner cash.","Reconcile the matched Schedule D lot to Schedule DB component values, custody/counterparty, derivative cash settlement, liability hedge purpose, and investment-income receipt."
CFAASDBCSD-0491,CFAASDBPC-0492,481,04687#AL2,Interest Rate Swap,89641X-AJ-4,TRNTS 2021-15A D,1,CFAASDFR-7768,6007,Trinitas CLO XV Ltd TRNTS 2021-15A D,2.C,"10,750,000","10,750,000","10,745,130","10,750,000","166,833","914,880",exact-cusip-schedule-d-crosswalk,"A Schedule DB Part C cash-instrument CUSIP has an exact identifier match in Athene Schedule D, joining the named replication component to a statutory holding row.","CUSIP identity and Schedule D fields are not proof of Schedule DB settlement, counterparty remittance, liability/product hedge allocation, borrower cash, or Apollo owner cash.","Reconcile the matched Schedule D lot to Schedule DB component values, custody/counterparty, derivative cash settlement, liability hedge purpose, and investment-income receipt."
CFAASDBCSD-0492,CFAASDBPC-0493,481,04687#AL2,Interest Rate Swap,92920T-AJ-9,VOYA 2024-6A C,1,CFAASDFR-7795,6008,Voya CLO 2024-6 Ltd VOYA 2024-6A C,1.F,"24,000,000","24,000,000","23,921,904","24,000,000","281,509","1,262,502",exact-cusip-schedule-d-crosswalk,"A Schedule DB Part C cash-instrument CUSIP has an exact identifier match in Athene Schedule D, joining the named replication component to a statutory holding row.","CUSIP identity and Schedule D fields are not proof of Schedule DB settlement, counterparty remittance, liability/product hedge allocation, borrower cash, or Apollo owner cash.","Reconcile the matched Schedule D lot to Schedule DB component values, custody/counterparty, derivative cash settlement, liability hedge purpose, and investment-income receipt."
CFAASDBCSD-0493,CFAASDBPC-0494,481,04687#AL2,Interest Rate Swap,92920T-AL-4,VOYA 2024-6A D1,1,CFAASDFR-7796,6008,Voya CLO 2024-6 Ltd VOYA 2024-6A D1,2.C,"21,500,000","21,500,000","21,512,879","21,500,000","297,963","1,322,252",exact-cusip-schedule-d-crosswalk,"A Schedule DB Part C cash-instrument CUSIP has an exact identifier match in Athene Schedule D, joining the named replication component to a statutory holding row.","CUSIP identity and Schedule D fields are not proof of Schedule DB settlement, counterparty remittance, liability/product hedge allocation, borrower cash, or Apollo owner cash.","Reconcile the matched Schedule D lot to Schedule DB component values, custody/counterparty, derivative cash settlement, liability hedge purpose, and investment-income receipt."
CFAASDBCSD-0494,CFAASDBPC-0495,481,04687#AL2,Interest Rate Swap,97816W-AG-4,WONPK 2025-1A D1,1,CFAASDFR-7813,6008,Wonder Lake Park CLO Ltd WONPK 2025-1A D1,2.C,"26,000,000","26,000,000","25,900,784","26,000,000","799,343",,exact-cusip-schedule-d-crosswalk,"A Schedule DB Part C cash-instrument CUSIP has an exact identifier match in Athene Schedule D, joining the named replication component to a statutory holding row.","CUSIP identity and Schedule D fields are not proof of Schedule DB settlement, counterparty remittance, liability/product hedge allocation, borrower cash, or Apollo owner cash.","Reconcile the matched Schedule D lot to Schedule DB component values, custody/counterparty, derivative cash settlement, liability hedge purpose, and investment-income receipt."
CFAASDBCSD-0495,CFAASDBPC-0496,481,04687#AP3,Interest Rate Swap,049400-AA-2,"ATLAS SECURED ADVANCE FUNDING,",1,CFAASDFR-8514,6023,"ATLAS SECURED ADVANCE FUNDING, ATLAS SECURED ADVANCE FUNDING,",1.F,"1,412,883,456","1,412,500,000","1,412,500,000","1,412,877,374","255,100","19,016,711",exact-cusip-schedule-d-crosswalk,"A Schedule DB Part C cash-instrument CUSIP has an exact identifier match in Athene Schedule D, joining the named replication component to a statutory holding row.","CUSIP identity and Schedule D fields are not proof of Schedule DB settlement, counterparty remittance, liability/product hedge allocation, borrower cash, or Apollo owner cash.","Reconcile the matched Schedule D lot to Schedule DB component values, custody/counterparty, derivative cash settlement, liability hedge purpose, and investment-income receipt."
CFAASDBCSD-0496,CFAASDBPC-0498,481,04687#AD0,Interest Rate Swap,000823-AU-8,ABPCI 2017-1A A1RR,1,CFAASDFR-6997,5992,ABPCI Direct Lending Fund CLO ABPCI 2017-1A A1RR ..,1.A,"23,850,000","23,850,000","23,849,261","23,850,000","267,659","1,734,657",exact-cusip-schedule-d-crosswalk,"A Schedule DB Part C cash-instrument CUSIP has an exact identifier match in Athene Schedule D, joining the named replication component to a statutory holding row.","CUSIP identity and Schedule D fields are not proof of Schedule DB settlement, counterparty remittance, liability/product hedge allocation, borrower cash, or Apollo owner cash.","Reconcile the matched Schedule D lot to Schedule DB component values, custody/counterparty, derivative cash settlement, liability hedge purpose, and investment-income receipt."
CFAASDBCSD-0497,CFAASDBPC-0499,481,04687#AD0,Interest Rate Swap,00119C-AU-5,AGL 2022-20A CR,1,CFAASDFR-7016,5992,AGL CLO 20 Ltd AGL 2022-20A CR,1.E,"12,375,000","12,375,000","12,343,444","12,375,000","147,663","797,956",exact-cusip-schedule-d-crosswalk,"A Schedule DB Part C cash-instrument CUSIP has an exact identifier match in Athene Schedule D, joining the named replication component to a statutory holding row.","CUSIP identity and Schedule D fields are not proof of Schedule DB settlement, counterparty remittance, liability/product hedge allocation, borrower cash, or Apollo owner cash.","Reconcile the matched Schedule D lot to Schedule DB component values, custody/counterparty, derivative cash settlement, liability hedge purpose, and investment-income receipt."
CFAASDBCSD-0498,CFAASDBPC-0500,482,04687#AD0,Interest Rate Swap,00119H-AU-4,AGL 2019-1A CRR,1,CFAASDFR-7020,5992,AGL CLO 1 LTD AGL 2019-1A CRR,1.F,"20,200,000","20,200,000","20,152,146","20,200,000","236,937","1,252,875",exact-cusip-schedule-d-crosswalk,"A Schedule DB Part C cash-instrument CUSIP has an exact identifier match in Athene Schedule D, joining the named replication component to a statutory holding row.","CUSIP identity and Schedule D fields are not proof of Schedule DB settlement, counterparty remittance, liability/product hedge allocation, borrower cash, or Apollo owner cash.","Reconcile the matched Schedule D lot to Schedule DB component values, custody/counterparty, derivative cash settlement, liability hedge purpose, and investment-income receipt."
CFAASDBCSD-0499,CFAASDBPC-0501,482,04687#AD0,Interest Rate Swap,03663Y-AC-1,ANTR 2024-5A B,1,CFAASDFR-6581,5983,Antares CLO 2024-5 LLC ANTR 2024-5A B,1.C,"41,511,611","41,500,000","41,114,963","41,500,000","482,569","1,392,191",exact-cusip-schedule-d-crosswalk,"A Schedule DB Part C cash-instrument CUSIP has an exact identifier match in Athene Schedule D, joining the named replication component to a statutory holding row.","CUSIP identity and Schedule D fields are not proof of Schedule DB settlement, counterparty remittance, liability/product hedge allocation, borrower cash, or Apollo owner cash.","Reconcile the matched Schedule D lot to Schedule DB component values, custody/counterparty, derivative cash settlement, liability hedge purpose, and investment-income receipt."
CFAASDBCSD-0500,CFAASDBPC-0502,482,04687#AD0,Interest Rate Swap,03665A-AW-7,ANTR 2017-2A BRR,1,CFAASDFR-7093,5994,Antares CLO 2017-2 Ltd ANTR 2017-2A BRR,1.C,"138,000,000","138,000,000","136,092,150","138,000,000","1,618,679","4,324,276",exact-cusip-schedule-d-crosswalk,"A Schedule DB Part C cash-instrument CUSIP has an exact identifier match in Athene Schedule D, joining the named replication component to a statutory holding row.","CUSIP identity and Schedule D fields are not proof of Schedule DB settlement, counterparty remittance, liability/product hedge allocation, borrower cash, or Apollo owner cash.","Reconcile the matched Schedule D lot to Schedule DB component values, custody/counterparty, derivative cash settlement, liability hedge purpose, and investment-income receipt."
CFAASDBCSD-0501,CFAASDBPC-0503,482,04687#AD0,Interest Rate Swap,03666J-AC-1,ANTR 2024-3A B,1,CFAASDFR-7112,5994,Antares CLO 2024-3 LLC ANTR 2024-3A B,1.C,"141,748,625","141,750,000","140,383,388","141,748,625","1,662,665","8,580,512",exact-cusip-schedule-d-crosswalk,"A Schedule DB Part C cash-instrument CUSIP has an exact identifier match in Athene Schedule D, joining the named replication component to a statutory holding row.","CUSIP identity and Schedule D fields are not proof of Schedule DB settlement, counterparty remittance, liability/product hedge allocation, borrower cash, or Apollo owner cash.","Reconcile the matched Schedule D lot to Schedule DB component values, custody/counterparty, derivative cash settlement, liability hedge purpose, and investment-income receipt."
CFAASDBCSD-0502,CFAASDBPC-0505,482,04687#AD0,Interest Rate Swap,037989-AQ-3,APID 2023-44A D1R,1,CFAASDFR-7121,5994,Apidos CLO XLIV Ltd APID 2023-44A D1R,2.C,"2,625,750","2,700,000","2,705,897","2,638,092","33,205","146,372",exact-cusip-schedule-d-crosswalk,"A Schedule DB Part C cash-instrument CUSIP has an exact identifier match in Athene Schedule D, joining the named replication component to a statutory holding row.","CUSIP identity and Schedule D fields are not proof of Schedule DB settlement, counterparty remittance, liability/product hedge allocation, borrower cash, or Apollo owner cash.","Reconcile the matched Schedule D lot to Schedule DB component values, custody/counterparty, derivative cash settlement, liability hedge purpose, and investment-income receipt."
CFAASDBCSD-0503,CFAASDBPC-0506,482,04687#AD0,Interest Rate Swap,03990F-AE-2,ARES 2024-74A B,1,CFAASDFR-7122,5994,Ares LXXIV CLO Ltd ARES 2024-74A B,1.C,"21,000,000","21,000,000","20,961,948","21,000,000","255,007","1,428,837",exact-cusip-schedule-d-crosswalk,"A Schedule DB Part C cash-instrument CUSIP has an exact identifier match in Athene Schedule D, joining the named replication component to a statutory holding row.","CUSIP identity and Schedule D fields are not proof of Schedule DB settlement, counterparty remittance, liability/product hedge allocation, borrower cash, or Apollo owner cash.","Reconcile the matched Schedule D lot to Schedule DB component values, custody/counterparty, derivative cash settlement, liability hedge purpose, and investment-income receipt."
CFAASDBCSD-0504,CFAASDBPC-0507,482,04687#AD0,Interest Rate Swap,03990F-AJ-1,ARES 2024-74A D,1,CFAASDFR-7124,5994,Ares LXXIV CLO Ltd ARES 2024-74A D,2.C,"22,007,636","22,000,000","21,971,180","22,004,417","326,733","1,547,758",exact-cusip-schedule-d-crosswalk,"A Schedule DB Part C cash-instrument CUSIP has an exact identifier match in Athene Schedule D, joining the named replication component to a statutory holding row.","CUSIP identity and Schedule D fields are not proof of Schedule DB settlement, counterparty remittance, liability/product hedge allocation, borrower cash, or Apollo owner cash.","Reconcile the matched Schedule D lot to Schedule DB component values, custody/counterparty, derivative cash settlement, liability hedge purpose, and investment-income receipt."
CFAASDBCSD-0505,CFAASDBPC-0508,482,04687#AD0,Interest Rate Swap,04020W-AG-2,ARES 2024-72A C,1,CFAASDFR-7146,5995,Ares LXXII CLO Ltd ARES 2024-72A C,1.F,"39,099,160","39,000,000","39,070,785","39,083,026","498,934","1,229,744",exact-cusip-schedule-d-crosswalk,"A Schedule DB Part C cash-instrument CUSIP has an exact identifier match in Athene Schedule D, joining the named replication component to a statutory holding row.","CUSIP identity and Schedule D fields are not proof of Schedule DB settlement, counterparty remittance, liability/product hedge allocation, borrower cash, or Apollo owner cash.","Reconcile the matched Schedule D lot to Schedule DB component values, custody/counterparty, derivative cash settlement, liability hedge purpose, and investment-income receipt."
CFAASDBCSD-0506,CFAASDBPC-0509,482,04687#AD0,Interest Rate Swap,04020W-AJ-6,ARES 2024-72A D,1,CFAASDFR-7147,5995,Ares LXXII CLO Ltd ARES 2024-72A D,2.C,"22,000,000","22,000,000","21,958,244","22,000,000","331,500","1,658,122",exact-cusip-schedule-d-crosswalk,"A Schedule DB Part C cash-instrument CUSIP has an exact identifier match in Athene Schedule D, joining the named replication component to a statutory holding row.","CUSIP identity and Schedule D fields are not proof of Schedule DB settlement, counterparty remittance, liability/product hedge allocation, borrower cash, or Apollo owner cash.","Reconcile the matched Schedule D lot to Schedule DB component values, custody/counterparty, derivative cash settlement, liability hedge purpose, and investment-income receipt."
CFAASDBCSD-0507,CFAASDBPC-0510,482,04687#AD0,Interest Rate Swap,05555W-AC-1,BCRED 2024-2A B,1,CFAASDFR-7167,5995,Bcred Clo 2024-2 LLC BCRED 2024-2A B,1.C,"12,647,041","12,700,000","12,718,491","12,647,041","146,390","675,637",exact-cusip-schedule-d-crosswalk,"A Schedule DB Part C cash-instrument CUSIP has an exact identifier match in Athene Schedule D, joining the named replication component to a statutory holding row.","CUSIP identity and Schedule D fields are not proof of Schedule DB settlement, counterparty remittance, liability/product hedge allocation, borrower cash, or Apollo owner cash.","Reconcile the matched Schedule D lot to Schedule DB component values, custody/counterparty, derivative cash settlement, liability hedge purpose, and investment-income receipt."
CFAASDBCSD-0508,CFAASDBPC-0511,482,04687#AD0,Interest Rate Swap,056912-AL-2,BCC 2024-5A D1,1,CFAASDFR-7171,5995,Bain Capital Credit Clo 2024-5 BCC 2024-5A D1,2.B,"4,550,000","4,550,000","4,555,506","4,550,000","63,427","361,677",exact-cusip-schedule-d-crosswalk,"A Schedule DB Part C cash-instrument CUSIP has an exact identifier match in Athene Schedule D, joining the named replication component to a statutory holding row.","CUSIP identity and Schedule D fields are not proof of Schedule DB settlement, counterparty remittance, liability/product hedge allocation, borrower cash, or Apollo owner cash.","Reconcile the matched Schedule D lot to Schedule DB component values, custody/counterparty, derivative cash settlement, liability hedge purpose, and investment-income receipt."
CFAASDBCSD-0509,CFAASDBPC-0512,482,04687#AD0,Interest Rate Swap,12553D-AY-3,CIFC 2019-1A CR2,1,CFAASDFR-7206,5996,CIFC Funding 2019-I Ltd CIFC 2019-1A CR2,1.F,"8,000,000","8,000,000","8,009,784","8,000,000","95,459","515,851",exact-cusip-schedule-d-crosswalk,"A Schedule DB Part C cash-instrument CUSIP has an exact identifier match in Athene Schedule D, joining the named replication component to a statutory holding row.","CUSIP identity and Schedule D fields are not proof of Schedule DB settlement, counterparty remittance, liability/product hedge allocation, borrower cash, or Apollo owner cash.","Reconcile the matched Schedule D lot to Schedule DB component values, custody/counterparty, derivative cash settlement, liability hedge purpose, and investment-income receipt."
CFAASDBCSD-0510,CFAASDBPC-0513,482,04687#AD0,Interest Rate Swap,13877J-AE-1,CANYC 2022-1A C,1,CFAASDFR-7223,5996,Canyon Capital CLO 2022-1 Ltd CANYC 2022-1A C,1.F,"11,896,680","12,000,000","11,976,240","11,938,471","158,434","757,313",exact-cusip-schedule-d-crosswalk,"A Schedule DB Part C cash-instrument CUSIP has an exact identifier match in Athene Schedule D, joining the named replication component to a statutory holding row.","CUSIP identity and Schedule D fields are not proof of Schedule DB settlement, counterparty remittance, liability/product hedge allocation, borrower cash, or Apollo owner cash.","Reconcile the matched Schedule D lot to Schedule DB component values, custody/counterparty, derivative cash settlement, liability hedge purpose, and investment-income receipt."
CFAASDBCSD-0511,CFAASDBPC-0514,482,04687#AD0,Interest Rate Swap,14319P-AJ-0,CGMS 2024-6A D1,1,CFAASDFR-7250,5997,Carlyle US CLO 2024-6 Ltd CGMS 2024-6A D1,2.C,"33,145,250","33,000,000","33,081,642","33,114,757","414,908","1,034,701",exact-cusip-schedule-d-crosswalk,"A Schedule DB Part C cash-instrument CUSIP has an exact identifier match in Athene Schedule D, joining the named replication component to a statutory holding row.","CUSIP identity and Schedule D fields are not proof of Schedule DB settlement, counterparty remittance, liability/product hedge allocation, borrower cash, or Apollo owner cash.","Reconcile the matched Schedule D lot to Schedule DB component values, custody/counterparty, derivative cash settlement, liability hedge purpose, and investment-income receipt."
CFAASDBCSD-0512,CFAASDBPC-0515,482,04687#AD0,Interest Rate Swap,14319R-AG-2,CGMS 2024-7A D1,1,CFAASDFR-7253,5997,Carlyle US CLO 2024-7 Ltd CGMS 2024-7A D1,2.C,"15,032,540","15,000,000","14,999,430","15,024,525","224,398","501,517",exact-cusip-schedule-d-crosswalk,"A Schedule DB Part C cash-instrument CUSIP has an exact identifier match in Athene Schedule D, joining the named replication component to a statutory holding row.","CUSIP identity and Schedule D fields are not proof of Schedule DB settlement, counterparty remittance, liability/product hedge allocation, borrower cash, or Apollo owner cash.","Reconcile the matched Schedule D lot to Schedule DB component values, custody/counterparty, derivative cash settlement, liability hedge purpose, and investment-income receipt."
CFAASDBCSD-0513,CFAASDBPC-0516,482,04687#AD0,Interest Rate Swap,156945-AA-5,CERB 2024-3A A,1,CFAASDFR-6624,5984,Cerberus Loan Funding XLVII LL CERB 2024-3A A,1.A,"16,049,952","16,050,000","16,006,184","16,049,952","196,637","998,128",exact-cusip-schedule-d-crosswalk,"A Schedule DB Part C cash-instrument CUSIP has an exact identifier match in Athene Schedule D, joining the named replication component to a statutory holding row.","CUSIP identity and Schedule D fields are not proof of Schedule DB settlement, counterparty remittance, liability/product hedge allocation, borrower cash, or Apollo owner cash.","Reconcile the matched Schedule D lot to Schedule DB component values, custody/counterparty, derivative cash settlement, liability hedge purpose, and investment-income receipt."
CFAASDBCSD-0514,CFAASDBPC-0517,482,04687#AD0,Interest Rate Swap,17181W-AE-4,CIFC 2024-4A C,1,CFAASDFR-7270,5997,CIFC Funding 2024-IV Ltd CIFC 2024-4A C,1.F,"7,019,326","7,000,000","6,978,048","7,013,813","87,492","448,272",exact-cusip-schedule-d-crosswalk,"A Schedule DB Part C cash-instrument CUSIP has an exact identifier match in Athene Schedule D, joining the named replication component to a statutory holding row.","CUSIP identity and Schedule D fields are not proof of Schedule DB settlement, counterparty remittance, liability/product hedge allocation, borrower cash, or Apollo owner cash.","Reconcile the matched Schedule D lot to Schedule DB component values, custody/counterparty, derivative cash settlement, liability hedge purpose, and investment-income receipt."
CFAASDBCSD-0515,CFAASDBPC-0518,482,04687#AD0,Interest Rate Swap,25255L-AW-2,DCLO 2021-2A BR,1,CFAASDFR-7293,5998,Diameter Capital Clo 2 Ltd DCLO 2021-2A BR,1.F,"33,000,000","33,000,000","32,958,519","33,000,000","425,750","2,095,668",exact-cusip-schedule-d-crosswalk,"A Schedule DB Part C cash-instrument CUSIP has an exact identifier match in Athene Schedule D, joining the named replication component to a statutory holding row.","CUSIP identity and Schedule D fields are not proof of Schedule DB settlement, counterparty remittance, liability/product hedge allocation, borrower cash, or Apollo owner cash.","Reconcile the matched Schedule D lot to Schedule DB component values, custody/counterparty, derivative cash settlement, liability hedge purpose, and investment-income receipt."
CFAASDBCSD-0516,CFAASDBPC-0519,482,04687#AD0,Interest Rate Swap,25256J-AG-1,DCLO 2024-8A B,1,CFAASDFR-7306,5998,Diameter Capital CLO 8 Ltd DCLO 2024-8A B,1.F,"14,998,068","15,000,000","14,981,025","14,998,164","182,027","941,492",exact-cusip-schedule-d-crosswalk,"A Schedule DB Part C cash-instrument CUSIP has an exact identifier match in Athene Schedule D, joining the named replication component to a statutory holding row.","CUSIP identity and Schedule D fields are not proof of Schedule DB settlement, counterparty remittance, liability/product hedge allocation, borrower cash, or Apollo owner cash.","Reconcile the matched Schedule D lot to Schedule DB component values, custody/counterparty, derivative cash settlement, liability hedge purpose, and investment-income receipt."
CFAASDBCSD-0517,CFAASDBPC-0520,482,04687#AD0,Interest Rate Swap,26253M-AS-9,DRSLF 2022-108A BR,1,CFAASDFR-7323,5998,Dryden 108 CLO Ltd DRSLF 2022-108A BR,1.C,"22,500,000","22,500,000","22,538,273","22,500,000","259,353","1,418,517",exact-cusip-schedule-d-crosswalk,"A Schedule DB Part C cash-instrument CUSIP has an exact identifier match in Athene Schedule D, joining the named replication component to a statutory holding row.","CUSIP identity and Schedule D fields are not proof of Schedule DB settlement, counterparty remittance, liability/product hedge allocation, borrower cash, or Apollo owner cash.","Reconcile the matched Schedule D lot to Schedule DB component values, custody/counterparty, derivative cash settlement, liability hedge purpose, and investment-income receipt."
CFAASDBCSD-0518,CFAASDBPC-0521,482,04687#AD0,Interest Rate Swap,28655*-AA-7,Eliant Invest Holding LP. - B,1,CFAASDFR-3130,5904,Eliant Invest Holding LP. B,1.G,"23,238,691","23,238,691","23,238,691","23,238,692","100,745","425,099",exact-cusip-schedule-d-crosswalk,"A Schedule DB Part C cash-instrument CUSIP has an exact identifier match in Athene Schedule D, joining the named replication component to a statutory holding row.","CUSIP identity and Schedule D fields are not proof of Schedule DB settlement, counterparty remittance, liability/product hedge allocation, borrower cash, or Apollo owner cash.","Reconcile the matched Schedule D lot to Schedule DB component values, custody/counterparty, derivative cash settlement, liability hedge purpose, and investment-income receipt."
CFAASDBCSD-0519,CFAASDBPC-0522,482,04687#AD0,Interest Rate Swap,29001M-AJ-8,ELM34 2024-10A D1,1,CFAASDFR-7338,5999,Elmwood CLO 34 Ltd ELM34 2024-10A D1,2.C,"27,000,000","27,000,000","26,981,586","27,000,000","389,403","1,806,588",exact-cusip-schedule-d-crosswalk,"A Schedule DB Part C cash-instrument CUSIP has an exact identifier match in Athene Schedule D, joining the named replication component to a statutory holding row.","CUSIP identity and Schedule D fields are not proof of Schedule DB settlement, counterparty remittance, liability/product hedge allocation, borrower cash, or Apollo owner cash.","Reconcile the matched Schedule D lot to Schedule DB component values, custody/counterparty, derivative cash settlement, liability hedge purpose, and investment-income receipt."
CFAASDBCSD-0520,CFAASDBPC-0523,482,04687#AD0,Interest Rate Swap,34966Q-AJ-2,FCO 2024-25A D,1,CFAASDFR-7389,6000,Fortress Credit Opportunities FCO 2024-25A D,2.C,"17,100,000","17,100,000","16,983,566","17,100,000","291,011","1,183,744",exact-cusip-schedule-d-crosswalk,"A Schedule DB Part C cash-instrument CUSIP has an exact identifier match in Athene Schedule D, joining the named replication component to a statutory holding row.","CUSIP identity and Schedule D fields are not proof of Schedule DB settlement, counterparty remittance, liability/product hedge allocation, borrower cash, or Apollo owner cash.","Reconcile the matched Schedule D lot to Schedule DB component values, custody/counterparty, derivative cash settlement, liability hedge purpose, and investment-income receipt."
CFAASDBCSD-0521,CFAASDBPC-0524,482,04687#AD0,Interest Rate Swap,38180H-AE-4,GCBSL 2022-62A CR,1,CFAASDFR-7420,6000,Golub Capital Partners CLO 62B GCBSL 2022-62A CR ..,1.F,"16,750,000","16,750,000","16,728,359","16,750,000","216,100","1,155,620",exact-cusip-schedule-d-crosswalk,"A Schedule DB Part C cash-instrument CUSIP has an exact identifier match in Athene Schedule D, joining the named replication component to a statutory holding row.","CUSIP identity and Schedule D fields are not proof of Schedule DB settlement, counterparty remittance, liability/product hedge allocation, borrower cash, or Apollo owner cash.","Reconcile the matched Schedule D lot to Schedule DB component values, custody/counterparty, derivative cash settlement, liability hedge purpose, and investment-income receipt."
CFAASDBCSD-0522,CFAASDBPC-0525,482,04687#AD0,Interest Rate Swap,38180Y-AC-1,GOCAP 2023-65A A2R,1,CFAASDFR-6651,5985,Golub Capital Partners CLO 65M GOCAP 2023-65A A2R,1.A,"195,000,000","195,000,000","192,492,300","195,000,000","2,247,722","5,980,662",exact-cusip-schedule-d-crosswalk,"A Schedule DB Part C cash-instrument CUSIP has an exact identifier match in Athene Schedule D, joining the named replication component to a statutory holding row.","CUSIP identity and Schedule D fields are not proof of Schedule DB settlement, counterparty remittance, liability/product hedge allocation, borrower cash, or Apollo owner cash.","Reconcile the matched Schedule D lot to Schedule DB component values, custody/counterparty, derivative cash settlement, liability hedge purpose, and investment-income receipt."
CFAASDBCSD-0523,CFAASDBPC-0526,482,04687#AD0,Interest Rate Swap,38180Y-AE-7,Golub 65(M) Reset Tranche B-R,1,CFAASDFR-6652,5985,Golub Capital Partners CLO 65M Golub 65(M) Reset Tranche B-R,1.C,"176,500,000","176,500,000","174,099,424","176,500,000","2,070,267","5,502,006",exact-cusip-schedule-d-crosswalk,"A Schedule DB Part C cash-instrument CUSIP has an exact identifier match in Athene Schedule D, joining the named replication component to a statutory holding row.","CUSIP identity and Schedule D fields are not proof of Schedule DB settlement, counterparty remittance, liability/product hedge allocation, borrower cash, or Apollo owner cash.","Reconcile the matched Schedule D lot to Schedule DB component values, custody/counterparty, derivative cash settlement, liability hedge purpose, and investment-income receipt."
CFAASDBCSD-0524,CFAASDBPC-0527,482,04687#AD0,Interest Rate Swap,48255A-AG-3,KKR 36A D,1,CFAASDFR-7479,6002,KKR CLO 36 Ltd KKR 36A D,2.C,"7,386,399","7,500,000","7,397,798","7,464,364","122,950","611,777",exact-cusip-schedule-d-crosswalk,"A Schedule DB Part C cash-instrument CUSIP has an exact identifier match in Athene Schedule D, joining the named replication component to a statutory holding row.","CUSIP identity and Schedule D fields are not proof of Schedule DB settlement, counterparty remittance, liability/product hedge allocation, borrower cash, or Apollo owner cash.","Reconcile the matched Schedule D lot to Schedule DB component values, custody/counterparty, derivative cash settlement, liability hedge purpose, and investment-income receipt."
CFAASDBCSD-0525,CFAASDBPC-0528,482,04687#AD0,Interest Rate Swap,48256G-AJ-3,KKR 2024-56A D1,1,CFAASDFR-7481,6002,KKR CLO 56 Ltd KKR 2024-56A D1,2.C,"12,475,000","12,500,000","12,475,900","12,467,874","191,060","705,433",exact-cusip-schedule-d-crosswalk,"A Schedule DB Part C cash-instrument CUSIP has an exact identifier match in Athene Schedule D, joining the named replication component to a statutory holding row.","CUSIP identity and Schedule D fields are not proof of Schedule DB settlement, counterparty remittance, liability/product hedge allocation, borrower cash, or Apollo owner cash.","Reconcile the matched Schedule D lot to Schedule DB component values, custody/counterparty, derivative cash settlement, liability hedge purpose, and investment-income receipt."
CFAASDBCSD-0526,CFAASDBPC-0529,482,04687#AD0,Interest Rate Swap,48256R-AE-0,KKR 2024-53A B,1,CFAASDFR-7484,6002,KKR CLO 53 Ltd KKR 2024-53A B,1.B,"24,025,510","24,000,000","24,057,768","24,007,345","296,636","1,021,124",exact-cusip-schedule-d-crosswalk,"A Schedule DB Part C cash-instrument CUSIP has an exact identifier match in Athene Schedule D, joining the named replication component to a statutory holding row.","CUSIP identity and Schedule D fields are not proof of Schedule DB settlement, counterparty remittance, liability/product hedge allocation, borrower cash, or Apollo owner cash.","Reconcile the matched Schedule D lot to Schedule DB component values, custody/counterparty, derivative cash settlement, liability hedge purpose, and investment-income receipt."
CFAASDBCSD-0527,CFAASDBPC-0530,483,04687#AD0,Interest Rate Swap,557910-AW-6,MDPK 2022-60A D1R,1,CFAASDFR-7499,6002,Madison Park Funding LX Ltd MDPK 2022-60A D1R,2.B,"1,917,500","2,000,000","1,977,194","1,935,198","25,329","111,480",exact-cusip-schedule-d-crosswalk,"A Schedule DB Part C cash-instrument CUSIP has an exact identifier match in Athene Schedule D, joining the named replication component to a statutory holding row.","CUSIP identity and Schedule D fields are not proof of Schedule DB settlement, counterparty remittance, liability/product hedge allocation, borrower cash, or Apollo owner cash.","Reconcile the matched Schedule D lot to Schedule DB component values, custody/counterparty, derivative cash settlement, liability hedge purpose, and investment-income receipt."
CFAASDBCSD-0528,CFAASDBPC-0531,483,04687#AD0,Interest Rate Swap,58286Q-AJ-4,MCHPK 2024-1A D,1,CFAASDFR-7529,6003,Meacham Park Clo Ltd MCHPK 2024-1A D,2.C,"8,008,188","8,000,000","7,994,512","8,003,416","110,059","274,254",exact-cusip-schedule-d-crosswalk,"A Schedule DB Part C cash-instrument CUSIP has an exact identifier match in Athene Schedule D, joining the named replication component to a statutory holding row.","CUSIP identity and Schedule D fields are not proof of Schedule DB settlement, counterparty remittance, liability/product hedge allocation, borrower cash, or Apollo owner cash.","Reconcile the matched Schedule D lot to Schedule DB component values, custody/counterparty, derivative cash settlement, liability hedge purpose, and investment-income receipt."
CFAASDBCSD-0529,CFAASDBPC-0532,483,04687#AD0,Interest Rate Swap,67115L-AL-8,OAKC 2021-16A B1R,1,CFAASDFR-7558,6003,OHA Credit Partners XVI OAKC 2021-16A B1R,1.C,"15,000,000","15,000,000","15,052,170","15,000,000","169,860","930,386",exact-cusip-schedule-d-crosswalk,"A Schedule DB Part C cash-instrument CUSIP has an exact identifier match in Athene Schedule D, joining the named replication component to a statutory holding row.","CUSIP identity and Schedule D fields are not proof of Schedule DB settlement, counterparty remittance, liability/product hedge allocation, borrower cash, or Apollo owner cash.","Reconcile the matched Schedule D lot to Schedule DB component values, custody/counterparty, derivative cash settlement, liability hedge purpose, and investment-income receipt."
CFAASDBCSD-0530,CFAASDBPC-0533,483,04687#AD0,Interest Rate Swap,67115L-AQ-7,OAKC 2021-16A CR,1,CFAASDFR-7559,6003,OHA Credit Partners XVI OAKC 2021-16A CR,1.F,"20,007,660","20,000,000","19,999,320","20,004,658","234,591","1,090,093",exact-cusip-schedule-d-crosswalk,"A Schedule DB Part C cash-instrument CUSIP has an exact identifier match in Athene Schedule D, joining the named replication component to a statutory holding row.","CUSIP identity and Schedule D fields are not proof of Schedule DB settlement, counterparty remittance, liability/product hedge allocation, borrower cash, or Apollo owner cash.","Reconcile the matched Schedule D lot to Schedule DB component values, custody/counterparty, derivative cash settlement, liability hedge purpose, and investment-income receipt."
CFAASDBCSD-0531,CFAASDBPC-0534,483,04687#AD0,Interest Rate Swap,67115V-AW-2,OAKC 2022-11A D1R,1,CFAASDFR-7561,6003,OHA Credit Funding 11 Ltd OAKC 2022-11A D1R,2.C,"1,516,695","1,500,000","1,498,062","1,507,569","20,484","109,614",exact-cusip-schedule-d-crosswalk,"A Schedule DB Part C cash-instrument CUSIP has an exact identifier match in Athene Schedule D, joining the named replication component to a statutory holding row.","CUSIP identity and Schedule D fields are not proof of Schedule DB settlement, counterparty remittance, liability/product hedge allocation, borrower cash, or Apollo owner cash.","Reconcile the matched Schedule D lot to Schedule DB component values, custody/counterparty, derivative cash settlement, liability hedge purpose, and investment-income receipt."
CFAASDBCSD-0532,CFAASDBPC-0535,483,04687#AD0,Interest Rate Swap,67403H-AE-4,OAKCL 2024-28A C,1,CFAASDFR-7568,6003,Oaktree CLO 2024-28 Ltd OAKCL 2024-28A C,1.F,"18,022,732","18,000,000","17,941,212","18,006,486","226,377","735,181",exact-cusip-schedule-d-crosswalk,"A Schedule DB Part C cash-instrument CUSIP has an exact identifier match in Athene Schedule D, joining the named replication component to a statutory holding row.","CUSIP identity and Schedule D fields are not proof of Schedule DB settlement, counterparty remittance, liability/product hedge allocation, borrower cash, or Apollo owner cash.","Reconcile the matched Schedule D lot to Schedule DB component values, custody/counterparty, derivative cash settlement, liability hedge purpose, and investment-income receipt."
CFAASDBCSD-0533,CFAASDBPC-0536,483,04687#AD0,Interest Rate Swap,675944-AJ-1,OCT65 2024-4A D1,1,CFAASDFR-7596,6004,Octagon 65 Ltd OCT65 2024-4A D1,2.C,"26,125,720","26,000,000","25,982,190","26,089,685","349,329","1,986,330",exact-cusip-schedule-d-crosswalk,"A Schedule DB Part C cash-instrument CUSIP has an exact identifier match in Athene Schedule D, joining the named replication component to a statutory holding row.","CUSIP identity and Schedule D fields are not proof of Schedule DB settlement, counterparty remittance, liability/product hedge allocation, borrower cash, or Apollo owner cash.","Reconcile the matched Schedule D lot to Schedule DB component values, custody/counterparty, derivative cash settlement, liability hedge purpose, and investment-income receipt."
CFAASDBCSD-0534,CFAASDBPC-0537,483,04687#AD0,Interest Rate Swap,69688G-AG-3,PLMRS 2024-3A D1,1,CFAASDFR-7622,6004,Palmer Square CLO 2024-3 Ltd PLMRS 2024-3A D1,2.C,"27,541,597","27,500,000","27,481,603","27,529,187","372,750","1,227,216",exact-cusip-schedule-d-crosswalk,"A Schedule DB Part C cash-instrument CUSIP has an exact identifier match in Athene Schedule D, joining the named replication component to a statutory holding row.","CUSIP identity and Schedule D fields are not proof of Schedule DB settlement, counterparty remittance, liability/product hedge allocation, borrower cash, or Apollo owner cash.","Reconcile the matched Schedule D lot to Schedule DB component values, custody/counterparty, derivative cash settlement, liability hedge purpose, and investment-income receipt."
CFAASDBCSD-0535,CFAASDBPC-0538,483,04687#AD0,Interest Rate Swap,72132W-AS-8,PIPK 2019-4A CRR,1,CFAASDFR-7655,6005,Pikes Peak Clo 4 PIPK 2019-4A CRR,1.F,"16,500,000","16,500,000","16,461,555","16,500,000","209,300","1,059,571",exact-cusip-schedule-d-crosswalk,"A Schedule DB Part C cash-instrument CUSIP has an exact identifier match in Athene Schedule D, joining the named replication component to a statutory holding row.","CUSIP identity and Schedule D fields are not proof of Schedule DB settlement, counterparty remittance, liability/product hedge allocation, borrower cash, or Apollo owner cash.","Reconcile the matched Schedule D lot to Schedule DB component values, custody/counterparty, derivative cash settlement, liability hedge purpose, and investment-income receipt."
CFAASDBCSD-0536,CFAASDBPC-0539,483,04687#AD0,Interest Rate Swap,72132W-AU-3,PIPK 2019-4A DRR,1,CFAASDFR-7656,6005,Pikes Peak Clo 4 PIPK 2019-4A DRR,2.C,"21,000,000","21,000,000","20,949,033","21,000,000","318,707","1,593,399",exact-cusip-schedule-d-crosswalk,"A Schedule DB Part C cash-instrument CUSIP has an exact identifier match in Athene Schedule D, joining the named replication component to a statutory holding row.","CUSIP identity and Schedule D fields are not proof of Schedule DB settlement, counterparty remittance, liability/product hedge allocation, borrower cash, or Apollo owner cash.","Reconcile the matched Schedule D lot to Schedule DB component values, custody/counterparty, derivative cash settlement, liability hedge purpose, and investment-income receipt."
CFAASDBCSD-0537,CFAASDBPC-0540,483,04687#AD0,Interest Rate Swap,74938R-AG-7,RAD 2025-30A B,1,CFAASDFR-8158,6015,RAD CLO 30 Ltd RAD 2025-30A B,1.F,"23,100,000","23,100,000","23,121,368","23,100,000","367,165",,exact-cusip-schedule-d-crosswalk,"A Schedule DB Part C cash-instrument CUSIP has an exact identifier match in Athene Schedule D, joining the named replication component to a statutory holding row.","CUSIP identity and Schedule D fields are not proof of Schedule DB settlement, counterparty remittance, liability/product hedge allocation, borrower cash, or Apollo owner cash.","Reconcile the matched Schedule D lot to Schedule DB component values, custody/counterparty, derivative cash settlement, liability hedge purpose, and investment-income receipt."
CFAASDBCSD-0538,CFAASDBPC-0541,483,04687#AD0,Interest Rate Swap,74988A-AL-2,RRAM 2024-31A C2,1,CFAASDFR-8186,6016,RR 31 Ltd RRAM 2024-31A C2,2.B,"2,500,000","2,500,000","2,504,665","2,500,000","42,816","224,034",exact-cusip-schedule-d-crosswalk,"A Schedule DB Part C cash-instrument CUSIP has an exact identifier match in Athene Schedule D, joining the named replication component to a statutory holding row.","CUSIP identity and Schedule D fields are not proof of Schedule DB settlement, counterparty remittance, liability/product hedge allocation, borrower cash, or Apollo owner cash.","Reconcile the matched Schedule D lot to Schedule DB component values, custody/counterparty, derivative cash settlement, liability hedge purpose, and investment-income receipt."
CFAASDBCSD-0539,CFAASDBPC-0542,483,04687#AD0,Interest Rate Swap,74988C-AE-4,RRAM 2024-32RA C1AR,1,CFAASDFR-8188,6016,RR 32 LTD /old RRAM 2024-32RA C1AR,2.B,"18,500,000","18,500,000","18,452,622","18,500,000","268,740","1,347,438",exact-cusip-schedule-d-crosswalk,"A Schedule DB Part C cash-instrument CUSIP has an exact identifier match in Athene Schedule D, joining the named replication component to a statutory holding row.","CUSIP identity and Schedule D fields are not proof of Schedule DB settlement, counterparty remittance, liability/product hedge allocation, borrower cash, or Apollo owner cash.","Reconcile the matched Schedule D lot to Schedule DB component values, custody/counterparty, derivative cash settlement, liability hedge purpose, and investment-income receipt."
CFAASDBCSD-0540,CFAASDBPC-0543,483,04687#AD0,Interest Rate Swap,74989H-AS-1,RRAM 2020-12A BR3,1,CFAASDFR-8197,6016,RR 12 Ltd RRAM 2020-12A BR3,1.F,"20,640,000","20,640,000","20,621,837","20,640,000","264,051","1,335,890",exact-cusip-schedule-d-crosswalk,"A Schedule DB Part C cash-instrument CUSIP has an exact identifier match in Athene Schedule D, joining the named replication component to a statutory holding row.","CUSIP identity and Schedule D fields are not proof of Schedule DB settlement, counterparty remittance, liability/product hedge allocation, borrower cash, or Apollo owner cash.","Reconcile the matched Schedule D lot to Schedule DB component values, custody/counterparty, derivative cash settlement, liability hedge purpose, and investment-income receipt."
CFAASDBCSD-0541,CFAASDBPC-0544,483,04687#AD0,Interest Rate Swap,74989V-AE-1,RRAM 2024-29RA B,1,CFAASDFR-8212,6016,RR 29 LTD RRAM 2024-29RA B,1.F,"25,000,000","25,000,000","25,045,000","25,000,000","319,829","1,618,084",exact-cusip-schedule-d-crosswalk,"A Schedule DB Part C cash-instrument CUSIP has an exact identifier match in Athene Schedule D, joining the named replication component to a statutory holding row.","CUSIP identity and Schedule D fields are not proof of Schedule DB settlement, counterparty remittance, liability/product hedge allocation, borrower cash, or Apollo owner cash.","Reconcile the matched Schedule D lot to Schedule DB component values, custody/counterparty, derivative cash settlement, liability hedge purpose, and investment-income receipt."
CFAASDBCSD-0542,CFAASDBPC-0545,483,04687#AD0,Interest Rate Swap,74989V-AJ-0,RRAM 2024-29RA C2R,1,CFAASDFR-8214,6016,RR 29 LTD RRAM 2024-29RA C2R,2.C,"2,400,000","2,400,000","2,404,932","2,400,000","39,804","197,919",exact-cusip-schedule-d-crosswalk,"A Schedule DB Part C cash-instrument CUSIP has an exact identifier match in Athene Schedule D, joining the named replication component to a statutory holding row.","CUSIP identity and Schedule D fields are not proof of Schedule DB settlement, counterparty remittance, liability/product hedge allocation, borrower cash, or Apollo owner cash.","Reconcile the matched Schedule D lot to Schedule DB component values, custody/counterparty, derivative cash settlement, liability hedge purpose, and investment-income receipt."
CFAASDBCSD-0543,CFAASDBPC-0546,483,04687#AD0,Interest Rate Swap,77341X-AN-3,ROCKT 2022-3A BR,1,CFAASDFR-7702,6006,Rockford Tower CLO 2022-3 Ltd ROCKT 2022-3A BR,1.C,"20,000,000","20,000,000","20,022,320","20,000,000","230,536","1,249,182",exact-cusip-schedule-d-crosswalk,"A Schedule DB Part C cash-instrument CUSIP has an exact identifier match in Athene Schedule D, joining the named replication component to a statutory holding row.","CUSIP identity and Schedule D fields are not proof of Schedule DB settlement, counterparty remittance, liability/product hedge allocation, borrower cash, or Apollo owner cash.","Reconcile the matched Schedule D lot to Schedule DB component values, custody/counterparty, derivative cash settlement, liability hedge purpose, and investment-income receipt."
CFAASDBCSD-0544,CFAASDBPC-0547,483,04687#AD0,Interest Rate Swap,77341X-AS-2,ROCKT 2022-3A D1R,1,CFAASDFR-7704,6006,Rockford Tower CLO 2022-3 Ltd ROCKT 2022-3A D1R,2.B,"8,000,000","8,000,000","7,989,816","8,000,000","117,359","625,051",exact-cusip-schedule-d-crosswalk,"A Schedule DB Part C cash-instrument CUSIP has an exact identifier match in Athene Schedule D, joining the named replication component to a statutory holding row.","CUSIP identity and Schedule D fields are not proof of Schedule DB settlement, counterparty remittance, liability/product hedge allocation, borrower cash, or Apollo owner cash.","Reconcile the matched Schedule D lot to Schedule DB component values, custody/counterparty, derivative cash settlement, liability hedge purpose, and investment-income receipt."
CFAASDBCSD-0545,CFAASDBPC-0548,483,04687#AD0,Interest Rate Swap,78110Q-AG-0,RRAM 2024-33A B,1,CFAASDFR-8255,6017,RR 33 LTD RRAM 2024-33A B,1.E,"30,000,000","30,000,000","29,904,240","30,000,000","377,295","1,678,111",exact-cusip-schedule-d-crosswalk,"A Schedule DB Part C cash-instrument CUSIP has an exact identifier match in Athene Schedule D, joining the named replication component to a statutory holding row.","CUSIP identity and Schedule D fields are not proof of Schedule DB settlement, counterparty remittance, liability/product hedge allocation, borrower cash, or Apollo owner cash.","Reconcile the matched Schedule D lot to Schedule DB component values, custody/counterparty, derivative cash settlement, liability hedge purpose, and investment-income receipt."
CFAASDBCSD-0546,CFAASDBPC-0549,483,04687#AD0,Interest Rate Swap,87252G-AJ-5,TCW 2024-2A C,1,CFAASDFR-7736,6007,TCW CLO 2024-2 Ltd TCW 2024-2A C,1.F,"12,000,000","12,000,000","12,030,948","12,000,000","152,801","930,862",exact-cusip-schedule-d-crosswalk,"A Schedule DB Part C cash-instrument CUSIP has an exact identifier match in Athene Schedule D, joining the named replication component to a statutory holding row.","CUSIP identity and Schedule D fields are not proof of Schedule DB settlement, counterparty remittance, liability/product hedge allocation, borrower cash, or Apollo owner cash.","Reconcile the matched Schedule D lot to Schedule DB component values, custody/counterparty, derivative cash settlement, liability hedge purpose, and investment-income receipt."
CFAASDBCSD-0547,CFAASDBPC-0550,483,04687#AD0,Interest Rate Swap,87252G-AL-0,TCW 2024-2A D1,1,CFAASDFR-7737,6007,TCW CLO 2024-2 Ltd TCW 2024-2A D1,2.C,"9,200,000","9,200,000","9,209,274","9,200,000","139,483","837,094",exact-cusip-schedule-d-crosswalk,"A Schedule DB Part C cash-instrument CUSIP has an exact identifier match in Athene Schedule D, joining the named replication component to a statutory holding row.","CUSIP identity and Schedule D fields are not proof of Schedule DB settlement, counterparty remittance, liability/product hedge allocation, borrower cash, or Apollo owner cash.","Reconcile the matched Schedule D lot to Schedule DB component values, custody/counterparty, derivative cash settlement, liability hedge purpose, and investment-income receipt."
CFAASDBCSD-0548,CFAASDBPC-0551,483,04687#AD0,Interest Rate Swap,92944Y-AL-5,VOYA 2024-5A C,1,CFAASDFR-7798,6008,Voya CLO 2024-5 Ltd VOYA 2024-5A C,1.F,"3,000,000","3,000,000","2,996,145","3,000,000","38,380","189,144",exact-cusip-schedule-d-crosswalk,"A Schedule DB Part C cash-instrument CUSIP has an exact identifier match in Athene Schedule D, joining the named replication component to a statutory holding row.","CUSIP identity and Schedule D fields are not proof of Schedule DB settlement, counterparty remittance, liability/product hedge allocation, borrower cash, or Apollo owner cash.","Reconcile the matched Schedule D lot to Schedule DB component values, custody/counterparty, derivative cash settlement, liability hedge purpose, and investment-income receipt."
CFAASDBCSD-0549,CFAASDBPC-0552,483,04687#AD0,Interest Rate Swap,92944Y-AN-1,VOYA 2024-5A D1A,1,CFAASDFR-7799,6008,Voya CLO 2024-5 Ltd VOYA 2024-5A D1A,2.A,"13,590,480","13,600,000","13,590,902","13,565,020","207,874","1,012,118",exact-cusip-schedule-d-crosswalk,"A Schedule DB Part C cash-instrument CUSIP has an exact identifier match in Athene Schedule D, joining the named replication component to a statutory holding row.","CUSIP identity and Schedule D fields are not proof of Schedule DB settlement, counterparty remittance, liability/product hedge allocation, borrower cash, or Apollo owner cash.","Reconcile the matched Schedule D lot to Schedule DB component values, custody/counterparty, derivative cash settlement, liability hedge purpose, and investment-income receipt."
CFAASDBCSD-0550,CFAASDBPC-0553,483,04687#AD0,Interest Rate Swap,949575-AE-4,WELLI 2024-3A C,1,CFAASDFR-7804,6008,Wellington Management Clo 3 Lt WELLI 2024-3A C,1.F,"19,500,000","19,500,000","19,440,057","19,500,000","230,703","1,507,462",exact-cusip-schedule-d-crosswalk,"A Schedule DB Part C cash-instrument CUSIP has an exact identifier match in Athene Schedule D, joining the named replication component to a statutory holding row.","CUSIP identity and Schedule D fields are not proof of Schedule DB settlement, counterparty remittance, liability/product hedge allocation, borrower cash, or Apollo owner cash.","Reconcile the matched Schedule D lot to Schedule DB component values, custody/counterparty, derivative cash settlement, liability hedge purpose, and investment-income receipt."
CFAASDBCSD-0551,CFAASDBPC-0554,483,04687#AD0,Interest Rate Swap,968209-AG-1,WILDPK 2024-1A C,1,CFAASDFR-7810,6008,Wildwood Park CLO Ltd WILDPK 2024-1A C,1.F,"19,500,000","19,500,000","19,438,341","19,500,000","230,703","1,207,057",exact-cusip-schedule-d-crosswalk,"A Schedule DB Part C cash-instrument CUSIP has an exact identifier match in Athene Schedule D, joining the named replication component to a statutory holding row.","CUSIP identity and Schedule D fields are not proof of Schedule DB settlement, counterparty remittance, liability/product hedge allocation, borrower cash, or Apollo owner cash.","Reconcile the matched Schedule D lot to Schedule DB component values, custody/counterparty, derivative cash settlement, liability hedge purpose, and investment-income receipt."
CFAASDBCSD-0552,CFAASDBPC-0555,483,04687#AD0,Interest Rate Swap,968209-AJ-5,WILDPK 2024-1A D1,1,CFAASDFR-7811,6008,Wildwood Park CLO Ltd WILDPK 2024-1A D1,2.C,"19,500,000","19,500,000","19,548,536","19,500,000","272,222","1,405,551",exact-cusip-schedule-d-crosswalk,"A Schedule DB Part C cash-instrument CUSIP has an exact identifier match in Athene Schedule D, joining the named replication component to a statutory holding row.","CUSIP identity and Schedule D fields are not proof of Schedule DB settlement, counterparty remittance, liability/product hedge allocation, borrower cash, or Apollo owner cash.","Reconcile the matched Schedule D lot to Schedule DB component values, custody/counterparty, derivative cash settlement, liability hedge purpose, and investment-income receipt."
CFAASDBCSD-0553,CFAASDBPC-0556,483,04687#AK4,Interest Rate Swap,03663Y-AC-1,ANTR 2024-5A B,1,CFAASDFR-6581,5983,Antares CLO 2024-5 LLC ANTR 2024-5A B,1.C,"41,511,611","41,500,000","41,114,963","41,500,000","482,569","1,392,191",exact-cusip-schedule-d-crosswalk,"A Schedule DB Part C cash-instrument CUSIP has an exact identifier match in Athene Schedule D, joining the named replication component to a statutory holding row.","CUSIP identity and Schedule D fields are not proof of Schedule DB settlement, counterparty remittance, liability/product hedge allocation, borrower cash, or Apollo owner cash.","Reconcile the matched Schedule D lot to Schedule DB component values, custody/counterparty, derivative cash settlement, liability hedge purpose, and investment-income receipt."
CFAASDBCSD-0554,CFAASDBPC-0557,483,04687#AK4,Interest Rate Swap,03665M-AQ-4,ANTR 2018-1A CR,1,CFAASDFR-7104,5994,Antares CLO 2018-1 Ltd ANTR 2018-1A CR,1.F,"22,890,000","22,890,000","22,602,250","22,890,000","273,131","885,492",exact-cusip-schedule-d-crosswalk,"A Schedule DB Part C cash-instrument CUSIP has an exact identifier match in Athene Schedule D, joining the named replication component to a statutory holding row.","CUSIP identity and Schedule D fields are not proof of Schedule DB settlement, counterparty remittance, liability/product hedge allocation, borrower cash, or Apollo owner cash.","Reconcile the matched Schedule D lot to Schedule DB component values, custody/counterparty, derivative cash settlement, liability hedge purpose, and investment-income receipt."
CFAASDBCSD-0555,CFAASDBPC-0558,483,04687#AK4,Interest Rate Swap,03666J-AC-1,ANTR 2024-3A B,1,CFAASDFR-7112,5994,Antares CLO 2024-3 LLC ANTR 2024-3A B,1.C,"141,748,625","141,750,000","140,383,388","141,748,625","1,662,665","8,580,512",exact-cusip-schedule-d-crosswalk,"A Schedule DB Part C cash-instrument CUSIP has an exact identifier match in Athene Schedule D, joining the named replication component to a statutory holding row.","CUSIP identity and Schedule D fields are not proof of Schedule DB settlement, counterparty remittance, liability/product hedge allocation, borrower cash, or Apollo owner cash.","Reconcile the matched Schedule D lot to Schedule DB component values, custody/counterparty, derivative cash settlement, liability hedge purpose, and investment-income receipt."
CFAASDBCSD-0556,CFAASDBPC-0559,484,04687#AK4,Interest Rate Swap,04017J-AS-0,ARES 2018-49A BR,1,CFAASDFR-7132,5995,Ares XLIX CLO Ltd ARES 2018-49A BR,1.C,"31,250,000","31,250,000","31,286,438","31,250,000","345,592","1,942,967",exact-cusip-schedule-d-crosswalk,"A Schedule DB Part C cash-instrument CUSIP has an exact identifier match in Athene Schedule D, joining the named replication component to a statutory holding row.","CUSIP identity and Schedule D fields are not proof of Schedule DB settlement, counterparty remittance, liability/product hedge allocation, borrower cash, or Apollo owner cash.","Reconcile the matched Schedule D lot to Schedule DB component values, custody/counterparty, derivative cash settlement, liability hedge purpose, and investment-income receipt."
CFAASDBCSD-0557,CFAASDBPC-0560,484,04687#AK4,Interest Rate Swap,14319P-AE-1,CGMS 2024-6A B,1,CFAASDFR-7248,5997,Carlyle US CLO 2024-6 Ltd CGMS 2024-6A B,1.C,"29,000,000","29,000,000","28,964,765","29,000,000","295,499","1,662,954",exact-cusip-schedule-d-crosswalk,"A Schedule DB Part C cash-instrument CUSIP has an exact identifier match in Athene Schedule D, joining the named replication component to a statutory holding row.","CUSIP identity and Schedule D fields are not proof of Schedule DB settlement, counterparty remittance, liability/product hedge allocation, borrower cash, or Apollo owner cash.","Reconcile the matched Schedule D lot to Schedule DB component values, custody/counterparty, derivative cash settlement, liability hedge purpose, and investment-income receipt."
CFAASDBCSD-0558,CFAASDBPC-0561,484,04687#AK4,Interest Rate Swap,14320E-AE-3,CGMS 2025-3A C,1,CFAASDFR-7256,5997,Carlyle US CLO 2025-3 Ltd CGMS 2025-3A C,1.F,"30,500,000","30,500,000","30,326,364","30,500,000","953,161",,exact-cusip-schedule-d-crosswalk,"A Schedule DB Part C cash-instrument CUSIP has an exact identifier match in Athene Schedule D, joining the named replication component to a statutory holding row.","CUSIP identity and Schedule D fields are not proof of Schedule DB settlement, counterparty remittance, liability/product hedge allocation, borrower cash, or Apollo owner cash.","Reconcile the matched Schedule D lot to Schedule DB component values, custody/counterparty, derivative cash settlement, liability hedge purpose, and investment-income receipt."
CFAASDBCSD-0559,CFAASDBPC-0562,484,04687#AK4,Interest Rate Swap,14320E-AG-8,CGMS 2025-3A D,1,CFAASDFR-7257,5997,Carlyle US CLO 2025-3 Ltd CGMS 2025-3A D,2.C,"35,000,000","35,000,000","34,868,295","35,000,000","1,280,604",,exact-cusip-schedule-d-crosswalk,"A Schedule DB Part C cash-instrument CUSIP has an exact identifier match in Athene Schedule D, joining the named replication component to a statutory holding row.","CUSIP identity and Schedule D fields are not proof of Schedule DB settlement, counterparty remittance, liability/product hedge allocation, borrower cash, or Apollo owner cash.","Reconcile the matched Schedule D lot to Schedule DB component values, custody/counterparty, derivative cash settlement, liability hedge purpose, and investment-income receipt."
CFAASDBCSD-0560,CFAASDBPC-0563,484,04687#AK4,Interest Rate Swap,29001M-AE-9,ELM34 2024-10A B,1,CFAASDFR-7336,5999,Elmwood CLO 34 Ltd ELM34 2024-10A B,1.C,"90,000,000","90,000,000","90,156,420","90,000,000","1,060,510","4,993,834",exact-cusip-schedule-d-crosswalk,"A Schedule DB Part C cash-instrument CUSIP has an exact identifier match in Athene Schedule D, joining the named replication component to a statutory holding row.","CUSIP identity and Schedule D fields are not proof of Schedule DB settlement, counterparty remittance, liability/product hedge allocation, borrower cash, or Apollo owner cash.","Reconcile the matched Schedule D lot to Schedule DB component values, custody/counterparty, derivative cash settlement, liability hedge purpose, and investment-income receipt."
CFAASDBCSD-0561,CFAASDBPC-0564,484,04687#AK4,Interest Rate Swap,29004F-AG-6,ELM40 2025-3A D1,1,CFAASDFR-7346,5999,Elmwood CLO 40 Ltd ELM40 2025-3A D1,2.C,"60,000,000","60,000,000","59,997,060","60,000,000","859,006","2,136,019",exact-cusip-schedule-d-crosswalk,"A Schedule DB Part C cash-instrument CUSIP has an exact identifier match in Athene Schedule D, joining the named replication component to a statutory holding row.","CUSIP identity and Schedule D fields are not proof of Schedule DB settlement, counterparty remittance, liability/product hedge allocation, borrower cash, or Apollo owner cash.","Reconcile the matched Schedule D lot to Schedule DB component values, custody/counterparty, derivative cash settlement, liability hedge purpose, and investment-income receipt."
CFAASDBCSD-0562,CFAASDBPC-0565,484,04687#AK4,Interest Rate Swap,38180N-AA-9,GOCAP 2019-44A A1R,1,CFAASDFR-7422,6000,Golub Capital Partners Clo 44M GOCAP 2019-44A A1R,1.A,"150,000,000","150,000,000","150,132,450","150,000,000","1,631,988","8,407,654",exact-cusip-schedule-d-crosswalk,"A Schedule DB Part C cash-instrument CUSIP has an exact identifier match in Athene Schedule D, joining the named replication component to a statutory holding row.","CUSIP identity and Schedule D fields are not proof of Schedule DB settlement, counterparty remittance, liability/product hedge allocation, borrower cash, or Apollo owner cash.","Reconcile the matched Schedule D lot to Schedule DB component values, custody/counterparty, derivative cash settlement, liability hedge purpose, and investment-income receipt."
CFAASDBCSD-0563,CFAASDBPC-0566,484,04687#AK4,Interest Rate Swap,38180N-AE-1,GOCAP 2019-44A BR,1,CFAASDFR-7424,6000,Golub Capital Partners Clo 44M GOCAP 2019-44A BR ..,1.C,"54,800,000","54,800,000","54,194,131","54,800,000","626,908","3,216,938",exact-cusip-schedule-d-crosswalk,"A Schedule DB Part C cash-instrument CUSIP has an exact identifier match in Athene Schedule D, joining the named replication component to a statutory holding row.","CUSIP identity and Schedule D fields are not proof of Schedule DB settlement, counterparty remittance, liability/product hedge allocation, borrower cash, or Apollo owner cash.","Reconcile the matched Schedule D lot to Schedule DB component values, custody/counterparty, derivative cash settlement, liability hedge purpose, and investment-income receipt."
CFAASDBCSD-0564,CFAASDBPC-0567,484,04687#AK4,Interest Rate Swap,38180P-AJ-5,GCBSL 2019-43A D1R,1,CFAASDFR-7428,6001,Golub Capital Partners CLO 43B GCBSL 2019-43A D1R,2.C,"18,943,000","18,943,000","18,930,005","18,943,000","264,446","1,218,973",exact-cusip-schedule-d-crosswalk,"A Schedule DB Part C cash-instrument CUSIP has an exact identifier match in Athene Schedule D, joining the named replication component to a statutory holding row.","CUSIP identity and Schedule D fields are not proof of Schedule DB settlement, counterparty remittance, liability/product hedge allocation, borrower cash, or Apollo owner cash.","Reconcile the matched Schedule D lot to Schedule DB component values, custody/counterparty, derivative cash settlement, liability hedge purpose, and investment-income receipt."
CFAASDBCSD-0565,CFAASDBPC-0568,484,04687#AK4,Interest Rate Swap,381948-AA-6,GOCAP 2020-47A A1AR,1,CFAASDFR-7436,6001,Golub Capital Partners Clo 47M GOCAP 2020-47A A1AR,1.A,"106,114,466","106,000,000","105,995,124","105,975,050","926,539","5,727,901",exact-cusip-schedule-d-crosswalk,"A Schedule DB Part C cash-instrument CUSIP has an exact identifier match in Athene Schedule D, joining the named replication component to a statutory holding row.","CUSIP identity and Schedule D fields are not proof of Schedule DB settlement, counterparty remittance, liability/product hedge allocation, borrower cash, or Apollo owner cash.","Reconcile the matched Schedule D lot to Schedule DB component values, custody/counterparty, derivative cash settlement, liability hedge purpose, and investment-income receipt."
CFAASDBCSD-0566,CFAASDBPC-0569,484,04687#AK4,Interest Rate Swap,55822Y-AJ-4,MDPK 2024-66A D1,1,CFAASDFR-7507,6002,Madison Park Funding LXVI Ltd MDPK 2024-66A D1,2.C,"39,000,000","39,000,000","38,972,973","39,000,000","535,857","2,481,319",exact-cusip-schedule-d-crosswalk,"A Schedule DB Part C cash-instrument CUSIP has an exact identifier match in Athene Schedule D, joining the named replication component to a statutory holding row.","CUSIP identity and Schedule D fields are not proof of Schedule DB settlement, counterparty remittance, liability/product hedge allocation, borrower cash, or Apollo owner cash.","Reconcile the matched Schedule D lot to Schedule DB component values, custody/counterparty, derivative cash settlement, liability hedge purpose, and investment-income receipt."
CFAASDBCSD-0567,CFAASDBPC-0570,484,04687#AK4,Interest Rate Swap,55823D-AG-5,MDPK 2025-72A C,1,CFAASDFR-7508,6002,Madison Park Funding LXXII Ltd MDPK 2025-72A C,1.F,"33,500,000","33,500,000","33,296,019","33,500,000","1,041,534",,exact-cusip-schedule-d-crosswalk,"A Schedule DB Part C cash-instrument CUSIP has an exact identifier match in Athene Schedule D, joining the named replication component to a statutory holding row.","CUSIP identity and Schedule D fields are not proof of Schedule DB settlement, counterparty remittance, liability/product hedge allocation, borrower cash, or Apollo owner cash.","Reconcile the matched Schedule D lot to Schedule DB component values, custody/counterparty, derivative cash settlement, liability hedge purpose, and investment-income receipt."
CFAASDBCSD-0568,CFAASDBPC-0571,484,04687#AK4,Interest Rate Swap,55823D-AJ-9,MDPK 2025-72A D1,1,CFAASDFR-7509,6002,Madison Park Funding LXXII Ltd MDPK 2025-72A D1,2.C,"31,500,000","31,500,000","31,390,317","31,500,000","1,147,485",,exact-cusip-schedule-d-crosswalk,"A Schedule DB Part C cash-instrument CUSIP has an exact identifier match in Athene Schedule D, joining the named replication component to a statutory holding row.","CUSIP identity and Schedule D fields are not proof of Schedule DB settlement, counterparty remittance, liability/product hedge allocation, borrower cash, or Apollo owner cash.","Reconcile the matched Schedule D lot to Schedule DB component values, custody/counterparty, derivative cash settlement, liability hedge purpose, and investment-income receipt."
CFAASDBCSD-0569,CFAASDBPC-0572,484,04687#AK4,Interest Rate Swap,55956M-AJ-8,MAGNE 2025-50A D1,1,CFAASDFR-7523,6002,Magnetite 50 Ltd MAGNE 2025-50A D1,2.C,"38,400,000","38,400,000","38,253,350","38,400,000","1,090,536",,exact-cusip-schedule-d-crosswalk,"A Schedule DB Part C cash-instrument CUSIP has an exact identifier match in Athene Schedule D, joining the named replication component to a statutory holding row.","CUSIP identity and Schedule D fields are not proof of Schedule DB settlement, counterparty remittance, liability/product hedge allocation, borrower cash, or Apollo owner cash.","Reconcile the matched Schedule D lot to Schedule DB component values, custody/counterparty, derivative cash settlement, liability hedge purpose, and investment-income receipt."
CFAASDBCSD-0570,CFAASDBPC-0573,484,04687#AK4,Interest Rate Swap,674436-AE-0,OBRAC 2025-2A B,1,CFAASDFR-7569,6003,Obra CLO 2 Ltd OBRAC 2025-2A B,1.C,"47,125,000","47,125,000","46,880,610","47,125,000","1,427,801",,exact-cusip-schedule-d-crosswalk,"A Schedule DB Part C cash-instrument CUSIP has an exact identifier match in Athene Schedule D, joining the named replication component to a statutory holding row.","CUSIP identity and Schedule D fields are not proof of Schedule DB settlement, counterparty remittance, liability/product hedge allocation, borrower cash, or Apollo owner cash.","Reconcile the matched Schedule D lot to Schedule DB component values, custody/counterparty, derivative cash settlement, liability hedge purpose, and investment-income receipt."
CFAASDBCSD-0571,CFAASDBPC-0574,484,04687#AK4,Interest Rate Swap,68627C-AC-7,ANTOR 2025-5A B,1,CFAASDFR-7612,6004,Orion CLO 2025-5 Ltd ANTOR 2025-5A B,1.C,"35,000,000","35,000,000","34,888,525","35,000,000","403,437","656,060",exact-cusip-schedule-d-crosswalk,"A Schedule DB Part C cash-instrument CUSIP has an exact identifier match in Athene Schedule D, joining the named replication component to a statutory holding row.","CUSIP identity and Schedule D fields are not proof of Schedule DB settlement, counterparty remittance, liability/product hedge allocation, borrower cash, or Apollo owner cash.","Reconcile the matched Schedule D lot to Schedule DB component values, custody/counterparty, derivative cash settlement, liability hedge purpose, and investment-income receipt."
CFAASDBCSD-0572,CFAASDBPC-0575,484,04687#AK4,Interest Rate Swap,74989K-AJ-4,RRAM 2017-2A BR,1,CFAASDFR-8199,6016,RR 2 Ltd RRAM 2017-2A BR,1.F,"45,000,000","45,000,000","45,059,130","45,000,000","581,700","2,940,660",exact-cusip-schedule-d-crosswalk,"A Schedule DB Part C cash-instrument CUSIP has an exact identifier match in Athene Schedule D, joining the named replication component to a statutory holding row.","CUSIP identity and Schedule D fields are not proof of Schedule DB settlement, counterparty remittance, liability/product hedge allocation, borrower cash, or Apollo owner cash.","Reconcile the matched Schedule D lot to Schedule DB component values, custody/counterparty, derivative cash settlement, liability hedge purpose, and investment-income receipt."
CFAASDBCSD-0573,CFAASDBPC-0576,484,04687#AK4,Interest Rate Swap,881936-AE-8,TCIFC 2025-1A C,1,CFAASDFR-7744,6007,Texas Debt Capital CLO 2025-I TCIFC 2025-1A C,1.F,"36,025,891","36,000,000","35,880,696","36,005,799","384,013","1,179,531",exact-cusip-schedule-d-crosswalk,"A Schedule DB Part C cash-instrument CUSIP has an exact identifier match in Athene Schedule D, joining the named replication component to a statutory holding row.","CUSIP identity and Schedule D fields are not proof of Schedule DB settlement, counterparty remittance, liability/product hedge allocation, borrower cash, or Apollo owner cash.","Reconcile the matched Schedule D lot to Schedule DB component values, custody/counterparty, derivative cash settlement, liability hedge purpose, and investment-income receipt."
CFAASDBCSD-0574,CFAASDBPC-0577,484,04687#AK4,Interest Rate Swap,88238E-AG-3,TCIFC 2024-2A C,1,CFAASDFR-7747,6007,Texas Debt Capital CLO 2024-II TCIFC 2024-2A C,1.F,"34,026,320","34,000,000","33,890,486","34,013,813","375,713","1,744,293",exact-cusip-schedule-d-crosswalk,"A Schedule DB Part C cash-instrument CUSIP has an exact identifier match in Athene Schedule D, joining the named replication component to a statutory holding row.","CUSIP identity and Schedule D fields are not proof of Schedule DB settlement, counterparty remittance, liability/product hedge allocation, borrower cash, or Apollo owner cash.","Reconcile the matched Schedule D lot to Schedule DB component values, custody/counterparty, derivative cash settlement, liability hedge purpose, and investment-income receipt."
CFAASDBCSD-0575,CFAASDBPC-0578,484,04687#AN8,Interest Rate Swap,00112H-AC-1,ACREC 2025-FL3 AS,1,CFAASDFR-6079,5973,Acrec 2025 Fl 3 LLC ACREC 2025-FL3 AS,1.A,"30,645,040","30,787,000","30,568,542","30,645,040","64,347","857,745",exact-cusip-schedule-d-crosswalk,"A Schedule DB Part C cash-instrument CUSIP has an exact identifier match in Athene Schedule D, joining the named replication component to a statutory holding row.","CUSIP identity and Schedule D fields are not proof of Schedule DB settlement, counterparty remittance, liability/product hedge allocation, borrower cash, or Apollo owner cash.","Reconcile the matched Schedule D lot to Schedule DB component values, custody/counterparty, derivative cash settlement, liability hedge purpose, and investment-income receipt."
CFAASDBCSD-0576,CFAASDBPC-0579,484,04687#AN8,Interest Rate Swap,00112H-AE-7,ACREC 2025-FL3 B,1,CFAASDFR-6080,5973,Acrec 2025 Fl 3 LLC ACREC 2025-FL3 B,1.D,"5,082,795","5,119,000","5,083,768","5,084,545","11,298","125,597",exact-cusip-schedule-d-crosswalk,"A Schedule DB Part C cash-instrument CUSIP has an exact identifier match in Athene Schedule D, joining the named replication component to a statutory holding row.","CUSIP identity and Schedule D fields are not proof of Schedule DB settlement, counterparty remittance, liability/product hedge allocation, borrower cash, or Apollo owner cash.","Reconcile the matched Schedule D lot to Schedule DB component values, custody/counterparty, derivative cash settlement, liability hedge purpose, and investment-income receipt."
CFAASDBCSD-0577,CFAASDBPC-0580,484,04687#AN8,Interest Rate Swap,02300A-AA-8,AMAPS 1 LLC - Tranche A Note,1,CFAASDFR-8510,6023,AMAPS 1 LLC AMAPS 1 LLC - Tranche A Note,1.F,"1,917,500,000","1,917,500,000","1,917,500,000","1,917,500,000","48,871,440",,exact-cusip-schedule-d-crosswalk,"A Schedule DB Part C cash-instrument CUSIP has an exact identifier match in Athene Schedule D, joining the named replication component to a statutory holding row.","CUSIP identity and Schedule D fields are not proof of Schedule DB settlement, counterparty remittance, liability/product hedge allocation, borrower cash, or Apollo owner cash.","Reconcile the matched Schedule D lot to Schedule DB component values, custody/counterparty, derivative cash settlement, liability hedge purpose, and investment-income receipt."
CFAASDBCSD-0578,CFAASDBPC-0581,484,04687#AN8,Interest Rate Swap,05555M-AC-3,BDS 2024-FL13 AS,1,CFAASDFR-6554,5983,BDS 2024-FL13 LLC BDS 2024-FL13 AS,1.A,"30,224,250","30,300,000","30,236,128","30,224,250","62,578","1,931,326",exact-cusip-schedule-d-crosswalk,"A Schedule DB Part C cash-instrument CUSIP has an exact identifier match in Athene Schedule D, joining the named replication component to a statutory holding row.","CUSIP identity and Schedule D fields are not proof of Schedule DB settlement, counterparty remittance, liability/product hedge allocation, borrower cash, or Apollo owner cash.","Reconcile the matched Schedule D lot to Schedule DB component values, custody/counterparty, derivative cash settlement, liability hedge purpose, and investment-income receipt."
CFAASDBCSD-0579,CFAASDBPC-0582,484,04687#AN8,Interest Rate Swap,05613R-AA-6,BSPRT 2024-FL11 A,1,CFAASDFR-6130,5974,BSPRT 2024-FL11 Issuer LLC BSPRT 2024-FL11 A,1.A,"211,963,438","212,500,000","212,594,265","211,963,438","540,683","12,677,528",exact-cusip-schedule-d-crosswalk,"A Schedule DB Part C cash-instrument CUSIP has an exact identifier match in Athene Schedule D, joining the named replication component to a statutory holding row.","CUSIP identity and Schedule D fields are not proof of Schedule DB settlement, counterparty remittance, liability/product hedge allocation, borrower cash, or Apollo owner cash.","Reconcile the matched Schedule D lot to Schedule DB component values, custody/counterparty, derivative cash settlement, liability hedge purpose, and investment-income receipt."
CFAASDBCSD-0580,CFAASDBPC-0583,484,04687#AN8,Interest Rate Swap,07387A-EG-6,BSARM 2005-9 A1,4,CFAASDFR-3969,5924,Bear Stearns ARM Trust 2005-9 BSARM 2005-9 A1,1.A,"1,569,235","1,592,480","1,505,018","1,567,536","7,843","91,163",exact-cusip-multiple-schedule-d-rows,"A Schedule DB Part C cash-instrument CUSIP has an exact identifier match in Athene Schedule D, joining the named replication component to a statutory holding row.","CUSIP identity and Schedule D fields are not proof of Schedule DB settlement, counterparty remittance, liability/product hedge allocation, borrower cash, or Apollo owner cash.","Reconcile the matched Schedule D lot to Schedule DB component values, custody/counterparty, derivative cash settlement, liability hedge purpose, and investment-income receipt."
CFAASDBCSD-0581,CFAASDBPC-0583,484,04687#AN8,Interest Rate Swap,07387A-EG-6,BSARM 2005-9 A1,4,CFAASDFR-3970,5925,Bear Stearns ARM Trust 2005-9 BSARM 2005-9 A1,1.B,"112,538","111,943","105,795","112,446",551,"6,408",exact-cusip-multiple-schedule-d-rows,"A Schedule DB Part C cash-instrument CUSIP has an exact identifier match in Athene Schedule D, joining the named replication component to a statutory holding row.","CUSIP identity and Schedule D fields are not proof of Schedule DB settlement, counterparty remittance, liability/product hedge allocation, borrower cash, or Apollo owner cash.","Reconcile the matched Schedule D lot to Schedule DB component values, custody/counterparty, derivative cash settlement, liability hedge purpose, and investment-income receipt."
CFAASDBCSD-0582,CFAASDBPC-0583,484,04687#AN8,Interest Rate Swap,07387A-EG-6,BSARM 2005-9 A1,4,CFAASDFR-3971,5925,Bear Stearns ARM Trust 2005-9 BSARM 2005-9 A1,1.C,"837,796","831,946","786,254","836,726","4,097","47,625",exact-cusip-multiple-schedule-d-rows,"A Schedule DB Part C cash-instrument CUSIP has an exact identifier match in Athene Schedule D, joining the named replication component to a statutory holding row.","CUSIP identity and Schedule D fields are not proof of Schedule DB settlement, counterparty remittance, liability/product hedge allocation, borrower cash, or Apollo owner cash.","Reconcile the matched Schedule D lot to Schedule DB component values, custody/counterparty, derivative cash settlement, liability hedge purpose, and investment-income receipt."
CFAASDBCSD-0583,CFAASDBPC-0583,484,04687#AN8,Interest Rate Swap,07387A-EG-6,BSARM 2005-9 A1,4,CFAASDFR-3972,5925,Bear Stearns ARM Trust 2005-9 BSARM 2005-9 A1,2.A,"1,162,918","1,148,561","1,085,480","1,168,603","5,657","65,750",exact-cusip-multiple-schedule-d-rows,"A Schedule DB Part C cash-instrument CUSIP has an exact identifier match in Athene Schedule D, joining the named replication component to a statutory holding row.","CUSIP identity and Schedule D fields are not proof of Schedule DB settlement, counterparty remittance, liability/product hedge allocation, borrower cash, or Apollo owner cash.","Reconcile the matched Schedule D lot to Schedule DB component values, custody/counterparty, derivative cash settlement, liability hedge purpose, and investment-income receipt."
CFAASDBCSD-0584,CFAASDBPC-0584,484,04687#AN8,Interest Rate Swap,07387A-EG-6,BSARM 2005-9 A1,4,CFAASDFR-3969,5924,Bear Stearns ARM Trust 2005-9 BSARM 2005-9 A1,1.A,"1,569,235","1,592,480","1,505,018","1,567,536","7,843","91,163",exact-cusip-multiple-schedule-d-rows,"A Schedule DB Part C cash-instrument CUSIP has an exact identifier match in Athene Schedule D, joining the named replication component to a statutory holding row.","CUSIP identity and Schedule D fields are not proof of Schedule DB settlement, counterparty remittance, liability/product hedge allocation, borrower cash, or Apollo owner cash.","Reconcile the matched Schedule D lot to Schedule DB component values, custody/counterparty, derivative cash settlement, liability hedge purpose, and investment-income receipt."
CFAASDBCSD-0585,CFAASDBPC-0584,484,04687#AN8,Interest Rate Swap,07387A-EG-6,BSARM 2005-9 A1,4,CFAASDFR-3970,5925,Bear Stearns ARM Trust 2005-9 BSARM 2005-9 A1,1.B,"112,538","111,943","105,795","112,446",551,"6,408",exact-cusip-multiple-schedule-d-rows,"A Schedule DB Part C cash-instrument CUSIP has an exact identifier match in Athene Schedule D, joining the named replication component to a statutory holding row.","CUSIP identity and Schedule D fields are not proof of Schedule DB settlement, counterparty remittance, liability/product hedge allocation, borrower cash, or Apollo owner cash.","Reconcile the matched Schedule D lot to Schedule DB component values, custody/counterparty, derivative cash settlement, liability hedge purpose, and investment-income receipt."
CFAASDBCSD-0586,CFAASDBPC-0584,484,04687#AN8,Interest Rate Swap,07387A-EG-6,BSARM 2005-9 A1,4,CFAASDFR-3971,5925,Bear Stearns ARM Trust 2005-9 BSARM 2005-9 A1,1.C,"837,796","831,946","786,254","836,726","4,097","47,625",exact-cusip-multiple-schedule-d-rows,"A Schedule DB Part C cash-instrument CUSIP has an exact identifier match in Athene Schedule D, joining the named replication component to a statutory holding row.","CUSIP identity and Schedule D fields are not proof of Schedule DB settlement, counterparty remittance, liability/product hedge allocation, borrower cash, or Apollo owner cash.","Reconcile the matched Schedule D lot to Schedule DB component values, custody/counterparty, derivative cash settlement, liability hedge purpose, and investment-income receipt."
CFAASDBCSD-0587,CFAASDBPC-0584,484,04687#AN8,Interest Rate Swap,07387A-EG-6,BSARM 2005-9 A1,4,CFAASDFR-3972,5925,Bear Stearns ARM Trust 2005-9 BSARM 2005-9 A1,2.A,"1,162,918","1,148,561","1,085,480","1,168,603","5,657","65,750",exact-cusip-multiple-schedule-d-rows,"A Schedule DB Part C cash-instrument CUSIP has an exact identifier match in Athene Schedule D, joining the named replication component to a statutory holding row.","CUSIP identity and Schedule D fields are not proof of Schedule DB settlement, counterparty remittance, liability/product hedge allocation, borrower cash, or Apollo owner cash.","Reconcile the matched Schedule D lot to Schedule DB component values, custody/counterparty, derivative cash settlement, liability hedge purpose, and investment-income receipt."
CFAASDBCSD-0588,CFAASDBPC-0585,484,04687#AN8,Interest Rate Swap,07387A-EG-6,BSARM 2005-9 A1,4,CFAASDFR-3969,5924,Bear Stearns ARM Trust 2005-9 BSARM 2005-9 A1,1.A,"1,569,235","1,592,480","1,505,018","1,567,536","7,843","91,163",exact-cusip-multiple-schedule-d-rows,"A Schedule DB Part C cash-instrument CUSIP has an exact identifier match in Athene Schedule D, joining the named replication component to a statutory holding row.","CUSIP identity and Schedule D fields are not proof of Schedule DB settlement, counterparty remittance, liability/product hedge allocation, borrower cash, or Apollo owner cash.","Reconcile the matched Schedule D lot to Schedule DB component values, custody/counterparty, derivative cash settlement, liability hedge purpose, and investment-income receipt."
CFAASDBCSD-0589,CFAASDBPC-0585,484,04687#AN8,Interest Rate Swap,07387A-EG-6,BSARM 2005-9 A1,4,CFAASDFR-3970,5925,Bear Stearns ARM Trust 2005-9 BSARM 2005-9 A1,1.B,"112,538","111,943","105,795","112,446",551,"6,408",exact-cusip-multiple-schedule-d-rows,"A Schedule DB Part C cash-instrument CUSIP has an exact identifier match in Athene Schedule D, joining the named replication component to a statutory holding row.","CUSIP identity and Schedule D fields are not proof of Schedule DB settlement, counterparty remittance, liability/product hedge allocation, borrower cash, or Apollo owner cash.","Reconcile the matched Schedule D lot to Schedule DB component values, custody/counterparty, derivative cash settlement, liability hedge purpose, and investment-income receipt."
CFAASDBCSD-0590,CFAASDBPC-0585,484,04687#AN8,Interest Rate Swap,07387A-EG-6,BSARM 2005-9 A1,4,CFAASDFR-3971,5925,Bear Stearns ARM Trust 2005-9 BSARM 2005-9 A1,1.C,"837,796","831,946","786,254","836,726","4,097","47,625",exact-cusip-multiple-schedule-d-rows,"A Schedule DB Part C cash-instrument CUSIP has an exact identifier match in Athene Schedule D, joining the named replication component to a statutory holding row.","CUSIP identity and Schedule D fields are not proof of Schedule DB settlement, counterparty remittance, liability/product hedge allocation, borrower cash, or Apollo owner cash.","Reconcile the matched Schedule D lot to Schedule DB component values, custody/counterparty, derivative cash settlement, liability hedge purpose, and investment-income receipt."
CFAASDBCSD-0591,CFAASDBPC-0585,484,04687#AN8,Interest Rate Swap,07387A-EG-6,BSARM 2005-9 A1,4,CFAASDFR-3972,5925,Bear Stearns ARM Trust 2005-9 BSARM 2005-9 A1,2.A,"1,162,918","1,148,561","1,085,480","1,168,603","5,657","65,750",exact-cusip-multiple-schedule-d-rows,"A Schedule DB Part C cash-instrument CUSIP has an exact identifier match in Athene Schedule D, joining the named replication component to a statutory holding row.","CUSIP identity and Schedule D fields are not proof of Schedule DB settlement, counterparty remittance, liability/product hedge allocation, borrower cash, or Apollo owner cash.","Reconcile the matched Schedule D lot to Schedule DB component values, custody/counterparty, derivative cash settlement, liability hedge purpose, and investment-income receipt."
CFAASDBCSD-0592,CFAASDBPC-0586,484,04687#AN8,Interest Rate Swap,07387A-EG-6,BSARM 2005-9 A1,4,CFAASDFR-3969,5924,Bear Stearns ARM Trust 2005-9 BSARM 2005-9 A1,1.A,"1,569,235","1,592,480","1,505,018","1,567,536","7,843","91,163",exact-cusip-multiple-schedule-d-rows,"A Schedule DB Part C cash-instrument CUSIP has an exact identifier match in Athene Schedule D, joining the named replication component to a statutory holding row.","CUSIP identity and Schedule D fields are not proof of Schedule DB settlement, counterparty remittance, liability/product hedge allocation, borrower cash, or Apollo owner cash.","Reconcile the matched Schedule D lot to Schedule DB component values, custody/counterparty, derivative cash settlement, liability hedge purpose, and investment-income receipt."
CFAASDBCSD-0593,CFAASDBPC-0586,484,04687#AN8,Interest Rate Swap,07387A-EG-6,BSARM 2005-9 A1,4,CFAASDFR-3970,5925,Bear Stearns ARM Trust 2005-9 BSARM 2005-9 A1,1.B,"112,538","111,943","105,795","112,446",551,"6,408",exact-cusip-multiple-schedule-d-rows,"A Schedule DB Part C cash-instrument CUSIP has an exact identifier match in Athene Schedule D, joining the named replication component to a statutory holding row.","CUSIP identity and Schedule D fields are not proof of Schedule DB settlement, counterparty remittance, liability/product hedge allocation, borrower cash, or Apollo owner cash.","Reconcile the matched Schedule D lot to Schedule DB component values, custody/counterparty, derivative cash settlement, liability hedge purpose, and investment-income receipt."
CFAASDBCSD-0594,CFAASDBPC-0586,484,04687#AN8,Interest Rate Swap,07387A-EG-6,BSARM 2005-9 A1,4,CFAASDFR-3971,5925,Bear Stearns ARM Trust 2005-9 BSARM 2005-9 A1,1.C,"837,796","831,946","786,254","836,726","4,097","47,625",exact-cusip-multiple-schedule-d-rows,"A Schedule DB Part C cash-instrument CUSIP has an exact identifier match in Athene Schedule D, joining the named replication component to a statutory holding row.","CUSIP identity and Schedule D fields are not proof of Schedule DB settlement, counterparty remittance, liability/product hedge allocation, borrower cash, or Apollo owner cash.","Reconcile the matched Schedule D lot to Schedule DB component values, custody/counterparty, derivative cash settlement, liability hedge purpose, and investment-income receipt."
CFAASDBCSD-0595,CFAASDBPC-0586,484,04687#AN8,Interest Rate Swap,07387A-EG-6,BSARM 2005-9 A1,4,CFAASDFR-3972,5925,Bear Stearns ARM Trust 2005-9 BSARM 2005-9 A1,2.A,"1,162,918","1,148,561","1,085,480","1,168,603","5,657","65,750",exact-cusip-multiple-schedule-d-rows,"A Schedule DB Part C cash-instrument CUSIP has an exact identifier match in Athene Schedule D, joining the named replication component to a statutory holding row.","CUSIP identity and Schedule D fields are not proof of Schedule DB settlement, counterparty remittance, liability/product hedge allocation, borrower cash, or Apollo owner cash.","Reconcile the matched Schedule D lot to Schedule DB component values, custody/counterparty, derivative cash settlement, liability hedge purpose, and investment-income receipt."
CFAASDBCSD-0596,CFAASDBPC-0587,484,04687#AN8,Interest Rate Swap,30338W-AA-7,FSRIA 2024-FL9 AS,1,CFAASDFR-6315,5978,FS Rialto 2024-FL9 Issuer LLC FSRIA 2024-FL9 AS,1.A,"23,740,500","23,800,000","23,857,801","23,740,500","50,064","1,532,055",exact-cusip-schedule-d-crosswalk,"A Schedule DB Part C cash-instrument CUSIP has an exact identifier match in Athene Schedule D, joining the named replication component to a statutory holding row.","CUSIP identity and Schedule D fields are not proof of Schedule DB settlement, counterparty remittance, liability/product hedge allocation, borrower cash, or Apollo owner cash.","Reconcile the matched Schedule D lot to Schedule DB component values, custody/counterparty, derivative cash settlement, liability hedge purpose, and investment-income receipt."
CFAASDBCSD-0597,CFAASDBPC-0588,485,04687#AN8,Interest Rate Swap,30338W-AL-3,FSRIA 2024-FL9 A,1,CFAASDFR-6317,5978,FS Rialto 2024-FL9 Issuer LLC FSRIA 2024-FL9 A,1.A,"155,501,273","155,891,000","155,745,975","155,501,273","301,830","9,302,450",exact-cusip-schedule-d-crosswalk,"A Schedule DB Part C cash-instrument CUSIP has an exact identifier match in Athene Schedule D, joining the named replication component to a statutory holding row.","CUSIP identity and Schedule D fields are not proof of Schedule DB settlement, counterparty remittance, liability/product hedge allocation, borrower cash, or Apollo owner cash.","Reconcile the matched Schedule D lot to Schedule DB component values, custody/counterparty, derivative cash settlement, liability hedge purpose, and investment-income receipt."
CFAASDBCSD-0598,CFAASDBPC-0589,485,04687#AN8,Interest Rate Swap,30340K-AC-5,FSRIA 2025-FL10 AS,1,CFAASDFR-6318,5978,FS Rialto 2025-FL10 Issuer LLC FSRIA 2025-FL10 AS,1.A,"39,900,000","40,000,000","39,545,840","39,903,341","76,903","1,964,548",exact-cusip-schedule-d-crosswalk,"A Schedule DB Part C cash-instrument CUSIP has an exact identifier match in Athene Schedule D, joining the named replication component to a statutory holding row.","CUSIP identity and Schedule D fields are not proof of Schedule DB settlement, counterparty remittance, liability/product hedge allocation, borrower cash, or Apollo owner cash.","Reconcile the matched Schedule D lot to Schedule DB component values, custody/counterparty, derivative cash settlement, liability hedge purpose, and investment-income receipt."
CFAASDBCSD-0599,CFAASDBPC-0590,485,04687#AN8,Interest Rate Swap,45339N-AC-0,INCREF 2025-FL1 AS,1,CFAASDFR-6346,5978,INCREF 2025-FL1 LLC INCREF 2025-FL1 AS,1.A,"65,997,566","66,163,000","66,337,426","65,840,848","140,216","2,640,344",exact-cusip-schedule-d-crosswalk,"A Schedule DB Part C cash-instrument CUSIP has an exact identifier match in Athene Schedule D, joining the named replication component to a statutory holding row.","CUSIP identity and Schedule D fields are not proof of Schedule DB settlement, counterparty remittance, liability/product hedge allocation, borrower cash, or Apollo owner cash.","Reconcile the matched Schedule D lot to Schedule DB component values, custody/counterparty, derivative cash settlement, liability hedge purpose, and investment-income receipt."
CFAASDBCSD-0600,CFAASDBPC-0591,485,04687#AN8,Interest Rate Swap,53947F-AC-5,LNCR 2025-CRE8 AS,1,CFAASDFR-6374,5979,LoanCore 2025 2025-CRE8 Issuer LNCR 2025-CRE8 AS ..,1.A,"31,421,250","31,500,000","31,354,577","31,421,250","69,911","1,567,858",exact-cusip-schedule-d-crosswalk,"A Schedule DB Part C cash-instrument CUSIP has an exact identifier match in Athene Schedule D, joining the named replication component to a statutory holding row.","CUSIP identity and Schedule D fields are not proof of Schedule DB settlement, counterparty remittance, liability/product hedge allocation, borrower cash, or Apollo owner cash.","Reconcile the matched Schedule D lot to Schedule DB component values, custody/counterparty, derivative cash settlement, liability hedge purpose, and investment-income receipt."
CFAASDBCSD-0601,CFAASDBPC-0592,485,04687#AN8,Interest Rate Swap,55285H-AA-0,MF1 2022-B1 A,1,CFAASDFR-6381,5979,MF1 2022-B1 LLC MF1 2022-B1 A,1.A,"878,167,151","880,276,500","882,796,820","879,633,424","2,111,064","54,749,052",exact-cusip-schedule-d-crosswalk,"A Schedule DB Part C cash-instrument CUSIP has an exact identifier match in Athene Schedule D, joining the named replication component to a statutory holding row.","CUSIP identity and Schedule D fields are not proof of Schedule DB settlement, counterparty remittance, liability/product hedge allocation, borrower cash, or Apollo owner cash.","Reconcile the matched Schedule D lot to Schedule DB component values, custody/counterparty, derivative cash settlement, liability hedge purpose, and investment-income receipt."
CFAASDBCSD-0602,CFAASDBPC-0593,485,04687#AN8,Interest Rate Swap,55287E-AA-5,MF1 2024-FL16 A,1,CFAASDFR-6387,5979,MF1 2024-FL16 MF1 2024-FL16 A,1.A,"48,189,225","48,310,000","48,395,079","48,189,225","99,111","2,842,534",exact-cusip-schedule-d-crosswalk,"A Schedule DB Part C cash-instrument CUSIP has an exact identifier match in Athene Schedule D, joining the named replication component to a statutory holding row.","CUSIP identity and Schedule D fields are not proof of Schedule DB settlement, counterparty remittance, liability/product hedge allocation, borrower cash, or Apollo owner cash.","Reconcile the matched Schedule D lot to Schedule DB component values, custody/counterparty, derivative cash settlement, liability hedge purpose, and investment-income receipt."
CFAASDBCSD-0603,CFAASDBPC-0594,485,04687#AN8,Interest Rate Swap,55287H-AC-4,MF1 2025-FL17 AS,1,CFAASDFR-6392,5979,MF1 2025-FL17 LLC MF1 2025-FL17 AS,1.A,"65,618,044","65,782,500","65,636,765","65,618,044","135,751","3,349,071",exact-cusip-schedule-d-crosswalk,"A Schedule DB Part C cash-instrument CUSIP has an exact identifier match in Athene Schedule D, joining the named replication component to a statutory holding row.","CUSIP identity and Schedule D fields are not proof of Schedule DB settlement, counterparty remittance, liability/product hedge allocation, borrower cash, or Apollo owner cash.","Reconcile the matched Schedule D lot to Schedule DB component values, custody/counterparty, derivative cash settlement, liability hedge purpose, and investment-income receipt."
CFAASDBCSD-0604,CFAASDBPC-0595,485,04687#AN8,Interest Rate Swap,55287H-AG-5,MF1 2025-FL17 C,1,CFAASDFR-6394,5979,MF1 2025-FL17 LLC MF1 2025-FL17 C,1.G,"20,200,373","20,251,000","20,182,529","20,201,463","45,886","1,123,146",exact-cusip-schedule-d-crosswalk,"A Schedule DB Part C cash-instrument CUSIP has an exact identifier match in Athene Schedule D, joining the named replication component to a statutory holding row.","CUSIP identity and Schedule D fields are not proof of Schedule DB settlement, counterparty remittance, liability/product hedge allocation, borrower cash, or Apollo owner cash.","Reconcile the matched Schedule D lot to Schedule DB component values, custody/counterparty, derivative cash settlement, liability hedge purpose, and investment-income receipt."
CFAASDBCSD-0605,CFAASDBPC-0596,485,04687#AN8,Interest Rate Swap,69382J-AD-3,PFP 2025-12 C,1,CFAASDFR-6544,5982,PFP 2025-12 Ltd PFP 2025-12 C,1.G,"20,517,656","20,500,000","20,511,248","20,489,978","50,033","666,814",exact-cusip-schedule-d-crosswalk,"A Schedule DB Part C cash-instrument CUSIP has an exact identifier match in Athene Schedule D, joining the named replication component to a statutory holding row.","CUSIP identity and Schedule D fields are not proof of Schedule DB settlement, counterparty remittance, liability/product hedge allocation, borrower cash, or Apollo owner cash.","Reconcile the matched Schedule D lot to Schedule DB component values, custody/counterparty, derivative cash settlement, liability hedge purpose, and investment-income receipt."
CFAASDBCSD-0606,CFAASDBPC-0597,485,04687#AN8,Interest Rate Swap,91835W-AA-7,Varde Partners Inc,1,CFAASDFR-6455,5981,VMC Finance 2025-PV2 LLC Varde Partners Inc,1.A,"422,545,027","423,604,080","425,258,466","422,173,543","916,672","16,119,135",exact-cusip-schedule-d-crosswalk,"A Schedule DB Part C cash-instrument CUSIP has an exact identifier match in Athene Schedule D, joining the named replication component to a statutory holding row.","CUSIP identity and Schedule D fields are not proof of Schedule DB settlement, counterparty remittance, liability/product hedge allocation, borrower cash, or Apollo owner cash.","Reconcile the matched Schedule D lot to Schedule DB component values, custody/counterparty, derivative cash settlement, liability hedge purpose, and investment-income receipt."
CFAASDBCSD-0607,CFAASDBPC-0598,485,12776*SS7,Interest Rate Swap Credit Default Swap,91835W-AA-7,Varde Partners Inc,1,CFAASDFR-6455,5981,VMC Finance 2025-PV2 LLC Varde Partners Inc,1.A,"422,545,027","423,604,080","425,258,466","422,173,543","916,672","16,119,135",exact-cusip-schedule-d-crosswalk,"A Schedule DB Part C cash-instrument CUSIP has an exact identifier match in Athene Schedule D, joining the named replication component to a statutory holding row.","CUSIP identity and Schedule D fields are not proof of Schedule DB settlement, counterparty remittance, liability/product hedge allocation, borrower cash, or Apollo owner cash.","Reconcile the matched Schedule D lot to Schedule DB component values, custody/counterparty, derivative cash settlement, liability hedge purpose, and investment-income receipt."
CFAASDBCSD-0608,CFAASDBPC-0599,485,12776*SS7,Credit Default Swap Credit Default Swap,912810-TC-2,US TREASURY N/B,1,CFAASDFR-0034,5836,United States Treasury Note/Bo US TREASURY N/B,1.A,"935,611,719","974,000,000","681,024,209","941,996,582","2,448,603","19,480,000",exact-cusip-schedule-d-crosswalk,"A Schedule DB Part C cash-instrument CUSIP has an exact identifier match in Athene Schedule D, joining the named replication component to a statutory holding row.","CUSIP identity and Schedule D fields are not proof of Schedule DB settlement, counterparty remittance, liability/product hedge allocation, borrower cash, or Apollo owner cash.","Reconcile the matched Schedule D lot to Schedule DB component values, custody/counterparty, derivative cash settlement, liability hedge purpose, and investment-income receipt."
CFAASDBCSD-0609,CFAASDBPC-0600,485,12776*SQ1,Credit Default Swap Credit Default Swap,912810-TC-2,US TREASURY N/B,1,CFAASDFR-0034,5836,United States Treasury Note/Bo US TREASURY N/B,1.A,"935,611,719","974,000,000","681,024,209","941,996,582","2,448,603","19,480,000",exact-cusip-schedule-d-crosswalk,"A Schedule DB Part C cash-instrument CUSIP has an exact identifier match in Athene Schedule D, joining the named replication component to a statutory holding row.","CUSIP identity and Schedule D fields are not proof of Schedule DB settlement, counterparty remittance, liability/product hedge allocation, borrower cash, or Apollo owner cash.","Reconcile the matched Schedule D lot to Schedule DB component values, custody/counterparty, derivative cash settlement, liability hedge purpose, and investment-income receipt."
CFAASDBCSD-0610,CFAASDBPC-0601,485,12776*SQ1,Credit Default Swap Credit Default Swap,912810-TC-2,US TREASURY N/B,1,CFAASDFR-0034,5836,United States Treasury Note/Bo US TREASURY N/B,1.A,"935,611,719","974,000,000","681,024,209","941,996,582","2,448,603","19,480,000",exact-cusip-schedule-d-crosswalk,"A Schedule DB Part C cash-instrument CUSIP has an exact identifier match in Athene Schedule D, joining the named replication component to a statutory holding row.","CUSIP identity and Schedule D fields are not proof of Schedule DB settlement, counterparty remittance, liability/product hedge allocation, borrower cash, or Apollo owner cash.","Reconcile the matched Schedule D lot to Schedule DB component values, custody/counterparty, derivative cash settlement, liability hedge purpose, and investment-income receipt."
CFAASDBCSD-0611,CFAASDBPC-0602,485,12776*TE7,Credit Default Swap Credit Default Swap,912810-TC-2,US TREASURY N/B,1,CFAASDFR-0034,5836,United States Treasury Note/Bo US TREASURY N/B,1.A,"935,611,719","974,000,000","681,024,209","941,996,582","2,448,603","19,480,000",exact-cusip-schedule-d-crosswalk,"A Schedule DB Part C cash-instrument CUSIP has an exact identifier match in Athene Schedule D, joining the named replication component to a statutory holding row.","CUSIP identity and Schedule D fields are not proof of Schedule DB settlement, counterparty remittance, liability/product hedge allocation, borrower cash, or Apollo owner cash.","Reconcile the matched Schedule D lot to Schedule DB component values, custody/counterparty, derivative cash settlement, liability hedge purpose, and investment-income receipt."
CFAASDBCSD-0612,CFAASDBPC-0603,485,12776*TE7,Credit Default Swap Credit Default Swap,912810-TC-2,US TREASURY N/B,1,CFAASDFR-0034,5836,United States Treasury Note/Bo US TREASURY N/B,1.A,"935,611,719","974,000,000","681,024,209","941,996,582","2,448,603","19,480,000",exact-cusip-schedule-d-crosswalk,"A Schedule DB Part C cash-instrument CUSIP has an exact identifier match in Athene Schedule D, joining the named replication component to a statutory holding row.","CUSIP identity and Schedule D fields are not proof of Schedule DB settlement, counterparty remittance, liability/product hedge allocation, borrower cash, or Apollo owner cash.","Reconcile the matched Schedule D lot to Schedule DB component values, custody/counterparty, derivative cash settlement, liability hedge purpose, and investment-income receipt."
CFAASDBCSD-0613,CFAASDBPC-0604,485,04687#AE8,Interest Rate Swap,00119C-AS-0,AGL 2022-20A BR,1,CFAASDFR-7015,5992,AGL CLO 20 Ltd AGL 2022-20A BR,1.B,"7,500,000","7,500,000","7,517,685","7,500,000","85,690","464,652",exact-cusip-schedule-d-crosswalk,"A Schedule DB Part C cash-instrument CUSIP has an exact identifier match in Athene Schedule D, joining the named replication component to a statutory holding row.","CUSIP identity and Schedule D fields are not proof of Schedule DB settlement, counterparty remittance, liability/product hedge allocation, borrower cash, or Apollo owner cash.","Reconcile the matched Schedule D lot to Schedule DB component values, custody/counterparty, derivative cash settlement, liability hedge purpose, and investment-income receipt."
CFAASDBCSD-0614,CFAASDBPC-0605,485,04687#AE8,Interest Rate Swap,00119C-AW-1,AGL 2022-20A D1R,1,CFAASDFR-7017,5992,AGL CLO 20 Ltd AGL 2022-20A D1R,2.A,"24,750,000","24,750,000","24,733,170","24,750,000","345,513","1,846,163",exact-cusip-schedule-d-crosswalk,"A Schedule DB Part C cash-instrument CUSIP has an exact identifier match in Athene Schedule D, joining the named replication component to a statutory holding row.","CUSIP identity and Schedule D fields are not proof of Schedule DB settlement, counterparty remittance, liability/product hedge allocation, borrower cash, or Apollo owner cash.","Reconcile the matched Schedule D lot to Schedule DB component values, custody/counterparty, derivative cash settlement, liability hedge purpose, and investment-income receipt."
CFAASDBCSD-0615,CFAASDBPC-0606,485,04687#AE8,Interest Rate Swap,00119F-AU-8,AGL 2022-21A D1R,1,CFAASDFR-7019,5992,AGL CLO 21 Ltd AGL 2022-21A D1R,2.B,"5,190,750","5,400,000","5,372,276","5,249,634","74,736","300,825",exact-cusip-schedule-d-crosswalk,"A Schedule DB Part C cash-instrument CUSIP has an exact identifier match in Athene Schedule D, joining the named replication component to a statutory holding row.","CUSIP identity and Schedule D fields are not proof of Schedule DB settlement, counterparty remittance, liability/product hedge allocation, borrower cash, or Apollo owner cash.","Reconcile the matched Schedule D lot to Schedule DB component values, custody/counterparty, derivative cash settlement, liability hedge purpose, and investment-income receipt."
CFAASDBCSD-0616,CFAASDBPC-0607,485,04687#AE8,Interest Rate Swap,00119Y-AG-8,AGL 2021-10A D,1,CFAASDFR-7022,5992,AGL CLO 10 Ltd AGL 2021-10A D,2.C,"12,401,750","12,375,000","12,324,423","12,386,712","189,461","906,741",exact-cusip-schedule-d-crosswalk,"A Schedule DB Part C cash-instrument CUSIP has an exact identifier match in Athene Schedule D, joining the named replication component to a statutory holding row.","CUSIP identity and Schedule D fields are not proof of Schedule DB settlement, counterparty remittance, liability/product hedge allocation, borrower cash, or Apollo owner cash.","Reconcile the matched Schedule D lot to Schedule DB component values, custody/counterparty, derivative cash settlement, liability hedge purpose, and investment-income receipt."
CFAASDBCSD-0617,CFAASDBPC-0608,485,04687#AE8,Interest Rate Swap,00121P-AJ-7,AGL 2025-41A D1,1,CFAASDFR-7031,5993,AGL CLO 41 Ltd AGL 2025-41A D1,2.C,"22,500,000","22,500,000","22,425,593","22,500,000","343,759","787,657",exact-cusip-schedule-d-crosswalk,"A Schedule DB Part C cash-instrument CUSIP has an exact identifier match in Athene Schedule D, joining the named replication component to a statutory holding row.","CUSIP identity and Schedule D fields are not proof of Schedule DB settlement, counterparty remittance, liability/product hedge allocation, borrower cash, or Apollo owner cash.","Reconcile the matched Schedule D lot to Schedule DB component values, custody/counterparty, derivative cash settlement, liability hedge purpose, and investment-income receipt."
CFAASDBCSD-0618,CFAASDBPC-0609,485,04687#AE8,Interest Rate Swap,03664X-AE-8,ANTR 2024-6A B,1,CFAASDFR-7089,5994,Antares CLO 2024-6 Ltd ANTR 2024-6A B,1.C,"74,030,332","74,000,000","73,303,142","74,000,000","860,485","2,899,803",exact-cusip-schedule-d-crosswalk,"A Schedule DB Part C cash-instrument CUSIP has an exact identifier match in Athene Schedule D, joining the named replication component to a statutory holding row.","CUSIP identity and Schedule D fields are not proof of Schedule DB settlement, counterparty remittance, liability/product hedge allocation, borrower cash, or Apollo owner cash.","Reconcile the matched Schedule D lot to Schedule DB component values, custody/counterparty, derivative cash settlement, liability hedge purpose, and investment-income receipt."
CFAASDBCSD-0619,CFAASDBPC-0610,485,04687#AE8,Interest Rate Swap,03665L-AU-7,ANTR 2018-3A DR,1,CFAASDFR-7101,5994,Antares CLO 2018-3 LTD ANTR 2018-3A DR,2.C,"20,100,000","20,100,000","20,168,059","20,100,000","315,243","1,975,755",exact-cusip-schedule-d-crosswalk,"A Schedule DB Part C cash-instrument CUSIP has an exact identifier match in Athene Schedule D, joining the named replication component to a statutory holding row.","CUSIP identity and Schedule D fields are not proof of Schedule DB settlement, counterparty remittance, liability/product hedge allocation, borrower cash, or Apollo owner cash.","Reconcile the matched Schedule D lot to Schedule DB component values, custody/counterparty, derivative cash settlement, liability hedge purpose, and investment-income receipt."
CFAASDBCSD-0620,CFAASDBPC-0611,485,04687#AE8,Interest Rate Swap,03990F-AG-7,ARES 2024-74A C,1,CFAASDFR-7123,5994,Ares LXXIV CLO Ltd ARES 2024-74A C,1.F,"18,019,596","18,000,000","17,942,742","18,010,811","226,377","1,031,715",exact-cusip-schedule-d-crosswalk,"A Schedule DB Part C cash-instrument CUSIP has an exact identifier match in Athene Schedule D, joining the named replication component to a statutory holding row.","CUSIP identity and Schedule D fields are not proof of Schedule DB settlement, counterparty remittance, liability/product hedge allocation, borrower cash, or Apollo owner cash.","Reconcile the matched Schedule D lot to Schedule DB component values, custody/counterparty, derivative cash settlement, liability hedge purpose, and investment-income receipt."
CFAASDBCSD-0621,CFAASDBPC-0612,485,04687#AE8,Interest Rate Swap,04018B-BE-6,ARES 2020-55A D1R2,1,CFAASDFR-7134,5995,Ares LV CLO Ltd ARES 2020-55A D1R2,2.C,"12,500,000","12,500,000","12,483,788","12,500,000","189,706","948,452",exact-cusip-schedule-d-crosswalk,"A Schedule DB Part C cash-instrument CUSIP has an exact identifier match in Athene Schedule D, joining the named replication component to a statutory holding row.","CUSIP identity and Schedule D fields are not proof of Schedule DB settlement, counterparty remittance, liability/product hedge allocation, borrower cash, or Apollo owner cash.","Reconcile the matched Schedule D lot to Schedule DB component values, custody/counterparty, derivative cash settlement, liability hedge purpose, and investment-income receipt."
CFAASDBCSD-0622,CFAASDBPC-0613,485,04687#AE8,Interest Rate Swap,04020W-AE-7,ARES 2024-72A B,1,CFAASDFR-7145,5995,Ares LXXII CLO Ltd ARES 2024-72A B,1.C,"26,000,000","26,000,000","25,954,006","26,000,000","315,722","1,603,724",exact-cusip-schedule-d-crosswalk,"A Schedule DB Part C cash-instrument CUSIP has an exact identifier match in Athene Schedule D, joining the named replication component to a statutory holding row.","CUSIP identity and Schedule D fields are not proof of Schedule DB settlement, counterparty remittance, liability/product hedge allocation, borrower cash, or Apollo owner cash.","Reconcile the matched Schedule D lot to Schedule DB component values, custody/counterparty, derivative cash settlement, liability hedge purpose, and investment-income receipt."
CFAASDBCSD-0623,CFAASDBPC-0615,485,04687#AE8,Interest Rate Swap,050922-AA-1,AUDAX 2024-11A A1,1,CFAASDFR-6590,5983,Audax Senior Debt CLO 11 LLC AUDAX 2024-11A A1,1.A,"69,999,916","70,000,000","69,741,420","70,000,000","764,462","4,710,737",exact-cusip-schedule-d-crosswalk,"A Schedule DB Part C cash-instrument CUSIP has an exact identifier match in Athene Schedule D, joining the named replication component to a statutory holding row.","CUSIP identity and Schedule D fields are not proof of Schedule DB settlement, counterparty remittance, liability/product hedge allocation, borrower cash, or Apollo owner cash.","Reconcile the matched Schedule D lot to Schedule DB component values, custody/counterparty, derivative cash settlement, liability hedge purpose, and investment-income receipt."
CFAASDBCSD-0624,CFAASDBPC-0616,485,04687#AE8,Interest Rate Swap,05766B-AY-4,BOBA 2020-1A CRR,1,CFAASDFR-7172,5995,Balboa Bay Loan Funding 2020-1 BOBA 2020-1A CRR,1.F,"8,500,000","8,500,000","8,505,491","8,500,000","102,287","529,680",exact-cusip-schedule-d-crosswalk,"A Schedule DB Part C cash-instrument CUSIP has an exact identifier match in Athene Schedule D, joining the named replication component to a statutory holding row.","CUSIP identity and Schedule D fields are not proof of Schedule DB settlement, counterparty remittance, liability/product hedge allocation, borrower cash, or Apollo owner cash.","Reconcile the matched Schedule D lot to Schedule DB component values, custody/counterparty, derivative cash settlement, liability hedge purpose, and investment-income receipt."
CFAASDBCSD-0625,CFAASDBPC-0617,485,04687#AE8,Interest Rate Swap,05766B-BA-5,BOBA 2020-1A D1RR,1,CFAASDFR-7173,5995,Balboa Bay Loan Funding 2020-1 BOBA 2020-1A D1RR ..,2.B,"9,500,000","9,500,000","9,514,260","9,500,000","137,437","702,829",exact-cusip-schedule-d-crosswalk,"A Schedule DB Part C cash-instrument CUSIP has an exact identifier match in Athene Schedule D, joining the named replication component to a statutory holding row.","CUSIP identity and Schedule D fields are not proof of Schedule DB settlement, counterparty remittance, liability/product hedge allocation, borrower cash, or Apollo owner cash.","Reconcile the matched Schedule D lot to Schedule DB component values, custody/counterparty, derivative cash settlement, liability hedge purpose, and investment-income receipt."
CFAASDBCSD-0626,CFAASDBPC-0618,485,04687#AE8,Interest Rate Swap,072917-AA-5,BXCMM 2022-1A A1,1,CFAASDFR-6605,5984,BCRED MML CLO 2022-1 LLC BXCMM 2022-1A A1,1.A,"3,505,250","3,500,000","3,502,394","3,500,000","39,279","213,299",exact-cusip-schedule-d-crosswalk,"A Schedule DB Part C cash-instrument CUSIP has an exact identifier match in Athene Schedule D, joining the named replication component to a statutory holding row.","CUSIP identity and Schedule D fields are not proof of Schedule DB settlement, counterparty remittance, liability/product hedge allocation, borrower cash, or Apollo owner cash.","Reconcile the matched Schedule D lot to Schedule DB component values, custody/counterparty, derivative cash settlement, liability hedge purpose, and investment-income receipt."
CFAASDBCSD-0627,CFAASDBPC-0619,485,04687#AE8,Interest Rate Swap,09631B-AJ-2,BLUEM 2021-31A D,1,CFAASDFR-7188,5996,BlueMountain CLO XXXI Ltd BLUEM 2021-31A D,2.C,"4,104,750","4,210,000","4,188,937","4,158,274","61,005","325,170",exact-cusip-schedule-d-crosswalk,"A Schedule DB Part C cash-instrument CUSIP has an exact identifier match in Athene Schedule D, joining the named replication component to a statutory holding row.","CUSIP identity and Schedule D fields are not proof of Schedule DB settlement, counterparty remittance, liability/product hedge allocation, borrower cash, or Apollo owner cash.","Reconcile the matched Schedule D lot to Schedule DB component values, custody/counterparty, derivative cash settlement, liability hedge purpose, and investment-income receipt."
CFAASDBCSD-0628,CFAASDBPC-0620,486,04687#AE8,Interest Rate Swap,12553D-BA-4,CIFC 2019-1A D1R2,1,CFAASDFR-7207,5996,CIFC Funding 2019-I Ltd CIFC 2019-1A D1R2,2.C,"16,500,000","16,500,000","16,509,669","16,500,000","232,015","1,239,117",exact-cusip-schedule-d-crosswalk,"A Schedule DB Part C cash-instrument CUSIP has an exact identifier match in Athene Schedule D, joining the named replication component to a statutory holding row.","CUSIP identity and Schedule D fields are not proof of Schedule DB settlement, counterparty remittance, liability/product hedge allocation, borrower cash, or Apollo owner cash.","Reconcile the matched Schedule D lot to Schedule DB component values, custody/counterparty, derivative cash settlement, liability hedge purpose, and investment-income receipt."
CFAASDBCSD-0629,CFAASDBPC-0621,486,04687#AE8,Interest Rate Swap,13877J-AG-6,CANYC 2022-1A D,1,CFAASDFR-7224,5996,Canyon Capital CLO 2022-1 Ltd CANYC 2022-1A D,2.C,"7,819,228","8,000,000","7,920,368","7,880,119","122,956","307,575",exact-cusip-schedule-d-crosswalk,"A Schedule DB Part C cash-instrument CUSIP has an exact identifier match in Athene Schedule D, joining the named replication component to a statutory holding row.","CUSIP identity and Schedule D fields are not proof of Schedule DB settlement, counterparty remittance, liability/product hedge allocation, borrower cash, or Apollo owner cash.","Reconcile the matched Schedule D lot to Schedule DB component values, custody/counterparty, derivative cash settlement, liability hedge purpose, and investment-income receipt."
CFAASDBCSD-0630,CFAASDBPC-0622,486,04687#AE8,Interest Rate Swap,143119-AU-9,CGMS 2022-2A D1R,1,CFAASDFR-7233,5997,CARLYLE US CLO 2022-2 LTD CGMS 2022-2A D1R,2.C,"8,491,500","8,500,000","8,543,741","8,481,838","120,385","474,991",exact-cusip-schedule-d-crosswalk,"A Schedule DB Part C cash-instrument CUSIP has an exact identifier match in Athene Schedule D, joining the named replication component to a statutory holding row.","CUSIP identity and Schedule D fields are not proof of Schedule DB settlement, counterparty remittance, liability/product hedge allocation, borrower cash, or Apollo owner cash.","Reconcile the matched Schedule D lot to Schedule DB component values, custody/counterparty, derivative cash settlement, liability hedge purpose, and investment-income receipt."
CFAASDBCSD-0631,CFAASDBPC-0623,486,04687#AE8,Interest Rate Swap,14319P-AG-6,CGMS 2024-6A C,1,CFAASDFR-7249,5997,Carlyle US CLO 2024-6 Ltd CGMS 2024-6A C,1.F,"31,040,805","31,000,000","31,018,011","31,030,605","332,929","1,821,796",exact-cusip-schedule-d-crosswalk,"A Schedule DB Part C cash-instrument CUSIP has an exact identifier match in Athene Schedule D, joining the named replication component to a statutory holding row.","CUSIP identity and Schedule D fields are not proof of Schedule DB settlement, counterparty remittance, liability/product hedge allocation, borrower cash, or Apollo owner cash.","Reconcile the matched Schedule D lot to Schedule DB component values, custody/counterparty, derivative cash settlement, liability hedge purpose, and investment-income receipt."
CFAASDBCSD-0632,CFAASDBPC-0624,486,04687#AE8,Interest Rate Swap,17180W-AS-4,CIFC 2018-2A D1R,1,CFAASDFR-7262,5997,CIFC Funding 2018-II Ltd CIFC 2018-2A D1R,2.C,"12,017,750","12,000,000","11,999,412","11,940,650","168,738","666,042",exact-cusip-schedule-d-crosswalk,"A Schedule DB Part C cash-instrument CUSIP has an exact identifier match in Athene Schedule D, joining the named replication component to a statutory holding row.","CUSIP identity and Schedule D fields are not proof of Schedule DB settlement, counterparty remittance, liability/product hedge allocation, borrower cash, or Apollo owner cash.","Reconcile the matched Schedule D lot to Schedule DB component values, custody/counterparty, derivative cash settlement, liability hedge purpose, and investment-income receipt."
CFAASDBCSD-0633,CFAASDBPC-0625,486,04687#AE8,Interest Rate Swap,17181W-AG-9,CIFC 2024-4A D1,1,CFAASDFR-7271,5997,CIFC Funding 2024-IV Ltd CIFC 2024-4A D1,2.C,"4,200,000","4,200,000","4,194,540","4,200,000","61,479","311,448",exact-cusip-schedule-d-crosswalk,"A Schedule DB Part C cash-instrument CUSIP has an exact identifier match in Athene Schedule D, joining the named replication component to a statutory holding row.","CUSIP identity and Schedule D fields are not proof of Schedule DB settlement, counterparty remittance, liability/product hedge allocation, borrower cash, or Apollo owner cash.","Reconcile the matched Schedule D lot to Schedule DB component values, custody/counterparty, derivative cash settlement, liability hedge purpose, and investment-income receipt."
CFAASDBCSD-0634,CFAASDBPC-0626,486,04687#AE8,Interest Rate Swap,227800-AE-9,CRTPK 2024-1A B,1,CFAASDFR-7275,5997,Croton Park CLO Ltd CRTPK 2024-1A B,1.C,"23,000,000","23,000,000","22,958,462","23,000,000","279,293","1,414,249",exact-cusip-schedule-d-crosswalk,"A Schedule DB Part C cash-instrument CUSIP has an exact identifier match in Athene Schedule D, joining the named replication component to a statutory holding row.","CUSIP identity and Schedule D fields are not proof of Schedule DB settlement, counterparty remittance, liability/product hedge allocation, borrower cash, or Apollo owner cash.","Reconcile the matched Schedule D lot to Schedule DB component values, custody/counterparty, derivative cash settlement, liability hedge purpose, and investment-income receipt."
CFAASDBCSD-0635,CFAASDBPC-0627,486,04687#AE8,Interest Rate Swap,227800-AG-4,CRTPK 2024-1A C,1,CFAASDFR-7276,5998,Croton Park CLO Ltd CRTPK 2024-1A C,1.F,"25,600,000","25,600,000","25,519,258","25,600,000","324,732","1,638,686",exact-cusip-schedule-d-crosswalk,"A Schedule DB Part C cash-instrument CUSIP has an exact identifier match in Athene Schedule D, joining the named replication component to a statutory holding row.","CUSIP identity and Schedule D fields are not proof of Schedule DB settlement, counterparty remittance, liability/product hedge allocation, borrower cash, or Apollo owner cash.","Reconcile the matched Schedule D lot to Schedule DB component values, custody/counterparty, derivative cash settlement, liability hedge purpose, and investment-income receipt."
CFAASDBCSD-0636,CFAASDBPC-0628,486,04687#AE8,Interest Rate Swap,227800-AJ-8,CRTPK 2024-1A D,1,CFAASDFR-7277,5998,Croton Park CLO Ltd CRTPK 2024-1A D,2.C,"32,115,642","32,000,000","32,039,296","32,079,482","478,715","2,388,273",exact-cusip-schedule-d-crosswalk,"A Schedule DB Part C cash-instrument CUSIP has an exact identifier match in Athene Schedule D, joining the named replication component to a statutory holding row.","CUSIP identity and Schedule D fields are not proof of Schedule DB settlement, counterparty remittance, liability/product hedge allocation, borrower cash, or Apollo owner cash.","Reconcile the matched Schedule D lot to Schedule DB component values, custody/counterparty, derivative cash settlement, liability hedge purpose, and investment-income receipt."
CFAASDBCSD-0637,CFAASDBPC-0629,486,04687#AE8,Interest Rate Swap,25255D-AN-0,DCLO 2021-1A A2R,1,CFAASDFR-7286,5998,Diameter Capital Clo 1 Ltd DCLO 2021-1A A2R,1.C,"41,700,000","41,700,000","41,771,057","41,700,000","515,405","2,545,070",exact-cusip-schedule-d-crosswalk,"A Schedule DB Part C cash-instrument CUSIP has an exact identifier match in Athene Schedule D, joining the named replication component to a statutory holding row.","CUSIP identity and Schedule D fields are not proof of Schedule DB settlement, counterparty remittance, liability/product hedge allocation, borrower cash, or Apollo owner cash.","Reconcile the matched Schedule D lot to Schedule DB component values, custody/counterparty, derivative cash settlement, liability hedge purpose, and investment-income receipt."
CFAASDBCSD-0638,CFAASDBPC-0630,486,04687#AE8,Interest Rate Swap,25255D-AQ-3,DCLO 2021-1A BR,1,CFAASDFR-7287,5998,Diameter Capital Clo 1 Ltd DCLO 2021-1A BR,1.F,"28,000,000","28,000,000","27,964,832","28,000,000","361,242","1,778,142",exact-cusip-schedule-d-crosswalk,"A Schedule DB Part C cash-instrument CUSIP has an exact identifier match in Athene Schedule D, joining the named replication component to a statutory holding row.","CUSIP identity and Schedule D fields are not proof of Schedule DB settlement, counterparty remittance, liability/product hedge allocation, borrower cash, or Apollo owner cash.","Reconcile the matched Schedule D lot to Schedule DB component values, custody/counterparty, derivative cash settlement, liability hedge purpose, and investment-income receipt."
CFAASDBCSD-0639,CFAASDBPC-0631,486,04687#AE8,Interest Rate Swap,25256J-AE-6,DCLO 2024-8A A2,1,CFAASDFR-7305,5998,Diameter Capital CLO 8 Ltd DCLO 2024-8A A2,1.C,"22,998,732","23,000,000","23,039,284","22,998,732","265,116","1,458,294",exact-cusip-schedule-d-crosswalk,"A Schedule DB Part C cash-instrument CUSIP has an exact identifier match in Athene Schedule D, joining the named replication component to a statutory holding row.","CUSIP identity and Schedule D fields are not proof of Schedule DB settlement, counterparty remittance, liability/product hedge allocation, borrower cash, or Apollo owner cash.","Reconcile the matched Schedule D lot to Schedule DB component values, custody/counterparty, derivative cash settlement, liability hedge purpose, and investment-income receipt."
CFAASDBCSD-0640,CFAASDBPC-0632,486,04687#AE8,Interest Rate Swap,26246B-BC-7,DRSLF 2020-85A D1R2,1,CFAASDFR-7313,5998,Dryden 85 CLO Ltd DRSLF 2020-85A D1R2,2.B,"15,250,000","15,250,000","15,277,862","15,250,000","231,442","1,157,111",exact-cusip-schedule-d-crosswalk,"A Schedule DB Part C cash-instrument CUSIP has an exact identifier match in Athene Schedule D, joining the named replication component to a statutory holding row.","CUSIP identity and Schedule D fields are not proof of Schedule DB settlement, counterparty remittance, liability/product hedge allocation, borrower cash, or Apollo owner cash.","Reconcile the matched Schedule D lot to Schedule DB component values, custody/counterparty, derivative cash settlement, liability hedge purpose, and investment-income receipt."
CFAASDBCSD-0641,CFAASDBPC-0633,486,04687#AE8,Interest Rate Swap,29001E-AG-2,ELM33 2024-9RA D1R,1,CFAASDFR-7331,5999,Elmwood CLO 33 Ltd ELM33 2024-9RA D1R,2.C,"8,581,770","8,500,000","8,532,181","8,488,870","118,489","731,756",exact-cusip-schedule-d-crosswalk,"A Schedule DB Part C cash-instrument CUSIP has an exact identifier match in Athene Schedule D, joining the named replication component to a statutory holding row.","CUSIP identity and Schedule D fields are not proof of Schedule DB settlement, counterparty remittance, liability/product hedge allocation, borrower cash, or Apollo owner cash.","Reconcile the matched Schedule D lot to Schedule DB component values, custody/counterparty, derivative cash settlement, liability hedge purpose, and investment-income receipt."
CFAASDBCSD-0642,CFAASDBPC-0634,486,04687#AE8,Interest Rate Swap,29003Y-AQ-4,ELM23 2023-2A DR,1,CFAASDFR-7344,5999,Elmwood CLO 23 Ltd ELM23 2023-2A DR,2.C,"12,400,000","12,400,000","12,366,185","12,400,000","186,813","496,842",exact-cusip-schedule-d-crosswalk,"A Schedule DB Part C cash-instrument CUSIP has an exact identifier match in Athene Schedule D, joining the named replication component to a statutory holding row.","CUSIP identity and Schedule D fields are not proof of Schedule DB settlement, counterparty remittance, liability/product hedge allocation, borrower cash, or Apollo owner cash.","Reconcile the matched Schedule D lot to Schedule DB component values, custody/counterparty, derivative cash settlement, liability hedge purpose, and investment-income receipt."
CFAASDBCSD-0643,CFAASDBPC-0635,486,04687#AE8,Interest Rate Swap,34960J-BG-9,FCO 2015-6A A1T2,1,CFAASDFR-7355,5999,Fortress Credit Opportunities FCO 2015-6A A1T2,1.A,"35,400,000","35,400,000","35,266,400","35,400,000","459,288","2,369,549",exact-cusip-schedule-d-crosswalk,"A Schedule DB Part C cash-instrument CUSIP has an exact identifier match in Athene Schedule D, joining the named replication component to a statutory holding row.","CUSIP identity and Schedule D fields are not proof of Schedule DB settlement, counterparty remittance, liability/product hedge allocation, borrower cash, or Apollo owner cash.","Reconcile the matched Schedule D lot to Schedule DB component values, custody/counterparty, derivative cash settlement, liability hedge purpose, and investment-income receipt."
CFAASDBCSD-0644,CFAASDBPC-0636,486,04687#AE8,Interest Rate Swap,34966Q-AG-8,FCO 2024-25A C,1,CFAASDFR-7388,6000,Fortress Credit Opportunities FCO 2024-25A C,1.F,"18,900,000","18,900,000","18,801,644","18,900,000","258,171","1,062,596",exact-cusip-schedule-d-crosswalk,"A Schedule DB Part C cash-instrument CUSIP has an exact identifier match in Athene Schedule D, joining the named replication component to a statutory holding row.","CUSIP identity and Schedule D fields are not proof of Schedule DB settlement, counterparty remittance, liability/product hedge allocation, borrower cash, or Apollo owner cash.","Reconcile the matched Schedule D lot to Schedule DB component values, custody/counterparty, derivative cash settlement, liability hedge purpose, and investment-income receipt."
CFAASDBCSD-0645,CFAASDBPC-0637,486,04687#AE8,Interest Rate Swap,34966Q-AL-7,FCO 2024-25A E,1,CFAASDFR-7390,6000,Fortress Credit Opportunities FCO 2024-25A E,3.C,"7,100,000","7,100,000","7,103,536","7,100,000","175,440","702,938",exact-cusip-schedule-d-crosswalk,"A Schedule DB Part C cash-instrument CUSIP has an exact identifier match in Athene Schedule D, joining the named replication component to a statutory holding row.","CUSIP identity and Schedule D fields are not proof of Schedule DB settlement, counterparty remittance, liability/product hedge allocation, borrower cash, or Apollo owner cash.","Reconcile the matched Schedule D lot to Schedule DB component values, custody/counterparty, derivative cash settlement, liability hedge purpose, and investment-income receipt."
CFAASDBCSD-0646,CFAASDBPC-0638,486,04687#AE8,Interest Rate Swap,38136R-AY-3,GLM 2022-14A DR,1,CFAASDFR-7403,6000,Goldentree Loan Management US GLM 2022-14A DR,2.C,"5,198,233","5,200,000","5,186,891","5,195,707","72,593","229,545",exact-cusip-schedule-d-crosswalk,"A Schedule DB Part C cash-instrument CUSIP has an exact identifier match in Athene Schedule D, joining the named replication component to a statutory holding row.","CUSIP identity and Schedule D fields are not proof of Schedule DB settlement, counterparty remittance, liability/product hedge allocation, borrower cash, or Apollo owner cash.","Reconcile the matched Schedule D lot to Schedule DB component values, custody/counterparty, derivative cash settlement, liability hedge purpose, and investment-income receipt."
CFAASDBCSD-0647,CFAASDBPC-0639,486,04687#AE8,Interest Rate Swap,38172U-AC-9,GOCAP 2018-38A A2R,1,CFAASDFR-7408,6000,Golub Capital Partners Clo 38M GOCAP 2018-38A A2R,1.A,"30,699,770","30,700,000","30,558,565","30,699,770","316,475","1,938,882",exact-cusip-schedule-d-crosswalk,"A Schedule DB Part C cash-instrument CUSIP has an exact identifier match in Athene Schedule D, joining the named replication component to a statutory holding row.","CUSIP identity and Schedule D fields are not proof of Schedule DB settlement, counterparty remittance, liability/product hedge allocation, borrower cash, or Apollo owner cash.","Reconcile the matched Schedule D lot to Schedule DB component values, custody/counterparty, derivative cash settlement, liability hedge purpose, and investment-income receipt."
CFAASDBCSD-0648,CFAASDBPC-0640,486,04687#AE8,Interest Rate Swap,38172U-AE-5,GOCAP 2018-38A BR,1,CFAASDFR-7409,6000,Golub Capital Partners Clo 38M GOCAP 2018-38A BR ..,1.C,"35,401,680","35,350,000","35,175,300","35,370,520","370,792","1,786,776",exact-cusip-schedule-d-crosswalk,"A Schedule DB Part C cash-instrument CUSIP has an exact identifier match in Athene Schedule D, joining the named replication component to a statutory holding row.","CUSIP identity and Schedule D fields are not proof of Schedule DB settlement, counterparty remittance, liability/product hedge allocation, borrower cash, or Apollo owner cash.","Reconcile the matched Schedule D lot to Schedule DB component values, custody/counterparty, derivative cash settlement, liability hedge purpose, and investment-income receipt."
CFAASDBCSD-0649,CFAASDBPC-0641,486,04687#AE8,Interest Rate Swap,38180H-AG-9,GCBSL 2022-62A D1R,1,CFAASDFR-7421,6000,Golub Capital Partners CLO 62B GCBSL 2022-62A D1R,2.C,"17,500,000","17,500,000","17,477,110","17,500,000","265,589","1,404,385",exact-cusip-schedule-d-crosswalk,"A Schedule DB Part C cash-instrument CUSIP has an exact identifier match in Athene Schedule D, joining the named replication component to a statutory holding row.","CUSIP identity and Schedule D fields are not proof of Schedule DB settlement, counterparty remittance, liability/product hedge allocation, borrower cash, or Apollo owner cash.","Reconcile the matched Schedule D lot to Schedule DB component values, custody/counterparty, derivative cash settlement, liability hedge purpose, and investment-income receipt."
CFAASDBCSD-0650,CFAASDBPC-0642,486,04687#AE8,Interest Rate Swap,48256R-AJ-9,KKR 2024-53A D1,1,CFAASDFR-7486,6002,KKR CLO 53 Ltd KKR 2024-53A D1,2.C,"9,800,000","9,800,000","9,799,618","9,800,000","149,791","642,815",exact-cusip-schedule-d-crosswalk,"A Schedule DB Part C cash-instrument CUSIP has an exact identifier match in Athene Schedule D, joining the named replication component to a statutory holding row.","CUSIP identity and Schedule D fields are not proof of Schedule DB settlement, counterparty remittance, liability/product hedge allocation, borrower cash, or Apollo owner cash.","Reconcile the matched Schedule D lot to Schedule DB component values, custody/counterparty, derivative cash settlement, liability hedge purpose, and investment-income receipt."
CFAASDBCSD-0651,CFAASDBPC-0643,486,04687#AE8,Interest Rate Swap,48256V-AG-6,KKR 2024-54A D1,1,CFAASDFR-7488,6002,KKR CLO 54 LTD KKR 2024-54A D1,2.C,"4,894,669","5,000,000","4,999,820","4,830,351","73,174","237,418",exact-cusip-schedule-d-crosswalk,"A Schedule DB Part C cash-instrument CUSIP has an exact identifier match in Athene Schedule D, joining the named replication component to a statutory holding row.","CUSIP identity and Schedule D fields are not proof of Schedule DB settlement, counterparty remittance, liability/product hedge allocation, borrower cash, or Apollo owner cash.","Reconcile the matched Schedule D lot to Schedule DB component values, custody/counterparty, derivative cash settlement, liability hedge purpose, and investment-income receipt."
CFAASDBCSD-0652,CFAASDBPC-0644,486,04687#AE8,Interest Rate Swap,55954P-AU-8,MAGNE 2019-21A DR,1,CFAASDFR-7516,6002,Magnetite XXI Ltd MAGNE 2019-21A DR,2.C,"4,791,425","5,000,000","4,978,950","4,832,205","68,904","368,494",exact-cusip-schedule-d-crosswalk,"A Schedule DB Part C cash-instrument CUSIP has an exact identifier match in Athene Schedule D, joining the named replication component to a statutory holding row.","CUSIP identity and Schedule D fields are not proof of Schedule DB settlement, counterparty remittance, liability/product hedge allocation, borrower cash, or Apollo owner cash.","Reconcile the matched Schedule D lot to Schedule DB component values, custody/counterparty, derivative cash settlement, liability hedge purpose, and investment-income receipt."
CFAASDBCSD-0653,CFAASDBPC-0645,486,04687#AE8,Interest Rate Swap,64129U-CL-7,NEUB 2014-17A D1R3,1,CFAASDFR-7536,6003,Neuberger Berman CLO XVII Ltd NEUB 2014-17A D1R3 ..,2.C,"8,048,000","8,000,000","7,999,568","8,011,689","110,560","610,955",exact-cusip-schedule-d-crosswalk,"A Schedule DB Part C cash-instrument CUSIP has an exact identifier match in Athene Schedule D, joining the named replication component to a statutory holding row.","CUSIP identity and Schedule D fields are not proof of Schedule DB settlement, counterparty remittance, liability/product hedge allocation, borrower cash, or Apollo owner cash.","Reconcile the matched Schedule D lot to Schedule DB component values, custody/counterparty, derivative cash settlement, liability hedge purpose, and investment-income receipt."
CFAASDBCSD-0654,CFAASDBPC-0646,486,04687#AE8,Interest Rate Swap,67115L-AS-3,OAKC 2021-16A D1R,1,CFAASDFR-7560,6003,OHA Credit Partners XVI OAKC 2021-16A D1R,2.C,"10,450,000","10,450,000","10,475,989","10,450,000","145,883","786,661",exact-cusip-schedule-d-crosswalk,"A Schedule DB Part C cash-instrument CUSIP has an exact identifier match in Athene Schedule D, joining the named replication component to a statutory holding row.","CUSIP identity and Schedule D fields are not proof of Schedule DB settlement, counterparty remittance, liability/product hedge allocation, borrower cash, or Apollo owner cash.","Reconcile the matched Schedule D lot to Schedule DB component values, custody/counterparty, derivative cash settlement, liability hedge purpose, and investment-income receipt."
CFAASDBCSD-0655,CFAASDBPC-0647,486,04687#AE8,Interest Rate Swap,67120A-AL-5,OCP 2024-37A D1,1,CFAASDFR-7564,6003,OCP CLO 2024-37 Ltd OCP 2024-37A D1,2.C,"34,500,000","34,500,000","34,476,644","34,500,000","512,377","2,334,223",exact-cusip-schedule-d-crosswalk,"A Schedule DB Part C cash-instrument CUSIP has an exact identifier match in Athene Schedule D, joining the named replication component to a statutory holding row.","CUSIP identity and Schedule D fields are not proof of Schedule DB settlement, counterparty remittance, liability/product hedge allocation, borrower cash, or Apollo owner cash.","Reconcile the matched Schedule D lot to Schedule DB component values, custody/counterparty, derivative cash settlement, liability hedge purpose, and investment-income receipt."
CFAASDBCSD-0656,CFAASDBPC-0648,486,04687#AE8,Interest Rate Swap,675944-AE-2,OCT65 2024-4A B,1,CFAASDFR-7594,6004,Octagon 65 Ltd OCT65 2024-4A B,1.C,"22,654,958","22,625,000","22,584,117","22,625,000","244,593","1,414,567",exact-cusip-schedule-d-crosswalk,"A Schedule DB Part C cash-instrument CUSIP has an exact identifier match in Athene Schedule D, joining the named replication component to a statutory holding row.","CUSIP identity and Schedule D fields are not proof of Schedule DB settlement, counterparty remittance, liability/product hedge allocation, borrower cash, or Apollo owner cash.","Reconcile the matched Schedule D lot to Schedule DB component values, custody/counterparty, derivative cash settlement, liability hedge purpose, and investment-income receipt."
CFAASDBCSD-0657,CFAASDBPC-0649,486,04687#AE8,Interest Rate Swap,675944-AG-7,OCT65 2024-4A C,1,CFAASDFR-7595,6004,Octagon 65 Ltd OCT65 2024-4A C,1.F,"18,200,000","18,200,000","18,176,577","18,200,000","207,372","1,194,023",exact-cusip-schedule-d-crosswalk,"A Schedule DB Part C cash-instrument CUSIP has an exact identifier match in Athene Schedule D, joining the named replication component to a statutory holding row.","CUSIP identity and Schedule D fields are not proof of Schedule DB settlement, counterparty remittance, liability/product hedge allocation, borrower cash, or Apollo owner cash.","Reconcile the matched Schedule D lot to Schedule DB component values, custody/counterparty, derivative cash settlement, liability hedge purpose, and investment-income receipt."
CFAASDBCSD-0658,CFAASDBPC-0650,487,04687#AE8,Interest Rate Swap,68563J-AJ-3,ORCHPK 2024-1A D1,1,CFAASDFR-7605,6004,Orchard Park Clo Ltd ORCHPK 2024-1A D1,2.C,"5,665,625","5,750,000","5,749,724","5,618,310","79,688","439,821",exact-cusip-schedule-d-crosswalk,"A Schedule DB Part C cash-instrument CUSIP has an exact identifier match in Athene Schedule D, joining the named replication component to a statutory holding row.","CUSIP identity and Schedule D fields are not proof of Schedule DB settlement, counterparty remittance, liability/product hedge allocation, borrower cash, or Apollo owner cash.","Reconcile the matched Schedule D lot to Schedule DB component values, custody/counterparty, derivative cash settlement, liability hedge purpose, and investment-income receipt."
CFAASDBCSD-0659,CFAASDBPC-0651,487,04687#AE8,Interest Rate Swap,69688G-AE-8,PLMRS 2024-3A C,1,CFAASDFR-7621,6004,Palmer Square CLO 2024-3 Ltd PLMRS 2024-3A C,1.F,"18,000,000","18,000,000","17,944,506","18,000,000","211,132","1,333,757",exact-cusip-schedule-d-crosswalk,"A Schedule DB Part C cash-instrument CUSIP has an exact identifier match in Athene Schedule D, joining the named replication component to a statutory holding row.","CUSIP identity and Schedule D fields are not proof of Schedule DB settlement, counterparty remittance, liability/product hedge allocation, borrower cash, or Apollo owner cash.","Reconcile the matched Schedule D lot to Schedule DB component values, custody/counterparty, derivative cash settlement, liability hedge purpose, and investment-income receipt."
CFAASDBCSD-0660,CFAASDBPC-0652,487,04687#AE8,Interest Rate Swap,69688N-AS-2,PLMRS 2022-2A D1R,1,CFAASDFR-7624,6004,Palmer Square CLO 2022-2 Ltd PLMRS 2022-2A D1R,2.C,"18,436,175","18,500,000","18,338,458","18,451,439","258,262","757,525",exact-cusip-schedule-d-crosswalk,"A Schedule DB Part C cash-instrument CUSIP has an exact identifier match in Athene Schedule D, joining the named replication component to a statutory holding row.","CUSIP identity and Schedule D fields are not proof of Schedule DB settlement, counterparty remittance, liability/product hedge allocation, borrower cash, or Apollo owner cash.","Reconcile the matched Schedule D lot to Schedule DB component values, custody/counterparty, derivative cash settlement, liability hedge purpose, and investment-income receipt."
CFAASDBCSD-0661,CFAASDBPC-0653,487,04687#AE8,Interest Rate Swap,69700X-AU-9,PLMRS 2022-4A CR,1,CFAASDFR-7625,6004,Palmer Square CLO 2022-4 Ltd PLMRS 2022-4A CR,1.F,"20,500,000","20,500,000","20,434,810","20,500,000","240,456","1,206,205",exact-cusip-schedule-d-crosswalk,"A Schedule DB Part C cash-instrument CUSIP has an exact identifier match in Athene Schedule D, joining the named replication component to a statutory holding row.","CUSIP identity and Schedule D fields are not proof of Schedule DB settlement, counterparty remittance, liability/product hedge allocation, borrower cash, or Apollo owner cash.","Reconcile the matched Schedule D lot to Schedule DB component values, custody/counterparty, derivative cash settlement, liability hedge purpose, and investment-income receipt."
CFAASDBCSD-0662,CFAASDBPC-0654,487,04687#AE8,Interest Rate Swap,69700X-AW-5,PLMRS 2022-4A D1R,1,CFAASDFR-7626,6004,Palmer Square CLO 2022-4 Ltd PLMRS 2022-4A D1R,2.C,"8,500,000","8,500,000","8,499,601","8,500,000","116,937","580,176",exact-cusip-schedule-d-crosswalk,"A Schedule DB Part C cash-instrument CUSIP has an exact identifier match in Athene Schedule D, joining the named replication component to a statutory holding row.","CUSIP identity and Schedule D fields are not proof of Schedule DB settlement, counterparty remittance, liability/product hedge allocation, borrower cash, or Apollo owner cash.","Reconcile the matched Schedule D lot to Schedule DB component values, custody/counterparty, derivative cash settlement, liability hedge purpose, and investment-income receipt."
CFAASDBCSD-0663,CFAASDBPC-0655,487,04687#AE8,Interest Rate Swap,69702M-AQ-0,PLMRS 2022-5A BR,1,CFAASDFR-7627,6004,Palmer Square CLO 2022-5 Ltd PLMRS 2022-5A BR,1.C,"7,500,000","7,500,000","7,486,440","7,500,000","84,930","485,760",exact-cusip-schedule-d-crosswalk,"A Schedule DB Part C cash-instrument CUSIP has an exact identifier match in Athene Schedule D, joining the named replication component to a statutory holding row.","CUSIP identity and Schedule D fields are not proof of Schedule DB settlement, counterparty remittance, liability/product hedge allocation, borrower cash, or Apollo owner cash.","Reconcile the matched Schedule D lot to Schedule DB component values, custody/counterparty, derivative cash settlement, liability hedge purpose, and investment-income receipt."
CFAASDBCSD-0664,CFAASDBPC-0656,487,04687#AE8,Interest Rate Swap,69702M-AU-1,PLMRS 2022-5A D1R,1,CFAASDFR-7628,6004,Palmer Square CLO 2022-5 Ltd PLMRS 2022-5A D1R,2.C,"8,000,000","8,000,000","8,009,712","8,000,000","112,492","632,744",exact-cusip-schedule-d-crosswalk,"A Schedule DB Part C cash-instrument CUSIP has an exact identifier match in Athene Schedule D, joining the named replication component to a statutory holding row.","CUSIP identity and Schedule D fields are not proof of Schedule DB settlement, counterparty remittance, liability/product hedge allocation, borrower cash, or Apollo owner cash.","Reconcile the matched Schedule D lot to Schedule DB component values, custody/counterparty, derivative cash settlement, liability hedge purpose, and investment-income receipt."
CFAASDBCSD-0665,CFAASDBPC-0657,487,04687#AE8,Interest Rate Swap,72133J-BC-0,PIPK 2018-2A CRR,1,CFAASDFR-7657,6005,Pikes Peak Clo 2 PIPK 2018-2A CRR,1.F,"9,000,000","9,000,000","9,012,591","9,000,000","107,391","585,757",exact-cusip-schedule-d-crosswalk,"A Schedule DB Part C cash-instrument CUSIP has an exact identifier match in Athene Schedule D, joining the named replication component to a statutory holding row.","CUSIP identity and Schedule D fields are not proof of Schedule DB settlement, counterparty remittance, liability/product hedge allocation, borrower cash, or Apollo owner cash.","Reconcile the matched Schedule D lot to Schedule DB component values, custody/counterparty, derivative cash settlement, liability hedge purpose, and investment-income receipt."
CFAASDBCSD-0666,CFAASDBPC-0658,487,04687#AE8,Interest Rate Swap,74938R-AJ-1,RAD 2025-30A C1,1,CFAASDFR-8159,6015,RAD CLO 30 Ltd RAD 2025-30A C1,2.C,"34,500,000","34,500,000","34,457,945","34,500,000","628,192",,exact-cusip-schedule-d-crosswalk,"A Schedule DB Part C cash-instrument CUSIP has an exact identifier match in Athene Schedule D, joining the named replication component to a statutory holding row.","CUSIP identity and Schedule D fields are not proof of Schedule DB settlement, counterparty remittance, liability/product hedge allocation, borrower cash, or Apollo owner cash.","Reconcile the matched Schedule D lot to Schedule DB component values, custody/counterparty, derivative cash settlement, liability hedge purpose, and investment-income receipt."
CFAASDBCSD-0667,CFAASDBPC-0659,487,04687#AE8,Interest Rate Swap,74988A-AG-3,RRAM 2024-31A C1,1,CFAASDFR-8184,6016,RR 31 Ltd RRAM 2024-31A C1,2.A,"19,500,000","19,500,000","19,474,475","19,500,000","283,267","1,497,218",exact-cusip-schedule-d-crosswalk,"A Schedule DB Part C cash-instrument CUSIP has an exact identifier match in Athene Schedule D, joining the named replication component to a statutory holding row.","CUSIP identity and Schedule D fields are not proof of Schedule DB settlement, counterparty remittance, liability/product hedge allocation, borrower cash, or Apollo owner cash.","Reconcile the matched Schedule D lot to Schedule DB component values, custody/counterparty, derivative cash settlement, liability hedge purpose, and investment-income receipt."
CFAASDBCSD-0668,CFAASDBPC-0660,487,04687#AE8,Interest Rate Swap,74988A-AJ-7,RRAM 2024-31A A2,1,CFAASDFR-8185,6016,RR 31 Ltd RRAM 2024-31A A2,1.B,"19,250,000","19,250,000","19,272,349","19,250,000","235,841","1,261,862",exact-cusip-schedule-d-crosswalk,"A Schedule DB Part C cash-instrument CUSIP has an exact identifier match in Athene Schedule D, joining the named replication component to a statutory holding row.","CUSIP identity and Schedule D fields are not proof of Schedule DB settlement, counterparty remittance, liability/product hedge allocation, borrower cash, or Apollo owner cash.","Reconcile the matched Schedule D lot to Schedule DB component values, custody/counterparty, derivative cash settlement, liability hedge purpose, and investment-income receipt."
CFAASDBCSD-0669,CFAASDBPC-0661,487,04687#AE8,Interest Rate Swap,74988C-AL-8,RRAM 2024-32RA C1BR,1,CFAASDFR-8190,6016,RR 32 LTD /old RRAM 2024-32RA C1BR,2.C,"3,500,000","3,500,000","3,515,981","3,500,000","57,668","286,858",exact-cusip-schedule-d-crosswalk,"A Schedule DB Part C cash-instrument CUSIP has an exact identifier match in Athene Schedule D, joining the named replication component to a statutory holding row.","CUSIP identity and Schedule D fields are not proof of Schedule DB settlement, counterparty remittance, liability/product hedge allocation, borrower cash, or Apollo owner cash.","Reconcile the matched Schedule D lot to Schedule DB component values, custody/counterparty, derivative cash settlement, liability hedge purpose, and investment-income receipt."
CFAASDBCSD-0670,CFAASDBPC-0662,487,04687#AE8,Interest Rate Swap,74989V-AC-5,RRAM 2024-29RA A,1,CFAASDFR-8211,6016,RR 29 LTD RRAM 2024-29RA A,1.C,"34,000,000","34,000,000","34,037,842","34,000,000","412,868","2,097,177",exact-cusip-schedule-d-crosswalk,"A Schedule DB Part C cash-instrument CUSIP has an exact identifier match in Athene Schedule D, joining the named replication component to a statutory holding row.","CUSIP identity and Schedule D fields are not proof of Schedule DB settlement, counterparty remittance, liability/product hedge allocation, borrower cash, or Apollo owner cash.","Reconcile the matched Schedule D lot to Schedule DB component values, custody/counterparty, derivative cash settlement, liability hedge purpose, and investment-income receipt."
CFAASDBCSD-0671,CFAASDBPC-0663,487,04687#AE8,Interest Rate Swap,74989V-AG-6,RRAM 2024-29RA C1R,1,CFAASDFR-8213,6016,RR 29 LTD RRAM 2024-29RA C1R,2.B,"20,000,000","20,000,000","19,974,380","20,000,000","292,697","1,466,828",exact-cusip-schedule-d-crosswalk,"A Schedule DB Part C cash-instrument CUSIP has an exact identifier match in Athene Schedule D, joining the named replication component to a statutory holding row.","CUSIP identity and Schedule D fields are not proof of Schedule DB settlement, counterparty remittance, liability/product hedge allocation, borrower cash, or Apollo owner cash.","Reconcile the matched Schedule D lot to Schedule DB component values, custody/counterparty, derivative cash settlement, liability hedge purpose, and investment-income receipt."
CFAASDBCSD-0672,CFAASDBPC-0664,487,04687#AE8,Interest Rate Swap,75009A-BA-7,RAD 2023-18A CR,1,CFAASDFR-8229,6017,Rad CLO 18 Ltd RAD 2023-18A CR,1.F,"9,000,000","9,000,000","8,980,038","9,000,000","117,089","213,406",exact-cusip-schedule-d-crosswalk,"A Schedule DB Part C cash-instrument CUSIP has an exact identifier match in Athene Schedule D, joining the named replication component to a statutory holding row.","CUSIP identity and Schedule D fields are not proof of Schedule DB settlement, counterparty remittance, liability/product hedge allocation, borrower cash, or Apollo owner cash.","Reconcile the matched Schedule D lot to Schedule DB component values, custody/counterparty, derivative cash settlement, liability hedge purpose, and investment-income receipt."
CFAASDBCSD-0673,CFAASDBPC-0665,487,04687#AE8,Interest Rate Swap,75009V-AC-8,RAD 2024-26A B1,1,CFAASDFR-8239,6017,RAD CLO 26 Ltd RAD 2024-26A B1,1.C,"21,000,000","21,000,000","21,062,118","21,000,000","239,933","1,431,071",exact-cusip-schedule-d-crosswalk,"A Schedule DB Part C cash-instrument CUSIP has an exact identifier match in Athene Schedule D, joining the named replication component to a statutory holding row.","CUSIP identity and Schedule D fields are not proof of Schedule DB settlement, counterparty remittance, liability/product hedge allocation, borrower cash, or Apollo owner cash.","Reconcile the matched Schedule D lot to Schedule DB component values, custody/counterparty, derivative cash settlement, liability hedge purpose, and investment-income receipt."
CFAASDBCSD-0674,CFAASDBPC-0666,487,04687#AE8,Interest Rate Swap,75009V-AG-9,RAD 2024-26A C,1,CFAASDFR-8240,6017,RAD CLO 26 Ltd RAD 2024-26A C,1.F,"24,500,000","24,500,000","24,421,110","24,500,000","287,374","1,710,109",exact-cusip-schedule-d-crosswalk,"A Schedule DB Part C cash-instrument CUSIP has an exact identifier match in Athene Schedule D, joining the named replication component to a statutory holding row.","CUSIP identity and Schedule D fields are not proof of Schedule DB settlement, counterparty remittance, liability/product hedge allocation, borrower cash, or Apollo owner cash.","Reconcile the matched Schedule D lot to Schedule DB component values, custody/counterparty, derivative cash settlement, liability hedge purpose, and investment-income receipt."
CFAASDBCSD-0675,CFAASDBPC-0667,487,04687#AE8,Interest Rate Swap,77341X-AQ-6,ROCKT 2022-3A CR,1,CFAASDFR-7703,6006,Rockford Tower CLO 2022-3 Ltd ROCKT 2022-3A CR,1.F,"7,200,000","7,200,000","7,211,434","7,200,000","88,103","475,185",exact-cusip-schedule-d-crosswalk,"A Schedule DB Part C cash-instrument CUSIP has an exact identifier match in Athene Schedule D, joining the named replication component to a statutory holding row.","CUSIP identity and Schedule D fields are not proof of Schedule DB settlement, counterparty remittance, liability/product hedge allocation, borrower cash, or Apollo owner cash.","Reconcile the matched Schedule D lot to Schedule DB component values, custody/counterparty, derivative cash settlement, liability hedge purpose, and investment-income receipt."
CFAASDBCSD-0676,CFAASDBPC-0668,487,04687#AE8,Interest Rate Swap,780932-AE-9,RRAM 2024-30A A2,1,CFAASDFR-8248,6017,RR 30 LTD RRAM 2024-30A A2,1.C,"16,000,000","16,000,000","15,971,536","16,000,000","192,557","1,165,351",exact-cusip-schedule-d-crosswalk,"A Schedule DB Part C cash-instrument CUSIP has an exact identifier match in Athene Schedule D, joining the named replication component to a statutory holding row.","CUSIP identity and Schedule D fields are not proof of Schedule DB settlement, counterparty remittance, liability/product hedge allocation, borrower cash, or Apollo owner cash.","Reconcile the matched Schedule D lot to Schedule DB component values, custody/counterparty, derivative cash settlement, liability hedge purpose, and investment-income receipt."
CFAASDBCSD-0677,CFAASDBPC-0669,487,04687#AE8,Interest Rate Swap,780932-AG-4,RRAM 2024-30A B,1,CFAASDFR-8249,6017,RR 30 LTD RRAM 2024-30A B,1.E,"21,000,000","21,000,000","20,934,921","21,000,000","264,107","1,591,648",exact-cusip-schedule-d-crosswalk,"A Schedule DB Part C cash-instrument CUSIP has an exact identifier match in Athene Schedule D, joining the named replication component to a statutory holding row.","CUSIP identity and Schedule D fields are not proof of Schedule DB settlement, counterparty remittance, liability/product hedge allocation, borrower cash, or Apollo owner cash.","Reconcile the matched Schedule D lot to Schedule DB component values, custody/counterparty, derivative cash settlement, liability hedge purpose, and investment-income receipt."
CFAASDBCSD-0678,CFAASDBPC-0670,487,04687#AE8,Interest Rate Swap,780932-AJ-8,RRAM 2024-30A C1,1,CFAASDFR-8250,6017,RR 30 LTD RRAM 2024-30A C1,2.A,"20,000,000","20,000,000","20,011,900","20,000,000","284,030","1,693,356",exact-cusip-schedule-d-crosswalk,"A Schedule DB Part C cash-instrument CUSIP has an exact identifier match in Athene Schedule D, joining the named replication component to a statutory holding row.","CUSIP identity and Schedule D fields are not proof of Schedule DB settlement, counterparty remittance, liability/product hedge allocation, borrower cash, or Apollo owner cash.","Reconcile the matched Schedule D lot to Schedule DB component values, custody/counterparty, derivative cash settlement, liability hedge purpose, and investment-income receipt."
CFAASDBCSD-0679,CFAASDBPC-0671,487,04687#AE8,Interest Rate Swap,78110Q-AE-5,RRAM 2024-33A A2,1,CFAASDFR-8254,6017,RR 33 LTD RRAM 2024-33A A2,1.B,"25,000,000","25,000,000","24,954,525","25,000,000","303,579","1,353,565",exact-cusip-schedule-d-crosswalk,"A Schedule DB Part C cash-instrument CUSIP has an exact identifier match in Athene Schedule D, joining the named replication component to a statutory holding row.","CUSIP identity and Schedule D fields are not proof of Schedule DB settlement, counterparty remittance, liability/product hedge allocation, borrower cash, or Apollo owner cash.","Reconcile the matched Schedule D lot to Schedule DB component values, custody/counterparty, derivative cash settlement, liability hedge purpose, and investment-income receipt."
CFAASDBCSD-0680,CFAASDBPC-0672,487,04687#AE8,Interest Rate Swap,78110T-AU-3,RRAM 2022-21A A2R,1,CFAASDFR-8257,6017,RR 21 Ltd RRAM 2022-21A A2R,1.B,"3,425,000","3,425,000","3,418,931","3,425,000","41,590","211,260",exact-cusip-schedule-d-crosswalk,"A Schedule DB Part C cash-instrument CUSIP has an exact identifier match in Athene Schedule D, joining the named replication component to a statutory holding row.","CUSIP identity and Schedule D fields are not proof of Schedule DB settlement, counterparty remittance, liability/product hedge allocation, borrower cash, or Apollo owner cash.","Reconcile the matched Schedule D lot to Schedule DB component values, custody/counterparty, derivative cash settlement, liability hedge purpose, and investment-income receipt."
CFAASDBCSD-0681,CFAASDBPC-0673,487,04687#AE8,Interest Rate Swap,78110T-AW-9,RRAM 2022-21A BR,1,CFAASDFR-8258,6017,RR 21 Ltd RRAM 2022-21A BR,1.E,"25,000,000","25,000,000","25,045,200","25,000,000","319,829","1,618,084",exact-cusip-schedule-d-crosswalk,"A Schedule DB Part C cash-instrument CUSIP has an exact identifier match in Athene Schedule D, joining the named replication component to a statutory holding row.","CUSIP identity and Schedule D fields are not proof of Schedule DB settlement, counterparty remittance, liability/product hedge allocation, borrower cash, or Apollo owner cash.","Reconcile the matched Schedule D lot to Schedule DB component values, custody/counterparty, derivative cash settlement, liability hedge purpose, and investment-income receipt."
CFAASDBCSD-0682,CFAASDBPC-0674,487,04687#AE8,Interest Rate Swap,88676P-AE-2,TKO 2024-1A B,1,CFAASDFR-7752,6007,Tikehau US CLO VI Ltd TKO 2024-1A B,1.C,"25,100,000","25,100,000","25,128,112","25,100,000","291,867","2,045,237",exact-cusip-schedule-d-crosswalk,"A Schedule DB Part C cash-instrument CUSIP has an exact identifier match in Athene Schedule D, joining the named replication component to a statutory holding row.","CUSIP identity and Schedule D fields are not proof of Schedule DB settlement, counterparty remittance, liability/product hedge allocation, borrower cash, or Apollo owner cash.","Reconcile the matched Schedule D lot to Schedule DB component values, custody/counterparty, derivative cash settlement, liability hedge purpose, and investment-income receipt."
CFAASDBCSD-0683,CFAASDBPC-0675,487,04687#AE8,Interest Rate Swap,92895F-AE-1,VOYA 2024-3A B,1,CFAASDFR-7780,6008,Voya 2024-3 LTD VOYA 2024-3A B,1.C,"7,497,518","7,500,000","7,491,030","7,497,518","84,930","569,713",exact-cusip-schedule-d-crosswalk,"A Schedule DB Part C cash-instrument CUSIP has an exact identifier match in Athene Schedule D, joining the named replication component to a statutory holding row.","CUSIP identity and Schedule D fields are not proof of Schedule DB settlement, counterparty remittance, liability/product hedge allocation, borrower cash, or Apollo owner cash.","Reconcile the matched Schedule D lot to Schedule DB component values, custody/counterparty, derivative cash settlement, liability hedge purpose, and investment-income receipt."
CFAASDBCSD-0684,CFAASDBPC-0676,487,04687#AE8,Interest Rate Swap,92920K-AE-9,VOYA 2024-4A B,1,CFAASDFR-7789,6008,Voya CLO 2024-4 Ltd VOYA 2024-4A B,1.C,"17,994,222","18,000,000","17,967,744","17,994,222","202,007","1,274,353",exact-cusip-schedule-d-crosswalk,"A Schedule DB Part C cash-instrument CUSIP has an exact identifier match in Athene Schedule D, joining the named replication component to a statutory holding row.","CUSIP identity and Schedule D fields are not proof of Schedule DB settlement, counterparty remittance, liability/product hedge allocation, borrower cash, or Apollo owner cash.","Reconcile the matched Schedule D lot to Schedule DB component values, custody/counterparty, derivative cash settlement, liability hedge purpose, and investment-income receipt."
CFAASDBCSD-0685,CFAASDBPC-0677,487,04687#AE8,Interest Rate Swap,968209-AC-0,WILDPK 2024-1A B1,1,CFAASDFR-7809,6008,Wildwood Park CLO Ltd WILDPK 2024-1A B1,1.C,"19,500,000","19,500,000","19,464,978","19,500,000","220,818","1,159,796",exact-cusip-schedule-d-crosswalk,"A Schedule DB Part C cash-instrument CUSIP has an exact identifier match in Athene Schedule D, joining the named replication component to a statutory holding row.","CUSIP identity and Schedule D fields are not proof of Schedule DB settlement, counterparty remittance, liability/product hedge allocation, borrower cash, or Apollo owner cash.","Reconcile the matched Schedule D lot to Schedule DB component values, custody/counterparty, derivative cash settlement, liability hedge purpose, and investment-income receipt."
CFAASDBCSD-0686,CFAASDBPC-0678,487,04687#AE8,Interest Rate Swap,97988Q-BE-3,WDMNT 2017-2A CRR,1,CFAASDFR-8077,6014,Woodmont 2017-2 Trust WDMNT 2017-2A CRR,1.F,"51,800,000","51,800,000","51,235,173","51,800,000","654,859","2,930,408",exact-cusip-schedule-d-crosswalk,"A Schedule DB Part C cash-instrument CUSIP has an exact identifier match in Athene Schedule D, joining the named replication component to a statutory holding row.","CUSIP identity and Schedule D fields are not proof of Schedule DB settlement, counterparty remittance, liability/product hedge allocation, borrower cash, or Apollo owner cash.","Reconcile the matched Schedule D lot to Schedule DB component values, custody/counterparty, derivative cash settlement, liability hedge purpose, and investment-income receipt."
CFAASDBCSD-0687,CFAASDBPC-0679,487,04687#AE8,Interest Rate Swap,97988Q-BG-8,WDMNT 2017-2A DRR,1,CFAASDFR-8078,6014,Woodmont 2017-2 Trust WDMNT 2017-2A DRR,2.C,"32,500,000","32,500,000","32,701,598","32,500,000","513,016","2,266,764",exact-cusip-schedule-d-crosswalk,"A Schedule DB Part C cash-instrument CUSIP has an exact identifier match in Athene Schedule D, joining the named replication component to a statutory holding row.","CUSIP identity and Schedule D fields are not proof of Schedule DB settlement, counterparty remittance, liability/product hedge allocation, borrower cash, or Apollo owner cash.","Reconcile the matched Schedule D lot to Schedule DB component values, custody/counterparty, derivative cash settlement, liability hedge purpose, and investment-income receipt."
CFAASDBCSD-0688,CFAASDBPC-0680,488,04687#AE8,Interest Rate Swap,979926-AQ-5,WDMNT 2023-12A A2R,1,CFAASDFR-8267,6017,Woodmont 2023-12 Trust WDMNT 2023-12A A2R,1.A,"11,250,000","11,250,000","11,205,270","11,250,000","115,665","719,360",exact-cusip-schedule-d-crosswalk,"A Schedule DB Part C cash-instrument CUSIP has an exact identifier match in Athene Schedule D, joining the named replication component to a statutory holding row.","CUSIP identity and Schedule D fields are not proof of Schedule DB settlement, counterparty remittance, liability/product hedge allocation, borrower cash, or Apollo owner cash.","Reconcile the matched Schedule D lot to Schedule DB component values, custody/counterparty, derivative cash settlement, liability hedge purpose, and investment-income receipt."
CFAASDBCSD-0689,CFAASDBPC-0681,488,04687#AB4,Interest Rate Swap,00193A-AC-8,AREIT 2024-CRE9 AS,1,CFAASDFR-6497,5981,AREIT 2024-CRE9 Ltd AREIT 2024-CRE9 AS,1.A,"24,467,678","24,529,000","24,587,399","24,467,678","61,048","1,616,490",exact-cusip-schedule-d-crosswalk,"A Schedule DB Part C cash-instrument CUSIP has an exact identifier match in Athene Schedule D, joining the named replication component to a statutory holding row.","CUSIP identity and Schedule D fields are not proof of Schedule DB settlement, counterparty remittance, liability/product hedge allocation, borrower cash, or Apollo owner cash.","Reconcile the matched Schedule D lot to Schedule DB component values, custody/counterparty, derivative cash settlement, liability hedge purpose, and investment-income receipt."
CFAASDBCSD-0690,CFAASDBPC-0682,488,04687#AB4,Interest Rate Swap,00193A-AE-4,AREIT 2024-CRE9 B,1,CFAASDFR-6498,5981,AREIT 2024-CRE9 Ltd AREIT 2024-CRE9 B,1.D,"10,673,250","10,700,000","10,677,258","10,674,649","27,968","737,693",exact-cusip-schedule-d-crosswalk,"A Schedule DB Part C cash-instrument CUSIP has an exact identifier match in Athene Schedule D, joining the named replication component to a statutory holding row.","CUSIP identity and Schedule D fields are not proof of Schedule DB settlement, counterparty remittance, liability/product hedge allocation, borrower cash, or Apollo owner cash.","Reconcile the matched Schedule D lot to Schedule DB component values, custody/counterparty, derivative cash settlement, liability hedge purpose, and investment-income receipt."
CFAASDBCSD-0691,CFAASDBPC-0683,488,04687#AB4,Interest Rate Swap,00193A-AG-9,AREIT 2024-CRE9 C,1,CFAASDFR-6499,5981,AREIT 2024-CRE9 Ltd AREIT 2024-CRE9 C,1.G,"1,256,850","1,260,000","1,254,427","1,256,975","3,582","93,892",exact-cusip-schedule-d-crosswalk,"A Schedule DB Part C cash-instrument CUSIP has an exact identifier match in Athene Schedule D, joining the named replication component to a statutory holding row.","CUSIP identity and Schedule D fields are not proof of Schedule DB settlement, counterparty remittance, liability/product hedge allocation, borrower cash, or Apollo owner cash.","Reconcile the matched Schedule D lot to Schedule DB component values, custody/counterparty, derivative cash settlement, liability hedge purpose, and investment-income receipt."
CFAASDBCSD-0692,CFAASDBPC-0684,488,04687#AB4,Interest Rate Swap,00501D-AB-1,ACRES 2025-FL3 AS,1,CFAASDFR-6505,5982,ACRES 2025-FL3 LLC ACRES 2025-FL3 AS,1.A,"64,638,000","64,800,000","64,964,100","64,638,000","143,573","1,827,021",exact-cusip-schedule-d-crosswalk,"A Schedule DB Part C cash-instrument CUSIP has an exact identifier match in Athene Schedule D, joining the named replication component to a statutory holding row.","CUSIP identity and Schedule D fields are not proof of Schedule DB settlement, counterparty remittance, liability/product hedge allocation, borrower cash, or Apollo owner cash.","Reconcile the matched Schedule D lot to Schedule DB component values, custody/counterparty, derivative cash settlement, liability hedge purpose, and investment-income receipt."
CFAASDBCSD-0693,CFAASDBPC-0685,488,04687#AB4,Interest Rate Swap,00501D-AC-9,ACRES 2025-FL3 B,1,CFAASDFR-6506,5982,ACRES 2025-FL3 LLC ACRES 2025-FL3 B,1.D,"62,964,125","63,100,000","63,334,410","62,897,600","150,698","1,906,868",exact-cusip-schedule-d-crosswalk,"A Schedule DB Part C cash-instrument CUSIP has an exact identifier match in Athene Schedule D, joining the named replication component to a statutory holding row.","CUSIP identity and Schedule D fields are not proof of Schedule DB settlement, counterparty remittance, liability/product hedge allocation, borrower cash, or Apollo owner cash.","Reconcile the matched Schedule D lot to Schedule DB component values, custody/counterparty, derivative cash settlement, liability hedge purpose, and investment-income receipt."
CFAASDBCSD-0694,CFAASDBPC-0686,488,04687#AB4,Interest Rate Swap,00501D-AD-7,ACRES 2025-FL3 C,1,CFAASDFR-6507,5982,ACRES 2025-FL3 LLC ACRES 2025-FL3 C,1.G,"26,473,650","26,540,000","26,636,967","26,443,617","68,972","867,600",exact-cusip-schedule-d-crosswalk,"A Schedule DB Part C cash-instrument CUSIP has an exact identifier match in Athene Schedule D, joining the named replication component to a statutory holding row.","CUSIP identity and Schedule D fields are not proof of Schedule DB settlement, counterparty remittance, liability/product hedge allocation, borrower cash, or Apollo owner cash.","Reconcile the matched Schedule D lot to Schedule DB component values, custody/counterparty, derivative cash settlement, liability hedge purpose, and investment-income receipt."
CFAASDBCSD-0695,CFAASDBPC-0687,488,04687#AB4,Interest Rate Swap,00501D-AE-5,ACRES 2025-FL3 D,1,CFAASDFR-6508,5982,ACRES 2025-FL3 LLC ACRES 2025-FL3 D,2.B,"14,857,763","14,895,000","14,948,215","14,840,889","42,417","530,422",exact-cusip-schedule-d-crosswalk,"A Schedule DB Part C cash-instrument CUSIP has an exact identifier match in Athene Schedule D, joining the named replication component to a statutory holding row.","CUSIP identity and Schedule D fields are not proof of Schedule DB settlement, counterparty remittance, liability/product hedge allocation, borrower cash, or Apollo owner cash.","Reconcile the matched Schedule D lot to Schedule DB component values, custody/counterparty, derivative cash settlement, liability hedge purpose, and investment-income receipt."
CFAASDBCSD-0696,CFAASDBPC-0688,488,04687#AB4,Interest Rate Swap,00501D-AF-2,ACRES 2025-FL3 E,1,CFAASDFR-6509,5982,ACRES 2025-FL3 LLC ACRES 2025-FL3 E,2.C,"5,087,250","5,100,000","5,117,786","5,081,503","15,989","198,804",exact-cusip-schedule-d-crosswalk,"A Schedule DB Part C cash-instrument CUSIP has an exact identifier match in Athene Schedule D, joining the named replication component to a statutory holding row.","CUSIP identity and Schedule D fields are not proof of Schedule DB settlement, counterparty remittance, liability/product hedge allocation, borrower cash, or Apollo owner cash.","Reconcile the matched Schedule D lot to Schedule DB component values, custody/counterparty, derivative cash settlement, liability hedge purpose, and investment-income receipt."
CFAASDBCSD-0697,CFAASDBPC-0689,488,04687#AB4,Interest Rate Swap,05555M-AC-3,BDS 2024-FL13 AS,1,CFAASDFR-6554,5983,BDS 2024-FL13 LLC BDS 2024-FL13 AS,1.A,"30,224,250","30,300,000","30,236,128","30,224,250","62,578","1,931,326",exact-cusip-schedule-d-crosswalk,"A Schedule DB Part C cash-instrument CUSIP has an exact identifier match in Athene Schedule D, joining the named replication component to a statutory holding row.","CUSIP identity and Schedule D fields are not proof of Schedule DB settlement, counterparty remittance, liability/product hedge allocation, borrower cash, or Apollo owner cash.","Reconcile the matched Schedule D lot to Schedule DB component values, custody/counterparty, derivative cash settlement, liability hedge purpose, and investment-income receipt."
CFAASDBCSD-0698,CFAASDBPC-0690,488,04687#AB4,Interest Rate Swap,05555M-AE-9,BDS 2024-FL13 B,1,CFAASDFR-6555,5983,BDS 2024-FL13 LLC BDS 2024-FL13 B,1.D,"9,875,250","9,900,000","9,881,839","9,853,191","21,345","656,272",exact-cusip-schedule-d-crosswalk,"A Schedule DB Part C cash-instrument CUSIP has an exact identifier match in Athene Schedule D, joining the named replication component to a statutory holding row.","CUSIP identity and Schedule D fields are not proof of Schedule DB settlement, counterparty remittance, liability/product hedge allocation, borrower cash, or Apollo owner cash.","Reconcile the matched Schedule D lot to Schedule DB component values, custody/counterparty, derivative cash settlement, liability hedge purpose, and investment-income receipt."
CFAASDBCSD-0699,CFAASDBPC-0691,488,04687#AB4,Interest Rate Swap,05555M-AG-4,BDS 2024-FL13 C,1,CFAASDFR-6556,5983,BDS 2024-FL13 LLC BDS 2024-FL13 C,1.G,"7,980,000","8,000,000","7,938,349","7,961,894","18,261","558,749",exact-cusip-schedule-d-crosswalk,"A Schedule DB Part C cash-instrument CUSIP has an exact identifier match in Athene Schedule D, joining the named replication component to a statutory holding row.","CUSIP identity and Schedule D fields are not proof of Schedule DB settlement, counterparty remittance, liability/product hedge allocation, borrower cash, or Apollo owner cash.","Reconcile the matched Schedule D lot to Schedule DB component values, custody/counterparty, derivative cash settlement, liability hedge purpose, and investment-income receipt."
CFAASDBCSD-0700,CFAASDBPC-0692,488,04687#AB4,Interest Rate Swap,05555M-AJ-8,BDS 2024-FL13 D,1,CFAASDFR-6557,5983,BDS 2024-FL13 LLC BDS 2024-FL13 D,2.B,"4,987,500","5,000,000","4,960,200","4,975,941","13,396","404,892",exact-cusip-schedule-d-crosswalk,"A Schedule DB Part C cash-instrument CUSIP has an exact identifier match in Athene Schedule D, joining the named replication component to a statutory holding row.","CUSIP identity and Schedule D fields are not proof of Schedule DB settlement, counterparty remittance, liability/product hedge allocation, borrower cash, or Apollo owner cash.","Reconcile the matched Schedule D lot to Schedule DB component values, custody/counterparty, derivative cash settlement, liability hedge purpose, and investment-income receipt."
CFAASDBCSD-0701,CFAASDBPC-0693,488,04687#AB4,Interest Rate Swap,05613R-AA-6,BSPRT 2024-FL11 A,1,CFAASDFR-6130,5974,BSPRT 2024-FL11 Issuer LLC BSPRT 2024-FL11 A,1.A,"211,963,438","212,500,000","212,594,265","211,963,438","540,683","12,677,528",exact-cusip-schedule-d-crosswalk,"A Schedule DB Part C cash-instrument CUSIP has an exact identifier match in Athene Schedule D, joining the named replication component to a statutory holding row.","CUSIP identity and Schedule D fields are not proof of Schedule DB settlement, counterparty remittance, liability/product hedge allocation, borrower cash, or Apollo owner cash.","Reconcile the matched Schedule D lot to Schedule DB component values, custody/counterparty, derivative cash settlement, liability hedge purpose, and investment-income receipt."
CFAASDBCSD-0702,CFAASDBPC-0694,488,04687#AB4,Interest Rate Swap,05613R-AC-2,BSPRT 2024-FL11 AS,1,CFAASDFR-6131,5974,BSPRT 2024-FL11 Issuer LLC BSPRT 2024-FL11 AS,1.A,"79,799,920","80,000,000","80,051,928","79,799,920","220,816","5,142,379",exact-cusip-schedule-d-crosswalk,"A Schedule DB Part C cash-instrument CUSIP has an exact identifier match in Athene Schedule D, joining the named replication component to a statutory holding row.","CUSIP identity and Schedule D fields are not proof of Schedule DB settlement, counterparty remittance, liability/product hedge allocation, borrower cash, or Apollo owner cash.","Reconcile the matched Schedule D lot to Schedule DB component values, custody/counterparty, derivative cash settlement, liability hedge purpose, and investment-income receipt."
CFAASDBCSD-0703,CFAASDBPC-0695,488,04687#AB4,Interest Rate Swap,05613R-AE-8,BSPRT 2024-FL11 B,1,CFAASDFR-6132,5974,BSPRT 2024-FL11 Issuer LLC BSPRT 2024-FL11 B,1.D,"24,930,160","24,975,000","25,110,719","24,878,649","71,283","1,639,106",exact-cusip-schedule-d-crosswalk,"A Schedule DB Part C cash-instrument CUSIP has an exact identifier match in Athene Schedule D, joining the named replication component to a statutory holding row.","CUSIP identity and Schedule D fields are not proof of Schedule DB settlement, counterparty remittance, liability/product hedge allocation, borrower cash, or Apollo owner cash.","Reconcile the matched Schedule D lot to Schedule DB component values, custody/counterparty, derivative cash settlement, liability hedge purpose, and investment-income receipt."
CFAASDBCSD-0704,CFAASDBPC-0696,488,04687#AB4,Interest Rate Swap,05613R-AG-3,BSPRT 2024-FL11 C,1,CFAASDFR-6133,5974,BSPRT 2024-FL11 Issuer LLC BSPRT 2024-FL11 C,1.G,"19,485,967","19,535,000","19,696,134","19,444,710","58,985","1,364,143",exact-cusip-schedule-d-crosswalk,"A Schedule DB Part C cash-instrument CUSIP has an exact identifier match in Athene Schedule D, joining the named replication component to a statutory holding row.","CUSIP identity and Schedule D fields are not proof of Schedule DB settlement, counterparty remittance, liability/product hedge allocation, borrower cash, or Apollo owner cash.","Reconcile the matched Schedule D lot to Schedule DB component values, custody/counterparty, derivative cash settlement, liability hedge purpose, and investment-income receipt."
CFAASDBCSD-0705,CFAASDBPC-0697,488,04687#AB4,Interest Rate Swap,05613R-AJ-7,BSPRT 2024-FL11 D,1,CFAASDFR-6134,5974,BSPRT 2024-FL11 Issuer LLC BSPRT 2024-FL11 D,2.B,"12,773,806","12,806,000","12,701,552","12,746,353","46,516","1,062,321",exact-cusip-schedule-d-crosswalk,"A Schedule DB Part C cash-instrument CUSIP has an exact identifier match in Athene Schedule D, joining the named replication component to a statutory holding row.","CUSIP identity and Schedule D fields are not proof of Schedule DB settlement, counterparty remittance, liability/product hedge allocation, borrower cash, or Apollo owner cash.","Reconcile the matched Schedule D lot to Schedule DB component values, custody/counterparty, derivative cash settlement, liability hedge purpose, and investment-income receipt."
CFAASDBCSD-0706,CFAASDBPC-0698,488,04687#AB4,Interest Rate Swap,05615K-AA-9,BSPDF 2025-FL2 A,1,CFAASDFR-6137,5974,BSPDF 2025-FL2 Issuer LLC BSPDF 2025-FL2 A,1.A,"12,948,548","12,981,000","12,978,297","12,948,548","32,330","413,240",exact-cusip-schedule-d-crosswalk,"A Schedule DB Part C cash-instrument CUSIP has an exact identifier match in Athene Schedule D, joining the named replication component to a statutory holding row.","CUSIP identity and Schedule D fields are not proof of Schedule DB settlement, counterparty remittance, liability/product hedge allocation, borrower cash, or Apollo owner cash.","Reconcile the matched Schedule D lot to Schedule DB component values, custody/counterparty, derivative cash settlement, liability hedge purpose, and investment-income receipt."
CFAASDBCSD-0707,CFAASDBPC-0699,488,04687#AB4,Interest Rate Swap,05615K-AC-5,BSPDF 2025-FL2 AS,1,CFAASDFR-6138,5974,BSPDF 2025-FL2 Issuer LLC BSPDF 2025-FL2 AS,1.A,"19,394,393","19,443,000","19,500,252","19,394,393","52,262","664,103",exact-cusip-schedule-d-crosswalk,"A Schedule DB Part C cash-instrument CUSIP has an exact identifier match in Athene Schedule D, joining the named replication component to a statutory holding row.","CUSIP identity and Schedule D fields are not proof of Schedule DB settlement, counterparty remittance, liability/product hedge allocation, borrower cash, or Apollo owner cash.","Reconcile the matched Schedule D lot to Schedule DB component values, custody/counterparty, derivative cash settlement, liability hedge purpose, and investment-income receipt."
CFAASDBCSD-0708,CFAASDBPC-0700,488,04687#AB4,Interest Rate Swap,05615K-AE-1,BSPDF 2025-FL2 B,1,CFAASDFR-6139,5974,BSPDF 2025-FL2 Issuer LLC BSPDF 2025-FL2 B,1.D,"39,534,915","39,634,000","40,067,497","39,486,651","114,020","1,441,831",exact-cusip-schedule-d-crosswalk,"A Schedule DB Part C cash-instrument CUSIP has an exact identifier match in Athene Schedule D, joining the named replication component to a statutory holding row.","CUSIP identity and Schedule D fields are not proof of Schedule DB settlement, counterparty remittance, liability/product hedge allocation, borrower cash, or Apollo owner cash.","Reconcile the matched Schedule D lot to Schedule DB component values, custody/counterparty, derivative cash settlement, liability hedge purpose, and investment-income receipt."
CFAASDBCSD-0709,CFAASDBPC-0701,488,04687#AB4,Interest Rate Swap,05615K-AG-6,BSPDF 2025-FL2 C,1,CFAASDFR-6140,5974,BSPDF 2025-FL2 Issuer LLC BSPDF 2025-FL2 C,1.G,"29,528,993","29,603,000","29,923,503","29,479,263","92,153","1,159,148",exact-cusip-schedule-d-crosswalk,"A Schedule DB Part C cash-instrument CUSIP has an exact identifier match in Athene Schedule D, joining the named replication component to a statutory holding row.","CUSIP identity and Schedule D fields are not proof of Schedule DB settlement, counterparty remittance, liability/product hedge allocation, borrower cash, or Apollo owner cash.","Reconcile the matched Schedule D lot to Schedule DB component values, custody/counterparty, derivative cash settlement, liability hedge purpose, and investment-income receipt."
CFAASDBCSD-0710,CFAASDBPC-0702,488,04687#AB4,Interest Rate Swap,05615K-AJ-0,BSPDF 2025-FL2 D,1,CFAASDFR-6141,5974,BSPDF 2025-FL2 Issuer LLC BSPDF 2025-FL2 D,2.B,"6,909,683","6,927,000","7,001,944","6,898,270","23,372","292,518",exact-cusip-schedule-d-crosswalk,"A Schedule DB Part C cash-instrument CUSIP has an exact identifier match in Athene Schedule D, joining the named replication component to a statutory holding row.","CUSIP identity and Schedule D fields are not proof of Schedule DB settlement, counterparty remittance, liability/product hedge allocation, borrower cash, or Apollo owner cash.","Reconcile the matched Schedule D lot to Schedule DB component values, custody/counterparty, derivative cash settlement, liability hedge purpose, and investment-income receipt."
CFAASDBCSD-0711,CFAASDBPC-0703,488,04687#AB4,Interest Rate Swap,20682A-AJ-9,CONE 2024-DFW1 C,1,CFAASDFR-6301,5977,CONE Trust 2024-DFW1 CONE 2024-DFW1 C,1.A,"40,897,500","41,000,000","40,648,101","40,900,418","124,692","2,890,146",exact-cusip-schedule-d-crosswalk,"A Schedule DB Part C cash-instrument CUSIP has an exact identifier match in Athene Schedule D, joining the named replication component to a statutory holding row.","CUSIP identity and Schedule D fields are not proof of Schedule DB settlement, counterparty remittance, liability/product hedge allocation, borrower cash, or Apollo owner cash.","Reconcile the matched Schedule D lot to Schedule DB component values, custody/counterparty, derivative cash settlement, liability hedge purpose, and investment-income receipt."
CFAASDBCSD-0712,CFAASDBPC-0704,488,04687#AB4,Interest Rate Swap,30338W-AA-7,FSRIA 2024-FL9 AS,1,CFAASDFR-6315,5978,FS Rialto 2024-FL9 Issuer LLC FSRIA 2024-FL9 AS,1.A,"23,740,500","23,800,000","23,857,801","23,740,500","50,064","1,532,055",exact-cusip-schedule-d-crosswalk,"A Schedule DB Part C cash-instrument CUSIP has an exact identifier match in Athene Schedule D, joining the named replication component to a statutory holding row.","CUSIP identity and Schedule D fields are not proof of Schedule DB settlement, counterparty remittance, liability/product hedge allocation, borrower cash, or Apollo owner cash.","Reconcile the matched Schedule D lot to Schedule DB component values, custody/counterparty, derivative cash settlement, liability hedge purpose, and investment-income receipt."
CFAASDBCSD-0713,CFAASDBPC-0705,488,04687#AB4,Interest Rate Swap,30338W-AC-3,FSRIA 2024-FL9 B,1,CFAASDFR-6316,5978,FS Rialto 2024-FL9 Issuer LLC FSRIA 2024-FL9 B,1.D,"19,405,365","19,454,000","19,512,393","19,383,418","42,336","1,292,010",exact-cusip-schedule-d-crosswalk,"A Schedule DB Part C cash-instrument CUSIP has an exact identifier match in Athene Schedule D, joining the named replication component to a statutory holding row.","CUSIP identity and Schedule D fields are not proof of Schedule DB settlement, counterparty remittance, liability/product hedge allocation, borrower cash, or Apollo owner cash.","Reconcile the matched Schedule D lot to Schedule DB component values, custody/counterparty, derivative cash settlement, liability hedge purpose, and investment-income receipt."
CFAASDBCSD-0714,CFAASDBPC-0706,488,04687#AB4,Interest Rate Swap,30338W-AL-3,FSRIA 2024-FL9 A,1,CFAASDFR-6317,5978,FS Rialto 2024-FL9 Issuer LLC FSRIA 2024-FL9 A,1.A,"155,501,273","155,891,000","155,745,975","155,501,273","301,830","9,302,450",exact-cusip-schedule-d-crosswalk,"A Schedule DB Part C cash-instrument CUSIP has an exact identifier match in Athene Schedule D, joining the named replication component to a statutory holding row.","CUSIP identity and Schedule D fields are not proof of Schedule DB settlement, counterparty remittance, liability/product hedge allocation, borrower cash, or Apollo owner cash.","Reconcile the matched Schedule D lot to Schedule DB component values, custody/counterparty, derivative cash settlement, liability hedge purpose, and investment-income receipt."
CFAASDBCSD-0715,CFAASDBPC-0707,488,04687#AB4,Interest Rate Swap,45339N-AA-4,INCREF 2025-FL1 A,1,CFAASDFR-6345,5978,INCREF 2025-FL1 LLC INCREF 2025-FL1 A,1.A,"179,549,982","180,000,000","180,441,558","179,119,977","354,862","6,720,730",exact-cusip-schedule-d-crosswalk,"A Schedule DB Part C cash-instrument CUSIP has an exact identifier match in Athene Schedule D, joining the named replication component to a statutory holding row.","CUSIP identity and Schedule D fields are not proof of Schedule DB settlement, counterparty remittance, liability/product hedge allocation, borrower cash, or Apollo owner cash.","Reconcile the matched Schedule D lot to Schedule DB component values, custody/counterparty, derivative cash settlement, liability hedge purpose, and investment-income receipt."
CFAASDBCSD-0716,CFAASDBPC-0708,488,04687#AB4,Interest Rate Swap,45339N-AC-0,INCREF 2025-FL1 AS,1,CFAASDFR-6346,5978,INCREF 2025-FL1 LLC INCREF 2025-FL1 AS,1.A,"65,997,566","66,163,000","66,337,426","65,840,848","140,216","2,640,344",exact-cusip-schedule-d-crosswalk,"A Schedule DB Part C cash-instrument CUSIP has an exact identifier match in Athene Schedule D, joining the named replication component to a statutory holding row.","CUSIP identity and Schedule D fields are not proof of Schedule DB settlement, counterparty remittance, liability/product hedge allocation, borrower cash, or Apollo owner cash.","Reconcile the matched Schedule D lot to Schedule DB component values, custody/counterparty, derivative cash settlement, liability hedge purpose, and investment-income receipt."
CFAASDBCSD-0717,CFAASDBPC-0709,489,04687#AB4,Interest Rate Swap,45339N-AE-6,INCREF 2025-FL1 B,1,CFAASDFR-6347,5978,INCREF 2025-FL1 LLC INCREF 2025-FL1 B,1.D,"46,587,231","46,704,000","46,724,596","47,249,550","106,583","1,996,016",exact-cusip-schedule-d-crosswalk,"A Schedule DB Part C cash-instrument CUSIP has an exact identifier match in Athene Schedule D, joining the named replication component to a statutory holding row.","CUSIP identity and Schedule D fields are not proof of Schedule DB settlement, counterparty remittance, liability/product hedge allocation, borrower cash, or Apollo owner cash.","Reconcile the matched Schedule D lot to Schedule DB component values, custody/counterparty, derivative cash settlement, liability hedge purpose, and investment-income receipt."
CFAASDBCSD-0718,CFAASDBPC-0710,489,04687#AB4,Interest Rate Swap,45339N-AG-1,INCREF 2025-FL1 C,1,CFAASDFR-6348,5978,INCREF 2025-FL1 LLC INCREF 2025-FL1 C,1.G,"64,207,067","64,368,000","64,397,204","64,056,238","158,524","2,953,124",exact-cusip-schedule-d-crosswalk,"A Schedule DB Part C cash-instrument CUSIP has an exact identifier match in Athene Schedule D, joining the named replication component to a statutory holding row.","CUSIP identity and Schedule D fields are not proof of Schedule DB settlement, counterparty remittance, liability/product hedge allocation, borrower cash, or Apollo owner cash.","Reconcile the matched Schedule D lot to Schedule DB component values, custody/counterparty, derivative cash settlement, liability hedge purpose, and investment-income receipt."
CFAASDBCSD-0719,CFAASDBPC-0711,489,04687#AB4,Interest Rate Swap,55287E-AC-1,MF1 2024-FL16 AS,1,CFAASDFR-6388,5979,MF1 2024-FL16 MF1 2024-FL16 AS,1.A,"55,988,179","56,128,500","56,198,919","55,988,179","123,905","3,530,772",exact-cusip-schedule-d-crosswalk,"A Schedule DB Part C cash-instrument CUSIP has an exact identifier match in Athene Schedule D, joining the named replication component to a statutory holding row.","CUSIP identity and Schedule D fields are not proof of Schedule DB settlement, counterparty remittance, liability/product hedge allocation, borrower cash, or Apollo owner cash.","Reconcile the matched Schedule D lot to Schedule DB component values, custody/counterparty, derivative cash settlement, liability hedge purpose, and investment-income receipt."
CFAASDBCSD-0720,CFAASDBPC-0712,489,04687#AB4,Interest Rate Swap,55287E-AE-7,MF1 2024-FL16 B,1,CFAASDFR-6389,5979,MF1 2024-FL16 MF1 2024-FL16 B,1.D,"20,738,025","20,790,000","20,801,699","20,730,247","47,511","1,349,956",exact-cusip-schedule-d-crosswalk,"A Schedule DB Part C cash-instrument CUSIP has an exact identifier match in Athene Schedule D, joining the named replication component to a statutory holding row.","CUSIP identity and Schedule D fields are not proof of Schedule DB settlement, counterparty remittance, liability/product hedge allocation, borrower cash, or Apollo owner cash.","Reconcile the matched Schedule D lot to Schedule DB component values, custody/counterparty, derivative cash settlement, liability hedge purpose, and investment-income receipt."
CFAASDBCSD-0721,CFAASDBPC-0713,489,04687#AB4,Interest Rate Swap,55287E-AG-2,MF1 2024-FL16 C,1,CFAASDFR-6390,5979,MF1 2024-FL16 MF1 2024-FL16 C,1.G,"28,977,375","29,050,000","29,046,101","28,966,286","70,907","2,004,115",exact-cusip-schedule-d-crosswalk,"A Schedule DB Part C cash-instrument CUSIP has an exact identifier match in Athene Schedule D, joining the named replication component to a statutory holding row.","CUSIP identity and Schedule D fields are not proof of Schedule DB settlement, counterparty remittance, liability/product hedge allocation, borrower cash, or Apollo owner cash.","Reconcile the matched Schedule D lot to Schedule DB component values, custody/counterparty, derivative cash settlement, liability hedge purpose, and investment-income receipt."
CFAASDBCSD-0722,CFAASDBPC-0714,489,04687#AB4,Interest Rate Swap,55287E-AJ-6,MF1 2024-FL16 D,1,CFAASDFR-6391,5979,MF1 2024-FL16 MF1 2024-FL16 D,2.B,"21,097,125","21,150,000","21,036,033","21,089,459","60,244","1,683,837",exact-cusip-schedule-d-crosswalk,"A Schedule DB Part C cash-instrument CUSIP has an exact identifier match in Athene Schedule D, joining the named replication component to a statutory holding row.","CUSIP identity and Schedule D fields are not proof of Schedule DB settlement, counterparty remittance, liability/product hedge allocation, borrower cash, or Apollo owner cash.","Reconcile the matched Schedule D lot to Schedule DB component values, custody/counterparty, derivative cash settlement, liability hedge purpose, and investment-income receipt."
CFAASDBCSD-0723,CFAASDBPC-0715,489,04687#AB4,Interest Rate Swap,55416A-AC-3,MF1 2024-FL14 AS 7.82659% 19 M,1,CFAASDFR-6396,5979,MF1 2024-FL14 LLC MF1 2024-FL14 AS 7.82659% 19 M .,1.A,"44,106,622","44,203,000","44,312,270","44,106,622","95,311","2,914,158",exact-cusip-schedule-d-crosswalk,"A Schedule DB Part C cash-instrument CUSIP has an exact identifier match in Athene Schedule D, joining the named replication component to a statutory holding row.","CUSIP identity and Schedule D fields are not proof of Schedule DB settlement, counterparty remittance, liability/product hedge allocation, borrower cash, or Apollo owner cash.","Reconcile the matched Schedule D lot to Schedule DB component values, custody/counterparty, derivative cash settlement, liability hedge purpose, and investment-income receipt."
CFAASDBCSD-0724,CFAASDBPC-0716,489,04687#AB4,Interest Rate Swap,55416A-AE-9,MF1 2024-FL14 B,1,CFAASDFR-6397,5979,MF1 2024-FL14 LLC MF1 2024-FL14 B,1.D,"24,937,500","25,000,000","25,040,060","24,946,060","57,959","1,761,974",exact-cusip-schedule-d-crosswalk,"A Schedule DB Part C cash-instrument CUSIP has an exact identifier match in Athene Schedule D, joining the named replication component to a statutory holding row.","CUSIP identity and Schedule D fields are not proof of Schedule DB settlement, counterparty remittance, liability/product hedge allocation, borrower cash, or Apollo owner cash.","Reconcile the matched Schedule D lot to Schedule DB component values, custody/counterparty, derivative cash settlement, liability hedge purpose, and investment-income receipt."
CFAASDBCSD-0725,CFAASDBPC-0717,489,04687#AB4,Interest Rate Swap,55416A-AG-4,MF1 2024-FL14 C,1,CFAASDFR-6398,5979,MF1 2024-FL14 LLC MF1 2024-FL14 C,1.G,"4,987,500","5,000,000","5,005,221","4,989,268","12,675","382,812",exact-cusip-schedule-d-crosswalk,"A Schedule DB Part C cash-instrument CUSIP has an exact identifier match in Athene Schedule D, joining the named replication component to a statutory holding row.","CUSIP identity and Schedule D fields are not proof of Schedule DB settlement, counterparty remittance, liability/product hedge allocation, borrower cash, or Apollo owner cash.","Reconcile the matched Schedule D lot to Schedule DB component values, custody/counterparty, derivative cash settlement, liability hedge purpose, and investment-income receipt."
CFAASDBCSD-0726,CFAASDBPC-0718,489,04687#AB4,Interest Rate Swap,58003M-AA-4,MF1 2024-FL15 A,1,CFAASDFR-6399,5979,MF1 2024-FL15 MF1 2024-FL15 A,1.A,"43,890,000","44,000,000","44,110,057","43,884,833","92,784","2,654,515",exact-cusip-schedule-d-crosswalk,"A Schedule DB Part C cash-instrument CUSIP has an exact identifier match in Athene Schedule D, joining the named replication component to a statutory holding row.","CUSIP identity and Schedule D fields are not proof of Schedule DB settlement, counterparty remittance, liability/product hedge allocation, borrower cash, or Apollo owner cash.","Reconcile the matched Schedule D lot to Schedule DB component values, custody/counterparty, derivative cash settlement, liability hedge purpose, and investment-income receipt."
CFAASDBCSD-0727,CFAASDBPC-0719,489,04687#AB4,Interest Rate Swap,58003M-AC-0,MF1 2024-FL15 AS,1,CFAASDFR-6400,5979,MF1 2024-FL15 MF1 2024-FL15 AS,1.A,"21,446,250","21,500,000","21,524,452","21,434,048","48,281","1,373,824",exact-cusip-schedule-d-crosswalk,"A Schedule DB Part C cash-instrument CUSIP has an exact identifier match in Athene Schedule D, joining the named replication component to a statutory holding row.","CUSIP identity and Schedule D fields are not proof of Schedule DB settlement, counterparty remittance, liability/product hedge allocation, borrower cash, or Apollo owner cash.","Reconcile the matched Schedule D lot to Schedule DB component values, custody/counterparty, derivative cash settlement, liability hedge purpose, and investment-income receipt."
CFAASDBCSD-0728,CFAASDBPC-0720,489,04687#AB4,Interest Rate Swap,58003M-AE-6,MF1 2024-FL15 B,1,CFAASDFR-6401,5979,MF1 2024-FL15 MF1 2024-FL15 B,1.D,"33,915,000","34,000,000","34,017,857","33,894,713","82,315","2,328,028",exact-cusip-schedule-d-crosswalk,"A Schedule DB Part C cash-instrument CUSIP has an exact identifier match in Athene Schedule D, joining the named replication component to a statutory holding row.","CUSIP identity and Schedule D fields are not proof of Schedule DB settlement, counterparty remittance, liability/product hedge allocation, borrower cash, or Apollo owner cash.","Reconcile the matched Schedule D lot to Schedule DB component values, custody/counterparty, derivative cash settlement, liability hedge purpose, and investment-income receipt."
CFAASDBCSD-0729,CFAASDBPC-0721,489,04687#AB4,Interest Rate Swap,58003M-AG-1,MF1 2024-FL15 C,1,CFAASDFR-6402,5979,MF1 2024-FL15 MF1 2024-FL15 C,1.G,"9,177,000","9,200,000","9,204,525","9,170,750","23,880","671,822",exact-cusip-schedule-d-crosswalk,"A Schedule DB Part C cash-instrument CUSIP has an exact identifier match in Athene Schedule D, joining the named replication component to a statutory holding row.","CUSIP identity and Schedule D fields are not proof of Schedule DB settlement, counterparty remittance, liability/product hedge allocation, borrower cash, or Apollo owner cash.","Reconcile the matched Schedule D lot to Schedule DB component values, custody/counterparty, derivative cash settlement, liability hedge purpose, and investment-income receipt."
CFAASDBCSD-0730,CFAASDBPC-0722,489,04687#AB4,Interest Rate Swap,592918-AE-6,MF1 2025-B2 B,1,CFAASDFR-6405,5979,MF1 2025-B2 LLC MF1 2025-B2 B,1.D,"57,647,000","57,647,000","58,493,477","57,647,000","135,731","2,526,028",exact-cusip-schedule-d-crosswalk,"A Schedule DB Part C cash-instrument CUSIP has an exact identifier match in Athene Schedule D, joining the named replication component to a statutory holding row.","CUSIP identity and Schedule D fields are not proof of Schedule DB settlement, counterparty remittance, liability/product hedge allocation, borrower cash, or Apollo owner cash.","Reconcile the matched Schedule D lot to Schedule DB component values, custody/counterparty, derivative cash settlement, liability hedge purpose, and investment-income receipt."
CFAASDBCSD-0731,CFAASDBPC-0723,489,04687#AB4,Interest Rate Swap,592918-AG-1,MF1 2025-B2 C,1,CFAASDFR-6406,5979,MF1 2025-B2 LLC MF1 2025-B2 C,1.G,"39,961,000","39,961,000","40,550,760","39,961,000","98,751","1,831,302",exact-cusip-schedule-d-crosswalk,"A Schedule DB Part C cash-instrument CUSIP has an exact identifier match in Athene Schedule D, joining the named replication component to a statutory holding row.","CUSIP identity and Schedule D fields are not proof of Schedule DB settlement, counterparty remittance, liability/product hedge allocation, borrower cash, or Apollo owner cash.","Reconcile the matched Schedule D lot to Schedule DB component values, custody/counterparty, derivative cash settlement, liability hedge purpose, and investment-income receipt."
CFAASDBCSD-0732,CFAASDBPC-0724,489,04687#AB4,Interest Rate Swap,69382J-AB-7,PFP 2025-12 AS,1,CFAASDFR-6542,5982,PFP 2025-12 Ltd PFP 2025-12 AS,1.A,"18,179,438","18,225,000","18,242,312","18,153,934","38,813","555,046",exact-cusip-schedule-d-crosswalk,"A Schedule DB Part C cash-instrument CUSIP has an exact identifier match in Athene Schedule D, joining the named replication component to a statutory holding row.","CUSIP identity and Schedule D fields are not proof of Schedule DB settlement, counterparty remittance, liability/product hedge allocation, borrower cash, or Apollo owner cash.","Reconcile the matched Schedule D lot to Schedule DB component values, custody/counterparty, derivative cash settlement, liability hedge purpose, and investment-income receipt."
CFAASDBCSD-0733,CFAASDBPC-0725,489,04687#AB4,Interest Rate Swap,69382J-AC-5,PFP 2025-12 B,1,CFAASDFR-6543,5982,PFP 2025-12 Ltd PFP 2025-12 B,1.D,"9,073,559","9,096,300","9,101,519","9,060,881","20,434","291,081",exact-cusip-schedule-d-crosswalk,"A Schedule DB Part C cash-instrument CUSIP has an exact identifier match in Athene Schedule D, joining the named replication component to a statutory holding row.","CUSIP identity and Schedule D fields are not proof of Schedule DB settlement, counterparty remittance, liability/product hedge allocation, borrower cash, or Apollo owner cash.","Reconcile the matched Schedule D lot to Schedule DB component values, custody/counterparty, derivative cash settlement, liability hedge purpose, and investment-income receipt."
CFAASDBCSD-0734,CFAASDBPC-0726,489,04687#AB4,Interest Rate Swap,69382J-AD-3,PFP 2025-12 C,1,CFAASDFR-6544,5982,PFP 2025-12 Ltd PFP 2025-12 C,1.G,"20,517,656","20,500,000","20,511,248","20,489,978","50,033","666,814",exact-cusip-schedule-d-crosswalk,"A Schedule DB Part C cash-instrument CUSIP has an exact identifier match in Athene Schedule D, joining the named replication component to a statutory holding row.","CUSIP identity and Schedule D fields are not proof of Schedule DB settlement, counterparty remittance, liability/product hedge allocation, borrower cash, or Apollo owner cash.","Reconcile the matched Schedule D lot to Schedule DB component values, custody/counterparty, derivative cash settlement, liability hedge purpose, and investment-income receipt."
CFAASDBCSD-0735,CFAASDBPC-0727,489,04687#AB4,Interest Rate Swap,91835W-AG-4,Varde Partners Inc,1,CFAASDFR-6458,5981,VMC Finance 2025-PV2 LLC Varde Partners Inc,1.G,"32,494,148","32,575,600","32,732,386","32,425,737","87,700","1,514,164",exact-cusip-schedule-d-crosswalk,"A Schedule DB Part C cash-instrument CUSIP has an exact identifier match in Athene Schedule D, joining the named replication component to a statutory holding row.","CUSIP identity and Schedule D fields are not proof of Schedule DB settlement, counterparty remittance, liability/product hedge allocation, borrower cash, or Apollo owner cash.","Reconcile the matched Schedule D lot to Schedule DB component values, custody/counterparty, derivative cash settlement, liability hedge purpose, and investment-income receipt."
CFAASDBCSD-0736,CFAASDBPC-0728,489,12776*SR9,Interest Rate Swap Credit Default Swap,91835W-AG-4,Varde Partners Inc,1,CFAASDFR-6458,5981,VMC Finance 2025-PV2 LLC Varde Partners Inc,1.G,"32,494,148","32,575,600","32,732,386","32,425,737","87,700","1,514,164",exact-cusip-schedule-d-crosswalk,"A Schedule DB Part C cash-instrument CUSIP has an exact identifier match in Athene Schedule D, joining the named replication component to a statutory holding row.","CUSIP identity and Schedule D fields are not proof of Schedule DB settlement, counterparty remittance, liability/product hedge allocation, borrower cash, or Apollo owner cash.","Reconcile the matched Schedule D lot to Schedule DB component values, custody/counterparty, derivative cash settlement, liability hedge purpose, and investment-income receipt."
CFAASDBCSD-0737,CFAASDBPC-0729,489,12776*SR9,Credit Default Swap Credit Default Swap,912810-TC-2,US TREASURY N/B,1,CFAASDFR-0034,5836,United States Treasury Note/Bo US TREASURY N/B,1.A,"935,611,719","974,000,000","681,024,209","941,996,582","2,448,603","19,480,000",exact-cusip-schedule-d-crosswalk,"A Schedule DB Part C cash-instrument CUSIP has an exact identifier match in Athene Schedule D, joining the named replication component to a statutory holding row.","CUSIP identity and Schedule D fields are not proof of Schedule DB settlement, counterparty remittance, liability/product hedge allocation, borrower cash, or Apollo owner cash.","Reconcile the matched Schedule D lot to Schedule DB component values, custody/counterparty, derivative cash settlement, liability hedge purpose, and investment-income receipt."
CFAASDBCSD-0738,CFAASDBPC-0730,489,12776*SN8,Credit Default Swap Credit Default Swap,912810-TC-2,US TREASURY N/B,1,CFAASDFR-0034,5836,United States Treasury Note/Bo US TREASURY N/B,1.A,"935,611,719","974,000,000","681,024,209","941,996,582","2,448,603","19,480,000",exact-cusip-schedule-d-crosswalk,"A Schedule DB Part C cash-instrument CUSIP has an exact identifier match in Athene Schedule D, joining the named replication component to a statutory holding row.","CUSIP identity and Schedule D fields are not proof of Schedule DB settlement, counterparty remittance, liability/product hedge allocation, borrower cash, or Apollo owner cash.","Reconcile the matched Schedule D lot to Schedule DB component values, custody/counterparty, derivative cash settlement, liability hedge purpose, and investment-income receipt."
CFAASDBCSD-0739,CFAASDBPC-0731,489,12776*SN8,Credit Default Swap Credit Default Swap,912810-TC-2,US TREASURY N/B,1,CFAASDFR-0034,5836,United States Treasury Note/Bo US TREASURY N/B,1.A,"935,611,719","974,000,000","681,024,209","941,996,582","2,448,603","19,480,000",exact-cusip-schedule-d-crosswalk,"A Schedule DB Part C cash-instrument CUSIP has an exact identifier match in Athene Schedule D, joining the named replication component to a statutory holding row.","CUSIP identity and Schedule D fields are not proof of Schedule DB settlement, counterparty remittance, liability/product hedge allocation, borrower cash, or Apollo owner cash.","Reconcile the matched Schedule D lot to Schedule DB component values, custody/counterparty, derivative cash settlement, liability hedge purpose, and investment-income receipt."
CFAASDBCSD-0740,CFAASDBPC-0732,489,12776*TF4,Credit Default Swap Credit Default Swap,912810-TC-2,US TREASURY N/B,1,CFAASDFR-0034,5836,United States Treasury Note/Bo US TREASURY N/B,1.A,"935,611,719","974,000,000","681,024,209","941,996,582","2,448,603","19,480,000",exact-cusip-schedule-d-crosswalk,"A Schedule DB Part C cash-instrument CUSIP has an exact identifier match in Athene Schedule D, joining the named replication component to a statutory holding row.","CUSIP identity and Schedule D fields are not proof of Schedule DB settlement, counterparty remittance, liability/product hedge allocation, borrower cash, or Apollo owner cash.","Reconcile the matched Schedule D lot to Schedule DB component values, custody/counterparty, derivative cash settlement, liability hedge purpose, and investment-income receipt."
CFAASDBCSD-0741,CFAASDBPC-0733,489,12776*TF4,Credit Default Swap Credit Default Swap,912810-TC-2,US TREASURY N/B,1,CFAASDFR-0034,5836,United States Treasury Note/Bo US TREASURY N/B,1.A,"935,611,719","974,000,000","681,024,209","941,996,582","2,448,603","19,480,000",exact-cusip-schedule-d-crosswalk,"A Schedule DB Part C cash-instrument CUSIP has an exact identifier match in Athene Schedule D, joining the named replication component to a statutory holding row.","CUSIP identity and Schedule D fields are not proof of Schedule DB settlement, counterparty remittance, liability/product hedge allocation, borrower cash, or Apollo owner cash.","Reconcile the matched Schedule D lot to Schedule DB component values, custody/counterparty, derivative cash settlement, liability hedge purpose, and investment-income receipt."
CFAASDBCSD-0742,CFAASDBPC-0734,489,12776*TG2,Credit Default Swap Credit Default Swap,912810-TC-2,US TREASURY N/B,1,CFAASDFR-0034,5836,United States Treasury Note/Bo US TREASURY N/B,1.A,"935,611,719","974,000,000","681,024,209","941,996,582","2,448,603","19,480,000",exact-cusip-schedule-d-crosswalk,"A Schedule DB Part C cash-instrument CUSIP has an exact identifier match in Athene Schedule D, joining the named replication component to a statutory holding row.","CUSIP identity and Schedule D fields are not proof of Schedule DB settlement, counterparty remittance, liability/product hedge allocation, borrower cash, or Apollo owner cash.","Reconcile the matched Schedule D lot to Schedule DB component values, custody/counterparty, derivative cash settlement, liability hedge purpose, and investment-income receipt."
CFAASDBCSD-0743,CFAASDBPC-0735,489,12776*TG2,Credit Default Swap Credit Default Swap,912810-TC-2,US TREASURY N/B,1,CFAASDFR-0034,5836,United States Treasury Note/Bo US TREASURY N/B,1.A,"935,611,719","974,000,000","681,024,209","941,996,582","2,448,603","19,480,000",exact-cusip-schedule-d-crosswalk,"A Schedule DB Part C cash-instrument CUSIP has an exact identifier match in Athene Schedule D, joining the named replication component to a statutory holding row.","CUSIP identity and Schedule D fields are not proof of Schedule DB settlement, counterparty remittance, liability/product hedge allocation, borrower cash, or Apollo owner cash.","Reconcile the matched Schedule D lot to Schedule DB component values, custody/counterparty, derivative cash settlement, liability hedge purpose, and investment-income receipt."
